Picked up JAVA_TOOL_OPTIONS: 

  .   ____          _            __ _ _
 /\\ / ___'_ __ _ _(_)_ __  __ _ \ \ \ \
( ( )\___ | '_ | '_| | '_ \/ _` | \ \ \ \
 \\/  ___)| |_)| | | | | || (_| |  ) ) ) )
  '  |____| .__|_| |_|_| |_\__, | / / / /
 =========|_|==============|___/=/_/_/_/

 :: Spring Boot ::                (v4.0.3)

2026-05-05T03:50:24.410Z  INFO 1 --- [lab8-additional-service] [           main] r.h.l.a.AdditionalServiceApplication     : Starting AdditionalServiceApplication v1.0-SNAPSHOT using Java 25.0.3 with PID 1 (/app/app.jar started by spring in /app)
2026-05-05T03:50:24.487Z  INFO 1 --- [lab8-additional-service] [           main] r.h.l.a.AdditionalServiceApplication     : No active profile set, falling back to 1 default profile: "default"
2026-05-05T03:50:30.701Z  INFO 1 --- [lab8-additional-service] [           main] o.s.boot.tomcat.TomcatWebServer          : Tomcat initialized with port 8081 (http)
2026-05-05T03:50:30.839Z  INFO 1 --- [lab8-additional-service] [           main] o.apache.catalina.core.StandardService   : Starting service [Tomcat]
2026-05-05T03:50:30.840Z  INFO 1 --- [lab8-additional-service] [           main] o.apache.catalina.core.StandardEngine    : Starting Servlet engine: [Apache Tomcat/11.0.18]
2026-05-05T03:50:31.303Z  INFO 1 --- [lab8-additional-service] [           main] b.w.c.s.WebApplicationContextInitializer : Root WebApplicationContext: initialization completed in 6413 ms
2026-05-05T03:50:35.297Z  INFO 1 --- [lab8-additional-service] [           main] o.s.boot.tomcat.TomcatWebServer          : Tomcat started on port 8081 (http) with context path '/'
2026-05-05T03:50:35.391Z  INFO 1 --- [lab8-additional-service] [           main] r.h.l.a.AdditionalServiceApplication     : Started AdditionalServiceApplication in 13.433 seconds (process running for 16.359)
2026-05-05T03:50:41.031Z  INFO 1 --- [lab8-additional-service] [nio-8081-exec-1] o.a.c.c.C.[Tomcat].[localhost].[/]       : Initializing Spring DispatcherServlet 'dispatcherServlet'
2026-05-05T03:50:41.031Z  INFO 1 --- [lab8-additional-service] [nio-8081-exec-1] o.s.web.servlet.DispatcherServlet        : Initializing Servlet 'dispatcherServlet'
2026-05-05T03:50:41.034Z  INFO 1 --- [lab8-additional-service] [nio-8081-exec-1] o.s.web.servlet.DispatcherServlet        : Completed initialization in 3 ms
2026-05-05T03:50:42.401Z  INFO 1 --- [lab8-additional-service] [   scheduling-1] r.h.l.a.o.ObservabilityService           : [lab8-additional-service] observability refresh
window 10s
  controller.ObservabilityController.getStats   n=    1 err=   0 errRate=  0.00% avg=  280.89 min=  280.89 max=  280.89 p50=  280.89 p95=  280.89 p99=  280.89 rps=   0.10
window 30s
  controller.ObservabilityController.getStats   n=    1 err=   0 errRate=  0.00% avg=  280.89 min=  280.89 max=  280.89 p50=  280.89 p95=  280.89 p99=  280.89 rps=   0.03
window 1m
  controller.ObservabilityController.getStats   n=    1 err=   0 errRate=  0.00% avg=  280.89 min=  280.89 max=  280.89 p50=  280.89 p95=  280.89 p99=  280.89 rps=   0.02

2026-05-05T03:50:43.404Z  INFO 1 --- [lab8-additional-service] [   scheduling-1] r.h.l.a.o.ObservabilityService           : [lab8-additional-service] observability refresh
window 10s
  controller.ObservabilityController.getStats   n=    1 err=   0 errRate=  0.00% avg=  280.89 min=  280.89 max=  280.89 p50=  280.89 p95=  280.89 p99=  280.89 rps=   0.10
window 30s
  controller.ObservabilityController.getStats   n=    1 err=   0 errRate=  0.00% avg=  280.89 min=  280.89 max=  280.89 p50=  280.89 p95=  280.89 p99=  280.89 rps=   0.03
window 1m
  controller.ObservabilityController.getStats   n=    1 err=   0 errRate=  0.00% avg=  280.89 min=  280.89 max=  280.89 p50=  280.89 p95=  280.89 p99=  280.89 rps=   0.02

2026-05-05T03:50:44.406Z  INFO 1 --- [lab8-additional-service] [   scheduling-1] r.h.l.a.o.ObservabilityService           : [lab8-additional-service] observability refresh
window 10s
  controller.ObservabilityController.getStats   n=    1 err=   0 errRate=  0.00% avg=  280.89 min=  280.89 max=  280.89 p50=  280.89 p95=  280.89 p99=  280.89 rps=   0.10
window 30s
  controller.ObservabilityController.getStats   n=    1 err=   0 errRate=  0.00% avg=  280.89 min=  280.89 max=  280.89 p50=  280.89 p95=  280.89 p99=  280.89 rps=   0.03
window 1m
  controller.ObservabilityController.getStats   n=    1 err=   0 errRate=  0.00% avg=  280.89 min=  280.89 max=  280.89 p50=  280.89 p95=  280.89 p99=  280.89 rps=   0.02

2026-05-05T03:50:45.412Z  INFO 1 --- [lab8-additional-service] [   scheduling-1] r.h.l.a.o.ObservabilityService           : [lab8-additional-service] observability refresh
window 10s
  controller.ObservabilityController.getStats   n=    1 err=   0 errRate=  0.00% avg=  280.89 min=  280.89 max=  280.89 p50=  280.89 p95=  280.89 p99=  280.89 rps=   0.10
window 30s
  controller.ObservabilityController.getStats   n=    1 err=   0 errRate=  0.00% avg=  280.89 min=  280.89 max=  280.89 p50=  280.89 p95=  280.89 p99=  280.89 rps=   0.03
window 1m
  controller.ObservabilityController.getStats   n=    1 err=   0 errRate=  0.00% avg=  280.89 min=  280.89 max=  280.89 p50=  280.89 p95=  280.89 p99=  280.89 rps=   0.02

2026-05-05T03:50:46.417Z  INFO 1 --- [lab8-additional-service] [   scheduling-1] r.h.l.a.o.ObservabilityService           : [lab8-additional-service] observability refresh
window 10s
  controller.ObservabilityController.getStats   n=    1 err=   0 errRate=  0.00% avg=  280.89 min=  280.89 max=  280.89 p50=  280.89 p95=  280.89 p99=  280.89 rps=   0.10
window 30s
  controller.ObservabilityController.getStats   n=    1 err=   0 errRate=  0.00% avg=  280.89 min=  280.89 max=  280.89 p50=  280.89 p95=  280.89 p99=  280.89 rps=   0.03
window 1m
  controller.ObservabilityController.getStats   n=    1 err=   0 errRate=  0.00% avg=  280.89 min=  280.89 max=  280.89 p50=  280.89 p95=  280.89 p99=  280.89 rps=   0.02

2026-05-05T03:50:47.424Z  INFO 1 --- [lab8-additional-service] [   scheduling-1] r.h.l.a.o.ObservabilityService           : [lab8-additional-service] observability refresh
window 10s
  controller.ObservabilityController.getStats   n=    1 err=   0 errRate=  0.00% avg=  280.89 min=  280.89 max=  280.89 p50=  280.89 p95=  280.89 p99=  280.89 rps=   0.10
window 30s
  controller.ObservabilityController.getStats   n=    1 err=   0 errRate=  0.00% avg=  280.89 min=  280.89 max=  280.89 p50=  280.89 p95=  280.89 p99=  280.89 rps=   0.03
window 1m
  controller.ObservabilityController.getStats   n=    1 err=   0 errRate=  0.00% avg=  280.89 min=  280.89 max=  280.89 p50=  280.89 p95=  280.89 p99=  280.89 rps=   0.02

2026-05-05T03:50:48.425Z  INFO 1 --- [lab8-additional-service] [   scheduling-1] r.h.l.a.o.ObservabilityService           : [lab8-additional-service] observability refresh
window 10s
  controller.ObservabilityController.getStats   n=    1 err=   0 errRate=  0.00% avg=  280.89 min=  280.89 max=  280.89 p50=  280.89 p95=  280.89 p99=  280.89 rps=   0.10
window 30s
  controller.ObservabilityController.getStats   n=    1 err=   0 errRate=  0.00% avg=  280.89 min=  280.89 max=  280.89 p50=  280.89 p95=  280.89 p99=  280.89 rps=   0.03
window 1m
  controller.ObservabilityController.getStats   n=    1 err=   0 errRate=  0.00% avg=  280.89 min=  280.89 max=  280.89 p50=  280.89 p95=  280.89 p99=  280.89 rps=   0.02

2026-05-05T03:50:49.429Z  INFO 1 --- [lab8-additional-service] [   scheduling-1] r.h.l.a.o.ObservabilityService           : [lab8-additional-service] observability refresh
window 10s
  controller.ObservabilityController.getStats   n=    1 err=   0 errRate=  0.00% avg=  280.89 min=  280.89 max=  280.89 p50=  280.89 p95=  280.89 p99=  280.89 rps=   0.10
window 30s
  controller.ObservabilityController.getStats   n=    1 err=   0 errRate=  0.00% avg=  280.89 min=  280.89 max=  280.89 p50=  280.89 p95=  280.89 p99=  280.89 rps=   0.03
window 1m
  controller.ObservabilityController.getStats   n=    1 err=   0 errRate=  0.00% avg=  280.89 min=  280.89 max=  280.89 p50=  280.89 p95=  280.89 p99=  280.89 rps=   0.02

2026-05-05T03:50:50.431Z  INFO 1 --- [lab8-additional-service] [   scheduling-1] r.h.l.a.o.ObservabilityService           : [lab8-additional-service] observability refresh
window 10s
  controller.ObservabilityController.getStats   n=    1 err=   0 errRate=  0.00% avg=  280.89 min=  280.89 max=  280.89 p50=  280.89 p95=  280.89 p99=  280.89 rps=   0.10
window 30s
  controller.ObservabilityController.getStats   n=    1 err=   0 errRate=  0.00% avg=  280.89 min=  280.89 max=  280.89 p50=  280.89 p95=  280.89 p99=  280.89 rps=   0.03
window 1m
  controller.ObservabilityController.getStats   n=    1 err=   0 errRate=  0.00% avg=  280.89 min=  280.89 max=  280.89 p50=  280.89 p95=  280.89 p99=  280.89 rps=   0.02

2026-05-05T03:50:51.432Z  INFO 1 --- [lab8-additional-service] [   scheduling-1] r.h.l.a.o.ObservabilityService           : [lab8-additional-service] observability refresh
window 10s
  (no events)
window 30s
  controller.ObservabilityController.getStats   n=    1 err=   0 errRate=  0.00% avg=  280.89 min=  280.89 max=  280.89 p50=  280.89 p95=  280.89 p99=  280.89 rps=   0.03
window 1m
  controller.ObservabilityController.getStats   n=    1 err=   0 errRate=  0.00% avg=  280.89 min=  280.89 max=  280.89 p50=  280.89 p95=  280.89 p99=  280.89 rps=   0.02

2026-05-05T03:50:52.436Z  INFO 1 --- [lab8-additional-service] [   scheduling-1] r.h.l.a.o.ObservabilityService           : [lab8-additional-service] observability refresh
window 10s
  (no events)
window 30s
  controller.ObservabilityController.getStats   n=    1 err=   0 errRate=  0.00% avg=  280.89 min=  280.89 max=  280.89 p50=  280.89 p95=  280.89 p99=  280.89 rps=   0.03
window 1m
  controller.ObservabilityController.getStats   n=    1 err=   0 errRate=  0.00% avg=  280.89 min=  280.89 max=  280.89 p50=  280.89 p95=  280.89 p99=  280.89 rps=   0.02

2026-05-05T03:50:53.437Z  INFO 1 --- [lab8-additional-service] [   scheduling-1] r.h.l.a.o.ObservabilityService           : [lab8-additional-service] observability refresh
window 10s
  (no events)
window 30s
  controller.ObservabilityController.getStats   n=    1 err=   0 errRate=  0.00% avg=  280.89 min=  280.89 max=  280.89 p50=  280.89 p95=  280.89 p99=  280.89 rps=   0.03
window 1m
  controller.ObservabilityController.getStats   n=    1 err=   0 errRate=  0.00% avg=  280.89 min=  280.89 max=  280.89 p50=  280.89 p95=  280.89 p99=  280.89 rps=   0.02

2026-05-05T03:50:54.438Z  INFO 1 --- [lab8-additional-service] [   scheduling-1] r.h.l.a.o.ObservabilityService           : [lab8-additional-service] observability refresh
window 10s
  (no events)
window 30s
  controller.ObservabilityController.getStats   n=    1 err=   0 errRate=  0.00% avg=  280.89 min=  280.89 max=  280.89 p50=  280.89 p95=  280.89 p99=  280.89 rps=   0.03
window 1m
  controller.ObservabilityController.getStats   n=    1 err=   0 errRate=  0.00% avg=  280.89 min=  280.89 max=  280.89 p50=  280.89 p95=  280.89 p99=  280.89 rps=   0.02

2026-05-05T03:50:55.439Z  INFO 1 --- [lab8-additional-service] [   scheduling-1] r.h.l.a.o.ObservabilityService           : [lab8-additional-service] observability refresh
window 10s
  (no events)
window 30s
  controller.ObservabilityController.getStats   n=    1 err=   0 errRate=  0.00% avg=  280.89 min=  280.89 max=  280.89 p50=  280.89 p95=  280.89 p99=  280.89 rps=   0.03
window 1m
  controller.ObservabilityController.getStats   n=    1 err=   0 errRate=  0.00% avg=  280.89 min=  280.89 max=  280.89 p50=  280.89 p95=  280.89 p99=  280.89 rps=   0.02

2026-05-05T03:50:56.440Z  INFO 1 --- [lab8-additional-service] [   scheduling-1] r.h.l.a.o.ObservabilityService           : [lab8-additional-service] observability refresh
window 10s
  (no events)
window 30s
  controller.ObservabilityController.getStats   n=    1 err=   0 errRate=  0.00% avg=  280.89 min=  280.89 max=  280.89 p50=  280.89 p95=  280.89 p99=  280.89 rps=   0.03
window 1m
  controller.ObservabilityController.getStats   n=    1 err=   0 errRate=  0.00% avg=  280.89 min=  280.89 max=  280.89 p50=  280.89 p95=  280.89 p99=  280.89 rps=   0.02

2026-05-05T03:50:57.441Z  INFO 1 --- [lab8-additional-service] [   scheduling-1] r.h.l.a.o.ObservabilityService           : [lab8-additional-service] observability refresh
window 10s
  (no events)
window 30s
  controller.ObservabilityController.getStats   n=    1 err=   0 errRate=  0.00% avg=  280.89 min=  280.89 max=  280.89 p50=  280.89 p95=  280.89 p99=  280.89 rps=   0.03
window 1m
  controller.ObservabilityController.getStats   n=    1 err=   0 errRate=  0.00% avg=  280.89 min=  280.89 max=  280.89 p50=  280.89 p95=  280.89 p99=  280.89 rps=   0.02

2026-05-05T03:50:58.442Z  INFO 1 --- [lab8-additional-service] [   scheduling-1] r.h.l.a.o.ObservabilityService           : [lab8-additional-service] observability refresh
window 10s
  (no events)
window 30s
  controller.ObservabilityController.getStats   n=    1 err=   0 errRate=  0.00% avg=  280.89 min=  280.89 max=  280.89 p50=  280.89 p95=  280.89 p99=  280.89 rps=   0.03
window 1m
  controller.ObservabilityController.getStats   n=    1 err=   0 errRate=  0.00% avg=  280.89 min=  280.89 max=  280.89 p50=  280.89 p95=  280.89 p99=  280.89 rps=   0.02

2026-05-05T03:50:59.443Z  INFO 1 --- [lab8-additional-service] [   scheduling-1] r.h.l.a.o.ObservabilityService           : [lab8-additional-service] observability refresh
window 10s
  (no events)
window 30s
  controller.ObservabilityController.getStats   n=    1 err=   0 errRate=  0.00% avg=  280.89 min=  280.89 max=  280.89 p50=  280.89 p95=  280.89 p99=  280.89 rps=   0.03
window 1m
  controller.ObservabilityController.getStats   n=    1 err=   0 errRate=  0.00% avg=  280.89 min=  280.89 max=  280.89 p50=  280.89 p95=  280.89 p99=  280.89 rps=   0.02

2026-05-05T03:51:00.445Z  INFO 1 --- [lab8-additional-service] [   scheduling-1] r.h.l.a.o.ObservabilityService           : [lab8-additional-service] observability refresh
window 10s
  (no events)
window 30s
  controller.ObservabilityController.getStats   n=    1 err=   0 errRate=  0.00% avg=  280.89 min=  280.89 max=  280.89 p50=  280.89 p95=  280.89 p99=  280.89 rps=   0.03
window 1m
  controller.ObservabilityController.getStats   n=    1 err=   0 errRate=  0.00% avg=  280.89 min=  280.89 max=  280.89 p50=  280.89 p95=  280.89 p99=  280.89 rps=   0.02

2026-05-05T03:51:01.447Z  INFO 1 --- [lab8-additional-service] [   scheduling-1] r.h.l.a.o.ObservabilityService           : [lab8-additional-service] observability refresh
window 10s
  (no events)
window 30s
  controller.ObservabilityController.getStats   n=    1 err=   0 errRate=  0.00% avg=  280.89 min=  280.89 max=  280.89 p50=  280.89 p95=  280.89 p99=  280.89 rps=   0.03
window 1m
  controller.ObservabilityController.getStats   n=    1 err=   0 errRate=  0.00% avg=  280.89 min=  280.89 max=  280.89 p50=  280.89 p95=  280.89 p99=  280.89 rps=   0.02

2026-05-05T03:51:02.448Z  INFO 1 --- [lab8-additional-service] [   scheduling-1] r.h.l.a.o.ObservabilityService           : [lab8-additional-service] observability refresh
window 10s
  (no events)
window 30s
  controller.ObservabilityController.getStats   n=    1 err=   0 errRate=  0.00% avg=  280.89 min=  280.89 max=  280.89 p50=  280.89 p95=  280.89 p99=  280.89 rps=   0.03
window 1m
  controller.ObservabilityController.getStats   n=    1 err=   0 errRate=  0.00% avg=  280.89 min=  280.89 max=  280.89 p50=  280.89 p95=  280.89 p99=  280.89 rps=   0.02

2026-05-05T03:51:03.449Z  INFO 1 --- [lab8-additional-service] [   scheduling-1] r.h.l.a.o.ObservabilityService           : [lab8-additional-service] observability refresh
window 10s
  (no events)
window 30s
  controller.ObservabilityController.getStats   n=    1 err=   0 errRate=  0.00% avg=  280.89 min=  280.89 max=  280.89 p50=  280.89 p95=  280.89 p99=  280.89 rps=   0.03
window 1m
  controller.ObservabilityController.getStats   n=    1 err=   0 errRate=  0.00% avg=  280.89 min=  280.89 max=  280.89 p50=  280.89 p95=  280.89 p99=  280.89 rps=   0.02

2026-05-05T03:51:04.450Z  INFO 1 --- [lab8-additional-service] [   scheduling-1] r.h.l.a.o.ObservabilityService           : [lab8-additional-service] observability refresh
window 10s
  (no events)
window 30s
  controller.ObservabilityController.getStats   n=    1 err=   0 errRate=  0.00% avg=  280.89 min=  280.89 max=  280.89 p50=  280.89 p95=  280.89 p99=  280.89 rps=   0.03
window 1m
  controller.ObservabilityController.getStats   n=    1 err=   0 errRate=  0.00% avg=  280.89 min=  280.89 max=  280.89 p50=  280.89 p95=  280.89 p99=  280.89 rps=   0.02

2026-05-05T03:51:05.451Z  INFO 1 --- [lab8-additional-service] [   scheduling-1] r.h.l.a.o.ObservabilityService           : [lab8-additional-service] observability refresh
window 10s
  (no events)
window 30s
  controller.ObservabilityController.getStats   n=    1 err=   0 errRate=  0.00% avg=  280.89 min=  280.89 max=  280.89 p50=  280.89 p95=  280.89 p99=  280.89 rps=   0.03
window 1m
  controller.ObservabilityController.getStats   n=    1 err=   0 errRate=  0.00% avg=  280.89 min=  280.89 max=  280.89 p50=  280.89 p95=  280.89 p99=  280.89 rps=   0.02

2026-05-05T03:51:06.452Z  INFO 1 --- [lab8-additional-service] [   scheduling-1] r.h.l.a.o.ObservabilityService           : [lab8-additional-service] observability refresh
window 10s
  (no events)
window 30s
  controller.ObservabilityController.getStats   n=    1 err=   0 errRate=  0.00% avg=  280.89 min=  280.89 max=  280.89 p50=  280.89 p95=  280.89 p99=  280.89 rps=   0.03
window 1m
  controller.ObservabilityController.getStats   n=    1 err=   0 errRate=  0.00% avg=  280.89 min=  280.89 max=  280.89 p50=  280.89 p95=  280.89 p99=  280.89 rps=   0.02

2026-05-05T03:51:07.453Z  INFO 1 --- [lab8-additional-service] [   scheduling-1] r.h.l.a.o.ObservabilityService           : [lab8-additional-service] observability refresh
window 10s
  (no events)
window 30s
  controller.ObservabilityController.getStats   n=    1 err=   0 errRate=  0.00% avg=  280.89 min=  280.89 max=  280.89 p50=  280.89 p95=  280.89 p99=  280.89 rps=   0.03
window 1m
  controller.ObservabilityController.getStats   n=    1 err=   0 errRate=  0.00% avg=  280.89 min=  280.89 max=  280.89 p50=  280.89 p95=  280.89 p99=  280.89 rps=   0.02

2026-05-05T03:51:08.454Z  INFO 1 --- [lab8-additional-service] [   scheduling-1] r.h.l.a.o.ObservabilityService           : [lab8-additional-service] observability refresh
window 10s
  (no events)
window 30s
  controller.ObservabilityController.getStats   n=    1 err=   0 errRate=  0.00% avg=  280.89 min=  280.89 max=  280.89 p50=  280.89 p95=  280.89 p99=  280.89 rps=   0.03
window 1m
  controller.ObservabilityController.getStats   n=    1 err=   0 errRate=  0.00% avg=  280.89 min=  280.89 max=  280.89 p50=  280.89 p95=  280.89 p99=  280.89 rps=   0.02

2026-05-05T03:51:09.455Z  INFO 1 --- [lab8-additional-service] [   scheduling-1] r.h.l.a.o.ObservabilityService           : [lab8-additional-service] observability refresh
window 10s
  (no events)
window 30s
  controller.ObservabilityController.getStats   n=    1 err=   0 errRate=  0.00% avg=  280.89 min=  280.89 max=  280.89 p50=  280.89 p95=  280.89 p99=  280.89 rps=   0.03
window 1m
  controller.ObservabilityController.getStats   n=    1 err=   0 errRate=  0.00% avg=  280.89 min=  280.89 max=  280.89 p50=  280.89 p95=  280.89 p99=  280.89 rps=   0.02

2026-05-05T03:51:10.456Z  INFO 1 --- [lab8-additional-service] [   scheduling-1] r.h.l.a.o.ObservabilityService           : [lab8-additional-service] observability refresh
window 10s
  (no events)
window 30s
  controller.ObservabilityController.getStats   n=    1 err=   0 errRate=  0.00% avg=  280.89 min=  280.89 max=  280.89 p50=  280.89 p95=  280.89 p99=  280.89 rps=   0.03
window 1m
  controller.ObservabilityController.getStats   n=    1 err=   0 errRate=  0.00% avg=  280.89 min=  280.89 max=  280.89 p50=  280.89 p95=  280.89 p99=  280.89 rps=   0.02

2026-05-05T03:51:11.458Z  INFO 1 --- [lab8-additional-service] [   scheduling-1] r.h.l.a.o.ObservabilityService           : [lab8-additional-service] observability refresh
window 10s
  (no events)
window 30s
  (no events)
window 1m
  controller.ObservabilityController.getStats   n=    1 err=   0 errRate=  0.00% avg=  280.89 min=  280.89 max=  280.89 p50=  280.89 p95=  280.89 p99=  280.89 rps=   0.02

2026-05-05T03:51:12.459Z  INFO 1 --- [lab8-additional-service] [   scheduling-1] r.h.l.a.o.ObservabilityService           : [lab8-additional-service] observability refresh
window 10s
  (no events)
window 30s
  (no events)
window 1m
  controller.ObservabilityController.getStats   n=    1 err=   0 errRate=  0.00% avg=  280.89 min=  280.89 max=  280.89 p50=  280.89 p95=  280.89 p99=  280.89 rps=   0.02

2026-05-05T03:51:13.460Z  INFO 1 --- [lab8-additional-service] [   scheduling-1] r.h.l.a.o.ObservabilityService           : [lab8-additional-service] observability refresh
window 10s
  (no events)
window 30s
  (no events)
window 1m
  controller.ObservabilityController.getStats   n=    1 err=   0 errRate=  0.00% avg=  280.89 min=  280.89 max=  280.89 p50=  280.89 p95=  280.89 p99=  280.89 rps=   0.02

2026-05-05T03:51:14.461Z  INFO 1 --- [lab8-additional-service] [   scheduling-1] r.h.l.a.o.ObservabilityService           : [lab8-additional-service] observability refresh
window 10s
  (no events)
window 30s
  (no events)
window 1m
  controller.ObservabilityController.getStats   n=    1 err=   0 errRate=  0.00% avg=  280.89 min=  280.89 max=  280.89 p50=  280.89 p95=  280.89 p99=  280.89 rps=   0.02

2026-05-05T03:51:15.462Z  INFO 1 --- [lab8-additional-service] [   scheduling-1] r.h.l.a.o.ObservabilityService           : [lab8-additional-service] observability refresh
window 10s
  (no events)
window 30s
  (no events)
window 1m
  controller.ObservabilityController.getStats   n=    1 err=   0 errRate=  0.00% avg=  280.89 min=  280.89 max=  280.89 p50=  280.89 p95=  280.89 p99=  280.89 rps=   0.02

2026-05-05T03:51:16.462Z  INFO 1 --- [lab8-additional-service] [   scheduling-1] r.h.l.a.o.ObservabilityService           : [lab8-additional-service] observability refresh
window 10s
  (no events)
window 30s
  (no events)
window 1m
  controller.ObservabilityController.getStats   n=    1 err=   0 errRate=  0.00% avg=  280.89 min=  280.89 max=  280.89 p50=  280.89 p95=  280.89 p99=  280.89 rps=   0.02

2026-05-05T03:51:17.463Z  INFO 1 --- [lab8-additional-service] [   scheduling-1] r.h.l.a.o.ObservabilityService           : [lab8-additional-service] observability refresh
window 10s
  (no events)
window 30s
  (no events)
window 1m
  controller.ObservabilityController.getStats   n=    1 err=   0 errRate=  0.00% avg=  280.89 min=  280.89 max=  280.89 p50=  280.89 p95=  280.89 p99=  280.89 rps=   0.02

2026-05-05T03:51:18.464Z  INFO 1 --- [lab8-additional-service] [   scheduling-1] r.h.l.a.o.ObservabilityService           : [lab8-additional-service] observability refresh
window 10s
  (no events)
window 30s
  (no events)
window 1m
  controller.ObservabilityController.getStats   n=    1 err=   0 errRate=  0.00% avg=  280.89 min=  280.89 max=  280.89 p50=  280.89 p95=  280.89 p99=  280.89 rps=   0.02

2026-05-05T03:51:19.465Z  INFO 1 --- [lab8-additional-service] [   scheduling-1] r.h.l.a.o.ObservabilityService           : [lab8-additional-service] observability refresh
window 10s
  (no events)
window 30s
  (no events)
window 1m
  controller.ObservabilityController.getStats   n=    1 err=   0 errRate=  0.00% avg=  280.89 min=  280.89 max=  280.89 p50=  280.89 p95=  280.89 p99=  280.89 rps=   0.02

2026-05-05T03:51:20.466Z  INFO 1 --- [lab8-additional-service] [   scheduling-1] r.h.l.a.o.ObservabilityService           : [lab8-additional-service] observability refresh
window 10s
  (no events)
window 30s
  (no events)
window 1m
  controller.ObservabilityController.getStats   n=    1 err=   0 errRate=  0.00% avg=  280.89 min=  280.89 max=  280.89 p50=  280.89 p95=  280.89 p99=  280.89 rps=   0.02

2026-05-05T03:51:21.466Z  INFO 1 --- [lab8-additional-service] [   scheduling-1] r.h.l.a.o.ObservabilityService           : [lab8-additional-service] observability refresh
window 10s
  (no events)
window 30s
  (no events)
window 1m
  controller.ObservabilityController.getStats   n=    1 err=   0 errRate=  0.00% avg=  280.89 min=  280.89 max=  280.89 p50=  280.89 p95=  280.89 p99=  280.89 rps=   0.02

2026-05-05T03:51:22.467Z  INFO 1 --- [lab8-additional-service] [   scheduling-1] r.h.l.a.o.ObservabilityService           : [lab8-additional-service] observability refresh
window 10s
  (no events)
window 30s
  (no events)
window 1m
  controller.ObservabilityController.getStats   n=    1 err=   0 errRate=  0.00% avg=  280.89 min=  280.89 max=  280.89 p50=  280.89 p95=  280.89 p99=  280.89 rps=   0.02

2026-05-05T03:51:23.468Z  INFO 1 --- [lab8-additional-service] [   scheduling-1] r.h.l.a.o.ObservabilityService           : [lab8-additional-service] observability refresh
window 10s
  (no events)
window 30s
  (no events)
window 1m
  controller.ObservabilityController.getStats   n=    1 err=   0 errRate=  0.00% avg=  280.89 min=  280.89 max=  280.89 p50=  280.89 p95=  280.89 p99=  280.89 rps=   0.02

2026-05-05T03:51:24.469Z  INFO 1 --- [lab8-additional-service] [   scheduling-1] r.h.l.a.o.ObservabilityService           : [lab8-additional-service] observability refresh
window 10s
  (no events)
window 30s
  (no events)
window 1m
  controller.ObservabilityController.getStats   n=    1 err=   0 errRate=  0.00% avg=  280.89 min=  280.89 max=  280.89 p50=  280.89 p95=  280.89 p99=  280.89 rps=   0.02

2026-05-05T03:51:25.470Z  INFO 1 --- [lab8-additional-service] [   scheduling-1] r.h.l.a.o.ObservabilityService           : [lab8-additional-service] observability refresh
window 10s
  (no events)
window 30s
  (no events)
window 1m
  controller.ObservabilityController.getStats   n=    1 err=   0 errRate=  0.00% avg=  280.89 min=  280.89 max=  280.89 p50=  280.89 p95=  280.89 p99=  280.89 rps=   0.02

2026-05-05T03:51:26.470Z  INFO 1 --- [lab8-additional-service] [   scheduling-1] r.h.l.a.o.ObservabilityService           : [lab8-additional-service] observability refresh
window 10s
  (no events)
window 30s
  (no events)
window 1m
  controller.ObservabilityController.getStats   n=    1 err=   0 errRate=  0.00% avg=  280.89 min=  280.89 max=  280.89 p50=  280.89 p95=  280.89 p99=  280.89 rps=   0.02

2026-05-05T03:51:27.471Z  INFO 1 --- [lab8-additional-service] [   scheduling-1] r.h.l.a.o.ObservabilityService           : [lab8-additional-service] observability refresh
window 10s
  (no events)
window 30s
  (no events)
window 1m
  controller.ObservabilityController.getStats   n=    1 err=   0 errRate=  0.00% avg=  280.89 min=  280.89 max=  280.89 p50=  280.89 p95=  280.89 p99=  280.89 rps=   0.02

2026-05-05T03:51:28.472Z  INFO 1 --- [lab8-additional-service] [   scheduling-1] r.h.l.a.o.ObservabilityService           : [lab8-additional-service] observability refresh
window 10s
  (no events)
window 30s
  (no events)
window 1m
  controller.ObservabilityController.getStats   n=    1 err=   0 errRate=  0.00% avg=  280.89 min=  280.89 max=  280.89 p50=  280.89 p95=  280.89 p99=  280.89 rps=   0.02

2026-05-05T03:51:29.473Z  INFO 1 --- [lab8-additional-service] [   scheduling-1] r.h.l.a.o.ObservabilityService           : [lab8-additional-service] observability refresh
window 10s
  (no events)
window 30s
  (no events)
window 1m
  controller.ObservabilityController.getStats   n=    1 err=   0 errRate=  0.00% avg=  280.89 min=  280.89 max=  280.89 p50=  280.89 p95=  280.89 p99=  280.89 rps=   0.02

2026-05-05T03:51:30.473Z  INFO 1 --- [lab8-additional-service] [   scheduling-1] r.h.l.a.o.ObservabilityService           : [lab8-additional-service] observability refresh
window 10s
  (no events)
window 30s
  (no events)
window 1m
  controller.ObservabilityController.getStats   n=    1 err=   0 errRate=  0.00% avg=  280.89 min=  280.89 max=  280.89 p50=  280.89 p95=  280.89 p99=  280.89 rps=   0.02

2026-05-05T03:51:31.474Z  INFO 1 --- [lab8-additional-service] [   scheduling-1] r.h.l.a.o.ObservabilityService           : [lab8-additional-service] observability refresh
window 10s
  (no events)
window 30s
  (no events)
window 1m
  controller.ObservabilityController.getStats   n=    1 err=   0 errRate=  0.00% avg=  280.89 min=  280.89 max=  280.89 p50=  280.89 p95=  280.89 p99=  280.89 rps=   0.02

2026-05-05T03:51:32.475Z  INFO 1 --- [lab8-additional-service] [   scheduling-1] r.h.l.a.o.ObservabilityService           : [lab8-additional-service] observability refresh
window 10s
  (no events)
window 30s
  (no events)
window 1m
  controller.ObservabilityController.getStats   n=    1 err=   0 errRate=  0.00% avg=  280.89 min=  280.89 max=  280.89 p50=  280.89 p95=  280.89 p99=  280.89 rps=   0.02

2026-05-05T03:51:33.476Z  INFO 1 --- [lab8-additional-service] [   scheduling-1] r.h.l.a.o.ObservabilityService           : [lab8-additional-service] observability refresh
window 10s
  (no events)
window 30s
  (no events)
window 1m
  controller.ObservabilityController.getStats   n=    1 err=   0 errRate=  0.00% avg=  280.89 min=  280.89 max=  280.89 p50=  280.89 p95=  280.89 p99=  280.89 rps=   0.02

2026-05-05T03:51:34.476Z  INFO 1 --- [lab8-additional-service] [   scheduling-1] r.h.l.a.o.ObservabilityService           : [lab8-additional-service] observability refresh
window 10s
  (no events)
window 30s
  (no events)
window 1m
  controller.ObservabilityController.getStats   n=    1 err=   0 errRate=  0.00% avg=  280.89 min=  280.89 max=  280.89 p50=  280.89 p95=  280.89 p99=  280.89 rps=   0.02

2026-05-05T03:51:35.477Z  INFO 1 --- [lab8-additional-service] [   scheduling-1] r.h.l.a.o.ObservabilityService           : [lab8-additional-service] observability refresh
window 10s
  (no events)
window 30s
  (no events)
window 1m
  controller.ObservabilityController.getStats   n=    1 err=   0 errRate=  0.00% avg=  280.89 min=  280.89 max=  280.89 p50=  280.89 p95=  280.89 p99=  280.89 rps=   0.02

2026-05-05T03:51:36.479Z  INFO 1 --- [lab8-additional-service] [   scheduling-1] r.h.l.a.o.ObservabilityService           : [lab8-additional-service] observability refresh
window 10s
  (no events)
window 30s
  (no events)
window 1m
  controller.ObservabilityController.getStats   n=    1 err=   0 errRate=  0.00% avg=  280.89 min=  280.89 max=  280.89 p50=  280.89 p95=  280.89 p99=  280.89 rps=   0.02

2026-05-05T03:51:37.479Z  INFO 1 --- [lab8-additional-service] [   scheduling-1] r.h.l.a.o.ObservabilityService           : [lab8-additional-service] observability refresh
window 10s
  (no events)
window 30s
  (no events)
window 1m
  controller.ObservabilityController.getStats   n=    1 err=   0 errRate=  0.00% avg=  280.89 min=  280.89 max=  280.89 p50=  280.89 p95=  280.89 p99=  280.89 rps=   0.02

2026-05-05T03:51:38.481Z  INFO 1 --- [lab8-additional-service] [   scheduling-1] r.h.l.a.o.ObservabilityService           : [lab8-additional-service] observability refresh
window 10s
  (no events)
window 30s
  (no events)
window 1m
  controller.ObservabilityController.getStats   n=    1 err=   0 errRate=  0.00% avg=  280.89 min=  280.89 max=  280.89 p50=  280.89 p95=  280.89 p99=  280.89 rps=   0.02

2026-05-05T03:51:39.482Z  INFO 1 --- [lab8-additional-service] [   scheduling-1] r.h.l.a.o.ObservabilityService           : [lab8-additional-service] observability refresh
window 10s
  (no events)
window 30s
  (no events)
window 1m
  controller.ObservabilityController.getStats   n=    1 err=   0 errRate=  0.00% avg=  280.89 min=  280.89 max=  280.89 p50=  280.89 p95=  280.89 p99=  280.89 rps=   0.02

2026-05-05T03:51:40.483Z  INFO 1 --- [lab8-additional-service] [   scheduling-1] r.h.l.a.o.ObservabilityService           : [lab8-additional-service] observability refresh
window 10s
  (no events)
window 30s
  (no events)
window 1m
  controller.ObservabilityController.getStats   n=    1 err=   0 errRate=  0.00% avg=  280.89 min=  280.89 max=  280.89 p50=  280.89 p95=  280.89 p99=  280.89 rps=   0.02

2026-05-05T03:53:27.530Z  INFO 1 --- [lab8-additional-service] [   scheduling-1] r.h.l.a.o.ObservabilityService           : [lab8-additional-service] observability refresh
window 10s
  s2s.crud.fetchFilms                           n=    2 err=   0 errRate=  0.00% avg= 2289.63 min= 2284.81 max= 2294.45 p50= 2289.63 p95= 2293.97 p99= 2294.35 rps=   0.20
window 30s
  s2s.crud.fetchFilms                           n=    2 err=   0 errRate=  0.00% avg= 2289.63 min= 2284.81 max= 2294.45 p50= 2289.63 p95= 2293.97 p99= 2294.35 rps=   0.07
window 1m
  s2s.crud.fetchFilms                           n=    2 err=   0 errRate=  0.00% avg= 2289.63 min= 2284.81 max= 2294.45 p50= 2289.63 p95= 2293.97 p99= 2294.35 rps=   0.03

2026-05-05T03:53:28.587Z  INFO 1 --- [lab8-additional-service] [   scheduling-1] r.h.l.a.o.ObservabilityService           : [lab8-additional-service] observability refresh
window 10s
  calc.additional.maxViewersSummary             n=   16 err=   0 errRate=  0.00% avg= 3136.19 min= 1536.84 max= 3617.97 p50= 3442.20 p95= 3606.03 p99= 3615.58 rps=   1.60
  controller.AnalyticsController.maxViewersSummary n=   16 err=   0 errRate=  0.00% avg= 3311.20 min= 1541.86 max= 3833.73 p50= 3617.76 p95= 3791.68 p99= 3825.32 rps=   1.60
  s2s.crud.fetchAllTickets                      n=   16 err=   0 errRate=  0.00% avg=  382.81 min=  113.26 max=  743.17 p50=  247.62 p95=  738.04 p99=  742.15 rps=   1.60
  s2s.crud.fetchFilms                           n=   28 err=   0 errRate=  0.00% avg= 2614.13 min= 1412.01 max= 3315.45 p50= 2774.66 p95= 3272.56 p99= 3303.89 rps=   2.80
window 30s
  calc.additional.maxViewersSummary             n=   16 err=   0 errRate=  0.00% avg= 3136.19 min= 1536.84 max= 3617.97 p50= 3442.20 p95= 3606.03 p99= 3615.58 rps=   0.53
  controller.AnalyticsController.maxViewersSummary n=   16 err=   0 errRate=  0.00% avg= 3311.20 min= 1541.86 max= 3833.73 p50= 3617.76 p95= 3791.68 p99= 3825.32 rps=   0.53
  s2s.crud.fetchAllTickets                      n=   16 err=   0 errRate=  0.00% avg=  382.81 min=  113.26 max=  743.17 p50=  247.62 p95=  738.04 p99=  742.15 rps=   0.53
  s2s.crud.fetchFilms                           n=   28 err=   0 errRate=  0.00% avg= 2614.13 min= 1412.01 max= 3315.45 p50= 2774.66 p95= 3272.56 p99= 3303.89 rps=   0.93
window 1m
  calc.additional.maxViewersSummary             n=   16 err=   0 errRate=  0.00% avg= 3136.19 min= 1536.84 max= 3617.97 p50= 3442.20 p95= 3606.03 p99= 3615.58 rps=   0.27
  controller.AnalyticsController.maxViewersSummary n=   16 err=   0 errRate=  0.00% avg= 3311.20 min= 1541.86 max= 3833.73 p50= 3617.76 p95= 3791.68 p99= 3825.32 rps=   0.27
  s2s.crud.fetchAllTickets                      n=   16 err=   0 errRate=  0.00% avg=  382.81 min=  113.26 max=  743.17 p50=  247.62 p95=  738.04 p99=  742.15 rps=   0.27
  s2s.crud.fetchFilms                           n=   28 err=   0 errRate=  0.00% avg= 2614.13 min= 1412.01 max= 3315.45 p50= 2774.66 p95= 3272.56 p99= 3303.89 rps=   0.47

2026-05-05T03:53:29.590Z  INFO 1 --- [lab8-additional-service] [   scheduling-1] r.h.l.a.o.ObservabilityService           : [lab8-additional-service] observability refresh
window 10s
  calc.additional.maxViewersSummary             n=   39 err=   0 errRate=  0.00% avg= 2699.78 min=  601.65 max= 4326.32 p50= 3366.60 p95= 3931.81 p99= 4282.99 rps=   3.90
  controller.AnalyticsController.maxViewersSummary n=   39 err=   0 errRate=  0.00% avg= 2824.04 min=  602.84 max= 4489.82 p50= 3555.39 p95= 4117.67 p99= 4450.61 rps=   3.90
  s2s.crud.fetchAllTickets                      n=   39 err=   0 errRate=  0.00% avg=  434.70 min=  108.37 max= 1105.89 p50=  404.75 p95=  841.24 p99= 1028.46 rps=   3.90
  s2s.crud.fetchFilms                           n=   50 err=   0 errRate=  0.00% avg= 1885.76 min=  185.73 max= 3713.95 p50= 2289.63 p95= 3296.18 p99= 3659.65 rps=   5.00
window 30s
  calc.additional.maxViewersSummary             n=   39 err=   0 errRate=  0.00% avg= 2699.78 min=  601.65 max= 4326.32 p50= 3366.60 p95= 3931.81 p99= 4282.99 rps=   1.30
  controller.AnalyticsController.maxViewersSummary n=   39 err=   0 errRate=  0.00% avg= 2824.04 min=  602.84 max= 4489.82 p50= 3555.39 p95= 4117.67 p99= 4450.61 rps=   1.30
  s2s.crud.fetchAllTickets                      n=   39 err=   0 errRate=  0.00% avg=  434.70 min=  108.37 max= 1105.89 p50=  404.75 p95=  841.24 p99= 1028.46 rps=   1.30
  s2s.crud.fetchFilms                           n=   50 err=   0 errRate=  0.00% avg= 1885.76 min=  185.73 max= 3713.95 p50= 2289.63 p95= 3296.18 p99= 3659.65 rps=   1.67
window 1m
  calc.additional.maxViewersSummary             n=   39 err=   0 errRate=  0.00% avg= 2699.78 min=  601.65 max= 4326.32 p50= 3366.60 p95= 3931.81 p99= 4282.99 rps=   0.65
  controller.AnalyticsController.maxViewersSummary n=   39 err=   0 errRate=  0.00% avg= 2824.04 min=  602.84 max= 4489.82 p50= 3555.39 p95= 4117.67 p99= 4450.61 rps=   0.65
  s2s.crud.fetchAllTickets                      n=   39 err=   0 errRate=  0.00% avg=  434.70 min=  108.37 max= 1105.89 p50=  404.75 p95=  841.24 p99= 1028.46 rps=   0.65
  s2s.crud.fetchFilms                           n=   50 err=   0 errRate=  0.00% avg= 1885.76 min=  185.73 max= 3713.95 p50= 2289.63 p95= 3296.18 p99= 3659.65 rps=   0.83

2026-05-05T03:53:30.597Z  INFO 1 --- [lab8-additional-service] [   scheduling-1] r.h.l.a.o.ObservabilityService           : [lab8-additional-service] observability refresh
window 10s
  calc.additional.maxViewersSummary             n=   63 err=   0 errRate=  0.00% avg= 2105.73 min=  466.23 max= 4793.66 p50= 1483.34 p95= 3900.36 p99= 4503.91 rps=   6.30
  controller.AnalyticsController.maxViewersSummary n=   63 err=   0 errRate=  0.00% avg= 2186.39 min=  467.25 max= 4967.60 p50= 1484.36 p95= 4087.54 p99= 4671.38 rps=   6.30
  s2s.crud.fetchAllTickets                      n=   63 err=   0 errRate=  0.00% avg=  419.53 min=  108.37 max= 1105.89 p50=  390.60 p95=  855.36 p99= 1021.08 rps=   6.30
  s2s.crud.fetchFilms                           n=   78 err=   0 errRate=  0.00% avg= 1400.91 min=  185.73 max= 3713.95 p50=  898.80 p95= 3272.48 p99= 3628.62 rps=   7.80
window 30s
  calc.additional.maxViewersSummary             n=   63 err=   0 errRate=  0.00% avg= 2105.73 min=  466.23 max= 4793.66 p50= 1483.34 p95= 3900.36 p99= 4503.91 rps=   2.10
  controller.AnalyticsController.maxViewersSummary n=   63 err=   0 errRate=  0.00% avg= 2186.39 min=  467.25 max= 4967.60 p50= 1484.36 p95= 4087.54 p99= 4671.38 rps=   2.10
  s2s.crud.fetchAllTickets                      n=   63 err=   0 errRate=  0.00% avg=  419.53 min=  108.37 max= 1105.89 p50=  390.60 p95=  855.36 p99= 1021.08 rps=   2.10
  s2s.crud.fetchFilms                           n=   78 err=   0 errRate=  0.00% avg= 1400.91 min=  185.73 max= 3713.95 p50=  898.80 p95= 3272.48 p99= 3628.62 rps=   2.60
window 1m
  calc.additional.maxViewersSummary             n=   63 err=   0 errRate=  0.00% avg= 2105.73 min=  466.23 max= 4793.66 p50= 1483.34 p95= 3900.36 p99= 4503.91 rps=   1.05
  controller.AnalyticsController.maxViewersSummary n=   63 err=   0 errRate=  0.00% avg= 2186.39 min=  467.25 max= 4967.60 p50= 1484.36 p95= 4087.54 p99= 4671.38 rps=   1.05
  s2s.crud.fetchAllTickets                      n=   63 err=   0 errRate=  0.00% avg=  419.53 min=  108.37 max= 1105.89 p50=  390.60 p95=  855.36 p99= 1021.08 rps=   1.05
  s2s.crud.fetchFilms                           n=   78 err=   0 errRate=  0.00% avg= 1400.91 min=  185.73 max= 3713.95 p50=  898.80 p95= 3272.48 p99= 3628.62 rps=   1.30

2026-05-05T03:53:31.600Z  INFO 1 --- [lab8-additional-service] [   scheduling-1] r.h.l.a.o.ObservabilityService           : [lab8-additional-service] observability refresh
window 10s
  calc.additional.maxViewersSummary             n=   93 err=   0 errRate=  0.00% avg= 1741.03 min=  318.88 max= 4793.66 p50= 1208.07 p95= 3897.25 p99= 4363.71 rps=   9.30
  controller.AnalyticsController.maxViewersSummary n=   93 err=   0 errRate=  0.00% avg= 1796.26 min=  320.49 max= 4967.60 p50= 1213.96 p95= 4074.95 p99= 4528.04 rps=   9.30
  s2s.crud.fetchAllTickets                      n=   93 err=   0 errRate=  0.00% avg=  421.92 min=   95.65 max= 1105.89 p50=  388.39 p95=  843.76 p99=  987.85 rps=   9.30
  s2s.crud.fetchFilms                           n=  104 err=   0 errRate=  0.00% avg= 1173.40 min=  185.73 max= 3713.95 p50=  681.38 p95= 3269.00 p99= 3594.51 rps=  10.40
window 30s
  calc.additional.maxViewersSummary             n=   93 err=   0 errRate=  0.00% avg= 1741.03 min=  318.88 max= 4793.66 p50= 1208.07 p95= 3897.25 p99= 4363.71 rps=   3.10
  controller.AnalyticsController.maxViewersSummary n=   93 err=   0 errRate=  0.00% avg= 1796.26 min=  320.49 max= 4967.60 p50= 1213.96 p95= 4074.95 p99= 4528.04 rps=   3.10
  s2s.crud.fetchAllTickets                      n=   93 err=   0 errRate=  0.00% avg=  421.92 min=   95.65 max= 1105.89 p50=  388.39 p95=  843.76 p99=  987.85 rps=   3.10
  s2s.crud.fetchFilms                           n=  104 err=   0 errRate=  0.00% avg= 1173.40 min=  185.73 max= 3713.95 p50=  681.38 p95= 3269.00 p99= 3594.51 rps=   3.47
window 1m
  calc.additional.maxViewersSummary             n=   93 err=   0 errRate=  0.00% avg= 1741.03 min=  318.88 max= 4793.66 p50= 1208.07 p95= 3897.25 p99= 4363.71 rps=   1.55
  controller.AnalyticsController.maxViewersSummary n=   93 err=   0 errRate=  0.00% avg= 1796.26 min=  320.49 max= 4967.60 p50= 1213.96 p95= 4074.95 p99= 4528.04 rps=   1.55
  s2s.crud.fetchAllTickets                      n=   93 err=   0 errRate=  0.00% avg=  421.92 min=   95.65 max= 1105.89 p50=  388.39 p95=  843.76 p99=  987.85 rps=   1.55
  s2s.crud.fetchFilms                           n=  104 err=   0 errRate=  0.00% avg= 1173.40 min=  185.73 max= 3713.95 p50=  681.38 p95= 3269.00 p99= 3594.51 rps=   1.73

2026-05-05T03:53:32.613Z  INFO 1 --- [lab8-additional-service] [   scheduling-1] r.h.l.a.o.ObservabilityService           : [lab8-additional-service] observability refresh
window 10s
  calc.additional.maxViewersSummary             n=  127 err=   0 errRate=  0.00% avg= 1508.44 min=  318.88 max= 4793.66 p50= 1018.99 p95= 3826.98 p99= 4296.67 rps=  12.70
  controller.AnalyticsController.maxViewersSummary n=  125 err=   0 errRate=  0.00% avg= 1558.46 min=  320.49 max= 4967.60 p50= 1019.87 p95= 4029.97 p99= 4465.06 rps=  12.50
  s2s.crud.fetchAllTickets                      n=  127 err=   0 errRate=  0.00% avg=  403.04 min=   25.81 max= 1105.89 p50=  325.19 p95=  833.53 p99=  975.38 rps=  12.70
  s2s.crud.fetchFilms                           n=  134 err=   0 errRate=  0.00% avg= 1028.95 min=  185.73 max= 3713.95 p50=  621.20 p95= 3098.09 p99= 3508.20 rps=  13.40
window 30s
  calc.additional.maxViewersSummary             n=  127 err=   0 errRate=  0.00% avg= 1508.44 min=  318.88 max= 4793.66 p50= 1018.99 p95= 3826.98 p99= 4296.67 rps=   4.23
  controller.AnalyticsController.maxViewersSummary n=  125 err=   0 errRate=  0.00% avg= 1558.46 min=  320.49 max= 4967.60 p50= 1019.87 p95= 4029.97 p99= 4465.06 rps=   4.17
  s2s.crud.fetchAllTickets                      n=  127 err=   0 errRate=  0.00% avg=  403.04 min=   25.81 max= 1105.89 p50=  325.19 p95=  833.53 p99=  975.38 rps=   4.23
  s2s.crud.fetchFilms                           n=  134 err=   0 errRate=  0.00% avg= 1028.95 min=  185.73 max= 3713.95 p50=  621.20 p95= 3098.09 p99= 3508.20 rps=   4.47
window 1m
  calc.additional.maxViewersSummary             n=  127 err=   0 errRate=  0.00% avg= 1508.44 min=  318.88 max= 4793.66 p50= 1018.99 p95= 3826.98 p99= 4296.67 rps=   2.12
  controller.AnalyticsController.maxViewersSummary n=  125 err=   0 errRate=  0.00% avg= 1558.46 min=  320.49 max= 4967.60 p50= 1019.87 p95= 4029.97 p99= 4465.06 rps=   2.08
  s2s.crud.fetchAllTickets                      n=  127 err=   0 errRate=  0.00% avg=  403.04 min=   25.81 max= 1105.89 p50=  325.19 p95=  833.53 p99=  975.38 rps=   2.12
  s2s.crud.fetchFilms                           n=  134 err=   0 errRate=  0.00% avg= 1028.95 min=  185.73 max= 3713.95 p50=  621.20 p95= 3098.09 p99= 3508.20 rps=   2.23

2026-05-05T03:53:33.622Z  INFO 1 --- [lab8-additional-service] [   scheduling-1] r.h.l.a.o.ObservabilityService           : [lab8-additional-service] observability refresh
window 10s
  calc.additional.maxViewersSummary             n=  161 err=   0 errRate=  0.00% avg= 1354.67 min=  318.88 max= 4793.66 p50=  984.67 p95= 3800.36 p99= 4257.90 rps=  16.10
  controller.AnalyticsController.maxViewersSummary n=  161 err=   0 errRate=  0.00% avg= 1387.28 min=  320.49 max= 4967.60 p50=  985.33 p95= 3951.18 p99= 4427.91 rps=  16.10
  s2s.crud.fetchAllTickets                      n=  161 err=   0 errRate=  0.00% avg=  384.68 min=   25.81 max= 1105.89 p50=  312.34 p95=  802.66 p99=  972.49 rps=  16.10
  s2s.crud.fetchFilms                           n=  165 err=   0 errRate=  0.00% avg=  921.93 min=  137.84 max= 3713.95 p50=  575.19 p95= 2949.95 p99= 3419.02 rps=  16.50
window 30s
  calc.additional.maxViewersSummary             n=  161 err=   0 errRate=  0.00% avg= 1354.67 min=  318.88 max= 4793.66 p50=  984.67 p95= 3800.36 p99= 4257.90 rps=   5.37
  controller.AnalyticsController.maxViewersSummary n=  161 err=   0 errRate=  0.00% avg= 1387.28 min=  320.49 max= 4967.60 p50=  985.33 p95= 3951.18 p99= 4427.91 rps=   5.37
  s2s.crud.fetchAllTickets                      n=  161 err=   0 errRate=  0.00% avg=  384.68 min=   25.81 max= 1105.89 p50=  312.34 p95=  802.66 p99=  972.49 rps=   5.37
  s2s.crud.fetchFilms                           n=  165 err=   0 errRate=  0.00% avg=  921.93 min=  137.84 max= 3713.95 p50=  575.19 p95= 2949.95 p99= 3419.02 rps=   5.50
window 1m
  calc.additional.maxViewersSummary             n=  161 err=   0 errRate=  0.00% avg= 1354.67 min=  318.88 max= 4793.66 p50=  984.67 p95= 3800.36 p99= 4257.90 rps=   2.68
  controller.AnalyticsController.maxViewersSummary n=  161 err=   0 errRate=  0.00% avg= 1387.28 min=  320.49 max= 4967.60 p50=  985.33 p95= 3951.18 p99= 4427.91 rps=   2.68
  s2s.crud.fetchAllTickets                      n=  161 err=   0 errRate=  0.00% avg=  384.68 min=   25.81 max= 1105.89 p50=  312.34 p95=  802.66 p99=  972.49 rps=   2.68
  s2s.crud.fetchFilms                           n=  165 err=   0 errRate=  0.00% avg=  921.93 min=  137.84 max= 3713.95 p50=  575.19 p95= 2949.95 p99= 3419.02 rps=   2.75

2026-05-05T03:53:34.625Z  INFO 1 --- [lab8-additional-service] [   scheduling-1] r.h.l.a.o.ObservabilityService           : [lab8-additional-service] observability refresh
window 10s
  calc.additional.maxViewersSummary             n=  193 err=   0 errRate=  0.00% avg= 1264.75 min=  318.88 max= 4793.66 p50=  914.07 p95= 3703.72 p99= 4221.41 rps=  19.30
  controller.AnalyticsController.maxViewersSummary n=  193 err=   0 errRate=  0.00% avg= 1292.27 min=  320.49 max= 4967.60 p50=  915.54 p95= 3878.64 p99= 4394.88 rps=  19.30
  s2s.crud.fetchAllTickets                      n=  193 err=   0 errRate=  0.00% avg=  376.20 min=   25.81 max= 1105.89 p50=  308.52 p95=  795.48 p99=  969.77 rps=  19.30
  s2s.crud.fetchFilms                           n=  200 err=   0 errRate=  0.00% avg=  844.54 min=  137.84 max= 3713.95 p50=  522.41 p95= 2885.16 p99= 3318.33 rps=  20.00
window 30s
  calc.additional.maxViewersSummary             n=  193 err=   0 errRate=  0.00% avg= 1264.75 min=  318.88 max= 4793.66 p50=  914.07 p95= 3703.72 p99= 4221.41 rps=   6.43
  controller.AnalyticsController.maxViewersSummary n=  193 err=   0 errRate=  0.00% avg= 1292.27 min=  320.49 max= 4967.60 p50=  915.54 p95= 3878.64 p99= 4394.88 rps=   6.43
  s2s.crud.fetchAllTickets                      n=  193 err=   0 errRate=  0.00% avg=  376.20 min=   25.81 max= 1105.89 p50=  308.52 p95=  795.48 p99=  969.77 rps=   6.43
  s2s.crud.fetchFilms                           n=  200 err=   0 errRate=  0.00% avg=  844.54 min=  137.84 max= 3713.95 p50=  522.41 p95= 2885.16 p99= 3318.33 rps=   6.67
window 1m
  calc.additional.maxViewersSummary             n=  193 err=   0 errRate=  0.00% avg= 1264.75 min=  318.88 max= 4793.66 p50=  914.07 p95= 3703.72 p99= 4221.41 rps=   3.22
  controller.AnalyticsController.maxViewersSummary n=  193 err=   0 errRate=  0.00% avg= 1292.27 min=  320.49 max= 4967.60 p50=  915.54 p95= 3878.64 p99= 4394.88 rps=   3.22
  s2s.crud.fetchAllTickets                      n=  193 err=   0 errRate=  0.00% avg=  376.20 min=   25.81 max= 1105.89 p50=  308.52 p95=  795.48 p99=  969.77 rps=   3.22
  s2s.crud.fetchFilms                           n=  200 err=   0 errRate=  0.00% avg=  844.54 min=  137.84 max= 3713.95 p50=  522.41 p95= 2885.16 p99= 3318.33 rps=   3.33

2026-05-05T03:53:35.633Z  INFO 1 --- [lab8-additional-service] [   scheduling-1] r.h.l.a.o.ObservabilityService           : [lab8-additional-service] observability refresh
window 10s
  calc.additional.maxViewersSummary             n=  223 err=   0 errRate=  0.00% avg= 1190.13 min=  318.88 max= 4793.66 p50=  896.24 p95= 3638.40 p99= 4143.72 rps=  22.30
  controller.AnalyticsController.maxViewersSummary n=  223 err=   0 errRate=  0.00% avg= 1214.24 min=  320.49 max= 4967.60 p50=  898.54 p95= 3860.69 p99= 4320.88 rps=  22.30
  s2s.crud.fetchAllTickets                      n=  223 err=   0 errRate=  0.00% avg=  366.19 min=   25.81 max= 1105.89 p50=  305.79 p95=  788.13 p99=  968.63 rps=  22.30
  s2s.crud.fetchFilms                           n=  234 err=   0 errRate=  0.00% avg=  784.74 min=  113.34 max= 3713.95 p50=  504.50 p95= 2876.96 p99= 3301.32 rps=  23.40
window 30s
  calc.additional.maxViewersSummary             n=  223 err=   0 errRate=  0.00% avg= 1190.13 min=  318.88 max= 4793.66 p50=  896.24 p95= 3638.40 p99= 4143.72 rps=   7.43
  controller.AnalyticsController.maxViewersSummary n=  223 err=   0 errRate=  0.00% avg= 1214.24 min=  320.49 max= 4967.60 p50=  898.54 p95= 3860.69 p99= 4320.88 rps=   7.43
  s2s.crud.fetchAllTickets                      n=  223 err=   0 errRate=  0.00% avg=  366.19 min=   25.81 max= 1105.89 p50=  305.79 p95=  788.13 p99=  968.63 rps=   7.43
  s2s.crud.fetchFilms                           n=  234 err=   0 errRate=  0.00% avg=  784.74 min=  113.34 max= 3713.95 p50=  504.50 p95= 2876.96 p99= 3301.32 rps=   7.80
window 1m
  calc.additional.maxViewersSummary             n=  223 err=   0 errRate=  0.00% avg= 1190.13 min=  318.88 max= 4793.66 p50=  896.24 p95= 3638.40 p99= 4143.72 rps=   3.72
  controller.AnalyticsController.maxViewersSummary n=  223 err=   0 errRate=  0.00% avg= 1214.24 min=  320.49 max= 4967.60 p50=  898.54 p95= 3860.69 p99= 4320.88 rps=   3.72
  s2s.crud.fetchAllTickets                      n=  223 err=   0 errRate=  0.00% avg=  366.19 min=   25.81 max= 1105.89 p50=  305.79 p95=  788.13 p99=  968.63 rps=   3.72
  s2s.crud.fetchFilms                           n=  234 err=   0 errRate=  0.00% avg=  784.74 min=  113.34 max= 3713.95 p50=  504.50 p95= 2876.96 p99= 3301.32 rps=   3.90

2026-05-05T03:53:36.635Z  INFO 1 --- [lab8-additional-service] [   scheduling-1] r.h.l.a.o.ObservabilityService           : [lab8-additional-service] observability refresh
window 10s
  calc.additional.maxViewersSummary             n=  263 err=   0 errRate=  0.00% avg= 1119.41 min=  292.33 max= 4793.66 p50=  828.73 p95= 3601.80 p99= 4019.07 rps=  26.30
  controller.AnalyticsController.maxViewersSummary n=  263 err=   0 errRate=  0.00% avg= 1140.08 min=  295.87 max= 4967.60 p50=  829.32 p95= 3777.47 p99= 4201.35 rps=  26.30
  s2s.crud.fetchAllTickets                      n=  263 err=   0 errRate=  0.00% avg=  361.22 min=   25.81 max= 1105.89 p50=  306.31 p95=  766.20 p99=  967.79 rps=  26.30
  s2s.crud.fetchFilms                           n=  272 err=   0 errRate=  0.00% avg=  724.14 min=  113.34 max= 3713.95 p50=  490.10 p95= 2870.19 p99= 3285.04 rps=  27.20
window 30s
  calc.additional.maxViewersSummary             n=  263 err=   0 errRate=  0.00% avg= 1119.41 min=  292.33 max= 4793.66 p50=  828.73 p95= 3601.80 p99= 4019.07 rps=   8.77
  controller.AnalyticsController.maxViewersSummary n=  263 err=   0 errRate=  0.00% avg= 1140.08 min=  295.87 max= 4967.60 p50=  829.32 p95= 3777.47 p99= 4201.35 rps=   8.77
  s2s.crud.fetchAllTickets                      n=  263 err=   0 errRate=  0.00% avg=  361.22 min=   25.81 max= 1105.89 p50=  306.31 p95=  766.20 p99=  967.79 rps=   8.77
  s2s.crud.fetchFilms                           n=  272 err=   0 errRate=  0.00% avg=  724.14 min=  113.34 max= 3713.95 p50=  490.10 p95= 2870.19 p99= 3285.04 rps=   9.07
window 1m
  calc.additional.maxViewersSummary             n=  263 err=   0 errRate=  0.00% avg= 1119.41 min=  292.33 max= 4793.66 p50=  828.73 p95= 3601.80 p99= 4019.07 rps=   4.38
  controller.AnalyticsController.maxViewersSummary n=  263 err=   0 errRate=  0.00% avg= 1140.08 min=  295.87 max= 4967.60 p50=  829.32 p95= 3777.47 p99= 4201.35 rps=   4.38
  s2s.crud.fetchAllTickets                      n=  263 err=   0 errRate=  0.00% avg=  361.22 min=   25.81 max= 1105.89 p50=  306.31 p95=  766.20 p99=  967.79 rps=   4.38
  s2s.crud.fetchFilms                           n=  272 err=   0 errRate=  0.00% avg=  724.14 min=  113.34 max= 3713.95 p50=  490.10 p95= 2870.19 p99= 3285.04 rps=   4.53

2026-05-05T03:53:37.639Z  INFO 1 --- [lab8-additional-service] [   scheduling-1] r.h.l.a.o.ObservabilityService           : [lab8-additional-service] observability refresh
window 10s
  calc.additional.maxViewersSummary             n=  301 err=   0 errRate=  0.00% avg= 1060.72 min=  219.63 max= 4793.66 p50=  802.10 p95= 3579.54 p99= 3900.65 rps=  30.10
  controller.AnalyticsController.maxViewersSummary n=  301 err=   0 errRate=  0.00% avg= 1079.05 min=  220.14 max= 4967.60 p50=  805.66 p95= 3759.87 p99= 4087.79 rps=  30.10
  s2s.crud.fetchAllTickets                      n=  301 err=   0 errRate=  0.00% avg=  350.31 min=   25.81 max= 1105.89 p50=  302.66 p95=  736.33 p99=  966.98 rps=  30.10
  s2s.crud.fetchFilms                           n=  304 err=   0 errRate=  0.00% avg=  647.18 min=  105.40 max= 3713.95 p50=  471.95 p95= 2840.10 p99= 3272.61 rps=  30.40
window 30s
  calc.additional.maxViewersSummary             n=  301 err=   0 errRate=  0.00% avg= 1060.72 min=  219.63 max= 4793.66 p50=  802.10 p95= 3579.54 p99= 3900.65 rps=  10.03
  controller.AnalyticsController.maxViewersSummary n=  301 err=   0 errRate=  0.00% avg= 1079.05 min=  220.14 max= 4967.60 p50=  805.66 p95= 3759.87 p99= 4087.79 rps=  10.03
  s2s.crud.fetchAllTickets                      n=  301 err=   0 errRate=  0.00% avg=  350.31 min=   25.81 max= 1105.89 p50=  302.66 p95=  736.33 p99=  966.98 rps=  10.03
  s2s.crud.fetchFilms                           n=  310 err=   0 errRate=  0.00% avg=  681.38 min=  105.40 max= 3713.95 p50=  478.66 p95= 2784.01 p99= 3272.60 rps=  10.33
window 1m
  calc.additional.maxViewersSummary             n=  301 err=   0 errRate=  0.00% avg= 1060.72 min=  219.63 max= 4793.66 p50=  802.10 p95= 3579.54 p99= 3900.65 rps=   5.02
  controller.AnalyticsController.maxViewersSummary n=  301 err=   0 errRate=  0.00% avg= 1079.05 min=  220.14 max= 4967.60 p50=  805.66 p95= 3759.87 p99= 4087.79 rps=   5.02
  s2s.crud.fetchAllTickets                      n=  301 err=   0 errRate=  0.00% avg=  350.31 min=   25.81 max= 1105.89 p50=  302.66 p95=  736.33 p99=  966.98 rps=   5.02
  s2s.crud.fetchFilms                           n=  310 err=   0 errRate=  0.00% avg=  681.38 min=  105.40 max= 3713.95 p50=  478.66 p95= 2784.01 p99= 3272.60 rps=   5.17

2026-05-05T03:53:38.641Z  INFO 1 --- [lab8-additional-service] [   scheduling-1] r.h.l.a.o.ObservabilityService           : [lab8-additional-service] observability refresh
window 10s
  calc.additional.maxViewersSummary             n=  315 err=   0 errRate=  0.00% avg=  886.92 min=  219.63 max= 4793.66 p50=  786.38 p95= 1499.04 p99= 3900.24 rps=  31.50
  controller.AnalyticsController.maxViewersSummary n=  315 err=   0 errRate=  0.00% avg=  893.84 min=  220.14 max= 4967.60 p50=  787.08 p95= 1502.39 p99= 4087.44 rps=  31.50
  s2s.crud.fetchAllTickets                      n=  315 err=   0 errRate=  0.00% avg=  345.28 min=   25.81 max= 1105.89 p50=  304.29 p95=  728.16 p99=  957.91 rps=  31.50
  s2s.crud.fetchFilms                           n=  319 err=   0 errRate=  0.00% avg=  473.62 min=  105.40 max= 3713.95 p50=  413.56 p95=  905.33 p99= 1088.40 rps=  31.90
window 30s
  calc.additional.maxViewersSummary             n=  335 err=   0 errRate=  0.00% avg= 1021.64 min=  219.63 max= 4793.66 p50=  794.78 p95= 3561.63 p99= 3899.67 rps=  11.17
  controller.AnalyticsController.maxViewersSummary n=  335 err=   0 errRate=  0.00% avg= 1038.21 min=  220.14 max= 4967.60 p50=  797.15 p95= 3737.85 p99= 4086.93 rps=  11.17
  s2s.crud.fetchAllTickets                      n=  335 err=   0 errRate=  0.00% avg=  347.37 min=   25.81 max= 1105.89 p50=  304.09 p95=  734.55 p99=  944.94 rps=  11.17
  s2s.crud.fetchFilms                           n=  347 err=   0 errRate=  0.00% avg=  646.34 min=  105.40 max= 3713.95 p50=  427.18 p95= 2638.46 p99= 3272.54 rps=  11.57
window 1m
  calc.additional.maxViewersSummary             n=  335 err=   0 errRate=  0.00% avg= 1021.64 min=  219.63 max= 4793.66 p50=  794.78 p95= 3561.63 p99= 3899.67 rps=   5.58
  controller.AnalyticsController.maxViewersSummary n=  335 err=   0 errRate=  0.00% avg= 1038.21 min=  220.14 max= 4967.60 p50=  797.15 p95= 3737.85 p99= 4086.93 rps=   5.58
  s2s.crud.fetchAllTickets                      n=  335 err=   0 errRate=  0.00% avg=  347.37 min=   25.81 max= 1105.89 p50=  304.09 p95=  734.55 p99=  944.94 rps=   5.58
  s2s.crud.fetchFilms                           n=  347 err=   0 errRate=  0.00% avg=  646.34 min=  105.40 max= 3713.95 p50=  427.18 p95= 2638.46 p99= 3272.54 rps=   5.78

2026-05-05T03:53:39.644Z  INFO 1 --- [lab8-additional-service] [   scheduling-1] r.h.l.a.o.ObservabilityService           : [lab8-additional-service] observability refresh
window 10s
  calc.additional.maxViewersSummary             n=  333 err=   0 errRate=  0.00% avg=  785.28 min=  219.63 max= 4793.66 p50=  721.40 p95= 1297.82 p99= 1604.57 rps=  33.30
  controller.AnalyticsController.maxViewersSummary n=  333 err=   0 errRate=  0.00% avg=  787.51 min=  220.14 max= 4967.60 p50=  725.59 p95= 1299.42 p99= 1605.69 rps=  33.30
  s2s.crud.fetchAllTickets                      n=  333 err=   0 errRate=  0.00% avg=  333.84 min=   25.81 max=  977.58 p50=  302.66 p95=  684.39 p99=  849.24 rps=  33.30
  s2s.crud.fetchFilms                           n=  328 err=   0 errRate=  0.00% avg=  426.51 min=  100.75 max= 1074.47 p50=  401.19 p95=  805.69 p99= 1007.38 rps=  32.80
window 30s
  calc.additional.maxViewersSummary             n=  374 err=   0 errRate=  0.00% avg=  987.21 min=  219.63 max= 4793.66 p50=  789.30 p95= 3520.58 p99= 3898.54 rps=  12.47
  controller.AnalyticsController.maxViewersSummary n=  374 err=   0 errRate=  0.00% avg= 1002.16 min=  220.14 max= 4967.60 p50=  790.36 p95= 3683.45 p99= 4085.94 rps=  12.47
  s2s.crud.fetchAllTickets                      n=  374 err=   0 errRate=  0.00% avg=  344.96 min=   25.81 max= 1105.89 p50=  304.33 p95=  728.52 p99=  919.64 rps=  12.47
  s2s.crud.fetchFilms                           n=  382 err=   0 errRate=  0.00% avg=  618.65 min=  100.75 max= 3713.95 p50=  418.85 p95= 2558.23 p99= 3272.49 rps=  12.73
window 1m
  calc.additional.maxViewersSummary             n=  374 err=   0 errRate=  0.00% avg=  987.21 min=  219.63 max= 4793.66 p50=  789.30 p95= 3520.58 p99= 3898.54 rps=   6.23
  controller.AnalyticsController.maxViewersSummary n=  374 err=   0 errRate=  0.00% avg= 1002.16 min=  220.14 max= 4967.60 p50=  790.36 p95= 3683.45 p99= 4085.94 rps=   6.23
  s2s.crud.fetchAllTickets                      n=  374 err=   0 errRate=  0.00% avg=  344.96 min=   25.81 max= 1105.89 p50=  304.33 p95=  728.52 p99=  919.64 rps=   6.23
  s2s.crud.fetchFilms                           n=  382 err=   0 errRate=  0.00% avg=  618.65 min=  100.75 max= 3713.95 p50=  418.85 p95= 2558.23 p99= 3272.49 rps=   6.37

2026-05-05T03:53:40.646Z  INFO 1 --- [lab8-additional-service] [   scheduling-1] r.h.l.a.o.ObservabilityService           : [lab8-additional-service] observability refresh
window 10s
  calc.additional.maxViewersSummary             n=  347 err=   0 errRate=  0.00% avg=  739.19 min=  219.63 max= 2012.18 p50=  710.34 p95= 1211.73 p99= 1553.05 rps=  34.70
  controller.AnalyticsController.maxViewersSummary n=  347 err=   0 errRate=  0.00% avg=  740.76 min=  220.14 max= 2012.91 p50=  711.52 p95= 1214.04 p99= 1554.21 rps=  34.70
  s2s.crud.fetchAllTickets                      n=  347 err=   0 errRate=  0.00% avg=  322.35 min=   25.81 max=  977.58 p50=  294.46 p95=  678.28 p99=  796.88 rps=  34.70
  s2s.crud.fetchFilms                           n=  342 err=   0 errRate=  0.00% avg=  407.35 min=  100.75 max= 1074.47 p50=  397.22 p95=  780.31 p99=  962.80 rps=  34.20
window 30s
  calc.additional.maxViewersSummary             n=  412 err=   0 errRate=  0.00% avg=  951.90 min=  219.63 max= 4793.66 p50=  767.70 p95= 3332.31 p99= 3897.67 rps=  13.73
  controller.AnalyticsController.maxViewersSummary n=  412 err=   0 errRate=  0.00% avg=  965.58 min=  220.14 max= 4967.60 p50=  770.20 p95= 3503.34 p99= 4083.37 rps=  13.73
  s2s.crud.fetchAllTickets                      n=  412 err=   0 errRate=  0.00% avg=  338.80 min=   25.81 max= 1105.89 p50=  301.86 p95=  722.07 p99=  897.24 rps=  13.73
  s2s.crud.fetchFilms                           n=  424 err=   0 errRate=  0.00% avg=  591.66 min=  100.75 max= 3713.95 p50=  413.45 p95= 2479.57 p99= 3271.73 rps=  14.13
window 1m
  calc.additional.maxViewersSummary             n=  412 err=   0 errRate=  0.00% avg=  951.90 min=  219.63 max= 4793.66 p50=  767.70 p95= 3332.31 p99= 3897.67 rps=   6.87
  controller.AnalyticsController.maxViewersSummary n=  412 err=   0 errRate=  0.00% avg=  965.58 min=  220.14 max= 4967.60 p50=  770.20 p95= 3503.34 p99= 4083.37 rps=   6.87
  s2s.crud.fetchAllTickets                      n=  412 err=   0 errRate=  0.00% avg=  338.80 min=   25.81 max= 1105.89 p50=  301.86 p95=  722.07 p99=  897.24 rps=   6.87
  s2s.crud.fetchFilms                           n=  424 err=   0 errRate=  0.00% avg=  591.66 min=  100.75 max= 3713.95 p50=  413.45 p95= 2479.57 p99= 3271.73 rps=   7.07

2026-05-05T03:53:41.648Z  INFO 1 --- [lab8-additional-service] [   scheduling-1] r.h.l.a.o.ObservabilityService           : [lab8-additional-service] observability refresh
window 10s
  calc.additional.maxViewersSummary             n=  357 err=   0 errRate=  0.00% avg=  711.35 min=  219.63 max= 1611.19 p50=  693.75 p95= 1106.54 p99= 1415.51 rps=  35.70
  controller.AnalyticsController.maxViewersSummary n=  357 err=   0 errRate=  0.00% avg=  712.87 min=  220.14 max= 1611.92 p50=  694.50 p95= 1107.34 p99= 1417.60 rps=  35.70
  s2s.crud.fetchAllTickets                      n=  357 err=   0 errRate=  0.00% avg=  312.64 min=   25.81 max=  966.98 p50=  293.90 p95=  604.71 p99=  778.15 rps=  35.70
  s2s.crud.fetchFilms                           n=  358 err=   0 errRate=  0.00% avg=  394.50 min=  100.75 max= 1074.47 p50=  395.95 p95=  707.28 p99=  955.02 rps=  35.80
window 30s
  calc.additional.maxViewersSummary             n=  453 err=   0 errRate=  0.00% avg=  925.26 min=  219.63 max= 4793.66 p50=  725.18 p95= 3029.24 p99= 3897.32 rps=  15.10
  controller.AnalyticsController.maxViewersSummary n=  453 err=   0 errRate=  0.00% avg=  937.81 min=  220.14 max= 4967.60 p50=  725.80 p95= 3252.34 p99= 4076.32 rps=  15.10
  s2s.crud.fetchAllTickets                      n=  453 err=   0 errRate=  0.00% avg=  336.20 min=   25.81 max= 1105.89 p50=  301.64 p95=  706.23 p99=  879.02 rps=  15.10
  s2s.crud.fetchFilms                           n=  464 err=   0 errRate=  0.00% avg=  569.94 min=  100.75 max= 3713.95 p50=  407.11 p95= 2441.31 p99= 3270.47 rps=  15.47
window 1m
  calc.additional.maxViewersSummary             n=  453 err=   0 errRate=  0.00% avg=  925.26 min=  219.63 max= 4793.66 p50=  725.18 p95= 3029.24 p99= 3897.32 rps=   7.55
  controller.AnalyticsController.maxViewersSummary n=  453 err=   0 errRate=  0.00% avg=  937.81 min=  220.14 max= 4967.60 p50=  725.80 p95= 3252.34 p99= 4076.32 rps=   7.55
  s2s.crud.fetchAllTickets                      n=  453 err=   0 errRate=  0.00% avg=  336.20 min=   25.81 max= 1105.89 p50=  301.64 p95=  706.23 p99=  879.02 rps=   7.55
  s2s.crud.fetchFilms                           n=  464 err=   0 errRate=  0.00% avg=  569.94 min=  100.75 max= 3713.95 p50=  407.11 p95= 2441.31 p99= 3270.47 rps=   7.73

2026-05-05T03:53:42.656Z  INFO 1 --- [lab8-additional-service] [   scheduling-1] r.h.l.a.o.ObservabilityService           : [lab8-additional-service] observability refresh
window 10s
  calc.additional.maxViewersSummary             n=  368 err=   0 errRate=  0.00% avg=  681.55 min=  219.63 max= 1611.19 p50=  644.25 p95= 1094.54 p99= 1345.81 rps=  36.80
  controller.AnalyticsController.maxViewersSummary n=  368 err=   0 errRate=  0.00% avg=  682.99 min=  220.14 max= 1611.92 p50=  645.39 p95= 1095.86 p99= 1348.56 rps=  36.80
  s2s.crud.fetchAllTickets                      n=  368 err=   0 errRate=  0.00% avg=  306.08 min=   37.17 max=  801.49 p50=  290.01 p95=  589.13 p99=  720.25 rps=  36.80
  s2s.crud.fetchFilms                           n=  371 err=   0 errRate=  0.00% avg=  372.43 min=  100.75 max= 1074.47 p50=  384.82 p95=  633.51 p99=  851.60 rps=  37.10
window 30s
  calc.additional.maxViewersSummary             n=  498 err=   0 errRate=  0.00% avg=  891.98 min=  219.63 max= 4793.66 p50=  714.23 p95= 2855.01 p99= 3896.93 rps=  16.60
  controller.AnalyticsController.maxViewersSummary n=  498 err=   0 errRate=  0.00% avg=  903.49 min=  220.14 max= 4967.60 p50=  715.31 p95= 3164.12 p99= 4068.59 rps=  16.60
  s2s.crud.fetchAllTickets                      n=  498 err=   0 errRate=  0.00% avg=  330.46 min=   25.81 max= 1105.89 p50=  297.51 p95=  697.67 p99=  859.02 rps=  16.60
  s2s.crud.fetchFilms                           n=  505 err=   0 errRate=  0.00% avg=  546.64 min=  100.75 max= 3713.95 p50=  402.02 p95= 2117.43 p99= 3269.22 rps=  16.83
window 1m
  calc.additional.maxViewersSummary             n=  498 err=   0 errRate=  0.00% avg=  891.98 min=  219.63 max= 4793.66 p50=  714.23 p95= 2855.01 p99= 3896.93 rps=   8.30
  controller.AnalyticsController.maxViewersSummary n=  498 err=   0 errRate=  0.00% avg=  903.49 min=  220.14 max= 4967.60 p50=  715.31 p95= 3164.12 p99= 4068.59 rps=   8.30
  s2s.crud.fetchAllTickets                      n=  498 err=   0 errRate=  0.00% avg=  330.46 min=   25.81 max= 1105.89 p50=  297.51 p95=  697.67 p99=  859.02 rps=   8.30
  s2s.crud.fetchFilms                           n=  505 err=   0 errRate=  0.00% avg=  546.64 min=  100.75 max= 3713.95 p50=  402.02 p95= 2117.43 p99= 3269.22 rps=   8.42

2026-05-05T03:53:43.658Z  INFO 1 --- [lab8-additional-service] [   scheduling-1] r.h.l.a.o.ObservabilityService           : [lab8-additional-service] observability refresh
window 10s
  calc.additional.maxViewersSummary             n=  375 err=   0 errRate=  0.00% avg=  658.47 min=  129.05 max= 1611.19 p50=  625.43 p95= 1040.90 p99= 1221.92 rps=  37.50
  controller.AnalyticsController.maxViewersSummary n=  375 err=   0 errRate=  0.00% avg=  659.86 min=  129.44 max= 1611.92 p50=  626.37 p95= 1044.76 p99= 1222.93 rps=  37.50
  s2s.crud.fetchAllTickets                      n=  375 err=   0 errRate=  0.00% avg=  299.58 min=   26.22 max=  791.47 p50=  285.82 p95=  580.22 p99=  686.00 rps=  37.50
  s2s.crud.fetchFilms                           n=  380 err=   0 errRate=  0.00% avg=  354.02 min=   98.40 max=  982.74 p50=  332.95 p95=  613.49 p99=  744.18 rps=  38.00
window 30s
  calc.additional.maxViewersSummary             n=  536 err=   0 errRate=  0.00% avg=  867.59 min=  129.05 max= 4793.66 p50=  707.03 p95= 1883.91 p99= 3872.86 rps=  17.87
  controller.AnalyticsController.maxViewersSummary n=  536 err=   0 errRate=  0.00% avg=  878.36 min=  129.44 max= 4967.60 p50=  709.03 p95= 1884.57 p99= 4058.41 rps=  17.87
  s2s.crud.fetchAllTickets                      n=  536 err=   0 errRate=  0.00% avg=  325.15 min=   25.81 max= 1105.89 p50=  294.18 p95=  692.94 p99=  849.56 rps=  17.87
  s2s.crud.fetchFilms                           n=  548 err=   0 errRate=  0.00% avg=  525.73 min=   98.40 max= 3713.95 p50=  397.68 p95= 1430.58 p99= 3268.36 rps=  18.27
window 1m
  calc.additional.maxViewersSummary             n=  536 err=   0 errRate=  0.00% avg=  867.59 min=  129.05 max= 4793.66 p50=  707.03 p95= 1883.91 p99= 3872.86 rps=   8.93
  controller.AnalyticsController.maxViewersSummary n=  536 err=   0 errRate=  0.00% avg=  878.36 min=  129.44 max= 4967.60 p50=  709.03 p95= 1884.57 p99= 4058.41 rps=   8.93
  s2s.crud.fetchAllTickets                      n=  536 err=   0 errRate=  0.00% avg=  325.15 min=   25.81 max= 1105.89 p50=  294.18 p95=  692.94 p99=  849.56 rps=   8.93
  s2s.crud.fetchFilms                           n=  548 err=   0 errRate=  0.00% avg=  525.73 min=   98.40 max= 3713.95 p50=  397.68 p95= 1430.58 p99= 3268.36 rps=   9.13

2026-05-05T03:53:44.663Z  INFO 1 --- [lab8-additional-service] [   scheduling-1] r.h.l.a.o.ObservabilityService           : [lab8-additional-service] observability refresh
window 10s
  calc.additional.maxViewersSummary             n=  384 err=   0 errRate=  0.00% avg=  641.71 min=  129.05 max= 1493.99 p50=  613.13 p95= 1002.63 p99= 1110.59 rps=  38.40
  controller.AnalyticsController.maxViewersSummary n=  384 err=   0 errRate=  0.00% avg=  643.04 min=  129.44 max= 1494.56 p50=  614.42 p95= 1004.17 p99= 1111.91 rps=  38.40
  s2s.crud.fetchAllTickets                      n=  384 err=   0 errRate=  0.00% avg=  297.44 min=   26.22 max=  776.55 p50=  285.64 p95=  577.52 p99=  685.19 rps=  38.40
  s2s.crud.fetchFilms                           n=  390 err=   0 errRate=  0.00% avg=  339.84 min=   98.40 max=  934.11 p50=  317.46 p95=  605.91 p99=  729.47 rps=  39.00
window 30s
  calc.additional.maxViewersSummary             n=  578 err=   0 errRate=  0.00% avg=  849.55 min=  129.05 max= 4793.66 p50=  696.24 p95= 1648.42 p99= 3844.00 rps=  19.27
  controller.AnalyticsController.maxViewersSummary n=  578 err=   0 errRate=  0.00% avg=  859.62 min=  129.44 max= 4967.60 p50=  697.18 p95= 1652.63 p99= 4046.82 rps=  19.27
  s2s.crud.fetchAllTickets                      n=  578 err=   0 errRate=  0.00% avg=  323.74 min=   25.81 max= 1105.89 p50=  293.73 p95=  692.81 p99=  839.82 rps=  19.27
  s2s.crud.fetchFilms                           n=  590 err=   0 errRate=  0.00% avg=  510.92 min=   98.40 max= 3713.95 p50=  396.99 p95= 1309.85 p99= 3267.53 rps=  19.67
window 1m
  calc.additional.maxViewersSummary             n=  578 err=   0 errRate=  0.00% avg=  849.55 min=  129.05 max= 4793.66 p50=  696.24 p95= 1648.42 p99= 3844.00 rps=   9.63
  controller.AnalyticsController.maxViewersSummary n=  578 err=   0 errRate=  0.00% avg=  859.62 min=  129.44 max= 4967.60 p50=  697.18 p95= 1652.63 p99= 4046.82 rps=   9.63
  s2s.crud.fetchAllTickets                      n=  578 err=   0 errRate=  0.00% avg=  323.74 min=   25.81 max= 1105.89 p50=  293.73 p95=  692.81 p99=  839.82 rps=   9.63
  s2s.crud.fetchFilms                           n=  590 err=   0 errRate=  0.00% avg=  510.92 min=   98.40 max= 3713.95 p50=  396.99 p95= 1309.85 p99= 3267.53 rps=   9.83

2026-05-05T03:53:45.668Z  INFO 1 --- [lab8-additional-service] [   scheduling-1] r.h.l.a.o.ObservabilityService           : [lab8-additional-service] observability refresh
window 10s
  calc.additional.maxViewersSummary             n=  405 err=   0 errRate=  0.00% avg=  620.47 min=  129.05 max= 1493.99 p50=  601.88 p95=  990.87 p99= 1105.12 rps=  40.50
  controller.AnalyticsController.maxViewersSummary n=  405 err=   0 errRate=  0.00% avg=  621.67 min=  129.44 max= 1494.56 p50=  602.96 p95=  991.71 p99= 1105.60 rps=  40.50
  s2s.crud.fetchAllTickets                      n=  405 err=   0 errRate=  0.00% avg=  287.91 min=   25.07 max=  776.55 p50=  281.89 p95=  568.78 p99=  683.09 rps=  40.50
  s2s.crud.fetchFilms                           n=  402 err=   0 errRate=  0.00% avg=  327.76 min=   98.40 max=  934.11 p50=  308.89 p95=  589.35 p99=  713.68 rps=  40.20
window 30s
  calc.additional.maxViewersSummary             n=  628 err=   0 errRate=  0.00% avg=  822.75 min=  129.05 max= 4793.66 p50=  686.06 p95= 1589.89 p99= 3827.10 rps=  20.93
  controller.AnalyticsController.maxViewersSummary n=  628 err=   0 errRate=  0.00% avg=  832.09 min=  129.44 max= 4967.60 p50=  687.16 p95= 1591.68 p99= 4026.30 rps=  20.93
  s2s.crud.fetchAllTickets                      n=  628 err=   0 errRate=  0.00% avg=  315.71 min=   25.07 max= 1105.89 p50=  290.20 p95=  684.85 p99=  833.62 rps=  20.93
  s2s.crud.fetchFilms                           n=  637 err=   0 errRate=  0.00% avg=  495.47 min=   98.40 max= 3713.95 p50=  394.99 p95= 1077.87 p99= 3173.59 rps=  21.23
window 1m
  calc.additional.maxViewersSummary             n=  628 err=   0 errRate=  0.00% avg=  822.75 min=  129.05 max= 4793.66 p50=  686.06 p95= 1589.89 p99= 3827.10 rps=  10.47
  controller.AnalyticsController.maxViewersSummary n=  628 err=   0 errRate=  0.00% avg=  832.09 min=  129.44 max= 4967.60 p50=  687.16 p95= 1591.68 p99= 4026.30 rps=  10.47
  s2s.crud.fetchAllTickets                      n=  628 err=   0 errRate=  0.00% avg=  315.71 min=   25.07 max= 1105.89 p50=  290.20 p95=  684.85 p99=  833.62 rps=  10.47
  s2s.crud.fetchFilms                           n=  637 err=   0 errRate=  0.00% avg=  495.47 min=   98.40 max= 3713.95 p50=  394.99 p95= 1077.87 p99= 3173.59 rps=  10.62

2026-05-05T03:53:46.675Z  INFO 1 --- [lab8-additional-service] [   scheduling-1] r.h.l.a.o.ObservabilityService           : [lab8-additional-service] observability refresh
window 10s
  calc.additional.maxViewersSummary             n=  409 err=   0 errRate=  0.00% avg=  599.38 min=  129.05 max= 1493.99 p50=  595.26 p95=  979.59 p99= 1085.40 rps=  40.90
  controller.AnalyticsController.maxViewersSummary n=  409 err=   0 errRate=  0.00% avg=  600.50 min=  129.44 max= 1494.56 p50=  596.27 p95=  980.42 p99= 1087.26 rps=  40.90
  s2s.crud.fetchAllTickets                      n=  409 err=   0 errRate=  0.00% avg=  277.10 min=   25.07 max=  776.55 p50=  276.93 p95=  527.78 p99=  665.25 rps=  40.90
  s2s.crud.fetchFilms                           n=  410 err=   0 errRate=  0.00% avg=  319.36 min=   93.45 max=  934.11 p50=  306.87 p95=  585.61 p99=  700.77 rps=  41.00
window 30s
  calc.additional.maxViewersSummary             n=  672 err=   0 errRate=  0.00% avg=  802.90 min=  129.05 max= 4793.66 p50=  665.31 p95= 1541.10 p99= 3825.31 rps=  22.40
  controller.AnalyticsController.maxViewersSummary n=  672 err=   0 errRate=  0.00% avg=  811.67 min=  129.44 max= 4967.60 p50=  667.70 p95= 1544.36 p99= 4003.19 rps=  22.40
  s2s.crud.fetchAllTickets                      n=  672 err=   0 errRate=  0.00% avg=  310.02 min=   25.07 max= 1105.89 p50=  287.87 p95=  681.49 p99=  832.23 rps=  22.40
  s2s.crud.fetchFilms                           n=  682 err=   0 errRate=  0.00% avg=  480.80 min=   93.45 max= 3713.95 p50=  388.23 p95= 1019.44 p99= 3056.44 rps=  22.73
window 1m
  calc.additional.maxViewersSummary             n=  672 err=   0 errRate=  0.00% avg=  802.90 min=  129.05 max= 4793.66 p50=  665.31 p95= 1541.10 p99= 3825.31 rps=  11.20
  controller.AnalyticsController.maxViewersSummary n=  672 err=   0 errRate=  0.00% avg=  811.67 min=  129.44 max= 4967.60 p50=  667.70 p95= 1544.36 p99= 4003.19 rps=  11.20
  s2s.crud.fetchAllTickets                      n=  672 err=   0 errRate=  0.00% avg=  310.02 min=   25.07 max= 1105.89 p50=  287.87 p95=  681.49 p99=  832.23 rps=  11.20
  s2s.crud.fetchFilms                           n=  682 err=   0 errRate=  0.00% avg=  480.80 min=   93.45 max= 3713.95 p50=  388.23 p95= 1019.44 p99= 3056.44 rps=  11.37

2026-05-05T03:53:47.677Z  INFO 1 --- [lab8-additional-service] [   scheduling-1] r.h.l.a.o.ObservabilityService           : [lab8-additional-service] observability refresh
window 10s
  calc.additional.maxViewersSummary             n=  418 err=   0 errRate=  0.00% avg=  581.31 min=  129.05 max= 1493.99 p50=  583.82 p95=  922.56 p99= 1085.25 rps=  41.80
  controller.AnalyticsController.maxViewersSummary n=  418 err=   0 errRate=  0.00% avg=  582.36 min=  129.44 max= 1494.56 p50=  585.63 p95=  923.38 p99= 1086.98 rps=  41.80
  s2s.crud.fetchAllTickets                      n=  418 err=   0 errRate=  0.00% avg=  272.18 min=   25.07 max=  776.55 p50=  232.17 p95=  530.23 p99=  660.36 rps=  41.80
  s2s.crud.fetchFilms                           n=  420 err=   0 errRate=  0.00% avg=  306.32 min=   93.45 max=  934.11 p50=  299.59 p95=  538.69 p99=  693.64 rps=  42.00
window 30s
  calc.additional.maxViewersSummary             n=  719 err=   0 errRate=  0.00% avg=  782.01 min=  129.05 max= 4793.66 p50=  625.43 p95= 1495.71 p99= 3819.85 rps=  23.97
  controller.AnalyticsController.maxViewersSummary n=  719 err=   0 errRate=  0.00% avg=  790.29 min=  129.44 max= 4967.60 p50=  626.37 p95= 1499.65 p99= 3981.35 rps=  23.97
  s2s.crud.fetchAllTickets                      n=  719 err=   0 errRate=  0.00% avg=  304.89 min=   25.07 max= 1105.89 p50=  284.50 p95=  676.82 p99=  826.15 rps=  23.97
  s2s.crud.fetchFilms                           n=  730 err=   0 errRate=  0.00% avg=  465.59 min=   93.45 max= 3713.95 p50=  374.44 p95=  993.62 p99= 2994.50 rps=  24.33
window 1m
  calc.additional.maxViewersSummary             n=  719 err=   0 errRate=  0.00% avg=  782.01 min=  129.05 max= 4793.66 p50=  625.43 p95= 1495.71 p99= 3819.85 rps=  11.98
  controller.AnalyticsController.maxViewersSummary n=  719 err=   0 errRate=  0.00% avg=  790.29 min=  129.44 max= 4967.60 p50=  626.37 p95= 1499.65 p99= 3981.35 rps=  11.98
  s2s.crud.fetchAllTickets                      n=  719 err=   0 errRate=  0.00% avg=  304.89 min=   25.07 max= 1105.89 p50=  284.50 p95=  676.82 p99=  826.15 rps=  11.98
  s2s.crud.fetchFilms                           n=  730 err=   0 errRate=  0.00% avg=  465.59 min=   93.45 max= 3713.95 p50=  374.44 p95=  993.62 p99= 2994.50 rps=  12.17

2026-05-05T03:53:48.679Z  INFO 1 --- [lab8-additional-service] [   scheduling-1] r.h.l.a.o.ObservabilityService           : [lab8-additional-service] observability refresh
window 10s
  calc.additional.maxViewersSummary             n=  433 err=   0 errRate=  0.00% avg=  563.70 min=  129.05 max= 1493.99 p50=  531.81 p95=  913.98 p99= 1029.28 rps=  43.30
  controller.AnalyticsController.maxViewersSummary n=  433 err=   0 errRate=  0.00% avg=  564.75 min=  129.44 max= 1494.56 p50=  532.12 p95=  915.09 p99= 1032.76 rps=  43.30
  s2s.crud.fetchAllTickets                      n=  433 err=   0 errRate=  0.00% avg=  261.30 min=   25.07 max=  776.55 p50=  215.10 p95=  514.13 p99=  609.26 rps=  43.30
  s2s.crud.fetchFilms                           n=  432 err=   0 errRate=  0.00% avg=  299.05 min=   93.45 max=  732.15 p50=  295.81 p95=  523.57 p99=  634.42 rps=  43.20
window 30s
  calc.additional.maxViewersSummary             n=  768 err=   0 errRate=  0.00% avg=  763.45 min=  129.05 max= 4793.66 p50=  616.95 p95= 1481.91 p99= 3808.21 rps=  25.60
  controller.AnalyticsController.maxViewersSummary n=  768 err=   0 errRate=  0.00% avg=  771.27 min=  129.44 max= 4967.60 p50=  619.53 p95= 1483.79 p99= 3963.32 rps=  25.60
  s2s.crud.fetchAllTickets                      n=  768 err=   0 errRate=  0.00% avg=  298.84 min=   25.07 max= 1105.89 p50=  281.75 p95=  657.28 p99=  812.11 rps=  25.60
  s2s.crud.fetchFilms                           n=  780 err=   0 errRate=  0.00% avg=  454.37 min=   93.45 max= 3713.95 p50=  362.02 p95=  936.54 p99= 2972.99 rps=  26.00
window 1m
  calc.additional.maxViewersSummary             n=  768 err=   0 errRate=  0.00% avg=  763.45 min=  129.05 max= 4793.66 p50=  616.95 p95= 1481.91 p99= 3808.21 rps=  12.80
  controller.AnalyticsController.maxViewersSummary n=  768 err=   0 errRate=  0.00% avg=  771.27 min=  129.44 max= 4967.60 p50=  619.53 p95= 1483.79 p99= 3963.32 rps=  12.80
  s2s.crud.fetchAllTickets                      n=  768 err=   0 errRate=  0.00% avg=  298.84 min=   25.07 max= 1105.89 p50=  281.75 p95=  657.28 p99=  812.11 rps=  12.80
  s2s.crud.fetchFilms                           n=  780 err=   0 errRate=  0.00% avg=  454.37 min=   93.45 max= 3713.95 p50=  362.02 p95=  936.54 p99= 2972.99 rps=  13.00

2026-05-05T03:53:49.682Z  INFO 1 --- [lab8-additional-service] [   scheduling-1] r.h.l.a.o.ObservabilityService           : [lab8-additional-service] observability refresh
window 10s
  calc.additional.maxViewersSummary             n=  438 err=   0 errRate=  0.00% avg=  546.96 min=  129.05 max= 1297.09 p50=  516.83 p95=  901.12 p99= 1014.72 rps=  43.80
  controller.AnalyticsController.maxViewersSummary n=  438 err=   0 errRate=  0.00% avg=  547.97 min=  129.44 max= 1297.48 p50=  518.29 p95=  903.04 p99= 1016.94 rps=  43.80
  s2s.crud.fetchAllTickets                      n=  438 err=   0 errRate=  0.00% avg=  252.34 min=   25.07 max=  776.55 p50=  208.00 p95=  511.27 p99=  608.32 rps=  43.80
  s2s.crud.fetchFilms                           n=  445 err=   0 errRate=  0.00% avg=  294.69 min=   93.45 max=  732.15 p50=  295.34 p95=  514.11 p99=  621.91 rps=  44.50
window 30s
  calc.additional.maxViewersSummary             n=  812 err=   0 errRate=  0.00% avg=  749.73 min=  129.05 max= 4793.66 p50=  613.23 p95= 1440.43 p99= 3791.41 rps=  27.07
  controller.AnalyticsController.maxViewersSummary n=  812 err=   0 errRate=  0.00% avg=  757.16 min=  129.44 max= 4967.60 p50=  614.34 p95= 1444.13 p99= 3943.29 rps=  27.07
  s2s.crud.fetchAllTickets                      n=  812 err=   0 errRate=  0.00% avg=  295.00 min=   25.07 max= 1105.89 p50=  277.85 p95=  616.28 p99=  802.53 rps=  27.07
  s2s.crud.fetchFilms                           n=  827 err=   0 errRate=  0.00% avg=  444.33 min=   93.45 max= 3713.95 p50=  332.98 p95=  912.59 p99= 2945.75 rps=  27.57
window 1m
  calc.additional.maxViewersSummary             n=  812 err=   0 errRate=  0.00% avg=  749.73 min=  129.05 max= 4793.66 p50=  613.23 p95= 1440.43 p99= 3791.41 rps=  13.53
  controller.AnalyticsController.maxViewersSummary n=  812 err=   0 errRate=  0.00% avg=  757.16 min=  129.44 max= 4967.60 p50=  614.34 p95= 1444.13 p99= 3943.29 rps=  13.53
  s2s.crud.fetchAllTickets                      n=  812 err=   0 errRate=  0.00% avg=  295.00 min=   25.07 max= 1105.89 p50=  277.85 p95=  616.28 p99=  802.53 rps=  13.53
  s2s.crud.fetchFilms                           n=  827 err=   0 errRate=  0.00% avg=  444.33 min=   93.45 max= 3713.95 p50=  332.98 p95=  912.59 p99= 2945.75 rps=  13.78

2026-05-05T03:53:50.686Z  INFO 1 --- [lab8-additional-service] [   scheduling-1] r.h.l.a.o.ObservabilityService           : [lab8-additional-service] observability refresh
window 10s
  calc.additional.maxViewersSummary             n=  452 err=   0 errRate=  0.00% avg=  536.36 min=  129.05 max= 1297.09 p50=  514.13 p95=  898.02 p99= 1019.63 rps=  45.20
  controller.AnalyticsController.maxViewersSummary n=  452 err=   0 errRate=  0.00% avg=  537.35 min=  129.44 max= 1297.48 p50=  514.68 p95=  899.64 p99= 1020.00 rps=  45.20
  s2s.crud.fetchAllTickets                      n=  452 err=   0 errRate=  0.00% avg=  249.74 min=   25.07 max=  881.82 p50=  205.63 p95=  511.56 p99=  641.88 rps=  45.20
  s2s.crud.fetchFilms                           n=  451 err=   0 errRate=  0.00% avg=  285.15 min=   92.78 max=  732.15 p50=  289.92 p95=  515.40 p99=  620.66 rps=  45.10
window 30s
  calc.additional.maxViewersSummary             n=  864 err=   0 errRate=  0.00% avg=  734.52 min=  129.05 max= 4793.66 p50=  610.14 p95= 1324.58 p99= 3749.11 rps=  28.80
  controller.AnalyticsController.maxViewersSummary n=  864 err=   0 errRate=  0.00% avg=  741.55 min=  129.44 max= 4967.60 p50=  611.08 p95= 1325.83 p99= 3906.01 rps=  28.80
  s2s.crud.fetchAllTickets                      n=  864 err=   0 errRate=  0.00% avg=  292.21 min=   25.07 max= 1105.89 p50=  276.03 p95=  612.85 p99=  813.26 rps=  28.80
  s2s.crud.fetchFilms                           n=  875 err=   0 errRate=  0.00% avg=  433.67 min=   92.78 max= 3713.95 p50=  324.98 p95=  907.12 p99= 2912.15 rps=  29.17
window 1m
  calc.additional.maxViewersSummary             n=  864 err=   0 errRate=  0.00% avg=  734.52 min=  129.05 max= 4793.66 p50=  610.14 p95= 1324.58 p99= 3749.11 rps=  14.40
  controller.AnalyticsController.maxViewersSummary n=  864 err=   0 errRate=  0.00% avg=  741.55 min=  129.44 max= 4967.60 p50=  611.08 p95= 1325.83 p99= 3906.01 rps=  14.40
  s2s.crud.fetchAllTickets                      n=  864 err=   0 errRate=  0.00% avg=  292.21 min=   25.07 max= 1105.89 p50=  276.03 p95=  612.85 p99=  813.26 rps=  14.40
  s2s.crud.fetchFilms                           n=  875 err=   0 errRate=  0.00% avg=  433.67 min=   92.78 max= 3713.95 p50=  324.98 p95=  907.12 p99= 2912.15 rps=  14.58

2026-05-05T03:53:51.688Z  INFO 1 --- [lab8-additional-service] [   scheduling-1] r.h.l.a.o.ObservabilityService           : [lab8-additional-service] observability refresh
window 10s
  calc.additional.maxViewersSummary             n=  461 err=   0 errRate=  0.00% avg=  520.02 min=  129.05 max= 1297.09 p50=  505.91 p95=  885.54 p99= 1002.02 rps=  46.10
  controller.AnalyticsController.maxViewersSummary n=  461 err=   0 errRate=  0.00% avg=  520.97 min=  129.44 max= 1297.48 p50=  506.22 p95=  888.32 p99= 1005.37 rps=  46.10
  s2s.crud.fetchAllTickets                      n=  461 err=   0 errRate=  0.00% avg=  242.01 min=   25.07 max=  881.82 p50=  205.77 p95=  501.56 p99=  619.93 rps=  46.10
  s2s.crud.fetchFilms                           n=  462 err=   0 errRate=  0.00% avg=  275.65 min=   92.78 max=  729.14 p50=  284.42 p95=  505.35 p99=  589.31 rps=  46.20
window 30s
  calc.additional.maxViewersSummary             n=  914 err=   0 errRate=  0.00% avg=  720.87 min=  129.05 max= 4793.66 p50=  603.56 p95= 1304.64 p99= 3715.70 rps=  30.47
  controller.AnalyticsController.maxViewersSummary n=  914 err=   0 errRate=  0.00% avg=  727.57 min=  129.44 max= 4967.60 p50=  605.13 p95= 1307.17 p99= 3879.30 rps=  30.47
  s2s.crud.fetchAllTickets                      n=  914 err=   0 errRate=  0.00% avg=  288.69 min=   25.07 max= 1105.89 p50=  273.66 p95=  610.78 p99=  802.51 rps=  30.47
  s2s.crud.fetchFilms                           n=  926 err=   0 errRate=  0.00% avg=  423.11 min=   92.78 max= 3713.95 p50=  318.33 p95=  900.13 p99= 2891.63 rps=  30.87
window 1m
  calc.additional.maxViewersSummary             n=  914 err=   0 errRate=  0.00% avg=  720.87 min=  129.05 max= 4793.66 p50=  603.56 p95= 1304.64 p99= 3715.70 rps=  15.23
  controller.AnalyticsController.maxViewersSummary n=  914 err=   0 errRate=  0.00% avg=  727.57 min=  129.44 max= 4967.60 p50=  605.13 p95= 1307.17 p99= 3879.30 rps=  15.23
  s2s.crud.fetchAllTickets                      n=  914 err=   0 errRate=  0.00% avg=  288.69 min=   25.07 max= 1105.89 p50=  273.66 p95=  610.78 p99=  802.51 rps=  15.23
  s2s.crud.fetchFilms                           n=  926 err=   0 errRate=  0.00% avg=  423.11 min=   92.78 max= 3713.95 p50=  318.33 p95=  900.13 p99= 2891.63 rps=  15.43

2026-05-05T03:53:52.690Z  INFO 1 --- [lab8-additional-service] [   scheduling-1] r.h.l.a.o.ObservabilityService           : [lab8-additional-service] observability refresh
window 10s
  calc.additional.maxViewersSummary             n=  465 err=   0 errRate=  0.00% avg=  510.19 min=  117.96 max= 1297.09 p50=  500.50 p95=  817.66 p99= 1001.29 rps=  46.50
  controller.AnalyticsController.maxViewersSummary n=  465 err=   0 errRate=  0.00% avg=  511.10 min=  118.24 max= 1297.48 p50=  501.27 p95=  818.73 p99= 1004.84 rps=  46.50
  s2s.crud.fetchAllTickets                      n=  465 err=   0 errRate=  0.00% avg=  234.91 min=   22.90 max=  881.82 p50=  202.46 p95=  491.44 p99=  603.27 rps=  46.50
  s2s.crud.fetchFilms                           n=  473 err=   0 errRate=  0.00% avg=  274.02 min=   28.73 max=  729.14 p50=  282.94 p95=  504.39 p99=  588.49 rps=  47.30
window 30s
  calc.additional.maxViewersSummary             n=  963 err=   0 errRate=  0.00% avg=  707.63 min=  117.96 max= 4793.66 p50=  598.68 p95= 1294.60 p99= 3703.21 rps=  32.10
  controller.AnalyticsController.maxViewersSummary n=  963 err=   0 errRate=  0.00% avg=  714.02 min=  118.24 max= 4967.60 p50=  599.83 p95= 1296.65 p99= 3878.61 rps=  32.10
  s2s.crud.fetchAllTickets                      n=  963 err=   0 errRate=  0.00% avg=  284.32 min=   22.90 max= 1105.89 p50=  237.94 p95=  605.88 p99=  801.93 rps=  32.10
  s2s.crud.fetchFilms                           n=  978 err=   0 errRate=  0.00% avg=  414.79 min=   28.73 max= 3713.95 p50=  316.11 p95=  836.10 p99= 2886.82 rps=  32.60
window 1m
  calc.additional.maxViewersSummary             n=  963 err=   0 errRate=  0.00% avg=  707.63 min=  117.96 max= 4793.66 p50=  598.68 p95= 1294.60 p99= 3703.21 rps=  16.05
  controller.AnalyticsController.maxViewersSummary n=  963 err=   0 errRate=  0.00% avg=  714.02 min=  118.24 max= 4967.60 p50=  599.83 p95= 1296.65 p99= 3878.61 rps=  16.05
  s2s.crud.fetchAllTickets                      n=  963 err=   0 errRate=  0.00% avg=  284.32 min=   22.90 max= 1105.89 p50=  237.94 p95=  605.88 p99=  801.93 rps=  16.05
  s2s.crud.fetchFilms                           n=  978 err=   0 errRate=  0.00% avg=  414.79 min=   28.73 max= 3713.95 p50=  316.11 p95=  836.10 p99= 2886.82 rps=  16.30

2026-05-05T03:53:53.693Z  INFO 1 --- [lab8-additional-service] [   scheduling-1] r.h.l.a.o.ObservabilityService           : [lab8-additional-service] observability refresh
window 10s
  calc.additional.maxViewersSummary             n=  481 err=   0 errRate=  0.00% avg=  502.82 min=  117.96 max= 1297.09 p50=  499.40 p95=  800.53 p99=  998.35 rps=  48.10
  controller.AnalyticsController.maxViewersSummary n=  481 err=   0 errRate=  0.00% avg=  503.68 min=  118.24 max= 1297.48 p50=  500.69 p95=  801.01 p99= 1002.70 rps=  48.10
  s2s.crud.fetchAllTickets                      n=  481 err=   0 errRate=  0.00% avg=  232.77 min=   22.90 max=  881.82 p50=  203.59 p95=  485.37 p99=  600.27 rps=  48.10
  s2s.crud.fetchFilms                           n=  478 err=   0 errRate=  0.00% avg=  269.39 min=   28.73 max=  729.14 p50=  281.19 p95=  502.06 p99=  588.11 rps=  47.80
window 30s
  calc.additional.maxViewersSummary             n= 1017 err=   0 errRate=  0.00% avg=  695.07 min=  117.96 max= 4793.66 p50=  595.33 p95= 1284.24 p99= 3685.07 rps=  33.90
  controller.AnalyticsController.maxViewersSummary n= 1017 err=   0 errRate=  0.00% avg=  701.15 min=  118.24 max= 4967.60 p50=  596.74 p95= 1285.81 p99= 3875.78 rps=  33.90
  s2s.crud.fetchAllTickets                      n= 1017 err=   0 errRate=  0.00% avg=  281.46 min=   22.90 max= 1105.89 p50=  227.01 p95=  603.87 p99=  799.88 rps=  33.90
  s2s.crud.fetchFilms                           n= 1026 err=   0 errRate=  0.00% avg=  406.30 min=   28.73 max= 3713.95 p50=  312.76 p95=  814.47 p99= 2884.20 rps=  34.20
window 1m
  calc.additional.maxViewersSummary             n= 1017 err=   0 errRate=  0.00% avg=  695.07 min=  117.96 max= 4793.66 p50=  595.33 p95= 1284.24 p99= 3685.07 rps=  16.95
  controller.AnalyticsController.maxViewersSummary n= 1017 err=   0 errRate=  0.00% avg=  701.15 min=  118.24 max= 4967.60 p50=  596.74 p95= 1285.81 p99= 3875.78 rps=  16.95
  s2s.crud.fetchAllTickets                      n= 1017 err=   0 errRate=  0.00% avg=  281.46 min=   22.90 max= 1105.89 p50=  227.01 p95=  603.87 p99=  799.88 rps=  16.95
  s2s.crud.fetchFilms                           n= 1026 err=   0 errRate=  0.00% avg=  406.30 min=   28.73 max= 3713.95 p50=  312.76 p95=  814.47 p99= 2884.20 rps=  17.10

2026-05-05T03:53:54.695Z  INFO 1 --- [lab8-additional-service] [   scheduling-1] r.h.l.a.o.ObservabilityService           : [lab8-additional-service] observability refresh
window 10s
  calc.additional.maxViewersSummary             n=  490 err=   0 errRate=  0.00% avg=  486.02 min=  117.96 max= 1028.91 p50=  494.49 p95=  785.31 p99=  894.02 rps=  49.00
  controller.AnalyticsController.maxViewersSummary n=  490 err=   0 errRate=  0.00% avg=  486.82 min=  118.24 max= 1029.72 p50=  495.04 p95=  786.05 p99=  894.70 rps=  49.00
  s2s.crud.fetchAllTickets                      n=  490 err=   0 errRate=  0.00% avg=  222.80 min=   22.90 max=  881.82 p50=  201.14 p95=  466.10 p99=  574.85 rps=  49.00
  s2s.crud.fetchFilms                           n=  488 err=   0 errRate=  0.00% avg=  262.50 min=   28.73 max=  610.19 p50=  232.65 p95=  496.82 p99=  535.55 rps=  48.80
window 30s
  calc.additional.maxViewersSummary             n= 1068 err=   0 errRate=  0.00% avg=  682.76 min=  117.96 max= 4793.66 p50=  591.57 p95= 1224.82 p99= 3658.11 rps=  35.60
  controller.AnalyticsController.maxViewersSummary n= 1068 err=   0 errRate=  0.00% avg=  688.58 min=  118.24 max= 4967.60 p50=  592.85 p95= 1228.14 p99= 3868.44 rps=  35.60
  s2s.crud.fetchAllTickets                      n= 1068 err=   0 errRate=  0.00% avg=  277.42 min=   22.90 max= 1105.89 p50=  221.35 p95=  598.28 p99=  794.78 rps=  35.60
  s2s.crud.fetchFilms                           n= 1078 err=   0 errRate=  0.00% avg=  398.47 min=   28.73 max= 3713.95 p50=  308.72 p95=  808.67 p99= 2883.16 rps=  35.93
window 1m
  calc.additional.maxViewersSummary             n= 1068 err=   0 errRate=  0.00% avg=  682.76 min=  117.96 max= 4793.66 p50=  591.57 p95= 1224.82 p99= 3658.11 rps=  17.80
  controller.AnalyticsController.maxViewersSummary n= 1068 err=   0 errRate=  0.00% avg=  688.58 min=  118.24 max= 4967.60 p50=  592.85 p95= 1228.14 p99= 3868.44 rps=  17.80
  s2s.crud.fetchAllTickets                      n= 1068 err=   0 errRate=  0.00% avg=  277.42 min=   22.90 max= 1105.89 p50=  221.35 p95=  598.28 p99=  794.78 rps=  17.80
  s2s.crud.fetchFilms                           n= 1078 err=   0 errRate=  0.00% avg=  398.47 min=   28.73 max= 3713.95 p50=  308.72 p95=  808.67 p99= 2883.16 rps=  17.97

2026-05-05T03:53:55.697Z  INFO 1 --- [lab8-additional-service] [   scheduling-1] r.h.l.a.o.ObservabilityService           : [lab8-additional-service] observability refresh
window 10s
  calc.additional.maxViewersSummary             n=  488 err=   0 errRate=  0.00% avg=  483.31 min=  117.96 max= 1028.91 p50=  491.35 p95=  785.81 p99=  894.14 rps=  48.80
  controller.AnalyticsController.maxViewersSummary n=  488 err=   0 errRate=  0.00% avg=  484.11 min=  118.24 max= 1029.72 p50=  492.44 p95=  786.49 p99=  894.56 rps=  48.80
  s2s.crud.fetchAllTickets                      n=  488 err=   0 errRate=  0.00% avg=  223.52 min=   22.90 max=  881.82 p50=  200.37 p95=  474.04 p99=  575.11 rps=  48.80
  s2s.crud.fetchFilms                           n=  496 err=   0 errRate=  0.00% avg=  257.33 min=   28.73 max=  610.19 p50=  226.51 p95=  495.32 p99=  532.75 rps=  49.60
window 30s
  calc.additional.maxViewersSummary             n= 1116 err=   0 errRate=  0.00% avg=  674.32 min=  117.96 max= 4793.66 p50=  588.70 p95= 1221.82 p99= 3637.27 rps=  37.20
  controller.AnalyticsController.maxViewersSummary n= 1116 err=   0 errRate=  0.00% avg=  679.92 min=  118.24 max= 4967.60 p50=  589.58 p95= 1224.21 p99= 3859.19 rps=  37.20
  s2s.crud.fetchAllTickets                      n= 1116 err=   0 errRate=  0.00% avg=  275.40 min=   22.90 max= 1105.89 p50=  216.36 p95=  596.41 p99=  791.27 rps=  37.20
  s2s.crud.fetchFilms                           n= 1133 err=   0 errRate=  0.00% avg=  391.22 min=   28.73 max= 3713.95 p50=  307.20 p95=  798.11 p99= 2879.88 rps=  37.77
window 1m
  calc.additional.maxViewersSummary             n= 1116 err=   0 errRate=  0.00% avg=  674.32 min=  117.96 max= 4793.66 p50=  588.70 p95= 1221.82 p99= 3637.27 rps=  18.60
  controller.AnalyticsController.maxViewersSummary n= 1116 err=   0 errRate=  0.00% avg=  679.92 min=  118.24 max= 4967.60 p50=  589.58 p95= 1224.21 p99= 3859.19 rps=  18.60
  s2s.crud.fetchAllTickets                      n= 1116 err=   0 errRate=  0.00% avg=  275.40 min=   22.90 max= 1105.89 p50=  216.36 p95=  596.41 p99=  791.27 rps=  18.60
  s2s.crud.fetchFilms                           n= 1133 err=   0 errRate=  0.00% avg=  391.22 min=   28.73 max= 3713.95 p50=  307.20 p95=  798.11 p99= 2879.88 rps=  18.88

2026-05-05T03:53:56.708Z  INFO 1 --- [lab8-additional-service] [   scheduling-1] r.h.l.a.o.ObservabilityService           : [lab8-additional-service] observability refresh
window 10s
  calc.additional.maxViewersSummary             n=  498 err=   0 errRate=  0.00% avg=  478.60 min=  117.96 max= 1028.91 p50=  488.81 p95=  730.76 p99=  898.05 rps=  49.80
  controller.AnalyticsController.maxViewersSummary n=  498 err=   0 errRate=  0.00% avg=  479.40 min=  118.24 max= 1029.72 p50=  489.33 p95=  731.14 p99=  898.57 rps=  49.80
  s2s.crud.fetchAllTickets                      n=  498 err=   0 errRate=  0.00% avg=  225.45 min=   22.90 max=  881.82 p50=  200.02 p95=  483.05 p99=  587.25 rps=  49.80
  s2s.crud.fetchFilms                           n=  497 err=   0 errRate=  0.00% avg=  252.47 min=   28.73 max=  610.19 p50=  222.83 p95=  492.62 p99=  520.75 rps=  49.70
window 30s
  calc.additional.maxViewersSummary             n= 1170 err=   0 errRate=  0.00% avg=  664.86 min=  117.96 max= 4793.66 p50=  579.88 p95= 1210.95 p99= 3625.00 rps=  39.00
  controller.AnalyticsController.maxViewersSummary n= 1170 err=   0 errRate=  0.00% avg=  670.24 min=  118.24 max= 4967.60 p50=  581.63 p95= 1214.02 p99= 3843.01 rps=  39.00
  s2s.crud.fetchAllTickets                      n= 1170 err=   0 errRate=  0.00% avg=  274.02 min=   22.90 max= 1105.89 p50=  215.98 p95=  596.24 p99=  790.53 rps=  39.00
  s2s.crud.fetchFilms                           n= 1179 err=   0 errRate=  0.00% avg=  384.55 min=   28.73 max= 3713.95 p50=  305.15 p95=  783.70 p99= 2875.81 rps=  39.30
window 1m
  calc.additional.maxViewersSummary             n= 1170 err=   0 errRate=  0.00% avg=  664.86 min=  117.96 max= 4793.66 p50=  579.88 p95= 1210.95 p99= 3625.00 rps=  19.50
  controller.AnalyticsController.maxViewersSummary n= 1170 err=   0 errRate=  0.00% avg=  670.24 min=  118.24 max= 4967.60 p50=  581.63 p95= 1214.02 p99= 3843.01 rps=  19.50
  s2s.crud.fetchAllTickets                      n= 1170 err=   0 errRate=  0.00% avg=  274.02 min=   22.90 max= 1105.89 p50=  215.98 p95=  596.24 p99=  790.53 rps=  19.50
  s2s.crud.fetchFilms                           n= 1179 err=   0 errRate=  0.00% avg=  384.55 min=   28.73 max= 3713.95 p50=  305.15 p95=  783.70 p99= 2875.81 rps=  19.65

2026-05-05T03:53:57.715Z  INFO 1 --- [lab8-additional-service] [   scheduling-1] r.h.l.a.o.ObservabilityService           : [lab8-additional-service] observability refresh
window 10s
  calc.additional.maxViewersSummary             n=  507 err=   0 errRate=  0.00% avg=  471.61 min=  117.96 max= 1028.91 p50=  486.51 p95=  721.51 p99=  897.77 rps=  50.70
  controller.AnalyticsController.maxViewersSummary n=  507 err=   0 errRate=  0.00% avg=  472.37 min=  118.24 max= 1029.72 p50=  486.85 p95=  722.04 p99=  898.26 rps=  50.70
  s2s.crud.fetchAllTickets                      n=  507 err=   0 errRate=  0.00% avg=  222.35 min=   22.90 max=  881.82 p50=  197.55 p95=  475.76 p99=  586.67 rps=  50.70
  s2s.crud.fetchFilms                           n=  506 err=   0 errRate=  0.00% avg=  248.46 min=   28.73 max=  593.89 p50=  220.15 p95=  472.17 p99=  517.59 rps=  50.60
window 30s
  calc.additional.maxViewersSummary             n= 1228 err=   0 errRate=  0.00% avg=  653.21 min=  117.96 max= 4793.66 p50=  533.66 p95= 1192.71 p99= 3613.67 rps=  40.93
  controller.AnalyticsController.maxViewersSummary n= 1228 err=   0 errRate=  0.00% avg=  658.38 min=  118.24 max= 4967.60 p50=  537.55 p95= 1193.40 p99= 3818.59 rps=  40.93
  s2s.crud.fetchAllTickets                      n= 1228 err=   0 errRate=  0.00% avg=  270.53 min=   22.90 max= 1105.89 p50=  213.36 p95=  592.52 p99=  786.44 rps=  40.93
  s2s.crud.fetchFilms                           n= 1230 err=   0 errRate=  0.00% avg=  363.15 min=   28.73 max= 3713.95 p50=  301.43 p95=  706.61 p99= 2873.15 rps=  41.00
window 1m
  calc.additional.maxViewersSummary             n= 1228 err=   0 errRate=  0.00% avg=  653.21 min=  117.96 max= 4793.66 p50=  533.66 p95= 1192.71 p99= 3613.67 rps=  20.47
  controller.AnalyticsController.maxViewersSummary n= 1228 err=   0 errRate=  0.00% avg=  658.38 min=  118.24 max= 4967.60 p50=  537.55 p95= 1193.40 p99= 3818.59 rps=  20.47
  s2s.crud.fetchAllTickets                      n= 1228 err=   0 errRate=  0.00% avg=  270.53 min=   22.90 max= 1105.89 p50=  213.36 p95=  592.52 p99=  786.44 rps=  20.47
  s2s.crud.fetchFilms                           n= 1238 err=   0 errRate=  0.00% avg=  376.65 min=   28.73 max= 3713.95 p50=  302.94 p95=  729.25 p99= 2872.95 rps=  20.63

2026-05-05T03:53:58.730Z  INFO 1 --- [lab8-additional-service] [   scheduling-1] r.h.l.a.o.ObservabilityService           : [lab8-additional-service] observability refresh
window 10s
  calc.additional.maxViewersSummary             n=  506 err=   0 errRate=  0.00% avg=  468.86 min=  117.96 max= 1028.91 p50=  484.87 p95=  721.59 p99=  893.55 rps=  50.60
  controller.AnalyticsController.maxViewersSummary n=  506 err=   0 errRate=  0.00% avg=  469.61 min=  118.24 max= 1029.72 p50=  485.58 p95=  722.09 p99=  893.97 rps=  50.60
  s2s.crud.fetchAllTickets                      n=  506 err=   0 errRate=  0.00% avg=  224.51 min=   22.90 max=  881.82 p50=  198.09 p95=  472.61 p99=  586.73 rps=  50.60
  s2s.crud.fetchFilms                           n=  505 err=   0 errRate=  0.00% avg=  242.77 min=   28.73 max=  621.61 p50=  215.69 p95=  423.06 p99=  517.04 rps=  50.50
window 30s
  calc.additional.maxViewersSummary             n= 1258 err=   0 errRate=  0.00% avg=  603.36 min=  117.96 max= 4793.66 p50=  523.75 p95= 1085.75 p99= 1589.49 rps=  41.93
  controller.AnalyticsController.maxViewersSummary n= 1258 err=   0 errRate=  0.00% avg=  605.63 min=  118.24 max= 4967.60 p50=  524.27 p95= 1087.70 p99= 1591.18 rps=  41.93
  s2s.crud.fetchAllTickets                      n= 1258 err=   0 errRate=  0.00% avg=  266.53 min=   22.90 max= 1105.89 p50=  212.44 p95=  583.36 p99=  773.03 rps=  41.93
  s2s.crud.fetchFilms                           n= 1259 err=   0 errRate=  0.00% avg=  318.73 min=   28.73 max= 3713.95 p50=  298.24 p95=  621.55 p99=  911.82 rps=  41.97
window 1m
  calc.additional.maxViewersSummary             n= 1279 err=   0 errRate=  0.00% avg=  645.58 min=  117.96 max= 4793.66 p50=  527.38 p95= 1123.33 p99= 3605.56 rps=  21.32
  controller.AnalyticsController.maxViewersSummary n= 1279 err=   0 errRate=  0.00% avg=  650.57 min=  118.24 max= 4967.60 p50=  528.46 p95= 1124.25 p99= 3790.00 rps=  21.32
  s2s.crud.fetchAllTickets                      n= 1279 err=   0 errRate=  0.00% avg=  268.81 min=   22.90 max= 1105.89 p50=  212.46 p95=  589.44 p99=  779.53 rps=  21.32
  s2s.crud.fetchFilms                           n= 1288 err=   0 errRate=  0.00% avg=  371.18 min=   28.73 max= 3713.95 p50=  300.33 p95=  718.30 p99= 2871.71 rps=  21.47

2026-05-05T03:53:59.740Z  INFO 1 --- [lab8-additional-service] [   scheduling-1] r.h.l.a.o.ObservabilityService           : [lab8-additional-service] observability refresh
window 10s
  calc.additional.maxViewersSummary             n=  508 err=   0 errRate=  0.00% avg=  468.16 min=  117.96 max= 1028.91 p50=  478.39 p95=  721.97 p99=  893.36 rps=  50.80
  controller.AnalyticsController.maxViewersSummary n=  508 err=   0 errRate=  0.00% avg=  468.91 min=  118.24 max= 1029.72 p50=  478.71 p95=  722.55 p99=  893.71 rps=  50.80
  s2s.crud.fetchAllTickets                      n=  508 err=   0 errRate=  0.00% avg=  222.20 min=   22.90 max=  881.82 p50=  198.28 p95=  467.17 p99=  581.28 rps=  50.80
  s2s.crud.fetchFilms                           n=  506 err=   0 errRate=  0.00% avg=  244.56 min=   28.73 max=  621.61 p50=  217.58 p95=  422.98 p99=  517.59 rps=  50.60
window 30s
  calc.additional.maxViewersSummary             n= 1283 err=   0 errRate=  0.00% avg=  573.29 min=  117.96 max= 2012.18 p50=  520.52 p95= 1009.25 p99= 1310.08 rps=  42.77
  controller.AnalyticsController.maxViewersSummary n= 1283 err=   0 errRate=  0.00% avg=  574.38 min=  118.24 max= 2012.91 p50=  521.32 p95= 1009.92 p99= 1315.32 rps=  42.77
  s2s.crud.fetchAllTickets                      n= 1283 err=   0 errRate=  0.00% avg=  261.06 min=   22.90 max=  977.58 p50=  210.37 p95=  573.35 p99=  718.98 rps=  42.77
  s2s.crud.fetchFilms                           n= 1281 err=   0 errRate=  0.00% avg=  308.49 min=   28.73 max= 1074.47 p50=  296.94 p95=  599.52 p99=  816.79 rps=  42.70
window 1m
  calc.additional.maxViewersSummary             n= 1327 err=   0 errRate=  0.00% avg=  640.88 min=  117.96 max= 4793.66 p50=  526.32 p95= 1111.56 p99= 3601.40 rps=  22.12
  controller.AnalyticsController.maxViewersSummary n= 1327 err=   0 errRate=  0.00% avg=  645.72 min=  118.24 max= 4967.60 p50=  527.47 p95= 1113.10 p99= 3777.16 rps=  22.12
  s2s.crud.fetchAllTickets                      n= 1327 err=   0 errRate=  0.00% avg=  267.07 min=   22.90 max= 1105.89 p50=  212.05 p95=  589.16 p99=  774.94 rps=  22.12
  s2s.crud.fetchFilms                           n= 1335 err=   0 errRate=  0.00% avg=  368.24 min=   28.73 max= 3713.95 p50=  299.98 p95=  711.70 p99= 2870.65 rps=  22.25

2026-05-05T03:54:00.745Z  INFO 1 --- [lab8-additional-service] [   scheduling-1] r.h.l.a.o.ObservabilityService           : [lab8-additional-service] observability refresh
window 10s
  calc.additional.maxViewersSummary             n=  506 err=   0 errRate=  0.00% avg=  461.13 min=  117.96 max= 1028.91 p50=  474.33 p95=  718.01 p99=  883.87 rps=  50.60
  controller.AnalyticsController.maxViewersSummary n=  506 err=   0 errRate=  0.00% avg=  461.84 min=  118.24 max= 1029.72 p50=  474.59 p95=  718.53 p99=  884.24 rps=  50.60
  s2s.crud.fetchAllTickets                      n=  506 err=   0 errRate=  0.00% avg=  219.10 min=   22.90 max=  676.32 p50=  197.48 p95=  456.21 p99=  570.82 rps=  50.60
  s2s.crud.fetchFilms                           n=  510 err=   0 errRate=  0.00% avg=  238.62 min=   28.73 max=  621.61 p50=  213.31 p95=  417.46 p99=  508.88 rps=  51.00
window 30s
  calc.additional.maxViewersSummary             n= 1308 err=   0 errRate=  0.00% avg=  559.47 min=  117.96 max= 2012.18 p50=  515.27 p95=  991.81 p99= 1287.03 rps=  43.60
  controller.AnalyticsController.maxViewersSummary n= 1308 err=   0 errRate=  0.00% avg=  560.50 min=  118.24 max= 2012.91 p50=  516.46 p95=  992.41 p99= 1292.20 rps=  43.60
  s2s.crud.fetchAllTickets                      n= 1308 err=   0 errRate=  0.00% avg=  256.41 min=   22.90 max=  977.58 p50=  208.62 p95=  553.29 p99=  712.87 rps=  43.60
  s2s.crud.fetchFilms                           n= 1306 err=   0 errRate=  0.00% avg=  299.33 min=   28.73 max= 1074.47 p50=  291.00 p95=  592.88 p99=  800.14 rps=  43.53
window 1m
  calc.additional.maxViewersSummary             n= 1377 err=   0 errRate=  0.00% avg=  632.75 min=  117.96 max= 4793.66 p50=  521.54 p95= 1109.70 p99= 3600.13 rps=  22.95
  controller.AnalyticsController.maxViewersSummary n= 1377 err=   0 errRate=  0.00% avg=  637.43 min=  118.24 max= 4967.60 p50=  522.29 p95= 1111.81 p99= 3776.18 rps=  22.95
  s2s.crud.fetchAllTickets                      n= 1377 err=   0 errRate=  0.00% avg=  264.94 min=   22.90 max= 1105.89 p50=  211.21 p95=  586.51 p99=  771.86 rps=  22.95
  s2s.crud.fetchFilms                           n= 1390 err=   0 errRate=  0.00% avg=  361.88 min=   28.73 max= 3713.95 p50=  298.06 p95=  706.61 p99= 2869.45 rps=  23.17

2026-05-05T03:54:01.749Z  INFO 1 --- [lab8-additional-service] [   scheduling-1] r.h.l.a.o.ObservabilityService           : [lab8-additional-service] observability refresh
window 10s
  calc.additional.maxViewersSummary             n=  514 err=   0 errRate=  0.00% avg=  455.41 min=  102.61 max= 1002.57 p50=  438.52 p95=  719.19 p99=  877.77 rps=  51.40
  controller.AnalyticsController.maxViewersSummary n=  514 err=   0 errRate=  0.00% avg=  456.13 min=  102.87 max= 1003.70 p50=  438.81 p95=  719.72 p99=  878.37 rps=  51.40
  s2s.crud.fetchAllTickets                      n=  514 err=   0 errRate=  0.00% avg=  216.87 min=   20.82 max=  676.32 p50=  196.37 p95=  410.48 p99=  520.63 rps=  51.40
  s2s.crud.fetchFilms                           n=  517 err=   0 errRate=  0.00% avg=  237.40 min=   28.73 max=  621.61 p50=  211.10 p95=  422.13 p99=  512.96 rps=  51.70
window 30s
  calc.additional.maxViewersSummary             n= 1335 err=   0 errRate=  0.00% avg=  545.77 min=  102.61 max= 1611.19 p50=  512.89 p95=  969.96 p99= 1191.60 rps=  44.50
  controller.AnalyticsController.maxViewersSummary n= 1335 err=   0 errRate=  0.00% avg=  546.78 min=  102.87 max= 1611.92 p50=  513.69 p95=  970.38 p99= 1192.18 rps=  44.50
  s2s.crud.fetchAllTickets                      n= 1335 err=   0 errRate=  0.00% avg=  251.28 min=   20.82 max=  966.98 p50=  206.77 p95=  512.57 p99=  689.61 rps=  44.50
  s2s.crud.fetchFilms                           n= 1340 err=   0 errRate=  0.00% avg=  292.40 min=   28.73 max= 1074.47 p50=  286.28 p95=  586.39 p99=  730.98 rps=  44.67
window 1m
  calc.additional.maxViewersSummary             n= 1433 err=   0 errRate=  0.00% avg=  624.64 min=  102.61 max= 4793.66 p50=  518.69 p95= 1105.70 p99= 3593.13 rps=  23.88
  controller.AnalyticsController.maxViewersSummary n= 1433 err=   0 errRate=  0.00% avg=  629.17 min=  102.87 max= 4967.60 p50=  519.63 p95= 1106.46 p99= 3770.64 rps=  23.88
  s2s.crud.fetchAllTickets                      n= 1433 err=   0 errRate=  0.00% avg=  262.59 min=   20.82 max= 1105.89 p50=  209.17 p95=  583.47 p99=  769.86 rps=  23.88
  s2s.crud.fetchFilms                           n= 1448 err=   0 errRate=  0.00% avg=  356.21 min=   28.73 max= 3713.95 p50=  296.14 p95=  699.32 p99= 2868.71 rps=  24.13

2026-05-05T03:54:02.752Z  INFO 1 --- [lab8-additional-service] [   scheduling-1] r.h.l.a.o.ObservabilityService           : [lab8-additional-service] observability refresh
window 10s
  calc.additional.maxViewersSummary             n=  519 err=   0 errRate=  0.00% avg=  451.38 min=  102.61 max= 1002.57 p50=  427.55 p95=  715.20 p99=  876.73 rps=  51.90
  controller.AnalyticsController.maxViewersSummary n=  519 err=   0 errRate=  0.00% avg=  452.11 min=  102.87 max= 1003.70 p50=  427.86 p95=  715.63 p99=  877.32 rps=  51.90
  s2s.crud.fetchAllTickets                      n=  519 err=   0 errRate=  0.00% avg=  216.39 min=   20.82 max=  676.32 p50=  196.24 p95=  428.00 p99=  520.34 rps=  51.90
  s2s.crud.fetchFilms                           n=  523 err=   0 errRate=  0.00% avg=  234.03 min=   30.55 max=  621.61 p50=  210.21 p95=  415.75 p99=  512.69 rps=  52.30
window 30s
  calc.additional.maxViewersSummary             n= 1356 err=   0 errRate=  0.00% avg=  533.41 min=  102.61 max= 1611.19 p50=  507.43 p95=  913.20 p99= 1107.17 rps=  45.20
  controller.AnalyticsController.maxViewersSummary n= 1356 err=   0 errRate=  0.00% avg=  534.40 min=  102.87 max= 1611.92 p50=  508.38 p95=  914.23 p99= 1108.16 rps=  45.20
  s2s.crud.fetchAllTickets                      n= 1356 err=   0 errRate=  0.00% avg=  246.88 min=   20.82 max=  881.82 p50=  204.39 p95=  507.38 p99=  677.53 rps=  45.20
  s2s.crud.fetchFilms                           n= 1366 err=   0 errRate=  0.00% avg=  284.87 min=   28.73 max= 1074.47 p50=  282.09 p95=  533.04 p99=  708.72 rps=  45.53
window 1m
  calc.additional.maxViewersSummary             n= 1487 err=   0 errRate=  0.00% avg=  617.12 min=  102.61 max= 4793.66 p50=  515.38 p95= 1101.34 p99= 3582.34 rps=  24.78
  controller.AnalyticsController.maxViewersSummary n= 1487 err=   0 errRate=  0.00% avg=  621.51 min=  102.87 max= 4967.60 p50=  516.51 p95= 1105.04 p99= 3762.09 rps=  24.78
  s2s.crud.fetchAllTickets                      n= 1487 err=   0 errRate=  0.00% avg=  260.15 min=   20.82 max= 1105.89 p50=  208.65 p95=  581.74 p99=  768.99 rps=  24.78
  s2s.crud.fetchFilms                           n= 1504 err=   0 errRate=  0.00% avg=  351.52 min=   28.73 max= 3713.95 p50=  295.37 p95=  687.67 p99= 2862.53 rps=  25.07

2026-05-05T03:54:03.759Z  INFO 1 --- [lab8-additional-service] [   scheduling-1] r.h.l.a.o.ObservabilityService           : [lab8-additional-service] observability refresh
window 10s
  calc.additional.maxViewersSummary             n=  526 err=   0 errRate=  0.00% avg=  445.67 min=  102.61 max= 1002.57 p50=  424.84 p95=  719.30 p99=  875.27 rps=  52.60
  controller.AnalyticsController.maxViewersSummary n=  526 err=   0 errRate=  0.00% avg=  446.39 min=  102.87 max= 1003.70 p50=  425.27 p95=  719.79 p99=  875.84 rps=  52.60
  s2s.crud.fetchAllTickets                      n=  526 err=   0 errRate=  0.00% avg=  213.91 min=   20.82 max=  676.32 p50=  194.99 p95=  410.60 p99=  511.37 rps=  52.60
  s2s.crud.fetchFilms                           n=  530 err=   0 errRate=  0.00% avg=  231.23 min=   28.35 max=  621.61 p50=  209.05 p95=  415.73 p99=  512.37 rps=  53.00
window 30s
  calc.additional.maxViewersSummary             n= 1384 err=   0 errRate=  0.00% avg=  522.72 min=  102.61 max= 1611.19 p50=  503.46 p95=  902.67 p99= 1094.87 rps=  46.13
  controller.AnalyticsController.maxViewersSummary n= 1384 err=   0 errRate=  0.00% avg=  523.67 min=  102.87 max= 1611.92 p50=  504.74 p95=  904.31 p99= 1096.08 rps=  46.13
  s2s.crud.fetchAllTickets                      n= 1384 err=   0 errRate=  0.00% avg=  243.39 min=   20.82 max=  881.82 p50=  203.99 p95=  504.41 p99=  613.28 rps=  46.13
  s2s.crud.fetchFilms                           n= 1387 err=   0 errRate=  0.00% avg=  277.16 min=   28.35 max=  934.11 p50=  266.89 p95=  519.19 p99=  631.79 rps=  46.23
window 1m
  calc.additional.maxViewersSummary             n= 1547 err=   0 errRate=  0.00% avg=  609.46 min=  102.61 max= 4793.66 p50=  513.75 p95= 1095.86 p99= 3578.89 rps=  25.78
  controller.AnalyticsController.maxViewersSummary n= 1547 err=   0 errRate=  0.00% avg=  613.71 min=  102.87 max= 4967.60 p50=  514.61 p95= 1097.25 p99= 3750.91 rps=  25.78
  s2s.crud.fetchAllTickets                      n= 1547 err=   0 errRate=  0.00% avg=  258.26 min=   20.82 max= 1105.89 p50=  207.44 p95=  579.03 p99=  756.99 rps=  25.78
  s2s.crud.fetchFilms                           n= 1559 err=   0 errRate=  0.00% avg=  346.56 min=   28.35 max= 3713.95 p50=  293.53 p95=  680.12 p99= 2759.70 rps=  25.98

2026-05-05T03:54:04.792Z  INFO 1 --- [lab8-additional-service] [   scheduling-1] r.h.l.a.o.ObservabilityService           : [lab8-additional-service] observability refresh
window 10s
  calc.additional.maxViewersSummary             n=  538 err=   0 errRate=  0.00% avg=  438.87 min=  102.61 max= 1002.57 p50=  418.97 p95=  712.89 p99=  857.12 rps=  53.80
  controller.AnalyticsController.maxViewersSummary n=  538 err=   0 errRate=  0.00% avg=  439.60 min=  102.87 max= 1003.70 p50=  419.24 p95=  713.24 p99=  857.79 rps=  53.80
  s2s.crud.fetchAllTickets                      n=  538 err=   0 errRate=  0.00% avg=  212.71 min=   19.13 max=  676.32 p50=  194.30 p95=  410.43 p99=  514.07 rps=  53.80
  s2s.crud.fetchFilms                           n=  538 err=   0 errRate=  0.00% avg=  225.13 min=   28.35 max=  621.61 p50=  207.48 p95=  413.79 p99=  504.39 rps=  53.80
window 30s
  calc.additional.maxViewersSummary             n= 1415 err=   0 errRate=  0.00% avg=  510.12 min=  102.61 max= 1493.99 p50=  499.85 p95=  894.24 p99= 1030.36 rps=  47.17
  controller.AnalyticsController.maxViewersSummary n= 1415 err=   0 errRate=  0.00% avg=  511.03 min=  102.87 max= 1494.56 p50=  500.82 p95=  895.10 p99= 1034.71 rps=  47.17
  s2s.crud.fetchAllTickets                      n= 1415 err=   0 errRate=  0.00% avg=  239.04 min=   19.13 max=  881.82 p50=  203.11 p95=  501.71 p99=  605.93 rps=  47.17
  s2s.crud.fetchFilms                           n= 1414 err=   0 errRate=  0.00% avg=  269.32 min=   28.35 max=  934.11 p50=  229.41 p95=  509.31 p99=  621.74 rps=  47.13
window 1m
  calc.additional.maxViewersSummary             n= 1610 err=   0 errRate=  0.00% avg=  600.71 min=  102.61 max= 4793.66 p50=  511.44 p95= 1093.50 p99= 3576.00 rps=  26.83
  controller.AnalyticsController.maxViewersSummary n= 1610 err=   0 errRate=  0.00% avg=  604.82 min=  102.87 max= 4967.60 p50=  512.87 p95= 1094.73 p99= 3740.06 rps=  26.83
  s2s.crud.fetchAllTickets                      n= 1610 err=   0 errRate=  0.00% avg=  255.48 min=   19.13 max= 1105.89 p50=  205.78 p95=  571.96 p99=  742.56 rps=  26.83
  s2s.crud.fetchFilms                           n= 1619 err=   0 errRate=  0.00% avg=  340.65 min=   28.35 max= 3713.95 p50=  290.22 p95=  649.10 p99= 2678.62 rps=  26.98

2026-05-05T03:54:05.800Z  INFO 1 --- [lab8-additional-service] [   scheduling-1] r.h.l.a.o.ObservabilityService           : [lab8-additional-service] observability refresh
window 10s
  calc.additional.maxViewersSummary             n=  543 err=   0 errRate=  0.00% avg=  429.63 min=  102.61 max= 1002.57 p50=  413.11 p95=  703.59 p99=  810.11 rps=  54.30
  controller.AnalyticsController.maxViewersSummary n=  543 err=   0 errRate=  0.00% avg=  430.40 min=  102.87 max= 1003.70 p50=  414.50 p95=  704.37 p99=  811.41 rps=  54.30
  s2s.crud.fetchAllTickets                      n=  543 err=   0 errRate=  0.00% avg=  209.08 min=   19.13 max=  676.32 p50=  195.27 p95=  403.54 p99=  507.99 rps=  54.30
  s2s.crud.fetchFilms                           n=  538 err=   0 errRate=  0.00% avg=  220.53 min=   26.97 max=  621.61 p50=  205.10 p95=  412.46 p99=  500.23 rps=  53.80
window 30s
  calc.additional.maxViewersSummary             n= 1439 err=   0 errRate=  0.00% avg=  499.05 min=  102.61 max= 1493.99 p50=  496.25 p95=  882.02 p99= 1003.19 rps=  47.97
  controller.AnalyticsController.maxViewersSummary n= 1439 err=   0 errRate=  0.00% avg=  499.95 min=  102.87 max= 1494.56 p50=  496.97 p95=  882.37 p99= 1004.45 rps=  47.97
  s2s.crud.fetchAllTickets                      n= 1439 err=   0 errRate=  0.00% avg=  235.00 min=   19.13 max=  881.82 p50=  201.75 p95=  498.18 p99=  603.50 rps=  47.97
  s2s.crud.fetchFilms                           n= 1436 err=   0 errRate=  0.00% avg=  262.57 min=   26.97 max=  934.11 p50=  224.04 p95=  502.87 p99=  609.24 rps=  47.87
window 1m
  calc.additional.maxViewersSummary             n= 1667 err=   0 errRate=  0.00% avg=  593.17 min=  102.61 max= 4793.66 p50=  508.01 p95= 1086.55 p99= 3562.57 rps=  27.78
  controller.AnalyticsController.maxViewersSummary n= 1667 err=   0 errRate=  0.00% avg=  597.18 min=  102.87 max= 4967.60 p50=  509.19 p95= 1088.36 p99= 3738.00 rps=  27.78
  s2s.crud.fetchAllTickets                      n= 1667 err=   0 errRate=  0.00% avg=  253.08 min=   19.13 max= 1105.89 p50=  204.76 p95=  566.14 p99=  738.65 rps=  27.78
  s2s.crud.fetchFilms                           n= 1676 err=   0 errRate=  0.00% avg=  335.75 min=   26.97 max= 3713.95 p50=  286.18 p95=  636.57 p99= 2670.51 rps=  27.93

2026-05-05T03:54:06.806Z  INFO 1 --- [lab8-additional-service] [   scheduling-1] r.h.l.a.o.ObservabilityService           : [lab8-additional-service] observability refresh
window 10s
  calc.additional.maxViewersSummary             n=  549 err=   0 errRate=  0.00% avg=  419.22 min=  102.61 max=  891.58 p50=  406.99 p95=  700.68 p99=  806.83 rps=  54.90
  controller.AnalyticsController.maxViewersSummary n=  549 err=   0 errRate=  0.00% avg=  419.96 min=  102.87 max=  891.86 p50=  407.48 p95=  701.84 p99=  807.70 rps=  54.90
  s2s.crud.fetchAllTickets                      n=  549 err=   0 errRate=  0.00% avg=  200.58 min=   19.13 max=  676.32 p50=  192.25 p95=  397.96 p99=  489.34 rps=  54.90
  s2s.crud.fetchFilms                           n=  555 err=   0 errRate=  0.00% avg=  216.30 min=   26.97 max=  621.61 p50=  203.82 p95=  411.75 p99=  506.79 rps=  55.50
window 30s
  calc.additional.maxViewersSummary             n= 1460 err=   0 errRate=  0.00% avg=  489.86 min=  102.61 max= 1493.99 p50=  490.37 p95=  823.46 p99=  994.81 rps=  48.67
  controller.AnalyticsController.maxViewersSummary n= 1460 err=   0 errRate=  0.00% avg=  490.73 min=  102.87 max= 1494.56 p50=  491.66 p95=  823.90 p99=  996.73 rps=  48.67
  s2s.crud.fetchAllTickets                      n= 1460 err=   0 errRate=  0.00% avg=  230.69 min=   19.13 max=  881.82 p50=  200.50 p95=  491.73 p99=  592.62 rps=  48.67
  s2s.crud.fetchFilms                           n= 1462 err=   0 errRate=  0.00% avg=  257.23 min=   26.97 max=  934.11 p50=  221.15 p95=  501.00 p99=  599.38 rps=  48.73
window 1m
  calc.additional.maxViewersSummary             n= 1726 err=   0 errRate=  0.00% avg=  585.81 min=  102.61 max= 4793.66 p50=  505.26 p95= 1083.56 p99= 3547.35 rps=  28.77
  controller.AnalyticsController.maxViewersSummary n= 1726 err=   0 errRate=  0.00% avg=  589.71 min=  102.87 max= 4967.60 p50=  506.27 p95= 1084.21 p99= 3724.98 rps=  28.77
  s2s.crud.fetchAllTickets                      n= 1726 err=   0 errRate=  0.00% avg=  250.71 min=   19.13 max= 1105.89 p50=  204.03 p95=  538.17 p99=  736.11 rps=  28.77
  s2s.crud.fetchFilms                           n= 1739 err=   0 errRate=  0.00% avg=  330.57 min=   26.97 max= 3713.95 p50=  282.20 p95=  628.38 p99= 2630.85 rps=  28.98

2026-05-05T03:54:07.820Z  INFO 1 --- [lab8-additional-service] [   scheduling-1] r.h.l.a.o.ObservabilityService           : [lab8-additional-service] observability refresh
window 10s
  calc.additional.maxViewersSummary             n=  558 err=   0 errRate=  0.00% avg=  410.99 min=  102.61 max=  891.58 p50=  402.08 p95=  700.21 p99=  806.41 rps=  55.80
  controller.AnalyticsController.maxViewersSummary n=  558 err=   0 errRate=  0.00% avg=  411.74 min=  102.87 max=  891.86 p50=  402.69 p95=  701.14 p99=  807.18 rps=  55.80
  s2s.crud.fetchAllTickets                      n=  558 err=   0 errRate=  0.00% avg=  198.46 min=   19.13 max=  676.32 p50=  191.12 p95=  395.58 p99=  488.18 rps=  55.80
  s2s.crud.fetchFilms                           n=  557 err=   0 errRate=  0.00% avg=  212.34 min=   26.97 max=  621.61 p50=  201.37 p95=  408.59 p99=  506.54 rps=  55.70
window 30s
  calc.additional.maxViewersSummary             n= 1487 err=   0 errRate=  0.00% avg=  478.91 min=  102.61 max= 1493.99 p50=  479.46 p95=  812.13 p99=  990.18 rps=  49.57
  controller.AnalyticsController.maxViewersSummary n= 1487 err=   0 errRate=  0.00% avg=  479.74 min=  102.87 max= 1494.56 p50=  479.75 p95=  813.76 p99=  991.27 rps=  49.57
  s2s.crud.fetchAllTickets                      n= 1487 err=   0 errRate=  0.00% avg=  226.50 min=   19.13 max=  881.82 p50=  198.20 p95=  485.89 p99=  589.48 rps=  49.57
  s2s.crud.fetchFilms                           n= 1488 err=   0 errRate=  0.00% avg=  250.74 min=   26.97 max=  934.11 p50=  217.44 p95=  496.20 p99=  594.40 rps=  49.60
window 1m
  calc.additional.maxViewersSummary             n= 1792 err=   0 errRate=  0.00% avg=  576.96 min=  102.61 max= 4793.66 p50=  501.82 p95= 1064.24 p99= 3528.33 rps=  29.87
  controller.AnalyticsController.maxViewersSummary n= 1792 err=   0 errRate=  0.00% avg=  580.73 min=  102.87 max= 4967.60 p50=  502.84 p95= 1065.30 p99= 3693.87 rps=  29.87
  s2s.crud.fetchAllTickets                      n= 1792 err=   0 errRate=  0.00% avg=  247.76 min=   19.13 max= 1105.89 p50=  203.17 p95=  525.78 p99=  735.53 rps=  29.87
  s2s.crud.fetchFilms                           n= 1802 err=   0 errRate=  0.00% avg=  324.95 min=   26.97 max= 3713.95 p50=  241.81 p95=  621.75 p99= 2571.85 rps=  30.03

2026-05-05T03:54:08.852Z  INFO 1 --- [lab8-additional-service] [   scheduling-1] r.h.l.a.o.ObservabilityService           : [lab8-additional-service] observability refresh
window 10s
  calc.additional.maxViewersSummary             n=  576 err=   0 errRate=  0.00% avg=  395.03 min=  102.61 max=  880.48 p50=  394.29 p95=  692.95 p99=  801.69 rps=  57.60
  controller.AnalyticsController.maxViewersSummary n=  576 err=   0 errRate=  0.00% avg=  395.83 min=  102.87 max=  881.11 p50=  394.80 p95=  693.50 p99=  802.47 rps=  57.60
  s2s.crud.fetchAllTickets                      n=  576 err=   0 errRate=  0.00% avg=  190.02 min=   19.13 max=  676.32 p50=  182.64 p95=  388.90 p99=  472.41 rps=  57.60
  s2s.crud.fetchFilms                           n=  576 err=   0 errRate=  0.00% avg=  204.28 min=   26.97 max=  601.75 p50=  198.00 p95=  404.50 p99=  504.11 rps=  57.60
window 30s
  calc.additional.maxViewersSummary             n= 1521 err=   0 errRate=  0.00% avg=  466.81 min=  102.61 max= 1493.99 p50=  424.18 p95=  805.12 p99=  985.13 rps=  50.70
  controller.AnalyticsController.maxViewersSummary n= 1521 err=   0 errRate=  0.00% avg=  467.66 min=  102.87 max= 1494.56 p50=  424.55 p95=  806.38 p99=  986.24 rps=  50.70
  s2s.crud.fetchAllTickets                      n= 1521 err=   0 errRate=  0.00% avg=  221.26 min=   19.13 max=  881.82 p50=  195.91 p95=  480.35 p99=  586.86 rps=  50.70
  s2s.crud.fetchFilms                           n= 1517 err=   0 errRate=  0.00% avg=  244.24 min=   26.97 max=  732.15 p50=  213.42 p95=  493.17 p99=  588.52 rps=  50.57
window 1m
  calc.additional.maxViewersSummary             n= 1862 err=   0 errRate=  0.00% avg=  567.19 min=  102.61 max= 4793.66 p50=  498.53 p95= 1026.33 p99= 3520.90 rps=  31.03
  controller.AnalyticsController.maxViewersSummary n= 1862 err=   0 errRate=  0.00% avg=  570.86 min=  102.87 max= 4967.60 p50=  499.71 p95= 1026.73 p99= 3683.83 rps=  31.03
  s2s.crud.fetchAllTickets                      n= 1862 err=   0 errRate=  0.00% avg=  244.05 min=   19.13 max= 1105.89 p50=  201.32 p95=  518.53 p99=  734.67 rps=  31.03
  s2s.crud.fetchFilms                           n= 1869 err=   0 errRate=  0.00% avg=  319.24 min=   26.97 max= 3713.95 p50=  230.41 p95=  620.43 p99= 2565.31 rps=  31.15

2026-05-05T03:54:09.856Z  INFO 1 --- [lab8-additional-service] [   scheduling-1] r.h.l.a.o.ObservabilityService           : [lab8-additional-service] observability refresh
window 10s
  calc.additional.maxViewersSummary             n=  597 err=   0 errRate=  0.00% avg=  375.94 min=  102.61 max=  817.33 p50=  372.41 p95=  619.83 p99=  785.03 rps=  59.70
  controller.AnalyticsController.maxViewersSummary n=  597 err=   0 errRate=  0.00% avg=  376.70 min=  102.87 max=  818.07 p50=  373.38 p95=  622.49 p99=  785.31 rps=  59.70
  s2s.crud.fetchAllTickets                      n=  597 err=   0 errRate=  0.00% avg=  181.71 min=   19.13 max=  518.60 p50=  178.97 p95=  380.48 p99=  439.37 rps=  59.70
  s2s.crud.fetchFilms                           n=  600 err=   0 errRate=  0.00% avg=  194.39 min=   26.97 max=  601.75 p50=  192.15 p95=  390.39 p99=  488.67 rps=  60.00
window 30s
  calc.additional.maxViewersSummary             n= 1546 err=   0 errRate=  0.00% avg=  454.93 min=  102.61 max= 1297.09 p50=  418.30 p95=  799.11 p99=  928.07 rps=  51.53
  controller.AnalyticsController.maxViewersSummary n= 1546 err=   0 errRate=  0.00% avg=  455.75 min=  102.87 max= 1297.48 p50=  419.06 p95=  799.47 p99=  928.82 rps=  51.53
  s2s.crud.fetchAllTickets                      n= 1546 err=   0 errRate=  0.00% avg=  215.41 min=   19.13 max=  881.82 p50=  193.30 p95=  473.36 p99=  585.47 rps=  51.53
  s2s.crud.fetchFilms                           n= 1553 err=   0 errRate=  0.00% avg=  238.59 min=   26.97 max=  732.15 p50=  210.82 p95=  485.32 p99=  577.40 rps=  51.77
window 1m
  calc.additional.maxViewersSummary             n= 1928 err=   0 errRate=  0.00% avg=  558.29 min=  102.61 max= 4793.66 p50=  495.91 p95= 1015.15 p99= 3476.98 rps=  32.13
  controller.AnalyticsController.maxViewersSummary n= 1928 err=   0 errRate=  0.00% avg=  561.86 min=  102.87 max= 4967.60 p50=  496.64 p95= 1016.43 p99= 3646.45 rps=  32.13
  s2s.crud.fetchAllTickets                      n= 1928 err=   0 errRate=  0.00% avg=  240.39 min=   19.13 max= 1105.89 p50=  199.43 p95=  515.31 p99=  733.89 rps=  32.13
  s2s.crud.fetchFilms                           n= 1942 err=   0 errRate=  0.00% avg=  313.80 min=   26.97 max= 3713.95 p50=  225.67 p95=  612.90 p99= 2529.79 rps=  32.37

2026-05-05T03:54:10.859Z  INFO 1 --- [lab8-additional-service] [   scheduling-1] r.h.l.a.o.ObservabilityService           : [lab8-additional-service] observability refresh
window 10s
  calc.additional.maxViewersSummary             n=  612 err=   0 errRate=  0.00% avg=  369.94 min=  102.61 max=  817.33 p50=  344.71 p95=  616.09 p99=  727.41 rps=  61.20
  controller.AnalyticsController.maxViewersSummary n=  612 err=   0 errRate=  0.00% avg=  370.68 min=  102.87 max=  818.07 p50=  345.60 p95=  616.50 p99=  727.82 rps=  61.20
  s2s.crud.fetchAllTickets                      n=  612 err=   0 errRate=  0.00% avg=  176.96 min=   19.13 max=  518.60 p50=  176.19 p95=  353.33 p99=  415.21 rps=  61.20
  s2s.crud.fetchFilms                           n=  611 err=   0 errRate=  0.00% avg=  190.77 min=   26.97 max=  601.75 p50=  192.29 p95=  332.05 p99=  425.42 rps=  61.10
window 30s
  calc.additional.maxViewersSummary             n= 1578 err=   0 errRate=  0.00% avg=  446.04 min=  102.61 max= 1297.09 p50=  414.31 p95=  789.65 p99=  921.55 rps=  52.60
  controller.AnalyticsController.maxViewersSummary n= 1578 err=   0 errRate=  0.00% avg=  446.84 min=  102.87 max= 1297.48 p50=  415.15 p95=  791.05 p99=  922.54 rps=  52.60
  s2s.crud.fetchAllTickets                      n= 1578 err=   0 errRate=  0.00% avg=  211.35 min=   19.13 max=  881.82 p50=  192.02 p95=  466.23 p99=  584.81 rps=  52.60
  s2s.crud.fetchFilms                           n= 1575 err=   0 errRate=  0.00% avg=  233.78 min=   26.97 max=  732.15 p50=  208.43 p95=  457.42 p99=  544.30 rps=  52.50
window 1m
  calc.additional.maxViewersSummary             n= 1999 err=   0 errRate=  0.00% avg=  550.90 min=  102.61 max= 4793.66 p50=  489.81 p95= 1008.68 p99= 3369.62 rps=  33.32
  controller.AnalyticsController.maxViewersSummary n= 1999 err=   0 errRate=  0.00% avg=  554.36 min=  102.87 max= 4967.60 p50=  490.82 p95= 1009.88 p99= 3557.89 rps=  33.32
  s2s.crud.fetchAllTickets                      n= 1999 err=   0 errRate=  0.00% avg=  237.72 min=   19.13 max= 1105.89 p50=  198.36 p95=  512.84 p99=  733.15 rps=  33.32
  s2s.crud.fetchFilms                           n= 2006 err=   0 errRate=  0.00% avg=  309.63 min=   26.97 max= 3713.95 p50=  223.49 p95=  607.37 p99= 2483.04 rps=  33.43

2026-05-05T03:54:11.862Z  INFO 1 --- [lab8-additional-service] [   scheduling-1] r.h.l.a.o.ObservabilityService           : [lab8-additional-service] observability refresh
window 10s
  calc.additional.maxViewersSummary             n=  615 err=   0 errRate=  0.00% avg=  363.35 min=  106.16 max=  817.33 p50=  330.55 p95=  607.86 p99=  710.91 rps=  61.50
  controller.AnalyticsController.maxViewersSummary n=  615 err=   0 errRate=  0.00% avg=  364.05 min=  106.48 max=  818.07 p50=  331.05 p95=  608.49 p99=  711.12 rps=  61.50
  s2s.crud.fetchAllTickets                      n=  615 err=   0 errRate=  0.00% avg=  175.28 min=   19.13 max=  518.60 p50=  176.11 p95=  323.49 p99=  414.69 rps=  61.50
  s2s.crud.fetchFilms                           n=  618 err=   0 errRate=  0.00% avg=  188.31 min=   26.97 max=  601.75 p50=  192.68 p95=  325.06 p99=  417.41 rps=  61.80
window 30s
  calc.additional.maxViewersSummary             n= 1594 err=   0 errRate=  0.00% avg=  437.79 min=  102.61 max= 1297.09 p50=  411.12 p95=  725.92 p99=  903.00 rps=  53.13
  controller.AnalyticsController.maxViewersSummary n= 1594 err=   0 errRate=  0.00% avg=  438.57 min=  102.87 max= 1297.48 p50=  411.50 p95=  727.53 p99=  904.32 rps=  53.13
  s2s.crud.fetchAllTickets                      n= 1594 err=   0 errRate=  0.00% avg=  207.65 min=   19.13 max=  881.82 p50=  191.44 p95=  410.48 p99=  574.01 rps=  53.13
  s2s.crud.fetchFilms                           n= 1597 err=   0 errRate=  0.00% avg=  229.51 min=   26.97 max=  729.14 p50=  207.12 p95=  425.09 p99=  522.28 rps=  53.23
window 1m
  calc.additional.maxViewersSummary             n= 2055 err=   0 errRate=  0.00% avg=  545.50 min=  102.61 max= 4793.66 p50=  485.67 p95= 1003.76 p99= 3332.93 rps=  34.25
  controller.AnalyticsController.maxViewersSummary n= 2055 err=   0 errRate=  0.00% avg=  548.87 min=  102.87 max= 4967.60 p50=  486.21 p95= 1005.03 p99= 3504.29 rps=  34.25
  s2s.crud.fetchAllTickets                      n= 2055 err=   0 errRate=  0.00% avg=  236.04 min=   19.13 max= 1105.89 p50=  198.25 p95=  511.90 p99=  729.30 rps=  34.25
  s2s.crud.fetchFilms                           n= 2070 err=   0 errRate=  0.00% avg=  305.94 min=   26.97 max= 3713.95 p50=  221.35 p95=  603.60 p99= 2481.23 rps=  34.50

2026-05-05T03:54:12.866Z  INFO 1 --- [lab8-additional-service] [   scheduling-1] r.h.l.a.o.ObservabilityService           : [lab8-additional-service] observability refresh
window 10s
  calc.additional.maxViewersSummary             n=  630 err=   0 errRate=  0.00% avg=  353.58 min=  106.16 max=  804.41 p50=  323.97 p95=  594.90 p99=  707.86 rps=  63.00
  controller.AnalyticsController.maxViewersSummary n=  630 err=   0 errRate=  0.00% avg=  354.26 min=  106.48 max=  804.71 p50=  324.32 p95=  595.28 p99=  708.43 rps=  63.00
  s2s.crud.fetchAllTickets                      n=  630 err=   0 errRate=  0.00% avg=  169.44 min=   19.13 max=  518.60 p50=  172.84 p95=  313.08 p99=  403.18 rps=  63.00
  s2s.crud.fetchFilms                           n=  630 err=   0 errRate=  0.00% avg=  182.26 min=   26.97 max=  601.75 p50=  190.07 p95=  321.03 p99=  409.67 rps=  63.00
window 30s
  calc.additional.maxViewersSummary             n= 1624 err=   0 errRate=  0.00% avg=  429.86 min=  102.61 max= 1297.09 p50=  407.37 p95=  714.77 p99=  897.98 rps=  54.13
  controller.AnalyticsController.maxViewersSummary n= 1624 err=   0 errRate=  0.00% avg=  430.62 min=  102.87 max= 1297.48 p50=  407.69 p95=  715.88 p99=  898.47 rps=  54.13
  s2s.crud.fetchAllTickets                      n= 1624 err=   0 errRate=  0.00% avg=  203.44 min=   19.13 max=  881.82 p50=  189.08 p95=  405.98 p99=  561.74 rps=  54.13
  s2s.crud.fetchFilms                           n= 1623 err=   0 errRate=  0.00% avg=  225.51 min=   26.97 max=  729.14 p50=  205.51 p95=  421.71 p99=  522.12 rps=  54.10
window 1m
  calc.additional.maxViewersSummary             n= 2127 err=   0 errRate=  0.00% avg=  538.27 min=  102.61 max= 4793.66 p50=  475.94 p95=  999.03 p99= 3287.73 rps=  35.45
  controller.AnalyticsController.maxViewersSummary n= 2127 err=   0 errRate=  0.00% avg=  541.55 min=  102.87 max= 4967.60 p50=  476.18 p95= 1000.44 p99= 3435.24 rps=  35.45
  s2s.crud.fetchAllTickets                      n= 2127 err=   0 errRate=  0.00% avg=  233.21 min=   19.13 max= 1105.89 p50=  196.62 p95=  510.74 p99=  725.41 rps=  35.45
  s2s.crud.fetchFilms                           n= 2137 err=   0 errRate=  0.00% avg=  301.51 min=   26.97 max= 3713.95 p50=  219.54 p95=  601.07 p99= 2478.48 rps=  35.62

2026-05-05T03:54:13.869Z  INFO 1 --- [lab8-additional-service] [   scheduling-1] r.h.l.a.o.ObservabilityService           : [lab8-additional-service] observability refresh
window 10s
  calc.additional.maxViewersSummary             n=  636 err=   0 errRate=  0.00% avg=  347.10 min=  106.16 max=  784.51 p50=  321.59 p95=  542.96 p99=  695.33 rps=  63.60
  controller.AnalyticsController.maxViewersSummary n=  636 err=   0 errRate=  0.00% avg=  347.80 min=  106.48 max=  784.74 p50=  321.87 p95=  543.44 p99=  695.55 rps=  63.60
  s2s.crud.fetchAllTickets                      n=  636 err=   0 errRate=  0.00% avg=  165.48 min=   19.13 max=  518.60 p50=  169.89 p95=  303.21 p99=  393.21 rps=  63.60
  s2s.crud.fetchFilms                           n=  639 err=   0 errRate=  0.00% avg=  180.89 min=   21.71 max=  601.75 p50=  190.16 p95=  318.43 p99=  409.05 rps=  63.90
window 30s
  calc.additional.maxViewersSummary             n= 1645 err=   0 errRate=  0.00% avg=  423.15 min=  102.61 max= 1297.09 p50=  404.83 p95=  708.80 p99=  892.23 rps=  54.83
  controller.AnalyticsController.maxViewersSummary n= 1645 err=   0 errRate=  0.00% avg=  423.90 min=  102.87 max= 1297.48 p50=  405.56 p95=  709.47 p99=  893.53 rps=  54.83
  s2s.crud.fetchAllTickets                      n= 1645 err=   0 errRate=  0.00% avg=  199.89 min=   19.13 max=  881.82 p50=  187.83 p95=  403.54 p99=  514.91 rps=  54.83
  s2s.crud.fetchFilms                           n= 1645 err=   0 errRate=  0.00% avg=  221.95 min=   21.71 max=  713.70 p50=  204.34 p95=  416.43 p99=  517.32 rps=  54.83
window 1m
  calc.additional.maxViewersSummary             n= 2190 err=   0 errRate=  0.00% avg=  532.57 min=  102.61 max= 4793.66 p50=  432.16 p95=  994.86 p99= 3247.69 rps=  36.50
  controller.AnalyticsController.maxViewersSummary n= 2190 err=   0 errRate=  0.00% avg=  535.78 min=  102.87 max= 4967.60 p50=  433.22 p95=  996.88 p99= 3373.39 rps=  36.50
  s2s.crud.fetchAllTickets                      n= 2190 err=   0 errRate=  0.00% avg=  230.91 min=   19.13 max= 1105.89 p50=  195.73 p95=  508.21 p99=  723.91 rps=  36.50
  s2s.crud.fetchFilms                           n= 2201 err=   0 errRate=  0.00% avg=  298.27 min=   21.71 max= 3713.95 p50=  218.12 p95=  598.98 p99= 2475.15 rps=  36.68

2026-05-05T03:54:14.875Z  INFO 1 --- [lab8-additional-service] [   scheduling-1] r.h.l.a.o.ObservabilityService           : [lab8-additional-service] observability refresh
window 10s
  calc.additional.maxViewersSummary             n=  637 err=   0 errRate=  0.00% avg=  346.62 min=  106.16 max=  901.82 p50=  320.04 p95=  584.99 p99=  684.33 rps=  63.70
  controller.AnalyticsController.maxViewersSummary n=  637 err=   0 errRate=  0.00% avg=  347.29 min=  106.48 max=  902.10 p50=  320.32 p95=  585.44 p99=  684.54 rps=  63.70
  s2s.crud.fetchAllTickets                      n=  637 err=   0 errRate=  0.00% avg=  164.63 min=   21.12 max=  608.59 p50=  164.19 p95=  303.63 p99=  394.40 rps=  63.70
  s2s.crud.fetchFilms                           n=  641 err=   0 errRate=  0.00% avg=  181.69 min=   21.71 max=  601.75 p50=  190.18 p95=  322.49 p99=  419.74 rps=  64.10
window 30s
  calc.additional.maxViewersSummary             n= 1664 err=   0 errRate=  0.00% avg=  416.79 min=  102.61 max= 1028.91 p50=  403.48 p95=  703.58 p99=  833.54 rps=  55.47
  controller.AnalyticsController.maxViewersSummary n= 1664 err=   0 errRate=  0.00% avg=  417.52 min=  102.87 max= 1029.72 p50=  404.20 p95=  704.09 p99=  834.40 rps=  55.47
  s2s.crud.fetchAllTickets                      n= 1664 err=   0 errRate=  0.00% avg=  197.20 min=   19.13 max=  881.82 p50=  187.37 p95=  401.69 p99=  511.26 rps=  55.47
  s2s.crud.fetchFilms                           n= 1666 err=   0 errRate=  0.00% avg=  218.70 min=   21.71 max=  621.61 p50=  203.18 p95=  413.49 p99=  515.81 rps=  55.53
window 1m
  calc.additional.maxViewersSummary             n= 2253 err=   0 errRate=  0.00% avg=  528.32 min=  102.61 max= 4793.66 p50=  430.34 p95=  991.78 p99= 3057.43 rps=  37.55
  controller.AnalyticsController.maxViewersSummary n= 2253 err=   0 errRate=  0.00% avg=  531.45 min=  102.87 max= 4967.60 p50=  431.10 p95=  992.27 p99= 3267.04 rps=  37.55
  s2s.crud.fetchAllTickets                      n= 2253 err=   0 errRate=  0.00% avg=  229.62 min=   19.13 max= 1105.89 p50=  194.93 p95=  507.49 p99=  722.16 rps=  37.55
  s2s.crud.fetchFilms                           n= 2264 err=   0 errRate=  0.00% avg=  295.37 min=   21.71 max= 3713.95 p50=  216.82 p95=  597.93 p99= 2470.16 rps=  37.73

2026-05-05T03:54:15.878Z  INFO 1 --- [lab8-additional-service] [   scheduling-1] r.h.l.a.o.ObservabilityService           : [lab8-additional-service] observability refresh
window 10s
  calc.additional.maxViewersSummary             n=  652 err=   0 errRate=  0.00% avg=  340.57 min=  106.16 max=  901.82 p50=  316.41 p95=  578.17 p99=  682.96 rps=  65.20
  controller.AnalyticsController.maxViewersSummary n=  652 err=   0 errRate=  0.00% avg=  341.18 min=  106.48 max=  902.10 p50=  317.37 p95=  578.93 p99=  683.17 rps=  65.20
  s2s.crud.fetchAllTickets                      n=  652 err=   0 errRate=  0.00% avg=  161.46 min=   21.12 max=  608.59 p50=  155.72 p95=  303.29 p99=  394.19 rps=  65.20
  s2s.crud.fetchFilms                           n=  651 err=   0 errRate=  0.00% avg=  177.96 min=   21.71 max=  601.75 p50=  189.45 p95=  319.81 p99=  417.22 rps=  65.10
window 30s
  calc.additional.maxViewersSummary             n= 1690 err=   0 errRate=  0.00% avg=  409.72 min=  102.61 max= 1028.91 p50=  400.02 p95=  700.25 p99=  815.84 rps=  56.33
  controller.AnalyticsController.maxViewersSummary n= 1690 err=   0 errRate=  0.00% avg=  410.44 min=  102.87 max= 1029.72 p50=  400.85 p95=  701.25 p99=  816.59 rps=  56.33
  s2s.crud.fetchAllTickets                      n= 1690 err=   0 errRate=  0.00% avg=  194.35 min=   19.13 max=  881.82 p50=  185.41 p95=  400.15 p99=  508.40 rps=  56.33
  s2s.crud.fetchFilms                           n= 1687 err=   0 errRate=  0.00% avg=  214.25 min=   21.71 max=  621.61 p50=  201.28 p95=  411.49 p99=  515.75 rps=  56.23
window 1m
  calc.additional.maxViewersSummary             n= 2325 err=   0 errRate=  0.00% avg=  521.61 min=  102.61 max= 4793.66 p50=  423.98 p95=  989.93 p99= 2883.42 rps=  38.75
  controller.AnalyticsController.maxViewersSummary n= 2325 err=   0 errRate=  0.00% avg=  524.65 min=  102.87 max= 4967.60 p50=  424.44 p95=  991.11 p99= 3178.31 rps=  38.75
  s2s.crud.fetchAllTickets                      n= 2325 err=   0 errRate=  0.00% avg=  227.18 min=   19.13 max= 1105.89 p50=  193.48 p95=  505.40 p99=  720.26 rps=  38.75
  s2s.crud.fetchFilms                           n= 2332 err=   0 errRate=  0.00% avg=  291.39 min=   21.71 max= 3713.95 p50=  215.06 p95=  596.12 p99= 2413.67 rps=  38.87

2026-05-05T03:54:16.882Z  INFO 1 --- [lab8-additional-service] [   scheduling-1] r.h.l.a.o.ObservabilityService           : [lab8-additional-service] observability refresh
window 10s
  calc.additional.maxViewersSummary             n=  658 err=   0 errRate=  0.00% avg=  336.42 min=  106.16 max=  901.82 p50=  315.79 p95=  524.51 p99=  616.88 rps=  65.80
  controller.AnalyticsController.maxViewersSummary n=  658 err=   0 errRate=  0.00% avg=  336.99 min=  106.48 max=  902.10 p50=  316.40 p95=  524.71 p99=  618.80 rps=  65.80
  s2s.crud.fetchAllTickets                      n=  658 err=   0 errRate=  0.00% avg=  160.30 min=   15.17 max=  608.59 p50=  159.98 p95=  298.74 p99=  392.06 rps=  65.80
  s2s.crud.fetchFilms                           n=  657 err=   0 errRate=  0.00% avg=  176.77 min=   21.71 max=  578.02 p50=  189.45 p95=  318.36 p99=  409.89 rps=  65.70
window 30s
  calc.additional.maxViewersSummary             n= 1710 err=   0 errRate=  0.00% avg=  404.56 min=  102.61 max= 1028.91 p50=  398.11 p95=  698.36 p99=  815.32 rps=  57.00
  controller.AnalyticsController.maxViewersSummary n= 1710 err=   0 errRate=  0.00% avg=  405.26 min=  102.87 max= 1029.72 p50=  399.13 p95=  698.88 p99=  816.37 rps=  57.00
  s2s.crud.fetchAllTickets                      n= 1710 err=   0 errRate=  0.00% avg=  192.44 min=   15.17 max=  881.82 p50=  185.24 p95=  396.58 p99=  507.73 rps=  57.00
  s2s.crud.fetchFilms                           n= 1706 err=   0 errRate=  0.00% avg=  211.28 min=   21.71 max=  621.61 p50=  200.73 p95=  407.00 p99=  509.07 rps=  56.87
window 1m
  calc.additional.maxViewersSummary             n= 2389 err=   0 errRate=  0.00% avg=  516.79 min=  102.61 max= 4793.66 p50=  421.28 p95=  988.07 p99= 2870.50 rps=  39.82
  controller.AnalyticsController.maxViewersSummary n= 2389 err=   0 errRate=  0.00% avg=  519.76 min=  102.87 max= 4967.60 p50=  422.10 p95=  988.75 p99= 3176.89 rps=  39.82
  s2s.crud.fetchAllTickets                      n= 2389 err=   0 errRate=  0.00% avg=  225.58 min=   15.17 max= 1105.89 p50=  193.21 p95=  504.66 p99=  718.84 rps=  39.82
  s2s.crud.fetchFilms                           n= 2402 err=   0 errRate=  0.00% avg=  288.07 min=   21.71 max= 3713.95 p50=  214.52 p95=  592.93 p99= 2294.35 rps=  40.03

2026-05-05T03:54:17.885Z  INFO 1 --- [lab8-additional-service] [   scheduling-1] r.h.l.a.o.ObservabilityService           : [lab8-additional-service] observability refresh
window 10s
  calc.additional.maxViewersSummary             n=  666 err=   0 errRate=  0.00% avg=  332.26 min=  102.48 max=  901.82 p50=  314.57 p95=  525.02 p99=  628.70 rps=  66.60
  controller.AnalyticsController.maxViewersSummary n=  666 err=   0 errRate=  0.00% avg=  332.83 min=  102.67 max=  902.10 p50=  314.86 p95=  525.26 p99=  629.19 rps=  66.60
  s2s.crud.fetchAllTickets                      n=  666 err=   0 errRate=  0.00% avg=  158.02 min=   15.17 max=  608.59 p50=  152.95 p95=  300.23 p99=  392.05 rps=  66.60
  s2s.crud.fetchFilms                           n=  671 err=   0 errRate=  0.00% avg=  173.88 min=   21.71 max=  578.02 p50=  181.71 p95=  318.07 p99=  413.37 rps=  67.10
window 30s
  calc.additional.maxViewersSummary             n= 1732 err=   0 errRate=  0.00% avg=  397.56 min=  102.48 max= 1028.91 p50=  394.09 p95=  696.40 p99=  810.31 rps=  57.73
  controller.AnalyticsController.maxViewersSummary n= 1732 err=   0 errRate=  0.00% avg=  398.24 min=  102.67 max= 1029.72 p50=  394.57 p95=  696.73 p99=  811.59 rps=  57.73
  s2s.crud.fetchAllTickets                      n= 1732 err=   0 errRate=  0.00% avg=  189.19 min=   15.17 max=  881.82 p50=  183.23 p95=  393.58 p99=  502.35 rps=  57.73
  s2s.crud.fetchFilms                           n= 1736 err=   0 errRate=  0.00% avg=  207.00 min=   21.71 max=  621.61 p50=  198.97 p95=  404.94 p99=  507.48 rps=  57.87
window 1m
  calc.additional.maxViewersSummary             n= 2461 err=   0 errRate=  0.00% avg=  510.44 min=  102.48 max= 4793.66 p50=  418.62 p95=  984.90 p99= 2858.85 rps=  41.02
  controller.AnalyticsController.maxViewersSummary n= 2461 err=   0 errRate=  0.00% avg=  513.34 min=  102.67 max= 4967.60 p50=  419.26 p95=  985.94 p99= 3167.79 rps=  41.02
  s2s.crud.fetchAllTickets                      n= 2461 err=   0 errRate=  0.00% avg=  223.39 min=   15.17 max= 1105.89 p50=  192.25 p95=  503.61 p99=  715.68 rps=  41.02
  s2s.crud.fetchFilms                           n= 2477 err=   0 errRate=  0.00% avg=  283.81 min=   21.71 max= 3713.95 p50=  213.28 p95=  591.76 p99= 2287.13 rps=  41.28

2026-05-05T03:54:18.894Z  INFO 1 --- [lab8-additional-service] [   scheduling-1] r.h.l.a.o.ObservabilityService           : [lab8-additional-service] observability refresh
window 10s
  calc.additional.maxViewersSummary             n=  669 err=   0 errRate=  0.00% avg=  331.73 min=  102.48 max=  901.82 p50=  315.02 p95=  518.92 p99=  618.02 rps=  66.90
  controller.AnalyticsController.maxViewersSummary n=  669 err=   0 errRate=  0.00% avg=  332.23 min=  102.67 max=  902.10 p50=  315.61 p95=  519.13 p99=  618.83 rps=  66.90
  s2s.crud.fetchAllTickets                      n=  669 err=   0 errRate=  0.00% avg=  158.11 min=   15.17 max=  608.59 p50=  157.59 p95=  299.29 p99=  391.96 rps=  66.90
  s2s.crud.fetchFilms                           n=  674 err=   0 errRate=  0.00% avg=  173.13 min=   21.71 max=  521.01 p50=  183.26 p95=  317.98 p99=  409.18 rps=  67.40
window 30s
  calc.additional.maxViewersSummary             n= 1757 err=   0 errRate=  0.00% avg=  391.22 min=  102.48 max= 1028.91 p50=  391.25 p95=  693.24 p99=  805.96 rps=  58.57
  controller.AnalyticsController.maxViewersSummary n= 1757 err=   0 errRate=  0.00% avg=  391.89 min=  102.67 max= 1029.72 p50=  391.60 p95=  693.85 p99=  806.24 rps=  58.57
  s2s.crud.fetchAllTickets                      n= 1757 err=   0 errRate=  0.00% avg=  187.10 min=   15.17 max=  881.82 p50=  181.74 p95=  391.77 p99=  502.23 rps=  58.57
  s2s.crud.fetchFilms                           n= 1756 err=   0 errRate=  0.00% avg=  202.70 min=   21.71 max=  621.61 p50=  197.89 p95=  403.81 p99=  501.09 rps=  58.53
window 1m
  calc.additional.maxViewersSummary             n= 2536 err=   0 errRate=  0.00% avg=  504.37 min=  102.48 max= 4793.66 p50=  416.35 p95=  976.45 p99= 2558.52 rps=  42.27
  controller.AnalyticsController.maxViewersSummary n= 2536 err=   0 errRate=  0.00% avg=  507.20 min=  102.67 max= 4967.60 p50=  417.08 p95=  978.70 p99= 2759.76 rps=  42.27
  s2s.crud.fetchAllTickets                      n= 2536 err=   0 errRate=  0.00% avg=  221.08 min=   15.17 max= 1105.89 p50=  191.11 p95=  502.14 p99=  709.36 rps=  42.27
  s2s.crud.fetchFilms                           n= 2546 err=   0 errRate=  0.00% avg=  280.42 min=   21.71 max= 3713.95 p50=  211.53 p95=  588.55 p99= 1908.20 rps=  42.43

2026-05-05T03:54:19.899Z  INFO 1 --- [lab8-additional-service] [   scheduling-1] r.h.l.a.o.ObservabilityService           : [lab8-additional-service] observability refresh
window 10s
  calc.additional.maxViewersSummary             n=  679 err=   0 errRate=  0.00% avg=  328.99 min=  102.48 max=  901.82 p50=  314.49 p95=  514.74 p99=  616.56 rps=  67.90
  controller.AnalyticsController.maxViewersSummary n=  679 err=   0 errRate=  0.00% avg=  329.53 min=  102.67 max=  902.10 p50=  314.75 p95=  514.93 p99=  617.39 rps=  67.90
  s2s.crud.fetchAllTickets                      n=  679 err=   0 errRate=  0.00% avg=  158.53 min=   15.17 max=  608.59 p50=  155.27 p95=  298.59 p99=  394.05 rps=  67.90
  s2s.crud.fetchFilms                           n=  680 err=   0 errRate=  0.00% avg=  169.80 min=   21.71 max=  521.01 p50=  142.45 p95=  315.44 p99=  408.94 rps=  68.00
window 30s
  calc.additional.maxViewersSummary             n= 1783 err=   0 errRate=  0.00% avg=  383.75 min=  102.48 max= 1028.91 p50=  385.09 p95=  685.21 p99=  800.47 rps=  59.43
  controller.AnalyticsController.maxViewersSummary n= 1783 err=   0 errRate=  0.00% avg=  384.42 min=  102.67 max= 1029.72 p50=  385.49 p95=  686.29 p99=  800.72 rps=  59.43
  s2s.crud.fetchAllTickets                      n= 1783 err=   0 errRate=  0.00% avg=  183.89 min=   15.17 max=  676.32 p50=  180.20 p95=  388.37 p99=  493.60 rps=  59.43
  s2s.crud.fetchFilms                           n= 1786 err=   0 errRate=  0.00% avg=  198.95 min=   21.71 max=  621.61 p50=  195.58 p95=  400.92 p99=  499.28 rps=  59.53
window 1m
  calc.additional.maxViewersSummary             n= 2607 err=   0 errRate=  0.00% avg=  498.57 min=  102.48 max= 4793.66 p50=  413.32 p95=  946.54 p99= 2001.92 rps=  43.45
  controller.AnalyticsController.maxViewersSummary n= 2607 err=   0 errRate=  0.00% avg=  501.35 min=  102.67 max= 4967.60 p50=  414.33 p95=  948.37 p99= 2002.65 rps=  43.45
  s2s.crud.fetchAllTickets                      n= 2607 err=   0 errRate=  0.00% avg=  219.07 min=   15.17 max= 1105.89 p50=  189.67 p95=  500.96 p99=  700.97 rps=  43.45
  s2s.crud.fetchFilms                           n= 2622 err=   0 errRate=  0.00% avg=  276.45 min=   21.71 max= 3713.95 p50=  209.56 p95=  586.74 p99= 1445.43 rps=  43.70

2026-05-05T03:54:20.908Z  INFO 1 --- [lab8-additional-service] [   scheduling-1] r.h.l.a.o.ObservabilityService           : [lab8-additional-service] observability refresh
window 10s
  calc.additional.maxViewersSummary             n=  682 err=   0 errRate=  0.00% avg=  324.74 min=  102.48 max=  901.82 p50=  311.87 p95=  512.08 p99=  616.12 rps=  68.20
  controller.AnalyticsController.maxViewersSummary n=  683 err=   0 errRate=  0.00% avg=  325.40 min=  102.67 max=  902.10 p50=  312.42 p95=  512.92 p99=  616.81 rps=  68.30
  s2s.crud.fetchAllTickets                      n=  682 err=   0 errRate=  0.00% avg=  158.10 min=   15.17 max=  608.59 p50=  161.41 p95=  298.41 p99=  395.87 rps=  68.20
  s2s.crud.fetchFilms                           n=  687 err=   0 errRate=  0.00% avg=  166.94 min=   21.71 max=  521.01 p50=  134.54 p95=  313.71 p99=  408.65 rps=  68.70
window 30s
  calc.additional.maxViewersSummary             n= 1806 err=   0 errRate=  0.00% avg=  378.00 min=  102.48 max= 1028.91 p50=  374.14 p95=  644.77 p99=  800.41 rps=  60.20
  controller.AnalyticsController.maxViewersSummary n= 1806 err=   0 errRate=  0.00% avg=  378.67 min=  102.67 max= 1029.72 p50=  374.50 p95=  645.01 p99=  800.63 rps=  60.20
  s2s.crud.fetchAllTickets                      n= 1806 err=   0 errRate=  0.00% avg=  181.95 min=   15.17 max=  676.32 p50=  179.74 p95=  386.74 p99=  491.68 rps=  60.20
  s2s.crud.fetchFilms                           n= 1808 err=   0 errRate=  0.00% avg=  195.55 min=   21.71 max=  621.61 p50=  194.57 p95=  399.02 p99=  492.98 rps=  60.27
window 1m
  calc.additional.maxViewersSummary             n= 2682 err=   0 errRate=  0.00% avg=  493.33 min=  102.48 max= 4793.66 p50=  411.13 p95=  926.00 p99= 1873.65 rps=  44.70
  controller.AnalyticsController.maxViewersSummary n= 2682 err=   0 errRate=  0.00% avg=  496.05 min=  102.67 max= 4967.60 p50=  411.57 p95=  926.68 p99= 1874.30 rps=  44.70
  s2s.crud.fetchAllTickets                      n= 2682 err=   0 errRate=  0.00% avg=  217.48 min=   15.17 max= 1105.89 p50=  189.06 p95=  499.86 p99=  697.84 rps=  44.70
  s2s.crud.fetchFilms                           n= 2693 err=   0 errRate=  0.00% avg=  273.23 min=   21.71 max= 3713.95 p50=  208.78 p95=  584.08 p99= 1437.12 rps=  44.88

2026-05-05T03:54:21.915Z  INFO 1 --- [lab8-additional-service] [   scheduling-1] r.h.l.a.o.ObservabilityService           : [lab8-additional-service] observability refresh
window 10s
  calc.additional.maxViewersSummary             n=  696 err=   0 errRate=  0.00% avg=  321.02 min=  102.48 max=  901.82 p50=  309.64 p95=  512.15 p99=  611.70 rps=  69.60
  controller.AnalyticsController.maxViewersSummary n=  696 err=   0 errRate=  0.00% avg=  321.60 min=  102.67 max=  902.10 p50=  310.05 p95=  513.03 p99=  612.25 rps=  69.60
  s2s.crud.fetchAllTickets                      n=  696 err=   0 errRate=  0.00% avg=  155.16 min=   15.17 max=  608.59 p50=  143.57 p95=  295.79 p99=  391.58 rps=  69.60
  s2s.crud.fetchFilms                           n=  694 err=   0 errRate=  0.00% avg=  164.13 min=   21.71 max=  521.01 p50=  131.97 p95=  315.15 p99=  416.25 rps=  69.40
window 30s
  calc.additional.maxViewersSummary             n= 1826 err=   0 errRate=  0.00% avg=  372.83 min=  102.48 max= 1002.57 p50=  332.79 p95=  622.31 p99=  798.97 rps=  60.87
  controller.AnalyticsController.maxViewersSummary n= 1826 err=   0 errRate=  0.00% avg=  373.49 min=  102.67 max= 1003.70 p50=  334.01 p95=  624.40 p99=  799.46 rps=  60.87
  s2s.crud.fetchAllTickets                      n= 1826 err=   0 errRate=  0.00% avg=  179.06 min=   15.17 max=  676.32 p50=  177.39 p95=  384.56 p99=  490.71 rps=  60.87
  s2s.crud.fetchFilms                           n= 1830 err=   0 errRate=  0.00% avg=  193.07 min=   21.71 max=  621.61 p50=  192.66 p95=  398.54 p99=  493.70 rps=  61.00
window 1m
  calc.additional.maxViewersSummary             n= 2754 err=   0 errRate=  0.00% avg=  488.53 min=  102.48 max= 4793.66 p50=  408.94 p95=  921.48 p99= 1774.14 rps=  45.90
  controller.AnalyticsController.maxViewersSummary n= 2754 err=   0 errRate=  0.00% avg=  491.20 min=  102.67 max= 4967.60 p50=  409.82 p95=  922.87 p99= 1774.89 rps=  45.90
  s2s.crud.fetchAllTickets                      n= 2754 err=   0 errRate=  0.00% avg=  215.48 min=   15.17 max= 1105.89 p50=  188.24 p95=  499.44 p99=  695.30 rps=  45.90
  s2s.crud.fetchFilms                           n= 2767 err=   0 errRate=  0.00% avg=  270.29 min=   21.71 max= 3713.95 p50=  208.06 p95=  577.32 p99= 1425.62 rps=  46.12

2026-05-05T03:54:22.921Z  INFO 1 --- [lab8-additional-service] [   scheduling-1] r.h.l.a.o.ObservabilityService           : [lab8-additional-service] observability refresh
window 10s
  calc.additional.maxViewersSummary             n=  702 err=   0 errRate=  0.00% avg=  318.83 min=  102.20 max=  901.82 p50=  309.33 p95=  510.65 p99=  622.22 rps=  70.20
  controller.AnalyticsController.maxViewersSummary n=  702 err=   0 errRate=  0.00% avg=  319.41 min=  102.67 max=  902.10 p50=  309.93 p95=  512.02 p99=  623.63 rps=  70.20
  s2s.crud.fetchAllTickets                      n=  702 err=   0 errRate=  0.00% avg=  154.65 min=   15.17 max=  608.59 p50=  134.74 p95=  296.37 p99=  391.45 rps=  70.20
  s2s.crud.fetchFilms                           n=  700 err=   0 errRate=  0.00% avg=  164.23 min=   21.71 max=  521.01 p50=  131.12 p95=  317.85 p99=  416.11 rps=  70.00
window 30s
  calc.additional.maxViewersSummary             n= 1855 err=   0 errRate=  0.00% avg=  367.53 min=  102.20 max= 1002.57 p50=  327.92 p95=  618.81 p99=  798.59 rps=  61.83
  controller.AnalyticsController.maxViewersSummary n= 1855 err=   0 errRate=  0.00% avg=  368.18 min=  102.67 max= 1003.70 p50=  328.72 p95=  619.41 p99=  799.29 rps=  61.83
  s2s.crud.fetchAllTickets                      n= 1855 err=   0 errRate=  0.00% avg=  177.05 min=   15.17 max=  676.32 p50=  175.96 p95=  382.25 p99=  489.15 rps=  61.83
  s2s.crud.fetchFilms                           n= 1850 err=   0 errRate=  0.00% avg=  189.83 min=   21.71 max=  621.61 p50=  190.36 p95=  396.25 p99=  490.07 rps=  61.67
window 1m
  calc.additional.maxViewersSummary             n= 2832 err=   0 errRate=  0.00% avg=  483.66 min=  102.20 max= 4793.66 p50=  407.17 p95=  916.28 p99= 1690.53 rps=  47.20
  controller.AnalyticsController.maxViewersSummary n= 2832 err=   0 errRate=  0.00% avg=  486.26 min=  102.67 max= 4967.60 p50=  407.54 p95=  916.81 p99= 1692.62 rps=  47.20
  s2s.crud.fetchAllTickets                      n= 2832 err=   0 errRate=  0.00% avg=  213.72 min=   15.17 max= 1105.89 p50=  187.52 p95=  495.55 p99=  693.70 rps=  47.20
  s2s.crud.fetchFilms                           n= 2839 err=   0 errRate=  0.00% avg=  267.52 min=   21.71 max= 3713.95 p50=  207.20 p95=  566.54 p99= 1417.07 rps=  47.32

2026-05-05T03:54:23.931Z  INFO 1 --- [lab8-additional-service] [   scheduling-1] r.h.l.a.o.ObservabilityService           : [lab8-additional-service] observability refresh
window 10s
  calc.additional.maxViewersSummary             n=  718 err=   0 errRate=  0.00% avg=  311.13 min=  102.20 max=  901.82 p50=  304.42 p95=  506.93 p99=  621.75 rps=  71.80
  controller.AnalyticsController.maxViewersSummary n=  718 err=   0 errRate=  0.00% avg=  311.68 min=  102.67 max=  902.10 p50=  305.09 p95=  507.14 p99=  622.96 rps=  71.80
  s2s.crud.fetchAllTickets                      n=  718 err=   0 errRate=  0.00% avg=  152.08 min=   15.17 max=  608.59 p50=  130.83 p95=  294.68 p99=  391.38 rps=  71.80
  s2s.crud.fetchFilms                           n=  716 err=   0 errRate=  0.00% avg=  159.00 min=   21.74 max=  521.01 p50=  127.72 p95=  310.64 p99=  411.58 rps=  71.60
window 30s
  calc.additional.maxViewersSummary             n= 1885 err=   0 errRate=  0.00% avg=  361.05 min=  102.20 max= 1002.57 p50=  324.37 p95=  613.25 p99=  797.57 rps=  62.83
  controller.AnalyticsController.maxViewersSummary n= 1885 err=   0 errRate=  0.00% avg=  361.70 min=  102.67 max= 1003.70 p50=  324.96 p95=  613.74 p99=  798.60 rps=  62.83
  s2s.crud.fetchAllTickets                      n= 1885 err=   0 errRate=  0.00% avg=  173.77 min=   15.17 max=  676.32 p50=  171.78 p95=  380.33 p99=  481.79 rps=  62.83
  s2s.crud.fetchFilms                           n= 1877 err=   0 errRate=  0.00% avg=  186.41 min=   21.71 max=  621.61 p50=  187.96 p95=  393.89 p99=  488.95 rps=  62.57
window 1m
  calc.additional.maxViewersSummary             n= 2910 err=   0 errRate=  0.00% avg=  477.84 min=  102.20 max= 4793.66 p50=  404.38 p95=  913.39 p99= 1634.42 rps=  48.50
  controller.AnalyticsController.maxViewersSummary n= 2910 err=   0 errRate=  0.00% avg=  480.39 min=  102.67 max= 4967.60 p50=  404.94 p95=  914.24 p99= 1638.86 rps=  48.50
  s2s.crud.fetchAllTickets                      n= 2910 err=   0 errRate=  0.00% avg=  211.47 min=   15.17 max= 1105.89 p50=  186.18 p95=  494.09 p99=  693.48 rps=  48.50
  s2s.crud.fetchFilms                           n= 2918 err=   0 errRate=  0.00% avg=  264.07 min=   21.71 max= 3713.95 p50=  205.67 p95=  542.70 p99= 1373.42 rps=  48.63

2026-05-05T03:54:24.942Z  INFO 1 --- [lab8-additional-service] [   scheduling-1] r.h.l.a.o.ObservabilityService           : [lab8-additional-service] observability refresh
window 10s
  calc.additional.maxViewersSummary             n=  721 err=   0 errRate=  0.00% avg=  306.47 min=  102.20 max=  797.98 p50=  302.40 p95=  497.27 p99=  597.59 rps=  72.10
  controller.AnalyticsController.maxViewersSummary n=  721 err=   0 errRate=  0.00% avg=  307.03 min=  102.67 max=  798.20 p50=  303.26 p95=  497.51 p99=  598.04 rps=  72.10
  s2s.crud.fetchAllTickets                      n=  720 err=   0 errRate=  0.00% avg=  150.28 min=   15.17 max=  467.37 p50=  131.31 p95=  292.10 p99=  378.67 rps=  72.00
  s2s.crud.fetchFilms                           n=  718 err=   0 errRate=  0.00% avg=  156.37 min=   21.74 max=  521.01 p50=  127.47 p95=  303.76 p99=  398.66 rps=  71.80
window 30s
  calc.additional.maxViewersSummary             n= 1901 err=   0 errRate=  0.00% avg=  357.10 min=  102.20 max= 1002.57 p50=  322.00 p95=  609.48 p99=  791.60 rps=  63.37
  controller.AnalyticsController.maxViewersSummary n= 1901 err=   0 errRate=  0.00% avg=  357.75 min=  102.67 max= 1003.70 p50=  322.85 p95=  609.70 p99=  791.88 rps=  63.37
  s2s.crud.fetchAllTickets                      n= 1901 err=   0 errRate=  0.00% avg=  172.42 min=   15.17 max=  676.32 p50=  170.67 p95=  378.88 p99=  478.04 rps=  63.37
  s2s.crud.fetchFilms                           n= 1895 err=   0 errRate=  0.00% avg=  183.79 min=   21.71 max=  621.61 p50=  186.24 p95=  388.00 p99=  486.58 rps=  63.17
window 1m
  calc.additional.maxViewersSummary             n= 2978 err=   0 errRate=  0.00% avg=  474.27 min=  102.20 max= 4793.66 p50=  403.16 p95=  910.42 p99= 1617.06 rps=  49.63
  controller.AnalyticsController.maxViewersSummary n= 2978 err=   0 errRate=  0.00% avg=  476.77 min=  102.67 max= 4967.60 p50=  403.74 p95=  911.35 p99= 1618.73 rps=  49.63
  s2s.crud.fetchAllTickets                      n= 2978 err=   0 errRate=  0.00% avg=  210.31 min=   15.17 max= 1105.89 p50=  185.60 p95=  493.51 p99=  692.88 rps=  49.63
  s2s.crud.fetchFilms                           n= 2987 err=   0 errRate=  0.00% avg=  261.73 min=   21.71 max= 3713.95 p50=  204.96 p95=  530.79 p99= 1216.77 rps=  49.78

2026-05-05T03:54:25.949Z  INFO 1 --- [lab8-additional-service] [   scheduling-1] r.h.l.a.o.ObservabilityService           : [lab8-additional-service] observability refresh
window 10s
  calc.additional.maxViewersSummary             n=  716 err=   0 errRate=  0.00% avg=  310.43 min=  102.20 max=  797.98 p50=  305.13 p95=  500.80 p99=  616.02 rps=  71.60
  controller.AnalyticsController.maxViewersSummary n=  716 err=   0 errRate=  0.00% avg=  310.99 min=  102.67 max=  798.20 p50=  306.00 p95=  501.03 p99=  616.27 rps=  71.60
  s2s.crud.fetchAllTickets                      n=  716 err=   0 errRate=  0.00% avg=  151.74 min=   15.17 max=  467.37 p50=  134.03 p95=  295.33 p99=  384.20 rps=  71.60
  s2s.crud.fetchFilms                           n=  708 err=   0 errRate=  0.00% avg=  159.21 min=   21.74 max=  521.01 p50=  127.47 p95=  308.67 p99=  398.84 rps=  70.80
window 30s
  calc.additional.maxViewersSummary             n= 1911 err=   0 errRate=  0.00% avg=  352.92 min=  102.20 max=  901.82 p50=  320.88 p95=  601.71 p99=  720.37 rps=  63.70
  controller.AnalyticsController.maxViewersSummary n= 1911 err=   0 errRate=  0.00% avg=  353.55 min=  102.67 max=  902.10 p50=  321.18 p95=  602.61 p99=  721.22 rps=  63.70
  s2s.crud.fetchAllTickets                      n= 1911 err=   0 errRate=  0.00% avg=  170.06 min=   15.17 max=  676.32 p50=  170.46 p95=  370.47 p99=  425.75 rps=  63.70
  s2s.crud.fetchFilms                           n= 1908 err=   0 errRate=  0.00% avg=  182.93 min=   21.71 max=  621.61 p50=  186.27 p95=  385.15 p99=  480.71 rps=  63.60
window 1m
  calc.additional.maxViewersSummary             n= 3045 err=   0 errRate=  0.00% avg=  471.59 min=  102.20 max= 4793.66 p50=  402.21 p95=  907.04 p99= 1602.09 rps=  50.75
  controller.AnalyticsController.maxViewersSummary n= 3045 err=   0 errRate=  0.00% avg=  474.05 min=  102.67 max= 4967.60 p50=  402.88 p95=  910.30 p99= 1603.36 rps=  50.75
  s2s.crud.fetchAllTickets                      n= 3045 err=   0 errRate=  0.00% avg=  209.32 min=   15.17 max= 1105.89 p50=  185.46 p95=  492.32 p99=  691.23 rps=  50.75
  s2s.crud.fetchFilms                           n= 3050 err=   0 errRate=  0.00% avg=  260.32 min=   21.71 max= 3713.95 p50=  204.90 p95=  527.53 p99= 1139.15 rps=  50.83

2026-05-05T03:54:26.990Z  INFO 1 --- [lab8-additional-service] [   scheduling-1] r.h.l.a.o.ObservabilityService           : [lab8-additional-service] observability refresh
window 10s
  calc.additional.maxViewersSummary             n=  723 err=   0 errRate=  0.00% avg=  304.25 min=  102.20 max=  797.98 p50=  300.59 p95=  496.77 p99=  596.42 rps=  72.30
  controller.AnalyticsController.maxViewersSummary n=  723 err=   0 errRate=  0.00% avg=  304.83 min=  102.67 max=  798.20 p50=  301.28 p95=  496.99 p99=  596.83 rps=  72.30
  s2s.crud.fetchAllTickets                      n=  723 err=   0 errRate=  0.00% avg=  149.10 min=   17.21 max=  467.37 p50=  125.97 p95=  295.55 p99=  384.07 rps=  72.30
  s2s.crud.fetchFilms                           n=  722 err=   0 errRate=  0.00% avg=  154.14 min=   21.74 max=  498.69 p50=  125.26 p95=  302.26 p99=  395.06 rps=  72.20
window 30s
  calc.additional.maxViewersSummary             n= 1933 err=   0 errRate=  0.00% avg=  347.67 min=  102.20 max=  901.82 p50=  318.18 p95=  597.37 p99=  718.52 rps=  64.43
  controller.AnalyticsController.maxViewersSummary n= 1933 err=   0 errRate=  0.00% avg=  348.29 min=  102.67 max=  902.10 p50=  318.58 p95=  597.75 p99=  719.12 rps=  64.43
  s2s.crud.fetchAllTickets                      n= 1933 err=   0 errRate=  0.00% avg=  167.45 min=   15.17 max=  676.32 p50=  166.13 p95=  323.55 p99=  407.83 rps=  64.43
  s2s.crud.fetchFilms                           n= 1929 err=   0 errRate=  0.00% avg=  179.66 min=   21.71 max=  621.61 p50=  181.71 p95=  381.79 p99=  441.79 rps=  64.30
window 1m
  calc.additional.maxViewersSummary             n= 3120 err=   0 errRate=  0.00% avg=  467.01 min=  102.20 max= 4793.66 p50=  400.28 p95=  904.89 p99= 1590.17 rps=  52.00
  controller.AnalyticsController.maxViewersSummary n= 3120 err=   0 errRate=  0.00% avg=  469.41 min=  102.67 max= 4967.60 p50=  401.06 p95=  907.07 p99= 1592.04 rps=  52.00
  s2s.crud.fetchAllTickets                      n= 3120 err=   0 errRate=  0.00% avg=  207.60 min=   15.17 max= 1105.89 p50=  184.58 p95=  489.45 p99=  688.65 rps=  52.00
  s2s.crud.fetchFilms                           n= 3129 err=   0 errRate=  0.00% avg=  257.05 min=   21.71 max= 3713.95 p50=  203.53 p95=  523.68 p99= 1086.70 rps=  52.15

2026-05-05T03:54:28.004Z  INFO 1 --- [lab8-additional-service] [   scheduling-1] r.h.l.a.o.ObservabilityService           : [lab8-additional-service] observability refresh
window 10s
  calc.additional.maxViewersSummary             n=  716 err=   0 errRate=  0.00% avg=  305.90 min=  102.20 max=  714.23 p50=  301.65 p95=  496.92 p99=  596.80 rps=  71.60
  controller.AnalyticsController.maxViewersSummary n=  716 err=   0 errRate=  0.00% avg=  306.44 min=  103.48 max=  714.44 p50=  302.22 p95=  497.22 p99=  597.13 rps=  71.60
  s2s.crud.fetchAllTickets                      n=  716 err=   0 errRate=  0.00% avg=  149.43 min=   17.21 max=  514.96 p50=  125.62 p95=  295.13 p99=  384.00 rps=  71.60
  s2s.crud.fetchFilms                           n=  718 err=   0 errRate=  0.00% avg=  157.20 min=   21.74 max=  498.69 p50=  127.41 p95=  301.13 p99=  395.13 rps=  71.80
window 30s
  calc.additional.maxViewersSummary             n= 1948 err=   0 errRate=  0.00% avg=  344.81 min=  102.20 max=  901.82 p50=  316.76 p95=  595.54 p99=  718.26 rps=  64.93
  controller.AnalyticsController.maxViewersSummary n= 1948 err=   0 errRate=  0.00% avg=  345.42 min=  102.67 max=  902.10 p50=  317.44 p95=  596.11 p99=  718.78 rps=  64.93
  s2s.crud.fetchAllTickets                      n= 1948 err=   0 errRate=  0.00% avg=  166.21 min=   15.17 max=  676.32 p50=  163.59 p95=  320.54 p99=  409.31 rps=  64.93
  s2s.crud.fetchFilms                           n= 1949 err=   0 errRate=  0.00% avg=  178.37 min=   21.71 max=  621.61 p50=  179.32 p95=  333.40 p99=  438.79 rps=  64.97
window 1m
  calc.additional.maxViewersSummary             n= 3185 err=   0 errRate=  0.00% avg=  461.48 min=  102.20 max= 4793.66 p50=  398.83 p95=  902.36 p99= 1515.30 rps=  53.08
  controller.AnalyticsController.maxViewersSummary n= 3185 err=   0 errRate=  0.00% avg=  463.57 min=  102.67 max= 4967.60 p50=  399.85 p95=  903.79 p99= 1516.74 rps=  53.08
  s2s.crud.fetchAllTickets                      n= 3185 err=   0 errRate=  0.00% avg=  206.44 min=   15.17 max= 1105.89 p50=  183.70 p95=  488.00 p99=  686.11 rps=  53.08
  s2s.crud.fetchFilms                           n= 3191 err=   0 errRate=  0.00% avg=  248.14 min=   21.71 max= 3713.95 p50=  202.98 p95=  516.62 p99=  910.94 rps=  53.18

2026-05-05T03:54:29.014Z  INFO 1 --- [lab8-additional-service] [   scheduling-1] r.h.l.a.o.ObservabilityService           : [lab8-additional-service] observability refresh
window 10s
  calc.additional.maxViewersSummary             n=  719 err=   0 errRate=  0.00% avg=  304.58 min=  102.20 max=  714.23 p50=  300.81 p95=  498.71 p99=  598.93 rps=  71.90
  controller.AnalyticsController.maxViewersSummary n=  719 err=   0 errRate=  0.00% avg=  305.10 min=  103.48 max=  714.44 p50=  301.32 p95=  498.90 p99=  599.85 rps=  71.90
  s2s.crud.fetchAllTickets                      n=  719 err=   0 errRate=  0.00% avg=  149.18 min=   17.21 max=  514.96 p50=  126.97 p95=  295.12 p99=  383.90 rps=  71.90
  s2s.crud.fetchFilms                           n=  721 err=   0 errRate=  0.00% avg=  155.55 min=   21.74 max=  498.69 p50=  126.87 p95=  300.27 p99=  395.07 rps=  72.10
window 30s
  calc.additional.maxViewersSummary             n= 1973 err=   0 errRate=  0.00% avg=  339.88 min=  102.20 max=  901.82 p50=  314.84 p95=  590.54 p99=  713.03 rps=  65.77
  controller.AnalyticsController.maxViewersSummary n= 1973 err=   0 errRate=  0.00% avg=  340.48 min=  102.67 max=  902.10 p50=  315.07 p95=  590.88 p99=  713.33 rps=  65.77
  s2s.crud.fetchAllTickets                      n= 1973 err=   0 errRate=  0.00% avg=  163.79 min=   15.17 max=  676.32 p50=  160.85 p95=  313.41 p99=  406.92 rps=  65.77
  s2s.crud.fetchFilms                           n= 1976 err=   0 errRate=  0.00% avg=  175.11 min=   21.71 max=  601.75 p50=  168.68 p95=  325.06 p99=  429.24 rps=  65.87
window 1m
  calc.additional.maxViewersSummary             n= 3237 err=   0 errRate=  0.00% avg=  436.55 min=  102.20 max= 4793.66 p50=  396.70 p95=  888.76 p99= 1207.92 rps=  53.95
  controller.AnalyticsController.maxViewersSummary n= 3237 err=   0 errRate=  0.00% avg=  437.51 min=  102.67 max= 4967.60 p50=  397.86 p95=  889.66 p99= 1213.00 rps=  53.95
  s2s.crud.fetchAllTickets                      n= 3237 err=   0 errRate=  0.00% avg=  202.80 min=   15.17 max= 1105.89 p50=  182.91 p95=  479.38 p99=  614.66 rps=  53.95
  s2s.crud.fetchFilms                           n= 3246 err=   0 errRate=  0.00% avg=  229.88 min=   21.71 max= 1184.98 p50=  201.81 p95=  503.23 p99=  728.60 rps=  54.10

2026-05-05T03:54:30.087Z  INFO 1 --- [lab8-additional-service] [   scheduling-1] r.h.l.a.o.ObservabilityService           : [lab8-additional-service] observability refresh
window 10s
  calc.additional.maxViewersSummary             n=  724 err=   0 errRate=  0.00% avg=  306.45 min=  102.20 max=  735.58 p50=  299.78 p95=  504.05 p99=  605.63 rps=  72.40
  controller.AnalyticsController.maxViewersSummary n=  724 err=   0 errRate=  0.00% avg=  306.97 min=  103.48 max=  735.87 p50=  300.28 p95=  505.06 p99=  607.84 rps=  72.40
  s2s.crud.fetchAllTickets                      n=  724 err=   0 errRate=  0.00% avg=  149.78 min=   17.21 max=  514.96 p50=  124.66 p95=  296.09 p99=  391.41 rps=  72.40
  s2s.crud.fetchFilms                           n=  719 err=   0 errRate=  0.00% avg=  156.19 min=   22.91 max=  498.69 p50=  126.64 p95=  304.35 p99=  397.05 rps=  71.90
window 30s
  calc.additional.maxViewersSummary             n= 2005 err=   0 errRate=  0.00% avg=  334.66 min=  102.20 max=  901.82 p50=  312.70 p95=  579.25 p99=  701.03 rps=  66.83
  controller.AnalyticsController.maxViewersSummary n= 2005 err=   0 errRate=  0.00% avg=  335.27 min=  102.67 max=  902.10 p50=  313.50 p95=  579.49 p99=  702.34 rps=  66.83
  s2s.crud.fetchAllTickets                      n= 2005 err=   0 errRate=  0.00% avg=  162.18 min=   15.17 max=  608.59 p50=  156.17 p95=  310.28 p99=  406.29 rps=  66.83
  s2s.crud.fetchFilms                           n= 2000 err=   0 errRate=  0.00% avg=  171.97 min=   21.71 max=  601.75 p50=  141.20 p95=  322.17 p99=  419.29 rps=  66.67
window 1m
  calc.additional.maxViewersSummary             n= 3294 err=   0 errRate=  0.00% avg=  425.85 min=  102.20 max= 2012.18 p50=  394.94 p95=  817.55 p99= 1105.37 rps=  54.90
  controller.AnalyticsController.maxViewersSummary n= 3295 err=   0 errRate=  0.00% avg=  426.90 min=  102.67 max= 2012.91 p50=  395.52 p95=  819.92 p99= 1106.33 rps=  54.92
  s2s.crud.fetchAllTickets                      n= 3294 err=   0 errRate=  0.00% avg=  200.06 min=   15.17 max=  977.58 p50=  181.52 p95=  476.47 p99=  610.75 rps=  54.90
  s2s.crud.fetchFilms                           n= 3288 err=   0 errRate=  0.00% avg=  224.21 min=   21.71 max= 1074.47 p50=  200.56 p95=  497.03 p99=  682.82 rps=  54.80

2026-05-05T03:54:31.095Z  INFO 1 --- [lab8-additional-service] [   scheduling-1] r.h.l.a.o.ObservabilityService           : [lab8-additional-service] observability refresh
window 10s
  calc.additional.maxViewersSummary             n=  729 err=   0 errRate=  0.00% avg=  301.90 min=  101.50 max=  735.58 p50=  298.38 p95=  503.43 p99=  605.52 rps=  72.90
  controller.AnalyticsController.maxViewersSummary n=  729 err=   0 errRate=  0.00% avg=  302.46 min=  101.74 max=  735.87 p50=  298.58 p95=  504.02 p99=  607.80 rps=  72.90
  s2s.crud.fetchAllTickets                      n=  729 err=   0 errRate=  0.00% avg=  146.93 min=   17.21 max=  514.96 p50=  123.50 p95=  295.17 p99=  389.38 rps=  72.90
  s2s.crud.fetchFilms                           n=  731 err=   0 errRate=  0.00% avg=  154.58 min=   22.91 max=  498.69 p50=  125.96 p95=  303.80 p99=  396.93 rps=  73.10
window 30s
  calc.additional.maxViewersSummary             n= 2030 err=   0 errRate=  0.00% avg=  329.29 min=  101.50 max=  901.82 p50=  310.66 p95=  529.37 p99=  696.54 rps=  67.67
  controller.AnalyticsController.maxViewersSummary n= 2030 err=   0 errRate=  0.00% avg=  329.90 min=  101.74 max=  902.10 p50=  310.97 p95=  530.27 p99=  696.75 rps=  67.67
  s2s.crud.fetchAllTickets                      n= 2030 err=   0 errRate=  0.00% avg=  159.63 min=   15.17 max=  608.59 p50=  147.60 p95=  303.82 p99=  403.61 rps=  67.67
  s2s.crud.fetchFilms                           n= 2031 err=   0 errRate=  0.00% avg=  169.03 min=   21.71 max=  601.75 p50=  136.30 p95=  316.67 p99=  411.51 rps=  67.70
window 1m
  calc.additional.maxViewersSummary             n= 3348 err=   0 errRate=  0.00% avg=  417.95 min=  101.50 max= 1611.19 p50=  392.40 p95=  809.63 p99= 1092.51 rps=  55.80
  controller.AnalyticsController.maxViewersSummary n= 3348 err=   0 errRate=  0.00% avg=  418.72 min=  101.74 max= 1611.92 p50=  392.92 p95=  810.40 p99= 1093.41 rps=  55.80
  s2s.crud.fetchAllTickets                      n= 3348 err=   0 errRate=  0.00% avg=  196.74 min=   15.17 max=  966.98 p50=  179.81 p95=  466.12 p99=  599.70 rps=  55.80
  s2s.crud.fetchFilms                           n= 3348 err=   0 errRate=  0.00% avg=  219.60 min=   21.71 max= 1074.47 p50=  198.76 p95=  493.62 p99=  629.46 rps=  55.80

2026-05-05T03:54:32.110Z  INFO 1 --- [lab8-additional-service] [   scheduling-1] r.h.l.a.o.ObservabilityService           : [lab8-additional-service] observability refresh
window 10s
  calc.additional.maxViewersSummary             n=  732 err=   0 errRate=  0.00% avg=  299.73 min=  101.50 max=  735.58 p50=  297.89 p95=  501.42 p99=  605.46 rps=  73.20
  controller.AnalyticsController.maxViewersSummary n=  732 err=   0 errRate=  0.00% avg=  300.29 min=  101.74 max=  735.87 p50=  298.23 p95=  501.63 p99=  607.77 rps=  73.20
  s2s.crud.fetchAllTickets                      n=  732 err=   0 errRate=  0.00% avg=  146.51 min=   17.21 max=  514.96 p50=  123.68 p95=  295.15 p99=  384.12 rps=  73.20
  s2s.crud.fetchFilms                           n=  730 err=   0 errRate=  0.00% avg=  153.01 min=   22.91 max=  495.94 p50=  126.54 p95=  300.80 p99=  393.56 rps=  73.00
window 30s
  calc.additional.maxViewersSummary             n= 2050 err=   0 errRate=  0.00% avg=  325.32 min=  101.50 max=  901.82 p50=  308.21 p95=  525.11 p99=  692.98 rps=  68.33
  controller.AnalyticsController.maxViewersSummary n= 2050 err=   0 errRate=  0.00% avg=  325.93 min=  101.74 max=  902.10 p50=  308.73 p95=  525.64 p99=  693.35 rps=  68.33
  s2s.crud.fetchAllTickets                      n= 2050 err=   0 errRate=  0.00% avg=  157.60 min=   15.17 max=  608.59 p50=  140.19 p95=  301.87 p99=  402.07 rps=  68.33
  s2s.crud.fetchFilms                           n= 2045 err=   0 errRate=  0.00% avg=  166.96 min=   21.71 max=  601.75 p50=  133.69 p95=  314.63 p99=  409.80 rps=  68.17
window 1m
  calc.additional.maxViewersSummary             n= 3397 err=   0 errRate=  0.00% avg=  411.59 min=  101.50 max= 1611.19 p50=  390.05 p95=  800.55 p99= 1082.70 rps=  56.62
  controller.AnalyticsController.maxViewersSummary n= 3397 err=   0 errRate=  0.00% avg=  412.35 min=  101.74 max= 1611.92 p50=  390.89 p95=  801.22 p99= 1083.85 rps=  56.62
  s2s.crud.fetchAllTickets                      n= 3397 err=   0 errRate=  0.00% avg=  194.13 min=   15.17 max=  966.98 p50=  178.67 p95=  426.57 p99=  589.31 rps=  56.62
  s2s.crud.fetchFilms                           n= 3391 err=   0 errRate=  0.00% avg=  215.39 min=   21.71 max= 1074.47 p50=  197.71 p95=  486.84 p99=  610.48 rps=  56.52

2026-05-05T03:54:33.118Z  INFO 1 --- [lab8-additional-service] [   scheduling-1] r.h.l.a.o.ObservabilityService           : [lab8-additional-service] observability refresh
window 10s
  calc.additional.maxViewersSummary             n=  733 err=   0 errRate=  0.00% avg=  300.00 min=  101.50 max=  735.58 p50=  298.25 p95=  502.57 p99=  599.27 rps=  73.30
  controller.AnalyticsController.maxViewersSummary n=  734 err=   0 errRate=  0.00% avg=  300.54 min=  101.74 max=  735.87 p50=  298.53 p95=  502.74 p99=  600.03 rps=  73.40
  s2s.crud.fetchAllTickets                      n=  733 err=   0 errRate=  0.00% avg=  148.22 min=   17.21 max=  514.96 p50=  129.16 p95=  293.76 p99=  389.10 rps=  73.30
  s2s.crud.fetchFilms                           n=  737 err=   0 errRate=  0.00% avg=  151.78 min=   22.91 max=  495.94 p50=  125.63 p95=  299.66 p99=  390.10 rps=  73.70
window 30s
  calc.additional.maxViewersSummary             n= 2067 err=   0 errRate=  0.00% avg=  321.41 min=  101.50 max=  901.82 p50=  307.17 p95=  519.56 p99=  628.68 rps=  68.90
  controller.AnalyticsController.maxViewersSummary n= 2067 err=   0 errRate=  0.00% avg=  322.01 min=  101.74 max=  902.10 p50=  307.63 p95=  519.81 p99=  629.17 rps=  68.90
  s2s.crud.fetchAllTickets                      n= 2067 err=   0 errRate=  0.00% avg=  156.17 min=   15.17 max=  608.59 p50=  139.65 p95=  298.35 p99=  394.96 rps=  68.90
  s2s.crud.fetchFilms                           n= 2072 err=   0 errRate=  0.00% avg=  164.85 min=   21.71 max=  601.75 p50=  132.77 p95=  311.38 p99=  405.36 rps=  69.07
window 1m
  calc.additional.maxViewersSummary             n= 3437 err=   0 errRate=  0.00% avg=  405.16 min=  101.50 max= 1611.19 p50=  386.78 p95=  794.35 p99= 1003.97 rps=  57.28
  controller.AnalyticsController.maxViewersSummary n= 3437 err=   0 errRate=  0.00% avg=  405.91 min=  101.74 max= 1611.92 p50=  387.32 p95=  795.36 p99= 1005.18 rps=  57.28
  s2s.crud.fetchAllTickets                      n= 3437 err=   0 errRate=  0.00% avg=  192.12 min=   15.17 max=  881.82 p50=  178.04 p95=  412.29 p99=  582.28 rps=  57.28
  s2s.crud.fetchFilms                           n= 3440 err=   0 errRate=  0.00% avg=  211.56 min=   21.71 max= 1074.47 p50=  195.95 p95=  454.58 p99=  600.88 rps=  57.33

2026-05-05T03:54:34.135Z  INFO 1 --- [lab8-additional-service] [   scheduling-1] r.h.l.a.o.ObservabilityService           : [lab8-additional-service] observability refresh
window 10s
  calc.additional.maxViewersSummary             n=  733 err=   0 errRate=  0.00% avg=  302.81 min=  101.50 max=  735.58 p50=  299.06 p95=  503.39 p99=  599.27 rps=  73.30
  controller.AnalyticsController.maxViewersSummary n=  733 err=   0 errRate=  0.00% avg=  303.40 min=  101.74 max=  735.87 p50=  299.42 p95=  503.86 p99=  600.04 rps=  73.30
  s2s.crud.fetchAllTickets                      n=  733 err=   0 errRate=  0.00% avg=  149.47 min=   17.21 max=  514.96 p50=  130.19 p95=  295.15 p99=  389.10 rps=  73.30
  s2s.crud.fetchFilms                           n=  728 err=   0 errRate=  0.00% avg=  153.51 min=   22.91 max=  495.94 p50=  127.01 p95=  300.57 p99=  371.18 rps=  72.80
window 30s
  calc.additional.maxViewersSummary             n= 2085 err=   0 errRate=  0.00% avg=  318.19 min=  101.50 max=  901.82 p50=  305.91 p95=  511.38 p99=  622.18 rps=  69.50
  controller.AnalyticsController.maxViewersSummary n= 2085 err=   0 errRate=  0.00% avg=  318.80 min=  101.74 max=  902.10 p50=  306.19 p95=  512.26 p99=  624.17 rps=  69.50
  s2s.crud.fetchAllTickets                      n= 2085 err=   0 errRate=  0.00% avg=  154.68 min=   15.17 max=  608.59 p50=  138.06 p95=  296.10 p99=  391.31 rps=  69.50
  s2s.crud.fetchFilms                           n= 2080 err=   0 errRate=  0.00% avg=  163.31 min=   21.71 max=  601.75 p50=  132.00 p95=  309.29 p99=  404.61 rps=  69.33
window 1m
  calc.additional.maxViewersSummary             n= 3480 err=   0 errRate=  0.00% avg=  399.08 min=  101.50 max= 1611.19 p50=  379.69 p95=  783.74 p99=  990.18 rps=  58.00
  controller.AnalyticsController.maxViewersSummary n= 3480 err=   0 errRate=  0.00% avg=  399.82 min=  101.74 max= 1611.92 p50=  380.54 p95=  784.29 p99=  991.30 rps=  58.00
  s2s.crud.fetchAllTickets                      n= 3480 err=   0 errRate=  0.00% avg=  190.00 min=   15.17 max=  881.82 p50=  177.67 p95=  408.69 p99=  574.46 rps=  58.00
  s2s.crud.fetchFilms                           n= 3475 err=   0 errRate=  0.00% avg=  207.78 min=   21.71 max=  934.11 p50=  194.87 p95=  423.34 p99=  592.16 rps=  57.92

2026-05-05T03:54:35.187Z  INFO 1 --- [lab8-additional-service] [   scheduling-1] r.h.l.a.o.ObservabilityService           : [lab8-additional-service] observability refresh
window 10s
  calc.additional.maxViewersSummary             n=  739 err=   0 errRate=  0.00% avg=  298.52 min=   97.65 max=  735.58 p50=  298.39 p95=  498.65 p99=  596.13 rps=  73.90
  controller.AnalyticsController.maxViewersSummary n=  739 err=   0 errRate=  0.00% avg=  299.09 min=   97.82 max=  735.87 p50=  299.02 p95=  499.61 p99=  596.37 rps=  73.90
  s2s.crud.fetchAllTickets                      n=  739 err=   0 errRate=  0.00% avg=  147.21 min=   17.22 max=  514.96 p50=  126.97 p95=  290.32 p99=  388.70 rps=  73.90
  s2s.crud.fetchFilms                           n=  740 err=   0 errRate=  0.00% avg=  151.15 min=   22.91 max=  495.94 p50=  126.53 p95=  296.77 p99=  330.33 rps=  74.00
window 30s
  calc.additional.maxViewersSummary             n= 2101 err=   0 errRate=  0.00% avg=  315.55 min=   97.65 max=  901.82 p50=  304.45 p95=  508.87 p99=  622.17 rps=  70.03
  controller.AnalyticsController.maxViewersSummary n= 2101 err=   0 errRate=  0.00% avg=  316.15 min=   97.82 max=  902.10 p50=  305.07 p95=  509.21 p99=  624.11 rps=  70.03
  s2s.crud.fetchAllTickets                      n= 2101 err=   0 errRate=  0.00% avg=  153.29 min=   15.17 max=  608.59 p50=  133.24 p95=  295.58 p99=  391.28 rps=  70.03
  s2s.crud.fetchFilms                           n= 2096 err=   0 errRate=  0.00% avg=  161.79 min=   21.71 max=  601.75 p50=  131.13 p95=  308.85 p99=  404.58 rps=  69.87
window 1m
  calc.additional.maxViewersSummary             n= 3525 err=   0 errRate=  0.00% avg=  392.52 min=   97.65 max= 1493.99 p50=  363.95 p95=  723.68 p99=  971.05 rps=  58.75
  controller.AnalyticsController.maxViewersSummary n= 3525 err=   0 errRate=  0.00% avg=  393.24 min=   97.82 max= 1494.56 p50=  364.83 p95=  725.30 p99=  971.53 rps=  58.75
  s2s.crud.fetchAllTickets                      n= 3525 err=   0 errRate=  0.00% avg=  187.32 min=   15.17 max=  881.82 p50=  176.28 p95=  403.88 p99=  555.32 rps=  58.75
  s2s.crud.fetchFilms                           n= 3520 err=   0 errRate=  0.00% avg=  204.43 min=   21.71 max=  934.11 p50=  193.36 p95=  418.98 p99=  587.59 rps=  58.67

2026-05-05T03:54:36.195Z  INFO 1 --- [lab8-additional-service] [   scheduling-1] r.h.l.a.o.ObservabilityService           : [lab8-additional-service] observability refresh
window 10s
  calc.additional.maxViewersSummary             n=  763 err=   0 errRate=  0.00% avg=  288.62 min=   97.65 max=  735.58 p50=  292.90 p95=  495.40 p99=  592.84 rps=  76.30
  controller.AnalyticsController.maxViewersSummary n=  763 err=   0 errRate=  0.00% avg=  289.24 min=   97.82 max=  735.87 p50=  293.79 p95=  495.58 p99=  593.02 rps=  76.30
  s2s.crud.fetchAllTickets                      n=  763 err=   0 errRate=  0.00% avg=  142.58 min=   17.22 max=  514.96 p50=  121.34 p95=  285.49 p99=  344.03 rps=  76.30
  s2s.crud.fetchFilms                           n=  761 err=   0 errRate=  0.00% avg=  146.12 min=   25.89 max=  495.94 p50=  124.37 p95=  294.14 p99=  320.52 rps=  76.10
window 30s
  calc.additional.maxViewersSummary             n= 2130 err=   0 errRate=  0.00% avg=  311.62 min=   97.65 max=  901.82 p50=  302.65 p95=  507.54 p99=  620.91 rps=  71.00
  controller.AnalyticsController.maxViewersSummary n= 2130 err=   0 errRate=  0.00% avg=  312.21 min=   97.82 max=  902.10 p50=  303.15 p95=  508.36 p99=  623.31 rps=  71.00
  s2s.crud.fetchAllTickets                      n= 2130 err=   0 errRate=  0.00% avg=  151.40 min=   15.17 max=  608.59 p50=  129.77 p95=  295.23 p99=  391.00 rps=  71.00
  s2s.crud.fetchFilms                           n= 2127 err=   0 errRate=  0.00% avg=  159.77 min=   21.71 max=  601.75 p50=  129.97 p95=  307.17 p99=  404.37 rps=  70.90
window 1m
  calc.additional.maxViewersSummary             n= 3577 err=   0 errRate=  0.00% avg=  386.01 min=   97.65 max= 1493.99 p50=  332.17 p95=  712.62 p99=  913.86 rps=  59.62
  controller.AnalyticsController.maxViewersSummary n= 3577 err=   0 errRate=  0.00% avg=  386.72 min=   97.82 max= 1494.56 p50=  333.14 p95=  714.41 p99=  914.76 rps=  59.62
  s2s.crud.fetchAllTickets                      n= 3577 err=   0 errRate=  0.00% avg=  184.54 min=   15.17 max=  881.82 p50=  174.56 p95=  402.20 p99=  525.29 rps=  59.62
  s2s.crud.fetchFilms                           n= 3574 err=   0 errRate=  0.00% avg=  200.40 min=   21.71 max=  934.11 p50=  191.21 p95=  415.54 p99=  564.02 rps=  59.57

2026-05-05T03:54:37.234Z  INFO 1 --- [lab8-additional-service] [   scheduling-1] r.h.l.a.o.ObservabilityService           : [lab8-additional-service] observability refresh
window 10s
  calc.additional.maxViewersSummary             n=  768 err=   0 errRate=  0.00% avg=  287.07 min=   97.65 max=  735.58 p50=  291.18 p95=  494.26 p99=  592.60 rps=  76.80
  controller.AnalyticsController.maxViewersSummary n=  769 err=   0 errRate=  0.00% avg=  287.62 min=   97.82 max=  735.87 p50=  291.85 p95=  495.51 p99=  592.74 rps=  76.90
  s2s.crud.fetchAllTickets                      n=  768 err=   0 errRate=  0.00% avg=  142.11 min=   17.22 max=  514.96 p50=  121.67 p95=  282.79 p99=  341.41 rps=  76.80
  s2s.crud.fetchFilms                           n=  764 err=   0 errRate=  0.00% avg=  144.65 min=   25.89 max=  495.94 p50=  123.41 p95=  290.27 p99=  320.26 rps=  76.40
window 30s
  calc.additional.maxViewersSummary             n= 2153 err=   0 errRate=  0.00% avg=  307.41 min=   97.65 max=  901.82 p50=  301.17 p95=  504.33 p99=  606.09 rps=  71.77
  controller.AnalyticsController.maxViewersSummary n= 2153 err=   0 errRate=  0.00% avg=  308.01 min=   97.82 max=  902.10 p50=  301.58 p95=  505.03 p99=  607.58 rps=  71.77
  s2s.crud.fetchAllTickets                      n= 2153 err=   0 errRate=  0.00% avg=  149.61 min=   15.17 max=  608.59 p50=  128.58 p95=  292.99 p99=  383.87 rps=  71.77
  s2s.crud.fetchFilms                           n= 2153 err=   0 errRate=  0.00% avg=  157.45 min=   21.71 max=  578.02 p50=  128.72 p95=  304.81 p99=  399.92 rps=  71.77
window 1m
  calc.additional.maxViewersSummary             n= 3627 err=   0 errRate=  0.00% avg=  379.84 min=   97.65 max= 1493.99 p50=  327.18 p95=  707.71 p99=  905.52 rps=  60.45
  controller.AnalyticsController.maxViewersSummary n= 3627 err=   0 errRate=  0.00% avg=  380.55 min=   97.82 max= 1494.56 p50=  327.75 p95=  708.43 p99=  906.32 rps=  60.45
  s2s.crud.fetchAllTickets                      n= 3627 err=   0 errRate=  0.00% avg=  182.03 min=   15.17 max=  881.82 p50=  172.73 p95=  399.06 p99=  517.83 rps=  60.45
  s2s.crud.fetchFilms                           n= 3621 err=   0 errRate=  0.00% avg=  196.83 min=   21.71 max=  934.11 p50=  188.95 p95=  411.64 p99=  523.83 rps=  60.35

2026-05-05T03:54:38.248Z  INFO 1 --- [lab8-additional-service] [   scheduling-1] r.h.l.a.o.ObservabilityService           : [lab8-additional-service] observability refresh
window 10s
  calc.additional.maxViewersSummary             n=  780 err=   0 errRate=  0.00% avg=  279.56 min=   97.65 max=  735.58 p50=  280.91 p95=  483.43 p99=  581.00 rps=  78.00
  controller.AnalyticsController.maxViewersSummary n=  780 err=   0 errRate=  0.00% avg=  280.31 min=   97.82 max=  735.87 p50=  281.50 p95=  483.66 p99=  581.22 rps=  78.00
  s2s.crud.fetchAllTickets                      n=  780 err=   0 errRate=  0.00% avg=  139.70 min=   17.22 max=  500.06 p50=  122.01 p95=  280.23 p99=  311.36 rps=  78.00
  s2s.crud.fetchFilms                           n=  780 err=   0 errRate=  0.00% avg=  139.91 min=   23.38 max=  495.94 p50=  120.28 p95=  242.26 p99=  317.28 rps=  78.00
window 30s
  calc.additional.maxViewersSummary             n= 2166 err=   0 errRate=  0.00% avg=  304.10 min=   97.65 max=  901.82 p50=  299.61 p95=  502.91 p99=  605.55 rps=  72.20
  controller.AnalyticsController.maxViewersSummary n= 2166 err=   0 errRate=  0.00% avg=  304.73 min=   97.82 max=  902.10 p50=  300.21 p95=  503.39 p99=  606.40 rps=  72.20
  s2s.crud.fetchAllTickets                      n= 2166 err=   0 errRate=  0.00% avg=  148.06 min=   15.17 max=  608.59 p50=  126.78 p95=  291.96 p99=  383.72 rps=  72.20
  s2s.crud.fetchFilms                           n= 2175 err=   0 errRate=  0.00% avg=  156.03 min=   21.71 max=  578.02 p50=  127.53 p95=  304.15 p99=  399.48 rps=  72.50
window 1m
  calc.additional.maxViewersSummary             n= 3663 err=   0 errRate=  0.00% avg=  373.50 min=   97.65 max= 1493.99 p50=  324.21 p95=  700.03 p99=  900.57 rps=  61.05
  controller.AnalyticsController.maxViewersSummary n= 3663 err=   0 errRate=  0.00% avg=  374.21 min=   97.82 max= 1494.56 p50=  324.67 p95=  700.85 p99=  901.57 rps=  61.05
  s2s.crud.fetchAllTickets                      n= 3663 err=   0 errRate=  0.00% avg=  179.52 min=   15.17 max=  881.82 p50=  171.14 p95=  394.71 p99=  514.56 rps=  61.05
  s2s.crud.fetchFilms                           n= 3670 err=   0 errRate=  0.00% avg=  193.45 min=   21.71 max=  934.11 p50=  186.27 p95=  406.40 p99=  517.30 rps=  61.17

2026-05-05T03:54:39.253Z  INFO 1 --- [lab8-additional-service] [   scheduling-1] r.h.l.a.o.ObservabilityService           : [lab8-additional-service] observability refresh
window 10s
  calc.additional.maxViewersSummary             n=  781 err=   0 errRate=  0.00% avg=  280.14 min=   97.65 max=  735.58 p50=  283.50 p95=  477.11 p99=  576.92 rps=  78.10
  controller.AnalyticsController.maxViewersSummary n=  781 err=   0 errRate=  0.00% avg=  280.87 min=   97.82 max=  735.87 p50=  284.24 p95=  477.33 p99=  577.09 rps=  78.10
  s2s.crud.fetchAllTickets                      n=  781 err=   0 errRate=  0.00% avg=  138.20 min=   18.35 max=  432.74 p50=  121.34 p95=  269.35 p99=  303.65 rps=  78.10
  s2s.crud.fetchFilms                           n=  781 err=   0 errRate=  0.00% avg=  140.95 min=   23.38 max=  495.94 p50=  121.40 p95=  242.19 p99=  320.07 rps=  78.10
window 30s
  calc.additional.maxViewersSummary             n= 2169 err=   0 errRate=  0.00% avg=  305.06 min=   97.65 max=  901.82 p50=  300.04 p95=  503.40 p99=  605.53 rps=  72.30
  controller.AnalyticsController.maxViewersSummary n= 2169 err=   0 errRate=  0.00% avg=  305.66 min=   97.82 max=  902.10 p50=  300.97 p95=  503.63 p99=  606.39 rps=  72.30
  s2s.crud.fetchAllTickets                      n= 2169 err=   0 errRate=  0.00% avg=  148.83 min=   15.17 max=  608.59 p50=  128.58 p95=  292.02 p99=  383.69 rps=  72.30
  s2s.crud.fetchFilms                           n= 2170 err=   0 errRate=  0.00% avg=  155.91 min=   21.71 max=  521.01 p50=  127.37 p95=  304.90 p99=  399.23 rps=  72.33
window 1m
  calc.additional.maxViewersSummary             n= 3705 err=   0 errRate=  0.00% avg=  369.73 min=   97.65 max= 1297.09 p50=  323.14 p95=  695.96 p99=  896.02 rps=  61.75
  controller.AnalyticsController.maxViewersSummary n= 3705 err=   0 errRate=  0.00% avg=  370.43 min=   97.82 max= 1297.48 p50=  323.62 p95=  696.69 p99=  896.73 rps=  61.75
  s2s.crud.fetchAllTickets                      n= 3705 err=   0 errRate=  0.00% avg=  177.60 min=   15.17 max=  881.82 p50=  170.19 p95=  391.42 p99=  510.68 rps=  61.75
  s2s.crud.fetchFilms                           n= 3701 err=   0 errRate=  0.00% avg=  191.28 min=   21.71 max=  732.15 p50=  185.60 p95=  404.49 p99=  511.23 rps=  61.68

2026-05-05T03:54:40.258Z  INFO 1 --- [lab8-additional-service] [   scheduling-1] r.h.l.a.o.ObservabilityService           : [lab8-additional-service] observability refresh
window 10s
  calc.additional.maxViewersSummary             n=  778 err=   0 errRate=  0.00% avg=  281.53 min=   97.65 max=  625.49 p50=  290.94 p95=  439.34 p99=  524.47 rps=  77.80
  controller.AnalyticsController.maxViewersSummary n=  778 err=   0 errRate=  0.00% avg=  282.17 min=   97.82 max=  625.66 p50=  291.49 p95=  439.68 p99=  524.84 rps=  77.80
  s2s.crud.fetchAllTickets                      n=  778 err=   0 errRate=  0.00% avg=  139.99 min=   18.35 max=  416.52 p50=  123.25 p95=  274.06 p99=  302.16 rps=  77.80
  s2s.crud.fetchFilms                           n=  772 err=   0 errRate=  0.00% avg=  141.72 min=   23.38 max=  414.35 p50=  122.53 p95=  242.07 p99=  313.55 rps=  77.20
window 30s
  calc.additional.maxViewersSummary             n= 2182 err=   0 errRate=  0.00% avg=  303.81 min=   97.65 max=  901.82 p50=  299.82 p95=  503.36 p99=  605.44 rps=  72.73
  controller.AnalyticsController.maxViewersSummary n= 2182 err=   0 errRate=  0.00% avg=  304.40 min=   97.82 max=  902.10 p50=  300.38 p95=  503.59 p99=  606.33 rps=  72.73
  s2s.crud.fetchAllTickets                      n= 2182 err=   0 errRate=  0.00% avg=  148.67 min=   15.17 max=  608.59 p50=  128.66 p95=  291.90 p99=  385.65 rps=  72.73
  s2s.crud.fetchFilms                           n= 2176 err=   0 errRate=  0.00% avg=  154.94 min=   21.71 max=  521.01 p50=  127.16 p95=  303.96 p99=  399.18 rps=  72.53
window 1m
  calc.additional.maxViewersSummary             n= 3746 err=   0 errRate=  0.00% avg=  365.40 min=   97.65 max= 1297.09 p50=  321.37 p95=  692.91 p99=  892.22 rps=  62.43
  controller.AnalyticsController.maxViewersSummary n= 3746 err=   0 errRate=  0.00% avg=  366.09 min=   97.82 max= 1297.48 p50=  321.80 p95=  693.55 p99=  893.52 rps=  62.43
  s2s.crud.fetchAllTickets                      n= 3746 err=   0 errRate=  0.00% avg=  175.72 min=   15.17 max=  881.82 p50=  168.64 p95=  388.20 p99=  508.21 rps=  62.43
  s2s.crud.fetchFilms                           n= 3738 err=   0 errRate=  0.00% avg=  188.80 min=   21.71 max=  732.15 p50=  182.78 p95=  402.47 p99=  508.72 rps=  62.30

2026-05-05T03:54:41.262Z  INFO 1 --- [lab8-additional-service] [   scheduling-1] r.h.l.a.o.ObservabilityService           : [lab8-additional-service] observability refresh
window 10s
  calc.additional.maxViewersSummary             n=  771 err=   0 errRate=  0.00% avg=  284.36 min=   97.65 max=  625.49 p50=  293.93 p95=  451.97 p99=  524.62 rps=  77.10
  controller.AnalyticsController.maxViewersSummary n=  771 err=   0 errRate=  0.00% avg=  285.01 min=   97.82 max=  625.66 p50=  294.36 p95=  452.20 p99=  524.97 rps=  77.10
  s2s.crud.fetchAllTickets                      n=  771 err=   0 errRate=  0.00% avg=  141.87 min=   18.35 max=  416.52 p50=  125.00 p95=  281.65 p99=  306.62 rps=  77.10
  s2s.crud.fetchFilms                           n=  772 err=   0 errRate=  0.00% avg=  141.89 min=   23.38 max=  414.35 p50=  122.27 p95=  276.41 p99=  313.55 rps=  77.20
window 30s
  calc.additional.maxViewersSummary             n= 2190 err=   0 errRate=  0.00% avg=  302.41 min=   97.65 max=  901.82 p50=  299.48 p95=  502.70 p99=  605.38 rps=  73.00
  controller.AnalyticsController.maxViewersSummary n= 2190 err=   0 errRate=  0.00% avg=  303.00 min=   97.82 max=  902.10 p50=  300.09 p95=  503.06 p99=  606.30 rps=  73.00
  s2s.crud.fetchAllTickets                      n= 2190 err=   0 errRate=  0.00% avg=  148.20 min=   15.17 max=  608.59 p50=  127.90 p95=  291.94 p99=  385.15 rps=  73.00
  s2s.crud.fetchFilms                           n= 2190 err=   0 errRate=  0.00% avg=  153.74 min=   21.71 max=  521.01 p50=  126.65 p95=  302.93 p99=  399.05 rps=  73.00
window 1m
  calc.additional.maxViewersSummary             n= 3780 err=   0 errRate=  0.00% avg=  361.27 min=   97.65 max= 1297.09 p50=  319.94 p95=  685.41 p99=  874.20 rps=  63.00
  controller.AnalyticsController.maxViewersSummary n= 3780 err=   0 errRate=  0.00% avg=  361.94 min=   97.82 max= 1297.48 p50=  320.36 p95=  686.51 p99=  874.62 rps=  63.00
  s2s.crud.fetchAllTickets                      n= 3780 err=   0 errRate=  0.00% avg=  173.97 min=   15.17 max=  881.82 p50=  167.10 p95=  384.70 p99=  503.79 rps=  63.00
  s2s.crud.fetchFilms                           n= 3774 err=   0 errRate=  0.00% avg=  186.30 min=   21.71 max=  729.14 p50=  178.19 p95=  400.36 p99=  503.43 rps=  62.90

2026-05-05T03:54:42.266Z  INFO 1 --- [lab8-additional-service] [   scheduling-1] r.h.l.a.o.ObservabilityService           : [lab8-additional-service] observability refresh
window 10s
  calc.additional.maxViewersSummary             n=  780 err=   0 errRate=  0.00% avg=  282.86 min=   97.65 max=  625.49 p50=  294.06 p95=  434.26 p99=  523.88 rps=  78.00
  controller.AnalyticsController.maxViewersSummary n=  780 err=   0 errRate=  0.00% avg=  283.48 min=   97.82 max=  625.66 p50=  294.35 p95=  434.61 p99=  524.31 rps=  78.00
  s2s.crud.fetchAllTickets                      n=  780 err=   0 errRate=  0.00% avg=  142.20 min=   18.51 max=  416.52 p50=  123.57 p95=  282.09 p99=  306.46 rps=  78.00
  s2s.crud.fetchFilms                           n=  773 err=   0 errRate=  0.00% avg=  140.47 min=   23.38 max=  414.35 p50=  120.82 p95=  271.43 p99=  313.53 rps=  77.30
window 30s
  calc.additional.maxViewersSummary             n= 2207 err=   0 errRate=  0.00% avg=  299.67 min=   97.65 max=  901.82 p50=  298.91 p95=  499.15 p99=  601.54 rps=  73.57
  controller.AnalyticsController.maxViewersSummary n= 2207 err=   0 errRate=  0.00% avg=  300.26 min=   97.82 max=  902.10 p50=  299.33 p95=  499.67 p99=  603.84 rps=  73.57
  s2s.crud.fetchAllTickets                      n= 2207 err=   0 errRate=  0.00% avg=  147.56 min=   15.17 max=  608.59 p50=  126.83 p95=  290.94 p99=  382.53 rps=  73.57
  s2s.crud.fetchFilms                           n= 2204 err=   0 errRate=  0.00% avg=  151.90 min=   21.71 max=  521.01 p50=  125.67 p95=  300.89 p99=  397.19 rps=  73.47
window 1m
  calc.additional.maxViewersSummary             n= 3815 err=   0 errRate=  0.00% avg=  357.09 min=   97.65 max= 1297.09 p50=  318.35 p95=  672.53 p99=  814.93 rps=  63.58
  controller.AnalyticsController.maxViewersSummary n= 3815 err=   0 errRate=  0.00% avg=  357.76 min=   97.82 max= 1297.48 p50=  319.19 p95=  676.40 p99=  816.25 rps=  63.58
  s2s.crud.fetchAllTickets                      n= 3815 err=   0 errRate=  0.00% avg=  172.54 min=   15.17 max=  881.82 p50=  166.19 p95=  382.25 p99=  501.35 rps=  63.58
  s2s.crud.fetchFilms                           n= 3809 err=   0 errRate=  0.00% avg=  184.01 min=   21.71 max=  729.14 p50=  171.40 p95=  399.01 p99=  501.73 rps=  63.48

2026-05-05T03:54:43.270Z  INFO 1 --- [lab8-additional-service] [   scheduling-1] r.h.l.a.o.ObservabilityService           : [lab8-additional-service] observability refresh
window 10s
  calc.additional.maxViewersSummary             n=  780 err=   0 errRate=  0.00% avg=  277.86 min=   92.46 max=  625.49 p50=  292.33 p95=  428.94 p99=  512.15 rps=  78.00
  controller.AnalyticsController.maxViewersSummary n=  780 err=   0 errRate=  0.00% avg=  278.50 min=   92.70 max=  625.66 p50=  292.72 p95=  429.97 p99=  512.32 rps=  78.00
  s2s.crud.fetchAllTickets                      n=  780 err=   0 errRate=  0.00% avg=  139.93 min=   18.51 max=  416.52 p50=  121.97 p95=  275.37 p99=  304.95 rps=  78.00
  s2s.crud.fetchFilms                           n=  783 err=   0 errRate=  0.00% avg=  138.06 min=   23.38 max=  414.35 p50=  119.92 p95=  235.09 p99=  312.42 rps=  78.30
window 30s
  calc.additional.maxViewersSummary             n= 2224 err=   0 errRate=  0.00% avg=  297.48 min=   92.46 max=  901.82 p50=  298.19 p95=  498.28 p99=  600.14 rps=  74.13
  controller.AnalyticsController.maxViewersSummary n= 2224 err=   0 errRate=  0.00% avg=  298.07 min=   92.70 max=  902.10 p50=  298.58 p95=  498.77 p99=  602.61 rps=  74.13
  s2s.crud.fetchAllTickets                      n= 2224 err=   0 errRate=  0.00% avg=  147.14 min=   15.17 max=  608.59 p50=  127.18 p95=  290.40 p99=  382.30 rps=  74.13
  s2s.crud.fetchFilms                           n= 2223 err=   0 errRate=  0.00% avg=  150.05 min=   21.71 max=  521.01 p50=  124.66 p95=  300.23 p99=  396.26 rps=  74.10
window 1m
  calc.additional.maxViewersSummary             n= 3856 err=   0 errRate=  0.00% avg=  352.80 min=   92.46 max= 1297.09 p50=  316.52 p95=  624.78 p99=  808.44 rps=  64.27
  controller.AnalyticsController.maxViewersSummary n= 3856 err=   0 errRate=  0.00% avg=  353.46 min=   92.70 max= 1297.48 p50=  317.05 p95=  625.35 p99=  808.78 rps=  64.27
  s2s.crud.fetchAllTickets                      n= 3856 err=   0 errRate=  0.00% avg=  170.68 min=   15.17 max=  881.82 p50=  163.91 p95=  380.18 p99=  497.22 rps=  64.27
  s2s.crud.fetchFilms                           n= 3852 err=   0 errRate=  0.00% avg=  181.37 min=   21.71 max=  729.14 p50=  147.02 p95=  396.24 p99=  499.88 rps=  64.20

2026-05-05T03:54:44.280Z  INFO 1 --- [lab8-additional-service] [   scheduling-1] r.h.l.a.o.ObservabilityService           : [lab8-additional-service] observability refresh
window 10s
  calc.additional.maxViewersSummary             n=  776 err=   0 errRate=  0.00% avg=  277.37 min=   92.46 max=  625.49 p50=  290.80 p95=  431.50 p99=  512.37 rps=  77.60
  controller.AnalyticsController.maxViewersSummary n=  776 err=   0 errRate=  0.00% avg=  278.00 min=   92.70 max=  625.66 p50=  291.05 p95=  431.66 p99=  512.55 rps=  77.60
  s2s.crud.fetchAllTickets                      n=  776 err=   0 errRate=  0.00% avg=  141.21 min=   18.51 max=  416.52 p50=  122.14 p95=  280.96 p99=  307.92 rps=  77.60
  s2s.crud.fetchFilms                           n=  777 err=   0 errRate=  0.00% avg=  137.11 min=   23.38 max=  486.42 p50=  119.16 p95=  231.10 p99=  313.28 rps=  77.70
window 30s
  calc.additional.maxViewersSummary             n= 2232 err=   0 errRate=  0.00% avg=  295.85 min=   92.46 max=  901.82 p50=  297.47 p95=  496.70 p99=  599.10 rps=  74.40
  controller.AnalyticsController.maxViewersSummary n= 2232 err=   0 errRate=  0.00% avg=  296.43 min=   92.70 max=  902.10 p50=  298.03 p95=  496.99 p99=  599.33 rps=  74.40
  s2s.crud.fetchAllTickets                      n= 2232 err=   0 errRate=  0.00% avg=  146.75 min=   15.17 max=  608.59 p50=  126.45 p95=  290.06 p99=  380.21 rps=  74.40
  s2s.crud.fetchFilms                           n= 2231 err=   0 errRate=  0.00% avg=  148.62 min=   21.74 max=  521.01 p50=  124.01 p95=  296.17 p99=  387.34 rps=  74.37
window 1m
  calc.additional.maxViewersSummary             n= 3882 err=   0 errRate=  0.00% avg=  349.10 min=   92.46 max= 1297.09 p50=  315.23 p95=  618.18 p99=  798.09 rps=  64.70
  controller.AnalyticsController.maxViewersSummary n= 3882 err=   0 errRate=  0.00% avg=  349.75 min=   92.70 max= 1297.48 p50=  315.80 p95=  619.13 p99=  799.02 rps=  64.70
  s2s.crud.fetchAllTickets                      n= 3882 err=   0 errRate=  0.00% avg=  168.83 min=   15.17 max=  881.82 p50=  162.24 p95=  376.22 p99=  486.32 rps=  64.70
  s2s.crud.fetchFilms                           n= 3882 err=   0 errRate=  0.00% avg=  179.61 min=   21.71 max=  713.70 p50=  141.90 p95=  393.31 p99=  497.22 rps=  64.70

2026-05-05T03:54:45.285Z  INFO 1 --- [lab8-additional-service] [   scheduling-1] r.h.l.a.o.ObservabilityService           : [lab8-additional-service] observability refresh
window 10s
  calc.additional.maxViewersSummary             n=  779 err=   0 errRate=  0.00% avg=  279.59 min=   92.46 max=  785.12 p50=  292.24 p95=  433.20 p99=  521.89 rps=  77.90
  controller.AnalyticsController.maxViewersSummary n=  779 err=   0 errRate=  0.00% avg=  280.20 min=   92.70 max=  785.25 p50=  292.46 p95=  433.47 p99=  522.50 rps=  77.90
  s2s.crud.fetchAllTickets                      n=  779 err=   0 errRate=  0.00% avg=  140.46 min=   18.51 max=  416.52 p50=  121.77 p95=  280.82 p99=  307.92 rps=  77.90
  s2s.crud.fetchFilms                           n=  778 err=   0 errRate=  0.00% avg=  139.10 min=   23.38 max=  486.42 p50=  119.15 p95=  244.90 p99=  315.33 rps=  77.80
window 30s
  calc.additional.maxViewersSummary             n= 2235 err=   0 errRate=  0.00% avg=  294.24 min=   92.46 max=  797.98 p50=  297.03 p95=  494.63 p99=  594.53 rps=  74.50
  controller.AnalyticsController.maxViewersSummary n= 2235 err=   0 errRate=  0.00% avg=  294.82 min=   92.70 max=  798.20 p50=  297.77 p95=  495.64 p99=  595.06 rps=  74.50
  s2s.crud.fetchAllTickets                      n= 2235 err=   0 errRate=  0.00% avg=  145.57 min=   15.17 max=  514.96 p50=  125.97 p95=  288.32 p99=  371.62 rps=  74.50
  s2s.crud.fetchFilms                           n= 2240 err=   0 errRate=  0.00% avg=  148.63 min=   21.74 max=  521.01 p50=  123.63 p95=  297.11 p99=  385.98 rps=  74.67
window 1m
  calc.additional.maxViewersSummary             n= 3911 err=   0 errRate=  0.00% avg=  345.44 min=   92.46 max= 1028.91 p50=  314.03 p95=  613.49 p99=  791.49 rps=  65.18
  controller.AnalyticsController.maxViewersSummary n= 3911 err=   0 errRate=  0.00% avg=  346.08 min=   92.70 max= 1029.72 p50=  314.64 p95=  614.22 p99=  791.79 rps=  65.18
  s2s.crud.fetchAllTickets                      n= 3911 err=   0 errRate=  0.00% avg=  167.17 min=   15.17 max=  881.82 p50=  160.62 p95=  372.11 p99=  482.67 rps=  65.18
  s2s.crud.fetchFilms                           n= 3910 err=   0 errRate=  0.00% avg=  177.93 min=   21.71 max=  621.61 p50=  138.31 p95=  389.61 p99=  495.52 rps=  65.17

2026-05-05T03:54:46.289Z  INFO 1 --- [lab8-additional-service] [   scheduling-1] r.h.l.a.o.ObservabilityService           : [lab8-additional-service] observability refresh
window 10s
  calc.additional.maxViewersSummary             n=  766 err=   0 errRate=  0.00% avg=  285.09 min=   92.46 max=  785.12 p50=  295.34 p95=  436.98 p99=  522.12 rps=  76.60
  controller.AnalyticsController.maxViewersSummary n=  766 err=   0 errRate=  0.00% avg=  285.64 min=   92.70 max=  785.25 p50=  295.62 p95=  437.23 p99=  522.71 rps=  76.60
  s2s.crud.fetchAllTickets                      n=  766 err=   0 errRate=  0.00% avg=  144.07 min=   18.51 max=  416.52 p50=  126.68 p95=  282.76 p99=  311.20 rps=  76.60
  s2s.crud.fetchFilms                           n=  768 err=   0 errRate=  0.00% avg=  141.25 min=   23.38 max=  486.42 p50=  120.65 p95=  272.15 p99=  316.53 rps=  76.80
window 30s
  calc.additional.maxViewersSummary             n= 2243 err=   0 errRate=  0.00% avg=  293.77 min=   92.46 max=  797.98 p50=  296.89 p95=  494.51 p99=  594.25 rps=  74.77
  controller.AnalyticsController.maxViewersSummary n= 2243 err=   0 errRate=  0.00% avg=  294.35 min=   92.70 max=  798.20 p50=  297.46 p95=  495.57 p99=  594.88 rps=  74.77
  s2s.crud.fetchAllTickets                      n= 2243 err=   0 errRate=  0.00% avg=  145.47 min=   15.17 max=  514.96 p50=  125.56 p95=  288.61 p99=  375.11 rps=  74.77
  s2s.crud.fetchFilms                           n= 2244 err=   0 errRate=  0.00% avg=  148.32 min=   21.74 max=  521.01 p50=  123.57 p95=  297.74 p99=  385.85 rps=  74.80
window 1m
  calc.additional.maxViewersSummary             n= 3941 err=   0 errRate=  0.00% avg=  342.84 min=   92.46 max= 1028.91 p50=  313.05 p95=  609.48 p99=  784.87 rps=  65.68
  controller.AnalyticsController.maxViewersSummary n= 3941 err=   0 errRate=  0.00% avg=  343.47 min=   92.70 max= 1029.72 p50=  313.61 p95=  609.81 p99=  785.04 rps=  65.68
  s2s.crud.fetchAllTickets                      n= 3941 err=   0 errRate=  0.00% avg=  166.28 min=   15.17 max=  881.82 p50=  160.40 p95=  367.40 p99=  482.23 rps=  65.68
  s2s.crud.fetchFilms                           n= 3938 err=   0 errRate=  0.00% avg=  176.06 min=   21.71 max=  621.61 p50=  136.33 p95=  386.48 p99=  494.19 rps=  65.63

2026-05-05T03:54:47.294Z  INFO 1 --- [lab8-additional-service] [   scheduling-1] r.h.l.a.o.ObservabilityService           : [lab8-additional-service] observability refresh
window 10s
  calc.additional.maxViewersSummary             n=  757 err=   0 errRate=  0.00% avg=  288.49 min=   92.46 max=  785.12 p50=  297.24 p95=  477.03 p99=  525.44 rps=  75.70
  controller.AnalyticsController.maxViewersSummary n=  757 err=   0 errRate=  0.00% avg=  288.91 min=   92.70 max=  785.25 p50=  297.49 p95=  477.29 p99=  525.79 rps=  75.70
  s2s.crud.fetchAllTickets                      n=  757 err=   0 errRate=  0.00% avg=  145.12 min=   17.67 max=  416.52 p50=  127.94 p95=  285.36 p99=  309.89 rps=  75.70
  s2s.crud.fetchFilms                           n=  759 err=   0 errRate=  0.00% avg=  143.67 min=   23.38 max=  486.42 p50=  122.04 p95=  288.19 p99=  316.79 rps=  75.90
window 30s
  calc.additional.maxViewersSummary             n= 2252 err=   0 errRate=  0.00% avg=  292.62 min=   92.46 max=  785.12 p50=  296.86 p95=  492.67 p99=  586.99 rps=  75.07
  controller.AnalyticsController.maxViewersSummary n= 2252 err=   0 errRate=  0.00% avg=  293.20 min=   92.70 max=  785.25 p50=  297.41 p95=  493.13 p99=  588.73 rps=  75.07
  s2s.crud.fetchAllTickets                      n= 2252 err=   0 errRate=  0.00% avg=  145.26 min=   17.21 max=  514.96 p50=  125.60 p95=  288.16 p99=  370.42 rps=  75.07
  s2s.crud.fetchFilms                           n= 2249 err=   0 errRate=  0.00% avg=  147.40 min=   21.74 max=  498.69 p50=  123.50 p95=  294.89 p99=  335.62 rps=  74.97
window 1m
  calc.additional.maxViewersSummary             n= 3964 err=   0 errRate=  0.00% avg=  339.58 min=   92.46 max= 1028.91 p50=  311.91 p95=  604.23 p99=  747.14 rps=  66.07
  controller.AnalyticsController.maxViewersSummary n= 3964 err=   0 errRate=  0.00% avg=  340.20 min=   92.70 max= 1029.72 p50=  312.31 p95=  605.27 p99=  747.52 rps=  66.07
  s2s.crud.fetchAllTickets                      n= 3964 err=   0 errRate=  0.00% avg=  164.86 min=   15.17 max=  881.82 p50=  159.69 p95=  328.48 p99=  469.08 rps=  66.07
  s2s.crud.fetchFilms                           n= 3965 err=   0 errRate=  0.00% avg=  174.43 min=   21.71 max=  621.61 p50=  134.57 p95=  383.90 p99=  489.12 rps=  66.08

2026-05-05T03:54:48.299Z  INFO 1 --- [lab8-additional-service] [   scheduling-1] r.h.l.a.o.ObservabilityService           : [lab8-additional-service] observability refresh
window 10s
  calc.additional.maxViewersSummary             n=  756 err=   0 errRate=  0.00% avg=  290.33 min=   89.62 max=  785.12 p50=  298.05 p95=  484.88 p99=  527.11 rps=  75.60
  controller.AnalyticsController.maxViewersSummary n=  756 err=   0 errRate=  0.00% avg=  290.71 min=   89.79 max=  785.25 p50=  298.42 p95=  485.22 p99=  527.30 rps=  75.60
  s2s.crud.fetchAllTickets                      n=  756 err=   0 errRate=  0.00% avg=  145.71 min=   17.67 max=  416.52 p50=  126.96 p95=  285.39 p99=  323.25 rps=  75.60
  s2s.crud.fetchFilms                           n=  759 err=   0 errRate=  0.00% avg=  143.31 min=   26.08 max=  486.42 p50=  122.26 p95=  287.87 p99=  316.56 rps=  75.90
window 30s
  calc.additional.maxViewersSummary             n= 2254 err=   0 errRate=  0.00% avg=  291.76 min=   89.62 max=  785.12 p50=  296.61 p95=  492.46 p99=  586.95 rps=  75.13
  controller.AnalyticsController.maxViewersSummary n= 2254 err=   0 errRate=  0.00% avg=  292.32 min=   89.79 max=  785.25 p50=  297.14 p95=  492.96 p99=  588.68 rps=  75.13
  s2s.crud.fetchAllTickets                      n= 2254 err=   0 errRate=  0.00% avg=  144.77 min=   17.21 max=  514.96 p50=  124.98 p95=  287.24 p99=  370.28 rps=  75.13
  s2s.crud.fetchFilms                           n= 2261 err=   0 errRate=  0.00% avg=  146.58 min=   21.74 max=  498.69 p50=  123.18 p95=  293.79 p99=  335.42 rps=  75.37
window 1m
  calc.additional.maxViewersSummary             n= 3995 err=   0 errRate=  0.00% avg=  336.69 min=   89.62 max= 1028.91 p50=  310.77 p95=  600.60 p99=  728.80 rps=  66.58
  controller.AnalyticsController.maxViewersSummary n= 3995 err=   0 errRate=  0.00% avg=  337.30 min=   89.79 max= 1029.72 p50=  311.31 p95=  602.05 p99=  729.23 rps=  66.58
  s2s.crud.fetchAllTickets                      n= 3995 err=   0 errRate=  0.00% avg=  163.67 min=   15.17 max=  881.82 p50=  155.50 p95=  322.31 p99=  467.39 rps=  66.58
  s2s.crud.fetchFilms                           n= 4002 err=   0 errRate=  0.00% avg=  172.34 min=   21.71 max=  621.61 p50=  132.96 p95=  374.28 p99=  486.38 rps=  66.70

2026-05-05T03:54:49.317Z  INFO 1 --- [lab8-additional-service] [   scheduling-1] r.h.l.a.o.ObservabilityService           : [lab8-additional-service] observability refresh
window 10s
  calc.additional.maxViewersSummary             n=  767 err=   0 errRate=  0.00% avg=  285.97 min=   89.62 max=  785.12 p50=  297.03 p95=  455.81 p99=  527.78 rps=  76.70
  controller.AnalyticsController.maxViewersSummary n=  768 err=   0 errRate=  0.00% avg=  286.39 min=   89.79 max=  785.25 p50=  297.41 p95=  455.90 p99=  527.95 rps=  76.80
  s2s.crud.fetchAllTickets                      n=  767 err=   0 errRate=  0.00% avg=  143.64 min=   17.67 max=  416.52 p50=  126.57 p95=  281.67 p99=  319.56 rps=  76.70
  s2s.crud.fetchFilms                           n=  765 err=   0 errRate=  0.00% avg=  142.09 min=   26.08 max=  486.42 p50=  122.89 p95=  272.57 p99=  316.77 rps=  76.50
window 30s
  calc.additional.maxViewersSummary             n= 2260 err=   0 errRate=  0.00% avg=  290.87 min=   89.62 max=  785.12 p50=  296.17 p95=  491.78 p99=  588.93 rps=  75.33
  controller.AnalyticsController.maxViewersSummary n= 2260 err=   0 errRate=  0.00% avg=  291.42 min=   89.79 max=  785.25 p50=  296.83 p95=  492.82 p99=  590.37 rps=  75.33
  s2s.crud.fetchAllTickets                      n= 2260 err=   0 errRate=  0.00% avg=  144.32 min=   17.21 max=  514.96 p50=  125.50 p95=  286.87 p99=  366.43 rps=  75.33
  s2s.crud.fetchFilms                           n= 2258 err=   0 errRate=  0.00% avg=  146.40 min=   21.74 max=  498.69 p50=  123.51 p95=  291.97 p99=  360.91 rps=  75.27
window 1m
  calc.additional.maxViewersSummary             n= 4031 err=   0 errRate=  0.00% avg=  333.37 min=   89.62 max= 1028.91 p50=  309.08 p95=  597.57 p99=  721.81 rps=  67.18
  controller.AnalyticsController.maxViewersSummary n= 4031 err=   0 errRate=  0.00% avg=  333.97 min=   89.79 max= 1029.72 p50=  309.79 p95=  598.33 p99=  722.16 rps=  67.18
  s2s.crud.fetchAllTickets                      n= 4031 err=   0 errRate=  0.00% avg=  162.55 min=   15.17 max=  881.82 p50=  154.11 p95=  319.63 p99=  466.13 rps=  67.18
  s2s.crud.fetchFilms                           n= 4029 err=   0 errRate=  0.00% avg=  170.56 min=   21.71 max=  621.61 p50=  132.34 p95=  328.67 p99=  443.31 rps=  67.15

2026-05-05T03:54:50.343Z  INFO 1 --- [lab8-additional-service] [   scheduling-1] r.h.l.a.o.ObservabilityService           : [lab8-additional-service] observability refresh
window 10s
  calc.additional.maxViewersSummary             n=  767 err=   0 errRate=  0.00% avg=  284.73 min=   89.62 max=  785.12 p50=  296.94 p95=  432.90 p99=  527.06 rps=  76.70
  controller.AnalyticsController.maxViewersSummary n=  767 err=   0 errRate=  0.00% avg=  285.16 min=   89.79 max=  785.25 p50=  297.15 p95=  433.15 p99=  527.24 rps=  76.70
  s2s.crud.fetchAllTickets                      n=  767 err=   0 errRate=  0.00% avg=  142.15 min=   17.67 max=  389.30 p50=  124.10 p95=  283.45 p99=  311.89 rps=  76.70
  s2s.crud.fetchFilms                           n=  764 err=   0 errRate=  0.00% avg=  142.46 min=   26.08 max=  486.42 p50=  121.77 p95=  284.62 p99=  317.00 rps=  76.40
window 30s
  calc.additional.maxViewersSummary             n= 2263 err=   0 errRate=  0.00% avg=  289.99 min=   89.62 max=  785.12 p50=  295.77 p95=  491.57 p99=  588.87 rps=  75.43
  controller.AnalyticsController.maxViewersSummary n= 2263 err=   0 errRate=  0.00% avg=  290.54 min=   89.79 max=  785.25 p50=  296.21 p95=  491.79 p99=  590.36 rps=  75.43
  s2s.crud.fetchAllTickets                      n= 2263 err=   0 errRate=  0.00% avg=  143.25 min=   17.21 max=  514.96 p50=  123.50 p95=  286.35 p99=  346.33 rps=  75.43
  s2s.crud.fetchFilms                           n= 2264 err=   0 errRate=  0.00% avg=  146.57 min=   22.91 max=  498.69 p50=  123.16 p95=  292.26 p99=  339.29 rps=  75.47
window 1m
  calc.additional.maxViewersSummary             n= 4062 err=   0 errRate=  0.00% avg=  330.46 min=   89.62 max= 1028.91 p50=  307.98 p95=  594.67 p99=  717.14 rps=  67.70
  controller.AnalyticsController.maxViewersSummary n= 4063 err=   0 errRate=  0.00% avg=  331.09 min=   89.79 max= 1029.72 p50=  308.53 p95=  595.10 p99=  717.43 rps=  67.72
  s2s.crud.fetchAllTickets                      n= 4062 err=   0 errRate=  0.00% avg=  160.89 min=   15.17 max=  676.32 p50=  147.06 p95=  313.44 p99=  429.15 rps=  67.70
  s2s.crud.fetchFilms                           n= 4060 err=   0 errRate=  0.00% avg=  169.25 min=   21.71 max=  621.61 p50=  131.90 p95=  325.14 p99=  431.07 rps=  67.67

2026-05-05T03:54:51.351Z  INFO 1 --- [lab8-additional-service] [   scheduling-1] r.h.l.a.o.ObservabilityService           : [lab8-additional-service] observability refresh
window 10s
  calc.additional.maxViewersSummary             n=  765 err=   0 errRate=  0.00% avg=  283.51 min=   89.62 max=  785.12 p50=  296.02 p95=  430.45 p99=  527.06 rps=  76.50
  controller.AnalyticsController.maxViewersSummary n=  765 err=   0 errRate=  0.00% avg=  283.96 min=   89.79 max=  785.25 p50=  296.22 p95=  430.91 p99=  527.25 rps=  76.50
  s2s.crud.fetchAllTickets                      n=  765 err=   0 errRate=  0.00% avg=  140.85 min=   16.70 max=  389.30 p50=  123.35 p95=  280.17 p99=  319.98 rps=  76.50
  s2s.crud.fetchFilms                           n=  761 err=   0 errRate=  0.00% avg=  143.39 min=   22.79 max=  486.42 p50=  121.73 p95=  288.02 p99=  317.00 rps=  76.10
window 30s
  calc.additional.maxViewersSummary             n= 2270 err=   0 errRate=  0.00% avg=  289.67 min=   89.62 max=  785.12 p50=  295.75 p95=  490.17 p99=  588.74 rps=  75.67
  controller.AnalyticsController.maxViewersSummary n= 2270 err=   0 errRate=  0.00% avg=  290.22 min=   89.79 max=  785.25 p50=  296.18 p95=  490.77 p99=  590.33 rps=  75.67
  s2s.crud.fetchAllTickets                      n= 2270 err=   0 errRate=  0.00% avg=  143.33 min=   16.70 max=  514.96 p50=  123.83 p95=  285.75 p99=  342.33 rps=  75.67
  s2s.crud.fetchFilms                           n= 2264 err=   0 errRate=  0.00% avg=  146.29 min=   22.79 max=  498.69 p50=  123.00 p95=  293.32 p99=  329.60 rps=  75.47
window 1m
  calc.additional.maxViewersSummary             n= 4081 err=   0 errRate=  0.00% avg=  327.37 min=   89.62 max= 1002.57 p50=  307.02 p95=  587.02 p99=  712.82 rps=  68.02
  controller.AnalyticsController.maxViewersSummary n= 4081 err=   0 errRate=  0.00% avg=  327.97 min=   89.79 max= 1003.70 p50=  307.44 p95=  587.63 p99=  713.20 rps=  68.02
  s2s.crud.fetchAllTickets                      n= 4081 err=   0 errRate=  0.00% avg=  159.51 min=   15.17 max=  676.32 p50=  141.07 p95=  310.37 p99=  411.69 rps=  68.02
  s2s.crud.fetchFilms                           n= 4083 err=   0 errRate=  0.00% avg=  167.65 min=   21.71 max=  621.61 p50=  131.43 p95=  322.15 p99=  422.04 rps=  68.05

2026-05-05T03:54:52.362Z  INFO 1 --- [lab8-additional-service] [   scheduling-1] r.h.l.a.o.ObservabilityService           : [lab8-additional-service] observability refresh
window 10s
  calc.additional.maxViewersSummary             n=  759 err=   0 errRate=  0.00% avg=  285.07 min=   89.62 max=  785.12 p50=  295.67 p95=  484.59 p99=  554.35 rps=  75.90
  controller.AnalyticsController.maxViewersSummary n=  759 err=   0 errRate=  0.00% avg=  285.50 min=   89.79 max=  785.25 p50=  295.89 p95=  484.86 p99=  554.60 rps=  75.90
  s2s.crud.fetchAllTickets                      n=  759 err=   0 errRate=  0.00% avg=  140.13 min=   16.70 max=  389.30 p50=  122.34 p95=  277.77 p99=  311.94 rps=  75.90
  s2s.crud.fetchFilms                           n=  759 err=   0 errRate=  0.00% avg=  145.73 min=   22.79 max=  486.42 p50=  122.64 p95=  292.35 p99=  323.84 rps=  75.90
window 30s
  calc.additional.maxViewersSummary             n= 2271 err=   0 errRate=  0.00% avg=  289.27 min=   89.62 max=  785.12 p50=  295.59 p95=  491.67 p99=  592.47 rps=  75.70
  controller.AnalyticsController.maxViewersSummary n= 2271 err=   0 errRate=  0.00% avg=  289.81 min=   89.79 max=  785.25 p50=  295.89 p95=  491.87 p99=  592.65 rps=  75.70
  s2s.crud.fetchAllTickets                      n= 2271 err=   0 errRate=  0.00% avg=  143.05 min=   16.70 max=  514.96 p50=  123.69 p95=  285.69 p99=  317.54 rps=  75.70
  s2s.crud.fetchFilms                           n= 2269 err=   0 errRate=  0.00% avg=  146.30 min=   22.79 max=  495.94 p50=  123.08 p95=  293.61 p99=  329.44 rps=  75.63
window 1m
  calc.additional.maxViewersSummary             n= 4108 err=   0 errRate=  0.00% avg=  325.52 min=   89.62 max= 1002.57 p50=  305.99 p95=  585.02 p99=  710.73 rps=  68.47
  controller.AnalyticsController.maxViewersSummary n= 4108 err=   0 errRate=  0.00% avg=  326.11 min=   89.79 max= 1003.70 p50=  306.50 p95=  585.49 p99=  711.22 rps=  68.47
  s2s.crud.fetchAllTickets                      n= 4108 err=   0 errRate=  0.00% avg=  158.70 min=   15.17 max=  676.32 p50=  138.10 p95=  308.47 p99=  410.22 rps=  68.47
  s2s.crud.fetchFilms                           n= 4108 err=   0 errRate=  0.00% avg=  166.30 min=   21.71 max=  621.61 p50=  131.05 p95=  320.35 p99=  419.05 rps=  68.47

2026-05-05T03:54:53.366Z  INFO 1 --- [lab8-additional-service] [   scheduling-1] r.h.l.a.o.ObservabilityService           : [lab8-additional-service] observability refresh
window 10s
  calc.additional.maxViewersSummary             n=  752 err=   0 errRate=  0.00% avg=  287.78 min=   89.62 max=  785.12 p50=  296.05 p95=  487.04 p99=  557.62 rps=  75.20
  controller.AnalyticsController.maxViewersSummary n=  752 err=   0 errRate=  0.00% avg=  288.18 min=   89.79 max=  785.25 p50=  296.49 p95=  487.42 p99=  557.85 rps=  75.20
  s2s.crud.fetchAllTickets                      n=  752 err=   0 errRate=  0.00% avg=  141.19 min=   16.70 max=  389.30 p50=  123.29 p95=  282.04 p99=  315.25 rps=  75.20
  s2s.crud.fetchFilms                           n=  752 err=   0 errRate=  0.00% avg=  146.78 min=   22.79 max=  486.42 p50=  122.95 p95=  293.42 p99=  324.17 rps=  75.20
window 30s
  calc.additional.maxViewersSummary             n= 2268 err=   0 errRate=  0.00% avg=  288.24 min=   89.62 max=  785.12 p50=  295.33 p95=  490.24 p99=  583.65 rps=  75.60
  controller.AnalyticsController.maxViewersSummary n= 2268 err=   0 errRate=  0.00% avg=  288.77 min=   89.79 max=  785.25 p50=  295.70 p95=  490.89 p99=  584.46 rps=  75.60
  s2s.crud.fetchAllTickets                      n= 2268 err=   0 errRate=  0.00% avg=  143.02 min=   16.70 max=  514.96 p50=  123.97 p95=  285.70 p99=  315.15 rps=  75.60
  s2s.crud.fetchFilms                           n= 2268 err=   0 errRate=  0.00% avg=  145.21 min=   22.79 max=  495.94 p50=  122.61 p95=  291.71 p99=  323.23 rps=  75.60
window 1m
  calc.additional.maxViewersSummary             n= 4135 err=   0 errRate=  0.00% avg=  322.76 min=   89.62 max= 1002.57 p50=  305.09 p95=  571.85 p99=  709.30 rps=  68.92
  controller.AnalyticsController.maxViewersSummary n= 4135 err=   0 errRate=  0.00% avg=  323.35 min=   89.79 max= 1003.70 p50=  305.63 p95=  572.81 p99=  709.53 rps=  68.92
  s2s.crud.fetchAllTickets                      n= 4135 err=   0 errRate=  0.00% avg=  157.67 min=   15.17 max=  676.32 p50=  135.16 p95=  306.23 p99=  407.09 rps=  68.92
  s2s.crud.fetchFilms                           n= 4134 err=   0 errRate=  0.00% avg=  164.66 min=   21.71 max=  621.61 p50=  129.96 p95=  318.58 p99=  419.00 rps=  68.90

2026-05-05T03:54:54.371Z  INFO 1 --- [lab8-additional-service] [   scheduling-1] r.h.l.a.o.ObservabilityService           : [lab8-additional-service] observability refresh
window 10s
  calc.additional.maxViewersSummary             n=  754 err=   0 errRate=  0.00% avg=  284.62 min=   52.87 max=  785.12 p50=  295.36 p95=  481.63 p99=  556.69 rps=  75.40
  controller.AnalyticsController.maxViewersSummary n=  754 err=   0 errRate=  0.00% avg=  285.02 min=   53.01 max=  785.25 p50=  295.70 p95=  481.88 p99=  556.92 rps=  75.40
  s2s.crud.fetchAllTickets                      n=  754 err=   0 errRate=  0.00% avg=  138.92 min=   14.15 max=  389.30 p50=  122.01 p95=  281.89 p99=  313.01 rps=  75.40
  s2s.crud.fetchFilms                           n=  741 err=   0 errRate=  0.00% avg=  143.91 min=   22.79 max=  446.36 p50=  121.70 p95=  291.32 p99=  320.47 rps=  74.10
window 30s
  calc.additional.maxViewersSummary             n= 2261 err=   0 errRate=  0.00% avg=  287.79 min=   52.87 max=  785.12 p50=  295.34 p95=  490.13 p99=  581.31 rps=  75.37
  controller.AnalyticsController.maxViewersSummary n= 2261 err=   0 errRate=  0.00% avg=  288.32 min=   53.01 max=  785.25 p50=  295.74 p95=  490.30 p99=  581.62 rps=  75.37
  s2s.crud.fetchAllTickets                      n= 2261 err=   0 errRate=  0.00% avg=  142.73 min=   14.15 max=  514.96 p50=  123.67 p95=  285.73 p99=  315.83 rps=  75.37
  s2s.crud.fetchFilms                           n= 2253 err=   0 errRate=  0.00% avg=  144.87 min=   22.79 max=  495.94 p50=  122.60 p95=  290.20 p99=  321.36 rps=  75.10
window 1m
  calc.additional.maxViewersSummary             n= 4149 err=   0 errRate=  0.00% avg=  319.95 min=   52.87 max= 1002.57 p50=  304.21 p95=  531.29 p99=  707.29 rps=  69.15
  controller.AnalyticsController.maxViewersSummary n= 4149 err=   0 errRate=  0.00% avg=  320.53 min=   53.01 max= 1003.70 p50=  304.77 p95=  532.70 p99=  707.64 rps=  69.15
  s2s.crud.fetchAllTickets                      n= 4149 err=   0 errRate=  0.00% avg=  156.34 min=   14.15 max=  676.32 p50=  132.87 p95=  303.99 p99=  406.30 rps=  69.15
  s2s.crud.fetchFilms                           n= 4142 err=   0 errRate=  0.00% avg=  163.36 min=   21.71 max=  621.61 p50=  129.49 p95=  316.36 p99=  415.95 rps=  69.03

2026-05-05T03:54:55.375Z  INFO 1 --- [lab8-additional-service] [   scheduling-1] r.h.l.a.o.ObservabilityService           : [lab8-additional-service] observability refresh
window 10s
  calc.additional.maxViewersSummary             n=  714 err=   0 errRate=  0.00% avg=  281.34 min=   52.87 max=  698.34 p50=  293.44 p95=  467.77 p99=  533.67 rps=  71.40
  controller.AnalyticsController.maxViewersSummary n=  714 err=   0 errRate=  0.00% avg=  281.75 min=   53.01 max=  698.50 p50=  293.65 p95=  468.11 p99=  534.32 rps=  71.40
  s2s.crud.fetchAllTickets                      n=  714 err=   0 errRate=  0.00% avg=  138.63 min=   14.15 max=  389.30 p50=  121.76 p95=  284.29 p99=  315.54 rps=  71.40
  s2s.crud.fetchFilms                           n=  709 err=   0 errRate=  0.00% avg=  142.28 min=   22.79 max=  446.36 p50=  121.86 p95=  289.09 p99=  320.79 rps=  70.90
window 30s
  calc.additional.maxViewersSummary             n= 2233 err=   0 errRate=  0.00% avg=  286.27 min=   52.87 max=  785.12 p50=  294.60 p95=  489.16 p99=  581.37 rps=  74.43
  controller.AnalyticsController.maxViewersSummary n= 2233 err=   0 errRate=  0.00% avg=  286.80 min=   53.01 max=  785.25 p50=  295.04 p95=  489.74 p99=  581.63 rps=  74.43
  s2s.crud.fetchAllTickets                      n= 2233 err=   0 errRate=  0.00% avg=  142.25 min=   14.15 max=  514.96 p50=  123.22 p95=  285.68 p99=  321.53 rps=  74.43
  s2s.crud.fetchFilms                           n= 2230 err=   0 errRate=  0.00% avg=  143.78 min=   22.79 max=  495.94 p50=  122.38 p95=  289.66 p99=  320.58 rps=  74.33
window 1m
  calc.additional.maxViewersSummary             n= 4133 err=   0 errRate=  0.00% avg=  317.70 min=   52.87 max= 1002.57 p50=  303.57 p95=  526.14 p99=  702.12 rps=  68.88
  controller.AnalyticsController.maxViewersSummary n= 4133 err=   0 errRate=  0.00% avg=  318.28 min=   53.01 max= 1003.70 p50=  304.12 p95=  527.05 p99=  702.90 rps=  68.88
  s2s.crud.fetchAllTickets                      n= 4133 err=   0 errRate=  0.00% avg=  155.53 min=   14.15 max=  676.32 p50=  132.29 p95=  302.80 p99=  403.37 rps=  68.88
  s2s.crud.fetchFilms                           n= 4129 err=   0 errRate=  0.00% avg=  161.86 min=   21.71 max=  621.61 p50=  129.10 p95=  314.61 p99=  415.18 rps=  68.82

2026-05-05T03:54:56.390Z  INFO 1 --- [lab8-additional-service] [   scheduling-1] r.h.l.a.o.ObservabilityService           : [lab8-additional-service] observability refresh
window 10s
  calc.additional.maxViewersSummary             n=  697 err=   0 errRate=  0.00% avg=  280.64 min=   52.87 max=  698.34 p50=  293.82 p95=  439.35 p99=  533.77 rps=  69.70
  controller.AnalyticsController.maxViewersSummary n=  697 err=   0 errRate=  0.00% avg=  281.08 min=   53.01 max=  698.50 p50=  294.00 p95=  440.68 p99=  534.47 rps=  69.70
  s2s.crud.fetchAllTickets                      n=  697 err=   0 errRate=  0.00% avg=  137.82 min=   14.15 max=  386.14 p50=  121.57 p95=  278.31 p99=  312.27 rps=  69.70
  s2s.crud.fetchFilms                           n=  690 err=   0 errRate=  0.00% avg=  142.69 min=   22.79 max=  446.36 p50=  121.96 p95=  289.32 p99=  322.71 rps=  69.00
window 30s
  calc.additional.maxViewersSummary             n= 2227 err=   0 errRate=  0.00% avg=  284.67 min=   52.87 max=  785.12 p50=  293.92 p95=  483.03 p99=  581.15 rps=  74.23
  controller.AnalyticsController.maxViewersSummary n= 2227 err=   0 errRate=  0.00% avg=  285.21 min=   53.01 max=  785.25 p50=  294.34 p95=  483.20 p99=  581.47 rps=  74.23
  s2s.crud.fetchAllTickets                      n= 2227 err=   0 errRate=  0.00% avg=  141.22 min=   14.15 max=  514.96 p50=  122.65 p95=  282.40 p99=  314.25 rps=  74.23
  s2s.crud.fetchFilms                           n= 2219 err=   0 errRate=  0.00% avg=  143.38 min=   22.79 max=  495.94 p50=  122.37 p95=  289.08 p99=  319.72 rps=  73.97
window 1m
  calc.additional.maxViewersSummary             n= 4148 err=   0 errRate=  0.00% avg=  315.62 min=   52.87 max=  901.82 p50=  303.07 p95=  523.80 p99=  698.22 rps=  69.13
  controller.AnalyticsController.maxViewersSummary n= 4148 err=   0 errRate=  0.00% avg=  316.20 min=   53.01 max=  902.10 p50=  303.70 p95=  524.07 p99=  698.67 rps=  69.13
  s2s.crud.fetchAllTickets                      n= 4148 err=   0 errRate=  0.00% avg=  154.22 min=   14.15 max=  676.32 p50=  131.69 p95=  300.82 p99=  401.78 rps=  69.13
  s2s.crud.fetchFilms                           n= 4139 err=   0 errRate=  0.00% avg=  161.15 min=   21.71 max=  621.61 p50=  128.97 p95=  312.42 p99=  415.06 rps=  68.98

2026-05-05T03:54:57.395Z  INFO 1 --- [lab8-additional-service] [   scheduling-1] r.h.l.a.o.ObservabilityService           : [lab8-additional-service] observability refresh
window 10s
  calc.additional.maxViewersSummary             n=  669 err=   0 errRate=  0.00% avg=  278.53 min=   52.87 max=  698.34 p50=  289.39 p95=  437.38 p99=  534.05 rps=  66.90
  controller.AnalyticsController.maxViewersSummary n=  669 err=   0 errRate=  0.00% avg=  279.01 min=   53.01 max=  698.50 p50=  289.59 p95=  437.80 p99=  534.64 rps=  66.90
  s2s.crud.fetchAllTickets                      n=  669 err=   0 errRate=  0.00% avg=  135.78 min=   14.15 max=  386.14 p50=  118.39 p95=  279.23 p99=  314.88 rps=  66.90
  s2s.crud.fetchFilms                           n=  660 err=   0 errRate=  0.00% avg=  143.06 min=   22.79 max=  446.36 p50=  122.57 p95=  289.51 p99=  321.29 rps=  66.00
window 30s
  calc.additional.maxViewersSummary             n= 2188 err=   0 errRate=  0.00% avg=  285.00 min=   52.87 max=  785.12 p50=  294.36 p95=  484.13 p99=  581.25 rps=  72.93
  controller.AnalyticsController.maxViewersSummary n= 2188 err=   0 errRate=  0.00% avg=  285.55 min=   53.01 max=  785.25 p50=  294.83 p95=  484.37 p99=  581.61 rps=  72.93
  s2s.crud.fetchAllTickets                      n= 2188 err=   0 errRate=  0.00% avg=  141.29 min=   14.15 max=  514.96 p50=  123.12 p95=  282.97 p99=  314.85 rps=  72.93
  s2s.crud.fetchFilms                           n= 2189 err=   0 errRate=  0.00% avg=  143.73 min=   22.79 max=  495.94 p50=  122.54 p95=  289.54 p99=  319.99 rps=  72.97
window 1m
  calc.additional.maxViewersSummary             n= 4135 err=   0 errRate=  0.00% avg=  313.54 min=   52.87 max=  901.82 p50=  302.33 p95=  520.69 p99=  696.33 rps=  68.92
  controller.AnalyticsController.maxViewersSummary n= 4135 err=   0 errRate=  0.00% avg=  314.12 min=   53.01 max=  902.10 p50=  302.97 p95=  520.95 p99=  696.61 rps=  68.92
  s2s.crud.fetchAllTickets                      n= 4135 err=   0 errRate=  0.00% avg=  153.16 min=   14.15 max=  676.32 p50=  130.92 p95=  298.81 p99=  396.38 rps=  68.92
  s2s.crud.fetchFilms                           n= 4125 err=   0 errRate=  0.00% avg=  160.10 min=   21.71 max=  621.61 p50=  128.72 p95=  310.65 p99=  412.14 rps=  68.75

2026-05-05T03:54:58.401Z  INFO 1 --- [lab8-additional-service] [   scheduling-1] r.h.l.a.o.ObservabilityService           : [lab8-additional-service] observability refresh
window 10s
  calc.additional.maxViewersSummary             n=  634 err=   0 errRate=  0.00% avg=  281.48 min=   52.87 max=  698.34 p50=  293.01 p95=  439.39 p99=  534.40 rps=  63.40
  controller.AnalyticsController.maxViewersSummary n=  634 err=   0 errRate=  0.00% avg=  281.96 min=   53.01 max=  698.50 p50=  293.29 p95=  440.98 p99=  534.84 rps=  63.40
  s2s.crud.fetchAllTickets                      n=  634 err=   0 errRate=  0.00% avg=  136.47 min=   14.15 max=  386.02 p50=  119.68 p95=  281.08 p99=  313.73 rps=  63.40
  s2s.crud.fetchFilms                           n=  632 err=   0 errRate=  0.00% avg=  145.30 min=   22.79 max=  446.36 p50=  122.64 p95=  291.89 p99=  321.58 rps=  63.20
window 30s
  calc.additional.maxViewersSummary             n= 2170 err=   0 errRate=  0.00% avg=  283.82 min=   52.87 max=  785.12 p50=  294.00 p95=  477.47 p99=  535.07 rps=  72.33
  controller.AnalyticsController.maxViewersSummary n= 2170 err=   0 errRate=  0.00% avg=  284.36 min=   53.01 max=  785.25 p50=  294.43 p95=  477.65 p99=  535.36 rps=  72.33
  s2s.crud.fetchAllTickets                      n= 2170 err=   0 errRate=  0.00% avg=  140.97 min=   14.15 max=  500.06 p50=  122.68 p95=  282.07 p99=  314.57 rps=  72.33
  s2s.crud.fetchFilms                           n= 2166 err=   0 errRate=  0.00% avg=  142.69 min=   22.79 max=  495.94 p50=  121.87 p95=  288.06 p99=  319.29 rps=  72.20
window 1m
  calc.additional.maxViewersSummary             n= 4130 err=   0 errRate=  0.00% avg=  311.70 min=   52.87 max=  901.82 p50=  301.84 p95=  517.47 p99=  691.38 rps=  68.83
  controller.AnalyticsController.maxViewersSummary n= 4130 err=   0 errRate=  0.00% avg=  312.28 min=   53.01 max=  902.10 p50=  302.33 p95=  517.73 p99=  692.48 rps=  68.83
  s2s.crud.fetchAllTickets                      n= 4130 err=   0 errRate=  0.00% avg=  152.15 min=   14.15 max=  676.32 p50=  129.94 p95=  298.02 p99=  393.46 rps=  68.83
  s2s.crud.fetchFilms                           n= 4130 err=   0 errRate=  0.00% avg=  159.23 min=   21.71 max=  621.61 p50=  128.20 p95=  309.72 p99=  411.87 rps=  68.83

2026-05-05T03:54:59.411Z  INFO 1 --- [lab8-additional-service] [   scheduling-1] r.h.l.a.o.ObservabilityService           : [lab8-additional-service] observability refresh
window 10s
  calc.additional.maxViewersSummary             n=  595 err=   0 errRate=  0.00% avg=  283.68 min=   52.87 max=  698.34 p50=  294.33 p95=  458.23 p99=  524.76 rps=  59.50
  controller.AnalyticsController.maxViewersSummary n=  595 err=   0 errRate=  0.00% avg=  284.15 min=   53.01 max=  698.50 p50=  295.10 p95=  458.94 p99=  525.31 rps=  59.50
  s2s.crud.fetchAllTickets                      n=  595 err=   0 errRate=  0.00% avg=  138.26 min=   14.15 max=  386.02 p50=  120.85 p95=  286.56 p99=  315.72 rps=  59.50
  s2s.crud.fetchFilms                           n=  597 err=   0 errRate=  0.00% avg=  147.73 min=   22.79 max=  419.41 p50=  121.74 p95=  298.21 p99=  396.65 rps=  59.70
window 30s
  calc.additional.maxViewersSummary             n= 2144 err=   0 errRate=  0.00% avg=  282.42 min=   52.87 max=  785.12 p50=  293.74 p95=  446.69 p99=  527.16 rps=  71.47
  controller.AnalyticsController.maxViewersSummary n= 2144 err=   0 errRate=  0.00% avg=  282.96 min=   53.01 max=  785.25 p50=  294.08 p95=  447.70 p99=  527.36 rps=  71.47
  s2s.crud.fetchAllTickets                      n= 2144 err=   0 errRate=  0.00% avg=  139.81 min=   14.15 max=  416.52 p50=  121.97 p95=  280.69 p99=  311.97 rps=  71.47
  s2s.crud.fetchFilms                           n= 2141 err=   0 errRate=  0.00% avg=  142.77 min=   22.79 max=  486.42 p50=  121.81 p95=  288.46 p99=  320.83 rps=  71.37
window 1m
  calc.additional.maxViewersSummary             n= 4130 err=   0 errRate=  0.00% avg=  310.06 min=   52.87 max=  901.82 p50=  301.62 p95=  513.29 p99=  664.43 rps=  68.83
  controller.AnalyticsController.maxViewersSummary n= 4130 err=   0 errRate=  0.00% avg=  310.63 min=   53.01 max=  902.10 p50=  302.16 p95=  514.41 p99=  669.71 rps=  68.83
  s2s.crud.fetchAllTickets                      n= 4130 err=   0 errRate=  0.00% avg=  151.58 min=   14.15 max=  676.32 p50=  129.57 p95=  297.77 p99=  393.46 rps=  68.83
  s2s.crud.fetchFilms                           n= 4128 err=   0 errRate=  0.00% avg=  158.19 min=   21.71 max=  601.75 p50=  127.77 p95=  308.64 p99=  411.59 rps=  68.80

2026-05-05T03:55:00.424Z  INFO 1 --- [lab8-additional-service] [   scheduling-1] r.h.l.a.o.ObservabilityService           : [lab8-additional-service] observability refresh
window 10s
  calc.additional.maxViewersSummary             n=  584 err=   0 errRate=  0.00% avg=  281.97 min=   52.87 max=  710.92 p50=  292.09 p95=  490.72 p99=  613.48 rps=  58.40
  controller.AnalyticsController.maxViewersSummary n=  584 err=   0 errRate=  0.00% avg=  282.42 min=   53.01 max=  711.06 p50=  292.23 p95=  491.54 p99=  613.97 rps=  58.40
  s2s.crud.fetchAllTickets                      n=  584 err=   0 errRate=  0.00% avg=  136.57 min=   14.15 max=  413.09 p50=  117.93 p95=  284.04 p99=  315.75 rps=  58.40
  s2s.crud.fetchFilms                           n=  579 err=   0 errRate=  0.00% avg=  145.48 min=   22.79 max=  419.41 p50=  120.29 p95=  298.20 p99=  397.15 rps=  57.90
window 30s
  calc.additional.maxViewersSummary             n= 2120 err=   0 errRate=  0.00% avg=  283.25 min=   52.87 max=  785.12 p50=  294.31 p95=  475.61 p99=  533.65 rps=  70.67
  controller.AnalyticsController.maxViewersSummary n= 2120 err=   0 errRate=  0.00% avg=  283.77 min=   53.01 max=  785.25 p50=  294.63 p95=  475.79 p99=  534.25 rps=  70.67
  s2s.crud.fetchAllTickets                      n= 2120 err=   0 errRate=  0.00% avg=  140.02 min=   14.15 max=  416.52 p50=  121.90 p95=  281.38 p99=  312.26 rps=  70.67
  s2s.crud.fetchFilms                           n= 2119 err=   0 errRate=  0.00% avg=  143.17 min=   22.79 max=  486.42 p50=  121.73 p95=  289.11 p99=  321.71 rps=  70.63
window 1m
  calc.additional.maxViewersSummary             n= 4136 err=   0 errRate=  0.00% avg=  307.23 min=   52.87 max=  901.82 p50=  301.11 p95=  510.16 p99=  626.62 rps=  68.93
  controller.AnalyticsController.maxViewersSummary n= 4136 err=   0 errRate=  0.00% avg=  307.79 min=   53.01 max=  902.10 p50=  301.59 p95=  510.48 p99=  627.18 rps=  68.93
  s2s.crud.fetchAllTickets                      n= 4136 err=   0 errRate=  0.00% avg=  150.22 min=   14.15 max=  608.59 p50=  127.79 p95=  296.12 p99=  390.84 rps=  68.93
  s2s.crud.fetchFilms                           n= 4132 err=   0 errRate=  0.00% avg=  156.61 min=   21.71 max=  601.75 p50=  127.10 p95=  307.28 p99=  404.91 rps=  68.87

2026-05-05T03:55:01.432Z  INFO 1 --- [lab8-additional-service] [   scheduling-1] r.h.l.a.o.ObservabilityService           : [lab8-additional-service] observability refresh
window 10s
  calc.additional.maxViewersSummary             n=  570 err=   0 errRate=  0.00% avg=  280.45 min=   52.87 max=  710.92 p50=  289.29 p95=  491.22 p99=  613.82 rps=  57.00
  controller.AnalyticsController.maxViewersSummary n=  570 err=   0 errRate=  0.00% avg=  280.88 min=   53.01 max=  711.06 p50=  289.47 p95=  491.88 p99=  614.25 rps=  57.00
  s2s.crud.fetchAllTickets                      n=  570 err=   0 errRate=  0.00% avg=  136.42 min=   14.15 max=  413.09 p50=  117.46 p95=  285.08 p99=  315.80 rps=  57.00
  s2s.crud.fetchFilms                           n=  568 err=   0 errRate=  0.00% avg=  142.39 min=   22.95 max=  419.41 p50=  118.79 p95=  293.81 p99=  397.26 rps=  56.80
window 30s
  calc.additional.maxViewersSummary             n= 2103 err=   0 errRate=  0.00% avg=  282.74 min=   52.87 max=  785.12 p50=  294.30 p95=  461.49 p99=  533.72 rps=  70.10
  controller.AnalyticsController.maxViewersSummary n= 2103 err=   0 errRate=  0.00% avg=  283.25 min=   53.01 max=  785.25 p50=  294.63 p95=  461.90 p99=  534.43 rps=  70.10
  s2s.crud.fetchAllTickets                      n= 2103 err=   0 errRate=  0.00% avg=  139.93 min=   14.15 max=  416.52 p50=  121.90 p95=  281.66 p99=  312.28 rps=  70.10
  s2s.crud.fetchFilms                           n= 2106 err=   0 errRate=  0.00% avg=  142.59 min=   22.79 max=  486.42 p50=  121.27 p95=  289.09 p99=  321.85 rps=  70.20
window 1m
  calc.additional.maxViewersSummary             n= 4137 err=   0 errRate=  0.00% avg=  304.85 min=   52.87 max=  901.82 p50=  300.27 p95=  507.54 p99=  622.28 rps=  68.95
  controller.AnalyticsController.maxViewersSummary n= 4137 err=   0 errRate=  0.00% avg=  305.41 min=   53.01 max=  902.10 p50=  301.16 p95=  508.06 p99=  623.95 rps=  68.95
  s2s.crud.fetchAllTickets                      n= 4137 err=   0 errRate=  0.00% avg=  149.23 min=   14.15 max=  608.59 p50=  127.46 p95=  295.13 p99=  390.52 rps=  68.95
  s2s.crud.fetchFilms                           n= 4141 err=   0 errRate=  0.00% avg=  155.21 min=   21.71 max=  601.75 p50=  126.61 p95=  305.44 p99=  400.40 rps=  69.02

2026-05-05T03:55:02.445Z  INFO 1 --- [lab8-additional-service] [   scheduling-1] r.h.l.a.o.ObservabilityService           : [lab8-additional-service] observability refresh
window 10s
  calc.additional.maxViewersSummary             n=  553 err=   0 errRate=  0.00% avg=  274.25 min=   52.87 max=  710.92 p50=  280.13 p95=  435.41 p99=  520.06 rps=  55.30
  controller.AnalyticsController.maxViewersSummary n=  553 err=   0 errRate=  0.00% avg=  274.76 min=   53.01 max=  711.06 p50=  280.29 p95=  435.55 p99=  520.23 rps=  55.30
  s2s.crud.fetchAllTickets                      n=  553 err=   0 errRate=  0.00% avg=  133.76 min=   14.15 max=  413.09 p50=  115.17 p95=  280.42 p99=  315.85 rps=  55.30
  s2s.crud.fetchFilms                           n=  550 err=   0 errRate=  0.00% avg=  139.78 min=   22.95 max=  419.41 p50=  117.88 p95=  289.34 p99=  365.21 rps=  55.00
window 30s
  calc.additional.maxViewersSummary             n= 2089 err=   0 errRate=  0.00% avg=  281.16 min=   52.87 max=  785.12 p50=  293.67 p95=  437.07 p99=  533.34 rps=  69.63
  controller.AnalyticsController.maxViewersSummary n= 2089 err=   0 errRate=  0.00% avg=  281.69 min=   53.01 max=  785.25 p50=  294.00 p95=  437.30 p99=  533.55 rps=  69.63
  s2s.crud.fetchAllTickets                      n= 2089 err=   0 errRate=  0.00% avg=  138.90 min=   14.15 max=  416.52 p50=  121.06 p95=  280.32 p99=  312.19 rps=  69.63
  s2s.crud.fetchFilms                           n= 2092 err=   0 errRate=  0.00% avg=  141.93 min=   22.79 max=  486.42 p50=  120.48 p95=  288.04 p99=  322.26 rps=  69.73
window 1m
  calc.additional.maxViewersSummary             n= 4144 err=   0 errRate=  0.00% avg=  302.62 min=   52.87 max=  901.82 p50=  299.66 p95=  505.34 p99=  619.12 rps=  69.07
  controller.AnalyticsController.maxViewersSummary n= 4144 err=   0 errRate=  0.00% avg=  303.19 min=   53.01 max=  902.10 p50=  300.20 p95=  506.16 p99=  621.17 rps=  69.07
  s2s.crud.fetchAllTickets                      n= 4144 err=   0 errRate=  0.00% avg=  148.21 min=   14.15 max=  608.59 p50=  126.38 p95=  293.20 p99=  386.77 rps=  69.07
  s2s.crud.fetchFilms                           n= 4146 err=   0 errRate=  0.00% avg=  154.14 min=   21.71 max=  601.75 p50=  125.88 p95=  303.88 p99=  399.80 rps=  69.10

2026-05-05T03:55:03.452Z  INFO 1 --- [lab8-additional-service] [   scheduling-1] r.h.l.a.o.ObservabilityService           : [lab8-additional-service] observability refresh
window 10s
  calc.additional.maxViewersSummary             n=  538 err=   0 errRate=  0.00% avg=  269.26 min=   52.87 max=  710.92 p50=  243.21 p95=  434.90 p99=  520.41 rps=  53.80
  controller.AnalyticsController.maxViewersSummary n=  538 err=   0 errRate=  0.00% avg=  269.80 min=   53.01 max=  711.06 p50=  243.94 p95=  435.27 p99=  520.59 rps=  53.80
  s2s.crud.fetchAllTickets                      n=  538 err=   0 errRate=  0.00% avg=  130.53 min=   14.15 max=  413.09 p50=  114.29 p95=  273.24 p99=  314.67 rps=  53.80
  s2s.crud.fetchFilms                           n=  532 err=   0 errRate=  0.00% avg=  138.21 min=   21.25 max=  419.41 p50=  116.05 p95=  288.03 p99=  376.86 rps=  53.20
window 30s
  calc.additional.maxViewersSummary             n= 2071 err=   0 errRate=  0.00% avg=  279.62 min=   52.87 max=  785.12 p50=  292.81 p95=  434.63 p99=  527.73 rps=  69.03
  controller.AnalyticsController.maxViewersSummary n= 2071 err=   0 errRate=  0.00% avg=  280.15 min=   53.01 max=  785.25 p50=  293.24 p95=  434.92 p99=  527.91 rps=  69.03
  s2s.crud.fetchAllTickets                      n= 2071 err=   0 errRate=  0.00% avg=  138.11 min=   14.15 max=  416.52 p50=  120.30 p95=  277.90 p99=  311.84 rps=  69.03
  s2s.crud.fetchFilms                           n= 2067 err=   0 errRate=  0.00% avg=  141.36 min=   21.25 max=  486.42 p50=  120.17 p95=  287.97 p99=  320.80 rps=  68.90
window 1m
  calc.additional.maxViewersSummary             n= 4148 err=   0 errRate=  0.00% avg=  299.77 min=   52.87 max=  901.82 p50=  298.90 p95=  502.35 p99=  613.21 rps=  69.13
  controller.AnalyticsController.maxViewersSummary n= 4148 err=   0 errRate=  0.00% avg=  300.33 min=   53.01 max=  902.10 p50=  299.34 p95=  502.81 p99=  613.95 rps=  69.13
  s2s.crud.fetchAllTickets                      n= 4148 err=   0 errRate=  0.00% avg=  146.83 min=   14.15 max=  608.59 p50=  125.27 p95=  291.16 p99=  382.52 rps=  69.13
  s2s.crud.fetchFilms                           n= 4143 err=   0 errRate=  0.00% avg=  152.62 min=   21.25 max=  601.75 p50=  125.22 p95=  302.26 p99=  398.07 rps=  69.05

2026-05-05T03:55:04.456Z  INFO 1 --- [lab8-additional-service] [   scheduling-1] r.h.l.a.o.ObservabilityService           : [lab8-additional-service] observability refresh
window 10s
  calc.additional.maxViewersSummary             n=  519 err=   0 errRate=  0.00% avg=  271.51 min=   82.10 max=  710.92 p50=  246.89 p95=  452.32 p99=  520.89 rps=  51.90
  controller.AnalyticsController.maxViewersSummary n=  519 err=   0 errRate=  0.00% avg=  272.04 min=   82.29 max=  711.06 p50=  248.33 p95=  453.16 p99=  521.09 rps=  51.90
  s2s.crud.fetchAllTickets                      n=  519 err=   0 errRate=  0.00% avg=  131.41 min=   16.84 max=  413.09 p50=  114.78 p95=  270.22 p99=  312.78 rps=  51.90
  s2s.crud.fetchFilms                           n=  529 err=   0 errRate=  0.00% avg=  140.28 min=   21.25 max=  419.41 p50=  117.78 p95=  290.21 p99=  395.44 rps=  52.90
window 30s
  calc.additional.maxViewersSummary             n= 2041 err=   0 errRate=  0.00% avg=  278.45 min=   52.87 max=  785.12 p50=  290.82 p95=  435.95 p99=  528.09 rps=  68.03
  controller.AnalyticsController.maxViewersSummary n= 2041 err=   0 errRate=  0.00% avg=  278.97 min=   53.01 max=  785.25 p50=  291.11 p95=  436.09 p99=  528.26 rps=  68.03
  s2s.crud.fetchAllTickets                      n= 2041 err=   0 errRate=  0.00% avg=  137.71 min=   14.15 max=  416.52 p50=  120.07 p95=  277.95 p99=  311.98 rps=  68.03
  s2s.crud.fetchFilms                           n= 2042 err=   0 errRate=  0.00% avg=  140.82 min=   21.25 max=  486.42 p50=  119.72 p95=  287.39 p99=  320.83 rps=  68.07
window 1m
  calc.additional.maxViewersSummary             n= 4136 err=   0 errRate=  0.00% avg=  298.24 min=   52.87 max=  901.82 p50=  298.44 p95=  500.26 p99=  606.45 rps=  68.93
  controller.AnalyticsController.maxViewersSummary n= 4136 err=   0 errRate=  0.00% avg=  298.81 min=   53.01 max=  902.10 p50=  299.11 p95=  500.47 p99=  608.02 rps=  68.93
  s2s.crud.fetchAllTickets                      n= 4136 err=   0 errRate=  0.00% avg=  146.07 min=   14.15 max=  608.59 p50=  124.71 p95=  290.29 p99=  380.56 rps=  68.93
  s2s.crud.fetchFilms                           n= 4130 err=   0 errRate=  0.00% avg=  152.03 min=   21.25 max=  601.75 p50=  125.21 p95=  301.09 p99=  397.13 rps=  68.83

2026-05-05T03:55:05.460Z  INFO 1 --- [lab8-additional-service] [   scheduling-1] r.h.l.a.o.ObservabilityService           : [lab8-additional-service] observability refresh
window 10s
  calc.additional.maxViewersSummary             n=  544 err=   0 errRate=  0.00% avg=  269.49 min=   82.10 max=  710.92 p50=  242.19 p95=  433.69 p99=  520.37 rps=  54.40
  controller.AnalyticsController.maxViewersSummary n=  544 err=   0 errRate=  0.00% avg=  269.99 min=   82.29 max=  711.06 p50=  243.44 p95=  434.07 p99=  520.57 rps=  54.40
  s2s.crud.fetchAllTickets                      n=  544 err=   0 errRate=  0.00% avg=  130.09 min=   16.84 max=  413.09 p50=  114.27 p95=  239.17 p99=  308.34 rps=  54.40
  s2s.crud.fetchFilms                           n=  535 err=   0 errRate=  0.00% avg=  138.95 min=   21.25 max=  419.41 p50=  116.04 p95=  289.22 p99=  395.12 rps=  53.50
window 30s
  calc.additional.maxViewersSummary             n= 2027 err=   0 errRate=  0.00% avg=  277.68 min=   52.87 max=  785.12 p50=  290.65 p95=  435.42 p99=  527.24 rps=  67.57
  controller.AnalyticsController.maxViewersSummary n= 2027 err=   0 errRate=  0.00% avg=  278.19 min=   53.01 max=  785.25 p50=  290.78 p95=  435.56 p99=  527.44 rps=  67.57
  s2s.crud.fetchAllTickets                      n= 2027 err=   0 errRate=  0.00% avg=  137.23 min=   14.15 max=  416.52 p50=  119.14 p95=  277.65 p99=  312.05 rps=  67.57
  s2s.crud.fetchFilms                           n= 2021 err=   0 errRate=  0.00% avg=  140.23 min=   21.25 max=  486.42 p50=  119.16 p95=  287.17 p99=  320.65 rps=  67.37
window 1m
  calc.additional.maxViewersSummary             n= 4136 err=   0 errRate=  0.00% avg=  296.49 min=   52.87 max=  901.82 p50=  297.82 p95=  499.41 p99=  606.45 rps=  68.93
  controller.AnalyticsController.maxViewersSummary n= 4136 err=   0 errRate=  0.00% avg=  297.04 min=   53.01 max=  902.10 p50=  298.33 p95=  499.80 p99=  608.02 rps=  68.93
  s2s.crud.fetchAllTickets                      n= 4136 err=   0 errRate=  0.00% avg=  145.19 min=   14.15 max=  608.59 p50=  123.75 p95=  289.76 p99=  378.77 rps=  68.93
  s2s.crud.fetchFilms                           n= 4131 err=   0 errRate=  0.00% avg=  151.02 min=   21.25 max=  601.75 p50=  124.50 p95=  300.52 p99=  396.84 rps=  68.85

2026-05-05T03:55:06.465Z  INFO 1 --- [lab8-additional-service] [   scheduling-1] r.h.l.a.o.ObservabilityService           : [lab8-additional-service] observability refresh
window 10s
  calc.additional.maxViewersSummary             n=  535 err=   0 errRate=  0.00% avg=  267.50 min=   93.75 max=  710.92 p50=  233.58 p95=  434.99 p99=  526.19 rps=  53.50
  controller.AnalyticsController.maxViewersSummary n=  535 err=   0 errRate=  0.00% avg=  267.97 min=   93.89 max=  711.06 p50=  233.85 p95=  435.32 p99=  526.60 rps=  53.50
  s2s.crud.fetchAllTickets                      n=  535 err=   0 errRate=  0.00% avg=  129.03 min=   14.92 max=  413.09 p50=  113.41 p95=  237.03 p99=  308.51 rps=  53.50
  s2s.crud.fetchFilms                           n=  540 err=   0 errRate=  0.00% avg=  138.53 min=   21.25 max=  419.41 p50=  115.80 p95=  289.60 p99=  394.86 rps=  54.00
window 30s
  calc.additional.maxViewersSummary             n= 1998 err=   0 errRate=  0.00% avg=  278.86 min=   52.87 max=  785.12 p50=  292.00 p95=  436.23 p99=  528.57 rps=  66.60
  controller.AnalyticsController.maxViewersSummary n= 1999 err=   0 errRate=  0.00% avg=  279.33 min=   53.01 max=  785.25 p50=  292.18 p95=  436.30 p99=  528.73 rps=  66.63
  s2s.crud.fetchAllTickets                      n= 1998 err=   0 errRate=  0.00% avg=  137.67 min=   14.15 max=  416.52 p50=  120.23 p95=  277.86 p99=  312.18 rps=  66.60
  s2s.crud.fetchFilms                           n= 1995 err=   0 errRate=  0.00% avg=  141.31 min=   21.25 max=  486.42 p50=  119.75 p95=  288.04 p99=  320.77 rps=  66.50
window 1m
  calc.additional.maxViewersSummary             n= 4133 err=   0 errRate=  0.00% avg=  295.11 min=   52.87 max=  901.82 p50=  297.40 p95=  497.80 p99=  605.86 rps=  68.88
  controller.AnalyticsController.maxViewersSummary n= 4133 err=   0 errRate=  0.00% avg=  295.65 min=   53.01 max=  902.10 p50=  298.00 p95=  498.64 p99=  606.54 rps=  68.88
  s2s.crud.fetchAllTickets                      n= 4133 err=   0 errRate=  0.00% avg=  144.33 min=   14.15 max=  608.59 p50=  123.36 p95=  288.71 p99=  376.80 rps=  68.88
  s2s.crud.fetchFilms                           n= 4129 err=   0 errRate=  0.00% avg=  150.35 min=   21.25 max=  578.02 p50=  124.38 p95=  299.82 p99=  394.93 rps=  68.82

2026-05-05T03:55:07.476Z  INFO 1 --- [lab8-additional-service] [   scheduling-1] r.h.l.a.o.ObservabilityService           : [lab8-additional-service] observability refresh
window 10s
  calc.additional.maxViewersSummary             n=  548 err=   0 errRate=  0.00% avg=  267.84 min=   93.75 max=  710.92 p50=  233.25 p95=  430.97 p99=  525.22 rps=  54.80
  controller.AnalyticsController.maxViewersSummary n=  548 err=   0 errRate=  0.00% avg=  268.27 min=   93.89 max=  711.06 p50=  233.49 p95=  431.09 p99=  525.59 rps=  54.80
  s2s.crud.fetchAllTickets                      n=  548 err=   0 errRate=  0.00% avg=  129.74 min=   14.92 max=  413.09 p50=  114.04 p95=  239.17 p99=  307.02 rps=  54.80
  s2s.crud.fetchFilms                           n=  549 err=   0 errRate=  0.00% avg=  136.93 min=   21.25 max=  419.41 p50=  115.72 p95=  240.75 p99=  394.38 rps=  54.90
window 30s
  calc.additional.maxViewersSummary             n= 1964 err=   0 errRate=  0.00% avg=  279.85 min=   52.87 max=  785.12 p50=  292.99 p95=  437.97 p99=  528.63 rps=  65.47
  controller.AnalyticsController.maxViewersSummary n= 1964 err=   0 errRate=  0.00% avg=  280.28 min=   53.01 max=  785.25 p50=  293.29 p95=  438.51 p99=  528.92 rps=  65.47
  s2s.crud.fetchAllTickets                      n= 1964 err=   0 errRate=  0.00% avg=  137.85 min=   14.15 max=  416.52 p50=  120.03 p95=  280.12 p99=  312.51 rps=  65.47
  s2s.crud.fetchFilms                           n= 1962 err=   0 errRate=  0.00% avg=  141.84 min=   21.25 max=  486.42 p50=  120.30 p95=  289.05 p99=  320.80 rps=  65.40
window 1m
  calc.additional.maxViewersSummary             n= 4121 err=   0 errRate=  0.00% avg=  293.71 min=   52.87 max=  901.82 p50=  296.90 p95=  497.27 p99=  599.28 rps=  68.68
  controller.AnalyticsController.maxViewersSummary n= 4121 err=   0 errRate=  0.00% avg=  294.25 min=   53.01 max=  902.10 p50=  297.51 p95=  497.54 p99=  600.08 rps=  68.68
  s2s.crud.fetchAllTickets                      n= 4121 err=   0 errRate=  0.00% avg=  143.79 min=   14.15 max=  608.59 p50=  123.17 p95=  288.46 p99=  375.53 rps=  68.68
  s2s.crud.fetchFilms                           n= 4117 err=   0 errRate=  0.00% avg=  149.69 min=   21.25 max=  578.02 p50=  123.91 p95=  299.52 p99=  395.15 rps=  68.62

2026-05-05T03:55:08.480Z  INFO 1 --- [lab8-additional-service] [   scheduling-1] r.h.l.a.o.ObservabilityService           : [lab8-additional-service] observability refresh
window 10s
  calc.additional.maxViewersSummary             n=  550 err=   0 errRate=  0.00% avg=  262.87 min=   93.75 max=  710.92 p50=  228.39 p95=  426.85 p99=  525.07 rps=  55.00
  controller.AnalyticsController.maxViewersSummary n=  550 err=   0 errRate=  0.00% avg=  263.29 min=   93.89 max=  711.06 p50=  228.67 p95=  426.98 p99=  525.44 rps=  55.00
  s2s.crud.fetchAllTickets                      n=  550 err=   0 errRate=  0.00% avg=  126.90 min=   14.92 max=  413.09 p50=  111.29 p95=  225.41 p99=  303.40 rps=  55.00
  s2s.crud.fetchFilms                           n=  546 err=   0 errRate=  0.00% avg=  135.75 min=   21.25 max=  419.41 p50=  115.25 p95=  242.49 p99=  394.54 rps=  54.60
window 30s
  calc.additional.maxViewersSummary             n= 1942 err=   0 errRate=  0.00% avg=  279.40 min=   52.87 max=  785.12 p50=  292.37 p95=  435.43 p99=  528.67 rps=  64.73
  controller.AnalyticsController.maxViewersSummary n= 1942 err=   0 errRate=  0.00% avg=  279.83 min=   53.01 max=  785.25 p50=  292.53 p95=  435.57 p99=  529.03 rps=  64.73
  s2s.crud.fetchAllTickets                      n= 1942 err=   0 errRate=  0.00% avg=  137.54 min=   14.15 max=  416.52 p50=  119.05 p95=  280.09 p99=  313.85 rps=  64.73
  s2s.crud.fetchFilms                           n= 1934 err=   0 errRate=  0.00% avg=  141.89 min=   21.25 max=  486.42 p50=  120.28 p95=  289.14 p99=  321.56 rps=  64.47
window 1m
  calc.additional.maxViewersSummary             n= 4114 err=   0 errRate=  0.00% avg=  292.30 min=   52.87 max=  901.82 p50=  296.51 p95=  496.38 p99=  597.59 rps=  68.57
  controller.AnalyticsController.maxViewersSummary n= 4114 err=   0 errRate=  0.00% avg=  292.83 min=   53.01 max=  902.10 p50=  296.95 p95=  496.78 p99=  598.06 rps=  68.57
  s2s.crud.fetchAllTickets                      n= 4114 err=   0 errRate=  0.00% avg=  143.07 min=   14.15 max=  608.59 p50=  122.66 p95=  288.05 p99=  373.90 rps=  68.57
  s2s.crud.fetchFilms                           n= 4102 err=   0 errRate=  0.00% avg=  149.10 min=   21.25 max=  521.01 p50=  123.51 p95=  299.43 p99=  393.58 rps=  68.37

2026-05-05T03:55:09.485Z  INFO 1 --- [lab8-additional-service] [   scheduling-1] r.h.l.a.o.ObservabilityService           : [lab8-additional-service] observability refresh
window 10s
  calc.additional.maxViewersSummary             n=  565 err=   0 errRate=  0.00% avg=  258.62 min=   93.75 max=  605.53 p50=  227.94 p95=  417.14 p99=  499.33 rps=  56.50
  controller.AnalyticsController.maxViewersSummary n=  565 err=   0 errRate=  0.00% avg=  259.03 min=   93.89 max=  605.69 p50=  228.42 p95=  417.70 p99=  499.75 rps=  56.50
  s2s.crud.fetchAllTickets                      n=  565 err=   0 errRate=  0.00% avg=  125.28 min=   14.92 max=  380.91 p50=  111.46 p95=  217.34 p99=  296.97 rps=  56.50
  s2s.crud.fetchFilms                           n=  568 err=   0 errRate=  0.00% avg=  132.05 min=   20.62 max=  391.64 p50=  115.53 p95=  226.21 p99=  309.33 rps=  56.80
window 30s
  calc.additional.maxViewersSummary             n= 1932 err=   0 errRate=  0.00% avg=  277.86 min=   52.87 max=  785.12 p50=  291.06 p95=  434.61 p99=  528.20 rps=  64.40
  controller.AnalyticsController.maxViewersSummary n= 1932 err=   0 errRate=  0.00% avg=  278.29 min=   53.01 max=  785.25 p50=  291.32 p95=  434.89 p99=  528.37 rps=  64.40
  s2s.crud.fetchAllTickets                      n= 1932 err=   0 errRate=  0.00% avg=  136.70 min=   14.15 max=  416.52 p50=  118.25 p95=  277.55 p99=  312.72 rps=  64.40
  s2s.crud.fetchFilms                           n= 1927 err=   0 errRate=  0.00% avg=  140.91 min=   20.62 max=  486.42 p50=  119.63 p95=  287.67 p99=  320.84 rps=  64.23
window 1m
  calc.additional.maxViewersSummary             n= 4103 err=   0 errRate=  0.00% avg=  292.21 min=   52.87 max=  901.82 p50=  296.58 p95=  495.85 p99=  597.60 rps=  68.38
  controller.AnalyticsController.maxViewersSummary n= 4103 err=   0 errRate=  0.00% avg=  292.73 min=   53.01 max=  902.10 p50=  297.06 p95=  496.06 p99=  598.09 rps=  68.38
  s2s.crud.fetchAllTickets                      n= 4103 err=   0 errRate=  0.00% avg=  143.16 min=   14.15 max=  608.59 p50=  122.60 p95=  287.90 p99=  374.00 rps=  68.38
  s2s.crud.fetchFilms                           n= 4101 err=   0 errRate=  0.00% avg=  148.76 min=   20.62 max=  521.01 p50=  123.50 p95=  298.62 p99=  393.58 rps=  68.35

2026-05-05T03:55:10.489Z  INFO 1 --- [lab8-additional-service] [   scheduling-1] r.h.l.a.o.ObservabilityService           : [lab8-additional-service] observability refresh
window 10s
  calc.additional.maxViewersSummary             n=  564 err=   0 errRate=  0.00% avg=  260.60 min=   93.75 max=  605.53 p50=  228.67 p95=  413.28 p99=  498.01 rps=  56.40
  controller.AnalyticsController.maxViewersSummary n=  564 err=   0 errRate=  0.00% avg=  260.98 min=   93.89 max=  605.69 p50=  229.14 p95=  413.59 p99=  498.21 rps=  56.40
  s2s.crud.fetchAllTickets                      n=  564 err=   0 errRate=  0.00% avg=  127.41 min=   14.92 max=  380.91 p50=  113.77 p95=  212.95 p99=  296.97 rps=  56.40
  s2s.crud.fetchFilms                           n=  561 err=   0 errRate=  0.00% avg=  133.17 min=   20.62 max=  391.64 p50=  116.69 p95=  226.37 p99=  309.45 rps=  56.10
window 30s
  calc.additional.maxViewersSummary             n= 1913 err=   0 errRate=  0.00% avg=  277.06 min=   52.87 max=  785.12 p50=  290.97 p95=  431.54 p99=  527.31 rps=  63.77
  controller.AnalyticsController.maxViewersSummary n= 1913 err=   0 errRate=  0.00% avg=  277.48 min=   53.01 max=  785.25 p50=  291.14 p95=  431.71 p99=  527.51 rps=  63.77
  s2s.crud.fetchAllTickets                      n= 1913 err=   0 errRate=  0.00% avg=  136.36 min=   14.15 max=  413.09 p50=  118.18 p95=  275.54 p99=  312.27 rps=  63.77
  s2s.crud.fetchFilms                           n= 1901 err=   0 errRate=  0.00% avg=  140.53 min=   20.62 max=  486.42 p50=  119.16 p95=  287.17 p99=  320.87 rps=  63.37
window 1m
  calc.additional.maxViewersSummary             n= 4093 err=   0 errRate=  0.00% avg=  291.11 min=   52.87 max=  901.82 p50=  296.08 p95=  494.78 p99=  597.70 rps=  68.22
  controller.AnalyticsController.maxViewersSummary n= 4093 err=   0 errRate=  0.00% avg=  291.62 min=   53.01 max=  902.10 p50=  296.77 p95=  495.64 p99=  598.17 rps=  68.22
  s2s.crud.fetchAllTickets                      n= 4093 err=   0 errRate=  0.00% avg=  142.83 min=   14.15 max=  608.59 p50=  122.34 p95=  287.22 p99=  374.17 rps=  68.22
  s2s.crud.fetchFilms                           n= 4089 err=   0 errRate=  0.00% avg=  148.09 min=   20.62 max=  521.01 p50=  123.14 p95=  297.83 p99=  393.81 rps=  68.15

2026-05-05T03:55:11.493Z  INFO 1 --- [lab8-additional-service] [   scheduling-1] r.h.l.a.o.ObservabilityService           : [lab8-additional-service] observability refresh
window 10s
  calc.additional.maxViewersSummary             n=  559 err=   0 errRate=  0.00% avg=  260.16 min=   93.75 max=  605.53 p50=  228.73 p95=  410.87 p99=  498.06 rps=  55.90
  controller.AnalyticsController.maxViewersSummary n=  559 err=   0 errRate=  0.00% avg=  260.54 min=   93.89 max=  605.69 p50=  229.02 p95=  411.12 p99=  498.26 rps=  55.90
  s2s.crud.fetchAllTickets                      n=  559 err=   0 errRate=  0.00% avg=  126.78 min=   14.92 max=  380.91 p50=  113.54 p95=  212.85 p99=  297.00 rps=  55.90
  s2s.crud.fetchFilms                           n=  558 err=   0 errRate=  0.00% avg=  133.52 min=   20.62 max=  391.64 p50=  116.60 p95=  225.63 p99=  306.21 rps=  55.80
window 30s
  calc.additional.maxViewersSummary             n= 1892 err=   0 errRate=  0.00% avg=  275.35 min=   52.87 max=  785.12 p50=  286.97 p95=  430.37 p99=  527.48 rps=  63.07
  controller.AnalyticsController.maxViewersSummary n= 1892 err=   0 errRate=  0.00% avg=  275.77 min=   53.01 max=  785.25 p50=  287.32 p95=  430.60 p99=  527.67 rps=  63.07
  s2s.crud.fetchAllTickets                      n= 1892 err=   0 errRate=  0.00% avg=  135.25 min=   14.15 max=  413.09 p50=  117.41 p95=  273.76 p99=  312.34 rps=  63.07
  s2s.crud.fetchFilms                           n= 1888 err=   0 errRate=  0.00% avg=  140.13 min=   20.62 max=  486.42 p50=  118.68 p95=  285.88 p99=  321.00 rps=  62.93
window 1m
  calc.additional.maxViewersSummary             n= 4081 err=   0 errRate=  0.00% avg=  289.79 min=   52.87 max=  901.82 p50=  295.60 p95=  493.60 p99=  597.55 rps=  68.02
  controller.AnalyticsController.maxViewersSummary n= 4081 err=   0 errRate=  0.00% avg=  290.31 min=   53.01 max=  902.10 p50=  295.97 p95=  495.01 p99=  597.84 rps=  68.02
  s2s.crud.fetchAllTickets                      n= 4081 err=   0 errRate=  0.00% avg=  142.18 min=   14.15 max=  608.59 p50=  122.00 p95=  287.00 p99=  373.29 rps=  68.02
  s2s.crud.fetchFilms                           n= 4078 err=   0 errRate=  0.00% avg=  147.29 min=   20.62 max=  521.01 p50=  122.78 p95=  296.73 p99=  393.53 rps=  67.97

2026-05-05T03:55:12.498Z  INFO 1 --- [lab8-additional-service] [   scheduling-1] r.h.l.a.o.ObservabilityService           : [lab8-additional-service] observability refresh
window 10s
  calc.additional.maxViewersSummary             n=  559 err=   0 errRate=  0.00% avg=  258.29 min=   91.49 max=  605.53 p50=  228.73 p95=  410.87 p99=  498.06 rps=  55.90
  controller.AnalyticsController.maxViewersSummary n=  559 err=   0 errRate=  0.00% avg=  258.58 min=   91.60 max=  605.69 p50=  229.02 p95=  411.12 p99=  498.26 rps=  55.90
  s2s.crud.fetchAllTickets                      n=  559 err=   0 errRate=  0.00% avg=  125.86 min=   14.92 max=  380.91 p50=  112.14 p95=  212.60 p99=  292.82 rps=  55.90
  s2s.crud.fetchFilms                           n=  556 err=   0 errRate=  0.00% avg=  132.02 min=   20.01 max=  391.64 p50=  115.92 p95=  223.89 p99=  306.29 rps=  55.60
window 30s
  calc.additional.maxViewersSummary             n= 1876 err=   0 errRate=  0.00% avg=  273.88 min=   52.87 max=  785.12 p50=  282.25 p95=  430.32 p99=  527.01 rps=  62.53
  controller.AnalyticsController.maxViewersSummary n= 1876 err=   0 errRate=  0.00% avg=  274.29 min=   53.01 max=  785.25 p50=  282.40 p95=  430.51 p99=  527.20 rps=  62.53
  s2s.crud.fetchAllTickets                      n= 1876 err=   0 errRate=  0.00% avg=  133.95 min=   14.15 max=  413.09 p50=  116.94 p95=  270.05 p99=  312.20 rps=  62.53
  s2s.crud.fetchFilms                           n= 1866 err=   0 errRate=  0.00% avg=  139.87 min=   20.01 max=  486.42 p50=  118.62 p95=  286.00 p99=  321.23 rps=  62.20
window 1m
  calc.additional.maxViewersSummary             n= 4081 err=   0 errRate=  0.00% avg=  287.66 min=   52.87 max=  901.82 p50=  294.92 p95=  490.85 p99=  595.29 rps=  68.02
  controller.AnalyticsController.maxViewersSummary n= 4081 err=   0 errRate=  0.00% avg=  288.17 min=   53.01 max=  902.10 p50=  295.36 p95=  491.72 p99=  595.94 rps=  68.02
  s2s.crud.fetchAllTickets                      n= 4081 err=   0 errRate=  0.00% avg=  141.21 min=   14.15 max=  608.59 p50=  121.53 p95=  284.62 p99=  367.52 rps=  68.02
  s2s.crud.fetchFilms                           n= 4072 err=   0 errRate=  0.00% avg=  146.19 min=   20.01 max=  521.01 p50=  122.31 p95=  294.50 p99=  392.12 rps=  67.87

2026-05-05T03:55:13.502Z  INFO 1 --- [lab8-additional-service] [   scheduling-1] r.h.l.a.o.ObservabilityService           : [lab8-additional-service] observability refresh
window 10s
  calc.additional.maxViewersSummary             n=  557 err=   0 errRate=  0.00% avg=  258.96 min=   91.49 max=  605.53 p50=  228.91 p95=  407.67 p99=  498.08 rps=  55.70
  controller.AnalyticsController.maxViewersSummary n=  557 err=   0 errRate=  0.00% avg=  259.23 min=   91.60 max=  605.69 p50=  229.25 p95=  407.87 p99=  498.29 rps=  55.70
  s2s.crud.fetchAllTickets                      n=  557 err=   0 errRate=  0.00% avg=  126.03 min=   14.92 max=  380.91 p50=  111.92 p95=  212.60 p99=  294.94 rps=  55.70
  s2s.crud.fetchFilms                           n=  555 err=   0 errRate=  0.00% avg=  133.36 min=   20.01 max=  391.64 p50=  117.74 p95=  225.68 p99=  306.34 rps=  55.50
window 30s
  calc.additional.maxViewersSummary             n= 1844 err=   0 errRate=  0.00% avg=  274.06 min=   52.87 max=  785.12 p50=  281.75 p95=  430.46 p99=  527.16 rps=  61.47
  controller.AnalyticsController.maxViewersSummary n= 1844 err=   0 errRate=  0.00% avg=  274.45 min=   53.01 max=  785.25 p50=  281.93 p95=  430.79 p99=  527.36 rps=  61.47
  s2s.crud.fetchAllTickets                      n= 1844 err=   0 errRate=  0.00% avg=  133.73 min=   14.15 max=  413.09 p50=  116.33 p95=  271.06 p99=  312.24 rps=  61.47
  s2s.crud.fetchFilms                           n= 1836 err=   0 errRate=  0.00% avg=  140.54 min=   20.01 max=  486.42 p50=  119.16 p95=  287.40 p99=  321.54 rps=  61.20
window 1m
  calc.additional.maxViewersSummary             n= 4071 err=   0 errRate=  0.00% avg=  286.41 min=   52.87 max=  901.82 p50=  294.33 p95=  490.23 p99=  595.34 rps=  67.85
  controller.AnalyticsController.maxViewersSummary n= 4071 err=   0 errRate=  0.00% avg=  286.92 min=   53.01 max=  902.10 p50=  294.74 p95=  490.71 p99=  595.98 rps=  67.85
  s2s.crud.fetchAllTickets                      n= 4071 err=   0 errRate=  0.00% avg=  140.85 min=   14.15 max=  608.59 p50=  121.26 p95=  284.16 p99=  362.93 rps=  67.85
  s2s.crud.fetchFilms                           n= 4066 err=   0 errRate=  0.00% avg=  145.38 min=   20.01 max=  521.01 p50=  121.88 p95=  294.11 p99=  388.87 rps=  67.77

2026-05-05T03:55:14.521Z  INFO 1 --- [lab8-additional-service] [   scheduling-1] r.h.l.a.o.ObservabilityService           : [lab8-additional-service] observability refresh
window 10s
  calc.additional.maxViewersSummary             n=  557 err=   0 errRate=  0.00% avg=  262.23 min=   91.49 max=  609.91 p50=  232.24 p95=  411.41 p99=  509.08 rps=  55.70
  controller.AnalyticsController.maxViewersSummary n=  557 err=   0 errRate=  0.00% avg=  262.50 min=   91.60 max=  610.22 p50=  232.36 p95=  411.67 p99=  509.22 rps=  55.70
  s2s.crud.fetchAllTickets                      n=  557 err=   0 errRate=  0.00% avg=  127.96 min=   14.92 max=  380.91 p50=  113.41 p95=  214.47 p99=  297.62 rps=  55.70
  s2s.crud.fetchFilms                           n=  554 err=   0 errRate=  0.00% avg=  134.47 min=   20.01 max=  498.91 p50=  118.24 p95=  227.40 p99=  311.05 rps=  55.40
window 30s
  calc.additional.maxViewersSummary             n= 1822 err=   0 errRate=  0.00% avg=  272.98 min=   52.87 max=  710.92 p50=  276.37 p95=  430.19 p99=  528.32 rps=  60.73
  controller.AnalyticsController.maxViewersSummary n= 1822 err=   0 errRate=  0.00% avg=  273.38 min=   53.01 max=  711.06 p50=  277.47 p95=  430.37 p99=  528.48 rps=  60.73
  s2s.crud.fetchAllTickets                      n= 1822 err=   0 errRate=  0.00% avg=  133.08 min=   14.15 max=  413.09 p50=  115.93 p95=  268.90 p99=  311.59 rps=  60.73
  s2s.crud.fetchFilms                           n= 1816 err=   0 errRate=  0.00% avg=  139.82 min=   20.01 max=  498.91 p50=  118.85 p95=  285.39 p99=  321.74 rps=  60.53
window 1m
  calc.additional.maxViewersSummary             n= 4057 err=   0 errRate=  0.00% avg=  285.12 min=   52.87 max=  797.98 p50=  293.92 p95=  485.89 p99=  581.32 rps=  67.62
  controller.AnalyticsController.maxViewersSummary n= 4058 err=   0 errRate=  0.00% avg=  285.67 min=   53.01 max=  798.20 p50=  294.37 p95=  486.93 p99=  581.62 rps=  67.63
  s2s.crud.fetchAllTickets                      n= 4057 err=   0 errRate=  0.00% avg=  140.28 min=   14.15 max=  514.96 p50=  121.19 p95=  282.36 p99=  319.79 rps=  67.62
  s2s.crud.fetchFilms                           n= 4050 err=   0 errRate=  0.00% avg=  144.73 min=   20.01 max=  521.01 p50=  121.80 p95=  291.84 p99=  340.36 rps=  67.50

2026-05-05T03:55:15.529Z  INFO 1 --- [lab8-additional-service] [   scheduling-1] r.h.l.a.o.ObservabilityService           : [lab8-additional-service] observability refresh
window 10s
  calc.additional.maxViewersSummary             n=  552 err=   0 errRate=  0.00% avg=  263.21 min=   91.49 max=  622.49 p50=  232.26 p95=  411.56 p99=  517.53 rps=  55.20
  controller.AnalyticsController.maxViewersSummary n=  552 err=   0 errRate=  0.00% avg=  263.48 min=   91.60 max=  622.64 p50=  232.60 p95=  411.86 p99=  517.69 rps=  55.20
  s2s.crud.fetchAllTickets                      n=  552 err=   0 errRate=  0.00% avg=  127.37 min=   14.02 max=  380.91 p50=  113.25 p95=  217.12 p99=  300.03 rps=  55.20
  s2s.crud.fetchFilms                           n=  551 err=   0 errRate=  0.00% avg=  135.71 min=   20.01 max=  498.91 p50=  118.27 p95=  227.47 p99=  307.94 rps=  55.10
window 30s
  calc.additional.maxViewersSummary             n= 1802 err=   0 errRate=  0.00% avg=  271.91 min=   52.87 max=  710.92 p50=  244.05 p95=  430.19 p99=  528.73 rps=  60.07
  controller.AnalyticsController.maxViewersSummary n= 1802 err=   0 errRate=  0.00% avg=  272.30 min=   53.01 max=  711.06 p50=  244.59 p95=  430.37 p99=  529.25 rps=  60.07
  s2s.crud.fetchAllTickets                      n= 1802 err=   0 errRate=  0.00% avg=  132.45 min=   14.02 max=  413.09 p50=  115.57 p95=  268.90 p99=  312.17 rps=  60.07
  s2s.crud.fetchFilms                           n= 1796 err=   0 errRate=  0.00% avg=  138.93 min=   20.01 max=  498.91 p50=  118.55 p95=  271.17 p99=  322.22 rps=  59.87
window 1m
  calc.additional.maxViewersSummary             n= 4041 err=   0 errRate=  0.00% avg=  284.54 min=   52.87 max=  797.98 p50=  293.80 p95=  485.61 p99=  581.94 rps=  67.35
  controller.AnalyticsController.maxViewersSummary n= 4041 err=   0 errRate=  0.00% avg=  285.04 min=   53.01 max=  798.20 p50=  294.09 p95=  486.32 p99=  582.08 rps=  67.35
  s2s.crud.fetchAllTickets                      n= 4041 err=   0 errRate=  0.00% avg=  139.84 min=   14.02 max=  514.96 p50=  120.68 p95=  282.42 p99=  320.03 rps=  67.35
  s2s.crud.fetchFilms                           n= 4032 err=   0 errRate=  0.00% avg=  144.30 min=   20.01 max=  521.01 p50=  121.52 p95=  291.83 p99=  341.75 rps=  67.20

2026-05-05T03:55:16.537Z  INFO 1 --- [lab8-additional-service] [   scheduling-1] r.h.l.a.o.ObservabilityService           : [lab8-additional-service] observability refresh
window 10s
  calc.additional.maxViewersSummary             n=  549 err=   0 errRate=  0.00% avg=  259.43 min=   47.66 max=  622.49 p50=  231.26 p95=  406.02 p99=  510.13 rps=  54.90
  controller.AnalyticsController.maxViewersSummary n=  549 err=   0 errRate=  0.00% avg=  259.70 min=   47.90 max=  622.64 p50=  231.45 p95=  406.16 p99=  510.27 rps=  54.90
  s2s.crud.fetchAllTickets                      n=  549 err=   0 errRate=  0.00% avg=  126.11 min=   14.02 max=  380.91 p50=  112.79 p95=  215.20 p99=  300.71 rps=  54.90
  s2s.crud.fetchFilms                           n=  550 err=   0 errRate=  0.00% avg=  133.48 min=   20.01 max=  498.91 p50=  118.67 p95=  223.23 p99=  304.73 rps=  55.00
window 30s
  calc.additional.maxViewersSummary             n= 1776 err=   0 errRate=  0.00% avg=  270.08 min=   47.66 max=  710.92 p50=  240.40 p95=  426.51 p99=  528.61 rps=  59.20
  controller.AnalyticsController.maxViewersSummary n= 1776 err=   0 errRate=  0.00% avg=  270.48 min=   47.90 max=  711.06 p50=  240.72 p95=  427.66 p99=  528.86 rps=  59.20
  s2s.crud.fetchAllTickets                      n= 1776 err=   0 errRate=  0.00% avg=  131.49 min=   14.02 max=  413.09 p50=  114.87 p95=  266.91 p99=  311.31 rps=  59.20
  s2s.crud.fetchFilms                           n= 1773 err=   0 errRate=  0.00% avg=  138.83 min=   20.01 max=  498.91 p50=  118.72 p95=  271.95 p99=  323.70 rps=  59.10
window 1m
  calc.additional.maxViewersSummary             n= 4025 err=   0 errRate=  0.00% avg=  283.10 min=   47.66 max=  797.98 p50=  292.72 p95=  483.39 p99=  582.08 rps=  67.08
  controller.AnalyticsController.maxViewersSummary n= 4025 err=   0 errRate=  0.00% avg=  283.60 min=   47.90 max=  798.20 p50=  293.17 p95=  483.68 p99=  582.20 rps=  67.08
  s2s.crud.fetchAllTickets                      n= 4025 err=   0 errRate=  0.00% avg=  139.12 min=   14.02 max=  514.96 p50=  119.99 p95=  282.40 p99=  319.97 rps=  67.08
  s2s.crud.fetchFilms                           n= 4022 err=   0 errRate=  0.00% avg=  143.74 min=   20.01 max=  521.01 p50=  121.46 p95=  290.64 p99=  332.06 rps=  67.03

2026-05-05T03:55:17.542Z  INFO 1 --- [lab8-additional-service] [   scheduling-1] r.h.l.a.o.ObservabilityService           : [lab8-additional-service] observability refresh
window 10s
  calc.additional.maxViewersSummary             n=  552 err=   0 errRate=  0.00% avg=  258.34 min=   47.66 max=  622.49 p50=  229.17 p95=  406.00 p99=  522.83 rps=  55.20
  controller.AnalyticsController.maxViewersSummary n=  552 err=   0 errRate=  0.00% avg=  258.61 min=   47.90 max=  622.64 p50=  229.51 p95=  406.13 p99=  522.98 rps=  55.20
  s2s.crud.fetchAllTickets                      n=  552 err=   0 errRate=  0.00% avg=  124.22 min=   14.02 max=  332.98 p50=  111.06 p95=  214.34 p99=  305.03 rps=  55.20
  s2s.crud.fetchFilms                           n=  550 err=   0 errRate=  0.00% avg=  133.83 min=   20.01 max=  498.91 p50=  118.40 p95=  223.23 p99=  304.73 rps=  55.00
window 30s
  calc.additional.maxViewersSummary             n= 1757 err=   0 errRate=  0.00% avg=  268.84 min=   47.66 max=  710.92 p50=  238.19 p95=  426.09 p99=  531.36 rps=  58.57
  controller.AnalyticsController.maxViewersSummary n= 1757 err=   0 errRate=  0.00% avg=  269.23 min=   47.90 max=  711.06 p50=  238.36 p95=  426.58 p99=  531.76 rps=  58.57
  s2s.crud.fetchAllTickets                      n= 1757 err=   0 errRate=  0.00% avg=  130.22 min=   14.02 max=  413.09 p50=  113.94 p95=  267.49 p99=  312.50 rps=  58.57
  s2s.crud.fetchFilms                           n= 1754 err=   0 errRate=  0.00% avg=  138.35 min=   20.01 max=  498.91 p50=  118.49 p95=  240.41 p99=  324.92 rps=  58.47
window 1m
  calc.additional.maxViewersSummary             n= 4009 err=   0 errRate=  0.00% avg=  281.84 min=   47.66 max=  785.12 p50=  291.70 p95=  478.59 p99=  580.54 rps=  66.82
  controller.AnalyticsController.maxViewersSummary n= 4010 err=   0 errRate=  0.00% avg=  282.32 min=   47.90 max=  785.25 p50=  292.06 p95=  478.79 p99=  580.66 rps=  66.83
  s2s.crud.fetchAllTickets                      n= 4009 err=   0 errRate=  0.00% avg=  138.39 min=   14.02 max=  514.96 p50=  119.19 p95=  282.15 p99=  316.61 rps=  66.82
  s2s.crud.fetchFilms                           n= 4001 err=   0 errRate=  0.00% avg=  143.33 min=   20.01 max=  498.91 p50=  121.29 p95=  289.70 p99=  331.52 rps=  66.68

2026-05-05T03:55:18.546Z  INFO 1 --- [lab8-additional-service] [   scheduling-1] r.h.l.a.o.ObservabilityService           : [lab8-additional-service] observability refresh
window 10s
  calc.additional.maxViewersSummary             n=  559 err=   0 errRate=  0.00% avg=  257.70 min=   47.66 max=  622.49 p50=  228.91 p95=  405.95 p99=  521.91 rps=  55.90
  controller.AnalyticsController.maxViewersSummary n=  559 err=   0 errRate=  0.00% avg=  257.98 min=   47.90 max=  622.64 p50=  229.06 p95=  406.07 p99=  522.07 rps=  55.90
  s2s.crud.fetchAllTickets                      n=  559 err=   0 errRate=  0.00% avg=  122.45 min=   14.02 max=  326.70 p50=  110.42 p95=  214.72 p99=  300.19 rps=  55.90
  s2s.crud.fetchFilms                           n=  557 err=   0 errRate=  0.00% avg=  135.09 min=   20.01 max=  498.91 p50=  118.43 p95=  223.76 p99=  307.42 rps=  55.70
window 30s
  calc.additional.maxViewersSummary             n= 1738 err=   0 errRate=  0.00% avg=  268.13 min=   47.66 max=  710.92 p50=  236.64 p95=  425.87 p99=  532.16 rps=  57.93
  controller.AnalyticsController.maxViewersSummary n= 1738 err=   0 errRate=  0.00% avg=  268.52 min=   47.90 max=  711.06 p50=  237.03 p95=  426.04 p99=  532.67 rps=  57.93
  s2s.crud.fetchAllTickets                      n= 1738 err=   0 errRate=  0.00% avg=  129.02 min=   14.02 max=  413.09 p50=  113.39 p95=  265.96 p99=  310.43 rps=  57.93
  s2s.crud.fetchFilms                           n= 1731 err=   0 errRate=  0.00% avg=  138.87 min=   20.01 max=  498.91 p50=  118.47 p95=  272.47 p99=  321.59 rps=  57.70
window 1m
  calc.additional.maxViewersSummary             n= 3996 err=   0 errRate=  0.00% avg=  281.11 min=   47.66 max=  785.12 p50=  290.98 p95=  475.87 p99=  580.96 rps=  66.60
  controller.AnalyticsController.maxViewersSummary n= 3996 err=   0 errRate=  0.00% avg=  281.60 min=   47.90 max=  785.25 p50=  291.36 p95=  476.07 p99=  581.13 rps=  66.60
  s2s.crud.fetchAllTickets                      n= 3996 err=   0 errRate=  0.00% avg=  137.79 min=   14.02 max=  514.96 p50=  118.86 p95=  281.77 p99=  316.51 rps=  66.60
  s2s.crud.fetchFilms                           n= 3990 err=   0 errRate=  0.00% avg=  143.09 min=   20.01 max=  498.91 p50=  121.16 p95=  289.53 p99=  331.59 rps=  66.50

2026-05-05T03:55:19.551Z  INFO 1 --- [lab8-additional-service] [   scheduling-1] r.h.l.a.o.ObservabilityService           : [lab8-additional-service] observability refresh
window 10s
  calc.additional.maxViewersSummary             n=  554 err=   0 errRate=  0.00% avg=  255.11 min=   47.66 max=  622.49 p50=  228.40 p95=  405.92 p99=  522.57 rps=  55.40
  controller.AnalyticsController.maxViewersSummary n=  554 err=   0 errRate=  0.00% avg=  255.37 min=   47.90 max=  622.64 p50=  228.53 p95=  406.04 p99=  522.72 rps=  55.40
  s2s.crud.fetchAllTickets                      n=  554 err=   0 errRate=  0.00% avg=  121.74 min=   14.02 max=  326.70 p50=  110.86 p95=  217.54 p99=  300.45 rps=  55.40
  s2s.crud.fetchFilms                           n=  550 err=   0 errRate=  0.00% avg=  134.35 min=   20.01 max=  498.91 p50=  118.16 p95=  221.88 p99=  307.46 rps=  55.00
window 30s
  calc.additional.maxViewersSummary             n= 1717 err=   0 errRate=  0.00% avg=  267.59 min=   47.66 max=  710.92 p50=  235.88 p95=  425.01 p99=  528.01 rps=  57.23
  controller.AnalyticsController.maxViewersSummary n= 1717 err=   0 errRate=  0.00% avg=  267.97 min=   47.90 max=  711.06 p50=  236.06 p95=  425.27 p99=  528.53 rps=  57.23
  s2s.crud.fetchAllTickets                      n= 1717 err=   0 errRate=  0.00% avg=  129.21 min=   14.02 max=  413.09 p50=  113.61 p95=  266.79 p99=  310.86 rps=  57.23
  s2s.crud.fetchFilms                           n= 1715 err=   0 errRate=  0.00% avg=  138.39 min=   20.01 max=  498.91 p50=  118.23 p95=  240.38 p99=  320.85 rps=  57.17
window 1m
  calc.additional.maxViewersSummary             n= 3975 err=   0 errRate=  0.00% avg=  280.52 min=   47.66 max=  785.12 p50=  290.72 p95=  471.59 p99=  577.22 rps=  66.25
  controller.AnalyticsController.maxViewersSummary n= 3975 err=   0 errRate=  0.00% avg=  281.00 min=   47.90 max=  785.25 p50=  291.04 p95=  471.80 p99=  577.40 rps=  66.25
  s2s.crud.fetchAllTickets                      n= 3975 err=   0 errRate=  0.00% avg=  137.58 min=   14.02 max=  514.96 p50=  118.85 p95=  281.64 p99=  316.15 rps=  66.25
  s2s.crud.fetchFilms                           n= 3974 err=   0 errRate=  0.00% avg=  142.95 min=   20.01 max=  498.91 p50=  121.09 p95=  289.40 p99=  331.70 rps=  66.23

2026-05-05T03:55:20.555Z  INFO 1 --- [lab8-additional-service] [   scheduling-1] r.h.l.a.o.ObservabilityService           : [lab8-additional-service] observability refresh
window 10s
  calc.additional.maxViewersSummary             n=  559 err=   0 errRate=  0.00% avg=  255.64 min=   47.66 max=  622.49 p50=  229.16 p95=  410.58 p99=  521.91 rps=  55.90
  controller.AnalyticsController.maxViewersSummary n=  559 err=   0 errRate=  0.00% avg=  255.92 min=   47.90 max=  622.64 p50=  229.44 p95=  410.77 p99=  522.07 rps=  55.90
  s2s.crud.fetchAllTickets                      n=  559 err=   0 errRate=  0.00% avg=  120.21 min=   14.02 max=  326.70 p50=  109.76 p95=  215.88 p99=  300.19 rps=  55.90
  s2s.crud.fetchFilms                           n=  557 err=   0 errRate=  0.00% avg=  135.64 min=   20.01 max=  498.91 p50=  118.37 p95=  223.29 p99=  308.38 rps=  55.70
window 30s
  calc.additional.maxViewersSummary             n= 1703 err=   0 errRate=  0.00% avg=  266.11 min=   47.66 max=  710.92 p50=  234.23 p95=  424.37 p99=  528.64 rps=  56.77
  controller.AnalyticsController.maxViewersSummary n= 1703 err=   0 errRate=  0.00% avg=  266.48 min=   47.90 max=  711.06 p50=  234.49 p95=  424.55 p99=  529.16 rps=  56.77
  s2s.crud.fetchAllTickets                      n= 1703 err=   0 errRate=  0.00% avg=  127.85 min=   14.02 max=  413.09 p50=  112.86 p95=  262.27 p99=  309.13 rps=  56.77
  s2s.crud.fetchFilms                           n= 1695 err=   0 errRate=  0.00% avg=  137.96 min=   20.01 max=  498.91 p50=  118.10 p95=  234.13 p99=  320.77 rps=  56.50
window 1m
  calc.additional.maxViewersSummary             n= 3968 err=   0 errRate=  0.00% avg=  279.71 min=   47.66 max=  785.12 p50=  290.04 p95=  448.55 p99=  577.57 rps=  66.13
  controller.AnalyticsController.maxViewersSummary n= 3968 err=   0 errRate=  0.00% avg=  280.18 min=   47.90 max=  785.25 p50=  290.37 p95=  449.40 p99=  577.75 rps=  66.13
  s2s.crud.fetchAllTickets                      n= 3968 err=   0 errRate=  0.00% avg=  136.72 min=   14.02 max=  514.96 p50=  118.04 p95=  280.62 p99=  314.73 rps=  66.13
  s2s.crud.fetchFilms                           n= 3960 err=   0 errRate=  0.00% avg=  142.91 min=   20.01 max=  498.91 p50=  120.90 p95=  289.51 p99=  330.18 rps=  66.00

2026-05-05T03:55:21.559Z  INFO 1 --- [lab8-additional-service] [   scheduling-1] r.h.l.a.o.ObservabilityService           : [lab8-additional-service] observability refresh
window 10s
  calc.additional.maxViewersSummary             n=  560 err=   0 errRate=  0.00% avg=  251.25 min=   47.66 max=  622.49 p50=  226.49 p95=  406.16 p99=  521.78 rps=  56.00
  controller.AnalyticsController.maxViewersSummary n=  560 err=   0 errRate=  0.00% avg=  251.53 min=   47.90 max=  622.64 p50=  227.08 p95=  406.28 p99=  521.94 rps=  56.00
  s2s.crud.fetchAllTickets                      n=  560 err=   0 errRate=  0.00% avg=  117.43 min=   14.02 max=  326.70 p50=  108.59 p95=  214.16 p99=  297.95 rps=  56.00
  s2s.crud.fetchFilms                           n=  556 err=   0 errRate=  0.00% avg=  133.47 min=   20.01 max=  498.91 p50=  116.44 p95=  222.02 p99=  308.39 rps=  55.60
window 30s
  calc.additional.maxViewersSummary             n= 1686 err=   0 errRate=  0.00% avg=  263.56 min=   47.66 max=  710.92 p50=  232.24 p95=  421.46 p99=  522.38 rps=  56.20
  controller.AnalyticsController.maxViewersSummary n= 1686 err=   0 errRate=  0.00% avg=  263.92 min=   47.90 max=  711.06 p50=  232.37 p95=  421.62 p99=  522.63 rps=  56.20
  s2s.crud.fetchAllTickets                      n= 1686 err=   0 errRate=  0.00% avg=  126.85 min=   14.02 max=  413.09 p50=  111.87 p95=  238.40 p99=  309.46 rps=  56.20
  s2s.crud.fetchFilms                           n= 1677 err=   0 errRate=  0.00% avg=  136.45 min=   20.01 max=  498.91 p50=  117.12 p95=  231.90 p99=  320.79 rps=  55.90
window 1m
  calc.additional.maxViewersSummary             n= 3952 err=   0 errRate=  0.00% avg=  278.05 min=   47.66 max=  785.12 p50=  287.01 p95=  436.79 p99=  556.57 rps=  65.87
  controller.AnalyticsController.maxViewersSummary n= 3952 err=   0 errRate=  0.00% avg=  278.52 min=   47.90 max=  785.25 p50=  287.36 p95=  437.30 p99=  557.02 rps=  65.87
  s2s.crud.fetchAllTickets                      n= 3952 err=   0 errRate=  0.00% avg=  135.96 min=   14.02 max=  514.96 p50=  117.46 p95=  278.98 p99=  313.22 rps=  65.87
  s2s.crud.fetchFilms                           n= 3950 err=   0 errRate=  0.00% avg=  141.84 min=   20.01 max=  498.91 p50=  120.30 p95=  287.95 p99=  323.95 rps=  65.83

2026-05-05T03:55:22.563Z  INFO 1 --- [lab8-additional-service] [   scheduling-1] r.h.l.a.o.ObservabilityService           : [lab8-additional-service] observability refresh
window 10s
  calc.additional.maxViewersSummary             n=  563 err=   0 errRate=  0.00% avg=  248.31 min=   47.66 max=  622.49 p50=  225.26 p95=  405.79 p99=  521.39 rps=  56.30
  controller.AnalyticsController.maxViewersSummary n=  563 err=   0 errRate=  0.00% avg=  248.60 min=   47.90 max=  622.64 p50=  225.52 p95=  405.97 p99=  521.55 rps=  56.30
  s2s.crud.fetchAllTickets                      n=  563 err=   0 errRate=  0.00% avg=  116.19 min=   14.02 max=  326.70 p50=  108.65 p95=  212.77 p99=  297.95 rps=  56.30
  s2s.crud.fetchFilms                           n=  561 err=   0 errRate=  0.00% avg=  132.72 min=   18.98 max=  498.91 p50=  115.97 p95=  221.61 p99=  308.32 rps=  56.10
window 30s
  calc.additional.maxViewersSummary             n= 1673 err=   0 errRate=  0.00% avg=  259.63 min=   47.66 max=  710.92 p50=  230.10 p95=  417.75 p99=  515.45 rps=  55.77
  controller.AnalyticsController.maxViewersSummary n= 1673 err=   0 errRate=  0.00% avg=  260.00 min=   47.90 max=  711.06 p50=  230.39 p95=  418.30 p99=  515.65 rps=  55.77
  s2s.crud.fetchAllTickets                      n= 1673 err=   0 errRate=  0.00% avg=  125.01 min=   14.02 max=  413.09 p50=  110.90 p95=  226.03 p99=  309.72 rps=  55.77
  s2s.crud.fetchFilms                           n= 1666 err=   0 errRate=  0.00% avg=  134.79 min=   18.98 max=  498.91 p50=  116.46 p95=  229.06 p99=  318.30 rps=  55.53
window 1m
  calc.additional.maxViewersSummary             n= 3943 err=   0 errRate=  0.00% avg=  276.61 min=   47.66 max=  785.12 p50=  284.29 p95=  435.43 p99=  537.08 rps=  65.72
  controller.AnalyticsController.maxViewersSummary n= 3943 err=   0 errRate=  0.00% avg=  277.08 min=   47.90 max=  785.25 p50=  284.73 p95=  435.57 p99=  537.60 rps=  65.72
  s2s.crud.fetchAllTickets                      n= 3943 err=   0 errRate=  0.00% avg=  135.24 min=   14.02 max=  514.96 p50=  116.87 p95=  277.84 p99=  312.24 rps=  65.72
  s2s.crud.fetchFilms                           n= 3939 err=   0 errRate=  0.00% avg=  141.12 min=   18.98 max=  498.91 p50=  119.79 p95=  286.69 p99=  321.51 rps=  65.65

2026-05-05T03:55:23.568Z  INFO 1 --- [lab8-additional-service] [   scheduling-1] r.h.l.a.o.ObservabilityService           : [lab8-additional-service] observability refresh
window 10s
  calc.additional.maxViewersSummary             n=  560 err=   0 errRate=  0.00% avg=  245.15 min=   47.66 max=  622.49 p50=  224.89 p95=  405.85 p99=  508.68 rps=  56.00
  controller.AnalyticsController.maxViewersSummary n=  560 err=   0 errRate=  0.00% avg=  245.45 min=   47.90 max=  622.64 p50=  225.18 p95=  406.01 p99=  508.82 rps=  56.00
  s2s.crud.fetchAllTickets                      n=  560 err=   0 errRate=  0.00% avg=  114.04 min=   14.02 max=  326.70 p50=  108.30 p95=  208.04 p99=  294.27 rps=  56.00
  s2s.crud.fetchFilms                           n=  563 err=   0 errRate=  0.00% avg=  130.74 min=   18.98 max=  498.91 p50=  115.39 p95=  219.05 p99=  308.29 rps=  56.30
window 30s
  calc.additional.maxViewersSummary             n= 1653 err=   0 errRate=  0.00% avg=  258.08 min=   47.66 max=  710.92 p50=  228.89 p95=  417.27 p99=  515.72 rps=  55.10
  controller.AnalyticsController.maxViewersSummary n= 1653 err=   0 errRate=  0.00% avg=  258.45 min=   47.90 max=  711.06 p50=  229.17 p95=  417.51 p99=  515.91 rps=  55.10
  s2s.crud.fetchAllTickets                      n= 1653 err=   0 errRate=  0.00% avg=  123.68 min=   14.02 max=  413.09 p50=  110.38 p95=  222.33 p99=  307.08 rps=  55.10
  s2s.crud.fetchFilms                           n= 1646 err=   0 errRate=  0.00% avg=  134.30 min=   18.98 max=  498.91 p50=  116.08 p95=  228.40 p99=  317.00 rps=  54.87
window 1m
  calc.additional.maxViewersSummary             n= 3916 err=   0 errRate=  0.00% avg=  275.59 min=   47.66 max=  785.12 p50=  281.49 p95=  434.54 p99=  533.66 rps=  65.27
  controller.AnalyticsController.maxViewersSummary n= 3916 err=   0 errRate=  0.00% avg=  276.05 min=   47.90 max=  785.25 p50=  281.77 p95=  435.18 p99=  534.29 rps=  65.27
  s2s.crud.fetchAllTickets                      n= 3916 err=   0 errRate=  0.00% avg=  134.89 min=   14.02 max=  514.96 p50=  116.57 p95=  277.47 p99=  312.27 rps=  65.27
  s2s.crud.fetchFilms                           n= 3916 err=   0 errRate=  0.00% avg=  140.67 min=   18.98 max=  498.91 p50=  119.48 p95=  285.39 p99=  320.68 rps=  65.27

2026-05-05T03:55:24.572Z  INFO 1 --- [lab8-additional-service] [   scheduling-1] r.h.l.a.o.ObservabilityService           : [lab8-additional-service] observability refresh
window 10s
  calc.additional.maxViewersSummary             n=  572 err=   0 errRate=  0.00% avg=  239.17 min=   47.66 max=  593.21 p50=  224.12 p95=  402.16 p99=  431.05 rps=  57.20
  controller.AnalyticsController.maxViewersSummary n=  572 err=   0 errRate=  0.00% avg=  239.46 min=   47.90 max=  593.39 p50=  224.47 p95=  402.30 p99=  431.24 rps=  57.20
  s2s.crud.fetchAllTickets                      n=  572 err=   0 errRate=  0.00% avg=  112.25 min=   14.02 max=  326.70 p50=  107.72 p95=  205.63 p99=  294.61 rps=  57.20
  s2s.crud.fetchFilms                           n=  574 err=   0 errRate=  0.00% avg=  127.43 min=   18.98 max=  399.77 p50=  114.23 p95=  213.73 p99=  302.93 rps=  57.40
window 30s
  calc.additional.maxViewersSummary             n= 1653 err=   0 errRate=  0.00% avg=  257.41 min=   47.66 max=  710.92 p50=  228.73 p95=  416.89 p99=  515.72 rps=  55.10
  controller.AnalyticsController.maxViewersSummary n= 1653 err=   0 errRate=  0.00% avg=  257.76 min=   47.90 max=  711.06 p50=  229.01 p95=  417.29 p99=  515.91 rps=  55.10
  s2s.crud.fetchAllTickets                      n= 1653 err=   0 errRate=  0.00% avg=  123.61 min=   14.02 max=  413.09 p50=  110.63 p95=  221.83 p99=  303.88 rps=  55.10
  s2s.crud.fetchFilms                           n= 1656 err=   0 errRate=  0.00% avg=  134.02 min=   18.98 max=  498.91 p50=  116.06 p95=  227.00 p99=  316.79 rps=  55.20
window 1m
  calc.additional.maxViewersSummary             n= 3904 err=   0 errRate=  0.00% avg=  274.78 min=   47.66 max=  785.12 p50=  279.11 p95=  433.66 p99=  533.17 rps=  65.07
  controller.AnalyticsController.maxViewersSummary n= 3904 err=   0 errRate=  0.00% avg=  275.24 min=   47.90 max=  785.25 p50=  280.19 p95=  433.89 p99=  533.31 rps=  65.07
  s2s.crud.fetchAllTickets                      n= 3904 err=   0 errRate=  0.00% avg=  134.55 min=   14.02 max=  514.96 p50=  116.24 p95=  275.73 p99=  312.28 rps=  65.07
  s2s.crud.fetchFilms                           n= 3904 err=   0 errRate=  0.00% avg=  140.13 min=   18.98 max=  498.91 p50=  119.16 p95=  276.25 p99=  320.16 rps=  65.07

2026-05-05T03:55:25.576Z  INFO 1 --- [lab8-additional-service] [   scheduling-1] r.h.l.a.o.ObservabilityService           : [lab8-additional-service] observability refresh
window 10s
  calc.additional.maxViewersSummary             n=  584 err=   0 errRate=  0.00% avg=  241.54 min=   47.66 max=  593.21 p50=  224.59 p95=  402.72 p99=  431.65 rps=  58.40
  controller.AnalyticsController.maxViewersSummary n=  584 err=   0 errRate=  0.00% avg=  241.84 min=   47.90 max=  593.39 p50=  224.96 p95=  402.88 p99=  431.78 rps=  58.40
  s2s.crud.fetchAllTickets                      n=  584 err=   0 errRate=  0.00% avg=  114.66 min=   14.19 max=  387.37 p50=  108.24 p95=  207.42 p99=  294.59 rps=  58.40
  s2s.crud.fetchFilms                           n=  586 err=   0 errRate=  0.00% avg=  126.90 min=   18.98 max=  399.77 p50=  114.17 p95=  213.89 p99=  299.35 rps=  58.60
window 30s
  calc.additional.maxViewersSummary             n= 1674 err=   0 errRate=  0.00% avg=  257.50 min=   47.66 max=  710.92 p50=  228.76 p95=  416.07 p99=  512.64 rps=  55.80
  controller.AnalyticsController.maxViewersSummary n= 1674 err=   0 errRate=  0.00% avg=  257.85 min=   47.90 max=  711.06 p50=  229.02 p95=  416.19 p99=  512.77 rps=  55.80
  s2s.crud.fetchAllTickets                      n= 1674 err=   0 errRate=  0.00% avg=  123.73 min=   14.02 max=  413.09 p50=  110.66 p95=  221.04 p99=  302.44 rps=  55.80
  s2s.crud.fetchFilms                           n= 1675 err=   0 errRate=  0.00% avg=  133.42 min=   18.98 max=  498.91 p50=  115.80 p95=  226.64 p99=  313.99 rps=  55.83
window 1m
  calc.additional.maxViewersSummary             n= 3905 err=   0 errRate=  0.00% avg=  273.82 min=   47.66 max=  785.12 p50=  274.82 p95=  432.74 p99=  533.13 rps=  65.08
  controller.AnalyticsController.maxViewersSummary n= 3905 err=   0 errRate=  0.00% avg=  274.27 min=   47.90 max=  785.25 p50=  276.39 p95=  433.23 p99=  533.28 rps=  65.08
  s2s.crud.fetchAllTickets                      n= 3905 err=   0 errRate=  0.00% avg=  134.29 min=   14.02 max=  514.96 p50=  115.98 p95=  274.88 p99=  312.89 rps=  65.08
  s2s.crud.fetchFilms                           n= 3904 err=   0 errRate=  0.00% avg=  139.19 min=   18.98 max=  498.91 p50=  118.81 p95=  244.11 p99=  318.58 rps=  65.07

2026-05-05T03:55:26.583Z  INFO 1 --- [lab8-additional-service] [   scheduling-1] r.h.l.a.o.ObservabilityService           : [lab8-additional-service] observability refresh
window 10s
  calc.additional.maxViewersSummary             n=  581 err=   0 errRate=  0.00% avg=  244.30 min=   64.19 max=  593.21 p50=  225.26 p95=  405.93 p99=  490.30 rps=  58.10
  controller.AnalyticsController.maxViewersSummary n=  581 err=   0 errRate=  0.00% avg=  244.60 min=   64.33 max=  593.39 p50=  225.53 p95=  407.39 p99=  490.45 rps=  58.10
  s2s.crud.fetchAllTickets                      n=  581 err=   0 errRate=  0.00% avg=  115.85 min=   14.19 max=  387.37 p50=  108.28 p95=  210.11 p99=  295.39 rps=  58.10
  s2s.crud.fetchFilms                           n=  576 err=   0 errRate=  0.00% avg=  127.80 min=   18.98 max=  399.77 p50=  113.86 p95=  215.11 p99=  307.23 rps=  57.60
window 30s
  calc.additional.maxViewersSummary             n= 1666 err=   0 errRate=  0.00% avg=  256.83 min=   47.66 max=  710.92 p50=  228.42 p95=  416.37 p99=  513.05 rps=  55.53
  controller.AnalyticsController.maxViewersSummary n= 1666 err=   0 errRate=  0.00% avg=  257.18 min=   47.90 max=  711.06 p50=  228.66 p95=  416.63 p99=  513.18 rps=  55.53
  s2s.crud.fetchAllTickets                      n= 1666 err=   0 errRate=  0.00% avg=  123.58 min=   14.02 max=  413.09 p50=  110.40 p95=  221.23 p99=  303.70 rps=  55.53
  s2s.crud.fetchFilms                           n= 1666 err=   0 errRate=  0.00% avg=  133.24 min=   18.98 max=  498.91 p50=  115.84 p95=  226.66 p99=  313.99 rps=  55.53
window 1m
  calc.additional.maxViewersSummary             n= 3886 err=   0 errRate=  0.00% avg=  272.57 min=   47.66 max=  785.12 p50=  263.48 p95=  431.12 p99=  530.06 rps=  64.77
  controller.AnalyticsController.maxViewersSummary n= 3886 err=   0 errRate=  0.00% avg=  273.03 min=   47.90 max=  785.25 p50=  267.06 p95=  431.31 p99=  530.21 rps=  64.77
  s2s.crud.fetchAllTickets                      n= 3886 err=   0 errRate=  0.00% avg=  133.44 min=   14.02 max=  514.96 p50=  115.61 p95=  273.49 p99=  311.77 rps=  64.77
  s2s.crud.fetchFilms                           n= 3878 err=   0 errRate=  0.00% avg=  139.11 min=   18.98 max=  498.91 p50=  118.76 p95=  240.79 p99=  317.29 rps=  64.63

2026-05-05T03:55:27.590Z  INFO 1 --- [lab8-additional-service] [   scheduling-1] r.h.l.a.o.ObservabilityService           : [lab8-additional-service] observability refresh
window 10s
  calc.additional.maxViewersSummary             n=  579 err=   0 errRate=  0.00% avg=  243.48 min=   64.19 max=  511.11 p50=  225.97 p95=  405.87 p99=  487.68 rps=  57.90
  controller.AnalyticsController.maxViewersSummary n=  579 err=   0 errRate=  0.00% avg=  243.78 min=   64.33 max=  511.24 p50=  226.12 p95=  406.18 p99=  487.83 rps=  57.90
  s2s.crud.fetchAllTickets                      n=  579 err=   0 errRate=  0.00% avg=  115.65 min=   13.67 max=  387.37 p50=  107.58 p95=  210.16 p99=  294.37 rps=  57.90
  s2s.crud.fetchFilms                           n=  581 err=   0 errRate=  0.00% avg=  127.90 min=   18.98 max=  410.87 p50=  114.17 p95=  217.32 p99=  307.19 rps=  58.10
window 30s
  calc.additional.maxViewersSummary             n= 1681 err=   0 errRate=  0.00% avg=  256.15 min=   47.66 max=  710.92 p50=  228.24 p95=  416.03 p99=  512.27 rps=  56.03
  controller.AnalyticsController.maxViewersSummary n= 1681 err=   0 errRate=  0.00% avg=  256.48 min=   47.90 max=  711.06 p50=  228.50 p95=  416.14 p99=  512.40 rps=  56.03
  s2s.crud.fetchAllTickets                      n= 1681 err=   0 errRate=  0.00% avg=  123.08 min=   13.67 max=  413.09 p50=  110.24 p95=  221.24 p99=  300.23 rps=  56.03
  s2s.crud.fetchFilms                           n= 1676 err=   0 errRate=  0.00% avg=  132.78 min=   18.98 max=  498.91 p50=  115.80 p95=  226.43 p99=  314.10 rps=  55.87
window 1m
  calc.additional.maxViewersSummary             n= 3865 err=   0 errRate=  0.00% avg=  272.41 min=   47.66 max=  785.12 p50=  254.42 p95=  431.36 p99=  530.86 rps=  64.42
  controller.AnalyticsController.maxViewersSummary n= 3865 err=   0 errRate=  0.00% avg=  272.86 min=   47.90 max=  785.25 p50=  260.28 p95=  431.52 p99=  531.01 rps=  64.42
  s2s.crud.fetchAllTickets                      n= 3865 err=   0 errRate=  0.00% avg=  133.39 min=   13.67 max=  514.96 p50=  115.49 p95=  273.75 p99=  311.87 rps=  64.42
  s2s.crud.fetchFilms                           n= 3859 err=   0 errRate=  0.00% avg=  138.72 min=   18.98 max=  498.91 p50=  118.71 p95=  240.44 p99=  318.22 rps=  64.32

2026-05-05T03:55:28.595Z  INFO 1 --- [lab8-additional-service] [   scheduling-1] r.h.l.a.o.ObservabilityService           : [lab8-additional-service] observability refresh
window 10s
  calc.additional.maxViewersSummary             n=  577 err=   0 errRate=  0.00% avg=  240.85 min=   64.19 max=  511.11 p50=  224.94 p95=  402.14 p99=  448.18 rps=  57.70
  controller.AnalyticsController.maxViewersSummary n=  577 err=   0 errRate=  0.00% avg=  241.15 min=   64.33 max=  511.24 p50=  225.26 p95=  402.38 p99=  448.34 rps=  57.70
  s2s.crud.fetchAllTickets                      n=  577 err=   0 errRate=  0.00% avg=  117.06 min=   13.67 max=  387.37 p50=  106.94 p95=  213.34 p99=  294.38 rps=  57.70
  s2s.crud.fetchFilms                           n=  580 err=   0 errRate=  0.00% avg=  123.57 min=   18.98 max=  410.87 p50=  112.66 p95=  213.98 p99=  294.23 rps=  58.00
window 30s
  calc.additional.maxViewersSummary             n= 1683 err=   0 errRate=  0.00% avg=  253.71 min=   47.66 max=  710.92 p50=  227.01 p95=  413.04 p99=  512.17 rps=  56.10
  controller.AnalyticsController.maxViewersSummary n= 1683 err=   0 errRate=  0.00% avg=  254.03 min=   47.90 max=  711.06 p50=  227.41 p95=  413.35 p99=  512.29 rps=  56.10
  s2s.crud.fetchAllTickets                      n= 1683 err=   0 errRate=  0.00% avg=  122.09 min=   13.67 max=  413.09 p50=  109.29 p95=  218.88 p99=  298.32 rps=  56.10
  s2s.crud.fetchFilms                           n= 1682 err=   0 errRate=  0.00% avg=  131.37 min=   18.98 max=  498.91 p50=  115.33 p95=  224.60 p99=  314.07 rps=  56.07
window 1m
  calc.additional.maxViewersSummary             n= 3849 err=   0 errRate=  0.00% avg=  270.62 min=   47.66 max=  785.12 p50=  242.90 p95=  427.86 p99=  526.52 rps=  64.15
  controller.AnalyticsController.maxViewersSummary n= 3849 err=   0 errRate=  0.00% avg=  271.07 min=   47.90 max=  785.25 p50=  243.56 p95=  428.60 p99=  526.70 rps=  64.15
  s2s.crud.fetchAllTickets                      n= 3849 err=   0 errRate=  0.00% avg=  132.68 min=   13.67 max=  500.06 p50=  115.09 p95=  273.29 p99=  310.70 rps=  64.15
  s2s.crud.fetchFilms                           n= 3846 err=   0 errRate=  0.00% avg=  137.81 min=   18.98 max=  498.91 p50=  118.25 p95=  236.00 p99=  317.56 rps=  64.10

2026-05-05T03:55:29.601Z  INFO 1 --- [lab8-additional-service] [   scheduling-1] r.h.l.a.o.ObservabilityService           : [lab8-additional-service] observability refresh
window 10s
  calc.additional.maxViewersSummary             n=  566 err=   0 errRate=  0.00% avg=  246.10 min=   64.19 max=  605.58 p50=  225.19 p95=  416.59 p99=  508.64 rps=  56.60
  controller.AnalyticsController.maxViewersSummary n=  566 err=   0 errRate=  0.00% avg=  246.39 min=   64.33 max=  605.73 p50=  225.40 p95=  416.94 p99=  508.81 rps=  56.60
  s2s.crud.fetchAllTickets                      n=  566 err=   0 errRate=  0.00% avg=  119.92 min=   13.67 max=  399.62 p50=  106.70 p95=  225.49 p99=  307.23 rps=  56.60
  s2s.crud.fetchFilms                           n=  568 err=   0 errRate=  0.00% avg=  125.54 min=   18.98 max=  410.87 p50=  112.37 p95=  220.19 p99=  309.60 rps=  56.80
window 30s
  calc.additional.maxViewersSummary             n= 1683 err=   0 errRate=  0.00% avg=  253.12 min=   47.66 max=  622.49 p50=  226.87 p95=  413.04 p99=  508.16 rps=  56.10
  controller.AnalyticsController.maxViewersSummary n= 1683 err=   0 errRate=  0.00% avg=  253.44 min=   47.90 max=  622.64 p50=  227.26 p95=  413.35 p99=  508.33 rps=  56.10
  s2s.crud.fetchAllTickets                      n= 1683 err=   0 errRate=  0.00% avg=  122.48 min=   13.67 max=  399.62 p50=  109.56 p95=  221.24 p99=  300.19 rps=  56.10
  s2s.crud.fetchFilms                           n= 1689 err=   0 errRate=  0.00% avg=  130.64 min=   18.98 max=  498.91 p50=  115.32 p95=  223.24 p99=  308.79 rps=  56.30
window 1m
  calc.additional.maxViewersSummary             n= 3821 err=   0 errRate=  0.00% avg=  269.91 min=   47.66 max=  785.12 p50=  240.87 p95=  426.15 p99=  524.15 rps=  63.68
  controller.AnalyticsController.maxViewersSummary n= 3821 err=   0 errRate=  0.00% avg=  270.35 min=   47.90 max=  785.25 p50=  241.56 p95=  426.39 p99=  524.67 rps=  63.68
  s2s.crud.fetchAllTickets                      n= 3821 err=   0 errRate=  0.00% avg=  132.30 min=   13.67 max=  416.52 p50=  114.91 p95=  271.75 p99=  308.95 rps=  63.68
  s2s.crud.fetchFilms                           n= 3824 err=   0 errRate=  0.00% avg=  137.52 min=   18.98 max=  498.91 p50=  118.00 p95=  234.94 p99=  317.06 rps=  63.73

2026-05-05T03:55:30.609Z  INFO 1 --- [lab8-additional-service] [   scheduling-1] r.h.l.a.o.ObservabilityService           : [lab8-additional-service] observability refresh
window 10s
  calc.additional.maxViewersSummary             n=  568 err=   0 errRate=  0.00% avg=  245.62 min=   64.19 max=  605.58 p50=  224.88 p95=  415.37 p99=  508.59 rps=  56.80
  controller.AnalyticsController.maxViewersSummary n=  568 err=   0 errRate=  0.00% avg=  245.89 min=   64.33 max=  605.73 p50=  225.14 p95=  415.71 p99=  508.75 rps=  56.80
  s2s.crud.fetchAllTickets                      n=  568 err=   0 errRate=  0.00% avg=  122.05 min=   13.67 max=  399.62 p50=  108.53 p95=  229.20 p99=  310.03 rps=  56.80
  s2s.crud.fetchFilms                           n=  569 err=   0 errRate=  0.00% avg=  123.06 min=   18.98 max=  410.87 p50=  112.16 p95=  218.26 p99=  304.23 rps=  56.90
window 30s
  calc.additional.maxViewersSummary             n= 1689 err=   0 errRate=  0.00% avg=  253.86 min=   47.66 max=  622.49 p50=  227.49 p95=  412.98 p99=  507.99 rps=  56.30
  controller.AnalyticsController.maxViewersSummary n= 1690 err=   0 errRate=  0.00% avg=  254.12 min=   47.90 max=  622.64 p50=  227.91 p95=  413.29 p99=  508.13 rps=  56.33
  s2s.crud.fetchAllTickets                      n= 1689 err=   0 errRate=  0.00% avg=  123.14 min=   13.67 max=  399.62 p50=  110.24 p95=  219.83 p99=  302.28 rps=  56.30
  s2s.crud.fetchFilms                           n= 1685 err=   0 errRate=  0.00% avg=  130.71 min=   18.98 max=  498.91 p50=  115.46 p95=  223.25 p99=  308.81 rps=  56.17
window 1m
  calc.additional.maxViewersSummary             n= 3806 err=   0 errRate=  0.00% avg=  270.14 min=   47.66 max=  785.12 p50=  240.96 p95=  426.21 p99=  524.18 rps=  63.43
  controller.AnalyticsController.maxViewersSummary n= 3806 err=   0 errRate=  0.00% avg=  270.56 min=   47.90 max=  785.25 p50=  241.43 p95=  426.76 p99=  524.71 rps=  63.43
  s2s.crud.fetchAllTickets                      n= 3806 err=   0 errRate=  0.00% avg=  132.49 min=   13.67 max=  416.52 p50=  114.93 p95=  272.44 p99=  310.54 rps=  63.43
  s2s.crud.fetchFilms                           n= 3802 err=   0 errRate=  0.00% avg=  137.48 min=   18.98 max=  498.91 p50=  117.82 p95=  235.16 p99=  317.09 rps=  63.37

2026-05-05T03:55:31.618Z  INFO 1 --- [lab8-additional-service] [   scheduling-1] r.h.l.a.o.ObservabilityService           : [lab8-additional-service] observability refresh
window 10s
  calc.additional.maxViewersSummary             n=  571 err=   0 errRate=  0.00% avg=  249.65 min=   94.64 max=  605.58 p50=  226.98 p95=  414.77 p99=  508.50 rps=  57.10
  controller.AnalyticsController.maxViewersSummary n=  571 err=   0 errRate=  0.00% avg=  249.93 min=   94.83 max=  605.73 p50=  227.26 p95=  415.08 p99=  508.67 rps=  57.10
  s2s.crud.fetchAllTickets                      n=  571 err=   0 errRate=  0.00% avg=  124.88 min=   13.67 max=  399.62 p50=  109.56 p95=  249.71 p99=  309.83 rps=  57.10
  s2s.crud.fetchFilms                           n=  572 err=   0 errRate=  0.00% avg=  124.89 min=   18.98 max=  410.87 p50=  113.38 p95=  218.42 p99=  304.09 rps=  57.20
window 30s
  calc.additional.maxViewersSummary             n= 1688 err=   0 errRate=  0.00% avg=  253.50 min=   47.66 max=  622.49 p50=  227.91 p95=  412.03 p99=  508.02 rps=  56.27
  controller.AnalyticsController.maxViewersSummary n= 1688 err=   0 errRate=  0.00% avg=  253.82 min=   47.90 max=  622.64 p50=  228.20 p95=  412.29 p99=  508.19 rps=  56.27
  s2s.crud.fetchAllTickets                      n= 1688 err=   0 errRate=  0.00% avg=  122.80 min=   13.67 max=  399.62 p50=  109.91 p95=  220.23 p99=  300.56 rps=  56.27
  s2s.crud.fetchFilms                           n= 1690 err=   0 errRate=  0.00% avg=  130.43 min=   18.98 max=  498.91 p50=  115.38 p95=  222.67 p99=  307.86 rps=  56.33
window 1m
  calc.additional.maxViewersSummary             n= 3792 err=   0 errRate=  0.00% avg=  269.70 min=   47.66 max=  785.12 p50=  240.52 p95=  425.96 p99=  524.36 rps=  63.20
  controller.AnalyticsController.maxViewersSummary n= 3792 err=   0 errRate=  0.00% avg=  270.12 min=   47.90 max=  785.25 p50=  240.83 p95=  426.33 p99=  524.87 rps=  63.20
  s2s.crud.fetchAllTickets                      n= 3792 err=   0 errRate=  0.00% avg=  132.38 min=   13.67 max=  416.52 p50=  114.92 p95=  273.27 p99=  310.63 rps=  63.20
  s2s.crud.fetchFilms                           n= 3791 err=   0 errRate=  0.00% avg=  137.17 min=   18.98 max=  498.91 p50=  117.75 p95=  234.91 p99=  317.18 rps=  63.18

2026-05-05T03:55:32.626Z  INFO 1 --- [lab8-additional-service] [   scheduling-1] r.h.l.a.o.ObservabilityService           : [lab8-additional-service] observability refresh
window 10s
  calc.additional.maxViewersSummary             n=  574 err=   0 errRate=  0.00% avg=  250.77 min=   54.57 max=  605.58 p50=  227.67 p95=  417.27 p99=  510.66 rps=  57.40
  controller.AnalyticsController.maxViewersSummary n=  574 err=   0 errRate=  0.00% avg=  251.04 min=   54.69 max=  605.73 p50=  227.86 p95=  417.43 p99=  510.81 rps=  57.40
  s2s.crud.fetchAllTickets                      n=  574 err=   0 errRate=  0.00% avg=  123.95 min=   13.67 max=  399.62 p50=  108.29 p95=  265.05 p99=  309.62 rps=  57.40
  s2s.crud.fetchFilms                           n=  572 err=   0 errRate=  0.00% avg=  126.58 min=   19.68 max=  410.87 p50=  113.78 p95=  226.40 p99=  314.12 rps=  57.20
window 30s
  calc.additional.maxViewersSummary             n= 1691 err=   0 errRate=  0.00% avg=  252.44 min=   47.66 max=  622.49 p50=  227.25 p95=  412.81 p99=  510.56 rps=  56.37
  controller.AnalyticsController.maxViewersSummary n= 1691 err=   0 errRate=  0.00% avg=  252.73 min=   47.90 max=  622.64 p50=  227.56 p95=  413.08 p99=  510.71 rps=  56.37
  s2s.crud.fetchAllTickets                      n= 1691 err=   0 errRate=  0.00% avg=  122.00 min=   13.67 max=  399.62 p50=  109.55 p95=  219.22 p99=  300.51 rps=  56.37
  s2s.crud.fetchFilms                           n= 1690 err=   0 errRate=  0.00% avg=  130.27 min=   18.98 max=  498.91 p50=  115.26 p95=  223.58 p99=  310.83 rps=  56.33
window 1m
  calc.additional.maxViewersSummary             n= 3779 err=   0 errRate=  0.00% avg=  268.06 min=   47.66 max=  785.12 p50=  237.53 p95=  425.20 p99=  523.98 rps=  62.98
  controller.AnalyticsController.maxViewersSummary n= 3779 err=   0 errRate=  0.00% avg=  268.48 min=   47.90 max=  785.25 p50=  238.00 p95=  425.78 p99=  524.47 rps=  62.98
  s2s.crud.fetchAllTickets                      n= 3779 err=   0 errRate=  0.00% avg=  131.23 min=   13.67 max=  416.52 p50=  114.28 p95=  269.37 p99=  308.34 rps=  62.98
  s2s.crud.fetchFilms                           n= 3776 err=   0 errRate=  0.00% avg=  136.56 min=   18.98 max=  498.91 p50=  117.28 p95=  235.00 p99=  317.30 rps=  62.93

2026-05-05T03:55:33.631Z  INFO 1 --- [lab8-additional-service] [   scheduling-1] r.h.l.a.o.ObservabilityService           : [lab8-additional-service] observability refresh
window 10s
  calc.additional.maxViewersSummary             n=  578 err=   0 errRate=  0.00% avg=  252.08 min=   54.57 max=  605.58 p50=  228.54 p95=  417.12 p99=  510.64 rps=  57.80
  controller.AnalyticsController.maxViewersSummary n=  578 err=   0 errRate=  0.00% avg=  252.35 min=   54.69 max=  605.73 p50=  228.88 p95=  417.43 p99=  510.79 rps=  57.80
  s2s.crud.fetchAllTickets                      n=  578 err=   0 errRate=  0.00% avg=  124.83 min=   13.67 max=  399.62 p50=  108.56 p95=  262.99 p99=  309.35 rps=  57.80
  s2s.crud.fetchFilms                           n=  580 err=   0 errRate=  0.00% avg=  126.52 min=   19.68 max=  410.87 p50=  113.56 p95=  225.82 p99=  314.08 rps=  58.00
window 30s
  calc.additional.maxViewersSummary             n= 1697 err=   0 errRate=  0.00% avg=  252.48 min=   47.66 max=  622.49 p50=  227.52 p95=  412.71 p99=  510.52 rps=  56.57
  controller.AnalyticsController.maxViewersSummary n= 1697 err=   0 errRate=  0.00% avg=  252.75 min=   47.90 max=  622.64 p50=  227.82 p95=  412.86 p99=  510.67 rps=  56.57
  s2s.crud.fetchAllTickets                      n= 1697 err=   0 errRate=  0.00% avg=  121.90 min=   13.67 max=  399.62 p50=  109.54 p95=  218.86 p99=  300.40 rps=  56.57
  s2s.crud.fetchFilms                           n= 1700 err=   0 errRate=  0.00% avg=  130.36 min=   18.98 max=  498.91 p50=  115.33 p95=  223.54 p99=  310.55 rps=  56.67
window 1m
  calc.additional.maxViewersSummary             n= 3764 err=   0 errRate=  0.00% avg=  267.27 min=   47.66 max=  785.12 p50=  237.16 p95=  424.93 p99=  522.16 rps=  62.73
  controller.AnalyticsController.maxViewersSummary n= 3764 err=   0 errRate=  0.00% avg=  267.69 min=   47.90 max=  785.25 p50=  237.42 p95=  425.36 p99=  522.75 rps=  62.73
  s2s.crud.fetchAllTickets                      n= 3764 err=   0 errRate=  0.00% avg=  130.70 min=   13.67 max=  416.52 p50=  114.04 p95=  268.45 p99=  308.05 rps=  62.73
  s2s.crud.fetchFilms                           n= 3761 err=   0 errRate=  0.00% avg=  136.29 min=   18.98 max=  498.91 p50=  117.16 p95=  234.95 p99=  317.43 rps=  62.68

2026-05-05T03:55:34.638Z  INFO 1 --- [lab8-additional-service] [   scheduling-1] r.h.l.a.o.ObservabilityService           : [lab8-additional-service] observability refresh
window 10s
  calc.additional.maxViewersSummary             n=  578 err=   0 errRate=  0.00% avg=  252.03 min=   54.57 max=  605.58 p50=  228.54 p95=  416.55 p99=  510.64 rps=  57.80
  controller.AnalyticsController.maxViewersSummary n=  578 err=   0 errRate=  0.00% avg=  252.30 min=   54.69 max=  605.73 p50=  228.88 p95=  416.79 p99=  510.79 rps=  57.80
  s2s.crud.fetchAllTickets                      n=  578 err=   0 errRate=  0.00% avg=  126.16 min=   13.67 max=  399.62 p50=  110.10 p95=  261.77 p99=  309.35 rps=  57.80
  s2s.crud.fetchFilms                           n=  577 err=   0 errRate=  0.00% avg=  125.19 min=   19.68 max=  410.87 p50=  113.62 p95=  226.04 p99=  313.61 rps=  57.70
window 30s
  calc.additional.maxViewersSummary             n= 1705 err=   0 errRate=  0.00% avg=  251.11 min=   47.66 max=  622.49 p50=  227.50 p95=  409.96 p99=  506.95 rps=  56.83
  controller.AnalyticsController.maxViewersSummary n= 1705 err=   0 errRate=  0.00% avg=  251.39 min=   47.90 max=  622.64 p50=  227.67 p95=  410.23 p99=  507.07 rps=  56.83
  s2s.crud.fetchAllTickets                      n= 1705 err=   0 errRate=  0.00% avg=  121.95 min=   13.67 max=  399.62 p50=  109.70 p95=  219.35 p99=  300.30 rps=  56.83
  s2s.crud.fetchFilms                           n= 1706 err=   0 errRate=  0.00% avg=  129.09 min=   18.98 max=  498.91 p50=  115.17 p95=  222.48 p99=  308.69 rps=  56.87
window 1m
  calc.additional.maxViewersSummary             n= 3750 err=   0 errRate=  0.00% avg=  266.07 min=   47.66 max=  785.12 p50=  236.33 p95=  423.07 p99=  522.41 rps=  62.50
  controller.AnalyticsController.maxViewersSummary n= 3750 err=   0 errRate=  0.00% avg=  266.48 min=   47.90 max=  785.25 p50=  236.56 p95=  423.68 p99=  522.98 rps=  62.50
  s2s.crud.fetchAllTickets                      n= 3750 err=   0 errRate=  0.00% avg=  130.53 min=   13.67 max=  416.52 p50=  114.12 p95=  268.35 p99=  308.06 rps=  62.50
  s2s.crud.fetchFilms                           n= 3743 err=   0 errRate=  0.00% avg=  135.35 min=   18.98 max=  498.91 p50=  116.85 p95=  233.22 p99=  317.03 rps=  62.38

2026-05-05T03:55:35.644Z  INFO 1 --- [lab8-additional-service] [   scheduling-1] r.h.l.a.o.ObservabilityService           : [lab8-additional-service] observability refresh
window 10s
  calc.additional.maxViewersSummary             n=  569 err=   0 errRate=  0.00% avg=  248.67 min=   54.57 max=  605.58 p50=  226.41 p95=  416.97 p99=  510.69 rps=  56.90
  controller.AnalyticsController.maxViewersSummary n=  569 err=   0 errRate=  0.00% avg=  248.92 min=   54.69 max=  605.73 p50=  226.65 p95=  417.34 p99=  510.84 rps=  56.90
  s2s.crud.fetchAllTickets                      n=  569 err=   0 errRate=  0.00% avg=  123.15 min=   13.67 max=  399.62 p50=  107.80 p95=  260.62 p99=  307.20 rps=  56.90
  s2s.crud.fetchFilms                           n=  568 err=   0 errRate=  0.00% avg=  125.26 min=   20.21 max=  410.87 p50=  112.13 p95=  227.53 p99=  313.70 rps=  56.80
window 30s
  calc.additional.maxViewersSummary             n= 1707 err=   0 errRate=  0.00% avg=  250.99 min=   47.66 max=  622.49 p50=  227.43 p95=  411.06 p99=  507.61 rps=  56.90
  controller.AnalyticsController.maxViewersSummary n= 1707 err=   0 errRate=  0.00% avg=  251.27 min=   47.90 max=  622.64 p50=  227.64 p95=  411.26 p99=  507.78 rps=  56.90
  s2s.crud.fetchAllTickets                      n= 1707 err=   0 errRate=  0.00% avg=  121.53 min=   13.67 max=  399.62 p50=  109.55 p95=  220.24 p99=  300.29 rps=  56.90
  s2s.crud.fetchFilms                           n= 1707 err=   0 errRate=  0.00% avg=  129.27 min=   18.98 max=  498.91 p50=  115.07 p95=  223.10 p99=  307.73 rps=  56.90
window 1m
  calc.additional.maxViewersSummary             n= 3732 err=   0 errRate=  0.00% avg=  265.41 min=   47.66 max=  785.12 p50=  235.86 p95=  423.13 p99=  521.42 rps=  62.20
  controller.AnalyticsController.maxViewersSummary n= 3732 err=   0 errRate=  0.00% avg=  265.81 min=   47.90 max=  785.25 p50=  236.09 p95=  423.92 p99=  521.93 rps=  62.20
  s2s.crud.fetchAllTickets                      n= 3732 err=   0 errRate=  0.00% avg=  130.05 min=   13.67 max=  416.52 p50=  113.66 p95=  267.70 p99=  308.08 rps=  62.20
  s2s.crud.fetchFilms                           n= 3724 err=   0 errRate=  0.00% avg=  135.21 min=   18.98 max=  498.91 p50=  116.72 p95=  233.22 p99=  316.88 rps=  62.07

2026-05-05T03:55:36.648Z  INFO 1 --- [lab8-additional-service] [   scheduling-1] r.h.l.a.o.ObservabilityService           : [lab8-additional-service] observability refresh
window 10s
  calc.additional.maxViewersSummary             n=  590 err=   0 errRate=  0.00% avg=  243.68 min=   54.57 max=  605.58 p50=  222.53 p95=  410.43 p99=  508.27 rps=  59.00
  controller.AnalyticsController.maxViewersSummary n=  590 err=   0 errRate=  0.00% avg=  243.93 min=   54.69 max=  605.73 p50=  222.73 p95=  410.58 p99=  508.46 rps=  59.00
  s2s.crud.fetchAllTickets                      n=  590 err=   0 errRate=  0.00% avg=  120.73 min=   13.67 max=  399.62 p50=  107.42 p95=  223.94 p99=  301.05 rps=  59.00
  s2s.crud.fetchFilms                           n=  586 err=   0 errRate=  0.00% avg=  121.81 min=   20.21 max=  397.36 p50=  111.07 p95=  221.58 p99=  303.43 rps=  58.60
window 30s
  calc.additional.maxViewersSummary             n= 1717 err=   0 errRate=  0.00% avg=  249.00 min=   47.66 max=  622.49 p50=  226.51 p95=  407.53 p99=  506.82 rps=  57.23
  controller.AnalyticsController.maxViewersSummary n= 1717 err=   0 errRate=  0.00% avg=  249.28 min=   47.90 max=  622.64 p50=  226.95 p95=  407.70 p99=  506.94 rps=  57.23
  s2s.crud.fetchAllTickets                      n= 1717 err=   0 errRate=  0.00% avg=  120.90 min=   13.67 max=  399.62 p50=  109.11 p95=  219.47 p99=  299.48 rps=  57.23
  s2s.crud.fetchFilms                           n= 1718 err=   0 errRate=  0.00% avg=  128.05 min=   18.98 max=  498.91 p50=  114.72 p95=  220.94 p99=  307.39 rps=  57.27
window 1m
  calc.additional.maxViewersSummary             n= 3705 err=   0 errRate=  0.00% avg=  265.13 min=   47.66 max=  785.12 p50=  235.27 p95=  423.07 p99=  521.24 rps=  61.75
  controller.AnalyticsController.maxViewersSummary n= 3705 err=   0 errRate=  0.00% avg=  265.50 min=   47.90 max=  785.25 p50=  235.62 p95=  423.74 p99=  521.45 rps=  61.75
  s2s.crud.fetchAllTickets                      n= 3705 err=   0 errRate=  0.00% avg=  129.94 min=   13.67 max=  416.52 p50=  113.66 p95=  266.92 p99=  308.11 rps=  61.75
  s2s.crud.fetchFilms                           n= 3703 err=   0 errRate=  0.00% avg=  135.12 min=   18.98 max=  498.91 p50=  116.62 p95=  233.19 p99=  316.94 rps=  61.72

2026-05-05T03:55:37.652Z  INFO 1 --- [lab8-additional-service] [   scheduling-1] r.h.l.a.o.ObservabilityService           : [lab8-additional-service] observability refresh
window 10s
  calc.additional.maxViewersSummary             n=  582 err=   0 errRate=  0.00% avg=  245.66 min=   54.57 max=  605.58 p50=  225.48 p95=  409.28 p99=  508.47 rps=  58.20
  controller.AnalyticsController.maxViewersSummary n=  582 err=   0 errRate=  0.00% avg=  245.92 min=   54.69 max=  605.73 p50=  225.72 p95=  409.45 p99=  508.65 rps=  58.20
  s2s.crud.fetchAllTickets                      n=  582 err=   0 errRate=  0.00% avg=  121.85 min=   14.79 max=  399.62 p50=  108.10 p95=  222.79 p99=  301.58 rps=  58.20
  s2s.crud.fetchFilms                           n=  586 err=   0 errRate=  0.00% avg=  123.77 min=   20.21 max=  397.36 p50=  111.94 p95=  222.82 p99=  303.43 rps=  58.60
window 30s
  calc.additional.maxViewersSummary             n= 1716 err=   0 errRate=  0.00% avg=  248.75 min=   47.66 max=  622.49 p50=  226.85 p95=  406.19 p99=  505.51 rps=  57.20
  controller.AnalyticsController.maxViewersSummary n= 1716 err=   0 errRate=  0.00% avg=  249.02 min=   47.90 max=  622.64 p50=  227.27 p95=  407.00 p99=  505.66 rps=  57.20
  s2s.crud.fetchAllTickets                      n= 1716 err=   0 errRate=  0.00% avg=  120.32 min=   13.67 max=  399.62 p50=  108.99 p95=  218.61 p99=  297.99 rps=  57.20
  s2s.crud.fetchFilms                           n= 1714 err=   0 errRate=  0.00% avg=  128.39 min=   18.98 max=  498.91 p50=  115.07 p95=  221.25 p99=  307.14 rps=  57.13
window 1m
  calc.additional.maxViewersSummary             n= 3676 err=   0 errRate=  0.00% avg=  265.48 min=   47.66 max=  785.12 p50=  235.76 p95=  423.07 p99=  521.32 rps=  61.27
  controller.AnalyticsController.maxViewersSummary n= 3676 err=   0 errRate=  0.00% avg=  265.84 min=   47.90 max=  785.25 p50=  235.97 p95=  423.61 p99=  521.63 rps=  61.27
  s2s.crud.fetchAllTickets                      n= 3676 err=   0 errRate=  0.00% avg=  129.79 min=   13.67 max=  416.52 p50=  113.56 p95=  266.82 p99=  308.03 rps=  61.27
  s2s.crud.fetchFilms                           n= 3670 err=   0 errRate=  0.00% avg=  135.66 min=   18.98 max=  498.91 p50=  116.97 p95=  233.42 p99=  316.99 rps=  61.17

2026-05-05T03:55:38.694Z  INFO 1 --- [lab8-additional-service] [   scheduling-1] r.h.l.a.o.ObservabilityService           : [lab8-additional-service] observability refresh
window 10s
  calc.additional.maxViewersSummary             n=  598 err=   0 errRate=  0.00% avg=  243.99 min=   54.57 max=  605.58 p50=  225.31 p95=  408.22 p99=  508.07 rps=  59.80
  controller.AnalyticsController.maxViewersSummary n=  598 err=   0 errRate=  0.00% avg=  244.25 min=   54.69 max=  605.73 p50=  225.66 p95=  408.55 p99=  508.26 rps=  59.80
  s2s.crud.fetchAllTickets                      n=  598 err=   0 errRate=  0.00% avg=  120.16 min=   14.79 max=  399.62 p50=  108.22 p95=  217.91 p99=  290.80 rps=  59.80
  s2s.crud.fetchFilms                           n=  593 err=   0 errRate=  0.00% avg=  123.45 min=   20.21 max=  397.36 p50=  112.34 p95=  222.76 p99=  303.10 rps=  59.30
window 30s
  calc.additional.maxViewersSummary             n= 1735 err=   0 errRate=  0.00% avg=  247.53 min=   47.66 max=  622.49 p50=  226.40 p95=  405.92 p99=  505.01 rps=  57.83
  controller.AnalyticsController.maxViewersSummary n= 1735 err=   0 errRate=  0.00% avg=  247.81 min=   47.90 max=  622.64 p50=  226.57 p95=  406.06 p99=  505.16 rps=  57.83
  s2s.crud.fetchAllTickets                      n= 1735 err=   0 errRate=  0.00% avg=  120.19 min=   13.67 max=  399.62 p50=  108.82 p95=  216.81 p99=  297.72 rps=  57.83
  s2s.crud.fetchFilms                           n= 1730 err=   0 errRate=  0.00% avg=  127.11 min=   18.98 max=  498.91 p50=  114.56 p95=  220.52 p99=  305.80 rps=  57.67
window 1m
  calc.additional.maxViewersSummary             n= 3669 err=   0 errRate=  0.00% avg=  264.44 min=   47.66 max=  785.12 p50=  234.36 p95=  422.32 p99=  520.86 rps=  61.15
  controller.AnalyticsController.maxViewersSummary n= 3669 err=   0 errRate=  0.00% avg=  264.80 min=   47.90 max=  785.25 p50=  234.79 p95=  422.86 p99=  521.10 rps=  61.15
  s2s.crud.fetchAllTickets                      n= 3669 err=   0 errRate=  0.00% avg=  129.33 min=   13.67 max=  416.52 p50=  113.25 p95=  265.56 p99=  308.04 rps=  61.15
  s2s.crud.fetchFilms                           n= 3661 err=   0 errRate=  0.00% avg=  134.96 min=   18.98 max=  498.91 p50=  116.74 p95=  233.01 p99=  316.78 rps=  61.02

2026-05-05T03:55:39.698Z  INFO 1 --- [lab8-additional-service] [   scheduling-1] r.h.l.a.o.ObservabilityService           : [lab8-additional-service] observability refresh
window 10s
  calc.additional.maxViewersSummary             n=  628 err=   0 errRate=  0.00% avg=  229.43 min=   54.57 max=  591.02 p50=  216.48 p95=  395.11 p99=  434.78 rps=  62.80
  controller.AnalyticsController.maxViewersSummary n=  628 err=   0 errRate=  0.00% avg=  229.75 min=   54.69 max=  591.27 p50=  216.62 p95=  395.39 p99=  434.91 rps=  62.80
  s2s.crud.fetchAllTickets                      n=  628 err=   0 errRate=  0.00% avg=  112.79 min=   14.79 max=  315.46 p50=  104.16 p95=  206.16 p99=  276.49 rps=  62.80
  s2s.crud.fetchFilms                           n=  624 err=   0 errRate=  0.00% avg=  115.56 min=   20.21 max=  397.36 p50=  109.39 p95=  214.48 p99=  293.53 rps=  62.40
window 30s
  calc.additional.maxViewersSummary             n= 1745 err=   0 errRate=  0.00% avg=  243.21 min=   47.66 max=  622.49 p50=  224.21 p95=  405.35 p99=  504.76 rps=  58.17
  controller.AnalyticsController.maxViewersSummary n= 1745 err=   0 errRate=  0.00% avg=  243.50 min=   47.90 max=  622.64 p50=  224.64 p95=  405.60 p99=  504.89 rps=  58.17
  s2s.crud.fetchAllTickets                      n= 1745 err=   0 errRate=  0.00% avg=  117.97 min=   13.67 max=  399.62 p50=  107.55 p95=  215.08 p99=  296.53 rps=  58.17
  s2s.crud.fetchFilms                           n= 1742 err=   0 errRate=  0.00% avg=  125.00 min=   18.98 max=  498.91 p50=  113.17 p95=  219.67 p99=  305.28 rps=  58.07
window 1m
  calc.additional.maxViewersSummary             n= 3677 err=   0 errRate=  0.00% avg=  261.18 min=   47.66 max=  785.12 p50=  232.10 p95=  420.11 p99=  519.55 rps=  61.28
  controller.AnalyticsController.maxViewersSummary n= 3677 err=   0 errRate=  0.00% avg=  261.55 min=   47.90 max=  785.25 p50=  232.37 p95=  420.64 p99=  519.76 rps=  61.28
  s2s.crud.fetchAllTickets                      n= 3677 err=   0 errRate=  0.00% avg=  127.74 min=   13.67 max=  416.52 p50=  111.92 p95=  261.45 p99=  307.92 rps=  61.28
  s2s.crud.fetchFilms                           n= 3670 err=   0 errRate=  0.00% avg=  133.22 min=   18.98 max=  498.91 p50=  115.80 p95=  232.10 p99=  316.46 rps=  61.17

2026-05-05T03:55:40.717Z  INFO 1 --- [lab8-additional-service] [   scheduling-1] r.h.l.a.o.ObservabilityService           : [lab8-additional-service] observability refresh
window 10s
  calc.additional.maxViewersSummary             n=  639 err=   0 errRate=  0.00% avg=  223.28 min=   54.57 max=  591.02 p50=  212.65 p95=  390.90 p99=  424.31 rps=  63.90
  controller.AnalyticsController.maxViewersSummary n=  639 err=   0 errRate=  0.00% avg=  223.69 min=   54.69 max=  591.27 p50=  213.21 p95=  391.03 p99=  424.45 rps=  63.90
  s2s.crud.fetchAllTickets                      n=  639 err=   0 errRate=  0.00% avg=  108.62 min=   14.79 max=  300.33 p50=  101.15 p95=  205.01 p99=  269.70 rps=  63.90
  s2s.crud.fetchFilms                           n=  639 err=   0 errRate=  0.00% avg=  114.30 min=   20.21 max=  397.36 p50=  108.48 p95=  213.29 p99=  293.32 rps=  63.90
window 30s
  calc.additional.maxViewersSummary             n= 1765 err=   0 errRate=  0.00% avg=  240.53 min=   47.66 max=  622.49 p50=  223.38 p95=  404.79 p99=  504.24 rps=  58.83
  controller.AnalyticsController.maxViewersSummary n= 1765 err=   0 errRate=  0.00% avg=  240.86 min=   47.90 max=  622.64 p50=  223.74 p95=  405.12 p99=  504.37 rps=  58.83
  s2s.crud.fetchAllTickets                      n= 1765 err=   0 errRate=  0.00% avg=  116.51 min=   13.67 max=  399.62 p50=  106.66 p95=  214.52 p99=  295.89 rps=  58.83
  s2s.crud.fetchFilms                           n= 1763 err=   0 errRate=  0.00% avg=  123.84 min=   18.98 max=  498.91 p50=  112.35 p95=  219.28 p99=  304.37 rps=  58.77
window 1m
  calc.additional.maxViewersSummary             n= 3668 err=   0 errRate=  0.00% avg=  259.04 min=   47.66 max=  785.12 p50=  230.86 p95=  418.63 p99=  519.04 rps=  61.13
  controller.AnalyticsController.maxViewersSummary n= 3668 err=   0 errRate=  0.00% avg=  259.41 min=   47.90 max=  785.25 p50=  231.16 p95=  419.02 p99=  519.19 rps=  61.13
  s2s.crud.fetchAllTickets                      n= 3668 err=   0 errRate=  0.00% avg=  126.47 min=   13.67 max=  413.09 p50=  111.10 p95=  252.91 p99=  307.57 rps=  61.13
  s2s.crud.fetchFilms                           n= 3667 err=   0 errRate=  0.00% avg=  132.49 min=   18.98 max=  498.91 p50=  115.31 p95=  231.84 p99=  316.46 rps=  61.12

2026-05-05T03:55:41.722Z  INFO 1 --- [lab8-additional-service] [   scheduling-1] r.h.l.a.o.ObservabilityService           : [lab8-additional-service] observability refresh
window 10s
  calc.additional.maxViewersSummary             n=  642 err=   0 errRate=  0.00% avg=  217.07 min=   51.39 max=  591.02 p50=  207.79 p95=  333.02 p99=  418.29 rps=  64.20
  controller.AnalyticsController.maxViewersSummary n=  642 err=   0 errRate=  0.00% avg=  217.63 min=   51.76 max=  591.27 p50=  208.37 p95=  333.21 p99=  418.46 rps=  64.20
  s2s.crud.fetchAllTickets                      n=  642 err=   0 errRate=  0.00% avg=  104.28 min=   14.08 max=  290.36 p50=   98.65 p95=  202.43 p99=  253.84 rps=  64.20
  s2s.crud.fetchFilms                           n=  648 err=   0 errRate=  0.00% avg=  112.92 min=   20.21 max=  397.36 p50=  107.99 p95=  209.15 p99=  291.04 rps=  64.80
window 30s
  calc.additional.maxViewersSummary             n= 1773 err=   0 errRate=  0.00% avg=  238.10 min=   47.66 max=  622.49 p50=  221.81 p95=  403.77 p99=  504.03 rps=  59.10
  controller.AnalyticsController.maxViewersSummary n= 1773 err=   0 errRate=  0.00% avg=  238.48 min=   47.90 max=  622.64 p50=  222.25 p95=  404.03 p99=  504.16 rps=  59.10
  s2s.crud.fetchAllTickets                      n= 1773 err=   0 errRate=  0.00% avg=  114.90 min=   13.67 max=  399.62 p50=  105.54 p95=  212.96 p99=  294.61 rps=  59.10
  s2s.crud.fetchFilms                           n= 1777 err=   0 errRate=  0.00% avg=  123.11 min=   18.98 max=  498.91 p50=  112.16 p95=  218.64 p99=  303.76 rps=  59.23
window 1m
  calc.additional.maxViewersSummary             n= 3660 err=   0 errRate=  0.00% avg=  257.26 min=   47.66 max=  785.12 p50=  229.97 p95=  417.34 p99=  519.06 rps=  61.00
  controller.AnalyticsController.maxViewersSummary n= 3660 err=   0 errRate=  0.00% avg=  257.66 min=   47.90 max=  785.25 p50=  230.33 p95=  417.83 p99=  519.21 rps=  61.00
  s2s.crud.fetchAllTickets                      n= 3660 err=   0 errRate=  0.00% avg=  125.23 min=   13.67 max=  413.09 p50=  110.61 p95=  231.47 p99=  307.34 rps=  61.00
  s2s.crud.fetchFilms                           n= 3659 err=   0 errRate=  0.00% avg=  132.01 min=   18.98 max=  498.91 p50=  115.16 p95=  230.86 p99=  316.47 rps=  60.98

2026-05-05T03:55:42.728Z  INFO 1 --- [lab8-additional-service] [   scheduling-1] r.h.l.a.o.ObservabilityService           : [lab8-additional-service] observability refresh
window 10s
  calc.additional.maxViewersSummary             n=  669 err=   0 errRate=  0.00% avg=  210.71 min=   51.39 max=  508.00 p50=  206.11 p95=  328.04 p99=  410.42 rps=  66.90
  controller.AnalyticsController.maxViewersSummary n=  669 err=   0 errRate=  0.00% avg=  211.26 min=   51.76 max=  508.18 p50=  206.46 p95=  328.35 p99=  410.55 rps=  66.90
  s2s.crud.fetchAllTickets                      n=  669 err=   0 errRate=  0.00% avg=  101.91 min=   14.08 max=  290.36 p50=   98.01 p95=  201.24 p99=  233.18 rps=  66.90
  s2s.crud.fetchFilms                           n=  660 err=   0 errRate=  0.00% avg=  108.34 min=   20.95 max=  297.60 p50=  106.41 p95=  206.36 p99=  238.87 rps=  66.00
window 30s
  calc.additional.maxViewersSummary             n= 1799 err=   0 errRate=  0.00% avg=  235.08 min=   47.66 max=  622.49 p50=  220.36 p95=  403.23 p99=  503.36 rps=  59.97
  controller.AnalyticsController.maxViewersSummary n= 1799 err=   0 errRate=  0.00% avg=  235.46 min=   47.90 max=  622.64 p50=  220.98 p95=  403.49 p99=  503.48 rps=  59.97
  s2s.crud.fetchAllTickets                      n= 1799 err=   0 errRate=  0.00% avg=  113.23 min=   13.67 max=  399.62 p50=  104.48 p95=  212.06 p99=  294.56 rps=  59.97
  s2s.crud.fetchFilms                           n= 1792 err=   0 errRate=  0.00% avg=  121.62 min=   18.98 max=  498.91 p50=  111.40 p95=  217.97 p99=  303.11 rps=  59.73
window 1m
  calc.additional.maxViewersSummary             n= 3665 err=   0 errRate=  0.00% avg=  254.77 min=   47.66 max=  785.12 p50=  228.73 p95=  417.26 p99=  518.79 rps=  61.08
  controller.AnalyticsController.maxViewersSummary n= 3665 err=   0 errRate=  0.00% avg=  255.17 min=   47.90 max=  785.25 p50=  229.01 p95=  417.66 p99=  518.93 rps=  61.08
  s2s.crud.fetchAllTickets                      n= 3665 err=   0 errRate=  0.00% avg=  123.64 min=   13.67 max=  413.09 p50=  109.66 p95=  227.44 p99=  307.04 rps=  61.08
  s2s.crud.fetchFilms                           n= 3656 err=   0 errRate=  0.00% avg=  131.02 min=   18.98 max=  498.91 p50=  114.71 p95=  230.62 p99=  316.47 rps=  60.93

2026-05-05T03:55:43.736Z  INFO 1 --- [lab8-additional-service] [   scheduling-1] r.h.l.a.o.ObservabilityService           : [lab8-additional-service] observability refresh
window 10s
  calc.additional.maxViewersSummary             n=  677 err=   0 errRate=  0.00% avg=  204.18 min=   49.39 max=  508.00 p50=  202.61 p95=  325.56 p99=  409.61 rps=  67.70
  controller.AnalyticsController.maxViewersSummary n=  677 err=   0 errRate=  0.00% avg=  204.72 min=   49.51 max=  508.18 p50=  202.79 p95=  325.78 p99=  409.77 rps=  67.70
  s2s.crud.fetchAllTickets                      n=  677 err=   0 errRate=  0.00% avg=   97.92 min=   14.08 max=  290.36 p50=   94.81 p95=  199.15 p99=  233.01 rps=  67.70
  s2s.crud.fetchFilms                           n=  680 err=   0 errRate=  0.00% avg=  106.63 min=   20.95 max=  304.49 p50=  105.55 p95=  205.61 p99=  279.91 rps=  68.00
window 30s
  calc.additional.maxViewersSummary             n= 1820 err=   0 errRate=  0.00% avg=  231.86 min=   47.66 max=  622.49 p50=  218.76 p95=  402.24 p99=  501.09 rps=  60.67
  controller.AnalyticsController.maxViewersSummary n= 1820 err=   0 errRate=  0.00% avg=  232.24 min=   47.90 max=  622.64 p50=  218.95 p95=  402.40 p99=  501.22 rps=  60.67
  s2s.crud.fetchAllTickets                      n= 1820 err=   0 errRate=  0.00% avg=  111.56 min=   13.67 max=  399.62 p50=  103.26 p95=  210.01 p99=  293.76 rps=  60.67
  s2s.crud.fetchFilms                           n= 1821 err=   0 errRate=  0.00% avg=  120.31 min=   18.98 max=  498.91 p50=  110.83 p95=  217.42 p99=  304.14 rps=  60.70
window 1m
  calc.additional.maxViewersSummary             n= 3657 err=   0 errRate=  0.00% avg=  253.31 min=   47.66 max=  785.12 p50=  228.10 p95=  417.26 p99=  518.81 rps=  60.95
  controller.AnalyticsController.maxViewersSummary n= 3657 err=   0 errRate=  0.00% avg=  253.70 min=   47.90 max=  785.25 p50=  228.33 p95=  417.64 p99=  518.95 rps=  60.95
  s2s.crud.fetchAllTickets                      n= 3657 err=   0 errRate=  0.00% avg=  122.71 min=   13.67 max=  413.09 p50=  108.93 p95=  227.28 p99=  307.07 rps=  60.95
  s2s.crud.fetchFilms                           n= 3653 err=   0 errRate=  0.00% avg=  130.51 min=   18.98 max=  498.91 p50=  114.40 p95=  230.87 p99=  316.47 rps=  60.88

2026-05-05T03:55:44.745Z  INFO 1 --- [lab8-additional-service] [   scheduling-1] r.h.l.a.o.ObservabilityService           : [lab8-additional-service] observability refresh
window 10s
  calc.additional.maxViewersSummary             n=  683 err=   0 errRate=  0.00% avg=  203.65 min=   49.39 max=  508.00 p50=  201.42 p95=  332.18 p99=  414.16 rps=  68.30
  controller.AnalyticsController.maxViewersSummary n=  683 err=   0 errRate=  0.00% avg=  204.19 min=   49.51 max=  508.18 p50=  201.91 p95=  332.27 p99=  414.68 rps=  68.30
  s2s.crud.fetchAllTickets                      n=  683 err=   0 errRate=  0.00% avg=   97.02 min=   14.08 max=  309.93 p50=   94.10 p95=  198.36 p99=  248.44 rps=  68.30
  s2s.crud.fetchFilms                           n=  687 err=   0 errRate=  0.00% avg=  106.04 min=   19.69 max=  304.49 p50=  104.79 p95=  205.25 p99=  279.08 rps=  68.70
window 30s
  calc.additional.maxViewersSummary             n= 1835 err=   0 errRate=  0.00% avg=  230.10 min=   47.66 max=  605.58 p50=  217.57 p95=  401.26 p99=  494.39 rps=  61.17
  controller.AnalyticsController.maxViewersSummary n= 1835 err=   0 errRate=  0.00% avg=  230.48 min=   47.90 max=  605.73 p50=  217.73 p95=  401.48 p99=  494.59 rps=  61.17
  s2s.crud.fetchAllTickets                      n= 1835 err=   0 errRate=  0.00% avg=  110.94 min=   13.67 max=  399.62 p50=  102.95 p95=  209.99 p99=  294.69 rps=  61.17
  s2s.crud.fetchFilms                           n= 1840 err=   0 errRate=  0.00% avg=  119.02 min=   18.98 max=  410.87 p50=  110.54 p95=  214.38 p99=  301.14 rps=  61.33
window 1m
  calc.additional.maxViewersSummary             n= 3646 err=   0 errRate=  0.00% avg=  251.52 min=   47.66 max=  710.92 p50=  227.35 p95=  416.49 p99=  517.70 rps=  60.77
  controller.AnalyticsController.maxViewersSummary n= 3646 err=   0 errRate=  0.00% avg=  251.91 min=   47.90 max=  711.06 p50=  227.61 p95=  417.09 p99=  518.26 rps=  60.77
  s2s.crud.fetchAllTickets                      n= 3646 err=   0 errRate=  0.00% avg=  122.03 min=   13.67 max=  413.09 p50=  108.70 p95=  226.35 p99=  306.35 rps=  60.77
  s2s.crud.fetchFilms                           n= 3648 err=   0 errRate=  0.00% avg=  129.33 min=   18.98 max=  498.91 p50=  114.01 p95=  229.47 p99=  313.99 rps=  60.80

2026-05-05T03:55:45.756Z  INFO 1 --- [lab8-additional-service] [   scheduling-1] r.h.l.a.o.ObservabilityService           : [lab8-additional-service] observability refresh
window 10s
  calc.additional.maxViewersSummary             n=  690 err=   0 errRate=  0.00% avg=  203.32 min=   49.39 max=  480.64 p50=  203.01 p95=  328.91 p99=  409.55 rps=  69.00
  controller.AnalyticsController.maxViewersSummary n=  690 err=   0 errRate=  0.00% avg=  203.86 min=   49.51 max=  480.74 p50=  203.13 p95=  329.31 p99=  409.74 rps=  69.00
  s2s.crud.fetchAllTickets                      n=  690 err=   0 errRate=  0.00% avg=   98.29 min=   14.08 max=  309.93 p50=   94.93 p95=  198.88 p99=  260.55 rps=  69.00
  s2s.crud.fetchFilms                           n=  685 err=   0 errRate=  0.00% avg=  105.20 min=   19.69 max=  304.49 p50=  105.22 p95=  204.79 p99=  240.51 rps=  68.50
window 30s
  calc.additional.maxViewersSummary             n= 1846 err=   0 errRate=  0.00% avg=  229.26 min=   47.66 max=  605.58 p50=  217.39 p95=  399.93 p99=  493.82 rps=  61.53
  controller.AnalyticsController.maxViewersSummary n= 1846 err=   0 errRate=  0.00% avg=  229.63 min=   47.90 max=  605.73 p50=  217.57 p95=  400.16 p99=  494.03 rps=  61.53
  s2s.crud.fetchAllTickets                      n= 1846 err=   0 errRate=  0.00% avg=  110.83 min=   13.67 max=  399.62 p50=  102.78 p95=  210.29 p99=  294.45 rps=  61.53
  s2s.crud.fetchFilms                           n= 1846 err=   0 errRate=  0.00% avg=  118.14 min=   18.98 max=  410.87 p50=  110.25 p95=  214.00 p99=  300.36 rps=  61.53
window 1m
  calc.additional.maxViewersSummary             n= 3637 err=   0 errRate=  0.00% avg=  249.98 min=   47.66 max=  710.92 p50=  226.49 p95=  414.99 p99=  515.47 rps=  60.62
  controller.AnalyticsController.maxViewersSummary n= 3637 err=   0 errRate=  0.00% avg=  250.36 min=   47.90 max=  711.06 p50=  226.86 p95=  415.44 p99=  515.62 rps=  60.62
  s2s.crud.fetchAllTickets                      n= 3637 err=   0 errRate=  0.00% avg=  121.40 min=   13.67 max=  413.09 p50=  108.26 p95=  224.56 p99=  305.27 rps=  60.62
  s2s.crud.fetchFilms                           n= 3634 err=   0 errRate=  0.00% avg=  128.50 min=   18.98 max=  498.91 p50=  113.72 p95=  228.21 p99=  313.55 rps=  60.57

2026-05-05T03:55:46.765Z  INFO 1 --- [lab8-additional-service] [   scheduling-1] r.h.l.a.o.ObservabilityService           : [lab8-additional-service] observability refresh
window 10s
  calc.additional.maxViewersSummary             n=  691 err=   0 errRate=  0.00% avg=  200.09 min=   49.39 max=  480.64 p50=  201.08 p95=  326.79 p99=  409.54 rps=  69.10
  controller.AnalyticsController.maxViewersSummary n=  691 err=   0 errRate=  0.00% avg=  200.62 min=   49.51 max=  480.74 p50=  201.32 p95=  327.40 p99=  409.72 rps=  69.10
  s2s.crud.fetchAllTickets                      n=  691 err=   0 errRate=  0.00% avg=   96.71 min=   14.08 max=  309.93 p50=   94.07 p95=  198.51 p99=  260.52 rps=  69.10
  s2s.crud.fetchFilms                           n=  685 err=   0 errRate=  0.00% avg=  102.32 min=   19.69 max=  304.49 p50=  103.88 p95=  202.88 p99=  231.27 rps=  68.50
window 30s
  calc.additional.maxViewersSummary             n= 1860 err=   0 errRate=  0.00% avg=  227.76 min=   49.39 max=  605.58 p50=  217.13 p95=  399.52 p99=  493.10 rps=  62.00
  controller.AnalyticsController.maxViewersSummary n= 1860 err=   0 errRate=  0.00% avg=  228.13 min=   49.51 max=  605.73 p50=  217.42 p95=  399.77 p99=  493.32 rps=  62.00
  s2s.crud.fetchAllTickets                      n= 1860 err=   0 errRate=  0.00% avg=  110.44 min=   13.67 max=  399.62 p50=  102.67 p95=  210.12 p99=  294.21 rps=  62.00
  s2s.crud.fetchFilms                           n= 1854 err=   0 errRate=  0.00% avg=  117.20 min=   18.98 max=  410.87 p50=  109.63 p95=  213.73 p99=  300.30 rps=  61.80
window 1m
  calc.additional.maxViewersSummary             n= 3633 err=   0 errRate=  0.00% avg=  248.45 min=   47.66 max=  710.92 p50=  226.10 p95=  413.96 p99=  513.87 rps=  60.55
  controller.AnalyticsController.maxViewersSummary n= 3633 err=   0 errRate=  0.00% avg=  248.84 min=   47.90 max=  711.06 p50=  226.46 p95=  414.31 p99=  514.05 rps=  60.55
  s2s.crud.fetchAllTickets                      n= 3633 err=   0 errRate=  0.00% avg=  120.59 min=   13.67 max=  413.09 p50=  107.82 p95=  223.05 p99=  304.54 rps=  60.55
  s2s.crud.fetchFilms                           n= 3624 err=   0 errRate=  0.00% avg=  127.68 min=   18.98 max=  498.91 p50=  113.23 p95=  227.71 p99=  313.58 rps=  60.40

2026-05-05T03:55:47.769Z  INFO 1 --- [lab8-additional-service] [   scheduling-1] r.h.l.a.o.ObservabilityService           : [lab8-additional-service] observability refresh
window 10s
  calc.additional.maxViewersSummary             n=  701 err=   0 errRate=  0.00% avg=  195.84 min=   39.79 max=  480.64 p50=  198.05 p95=  326.30 p99=  395.38 rps=  70.10
  controller.AnalyticsController.maxViewersSummary n=  701 err=   0 errRate=  0.00% avg=  196.40 min=   39.89 max=  480.74 p50=  198.57 p95=  326.52 p99=  395.57 rps=  70.10
  s2s.crud.fetchAllTickets                      n=  701 err=   0 errRate=  0.00% avg=   94.90 min=   14.08 max=  309.93 p50=   92.86 p95=  198.36 p99=  245.84 rps=  70.10
  s2s.crud.fetchFilms                           n=  703 err=   0 errRate=  0.00% avg=  101.12 min=   19.69 max=  304.49 p50=  103.33 p95=  201.34 p99=  235.30 rps=  70.30
window 30s
  calc.additional.maxViewersSummary             n= 1869 err=   0 errRate=  0.00% avg=  226.10 min=   39.79 max=  605.58 p50=  216.07 p95=  397.81 p99=  488.41 rps=  62.30
  controller.AnalyticsController.maxViewersSummary n= 1869 err=   0 errRate=  0.00% avg=  226.48 min=   39.89 max=  605.73 p50=  216.30 p95=  397.99 p99=  488.55 rps=  62.30
  s2s.crud.fetchAllTickets                      n= 1869 err=   0 errRate=  0.00% avg=  109.74 min=   13.67 max=  399.62 p50=  102.32 p95=  209.90 p99=  292.94 rps=  62.30
  s2s.crud.fetchFilms                           n= 1866 err=   0 errRate=  0.00% avg=  116.01 min=   18.98 max=  410.87 p50=  109.39 p95=  213.12 p99=  295.77 rps=  62.20
window 1m
  calc.additional.maxViewersSummary             n= 3622 err=   0 errRate=  0.00% avg=  246.62 min=   39.79 max=  710.92 p50=  225.31 p95=  412.67 p99=  510.48 rps=  60.37
  controller.AnalyticsController.maxViewersSummary n= 3622 err=   0 errRate=  0.00% avg=  247.01 min=   39.89 max=  711.06 p50=  225.68 p95=  412.94 p99=  510.63 rps=  60.37
  s2s.crud.fetchAllTickets                      n= 3622 err=   0 errRate=  0.00% avg=  119.59 min=   13.67 max=  413.09 p50=  107.35 p95=  222.35 p99=  304.25 rps=  60.37
  s2s.crud.fetchFilms                           n= 3616 err=   0 errRate=  0.00% avg=  126.91 min=   18.98 max=  498.91 p50=  112.91 p95=  227.00 p99=  310.49 rps=  60.27

2026-05-05T03:55:48.773Z  INFO 1 --- [lab8-additional-service] [   scheduling-1] r.h.l.a.o.ObservabilityService           : [lab8-additional-service] observability refresh
window 10s
  calc.additional.maxViewersSummary             n=  691 err=   0 errRate=  0.00% avg=  198.42 min=   39.79 max=  480.64 p50=  200.53 p95=  330.48 p99=  403.15 rps=  69.10
  controller.AnalyticsController.maxViewersSummary n=  691 err=   0 errRate=  0.00% avg=  198.96 min=   39.89 max=  480.74 p50=  200.91 p95=  330.78 p99=  403.26 rps=  69.10
  s2s.crud.fetchAllTickets                      n=  691 err=   0 errRate=  0.00% avg=   95.96 min=   14.08 max=  309.93 p50=   94.07 p95=  200.01 p99=  279.69 rps=  69.10
  s2s.crud.fetchFilms                           n=  691 err=   0 errRate=  0.00% avg=  102.77 min=   19.69 max=  304.49 p50=  104.34 p95=  202.12 p99=  232.14 rps=  69.10
window 30s
  calc.additional.maxViewersSummary             n= 1862 err=   0 errRate=  0.00% avg=  226.15 min=   39.79 max=  605.58 p50=  216.28 p95=  396.76 p99=  487.23 rps=  62.07
  controller.AnalyticsController.maxViewersSummary n= 1862 err=   0 errRate=  0.00% avg=  226.53 min=   39.89 max=  605.73 p50=  216.57 p95=  397.03 p99=  487.37 rps=  62.07
  s2s.crud.fetchAllTickets                      n= 1862 err=   0 errRate=  0.00% avg=  110.37 min=   13.67 max=  399.62 p50=  102.61 p95=  209.98 p99=  290.72 rps=  62.07
  s2s.crud.fetchFilms                           n= 1862 err=   0 errRate=  0.00% avg=  115.63 min=   18.98 max=  410.87 p50=  109.35 p95=  212.62 p99=  294.36 rps=  62.07
window 1m
  calc.additional.maxViewersSummary             n= 3593 err=   0 errRate=  0.00% avg=  246.31 min=   39.79 max=  710.92 p50=  225.21 p95=  411.97 p99=  509.26 rps=  59.88
  controller.AnalyticsController.maxViewersSummary n= 3593 err=   0 errRate=  0.00% avg=  246.69 min=   39.89 max=  711.06 p50=  225.48 p95=  412.28 p99=  509.41 rps=  59.88
  s2s.crud.fetchAllTickets                      n= 3593 err=   0 errRate=  0.00% avg=  119.35 min=   13.67 max=  413.09 p50=  107.37 p95=  221.83 p99=  302.23 rps=  59.88
  s2s.crud.fetchFilms                           n= 3596 err=   0 errRate=  0.00% avg=  126.81 min=   18.98 max=  498.91 p50=  112.88 p95=  226.57 p99=  310.29 rps=  59.93

2026-05-05T03:55:49.776Z  INFO 1 --- [lab8-additional-service] [   scheduling-1] r.h.l.a.o.ObservabilityService           : [lab8-additional-service] observability refresh
window 10s
  calc.additional.maxViewersSummary             n=  679 err=   0 errRate=  0.00% avg=  205.51 min=   39.79 max=  504.12 p50=  205.23 p95=  333.39 p99=  412.09 rps=  67.90
  controller.AnalyticsController.maxViewersSummary n=  679 err=   0 errRate=  0.00% avg=  206.01 min=   39.89 max=  504.25 p50=  205.71 p95=  333.56 p99=  412.26 rps=  67.90
  s2s.crud.fetchAllTickets                      n=  679 err=   0 errRate=  0.00% avg=   99.41 min=   13.50 max=  309.93 p50=   95.89 p95=  206.23 p99=  284.82 rps=  67.90
  s2s.crud.fetchFilms                           n=  679 err=   0 errRate=  0.00% avg=  106.08 min=   19.69 max=  388.53 p50=  106.01 p95=  204.74 p99=  280.03 rps=  67.90
window 30s
  calc.additional.maxViewersSummary             n= 1870 err=   0 errRate=  0.00% avg=  225.42 min=   39.79 max=  605.58 p50=  215.58 p95=  396.68 p99=  488.66 rps=  62.33
  controller.AnalyticsController.maxViewersSummary n= 1870 err=   0 errRate=  0.00% avg=  225.80 min=   39.89 max=  605.73 p50=  215.92 p95=  396.82 p99=  488.82 rps=  62.33
  s2s.crud.fetchAllTickets                      n= 1870 err=   0 errRate=  0.00% avg=  110.05 min=   13.50 max=  399.62 p50=  102.13 p95=  210.20 p99=  290.82 rps=  62.33
  s2s.crud.fetchFilms                           n= 1875 err=   0 errRate=  0.00% avg=  115.13 min=   18.98 max=  410.87 p50=  109.14 p95=  212.74 p99=  297.81 rps=  62.50
window 1m
  calc.additional.maxViewersSummary             n= 3583 err=   0 errRate=  0.00% avg=  245.51 min=   39.79 max=  710.92 p50=  224.96 p95=  411.57 p99=  508.38 rps=  59.72
  controller.AnalyticsController.maxViewersSummary n= 3583 err=   0 errRate=  0.00% avg=  245.88 min=   39.89 max=  711.06 p50=  225.32 p95=  411.91 p99=  508.70 rps=  59.72
  s2s.crud.fetchAllTickets                      n= 3583 err=   0 errRate=  0.00% avg=  119.11 min=   13.50 max=  413.09 p50=  107.24 p95=  221.94 p99=  302.34 rps=  59.72
  s2s.crud.fetchFilms                           n= 3580 err=   0 errRate=  0.00% avg=  126.05 min=   18.98 max=  498.91 p50=  112.74 p95=  225.09 p99=  310.33 rps=  59.67

2026-05-05T03:55:50.780Z  INFO 1 --- [lab8-additional-service] [   scheduling-1] r.h.l.a.o.ObservabilityService           : [lab8-additional-service] observability refresh
window 10s
  calc.additional.maxViewersSummary             n=  657 err=   0 errRate=  0.00% avg=  211.20 min=   39.79 max=  506.91 p50=  208.54 p95=  349.61 p99=  419.40 rps=  65.70
  controller.AnalyticsController.maxViewersSummary n=  657 err=   0 errRate=  0.00% avg=  211.62 min=   39.89 max=  507.18 p50=  208.68 p95=  349.74 p99=  419.64 rps=  65.70
  s2s.crud.fetchAllTickets                      n=  657 err=   0 errRate=  0.00% avg=  102.62 min=   13.50 max=  309.93 p50=   99.73 p95=  207.15 p99=  286.96 rps=  65.70
  s2s.crud.fetchFilms                           n=  655 err=   0 errRate=  0.00% avg=  108.55 min=   19.69 max=  388.53 p50=  107.00 p95=  206.87 p99=  296.92 rps=  65.50
window 30s
  calc.additional.maxViewersSummary             n= 1861 err=   0 errRate=  0.00% avg=  225.59 min=   39.79 max=  605.58 p50=  215.77 p95=  396.52 p99=  493.05 rps=  62.03
  controller.AnalyticsController.maxViewersSummary n= 1861 err=   0 errRate=  0.00% avg=  225.97 min=   39.89 max=  605.73 p50=  215.97 p95=  396.64 p99=  493.27 rps=  62.03
  s2s.crud.fetchAllTickets                      n= 1861 err=   0 errRate=  0.00% avg=  110.61 min=   13.50 max=  399.62 p50=  102.76 p95=  209.98 p99=  291.78 rps=  62.03
  s2s.crud.fetchFilms                           n= 1866 err=   0 errRate=  0.00% avg=  114.89 min=   18.98 max=  410.87 p50=  109.23 p95=  211.97 p99=  298.92 rps=  62.20
window 1m
  calc.additional.maxViewersSummary             n= 3561 err=   0 errRate=  0.00% avg=  244.55 min=   39.79 max=  710.92 p50=  224.49 p95=  410.83 p99=  508.08 rps=  59.35
  controller.AnalyticsController.maxViewersSummary n= 3561 err=   0 errRate=  0.00% avg=  244.92 min=   39.89 max=  711.06 p50=  224.87 p95=  411.18 p99=  508.34 rps=  59.35
  s2s.crud.fetchAllTickets                      n= 3561 err=   0 errRate=  0.00% avg=  118.63 min=   13.50 max=  413.09 p50=  107.18 p95=  221.65 p99=  300.96 rps=  59.35
  s2s.crud.fetchFilms                           n= 3560 err=   0 errRate=  0.00% avg=  125.81 min=   18.98 max=  498.91 p50=  112.66 p95=  224.67 p99=  310.28 rps=  59.33

2026-05-05T03:55:51.784Z  INFO 1 --- [lab8-additional-service] [   scheduling-1] r.h.l.a.o.ObservabilityService           : [lab8-additional-service] observability refresh
window 10s
  calc.additional.maxViewersSummary             n=  661 err=   0 errRate=  0.00% avg=  212.31 min=   39.79 max=  521.61 p50=  210.16 p95=  388.50 p99=  428.37 rps=  66.10
  controller.AnalyticsController.maxViewersSummary n=  661 err=   0 errRate=  0.00% avg=  212.57 min=   39.89 max=  521.91 p50=  210.37 p95=  388.65 p99=  428.50 rps=  66.10
  s2s.crud.fetchAllTickets                      n=  661 err=   0 errRate=  0.00% avg=  104.94 min=   12.88 max=  309.93 p50=  100.80 p95=  208.98 p99=  292.61 rps=  66.10
  s2s.crud.fetchFilms                           n=  654 err=   0 errRate=  0.00% avg=  106.77 min=   18.80 max=  388.53 p50=  106.76 p95=  207.24 p99=  301.70 rps=  65.40
window 30s
  calc.additional.maxViewersSummary             n= 1873 err=   0 errRate=  0.00% avg=  225.89 min=   39.79 max=  605.58 p50=  215.77 p95=  397.14 p99=  498.12 rps=  62.43
  controller.AnalyticsController.maxViewersSummary n= 1873 err=   0 errRate=  0.00% avg=  226.26 min=   39.89 max=  605.73 p50=  215.97 p95=  397.28 p99=  498.38 rps=  62.43
  s2s.crud.fetchAllTickets                      n= 1873 err=   0 errRate=  0.00% avg=  111.07 min=   12.88 max=  399.62 p50=  102.89 p95=  210.47 p99=  293.36 rps=  62.43
  s2s.crud.fetchFilms                           n= 1875 err=   0 errRate=  0.00% avg=  114.62 min=   18.80 max=  410.87 p50=  109.14 p95=  212.12 p99=  300.93 rps=  62.50
window 1m
  calc.additional.maxViewersSummary             n= 3554 err=   0 errRate=  0.00% avg=  243.17 min=   39.79 max=  710.92 p50=  223.95 p95=  409.84 p99=  506.95 rps=  59.23
  controller.AnalyticsController.maxViewersSummary n= 3554 err=   0 errRate=  0.00% avg=  243.54 min=   39.89 max=  711.06 p50=  224.15 p95=  410.10 p99=  507.15 rps=  59.23
  s2s.crud.fetchAllTickets                      n= 3554 err=   0 errRate=  0.00% avg=  118.17 min=   12.88 max=  413.09 p50=  106.96 p95=  220.92 p99=  301.04 rps=  59.23
  s2s.crud.fetchFilms                           n= 3552 err=   0 errRate=  0.00% avg=  124.81 min=   18.80 max=  498.91 p50=  112.35 p95=  223.23 p99=  310.82 rps=  59.20

2026-05-05T03:55:52.788Z  INFO 1 --- [lab8-additional-service] [   scheduling-1] r.h.l.a.o.ObservabilityService           : [lab8-additional-service] observability refresh
window 10s
  calc.additional.maxViewersSummary             n=  643 err=   0 errRate=  0.00% avg=  218.79 min=   39.79 max=  521.61 p50=  213.78 p95=  389.92 p99=  428.40 rps=  64.30
  controller.AnalyticsController.maxViewersSummary n=  643 err=   0 errRate=  0.00% avg=  219.05 min=   39.89 max=  521.91 p50=  214.10 p95=  390.05 p99=  428.53 rps=  64.30
  s2s.crud.fetchAllTickets                      n=  643 err=   0 errRate=  0.00% avg=  109.04 min=   12.88 max=  309.93 p50=  103.55 p95=  213.89 p99=  293.07 rps=  64.30
  s2s.crud.fetchFilms                           n=  642 err=   0 errRate=  0.00% avg=  110.52 min=   18.80 max=  388.53 p50=  108.65 p95=  207.72 p99=  301.95 rps=  64.20
window 30s
  calc.additional.maxViewersSummary             n= 1881 err=   0 errRate=  0.00% avg=  225.30 min=   39.79 max=  605.58 p50=  215.27 p95=  397.09 p99=  498.11 rps=  62.70
  controller.AnalyticsController.maxViewersSummary n= 1881 err=   0 errRate=  0.00% avg=  225.67 min=   39.89 max=  605.73 p50=  215.59 p95=  397.33 p99=  498.38 rps=  62.70
  s2s.crud.fetchAllTickets                      n= 1881 err=   0 errRate=  0.00% avg=  110.97 min=   12.88 max=  399.62 p50=  102.76 p95=  213.09 p99=  293.27 rps=  62.70
  s2s.crud.fetchFilms                           n= 1885 err=   0 errRate=  0.00% avg=  114.27 min=   18.80 max=  410.87 p50=  109.03 p95=  211.97 p99=  300.85 rps=  62.83
window 1m
  calc.additional.maxViewersSummary             n= 3552 err=   0 errRate=  0.00% avg=  241.21 min=   39.79 max=  710.92 p50=  223.36 p95=  407.28 p99=  503.70 rps=  59.20
  controller.AnalyticsController.maxViewersSummary n= 3552 err=   0 errRate=  0.00% avg=  241.57 min=   39.89 max=  711.06 p50=  223.62 p95=  407.79 p99=  503.83 rps=  59.20
  s2s.crud.fetchAllTickets                      n= 3552 err=   0 errRate=  0.00% avg=  117.26 min=   12.88 max=  413.09 p50=  106.65 p95=  219.31 p99=  299.45 rps=  59.20
  s2s.crud.fetchFilms                           n= 3550 err=   0 errRate=  0.00% avg=  123.92 min=   18.80 max=  498.91 p50=  112.08 p95=  221.61 p99=  307.60 rps=  59.17

2026-05-05T03:55:53.806Z  INFO 1 --- [lab8-additional-service] [   scheduling-1] r.h.l.a.o.ObservabilityService           : [lab8-additional-service] observability refresh
window 10s
  calc.additional.maxViewersSummary             n=  634 err=   0 errRate=  0.00% avg=  221.83 min=   39.79 max=  521.61 p50=  217.45 p95=  393.16 p99=  431.05 rps=  63.40
  controller.AnalyticsController.maxViewersSummary n=  635 err=   0 errRate=  0.00% avg=  222.06 min=   39.89 max=  521.91 p50=  217.59 p95=  393.37 p99=  431.32 rps=  63.50
  s2s.crud.fetchAllTickets                      n=  634 err=   0 errRate=  0.00% avg=  110.74 min=   12.88 max=  318.34 p50=  104.78 p95=  217.93 p99=  298.09 rps=  63.40
  s2s.crud.fetchFilms                           n=  639 err=   0 errRate=  0.00% avg=  111.00 min=   18.80 max=  388.53 p50=  109.36 p95=  207.70 p99=  296.98 rps=  63.90
window 30s
  calc.additional.maxViewersSummary             n= 1895 err=   0 errRate=  0.00% avg=  224.58 min=   39.79 max=  605.58 p50=  214.96 p95=  396.84 p99=  496.25 rps=  63.17
  controller.AnalyticsController.maxViewersSummary n= 1895 err=   0 errRate=  0.00% avg=  224.95 min=   39.89 max=  605.73 p50=  215.17 p95=  397.10 p99=  496.45 rps=  63.17
  s2s.crud.fetchAllTickets                      n= 1895 err=   0 errRate=  0.00% avg=  110.23 min=   12.88 max=  399.62 p50=  102.32 p95=  212.77 p99=  293.12 rps=  63.17
  s2s.crud.fetchFilms                           n= 1897 err=   0 errRate=  0.00% avg=  114.08 min=   18.80 max=  410.87 p50=  108.90 p95=  211.84 p99=  299.95 rps=  63.23
window 1m
  calc.additional.maxViewersSummary             n= 3537 err=   0 errRate=  0.00% avg=  239.98 min=   39.79 max=  710.92 p50=  222.65 p95=  405.94 p99=  502.88 rps=  58.95
  controller.AnalyticsController.maxViewersSummary n= 3537 err=   0 errRate=  0.00% avg=  240.34 min=   39.89 max=  711.06 p50=  222.99 p95=  406.12 p99=  503.00 rps=  58.95
  s2s.crud.fetchAllTickets                      n= 3537 err=   0 errRate=  0.00% avg=  116.35 min=   12.88 max=  413.09 p50=  106.20 p95=  217.78 p99=  298.74 rps=  58.95
  s2s.crud.fetchFilms                           n= 3539 err=   0 errRate=  0.00% avg=  123.54 min=   18.80 max=  498.91 p50=  111.84 p95=  221.07 p99=  307.38 rps=  58.98

2026-05-05T03:55:54.813Z  INFO 1 --- [lab8-additional-service] [   scheduling-1] r.h.l.a.o.ObservabilityService           : [lab8-additional-service] observability refresh
window 10s
  calc.additional.maxViewersSummary             n=  660 err=   0 errRate=  0.00% avg=  210.43 min=   39.79 max=  521.61 p50=  212.71 p95=  337.69 p99=  413.44 rps=  66.00
  controller.AnalyticsController.maxViewersSummary n=  660 err=   0 errRate=  0.00% avg=  210.69 min=   39.89 max=  521.91 p50=  212.84 p95=  337.82 p99=  413.70 rps=  66.00
  s2s.crud.fetchAllTickets                      n=  660 err=   0 errRate=  0.00% avg=  104.08 min=   12.88 max=  318.34 p50=  101.58 p95=  209.37 p99=  289.13 rps=  66.00
  s2s.crud.fetchFilms                           n=  659 err=   0 errRate=  0.00% avg=  105.85 min=   18.67 max=  388.53 p50=  107.24 p95=  207.22 p99=  296.91 rps=  65.90
window 30s
  calc.additional.maxViewersSummary             n= 1921 err=   0 errRate=  0.00% avg=  220.35 min=   39.79 max=  605.58 p50=  212.27 p95=  396.10 p99=  495.10 rps=  64.03
  controller.AnalyticsController.maxViewersSummary n= 1921 err=   0 errRate=  0.00% avg=  220.71 min=   39.89 max=  605.73 p50=  212.53 p95=  396.23 p99=  495.31 rps=  64.03
  s2s.crud.fetchAllTickets                      n= 1921 err=   0 errRate=  0.00% avg=  108.27 min=   12.88 max=  399.62 p50=  100.90 p95=  210.35 p99=  293.02 rps=  64.03
  s2s.crud.fetchFilms                           n= 1920 err=   0 errRate=  0.00% avg=  111.81 min=   18.67 max=  410.87 p50=  108.30 p95=  210.94 p99=  299.63 rps=  64.00
window 1m
  calc.additional.maxViewersSummary             n= 3581 err=   0 errRate=  0.00% avg=  237.68 min=   39.79 max=  710.92 p50=  221.81 p95=  405.88 p99=  502.37 rps=  59.68
  controller.AnalyticsController.maxViewersSummary n= 3581 err=   0 errRate=  0.00% avg=  238.04 min=   39.89 max=  711.06 p50=  222.20 p95=  406.05 p99=  502.48 rps=  59.68
  s2s.crud.fetchAllTickets                      n= 3581 err=   0 errRate=  0.00% avg=  115.33 min=   12.88 max=  413.09 p50=  105.70 p95=  217.10 p99=  298.23 rps=  59.68
  s2s.crud.fetchFilms                           n= 3580 err=   0 errRate=  0.00% avg=  122.15 min=   18.67 max=  498.91 p50=  111.52 p95=  220.36 p99=  307.31 rps=  59.67

2026-05-05T03:55:55.821Z  INFO 1 --- [lab8-additional-service] [   scheduling-1] r.h.l.a.o.ObservabilityService           : [lab8-additional-service] observability refresh
window 10s
  calc.additional.maxViewersSummary             n=  683 err=   0 errRate=  0.00% avg=  202.14 min=   39.79 max=  521.61 p50=  206.52 p95=  333.59 p99=  412.21 rps=  68.30
  controller.AnalyticsController.maxViewersSummary n=  683 err=   0 errRate=  0.00% avg=  202.40 min=   39.89 max=  521.91 p50=  206.63 p95=  333.70 p99=  412.32 rps=  68.30
  s2s.crud.fetchAllTickets                      n=  683 err=   0 errRate=  0.00% avg=   99.22 min=   12.88 max=  318.34 p50=   97.24 p95=  202.81 p99=  288.51 rps=  68.30
  s2s.crud.fetchFilms                           n=  678 err=   0 errRate=  0.00% avg=  102.66 min=   18.67 max=  388.53 p50=  105.62 p95=  206.08 p99=  298.43 rps=  67.80
window 30s
  calc.additional.maxViewersSummary             n= 1937 err=   0 errRate=  0.00% avg=  216.02 min=   39.79 max=  605.58 p50=  209.30 p95=  393.70 p99=  489.78 rps=  64.57
  controller.AnalyticsController.maxViewersSummary n= 1937 err=   0 errRate=  0.00% avg=  216.38 min=   39.89 max=  605.73 p50=  209.63 p95=  394.38 p99=  489.97 rps=  64.57
  s2s.crud.fetchAllTickets                      n= 1937 err=   0 errRate=  0.00% avg=  105.76 min=   12.88 max=  399.62 p50=   99.17 p95=  209.84 p99=  292.42 rps=  64.57
  s2s.crud.fetchFilms                           n= 1937 err=   0 errRate=  0.00% avg=  109.88 min=   18.67 max=  410.87 p50=  107.49 p95=  210.21 p99=  300.44 rps=  64.57
window 1m
  calc.additional.maxViewersSummary             n= 3615 err=   0 errRate=  0.00% avg=  234.84 min=   39.79 max=  710.92 p50=  220.85 p95=  404.56 p99=  501.37 rps=  60.25
  controller.AnalyticsController.maxViewersSummary n= 3615 err=   0 errRate=  0.00% avg=  235.20 min=   39.89 max=  711.06 p50=  221.15 p95=  404.91 p99=  501.52 rps=  60.25
  s2s.crud.fetchAllTickets                      n= 3615 err=   0 errRate=  0.00% avg=  113.87 min=   12.88 max=  413.09 p50=  104.80 p95=  214.49 p99=  297.81 rps=  60.25
  s2s.crud.fetchFilms                           n= 3613 err=   0 errRate=  0.00% avg=  120.68 min=   18.67 max=  498.91 p50=  111.08 p95=  219.70 p99=  306.07 rps=  60.22

2026-05-05T03:55:56.825Z  INFO 1 --- [lab8-additional-service] [   scheduling-1] r.h.l.a.o.ObservabilityService           : [lab8-additional-service] observability refresh
window 10s
  calc.additional.maxViewersSummary             n=  663 err=   0 errRate=  0.00% avg=  206.54 min=   39.79 max=  521.61 p50=  207.27 p95=  388.49 p99=  417.64 rps=  66.30
  controller.AnalyticsController.maxViewersSummary n=  663 err=   0 errRate=  0.00% avg=  206.81 min=   39.89 max=  521.91 p50=  207.83 p95=  388.64 p99=  417.83 rps=  66.30
  s2s.crud.fetchAllTickets                      n=  663 err=   0 errRate=  0.00% avg=  100.92 min=   12.88 max=  318.34 p50=   97.99 p95=  202.81 p99=  289.05 rps=  66.30
  s2s.crud.fetchFilms                           n=  670 err=   0 errRate=  0.00% avg=  106.05 min=   18.67 max=  388.53 p50=  106.78 p95=  208.23 p99=  303.56 rps=  67.00
window 30s
  calc.additional.maxViewersSummary             n= 1947 err=   0 errRate=  0.00% avg=  214.66 min=   39.79 max=  605.58 p50=  208.21 p95=  393.33 p99=  440.76 rps=  64.90
  controller.AnalyticsController.maxViewersSummary n= 1947 err=   0 errRate=  0.00% avg=  215.01 min=   39.89 max=  605.73 p50=  208.68 p95=  393.53 p99=  440.90 rps=  64.90
  s2s.crud.fetchAllTickets                      n= 1947 err=   0 errRate=  0.00% avg=  105.13 min=   12.88 max=  399.62 p50=   99.24 p95=  208.81 p99=  290.44 rps=  64.90
  s2s.crud.fetchFilms                           n= 1950 err=   0 errRate=  0.00% avg=  109.39 min=   18.67 max=  397.36 p50=  107.15 p95=  210.07 p99=  299.17 rps=  65.00
window 1m
  calc.additional.maxViewersSummary             n= 3621 err=   0 errRate=  0.00% avg=  234.41 min=   39.79 max=  710.92 p50=  220.53 p95=  404.49 p99=  500.87 rps=  60.35
  controller.AnalyticsController.maxViewersSummary n= 3621 err=   0 errRate=  0.00% avg=  234.76 min=   39.89 max=  711.06 p50=  220.98 p95=  404.64 p99=  501.25 rps=  60.35
  s2s.crud.fetchAllTickets                      n= 3621 err=   0 errRate=  0.00% avg=  113.67 min=   12.88 max=  413.09 p50=  104.82 p95=  213.81 p99=  297.21 rps=  60.35
  s2s.crud.fetchFilms                           n= 3621 err=   0 errRate=  0.00% avg=  120.48 min=   18.67 max=  498.91 p50=  110.99 p95=  219.57 p99=  306.89 rps=  60.35

2026-05-05T03:55:57.833Z  INFO 1 --- [lab8-additional-service] [   scheduling-1] r.h.l.a.o.ObservabilityService           : [lab8-additional-service] observability refresh
window 10s
  calc.additional.maxViewersSummary             n=  688 err=   0 errRate=  0.00% avg=  197.16 min=   40.65 max=  521.61 p50=  201.88 p95=  349.21 p99=  417.57 rps=  68.80
  controller.AnalyticsController.maxViewersSummary n=  688 err=   0 errRate=  0.00% avg=  197.39 min=   40.74 max=  521.91 p50=  202.09 p95=  349.45 p99=  417.70 rps=  68.80
  s2s.crud.fetchAllTickets                      n=  688 err=   0 errRate=  0.00% avg=   96.42 min=   12.88 max=  318.34 p50=   95.83 p95=  198.99 p99=  288.38 rps=  68.80
  s2s.crud.fetchFilms                           n=  686 err=   0 errRate=  0.00% avg=  100.22 min=   17.98 max=  388.53 p50=  104.88 p95=  207.46 p99=  303.55 rps=  68.60
window 30s
  calc.additional.maxViewersSummary             n= 1978 err=   0 errRate=  0.00% avg=  211.38 min=   39.79 max=  605.58 p50=  207.09 p95=  391.93 p99=  440.17 rps=  65.93
  controller.AnalyticsController.maxViewersSummary n= 1978 err=   0 errRate=  0.00% avg=  211.74 min=   39.89 max=  605.73 p50=  207.54 p95=  392.23 p99=  440.30 rps=  65.93
  s2s.crud.fetchAllTickets                      n= 1978 err=   0 errRate=  0.00% avg=  103.54 min=   12.88 max=  399.62 p50=   98.27 p95=  207.56 p99=  290.39 rps=  65.93
  s2s.crud.fetchFilms                           n= 1975 err=   0 errRate=  0.00% avg=  107.73 min=   17.98 max=  397.36 p50=  106.78 p95=  209.39 p99=  298.79 rps=  65.83
window 1m
  calc.additional.maxViewersSummary             n= 3657 err=   0 errRate=  0.00% avg=  231.37 min=   39.79 max=  710.92 p50=  219.19 p95=  402.66 p99=  500.66 rps=  60.95
  controller.AnalyticsController.maxViewersSummary n= 3657 err=   0 errRate=  0.00% avg=  231.71 min=   39.89 max=  711.06 p50=  219.61 p95=  402.96 p99=  501.25 rps=  60.95
  s2s.crud.fetchAllTickets                      n= 3657 err=   0 errRate=  0.00% avg=  112.20 min=   12.88 max=  413.09 p50=  104.19 p95=  212.91 p99=  296.30 rps=  60.95
  s2s.crud.fetchFilms                           n= 3652 err=   0 errRate=  0.00% avg=  119.04 min=   17.98 max=  498.91 p50=  110.59 p95=  219.00 p99=  306.65 rps=  60.87

2026-05-05T03:55:58.839Z  INFO 1 --- [lab8-additional-service] [   scheduling-1] r.h.l.a.o.ObservabilityService           : [lab8-additional-service] observability refresh
window 10s
  calc.additional.maxViewersSummary             n=  708 err=   0 errRate=  0.00% avg=  188.94 min=   40.65 max=  521.61 p50=  195.36 p95=  328.66 p99=  417.31 rps=  70.80
  controller.AnalyticsController.maxViewersSummary n=  708 err=   0 errRate=  0.00% avg=  189.17 min=   40.74 max=  521.91 p50=  196.02 p95=  328.86 p99=  417.41 rps=  70.80
  s2s.crud.fetchAllTickets                      n=  708 err=   0 errRate=  0.00% avg=   92.52 min=   12.88 max=  318.34 p50=   91.34 p95=  197.41 p99=  287.03 rps=  70.80
  s2s.crud.fetchFilms                           n=  708 err=   0 errRate=  0.00% avg=   95.86 min=   17.98 max=  388.53 p50=  101.20 p95=  207.35 p99=  302.40 rps=  70.80
window 30s
  calc.additional.maxViewersSummary             n= 1995 err=   0 errRate=  0.00% avg=  208.40 min=   39.79 max=  605.58 p50=  205.59 p95=  386.47 p99=  439.85 rps=  66.50
  controller.AnalyticsController.maxViewersSummary n= 1995 err=   0 errRate=  0.00% avg=  208.75 min=   39.89 max=  605.73 p50=  205.87 p95=  386.80 p99=  439.98 rps=  66.50
  s2s.crud.fetchAllTickets                      n= 1995 err=   0 errRate=  0.00% avg=  101.78 min=   12.88 max=  399.62 p50=   97.49 p95=  205.10 p99=  288.08 rps=  66.50
  s2s.crud.fetchFilms                           n= 1996 err=   0 errRate=  0.00% avg=  106.20 min=   17.98 max=  397.36 p50=  106.28 p95=  208.34 p99=  298.47 rps=  66.53
window 1m
  calc.additional.maxViewersSummary             n= 3679 err=   0 errRate=  0.00% avg=  229.22 min=   39.79 max=  710.92 p50=  218.40 p95=  402.16 p99=  500.54 rps=  61.32
  controller.AnalyticsController.maxViewersSummary n= 3679 err=   0 errRate=  0.00% avg=  229.56 min=   39.89 max=  711.06 p50=  218.63 p95=  402.40 p99=  501.25 rps=  61.32
  s2s.crud.fetchAllTickets                      n= 3679 err=   0 errRate=  0.00% avg=  111.23 min=   12.88 max=  413.09 p50=  103.55 p95=  212.60 p99=  294.60 rps=  61.32
  s2s.crud.fetchFilms                           n= 3683 err=   0 errRate=  0.00% avg=  117.78 min=   17.98 max=  498.91 p50=  110.04 p95=  217.48 p99=  306.41 rps=  61.38

2026-05-05T03:55:59.843Z  INFO 1 --- [lab8-additional-service] [   scheduling-1] r.h.l.a.o.ObservabilityService           : [lab8-additional-service] observability refresh
window 10s
  calc.additional.maxViewersSummary             n=  727 err=   0 errRate=  0.00% avg=  178.97 min=   40.65 max=  521.61 p50=  167.33 p95=  325.79 p99=  414.27 rps=  72.70
  controller.AnalyticsController.maxViewersSummary n=  727 err=   0 errRate=  0.00% avg=  179.20 min=   40.74 max=  521.91 p50=  167.47 p95=  326.57 p99=  414.39 rps=  72.70
  s2s.crud.fetchAllTickets                      n=  727 err=   0 errRate=  0.00% avg=   87.55 min=   12.88 max=  318.34 p50=   81.82 p95=  195.71 p99=  268.67 rps=  72.70
  s2s.crud.fetchFilms                           n=  726 err=   0 errRate=  0.00% avg=   90.88 min=   17.98 max=  349.22 p50=   96.91 p95=  206.02 p99=  298.64 rps=  72.60
window 30s
  calc.additional.maxViewersSummary             n= 2030 err=   0 errRate=  0.00% avg=  202.88 min=   39.79 max=  591.02 p50=  203.81 p95=  334.84 p99=  417.72 rps=  67.67
  controller.AnalyticsController.maxViewersSummary n= 2030 err=   0 errRate=  0.00% avg=  203.23 min=   39.89 max=  591.27 p50=  204.27 p95=  334.95 p99=  418.00 rps=  67.67
  s2s.crud.fetchAllTickets                      n= 2030 err=   0 errRate=  0.00% avg=   99.08 min=   12.88 max=  318.34 p50=   96.16 p95=  202.36 p99=  281.45 rps=  67.67
  s2s.crud.fetchFilms                           n= 2029 err=   0 errRate=  0.00% avg=  103.47 min=   17.98 max=  397.36 p50=  105.04 p95=  207.68 p99=  296.19 rps=  67.63
window 1m
  calc.additional.maxViewersSummary             n= 3713 err=   0 errRate=  0.00% avg=  226.16 min=   39.79 max=  622.49 p50=  217.22 p95=  400.32 p99=  494.96 rps=  61.88
  controller.AnalyticsController.maxViewersSummary n= 3713 err=   0 errRate=  0.00% avg=  226.49 min=   39.89 max=  622.64 p50=  217.49 p95=  400.87 p99=  495.22 rps=  61.88
  s2s.crud.fetchAllTickets                      n= 3713 err=   0 errRate=  0.00% avg=  110.01 min=   12.88 max=  399.62 p50=  103.11 p95=  210.54 p99=  293.82 rps=  61.88
  s2s.crud.fetchFilms                           n= 3712 err=   0 errRate=  0.00% avg=  115.96 min=   17.98 max=  498.91 p50=  109.66 p95=  215.20 p99=  302.78 rps=  61.87

2026-05-05T03:56:00.848Z  INFO 1 --- [lab8-additional-service] [   scheduling-1] r.h.l.a.o.ObservabilityService           : [lab8-additional-service] observability refresh
window 10s
  calc.additional.maxViewersSummary             n=  744 err=   0 errRate=  0.00% avg=  173.80 min=   40.65 max=  521.61 p50=  155.31 p95=  320.20 p99=  410.86 rps=  74.40
  controller.AnalyticsController.maxViewersSummary n=  744 err=   0 errRate=  0.00% avg=  174.03 min=   40.74 max=  521.91 p50=  155.64 p95=  320.35 p99=  411.05 rps=  74.40
  s2s.crud.fetchAllTickets                      n=  744 err=   0 errRate=  0.00% avg=   85.63 min=   12.88 max=  318.34 p50=   79.86 p95=  195.57 p99=  268.47 rps=  74.40
  s2s.crud.fetchFilms                           n=  747 err=   0 errRate=  0.00% avg=   87.82 min=   17.98 max=  349.22 p50=   95.17 p95=  199.27 p99=  294.49 rps=  74.70
window 30s
  calc.additional.maxViewersSummary             n= 2041 err=   0 errRate=  0.00% avg=  201.14 min=   39.79 max=  591.02 p50=  203.15 p95=  333.36 p99=  417.12 rps=  68.03
  controller.AnalyticsController.maxViewersSummary n= 2041 err=   0 errRate=  0.00% avg=  201.49 min=   39.89 max=  591.27 p50=  203.40 p95=  333.54 p99=  417.26 rps=  68.03
  s2s.crud.fetchAllTickets                      n= 2041 err=   0 errRate=  0.00% avg=   98.19 min=   12.88 max=  318.34 p50=   95.84 p95=  202.26 p99=  281.33 rps=  68.03
  s2s.crud.fetchFilms                           n= 2041 err=   0 errRate=  0.00% avg=  102.78 min=   17.98 max=  397.36 p50=  104.62 p95=  207.50 p99=  295.95 rps=  68.03
window 1m
  calc.additional.maxViewersSummary             n= 3727 err=   0 errRate=  0.00% avg=  224.78 min=   39.79 max=  622.49 p50=  216.87 p95=  399.55 p99=  494.33 rps=  62.12
  controller.AnalyticsController.maxViewersSummary n= 3727 err=   0 errRate=  0.00% avg=  225.12 min=   39.89 max=  622.64 p50=  217.14 p95=  399.78 p99=  494.59 rps=  62.12
  s2s.crud.fetchAllTickets                      n= 3727 err=   0 errRate=  0.00% avg=  109.29 min=   12.88 max=  399.62 p50=  102.83 p95=  209.94 p99=  293.70 rps=  62.12
  s2s.crud.fetchFilms                           n= 3731 err=   0 errRate=  0.00% avg=  115.32 min=   17.98 max=  498.91 p50=  109.48 p95=  215.02 p99=  302.77 rps=  62.18

2026-05-05T03:56:01.852Z  INFO 1 --- [lab8-additional-service] [   scheduling-1] r.h.l.a.o.ObservabilityService           : [lab8-additional-service] observability refresh
window 10s
  calc.additional.maxViewersSummary             n=  744 err=   0 errRate=  0.00% avg=  172.17 min=   40.65 max=  432.31 p50=  159.16 p95=  316.56 p99=  404.38 rps=  74.40
  controller.AnalyticsController.maxViewersSummary n=  744 err=   0 errRate=  0.00% avg=  172.41 min=   40.74 max=  432.72 p50=  159.33 p95=  316.86 p99=  404.91 rps=  74.40
  s2s.crud.fetchAllTickets                      n=  744 err=   0 errRate=  0.00% avg=   83.67 min=   13.29 max=  318.34 p50=   79.23 p95=  194.08 p99=  228.59 rps=  74.40
  s2s.crud.fetchFilms                           n=  742 err=   0 errRate=  0.00% avg=   89.72 min=   17.98 max=  394.81 p50=   96.70 p95=  201.57 p99=  288.17 rps=  74.20
window 30s
  calc.additional.maxViewersSummary             n= 2050 err=   0 errRate=  0.00% avg=  199.16 min=   39.79 max=  591.02 p50=  202.42 p95=  332.24 p99=  415.46 rps=  68.33
  controller.AnalyticsController.maxViewersSummary n= 2050 err=   0 errRate=  0.00% avg=  199.50 min=   39.89 max=  591.27 p50=  202.67 p95=  332.34 p99=  415.62 rps=  68.33
  s2s.crud.fetchAllTickets                      n= 2050 err=   0 errRate=  0.00% avg=   96.98 min=   12.88 max=  318.34 p50=   95.28 p95=  201.55 p99=  279.73 rps=  68.33
  s2s.crud.fetchFilms                           n= 2050 err=   0 errRate=  0.00% avg=  102.15 min=   17.98 max=  397.36 p50=  104.50 p95=  206.47 p99=  294.47 rps=  68.33
window 1m
  calc.additional.maxViewersSummary             n= 3737 err=   0 errRate=  0.00% avg=  223.56 min=   39.79 max=  622.49 p50=  216.42 p95=  398.81 p99=  490.71 rps=  62.28
  controller.AnalyticsController.maxViewersSummary n= 3737 err=   0 errRate=  0.00% avg=  223.90 min=   39.89 max=  622.64 p50=  216.57 p95=  399.04 p99=  490.92 rps=  62.28
  s2s.crud.fetchAllTickets                      n= 3737 err=   0 errRate=  0.00% avg=  108.61 min=   12.88 max=  399.62 p50=  102.60 p95=  209.15 p99=  293.07 rps=  62.28
  s2s.crud.fetchFilms                           n= 3736 err=   0 errRate=  0.00% avg=  114.97 min=   17.98 max=  498.91 p50=  109.36 p95=  214.51 p99=  302.77 rps=  62.27

2026-05-05T03:56:02.856Z  INFO 1 --- [lab8-additional-service] [   scheduling-1] r.h.l.a.o.ObservabilityService           : [lab8-additional-service] observability refresh
window 10s
  calc.additional.maxViewersSummary             n=  743 err=   0 errRate=  0.00% avg=  173.84 min=   40.65 max=  491.53 p50=  162.61 p95=  319.09 p99=  406.74 rps=  74.30
  controller.AnalyticsController.maxViewersSummary n=  743 err=   0 errRate=  0.00% avg=  174.08 min=   40.74 max=  491.99 p50=  162.71 p95=  319.39 p99=  406.84 rps=  74.30
  s2s.crud.fetchAllTickets                      n=  743 err=   0 errRate=  0.00% avg=   83.70 min=   13.29 max=  318.34 p50=   79.90 p95=  191.20 p99=  218.01 rps=  74.30
  s2s.crud.fetchFilms                           n=  740 err=   0 errRate=  0.00% avg=   90.28 min=   17.98 max=  394.81 p50=   96.72 p95=  201.87 p99=  282.40 rps=  74.00
window 30s
  calc.additional.maxViewersSummary             n= 2052 err=   0 errRate=  0.00% avg=  199.67 min=   39.79 max=  521.61 p50=  203.14 p95=  331.81 p99=  412.42 rps=  68.40
  controller.AnalyticsController.maxViewersSummary n= 2052 err=   0 errRate=  0.00% avg=  200.02 min=   39.89 max=  521.91 p50=  203.32 p95=  331.98 p99=  412.72 rps=  68.40
  s2s.crud.fetchAllTickets                      n= 2052 err=   0 errRate=  0.00% avg=   97.38 min=   12.88 max=  318.34 p50=   95.48 p95=  201.45 p99=  279.71 rps=  68.40
  s2s.crud.fetchFilms                           n= 2047 err=   0 errRate=  0.00% avg=  102.20 min=   17.98 max=  394.81 p50=  104.87 p95=  206.02 p99=  292.25 rps=  68.23
window 1m
  calc.additional.maxViewersSummary             n= 3743 err=   0 errRate=  0.00% avg=  223.41 min=   39.79 max=  622.49 p50=  216.11 p95=  398.69 p99=  491.31 rps=  62.38
  controller.AnalyticsController.maxViewersSummary n= 3743 err=   0 errRate=  0.00% avg=  223.72 min=   39.89 max=  622.64 p50=  216.30 p95=  398.91 p99=  491.67 rps=  62.38
  s2s.crud.fetchAllTickets                      n= 3743 err=   0 errRate=  0.00% avg=  108.45 min=   12.88 max=  399.62 p50=  102.58 p95=  208.89 p99=  292.78 rps=  62.38
  s2s.crud.fetchFilms                           n= 3738 err=   0 errRate=  0.00% avg=  114.90 min=   17.98 max=  498.91 p50=  109.36 p95=  215.01 p99=  302.77 rps=  62.30

2026-05-05T03:56:03.862Z  INFO 1 --- [lab8-additional-service] [   scheduling-1] r.h.l.a.o.ObservabilityService           : [lab8-additional-service] observability refresh
window 10s
  calc.additional.maxViewersSummary             n=  733 err=   0 errRate=  0.00% avg=  176.73 min=   40.65 max=  521.70 p50=  167.59 p95=  323.69 p99=  407.48 rps=  73.30
  controller.AnalyticsController.maxViewersSummary n=  733 err=   0 errRate=  0.00% avg=  176.97 min=   40.74 max=  521.96 p50=  168.51 p95=  323.79 p99=  407.59 rps=  73.30
  s2s.crud.fetchAllTickets                      n=  733 err=   0 errRate=  0.00% avg=   85.47 min=   13.29 max=  316.87 p50=   80.51 p95=  194.70 p99=  217.52 rps=  73.30
  s2s.crud.fetchFilms                           n=  734 err=   0 errRate=  0.00% avg=   91.63 min=   17.98 max=  394.81 p50=   97.60 p95=  205.79 p99=  282.71 rps=  73.40
window 30s
  calc.additional.maxViewersSummary             n= 2051 err=   0 errRate=  0.00% avg=  199.99 min=   39.79 max=  521.70 p50=  203.36 p95=  331.55 p99=  414.18 rps=  68.37
  controller.AnalyticsController.maxViewersSummary n= 2051 err=   0 errRate=  0.00% avg=  200.34 min=   39.89 max=  521.96 p50=  203.54 p95=  331.92 p99=  414.29 rps=  68.37
  s2s.crud.fetchAllTickets                      n= 2051 err=   0 errRate=  0.00% avg=   97.38 min=   12.88 max=  318.34 p50=   95.49 p95=  201.84 p99=  280.43 rps=  68.37
  s2s.crud.fetchFilms                           n= 2048 err=   0 errRate=  0.00% avg=  102.67 min=   17.98 max=  394.81 p50=  104.88 p95=  206.67 p99=  292.24 rps=  68.27
window 1m
  calc.additional.maxViewersSummary             n= 3753 err=   0 errRate=  0.00% avg=  223.47 min=   39.79 max=  622.49 p50=  216.11 p95=  398.28 p99=  493.49 rps=  62.55
  controller.AnalyticsController.maxViewersSummary n= 3753 err=   0 errRate=  0.00% avg=  223.79 min=   39.89 max=  622.64 p50=  216.35 p95=  398.50 p99=  493.80 rps=  62.55
  s2s.crud.fetchAllTickets                      n= 3753 err=   0 errRate=  0.00% avg=  108.38 min=   12.88 max=  399.62 p50=  102.53 p95=  208.93 p99=  292.97 rps=  62.55
  s2s.crud.fetchFilms                           n= 3754 err=   0 errRate=  0.00% avg=  114.96 min=   17.98 max=  498.91 p50=  109.36 p95=  215.04 p99=  301.87 rps=  62.57

2026-05-05T03:56:04.874Z  INFO 1 --- [lab8-additional-service] [   scheduling-1] r.h.l.a.o.ObservabilityService           : [lab8-additional-service] observability refresh
window 10s
  calc.additional.maxViewersSummary             n=  731 err=   0 errRate=  0.00% avg=  181.90 min=   40.65 max=  521.70 p50=  194.10 p95=  323.71 p99=  407.63 rps=  73.10
  controller.AnalyticsController.maxViewersSummary n=  731 err=   0 errRate=  0.00% avg=  182.13 min=   40.74 max=  521.96 p50=  194.23 p95=  323.81 p99=  407.74 rps=  73.10
  s2s.crud.fetchAllTickets                      n=  731 err=   0 errRate=  0.00% avg=   87.25 min=   13.29 max=  316.87 p50=   86.52 p95=  195.76 p99=  217.57 rps=  73.10
  s2s.crud.fetchFilms                           n=  732 err=   0 errRate=  0.00% avg=   94.42 min=   17.98 max=  394.81 p50=  100.21 p95=  205.81 p99=  282.81 rps=  73.20
window 30s
  calc.additional.maxViewersSummary             n= 2073 err=   0 errRate=  0.00% avg=  197.93 min=   39.79 max=  521.70 p50=  202.47 p95=  329.57 p99=  412.17 rps=  69.10
  controller.AnalyticsController.maxViewersSummary n= 2073 err=   0 errRate=  0.00% avg=  198.28 min=   39.89 max=  521.96 p50=  202.76 p95=  329.85 p99=  412.43 rps=  69.10
  s2s.crud.fetchAllTickets                      n= 2073 err=   0 errRate=  0.00% avg=   95.87 min=   12.88 max=  318.34 p50=   94.63 p95=  199.99 p99=  278.65 rps=  69.10
  s2s.crud.fetchFilms                           n= 2075 err=   0 errRate=  0.00% avg=  101.86 min=   17.98 max=  394.81 p50=  104.42 p95=  206.13 p99=  292.11 rps=  69.17
window 1m
  calc.additional.maxViewersSummary             n= 3787 err=   0 errRate=  0.00% avg=  221.91 min=   39.79 max=  622.49 p50=  215.74 p95=  396.99 p99=  489.12 rps=  63.12
  controller.AnalyticsController.maxViewersSummary n= 3787 err=   0 errRate=  0.00% avg=  222.22 min=   39.89 max=  622.64 p50=  215.94 p95=  397.26 p99=  490.02 rps=  63.12
  s2s.crud.fetchAllTickets                      n= 3787 err=   0 errRate=  0.00% avg=  107.58 min=   12.88 max=  399.62 p50=  101.68 p95=  208.74 p99=  292.91 rps=  63.12
  s2s.crud.fetchFilms                           n= 3779 err=   0 errRate=  0.00% avg=  114.08 min=   17.98 max=  498.91 p50=  108.96 p95=  213.98 p99=  301.70 rps=  62.98

2026-05-05T03:56:05.878Z  INFO 1 --- [lab8-additional-service] [   scheduling-1] r.h.l.a.o.ObservabilityService           : [lab8-additional-service] observability refresh
window 10s
  calc.additional.maxViewersSummary             n=  748 err=   0 errRate=  0.00% avg=  171.36 min=   30.66 max=  521.70 p50=  156.23 p95=  320.88 p99=  401.30 rps=  74.80
  controller.AnalyticsController.maxViewersSummary n=  748 err=   0 errRate=  0.00% avg=  171.59 min=   30.77 max=  521.96 p50=  156.55 p95=  320.99 p99=  402.15 rps=  74.80
  s2s.crud.fetchAllTickets                      n=  748 err=   0 errRate=  0.00% avg=   82.86 min=   13.08 max=  316.87 p50=   80.24 p95=  193.93 p99=  217.15 rps=  74.80
  s2s.crud.fetchFilms                           n=  751 err=   0 errRate=  0.00% avg=   88.64 min=   17.53 max=  394.81 p50=   97.71 p95=  204.52 p99=  256.42 rps=  75.10
window 30s
  calc.additional.maxViewersSummary             n= 2115 err=   0 errRate=  0.00% avg=  191.37 min=   30.66 max=  521.70 p50=  198.43 p95=  327.37 p99=  411.08 rps=  70.50
  controller.AnalyticsController.maxViewersSummary n= 2115 err=   0 errRate=  0.00% avg=  191.71 min=   30.77 max=  521.96 p50=  198.69 p95=  327.56 p99=  411.42 rps=  70.50
  s2s.crud.fetchAllTickets                      n= 2115 err=   0 errRate=  0.00% avg=   92.85 min=   12.88 max=  318.34 p50=   92.57 p95=  198.55 p99=  276.37 rps=  70.50
  s2s.crud.fetchFilms                           n= 2114 err=   0 errRate=  0.00% avg=   98.37 min=   17.53 max=  394.81 p50=  103.07 p95=  204.79 p99=  288.65 rps=  70.47
window 1m
  calc.additional.maxViewersSummary             n= 3823 err=   0 errRate=  0.00% avg=  218.07 min=   30.66 max=  622.49 p50=  213.63 p95=  396.62 p99=  488.66 rps=  63.72
  controller.AnalyticsController.maxViewersSummary n= 3823 err=   0 errRate=  0.00% avg=  218.38 min=   30.77 max=  622.64 p50=  213.91 p95=  396.84 p99=  489.49 rps=  63.72
  s2s.crud.fetchAllTickets                      n= 3823 err=   0 errRate=  0.00% avg=  105.79 min=   12.88 max=  399.62 p50=  100.50 p95=  207.92 p99=  292.83 rps=  63.72
  s2s.crud.fetchFilms                           n= 3825 err=   0 errRate=  0.00% avg=  112.16 min=   17.53 max=  498.91 p50=  108.44 p95=  213.60 p99=  301.48 rps=  63.75

2026-05-05T03:56:06.882Z  INFO 1 --- [lab8-additional-service] [   scheduling-1] r.h.l.a.o.ObservabilityService           : [lab8-additional-service] observability refresh
window 10s
  calc.additional.maxViewersSummary             n=  798 err=   0 errRate=  0.00% avg=  158.09 min=   30.66 max=  521.70 p50=  133.27 p95=  314.81 p99=  379.28 rps=  79.80
  controller.AnalyticsController.maxViewersSummary n=  798 err=   0 errRate=  0.00% avg=  158.31 min=   30.77 max=  521.96 p50=  133.38 p95=  315.00 p99=  379.40 rps=  79.80
  s2s.crud.fetchAllTickets                      n=  798 err=   0 errRate=  0.00% avg=   76.53 min=   13.08 max=  316.87 p50=   70.30 p95=  190.84 p99=  215.94 rps=  79.80
  s2s.crud.fetchFilms                           n=  797 err=   0 errRate=  0.00% avg=   81.13 min=   17.53 max=  394.81 p50=   66.79 p95=  199.35 p99=  221.32 rps=  79.70
window 30s
  calc.additional.maxViewersSummary             n= 2154 err=   0 errRate=  0.00% avg=  185.84 min=   30.66 max=  521.70 p50=  194.08 p95=  326.00 p99=  410.53 rps=  71.80
  controller.AnalyticsController.maxViewersSummary n= 2154 err=   0 errRate=  0.00% avg=  186.18 min=   30.77 max=  521.96 p50=  194.45 p95=  326.58 p99=  410.77 rps=  71.80
  s2s.crud.fetchAllTickets                      n= 2154 err=   0 errRate=  0.00% avg=   90.25 min=   12.88 max=  318.34 p50=   89.08 p95=  197.98 p99=  273.02 rps=  71.80
  s2s.crud.fetchFilms                           n= 2158 err=   0 errRate=  0.00% avg=   95.40 min=   17.53 max=  394.81 p50=  101.26 p95=  204.28 p99=  281.50 rps=  71.93
window 1m
  calc.additional.maxViewersSummary             n= 3875 err=   0 errRate=  0.00% avg=  214.04 min=   30.66 max=  622.49 p50=  211.68 p95=  395.62 p99=  486.00 rps=  64.58
  controller.AnalyticsController.maxViewersSummary n= 3875 err=   0 errRate=  0.00% avg=  214.35 min=   30.77 max=  622.64 p50=  212.01 p95=  395.89 p99=  486.86 rps=  64.58
  s2s.crud.fetchAllTickets                      n= 3875 err=   0 errRate=  0.00% avg=  103.88 min=   12.88 max=  399.62 p50=   99.18 p95=  207.12 p99=  291.87 rps=  64.58
  s2s.crud.fetchFilms                           n= 3875 err=   0 errRate=  0.00% avg=  110.00 min=   17.53 max=  498.91 p50=  107.81 p95=  212.07 p99=  300.13 rps=  64.58

2026-05-05T03:56:07.886Z  INFO 1 --- [lab8-additional-service] [   scheduling-1] r.h.l.a.o.ObservabilityService           : [lab8-additional-service] observability refresh
window 10s
  calc.additional.maxViewersSummary             n=  825 err=   0 errRate=  0.00% avg=  151.72 min=   30.66 max=  521.70 p50=  126.69 p95=  312.74 p99=  376.13 rps=  82.50
  controller.AnalyticsController.maxViewersSummary n=  825 err=   0 errRate=  0.00% avg=  151.94 min=   30.77 max=  521.96 p50=  126.86 p95=  312.86 p99=  376.24 rps=  82.50
  s2s.crud.fetchAllTickets                      n=  825 err=   0 errRate=  0.00% avg=   72.89 min=   13.08 max=  316.87 p50=   60.82 p95=  189.24 p99=  215.46 rps=  82.50
  s2s.crud.fetchFilms                           n=  828 err=   0 errRate=  0.00% avg=   78.64 min=   17.53 max=  394.81 p50=   60.33 p95=  198.59 p99=  221.05 rps=  82.80
window 30s
  calc.additional.maxViewersSummary             n= 2226 err=   0 errRate=  0.00% avg=  179.62 min=   30.66 max=  521.70 p50=  182.34 p95=  324.68 p99=  409.03 rps=  74.20
  controller.AnalyticsController.maxViewersSummary n= 2226 err=   0 errRate=  0.00% avg=  179.95 min=   30.77 max=  521.96 p50=  182.72 p95=  324.97 p99=  409.20 rps=  74.20
  s2s.crud.fetchAllTickets                      n= 2226 err=   0 errRate=  0.00% avg=   86.98 min=   12.88 max=  318.34 p50=   83.83 p95=  195.72 p99=  268.86 rps=  74.20
  s2s.crud.fetchFilms                           n= 2222 err=   0 errRate=  0.00% avg=   92.32 min=   17.53 max=  394.81 p50=   99.15 p95=  202.52 p99=  278.93 rps=  74.07
window 1m
  calc.additional.maxViewersSummary             n= 3937 err=   0 errRate=  0.00% avg=  209.60 min=   30.66 max=  622.49 p50=  208.90 p95=  393.40 p99=  480.10 rps=  65.62
  controller.AnalyticsController.maxViewersSummary n= 3937 err=   0 errRate=  0.00% avg=  209.91 min=   30.77 max=  622.64 p50=  209.21 p95=  393.64 p99=  480.29 rps=  65.62
  s2s.crud.fetchAllTickets                      n= 3937 err=   0 errRate=  0.00% avg=  101.45 min=   12.88 max=  399.62 p50=   97.86 p95=  205.57 p99=  290.93 rps=  65.62
  s2s.crud.fetchFilms                           n= 3938 err=   0 errRate=  0.00% avg=  108.01 min=   17.53 max=  498.91 p50=  107.12 p95=  211.83 p99=  298.86 rps=  65.63

2026-05-05T03:56:08.891Z  INFO 1 --- [lab8-additional-service] [   scheduling-1] r.h.l.a.o.ObservabilityService           : [lab8-additional-service] observability refresh
window 10s
  calc.additional.maxViewersSummary             n=  874 err=   0 errRate=  0.00% avg=  140.08 min=   30.66 max=  521.70 p50=  111.95 p95=  309.47 p99=  370.31 rps=  87.40
  controller.AnalyticsController.maxViewersSummary n=  874 err=   0 errRate=  0.00% avg=  140.30 min=   30.77 max=  521.96 p50=  112.13 p95=  309.57 p99=  370.41 rps=  87.40
  s2s.crud.fetchAllTickets                      n=  874 err=   0 errRate=  0.00% avg=   66.44 min=   13.08 max=  316.87 p50=   48.77 p95=  180.13 p99=  212.37 rps=  87.40
  s2s.crud.fetchFilms                           n=  873 err=   0 errRate=  0.00% avg=   73.37 min=   17.53 max=  394.81 p50=   51.88 p95=  195.14 p99=  221.78 rps=  87.30
window 30s
  calc.additional.maxViewersSummary             n= 2269 err=   0 errRate=  0.00% avg=  173.30 min=   30.66 max=  521.70 p50=  155.77 p95=  324.22 p99=  407.85 rps=  75.63
  controller.AnalyticsController.maxViewersSummary n= 2269 err=   0 errRate=  0.00% avg=  173.62 min=   30.77 max=  521.96 p50=  156.68 p95=  324.47 p99=  408.11 rps=  75.63
  s2s.crud.fetchAllTickets                      n= 2269 err=   0 errRate=  0.00% avg=   83.65 min=   12.88 max=  318.34 p50=   78.48 p95=  194.54 p99=  268.67 rps=  75.63
  s2s.crud.fetchFilms                           n= 2272 err=   0 errRate=  0.00% avg=   89.44 min=   17.53 max=  394.81 p50=   96.81 p95=  201.77 p99=  277.97 rps=  75.73
window 1m
  calc.additional.maxViewersSummary             n= 4006 err=   0 errRate=  0.00% avg=  205.04 min=   30.66 max=  622.49 p50=  206.42 p95=  392.33 p99=  477.27 rps=  66.77
  controller.AnalyticsController.maxViewersSummary n= 4006 err=   0 errRate=  0.00% avg=  205.34 min=   30.77 max=  622.64 p50=  206.65 p95=  392.55 p99=  477.62 rps=  66.77
  s2s.crud.fetchAllTickets                      n= 4006 err=   0 errRate=  0.00% avg=   99.28 min=   12.88 max=  399.62 p50=   96.34 p95=  205.07 p99=  290.30 rps=  66.77
  s2s.crud.fetchFilms                           n= 4004 err=   0 errRate=  0.00% avg=  105.32 min=   17.53 max=  498.91 p50=  106.37 p95=  210.67 p99=  297.60 rps=  66.73

2026-05-05T03:56:09.895Z  INFO 1 --- [lab8-additional-service] [   scheduling-1] r.h.l.a.o.ObservabilityService           : [lab8-additional-service] observability refresh
window 10s
  calc.additional.maxViewersSummary             n=  854 err=   0 errRate=  0.00% avg=  143.89 min=   30.66 max=  521.70 p50=  118.62 p95=  307.80 p99=  372.66 rps=  85.40
  controller.AnalyticsController.maxViewersSummary n=  854 err=   0 errRate=  0.00% avg=  144.11 min=   30.77 max=  521.96 p50=  118.77 p95=  307.97 p99=  372.76 rps=  85.40
  s2s.crud.fetchAllTickets                      n=  854 err=   0 errRate=  0.00% avg=   68.66 min=   13.08 max=  316.87 p50=   52.56 p95=  180.40 p99=  215.62 rps=  85.40
  s2s.crud.fetchFilms                           n=  858 err=   0 errRate=  0.00% avg=   75.44 min=   17.51 max=  394.81 p50=   54.81 p95=  193.89 p99=  220.24 rps=  85.80
window 30s
  calc.additional.maxViewersSummary             n= 2258 err=   0 errRate=  0.00% avg=  173.21 min=   30.66 max=  521.70 p50=  153.57 p95=  324.71 p99=  408.16 rps=  75.27
  controller.AnalyticsController.maxViewersSummary n= 2258 err=   0 errRate=  0.00% avg=  173.49 min=   30.77 max=  521.96 p50=  154.25 p95=  325.00 p99=  408.39 rps=  75.27
  s2s.crud.fetchAllTickets                      n= 2258 err=   0 errRate=  0.00% avg=   83.74 min=   12.88 max=  318.34 p50=   78.95 p95=  195.27 p99=  272.67 rps=  75.27
  s2s.crud.fetchFilms                           n= 2259 err=   0 errRate=  0.00% avg=   89.38 min=   17.51 max=  394.81 p50=   97.11 p95=  201.72 p99=  269.78 rps=  75.30
window 1m
  calc.additional.maxViewersSummary             n= 4011 err=   0 errRate=  0.00% avg=  203.62 min=   30.66 max=  622.49 p50=  205.70 p95=  390.83 p99=  439.07 rps=  66.85
  controller.AnalyticsController.maxViewersSummary n= 4011 err=   0 errRate=  0.00% avg=  203.92 min=   30.77 max=  622.64 p50=  205.91 p95=  390.95 p99=  439.40 rps=  66.85
  s2s.crud.fetchAllTickets                      n= 4011 err=   0 errRate=  0.00% avg=   98.60 min=   12.88 max=  399.62 p50=   95.81 p95=  205.06 p99=  290.36 rps=  66.85
  s2s.crud.fetchFilms                           n= 4013 err=   0 errRate=  0.00% avg=  104.94 min=   17.51 max=  498.91 p50=  106.20 p95=  210.44 p99=  297.60 rps=  66.88

2026-05-05T03:56:10.899Z  INFO 1 --- [lab8-additional-service] [   scheduling-1] r.h.l.a.o.ObservabilityService           : [lab8-additional-service] observability refresh
window 10s
  calc.additional.maxViewersSummary             n=  851 err=   0 errRate=  0.00% avg=  147.68 min=   30.66 max=  521.70 p50=  119.53 p95=  311.81 p99=  386.80 rps=  85.10
  controller.AnalyticsController.maxViewersSummary n=  851 err=   0 errRate=  0.00% avg=  147.90 min=   30.77 max=  521.96 p50=  119.79 p95=  311.90 p99=  387.00 rps=  85.10
  s2s.crud.fetchAllTickets                      n=  851 err=   0 errRate=  0.00% avg=   69.91 min=   13.08 max=  316.87 p50=   54.31 p95=  181.80 p99=  215.74 rps=  85.10
  s2s.crud.fetchFilms                           n=  847 err=   0 errRate=  0.00% avg=   77.88 min=   17.51 max=  394.81 p50=   56.47 p95=  198.23 p99=  220.29 rps=  84.70
window 30s
  calc.additional.maxViewersSummary             n= 2241 err=   0 errRate=  0.00% avg=  174.76 min=   30.66 max=  521.70 p50=  159.19 p95=  325.32 p99=  409.81 rps=  74.70
  controller.AnalyticsController.maxViewersSummary n= 2241 err=   0 errRate=  0.00% avg=  175.03 min=   30.77 max=  521.96 p50=  159.64 p95=  325.53 p99=  409.93 rps=  74.70
  s2s.crud.fetchAllTickets                      n= 2241 err=   0 errRate=  0.00% avg=   84.71 min=   12.88 max=  318.34 p50=   79.83 p95=  195.62 p99=  278.06 rps=  74.70
  s2s.crud.fetchFilms                           n= 2244 err=   0 errRate=  0.00% avg=   90.05 min=   17.51 max=  394.81 p50=   98.06 p95=  202.10 p99=  272.25 rps=  74.80
window 1m
  calc.additional.maxViewersSummary             n= 4014 err=   0 errRate=  0.00% avg=  203.43 min=   30.66 max=  622.49 p50=  205.72 p95=  390.33 p99=  439.02 rps=  66.90
  controller.AnalyticsController.maxViewersSummary n= 4014 err=   0 errRate=  0.00% avg=  203.73 min=   30.77 max=  622.64 p50=  206.01 p95=  390.56 p99=  439.34 rps=  66.90
  s2s.crud.fetchAllTickets                      n= 4014 err=   0 errRate=  0.00% avg=   98.48 min=   12.88 max=  399.62 p50=   95.81 p95=  204.86 p99=  290.30 rps=  66.90
  s2s.crud.fetchFilms                           n= 4014 err=   0 errRate=  0.00% avg=  104.91 min=   17.51 max=  498.91 p50=  106.03 p95=  210.26 p99=  297.60 rps=  66.90

2026-05-05T03:56:11.909Z  INFO 1 --- [lab8-additional-service] [   scheduling-1] r.h.l.a.o.ObservabilityService           : [lab8-additional-service] observability refresh
window 10s
  calc.additional.maxViewersSummary             n=  871 err=   0 errRate=  0.00% avg=  143.02 min=   30.66 max=  521.70 p50=  115.85 p95=  310.08 p99=  385.96 rps=  87.10
  controller.AnalyticsController.maxViewersSummary n=  871 err=   0 errRate=  0.00% avg=  143.24 min=   30.77 max=  521.96 p50=  116.03 p95=  310.31 p99=  386.11 rps=  87.10
  s2s.crud.fetchAllTickets                      n=  871 err=   0 errRate=  0.00% avg=   67.82 min=   13.08 max=  316.87 p50=   49.03 p95=  180.50 p99=  215.70 rps=  87.10
  s2s.crud.fetchFilms                           n=  869 err=   0 errRate=  0.00% avg=   74.42 min=   17.51 max=  253.15 p50=   53.26 p95=  193.12 p99=  217.82 rps=  86.90
window 30s
  calc.additional.maxViewersSummary             n= 2270 err=   0 errRate=  0.00% avg=  172.45 min=   30.66 max=  521.70 p50=  151.97 p95=  324.81 p99=  409.77 rps=  75.67
  controller.AnalyticsController.maxViewersSummary n= 2270 err=   0 errRate=  0.00% avg=  172.69 min=   30.77 max=  521.96 p50=  152.18 p95=  325.01 p99=  409.89 rps=  75.67
  s2s.crud.fetchAllTickets                      n= 2270 err=   0 errRate=  0.00% avg=   83.64 min=   12.88 max=  318.34 p50=   78.37 p95=  195.26 p99=  277.83 rps=  75.67
  s2s.crud.fetchFilms                           n= 2270 err=   0 errRate=  0.00% avg=   88.68 min=   17.51 max=  394.81 p50=   97.38 p95=  201.38 p99=  256.16 rps=  75.67
window 1m
  calc.additional.maxViewersSummary             n= 4051 err=   0 errRate=  0.00% avg=  201.21 min=   30.66 max=  622.49 p50=  204.93 p95=  388.68 p99=  438.40 rps=  67.52
  controller.AnalyticsController.maxViewersSummary n= 4051 err=   0 errRate=  0.00% avg=  201.51 min=   30.77 max=  622.64 p50=  205.27 p95=  388.83 p99=  438.64 rps=  67.52
  s2s.crud.fetchAllTickets                      n= 4051 err=   0 errRate=  0.00% avg=   97.33 min=   12.88 max=  399.62 p50=   95.27 p95=  204.39 p99=  290.17 rps=  67.52
  s2s.crud.fetchFilms                           n= 4045 err=   0 errRate=  0.00% avg=  103.72 min=   17.51 max=  498.91 p50=  105.52 p95=  209.19 p99=  297.39 rps=  67.42

2026-05-05T03:56:12.914Z  INFO 1 --- [lab8-additional-service] [   scheduling-1] r.h.l.a.o.ObservabilityService           : [lab8-additional-service] observability refresh
window 10s
  calc.additional.maxViewersSummary             n=  873 err=   0 errRate=  0.00% avg=  138.75 min=   30.66 max=  521.70 p50=  111.84 p95=  301.13 p99=  352.86 rps=  87.30
  controller.AnalyticsController.maxViewersSummary n=  873 err=   0 errRate=  0.00% avg=  138.97 min=   30.77 max=  521.96 p50=  111.94 p95=  301.69 p99=  352.96 rps=  87.30
  s2s.crud.fetchAllTickets                      n=  873 err=   0 errRate=  0.00% avg=   65.72 min=   13.08 max=  316.87 p50=   47.61 p95=  172.79 p99=  213.75 rps=  87.30
  s2s.crud.fetchFilms                           n=  872 err=   0 errRate=  0.00% avg=   72.82 min=   17.51 max=  253.15 p50=   52.23 p95=  188.25 p99=  212.10 rps=  87.20
window 30s
  calc.additional.maxViewersSummary             n= 2257 err=   0 errRate=  0.00% avg=  173.47 min=   30.66 max=  521.70 p50=  159.76 p95=  324.71 p99=  409.79 rps=  75.23
  controller.AnalyticsController.maxViewersSummary n= 2257 err=   0 errRate=  0.00% avg=  173.71 min=   30.77 max=  521.96 p50=  159.97 p95=  325.00 p99=  409.90 rps=  75.23
  s2s.crud.fetchAllTickets                      n= 2257 err=   0 errRate=  0.00% avg=   84.08 min=   12.88 max=  318.34 p50=   79.46 p95=  195.27 p99=  277.93 rps=  75.23
  s2s.crud.fetchFilms                           n= 2256 err=   0 errRate=  0.00% avg=   89.31 min=   17.51 max=  394.81 p50=   98.19 p95=  201.35 p99=  257.52 rps=  75.20
window 1m
  calc.additional.maxViewersSummary             n= 4056 err=   0 errRate=  0.00% avg=  200.39 min=   30.66 max=  622.49 p50=  204.59 p95=  387.34 p99=  436.66 rps=  67.60
  controller.AnalyticsController.maxViewersSummary n= 4056 err=   0 errRate=  0.00% avg=  200.69 min=   30.77 max=  622.64 p50=  204.92 p95=  387.50 p99=  436.81 rps=  67.60
  s2s.crud.fetchAllTickets                      n= 4056 err=   0 errRate=  0.00% avg=   96.89 min=   12.88 max=  399.62 p50=   95.07 p95=  204.12 p99=  290.15 rps=  67.60
  s2s.crud.fetchFilms                           n= 4059 err=   0 errRate=  0.00% avg=  103.38 min=   17.51 max=  498.91 p50=  105.38 p95=  208.86 p99=  297.32 rps=  67.65

2026-05-05T03:56:13.918Z  INFO 1 --- [lab8-additional-service] [   scheduling-1] r.h.l.a.o.ObservabilityService           : [lab8-additional-service] observability refresh
window 10s
  calc.additional.maxViewersSummary             n=  885 err=   0 errRate=  0.00% avg=  135.20 min=   30.66 max=  422.81 p50=  109.08 p95=  296.94 p99=  324.94 rps=  88.50
  controller.AnalyticsController.maxViewersSummary n=  885 err=   0 errRate=  0.00% avg=  135.42 min=   30.77 max=  423.10 p50=  109.21 p95=  297.66 p99=  325.04 rps=  88.50
  s2s.crud.fetchAllTickets                      n=  885 err=   0 errRate=  0.00% avg=   64.81 min=   13.08 max=  290.35 p50=   45.59 p95=  172.05 p99=  211.97 rps=  88.50
  s2s.crud.fetchFilms                           n=  880 err=   0 errRate=  0.00% avg=   70.08 min=   17.51 max=  294.87 p50=   51.59 p95=  132.81 p99=  204.40 rps=  88.00
window 30s
  calc.additional.maxViewersSummary             n= 2259 err=   0 errRate=  0.00% avg=  173.17 min=   30.66 max=  521.70 p50=  159.71 p95=  324.29 p99=  409.79 rps=  75.30
  controller.AnalyticsController.maxViewersSummary n= 2259 err=   0 errRate=  0.00% avg=  173.41 min=   30.77 max=  521.96 p50=  159.86 p95=  324.52 p99=  409.90 rps=  75.30
  s2s.crud.fetchAllTickets                      n= 2259 err=   0 errRate=  0.00% avg=   84.39 min=   12.88 max=  318.34 p50=   79.53 p95=  195.77 p99=  277.92 rps=  75.30
  s2s.crud.fetchFilms                           n= 2256 err=   0 errRate=  0.00% avg=   88.69 min=   17.51 max=  394.81 p50=   98.17 p95=  201.30 p99=  239.60 rps=  75.20
window 1m
  calc.additional.maxViewersSummary             n= 4077 err=   0 errRate=  0.00% avg=  199.34 min=   30.66 max=  622.49 p50=  204.34 p95=  383.92 p99=  435.60 rps=  67.95
  controller.AnalyticsController.maxViewersSummary n= 4077 err=   0 errRate=  0.00% avg=  199.64 min=   30.77 max=  622.64 p50=  204.63 p95=  384.09 p99=  435.71 rps=  67.95
  s2s.crud.fetchAllTickets                      n= 4077 err=   0 errRate=  0.00% avg=   96.43 min=   12.88 max=  399.62 p50=   94.97 p95=  204.03 p99=  288.98 rps=  67.95
  s2s.crud.fetchFilms                           n= 4073 err=   0 errRate=  0.00% avg=  102.77 min=   17.51 max=  498.91 p50=  105.15 p95=  208.36 p99=  297.26 rps=  67.88

2026-05-05T03:56:14.925Z  INFO 1 --- [lab8-additional-service] [   scheduling-1] r.h.l.a.o.ObservabilityService           : [lab8-additional-service] observability refresh
window 10s
  calc.additional.maxViewersSummary             n=  850 err=   0 errRate=  0.00% avg=  140.20 min=   30.66 max=  563.15 p50=  110.77 p95=  308.24 p99=  397.15 rps=  85.00
  controller.AnalyticsController.maxViewersSummary n=  850 err=   0 errRate=  0.00% avg=  140.42 min=   30.77 max=  563.27 p50=  111.02 p95=  308.35 p99=  397.97 rps=  85.00
  s2s.crud.fetchAllTickets                      n=  849 err=   0 errRate=  0.00% avg=   67.21 min=   13.08 max=  308.84 p50=   46.57 p95=  185.17 p99=  232.06 rps=  84.90
  s2s.crud.fetchFilms                           n=  851 err=   0 errRate=  0.00% avg=   73.10 min=   17.51 max=  463.69 p50=   52.06 p95=  183.58 p99=  232.16 rps=  85.10
window 30s
  calc.additional.maxViewersSummary             n= 2245 err=   0 errRate=  0.00% avg=  173.78 min=   30.66 max=  563.15 p50=  160.27 p95=  324.69 p99=  408.32 rps=  74.83
  controller.AnalyticsController.maxViewersSummary n= 2245 err=   0 errRate=  0.00% avg=  174.02 min=   30.77 max=  563.27 p50=  160.45 p95=  324.98 p99=  408.52 rps=  74.83
  s2s.crud.fetchAllTickets                      n= 2245 err=   0 errRate=  0.00% avg=   84.20 min=   12.88 max=  318.34 p50=   79.32 p95=  195.87 p99=  273.95 rps=  74.83
  s2s.crud.fetchFilms                           n= 2240 err=   0 errRate=  0.00% avg=   89.30 min=   17.51 max=  463.69 p50=   98.22 p95=  202.21 p99=  290.64 rps=  74.67
window 1m
  calc.additional.maxViewersSummary             n= 4084 err=   0 errRate=  0.00% avg=  199.17 min=   30.66 max=  605.58 p50=  204.31 p95=  384.51 p99=  429.73 rps=  68.07
  controller.AnalyticsController.maxViewersSummary n= 4084 err=   0 errRate=  0.00% avg=  199.47 min=   30.77 max=  605.73 p50=  204.62 p95=  384.66 p99=  429.92 rps=  68.07
  s2s.crud.fetchAllTickets                      n= 4084 err=   0 errRate=  0.00% avg=   96.31 min=   12.88 max=  399.62 p50=   94.89 p95=  204.03 p99=  288.96 rps=  68.07
  s2s.crud.fetchFilms                           n= 4078 err=   0 errRate=  0.00% avg=  102.71 min=   17.51 max=  463.69 p50=  105.11 p95=  208.39 p99=  297.24 rps=  67.97

2026-05-05T03:56:15.930Z  INFO 1 --- [lab8-additional-service] [   scheduling-1] r.h.l.a.o.ObservabilityService           : [lab8-additional-service] observability refresh
window 10s
  calc.additional.maxViewersSummary             n=  817 err=   0 errRate=  0.00% avg=  152.11 min=   32.19 max=  563.15 p50=  125.26 p95=  310.63 p99=  397.57 rps=  81.70
  controller.AnalyticsController.maxViewersSummary n=  817 err=   0 errRate=  0.00% avg=  152.34 min=   32.28 max=  563.27 p50=  125.40 p95=  310.74 p99=  398.02 rps=  81.70
  s2s.crud.fetchAllTickets                      n=  817 err=   0 errRate=  0.00% avg=   72.91 min=   13.19 max=  308.84 p50=   57.42 p95=  190.04 p99=  252.22 rps=  81.70
  s2s.crud.fetchFilms                           n=  818 err=   0 errRate=  0.00% avg=   79.28 min=   17.51 max=  463.69 p50=   61.56 p95=  195.84 p99=  233.33 rps=  81.80
window 30s
  calc.additional.maxViewersSummary             n= 2249 err=   0 errRate=  0.00% avg=  173.64 min=   30.66 max=  563.15 p50=  161.49 p95=  323.73 p99=  406.59 rps=  74.97
  controller.AnalyticsController.maxViewersSummary n= 2249 err=   0 errRate=  0.00% avg=  173.87 min=   30.77 max=  563.27 p50=  161.60 p95=  323.83 p99=  407.01 rps=  74.97
  s2s.crud.fetchAllTickets                      n= 2249 err=   0 errRate=  0.00% avg=   84.17 min=   12.88 max=  318.34 p50=   79.90 p95=  195.55 p99=  271.04 rps=  74.97
  s2s.crud.fetchFilms                           n= 2250 err=   0 errRate=  0.00% avg=   89.49 min=   17.51 max=  463.69 p50=   98.42 p95=  202.26 p99=  290.59 rps=  75.00
window 1m
  calc.additional.maxViewersSummary             n= 4093 err=   0 errRate=  0.00% avg=  198.60 min=   30.66 max=  605.58 p50=  204.11 p95=  368.21 p99=  428.58 rps=  68.22
  controller.AnalyticsController.maxViewersSummary n= 4093 err=   0 errRate=  0.00% avg=  198.90 min=   30.77 max=  605.73 p50=  204.35 p95=  368.34 p99=  428.72 rps=  68.22
  s2s.crud.fetchAllTickets                      n= 4093 err=   0 errRate=  0.00% avg=   96.20 min=   12.88 max=  399.62 p50=   94.86 p95=  203.79 p99=  288.05 rps=  68.22
  s2s.crud.fetchFilms                           n= 4094 err=   0 errRate=  0.00% avg=  102.33 min=   17.51 max=  463.69 p50=  105.03 p95=  208.44 p99=  296.77 rps=  68.23

2026-05-05T03:56:16.934Z  INFO 1 --- [lab8-additional-service] [   scheduling-1] r.h.l.a.o.ObservabilityService           : [lab8-additional-service] observability refresh
window 10s
  calc.additional.maxViewersSummary             n=  814 err=   0 errRate=  0.00% avg=  155.72 min=   32.19 max=  563.15 p50=  127.47 p95=  316.94 p99=  397.61 rps=  81.40
  controller.AnalyticsController.maxViewersSummary n=  814 err=   0 errRate=  0.00% avg=  155.95 min=   32.28 max=  563.27 p50=  127.65 p95=  317.27 p99=  398.02 rps=  81.40
  s2s.crud.fetchAllTickets                      n=  814 err=   0 errRate=  0.00% avg=   74.39 min=   13.19 max=  367.46 p50=   58.62 p95=  191.15 p99=  264.86 rps=  81.40
  s2s.crud.fetchFilms                           n=  808 err=   0 errRate=  0.00% avg=   80.95 min=   17.51 max=  463.69 p50=   68.97 p95=  197.74 p99=  233.68 rps=  80.80
window 30s
  calc.additional.maxViewersSummary             n= 2277 err=   0 errRate=  0.00% avg=  171.66 min=   30.66 max=  563.15 p50=  159.13 p95=  323.13 p99=  406.36 rps=  75.90
  controller.AnalyticsController.maxViewersSummary n= 2277 err=   0 errRate=  0.00% avg=  171.89 min=   30.77 max=  563.27 p50=  159.28 p95=  323.25 p99=  406.85 rps=  75.90
  s2s.crud.fetchAllTickets                      n= 2277 err=   0 errRate=  0.00% avg=   83.03 min=   12.88 max=  367.46 p50=   77.97 p95=  195.48 p99=  273.38 rps=  75.90
  s2s.crud.fetchFilms                           n= 2274 err=   0 errRate=  0.00% avg=   88.49 min=   17.51 max=  463.69 p50=   97.74 p95=  202.16 p99=  290.48 rps=  75.80
window 1m
  calc.additional.maxViewersSummary             n= 4139 err=   0 errRate=  0.00% avg=  196.47 min=   30.66 max=  605.58 p50=  203.12 p95=  348.34 p99=  427.90 rps=  68.98
  controller.AnalyticsController.maxViewersSummary n= 4139 err=   0 errRate=  0.00% avg=  196.77 min=   30.77 max=  605.73 p50=  203.38 p95=  348.44 p99=  428.02 rps=  68.98
  s2s.crud.fetchAllTickets                      n= 4139 err=   0 errRate=  0.00% avg=   95.15 min=   12.88 max=  399.62 p50=   93.89 p95=  203.47 p99=  287.92 rps=  68.98
  s2s.crud.fetchFilms                           n= 4130 err=   0 errRate=  0.00% avg=  101.22 min=   17.51 max=  463.69 p50=  104.57 p95=  208.30 p99=  294.84 rps=  68.83

2026-05-05T03:56:17.940Z  INFO 1 --- [lab8-additional-service] [   scheduling-1] r.h.l.a.o.ObservabilityService           : [lab8-additional-service] observability refresh
window 10s
  calc.additional.maxViewersSummary             n=  809 err=   0 errRate=  0.00% avg=  154.07 min=   35.73 max=  563.15 p50=  126.96 p95=  316.12 p99=  397.68 rps=  80.90
  controller.AnalyticsController.maxViewersSummary n=  809 err=   0 errRate=  0.00% avg=  154.30 min=   35.94 max=  563.27 p50=  127.25 p95=  316.42 p99=  398.03 rps=  80.90
  s2s.crud.fetchAllTickets                      n=  809 err=   0 errRate=  0.00% avg=   74.04 min=   13.19 max=  367.46 p50=   58.38 p95=  191.39 p99=  265.53 rps=  80.90
  s2s.crud.fetchFilms                           n=  812 err=   0 errRate=  0.00% avg=   79.73 min=   17.51 max=  463.69 p50=   68.13 p95=  197.45 p99=  233.54 rps=  81.20
window 30s
  calc.additional.maxViewersSummary             n= 2332 err=   0 errRate=  0.00% avg=  165.36 min=   30.66 max=  563.15 p50=  140.29 p95=  321.00 p99=  405.41 rps=  77.73
  controller.AnalyticsController.maxViewersSummary n= 2332 err=   0 errRate=  0.00% avg=  165.59 min=   30.77 max=  563.27 p50=  140.45 p95=  321.10 p99=  405.83 rps=  77.73
  s2s.crud.fetchAllTickets                      n= 2332 err=   0 errRate=  0.00% avg=   79.88 min=   12.88 max=  367.46 p50=   72.97 p95=  193.76 p99=  268.83 rps=  77.73
  s2s.crud.fetchFilms                           n= 2330 err=   0 errRate=  0.00% avg=   85.21 min=   17.51 max=  463.69 p50=   91.19 p95=  201.32 p99=  282.91 rps=  77.67
window 1m
  calc.additional.maxViewersSummary             n= 4195 err=   0 errRate=  0.00% avg=  192.11 min=   30.66 max=  605.58 p50=  200.44 p95=  336.93 p99=  425.14 rps=  69.92
  controller.AnalyticsController.maxViewersSummary n= 4195 err=   0 errRate=  0.00% avg=  192.41 min=   30.77 max=  605.73 p50=  200.89 p95=  337.24 p99=  425.28 rps=  69.92
  s2s.crud.fetchAllTickets                      n= 4195 err=   0 errRate=  0.00% avg=   93.08 min=   12.88 max=  399.62 p50=   91.90 p95=  202.23 p99=  286.13 rps=  69.92
  s2s.crud.fetchFilms                           n= 4194 err=   0 errRate=  0.00% avg=   98.82 min=   17.51 max=  463.69 p50=  103.32 p95=  207.54 p99=  293.62 rps=  69.90

2026-05-05T03:56:18.998Z  INFO 1 --- [lab8-additional-service] [   scheduling-1] r.h.l.a.o.ObservabilityService           : [lab8-additional-service] observability refresh
window 10s
  calc.additional.maxViewersSummary             n=  809 err=   0 errRate=  0.00% avg=  156.90 min=   35.73 max=  563.15 p50=  131.99 p95=  316.12 p99=  397.68 rps=  80.90
  controller.AnalyticsController.maxViewersSummary n=  809 err=   0 errRate=  0.00% avg=  157.15 min=   35.94 max=  563.27 p50=  132.26 p95=  316.42 p99=  398.03 rps=  80.90
  s2s.crud.fetchAllTickets                      n=  809 err=   0 errRate=  0.00% avg=   75.16 min=   13.19 max=  367.46 p50=   62.51 p95=  191.39 p99=  265.53 rps=  80.90
  s2s.crud.fetchFilms                           n=  812 err=   0 errRate=  0.00% avg=   81.47 min=   17.51 max=  463.69 p50=   87.88 p95=  196.77 p99=  230.25 rps=  81.20
window 30s
  calc.additional.maxViewersSummary             n= 2387 err=   0 errRate=  0.00% avg=  159.66 min=   30.66 max=  563.15 p50=  132.46 p95=  318.75 p99=  404.08 rps=  79.57
  controller.AnalyticsController.maxViewersSummary n= 2388 err=   0 errRate=  0.00% avg=  159.92 min=   30.77 max=  563.27 p50=  132.76 p95=  318.96 p99=  404.23 rps=  79.60
  s2s.crud.fetchAllTickets                      n= 2387 err=   0 errRate=  0.00% avg=   76.90 min=   12.88 max=  367.46 p50=   66.80 p95=  191.76 p99=  266.76 rps=  79.57
  s2s.crud.fetchFilms                           n= 2385 err=   0 errRate=  0.00% avg=   82.54 min=   17.51 max=  463.69 p50=   72.33 p95=  200.00 p99=  257.34 rps=  79.50
window 1m
  calc.additional.maxViewersSummary             n= 4255 err=   0 errRate=  0.00% avg=  188.90 min=   30.66 max=  605.58 p50=  198.12 p95=  333.35 p99=  424.02 rps=  70.92
  controller.AnalyticsController.maxViewersSummary n= 4255 err=   0 errRate=  0.00% avg=  189.19 min=   30.77 max=  605.73 p50=  198.50 p95=  333.60 p99=  424.16 rps=  70.92
  s2s.crud.fetchAllTickets                      n= 4255 err=   0 errRate=  0.00% avg=   91.59 min=   12.88 max=  399.62 p50=   90.26 p95=  201.74 p99=  284.34 rps=  70.92
  s2s.crud.fetchFilms                           n= 4251 err=   0 errRate=  0.00% avg=   97.10 min=   17.51 max=  463.69 p50=  102.31 p95=  206.85 p99=  292.23 rps=  70.85

2026-05-05T03:56:20.014Z  INFO 1 --- [lab8-additional-service] [   scheduling-1] r.h.l.a.o.ObservabilityService           : [lab8-additional-service] observability refresh
window 10s
  calc.additional.maxViewersSummary             n=  853 err=   0 errRate=  0.00% avg=  145.47 min=   35.73 max=  563.15 p50=  114.51 p95=  309.54 p99=  397.11 rps=  85.30
  controller.AnalyticsController.maxViewersSummary n=  853 err=   0 errRate=  0.00% avg=  145.76 min=   35.94 max=  563.27 p50=  114.60 p95=  309.80 p99=  397.97 rps=  85.30
  s2s.crud.fetchAllTickets                      n=  853 err=   0 errRate=  0.00% avg=   68.89 min=   13.19 max=  367.46 p50=   48.84 p95=  187.33 p99=  240.95 rps=  85.30
  s2s.crud.fetchFilms                           n=  850 err=   0 errRate=  0.00% avg=   76.20 min=   17.90 max=  463.69 p50=   57.46 p95=  191.97 p99=  229.74 rps=  85.00
window 30s
  calc.additional.maxViewersSummary             n= 2443 err=   0 errRate=  0.00% avg=  154.60 min=   30.66 max=  563.15 p50=  127.32 p95=  315.98 p99=  402.10 rps=  81.43
  controller.AnalyticsController.maxViewersSummary n= 2443 err=   0 errRate=  0.00% avg=  154.85 min=   30.77 max=  563.27 p50=  127.55 p95=  316.24 p99=  402.21 rps=  81.43
  s2s.crud.fetchAllTickets                      n= 2443 err=   0 errRate=  0.00% avg=   74.16 min=   12.88 max=  367.46 p50=   59.73 p95=  190.78 p99=  228.66 rps=  81.43
  s2s.crud.fetchFilms                           n= 2439 err=   0 errRate=  0.00% avg=   80.02 min=   17.51 max=  463.69 p50=   63.72 p95=  197.79 p99=  231.70 rps=  81.30
window 1m
  calc.additional.maxViewersSummary             n= 4316 err=   0 errRate=  0.00% avg=  185.33 min=   30.66 max=  605.58 p50=  195.59 p95=  331.79 p99=  422.79 rps=  71.93
  controller.AnalyticsController.maxViewersSummary n= 4316 err=   0 errRate=  0.00% avg=  185.63 min=   30.77 max=  605.73 p50=  196.14 p95=  332.02 p99=  423.06 rps=  71.93
  s2s.crud.fetchAllTickets                      n= 4316 err=   0 errRate=  0.00% avg=   89.80 min=   12.88 max=  399.62 p50=   87.25 p95=  200.62 p99=  284.06 rps=  71.93
  s2s.crud.fetchFilms                           n= 4313 err=   0 errRate=  0.00% avg=   95.35 min=   17.51 max=  463.69 p50=  101.34 p95=  205.99 p99=  291.67 rps=  71.88

2026-05-05T03:56:21.025Z  INFO 1 --- [lab8-additional-service] [   scheduling-1] r.h.l.a.o.ObservabilityService           : [lab8-additional-service] observability refresh
window 10s
  calc.additional.maxViewersSummary             n=  922 err=   0 errRate=  0.00% avg=  128.57 min=   35.73 max=  563.15 p50=   96.62 p95=  302.78 p99=  392.04 rps=  92.20
  controller.AnalyticsController.maxViewersSummary n=  922 err=   0 errRate=  0.00% avg=  128.88 min=   35.94 max=  563.27 p50=   97.29 p95=  302.90 p99=  392.13 rps=  92.20
  s2s.crud.fetchAllTickets                      n=  922 err=   0 errRate=  0.00% avg=   60.35 min=   13.19 max=  367.46 p50=   39.04 p95=  172.26 p99=  215.00 rps=  92.20
  s2s.crud.fetchFilms                           n=  923 err=   0 errRate=  0.00% avg=   67.71 min=   17.90 max=  463.69 p50=   45.26 p95=  136.60 p99=  229.01 rps=  92.30
window 30s
  calc.additional.maxViewersSummary             n= 2518 err=   0 errRate=  0.00% avg=  148.11 min=   30.66 max=  563.15 p50=  122.24 p95=  310.72 p99=  398.35 rps=  83.93
  controller.AnalyticsController.maxViewersSummary n= 2518 err=   0 errRate=  0.00% avg=  148.37 min=   30.77 max=  563.27 p50=  122.67 p95=  311.01 p99=  398.49 rps=  83.93
  s2s.crud.fetchAllTickets                      n= 2518 err=   0 errRate=  0.00% avg=   70.79 min=   12.88 max=  367.46 p50=   54.26 p95=  189.36 p99=  219.35 rps=  83.93
  s2s.crud.fetchFilms                           n= 2518 err=   0 errRate=  0.00% avg=   77.01 min=   17.51 max=  463.69 p50=   58.65 p95=  195.50 p99=  228.78 rps=  83.93
window 1m
  calc.additional.maxViewersSummary             n= 4384 err=   0 errRate=  0.00% avg=  181.10 min=   30.66 max=  605.58 p50=  190.22 p95=  330.85 p99=  420.17 rps=  73.07
  controller.AnalyticsController.maxViewersSummary n= 4384 err=   0 errRate=  0.00% avg=  181.40 min=   30.77 max=  605.73 p50=  190.62 p95=  331.13 p99=  420.56 rps=  73.07
  s2s.crud.fetchAllTickets                      n= 4384 err=   0 errRate=  0.00% avg=   87.76 min=   12.88 max=  399.62 p50=   83.34 p95=  198.93 p99=  283.28 rps=  73.07
  s2s.crud.fetchFilms                           n= 4386 err=   0 errRate=  0.00% avg=   93.09 min=   17.51 max=  463.69 p50=   99.94 p95=  205.05 p99=  290.42 rps=  73.10

2026-05-05T03:56:22.032Z  INFO 1 --- [lab8-additional-service] [   scheduling-1] r.h.l.a.o.ObservabilityService           : [lab8-additional-service] observability refresh
window 10s
  calc.additional.maxViewersSummary             n=  964 err=   0 errRate=  0.00% avg=  121.08 min=   35.73 max=  563.15 p50=   89.71 p95=  301.04 p99=  391.68 rps=  96.40
  controller.AnalyticsController.maxViewersSummary n=  964 err=   0 errRate=  0.00% avg=  121.40 min=   35.94 max=  563.27 p50=   90.05 p95=  301.18 p99=  391.79 rps=  96.40
  s2s.crud.fetchAllTickets                      n=  964 err=   0 errRate=  0.00% avg=   56.80 min=   13.19 max=  367.46 p50=   36.50 p95=  169.22 p99=  214.66 rps=  96.40
  s2s.crud.fetchFilms                           n=  963 err=   0 errRate=  0.00% avg=   63.79 min=   17.69 max=  463.69 p50=   42.28 p95=  130.05 p99=  228.94 rps=  96.30
window 30s
  calc.additional.maxViewersSummary             n= 2576 err=   0 errRate=  0.00% avg=  143.11 min=   30.66 max=  563.15 p50=  114.81 p95=  309.31 p99=  396.62 rps=  85.87
  controller.AnalyticsController.maxViewersSummary n= 2576 err=   0 errRate=  0.00% avg=  143.37 min=   30.77 max=  563.27 p50=  115.17 p95=  309.65 p99=  397.28 rps=  85.87
  s2s.crud.fetchAllTickets                      n= 2576 err=   0 errRate=  0.00% avg=   68.10 min=   13.08 max=  367.46 p50=   49.56 p95=  186.10 p99=  218.61 rps=  85.87
  s2s.crud.fetchFilms                           n= 2576 err=   0 errRate=  0.00% avg=   74.76 min=   17.51 max=  463.69 p50=   54.21 p95=  193.88 p99=  226.51 rps=  85.87
window 1m
  calc.additional.maxViewersSummary             n= 4456 err=   0 errRate=  0.00% avg=  177.81 min=   30.66 max=  605.58 p50=  179.00 p95=  329.86 p99=  419.76 rps=  74.27
  controller.AnalyticsController.maxViewersSummary n= 4456 err=   0 errRate=  0.00% avg=  178.12 min=   30.77 max=  605.73 p50=  179.64 p95=  330.19 p99=  419.99 rps=  74.27
  s2s.crud.fetchAllTickets                      n= 4456 err=   0 errRate=  0.00% avg=   86.11 min=   12.88 max=  399.62 p50=   80.33 p95=  198.50 p99=  282.34 rps=  74.27
  s2s.crud.fetchFilms                           n= 4450 err=   0 errRate=  0.00% avg=   91.53 min=   17.51 max=  463.69 p50=   98.81 p95=  204.71 p99=  290.17 rps=  74.17

2026-05-05T03:56:23.037Z  INFO 1 --- [lab8-additional-service] [   scheduling-1] r.h.l.a.o.ObservabilityService           : [lab8-additional-service] observability refresh
window 10s
  calc.additional.maxViewersSummary             n=  996 err=   0 errRate=  0.00% avg=  113.29 min=   35.73 max=  563.15 p50=   82.91 p95=  298.22 p99=  391.42 rps=  99.60
  controller.AnalyticsController.maxViewersSummary n=  996 err=   0 errRate=  0.00% avg=  113.60 min=   35.94 max=  563.27 p50=   83.97 p95=  298.33 p99=  391.53 rps=  99.60
  s2s.crud.fetchAllTickets                      n=  996 err=   0 errRate=  0.00% avg=   53.33 min=   13.19 max=  367.46 p50=   35.14 p95=  167.54 p99=  215.61 rps=  99.60
  s2s.crud.fetchFilms                           n=  992 err=   0 errRate=  0.00% avg=   59.65 min=   17.69 max=  463.69 p50=   41.21 p95=  128.67 p99=  218.33 rps=  99.20
window 30s
  calc.additional.maxViewersSummary             n= 2610 err=   0 errRate=  0.00% avg=  138.93 min=   30.66 max=  563.15 p50=  108.37 p95=  307.36 p99=  393.95 rps=  87.00
  controller.AnalyticsController.maxViewersSummary n= 2610 err=   0 errRate=  0.00% avg=  139.20 min=   30.77 max=  563.27 p50=  108.78 p95=  307.51 p99=  394.04 rps=  87.00
  s2s.crud.fetchAllTickets                      n= 2610 err=   0 errRate=  0.00% avg=   66.05 min=   13.08 max=  367.46 p50=   47.76 p95=  181.02 p99=  215.57 rps=  87.00
  s2s.crud.fetchFilms                           n= 2611 err=   0 errRate=  0.00% avg=   72.76 min=   17.51 max=  463.69 p50=   52.06 p95=  191.43 p99=  222.99 rps=  87.03
window 1m
  calc.additional.maxViewersSummary             n= 4498 err=   0 errRate=  0.00% avg=  175.06 min=   30.66 max=  605.58 p50=  160.64 p95=  328.96 p99=  419.55 rps=  74.97
  controller.AnalyticsController.maxViewersSummary n= 4498 err=   0 errRate=  0.00% avg=  175.37 min=   30.77 max=  605.73 p50=  161.06 p95=  329.16 p99=  419.70 rps=  74.97
  s2s.crud.fetchAllTickets                      n= 4498 err=   0 errRate=  0.00% avg=   84.82 min=   12.88 max=  399.62 p50=   78.11 p95=  198.30 p99=  281.78 rps=  74.97
  s2s.crud.fetchFilms                           n= 4492 err=   0 errRate=  0.00% avg=   90.09 min=   17.51 max=  463.69 p50=   97.17 p95=  204.30 p99=  290.02 rps=  74.87

2026-05-05T03:56:24.046Z  INFO 1 --- [lab8-additional-service] [   scheduling-1] r.h.l.a.o.ObservabilityService           : [lab8-additional-service] observability refresh
window 10s
  calc.additional.maxViewersSummary             n=  991 err=   0 errRate=  0.00% avg=  116.11 min=   35.73 max=  563.15 p50=   84.65 p95=  304.58 p99=  391.46 rps=  99.10
  controller.AnalyticsController.maxViewersSummary n=  991 err=   0 errRate=  0.00% avg=  116.43 min=   35.94 max=  563.27 p50=   85.25 p95=  304.91 p99=  391.57 rps=  99.10
  s2s.crud.fetchAllTickets                      n=  991 err=   0 errRate=  0.00% avg=   54.19 min=   13.34 max=  367.46 p50=   35.69 p95=  151.81 p99=  214.19 rps=  99.10
  s2s.crud.fetchFilms                           n=  994 err=   0 errRate=  0.00% avg=   61.79 min=   17.69 max=  463.69 p50=   41.47 p95=  140.78 p99=  220.91 rps=  99.40
window 30s
  calc.additional.maxViewersSummary             n= 2602 err=   0 errRate=  0.00% avg=  139.66 min=   30.66 max=  563.15 p50=  108.26 p95=  308.59 p99=  394.09 rps=  86.73
  controller.AnalyticsController.maxViewersSummary n= 2602 err=   0 errRate=  0.00% avg=  139.92 min=   30.77 max=  563.27 p50=  108.68 p95=  308.81 p99=  394.19 rps=  86.73
  s2s.crud.fetchAllTickets                      n= 2602 err=   0 errRate=  0.00% avg=   66.55 min=   13.08 max=  367.46 p50=   47.84 p95=  184.48 p99=  215.17 rps=  86.73
  s2s.crud.fetchFilms                           n= 2601 err=   0 errRate=  0.00% avg=   73.05 min=   17.51 max=  463.69 p50=   51.88 p95=  193.88 p99=  225.90 rps=  86.70
window 1m
  calc.additional.maxViewersSummary             n= 4497 err=   0 errRate=  0.00% avg=  175.13 min=   30.66 max=  605.58 p50=  160.85 p95=  328.50 p99=  417.81 rps=  74.95
  controller.AnalyticsController.maxViewersSummary n= 4497 err=   0 errRate=  0.00% avg=  175.43 min=   30.77 max=  605.73 p50=  161.19 p95=  329.00 p99=  418.15 rps=  74.95
  s2s.crud.fetchAllTickets                      n= 4497 err=   0 errRate=  0.00% avg=   84.79 min=   12.88 max=  399.62 p50=   78.08 p95=  198.28 p99=  280.50 rps=  74.95
  s2s.crud.fetchFilms                           n= 4500 err=   0 errRate=  0.00% avg=   90.24 min=   17.51 max=  463.69 p50=   97.30 p95=  204.37 p99=  289.29 rps=  75.00

2026-05-05T03:56:25.053Z  INFO 1 --- [lab8-additional-service] [   scheduling-1] r.h.l.a.o.ObservabilityService           : [lab8-additional-service] observability refresh
window 10s
  calc.additional.maxViewersSummary             n= 1008 err=   0 errRate=  0.00% avg=  104.06 min=   34.22 max=  404.45 p50=   78.41 p95=  248.02 p99=  320.92 rps= 100.80
  controller.AnalyticsController.maxViewersSummary n= 1008 err=   0 errRate=  0.00% avg=  104.38 min=   34.50 max=  404.59 p50=   78.74 p95=  248.16 p99=  321.03 rps= 100.80
  s2s.crud.fetchAllTickets                      n= 1008 err=   0 errRate=  0.00% avg=   48.45 min=   12.81 max=  367.46 p50=   33.72 p95=  119.20 p99=  199.54 rps= 100.80
  s2s.crud.fetchFilms                           n=  999 err=   0 errRate=  0.00% avg=   55.13 min=   17.69 max=  234.76 p50=   38.77 p95=  126.10 p99=  207.45 rps=  99.90
window 30s
  calc.additional.maxViewersSummary             n= 2586 err=   0 errRate=  0.00% avg=  137.98 min=   30.66 max=  563.15 p50=  105.93 p95=  308.58 p99=  394.30 rps=  86.20
  controller.AnalyticsController.maxViewersSummary n= 2586 err=   0 errRate=  0.00% avg=  138.24 min=   30.77 max=  563.27 p50=  106.22 p95=  308.78 p99=  394.40 rps=  86.20
  s2s.crud.fetchAllTickets                      n= 2586 err=   0 errRate=  0.00% avg=   65.63 min=   12.81 max=  367.46 p50=   45.29 p95=  183.50 p99=  215.24 rps=  86.20
  s2s.crud.fetchFilms                           n= 2578 err=   0 errRate=  0.00% avg=   72.37 min=   17.51 max=  463.69 p50=   50.56 p95=  193.89 p99=  226.46 rps=  85.93
window 1m
  calc.additional.maxViewersSummary             n= 4513 err=   0 errRate=  0.00% avg=  172.45 min=   30.66 max=  605.58 p50=  150.25 p95=  328.25 p99=  417.77 rps=  75.22
  controller.AnalyticsController.maxViewersSummary n= 4513 err=   0 errRate=  0.00% avg=  172.76 min=   30.77 max=  605.73 p50=  151.51 p95=  328.51 p99=  418.09 rps=  75.22
  s2s.crud.fetchAllTickets                      n= 4513 err=   0 errRate=  0.00% avg=   83.41 min=   12.81 max=  399.62 p50=   75.93 p95=  198.00 p99=  280.02 rps=  75.22
  s2s.crud.fetchFilms                           n= 4506 err=   0 errRate=  0.00% avg=   88.88 min=   17.51 max=  463.69 p50=   95.58 p95=  204.15 p99=  289.04 rps=  75.10

2026-05-05T03:56:26.059Z  INFO 1 --- [lab8-additional-service] [   scheduling-1] r.h.l.a.o.ObservabilityService           : [lab8-additional-service] observability refresh
window 10s
  calc.additional.maxViewersSummary             n=  965 err=   0 errRate=  0.00% avg=   94.92 min=   31.86 max=  404.45 p50=   75.34 p95=  226.84 p99=  315.95 rps=  96.50
  controller.AnalyticsController.maxViewersSummary n=  965 err=   0 errRate=  0.00% avg=   95.24 min=   32.06 max=  404.59 p50=   75.58 p95=  226.95 p99=  317.06 rps=  96.50
  s2s.crud.fetchAllTickets                      n=  965 err=   0 errRate=  0.00% avg=   43.73 min=   12.73 max=  367.46 p50=   31.90 p95=  109.79 p99=  195.31 rps=  96.50
  s2s.crud.fetchFilms                           n=  957 err=   0 errRate=  0.00% avg=   50.87 min=   17.69 max=  234.76 p50=   37.17 p95=  116.63 p99=  202.52 rps=  95.70
window 30s
  calc.additional.maxViewersSummary             n= 2530 err=   0 errRate=  0.00% avg=  136.26 min=   30.66 max=  563.15 p50=  104.19 p95=  308.27 p99=  392.25 rps=  84.33
  controller.AnalyticsController.maxViewersSummary n= 2530 err=   0 errRate=  0.00% avg=  136.52 min=   30.77 max=  563.27 p50=  104.54 p95=  308.38 p99=  392.34 rps=  84.33
  s2s.crud.fetchAllTickets                      n= 2530 err=   0 errRate=  0.00% avg=   64.87 min=   12.73 max=  367.46 p50=   43.89 p95=  181.62 p99=  215.49 rps=  84.33
  s2s.crud.fetchFilms                           n= 2527 err=   0 errRate=  0.00% avg=   71.29 min=   17.51 max=  463.69 p50=   49.55 p95=  192.98 p99=  225.20 rps=  84.23
window 1m
  calc.additional.maxViewersSummary             n= 4472 err=   0 errRate=  0.00% avg=  170.54 min=   30.66 max=  605.58 p50=  144.98 p95=  326.63 p99=  416.92 rps=  74.53
  controller.AnalyticsController.maxViewersSummary n= 4472 err=   0 errRate=  0.00% avg=  170.84 min=   30.77 max=  605.73 p50=  145.54 p95=  327.13 p99=  417.43 rps=  74.53
  s2s.crud.fetchAllTickets                      n= 4472 err=   0 errRate=  0.00% avg=   82.43 min=   12.73 max=  399.62 p50=   74.81 p95=  197.43 p99=  279.55 rps=  74.53
  s2s.crud.fetchFilms                           n= 4464 err=   0 errRate=  0.00% avg=   87.99 min=   17.51 max=  463.69 p50=   94.74 p95=  203.59 p99=  289.55 rps=  74.40

2026-05-05T03:56:27.063Z  INFO 1 --- [lab8-additional-service] [   scheduling-1] r.h.l.a.o.ObservabilityService           : [lab8-additional-service] observability refresh
window 10s
  calc.additional.maxViewersSummary             n=  878 err=   0 errRate=  0.00% avg=   90.88 min=   30.73 max=  404.45 p50=   73.97 p95=  219.61 p99=  311.71 rps=  87.80
  controller.AnalyticsController.maxViewersSummary n=  878 err=   0 errRate=  0.00% avg=   91.21 min=   30.86 max=  404.59 p50=   74.24 p95=  219.73 p99=  311.83 rps=  87.80
  s2s.crud.fetchAllTickets                      n=  878 err=   0 errRate=  0.00% avg=   41.82 min=   12.73 max=  235.83 p50=   30.58 p95=  105.50 p99=  189.14 rps=  87.80
  s2s.crud.fetchFilms                           n=  871 err=   0 errRate=  0.00% avg=   49.01 min=   17.32 max=  234.76 p50=   36.23 p95=  112.06 p99=  201.98 rps=  87.10
window 30s
  calc.additional.maxViewersSummary             n= 2493 err=   0 errRate=  0.00% avg=  132.90 min=   30.66 max=  563.15 p50=  102.05 p95=  306.42 p99=  386.26 rps=  83.10
  controller.AnalyticsController.maxViewersSummary n= 2493 err=   0 errRate=  0.00% avg=  133.16 min=   30.77 max=  563.27 p50=  102.44 p95=  306.56 p99=  386.41 rps=  83.10
  s2s.crud.fetchAllTickets                      n= 2493 err=   0 errRate=  0.00% avg=   63.20 min=   12.73 max=  367.46 p50=   42.09 p95=  179.66 p99=  215.21 rps=  83.10
  s2s.crud.fetchFilms                           n= 2486 err=   0 errRate=  0.00% avg=   69.46 min=   17.32 max=  463.69 p50=   48.60 p95=  187.71 p99=  220.07 rps=  82.87
window 1m
  calc.additional.maxViewersSummary             n= 4437 err=   0 errRate=  0.00% avg=  168.75 min=   30.66 max=  605.58 p50=  141.82 p95=  325.39 p99=  413.89 rps=  73.95
  controller.AnalyticsController.maxViewersSummary n= 4437 err=   0 errRate=  0.00% avg=  169.05 min=   30.77 max=  605.73 p50=  142.37 p95=  325.57 p99=  414.17 rps=  73.95
  s2s.crud.fetchAllTickets                      n= 4437 err=   0 errRate=  0.00% avg=   81.66 min=   12.73 max=  399.62 p50=   74.03 p95=  196.92 p99=  278.04 rps=  73.95
  s2s.crud.fetchFilms                           n= 4434 err=   0 errRate=  0.00% avg=   86.99 min=   17.32 max=  463.69 p50=   93.53 p95=  202.65 p99=  278.40 rps=  73.90

2026-05-05T03:56:28.068Z  INFO 1 --- [lab8-additional-service] [   scheduling-1] r.h.l.a.o.ObservabilityService           : [lab8-additional-service] observability refresh
window 10s
  calc.additional.maxViewersSummary             n=  774 err=   0 errRate=  0.00% avg=   92.16 min=   30.33 max=  404.45 p50=   75.10 p95=  223.23 p99=  312.92 rps=  77.40
  controller.AnalyticsController.maxViewersSummary n=  774 err=   0 errRate=  0.00% avg=   92.51 min=   30.53 max=  404.59 p50=   75.38 p95=  223.41 p99=  313.45 rps=  77.40
  s2s.crud.fetchAllTickets                      n=  774 err=   0 errRate=  0.00% avg=   42.32 min=   12.73 max=  228.14 p50=   30.65 p95=  107.87 p99=  189.24 rps=  77.40
  s2s.crud.fetchFilms                           n=  768 err=   0 errRate=  0.00% avg=   49.87 min=   17.32 max=  234.76 p50=   36.61 p95=  113.10 p99=  202.50 rps=  76.80
window 30s
  calc.additional.maxViewersSummary             n= 2409 err=   0 errRate=  0.00% avg=  132.97 min=   30.33 max=  563.15 p50=  101.90 p95=  306.53 p99=  388.69 rps=  80.30
  controller.AnalyticsController.maxViewersSummary n= 2409 err=   0 errRate=  0.00% avg=  133.24 min=   30.53 max=  563.27 p50=  102.40 p95=  306.70 p99=  388.96 rps=  80.30
  s2s.crud.fetchAllTickets                      n= 2409 err=   0 errRate=  0.00% avg=   63.22 min=   12.73 max=  367.46 p50=   41.96 p95=  180.12 p99=  215.16 rps=  80.30
  s2s.crud.fetchFilms                           n= 2404 err=   0 errRate=  0.00% avg=   69.73 min=   17.32 max=  463.69 p50=   48.83 p95=  189.08 p99=  220.30 rps=  80.13
window 1m
  calc.additional.maxViewersSummary             n= 4399 err=   0 errRate=  0.00% avg=  167.86 min=   30.33 max=  605.58 p50=  140.58 p95=  325.39 p99=  414.00 rps=  73.32
  controller.AnalyticsController.maxViewersSummary n= 4399 err=   0 errRate=  0.00% avg=  168.16 min=   30.53 max=  605.73 p50=  141.02 p95=  325.56 p99=  414.21 rps=  73.32
  s2s.crud.fetchAllTickets                      n= 4399 err=   0 errRate=  0.00% avg=   81.16 min=   12.73 max=  399.62 p50=   73.00 p95=  196.34 p99=  277.87 rps=  73.32
  s2s.crud.fetchFilms                           n= 4390 err=   0 errRate=  0.00% avg=   86.56 min=   17.32 max=  463.69 p50=   91.97 p95=  202.62 p99=  278.94 rps=  73.17

2026-05-05T03:56:29.073Z  INFO 1 --- [lab8-additional-service] [   scheduling-1] r.h.l.a.o.ObservabilityService           : [lab8-additional-service] observability refresh
window 10s
  calc.additional.maxViewersSummary             n=  680 err=   0 errRate=  0.00% avg=   89.34 min=   30.23 max=  404.45 p50=   72.99 p95=  224.33 p99=  315.40 rps=  68.00
  controller.AnalyticsController.maxViewersSummary n=  680 err=   0 errRate=  0.00% avg=   89.69 min=   30.36 max=  404.59 p50=   73.20 p95=  224.63 p99=  316.69 rps=  68.00
  s2s.crud.fetchAllTickets                      n=  680 err=   0 errRate=  0.00% avg=   41.20 min=   12.69 max=  228.14 p50=   29.37 p95=  108.30 p99=  191.77 rps=  68.00
  s2s.crud.fetchFilms                           n=  676 err=   0 errRate=  0.00% avg=   48.12 min=   17.32 max=  234.76 p50=   34.97 p95=  111.88 p99=  202.72 rps=  67.60
window 30s
  calc.additional.maxViewersSummary             n= 2371 err=   0 errRate=  0.00% avg=  130.61 min=   30.23 max=  563.15 p50=  100.04 p95=  305.99 p99=  386.90 rps=  79.03
  controller.AnalyticsController.maxViewersSummary n= 2371 err=   0 errRate=  0.00% avg=  130.87 min=   30.36 max=  563.27 p50=  100.67 p95=  306.22 p99=  387.08 rps=  79.03
  s2s.crud.fetchAllTickets                      n= 2371 err=   0 errRate=  0.00% avg=   61.66 min=   12.69 max=  367.46 p50=   41.01 p95=  177.51 p99=  214.55 rps=  79.03
  s2s.crud.fetchFilms                           n= 2367 err=   0 errRate=  0.00% avg=   68.81 min=   17.32 max=  463.69 p50=   47.91 p95=  186.07 p99=  220.38 rps=  78.90
window 1m
  calc.additional.maxViewersSummary             n= 4372 err=   0 errRate=  0.00% avg=  166.22 min=   30.23 max=  605.58 p50=  138.47 p95=  324.64 p99=  413.24 rps=  72.87
  controller.AnalyticsController.maxViewersSummary n= 4372 err=   0 errRate=  0.00% avg=  166.53 min=   30.36 max=  605.73 p50=  139.08 p95=  324.85 p99=  413.62 rps=  72.87
  s2s.crud.fetchAllTickets                      n= 4372 err=   0 errRate=  0.00% avg=   80.10 min=   12.69 max=  399.62 p50=   72.14 p95=  195.27 p99=  273.09 rps=  72.87
  s2s.crud.fetchFilms                           n= 4364 err=   0 errRate=  0.00% avg=   85.84 min=   17.32 max=  463.69 p50=   90.35 p95=  202.23 p99=  279.05 rps=  72.73

2026-05-05T03:56:30.077Z  INFO 1 --- [lab8-additional-service] [   scheduling-1] r.h.l.a.o.ObservabilityService           : [lab8-additional-service] observability refresh
window 10s
  calc.additional.maxViewersSummary             n=  593 err=   0 errRate=  0.00% avg=   88.52 min=   30.23 max=  404.45 p50=   67.08 p95=  231.18 p99=  318.56 rps=  59.30
  controller.AnalyticsController.maxViewersSummary n=  593 err=   0 errRate=  0.00% avg=   88.83 min=   30.36 max=  404.59 p50=   67.28 p95=  231.31 p99=  318.68 rps=  59.30
  s2s.crud.fetchAllTickets                      n=  593 err=   0 errRate=  0.00% avg=   40.77 min=   12.69 max=  228.14 p50=   27.90 p95=  111.20 p99=  194.54 rps=  59.30
  s2s.crud.fetchFilms                           n=  592 err=   0 errRate=  0.00% avg=   47.71 min=   17.32 max=  234.76 p50=   34.33 p95=  113.35 p99=  207.02 rps=  59.20
window 30s
  calc.additional.maxViewersSummary             n= 2297 err=   0 errRate=  0.00% avg=  130.52 min=   30.23 max=  563.15 p50=   99.85 p95=  305.01 p99=  386.14 rps=  76.57
  controller.AnalyticsController.maxViewersSummary n= 2297 err=   0 errRate=  0.00% avg=  130.78 min=   30.36 max=  563.27 p50=  100.44 p95=  305.60 p99=  386.28 rps=  76.57
  s2s.crud.fetchAllTickets                      n= 2297 err=   0 errRate=  0.00% avg=   61.67 min=   12.69 max=  367.46 p50=   40.69 p95=  177.17 p99=  214.39 rps=  76.57
  s2s.crud.fetchFilms                           n= 2292 err=   0 errRate=  0.00% avg=   68.73 min=   17.32 max=  463.69 p50=   47.73 p95=  186.10 p99=  217.54 rps=  76.40
window 1m
  calc.additional.maxViewersSummary             n= 4331 err=   0 errRate=  0.00% avg=  163.82 min=   30.23 max=  591.02 p50=  136.12 p95=  322.85 p99=  408.95 rps=  72.18
  controller.AnalyticsController.maxViewersSummary n= 4331 err=   0 errRate=  0.00% avg=  164.12 min=   30.36 max=  591.27 p50=  136.55 p95=  323.06 p99=  409.15 rps=  72.18
  s2s.crud.fetchAllTickets                      n= 4331 err=   0 errRate=  0.00% avg=   78.90 min=   12.69 max=  367.46 p50=   70.62 p95=  194.15 p99=  261.80 rps=  72.18
  s2s.crud.fetchFilms                           n= 4326 err=   0 errRate=  0.00% avg=   84.83 min=   17.32 max=  463.69 p50=   87.21 p95=  201.67 p99=  247.77 rps=  72.10

2026-05-05T03:56:31.082Z  INFO 1 --- [lab8-additional-service] [   scheduling-1] r.h.l.a.o.ObservabilityService           : [lab8-additional-service] observability refresh
window 10s
  calc.additional.maxViewersSummary             n=  472 err=   0 errRate=  0.00% avg=   91.69 min=   30.23 max=  404.45 p50=   66.04 p95=  263.81 p99=  319.81 rps=  47.20
  controller.AnalyticsController.maxViewersSummary n=  472 err=   0 errRate=  0.00% avg=   91.93 min=   30.36 max=  404.59 p50=   66.24 p95=  264.76 p99=  319.94 rps=  47.20
  s2s.crud.fetchAllTickets                      n=  472 err=   0 errRate=  0.00% avg=   42.81 min=   12.69 max=  228.14 p50=   27.22 p95=  117.61 p99=  198.74 rps=  47.20
  s2s.crud.fetchFilms                           n=  469 err=   0 errRate=  0.00% avg=   48.95 min=   17.30 max=  234.76 p50=   33.17 p95=  122.75 p99=  207.41 rps=  46.90
window 30s
  calc.additional.maxViewersSummary             n= 2246 err=   0 errRate=  0.00% avg=  127.73 min=   30.23 max=  563.15 p50=   96.97 p95=  304.69 p99=  387.62 rps=  74.87
  controller.AnalyticsController.maxViewersSummary n= 2246 err=   0 errRate=  0.00% avg=  128.00 min=   30.36 max=  563.27 p50=   97.45 p95=  305.42 p99=  387.84 rps=  74.87
  s2s.crud.fetchAllTickets                      n= 2246 err=   0 errRate=  0.00% avg=   60.17 min=   12.69 max=  367.46 p50=   39.58 p95=  173.51 p99=  214.23 rps=  74.87
  s2s.crud.fetchFilms                           n= 2242 err=   0 errRate=  0.00% avg=   67.53 min=   17.30 max=  463.69 p50=   46.18 p95=  186.06 p99=  218.91 rps=  74.73
window 1m
  calc.additional.maxViewersSummary             n= 4294 err=   0 errRate=  0.00% avg=  162.28 min=   30.23 max=  591.02 p50=  134.42 p95=  322.45 p99=  409.34 rps=  71.57
  controller.AnalyticsController.maxViewersSummary n= 4294 err=   0 errRate=  0.00% avg=  162.58 min=   30.36 max=  591.27 p50=  134.95 p95=  322.71 p99=  409.48 rps=  71.57
  s2s.crud.fetchAllTickets                      n= 4294 err=   0 errRate=  0.00% avg=   77.97 min=   12.69 max=  367.46 p50=   69.32 p95=  193.99 p99=  260.40 rps=  71.57
  s2s.crud.fetchFilms                           n= 4285 err=   0 errRate=  0.00% avg=   84.13 min=   17.30 max=  463.69 p50=   83.48 p95=  201.39 p99=  247.21 rps=  71.42

2026-05-05T03:56:32.087Z  INFO 1 --- [lab8-additional-service] [   scheduling-1] r.h.l.a.o.ObservabilityService           : [lab8-additional-service] observability refresh
window 10s
  calc.additional.maxViewersSummary             n=  359 err=   0 errRate=  0.00% avg=   95.71 min=   30.23 max=  404.45 p50=   61.28 p95=  298.52 p99=  322.57 rps=  35.90
  controller.AnalyticsController.maxViewersSummary n=  359 err=   0 errRate=  0.00% avg=   95.93 min=   30.36 max=  404.59 p50=   61.68 p95=  298.67 p99=  322.69 rps=  35.90
  s2s.crud.fetchAllTickets                      n=  359 err=   0 errRate=  0.00% avg=   44.61 min=   12.69 max=  228.14 p50=   24.81 p95=  128.30 p99=  202.99 rps=  35.90
  s2s.crud.fetchFilms                           n=  353 err=   0 errRate=  0.00% avg=   51.43 min=   17.30 max=  234.76 p50=   31.20 p95=  163.94 p99=  210.02 rps=  35.30
window 30s
  calc.additional.maxViewersSummary             n= 2193 err=   0 errRate=  0.00% avg=  124.79 min=   30.23 max=  563.15 p50=   93.88 p95=  303.67 p99=  386.26 rps=  73.10
  controller.AnalyticsController.maxViewersSummary n= 2193 err=   0 errRate=  0.00% avg=  125.06 min=   30.36 max=  563.27 p50=   94.21 p95=  304.03 p99=  386.41 rps=  73.10
  s2s.crud.fetchAllTickets                      n= 2193 err=   0 errRate=  0.00% avg=   58.92 min=   12.69 max=  367.46 p50=   38.26 p95=  172.42 p99=  214.43 rps=  73.10
  s2s.crud.fetchFilms                           n= 2187 err=   0 errRate=  0.00% avg=   65.77 min=   17.30 max=  463.69 p50=   44.53 p95=  178.66 p99=  217.68 rps=  72.90
window 1m
  calc.additional.maxViewersSummary             n= 4247 err=   0 errRate=  0.00% avg=  160.46 min=   30.23 max=  563.15 p50=  133.24 p95=  321.18 p99=  405.64 rps=  70.78
  controller.AnalyticsController.maxViewersSummary n= 4247 err=   0 errRate=  0.00% avg=  160.76 min=   30.36 max=  563.27 p50=  133.62 p95=  321.32 p99=  405.80 rps=  70.78
  s2s.crud.fetchAllTickets                      n= 4247 err=   0 errRate=  0.00% avg=   77.17 min=   12.69 max=  367.46 p50=   67.83 p95=  193.42 p99=  250.17 rps=  70.78
  s2s.crud.fetchFilms                           n= 4240 err=   0 errRate=  0.00% avg=   83.07 min=   17.30 max=  463.69 p50=   80.19 p95=  200.46 p99=  234.44 rps=  70.67

2026-05-05T03:56:33.092Z  INFO 1 --- [lab8-additional-service] [   scheduling-1] r.h.l.a.o.ObservabilityService           : [lab8-additional-service] observability refresh
window 10s
  calc.additional.maxViewersSummary             n=  272 err=   0 errRate=  0.00% avg=   97.94 min=   30.23 max=  404.45 p50=   53.56 p95=  305.85 p99=  324.19 rps=  27.20
  controller.AnalyticsController.maxViewersSummary n=  272 err=   0 errRate=  0.00% avg=   98.17 min=   30.36 max=  404.59 p50=   53.66 p95=  306.00 p99=  324.31 rps=  27.20
  s2s.crud.fetchAllTickets                      n=  272 err=   0 errRate=  0.00% avg=   44.01 min=   12.69 max=  214.08 p50=   22.40 p95=  144.70 p99=  202.92 rps=  27.20
  s2s.crud.fetchFilms                           n=  268 err=   0 errRate=  0.00% avg=   53.64 min=   17.30 max=  234.76 p50=   28.24 p95=  193.73 p99=  213.75 rps=  26.80
window 30s
  calc.additional.maxViewersSummary             n= 2144 err=   0 errRate=  0.00% avg=  121.86 min=   30.23 max=  563.15 p50=   91.89 p95=  301.31 p99=  382.21 rps=  71.47
  controller.AnalyticsController.maxViewersSummary n= 2144 err=   0 errRate=  0.00% avg=  122.13 min=   30.36 max=  563.27 p50=   92.11 p95=  301.69 p99=  382.32 rps=  71.47
  s2s.crud.fetchAllTickets                      n= 2144 err=   0 errRate=  0.00% avg=   57.32 min=   12.69 max=  367.46 p50=   36.96 p95=  167.30 p99=  213.90 rps=  71.47
  s2s.crud.fetchFilms                           n= 2137 err=   0 errRate=  0.00% avg=   64.32 min=   17.30 max=  463.69 p50=   43.44 p95=  156.72 p99=  216.50 rps=  71.23
window 1m
  calc.additional.maxViewersSummary             n= 4194 err=   0 errRate=  0.00% avg=  159.78 min=   30.23 max=  563.15 p50=  132.66 p95=  321.09 p99=  404.52 rps=  69.90
  controller.AnalyticsController.maxViewersSummary n= 4194 err=   0 errRate=  0.00% avg=  160.09 min=   30.36 max=  563.27 p50=  132.95 p95=  321.21 p99=  404.66 rps=  69.90
  s2s.crud.fetchAllTickets                      n= 4194 err=   0 errRate=  0.00% avg=   76.80 min=   12.69 max=  367.46 p50=   66.96 p95=  193.41 p99=  253.74 rps=  69.90
  s2s.crud.fetchFilms                           n= 4188 err=   0 errRate=  0.00% avg=   82.83 min=   17.30 max=  463.69 p50=   79.28 p95=  200.29 p99=  234.04 rps=  69.80

2026-05-05T03:56:34.098Z  INFO 1 --- [lab8-additional-service] [   scheduling-1] r.h.l.a.o.ObservabilityService           : [lab8-additional-service] observability refresh
window 10s
  calc.additional.maxViewersSummary             n=  220 err=   0 errRate=  0.00% avg=   55.98 min=   30.23 max=  310.47 p50=   43.28 p95=  141.04 p99=  202.32 rps=  22.00
  controller.AnalyticsController.maxViewersSummary n=  220 err=   0 errRate=  0.00% avg=   56.20 min=   30.36 max=  310.77 p50=   43.45 p95=  141.23 p99=  202.56 rps=  22.00
  s2s.crud.fetchAllTickets                      n=  220 err=   0 errRate=  0.00% avg=   23.52 min=   12.69 max=  107.14 p50=   17.18 p95=   55.95 p99=  100.42 rps=  22.00
  s2s.crud.fetchFilms                           n=  212 err=   0 errRate=  0.00% avg=   30.99 min=   17.30 max=  215.63 p50=   22.82 p95=   88.35 p99=  117.96 rps=  21.20
window 30s
  calc.additional.maxViewersSummary             n= 2097 err=   0 errRate=  0.00% avg=  117.91 min=   30.23 max=  563.15 p50=   88.03 p95=  297.44 p99=  347.61 rps=  69.90
  controller.AnalyticsController.maxViewersSummary n= 2097 err=   0 errRate=  0.00% avg=  118.18 min=   30.36 max=  563.27 p50=   88.28 p95=  297.86 p99=  347.76 rps=  69.90
  s2s.crud.fetchAllTickets                      n= 2097 err=   0 errRate=  0.00% avg=   55.54 min=   12.69 max=  367.46 p50=   36.08 p95=  141.86 p99=  211.82 rps=  69.90
  s2s.crud.fetchFilms                           n= 2088 err=   0 errRate=  0.00% avg=   62.18 min=   17.30 max=  463.69 p50=   42.18 p95=  132.63 p99=  213.95 rps=  69.60
window 1m
  calc.additional.maxViewersSummary             n= 4146 err=   0 errRate=  0.00% avg=  158.28 min=   30.23 max=  563.15 p50=  131.47 p95=  320.73 p99=  404.01 rps=  69.10
  controller.AnalyticsController.maxViewersSummary n= 4146 err=   0 errRate=  0.00% avg=  158.59 min=   30.36 max=  563.27 p50=  131.91 p95=  320.88 p99=  404.14 rps=  69.10
  s2s.crud.fetchAllTickets                      n= 4146 err=   0 errRate=  0.00% avg=   75.96 min=   12.69 max=  367.46 p50=   65.12 p95=  193.07 p99=  256.66 rps=  69.10
  s2s.crud.fetchFilms                           n= 4138 err=   0 errRate=  0.00% avg=   82.15 min=   17.30 max=  463.69 p50=   73.70 p95=  200.06 p99=  234.45 rps=  68.97

2026-05-05T03:56:35.105Z  INFO 1 --- [lab8-additional-service] [   scheduling-1] r.h.l.a.o.ObservabilityService           : [lab8-additional-service] observability refresh
window 10s
  calc.additional.maxViewersSummary             n=  169 err=   0 errRate=  0.00% avg=   53.60 min=   30.23 max=  310.47 p50=   35.75 p95=  153.52 p99=  205.88 rps=  16.90
  controller.AnalyticsController.maxViewersSummary n=  169 err=   0 errRate=  0.00% avg=   53.81 min=   30.36 max=  310.77 p50=   35.98 p95=  153.71 p99=  206.11 rps=  16.90
  s2s.crud.fetchAllTickets                      n=  169 err=   0 errRate=  0.00% avg=   21.62 min=   12.69 max=  107.14 p50=   14.61 p95=   59.62 p99=  101.98 rps=  16.90
  s2s.crud.fetchFilms                           n=  169 err=   0 errRate=  0.00% avg=   31.92 min=   17.27 max=  215.63 p50=   20.10 p95=  104.52 p99=  122.48 rps=  16.90
window 30s
  calc.additional.maxViewersSummary             n= 2019 err=   0 errRate=  0.00% avg=  115.67 min=   30.23 max=  563.15 p50=   85.01 p95=  296.97 p99=  347.83 rps=  67.30
  controller.AnalyticsController.maxViewersSummary n= 2019 err=   0 errRate=  0.00% avg=  115.94 min=   30.36 max=  563.27 p50=   85.25 p95=  297.59 p99=  347.93 rps=  67.30
  s2s.crud.fetchAllTickets                      n= 2019 err=   0 errRate=  0.00% avg=   54.40 min=   12.69 max=  367.46 p50=   35.15 p95=  137.00 p99=  210.45 rps=  67.30
  s2s.crud.fetchFilms                           n= 2009 err=   0 errRate=  0.00% avg=   61.28 min=   17.27 max=  463.69 p50=   41.57 p95=  131.14 p99=  214.46 rps=  66.97
window 1m
  calc.additional.maxViewersSummary             n= 4106 err=   0 errRate=  0.00% avg=  156.75 min=   30.23 max=  563.15 p50=  130.48 p95=  320.12 p99=  402.50 rps=  68.43
  controller.AnalyticsController.maxViewersSummary n= 4106 err=   0 errRate=  0.00% avg=  157.06 min=   30.36 max=  563.27 p50=  130.75 p95=  320.42 p99=  402.67 rps=  68.43
  s2s.crud.fetchAllTickets                      n= 4106 err=   0 errRate=  0.00% avg=   75.11 min=   12.69 max=  367.46 p50=   63.67 p95=  192.06 p99=  235.61 rps=  68.43
  s2s.crud.fetchFilms                           n= 4101 err=   0 errRate=  0.00% avg=   81.52 min=   17.27 max=  463.69 p50=   69.93 p95=  199.92 p99=  233.93 rps=  68.35

2026-05-05T03:56:36.109Z  INFO 1 --- [lab8-additional-service] [   scheduling-1] r.h.l.a.o.ObservabilityService           : [lab8-additional-service] observability refresh
window 10s
  calc.additional.maxViewersSummary             n=  170 err=   0 errRate=  0.00% avg=   52.75 min=   30.23 max=  310.47 p50=   35.46 p95=  153.42 p99=  205.77 rps=  17.00
  controller.AnalyticsController.maxViewersSummary n=  170 err=   0 errRate=  0.00% avg=   52.94 min=   30.36 max=  310.77 p50=   35.60 p95=  153.60 p99=  206.00 rps=  17.00
  s2s.crud.fetchAllTickets                      n=  170 err=   0 errRate=  0.00% avg=   21.18 min=   12.69 max=  107.14 p50=   14.55 p95=   59.13 p99=  101.94 rps=  17.00
  s2s.crud.fetchFilms                           n=  170 err=   0 errRate=  0.00% avg=   31.52 min=   17.27 max=  215.63 p50=   19.82 p95=  104.51 p99=  122.36 rps=  17.00
window 30s
  calc.additional.maxViewersSummary             n= 1932 err=   0 errRate=  0.00% avg=  115.80 min=   30.23 max=  563.15 p50=   84.21 p95=  297.84 p99=  369.31 rps=  64.40
  controller.AnalyticsController.maxViewersSummary n= 1932 err=   0 errRate=  0.00% avg=  116.07 min=   30.36 max=  563.27 p50=   84.51 p95=  298.40 p99=  369.41 rps=  64.40
  s2s.crud.fetchAllTickets                      n= 1932 err=   0 errRate=  0.00% avg=   54.39 min=   12.69 max=  367.46 p50=   34.97 p95=  148.85 p99=  211.40 rps=  64.40
  s2s.crud.fetchFilms                           n= 1930 err=   0 errRate=  0.00% avg=   61.36 min=   17.27 max=  463.69 p50=   41.70 p95=  131.13 p99=  215.22 rps=  64.33
window 1m
  calc.additional.maxViewersSummary             n= 4065 err=   0 errRate=  0.00% avg=  154.75 min=   30.23 max=  563.15 p50=  128.40 p95=  318.99 p99=  401.57 rps=  67.75
  controller.AnalyticsController.maxViewersSummary n= 4065 err=   0 errRate=  0.00% avg=  155.06 min=   30.36 max=  563.27 p50=  128.61 p95=  319.22 p99=  401.84 rps=  67.75
  s2s.crud.fetchAllTickets                      n= 4065 err=   0 errRate=  0.00% avg=   74.11 min=   12.69 max=  367.46 p50=   60.82 p95=  191.35 p99=  233.05 rps=  67.75
  s2s.crud.fetchFilms                           n= 4058 err=   0 errRate=  0.00% avg=   80.53 min=   17.27 max=  463.69 p50=   66.54 p95=  199.07 p99=  232.56 rps=  67.63

2026-05-05T03:56:37.123Z  INFO 1 --- [lab8-additional-service] [   scheduling-1] r.h.l.a.o.ObservabilityService           : [lab8-additional-service] observability refresh
window 10s
  calc.additional.maxViewersSummary             n=  164 err=   0 errRate=  0.00% avg=   53.76 min=   30.23 max=  310.47 p50=   35.71 p95=  154.05 p99=  206.44 rps=  16.40
  controller.AnalyticsController.maxViewersSummary n=  164 err=   0 errRate=  0.00% avg=   53.94 min=   30.36 max=  310.77 p50=   35.91 p95=  154.25 p99=  206.67 rps=  16.40
  s2s.crud.fetchAllTickets                      n=  164 err=   0 errRate=  0.00% avg=   21.39 min=   12.69 max=  107.14 p50=   14.55 p95=   60.88 p99=  102.19 rps=  16.40
  s2s.crud.fetchFilms                           n=  166 err=   0 errRate=  0.00% avg=   32.50 min=   17.27 max=  215.63 p50=   20.69 p95=  104.57 p99=  122.86 rps=  16.60
window 30s
  calc.additional.maxViewersSummary             n= 1849 err=   0 errRate=  0.00% avg=  114.80 min=   30.23 max=  563.15 p50=   81.15 p95=  298.27 p99=  381.93 rps=  61.63
  controller.AnalyticsController.maxViewersSummary n= 1849 err=   0 errRate=  0.00% avg=  115.07 min=   30.36 max=  563.27 p50=   81.67 p95=  298.60 p99=  382.03 rps=  61.63
  s2s.crud.fetchAllTickets                      n= 1849 err=   0 errRate=  0.00% avg=   53.84 min=   12.69 max=  367.46 p50=   34.02 p95=  144.88 p99=  212.76 rps=  61.63
  s2s.crud.fetchFilms                           n= 1846 err=   0 errRate=  0.00% avg=   60.85 min=   17.27 max=  463.69 p50=   40.66 p95=  131.05 p99=  215.12 rps=  61.53
window 1m
  calc.additional.maxViewersSummary             n= 4016 err=   0 errRate=  0.00% avg=  153.17 min=   30.23 max=  563.15 p50=  126.86 p95=  318.54 p99=  401.65 rps=  66.93
  controller.AnalyticsController.maxViewersSummary n= 4016 err=   0 errRate=  0.00% avg=  153.48 min=   30.36 max=  563.27 p50=  127.27 p95=  318.66 p99=  401.89 rps=  66.93
  s2s.crud.fetchAllTickets                      n= 4016 err=   0 errRate=  0.00% avg=   73.46 min=   12.69 max=  367.46 p50=   58.91 p95=  191.14 p99=  235.18 rps=  66.93
  s2s.crud.fetchFilms                           n= 4012 err=   0 errRate=  0.00% avg=   79.50 min=   17.27 max=  463.69 p50=   63.56 p95=  198.77 p99=  230.48 rps=  66.87

2026-05-05T03:56:38.127Z  INFO 1 --- [lab8-additional-service] [   scheduling-1] r.h.l.a.o.ObservabilityService           : [lab8-additional-service] observability refresh
window 10s
  calc.additional.maxViewersSummary             n=  166 err=   0 errRate=  0.00% avg=   55.03 min=   30.23 max=  310.47 p50=   35.80 p95=  172.70 p99=  206.22 rps=  16.60
  controller.AnalyticsController.maxViewersSummary n=  166 err=   0 errRate=  0.00% avg=   55.21 min=   30.36 max=  310.77 p50=   36.03 p95=  173.35 p99=  206.36 rps=  16.60
  s2s.crud.fetchAllTickets                      n=  166 err=   0 errRate=  0.00% avg=   22.23 min=   12.63 max=  112.11 p50=   14.61 p95=   71.74 p99=  105.64 rps=  16.60
  s2s.crud.fetchFilms                           n=  166 err=   0 errRate=  0.00% avg=   32.74 min=   17.26 max=  215.63 p50=   21.20 p95=  106.23 p99=  122.86 rps=  16.60
window 30s
  calc.additional.maxViewersSummary             n= 1741 err=   0 errRate=  0.00% avg=  117.54 min=   30.23 max=  563.15 p50=   83.90 p95=  299.68 p99=  385.49 rps=  58.03
  controller.AnalyticsController.maxViewersSummary n= 1741 err=   0 errRate=  0.00% avg=  117.82 min=   30.36 max=  563.27 p50=   84.32 p95=  300.48 p99=  385.61 rps=  58.03
  s2s.crud.fetchAllTickets                      n= 1741 err=   0 errRate=  0.00% avg=   55.25 min=   12.63 max=  367.46 p50=   34.44 p95=  161.15 p99=  213.92 rps=  58.03
  s2s.crud.fetchFilms                           n= 1737 err=   0 errRate=  0.00% avg=   62.31 min=   17.26 max=  463.69 p50=   41.51 p95=  132.47 p99=  216.01 rps=  57.90
window 1m
  calc.additional.maxViewersSummary             n= 3973 err=   0 errRate=  0.00% avg=  151.23 min=   30.23 max=  563.15 p50=  125.50 p95=  317.50 p99=  401.47 rps=  66.22
  controller.AnalyticsController.maxViewersSummary n= 3973 err=   0 errRate=  0.00% avg=  151.54 min=   30.36 max=  563.27 p50=  125.84 p95=  317.64 p99=  401.77 rps=  66.22
  s2s.crud.fetchAllTickets                      n= 3973 err=   0 errRate=  0.00% avg=   72.47 min=   12.63 max=  367.46 p50=   57.45 p95=  190.71 p99=  232.71 rps=  66.22
  s2s.crud.fetchFilms                           n= 3971 err=   0 errRate=  0.00% avg=   78.67 min=   17.26 max=  463.69 p50=   62.23 p95=  197.81 p99=  231.09 rps=  66.18

2026-05-05T03:56:39.132Z  INFO 1 --- [lab8-additional-service] [   scheduling-1] r.h.l.a.o.ObservabilityService           : [lab8-additional-service] observability refresh
window 10s
  calc.additional.maxViewersSummary             n=  170 err=   0 errRate=  0.00% avg=   55.84 min=   30.24 max=  310.47 p50=   36.32 p95=  182.05 p99=  225.05 rps=  17.00
  controller.AnalyticsController.maxViewersSummary n=  170 err=   0 errRate=  0.00% avg=   56.04 min=   30.37 max=  310.77 p50=   36.92 p95=  182.50 p99=  225.23 rps=  17.00
  s2s.crud.fetchAllTickets                      n=  170 err=   0 errRate=  0.00% avg=   22.09 min=   12.63 max=  112.11 p50=   14.66 p95=   71.08 p99=  105.54 rps=  17.00
  s2s.crud.fetchFilms                           n=  169 err=   0 errRate=  0.00% avg=   32.62 min=   17.26 max=  236.75 p50=   21.20 p95=  106.22 p99=  122.48 rps=  16.90
window 30s
  calc.additional.maxViewersSummary             n= 1653 err=   0 errRate=  0.00% avg=  118.94 min=   30.23 max=  563.15 p50=   84.55 p95=  301.42 p99=  388.17 rps=  55.10
  controller.AnalyticsController.maxViewersSummary n= 1653 err=   0 errRate=  0.00% avg=  119.22 min=   30.36 max=  563.27 p50=   84.90 p95=  301.97 p99=  388.31 rps=  55.10
  s2s.crud.fetchAllTickets                      n= 1653 err=   0 errRate=  0.00% avg=   55.79 min=   12.63 max=  367.46 p50=   34.17 p95=  167.64 p99=  214.21 rps=  55.10
  s2s.crud.fetchFilms                           n= 1645 err=   0 errRate=  0.00% avg=   62.95 min=   17.26 max=  463.69 p50=   41.38 p95=  137.56 p99=  216.47 rps=  54.83
window 1m
  calc.additional.maxViewersSummary             n= 3922 err=   0 errRate=  0.00% avg=  150.01 min=   30.23 max=  563.15 p50=  124.60 p95=  317.47 p99=  401.50 rps=  65.37
  controller.AnalyticsController.maxViewersSummary n= 3922 err=   0 errRate=  0.00% avg=  150.31 min=   30.36 max=  563.27 p50=  124.85 p95=  317.62 p99=  401.80 rps=  65.37
  s2s.crud.fetchAllTickets                      n= 3922 err=   0 errRate=  0.00% avg=   71.75 min=   12.63 max=  367.46 p50=   55.39 p95=  190.51 p99=  234.92 rps=  65.37
  s2s.crud.fetchFilms                           n= 3918 err=   0 errRate=  0.00% avg=   78.17 min=   17.26 max=  463.69 p50=   60.57 p95=  197.92 p99=  232.16 rps=  65.30

2026-05-05T03:56:40.139Z  INFO 1 --- [lab8-additional-service] [   scheduling-1] r.h.l.a.o.ObservabilityService           : [lab8-additional-service] observability refresh
window 10s
  calc.additional.maxViewersSummary             n=  163 err=   0 errRate=  0.00% avg=   52.18 min=   30.24 max=  250.89 p50=   35.14 p95=  154.46 p99=  201.33 rps=  16.30
  controller.AnalyticsController.maxViewersSummary n=  163 err=   0 errRate=  0.00% avg=   52.38 min=   30.37 max=  251.07 p50=   35.35 p95=  154.74 p99=  201.45 rps=  16.30
  s2s.crud.fetchAllTickets                      n=  163 err=   0 errRate=  0.00% avg=   21.10 min=   12.63 max=  112.11 p50=   14.33 p95=   55.34 p99=  101.53 rps=  16.30
  s2s.crud.fetchFilms                           n=  165 err=   0 errRate=  0.00% avg=   30.98 min=   17.26 max=  236.75 p50=   20.96 p95=  105.84 p99=  122.99 rps=  16.50
window 30s
  calc.additional.maxViewersSummary             n= 1603 err=   0 errRate=  0.00% avg=  114.34 min=   30.23 max=  563.15 p50=   80.55 p95=  298.62 p99=  390.41 rps=  53.43
  controller.AnalyticsController.maxViewersSummary n= 1603 err=   0 errRate=  0.00% avg=  114.63 min=   30.36 max=  563.27 p50=   80.83 p95=  298.75 p99=  390.54 rps=  53.43
  s2s.crud.fetchAllTickets                      n= 1603 err=   0 errRate=  0.00% avg=   53.41 min=   12.63 max=  367.46 p50=   32.85 p95=  150.83 p99=  211.74 rps=  53.43
  s2s.crud.fetchFilms                           n= 1599 err=   0 errRate=  0.00% avg=   60.55 min=   17.26 max=  463.69 p50=   39.67 p95=  132.39 p99=  216.24 rps=  53.30
window 1m
  calc.additional.maxViewersSummary             n= 3860 err=   0 errRate=  0.00% avg=  149.09 min=   30.23 max=  563.15 p50=  123.38 p95=  317.70 p99=  401.58 rps=  64.33
  controller.AnalyticsController.maxViewersSummary n= 3860 err=   0 errRate=  0.00% avg=  149.37 min=   30.36 max=  563.27 p50=  123.57 p95=  317.86 p99=  401.85 rps=  64.33
  s2s.crud.fetchAllTickets                      n= 3860 err=   0 errRate=  0.00% avg=   71.31 min=   12.63 max=  367.46 p50=   54.34 p95=  190.77 p99=  233.27 rps=  64.33
  s2s.crud.fetchFilms                           n= 3854 err=   0 errRate=  0.00% avg=   77.68 min=   17.26 max=  463.69 p50=   59.30 p95=  198.33 p99=  231.43 rps=  64.23

2026-05-05T03:56:41.142Z  INFO 1 --- [lab8-additional-service] [   scheduling-1] r.h.l.a.o.ObservabilityService           : [lab8-additional-service] observability refresh
window 10s
  calc.additional.maxViewersSummary             n=  152 err=   0 errRate=  0.00% avg=   56.60 min=   30.24 max=  250.89 p50=   35.20 p95=  181.74 p99=  204.67 rps=  15.20
  controller.AnalyticsController.maxViewersSummary n=  152 err=   0 errRate=  0.00% avg=   56.81 min=   30.37 max=  251.07 p50=   35.41 p95=  181.96 p99=  204.96 rps=  15.20
  s2s.crud.fetchAllTickets                      n=  152 err=   0 errRate=  0.00% avg=   23.20 min=   12.63 max=  112.11 p50=   14.56 p95=   89.56 p99=  108.08 rps=  15.20
  s2s.crud.fetchFilms                           n=  152 err=   0 errRate=  0.00% avg=   33.32 min=   17.26 max=  236.75 p50=   21.15 p95=  110.57 p99=  133.81 rps=  15.20
window 30s
  calc.additional.maxViewersSummary             n= 1549 err=   0 errRate=  0.00% avg=  109.37 min=   30.23 max=  563.15 p50=   77.94 p95=  294.81 p99=  347.39 rps=  51.63
  controller.AnalyticsController.maxViewersSummary n= 1549 err=   0 errRate=  0.00% avg=  109.65 min=   30.36 max=  563.27 p50=   78.16 p95=  295.07 p99=  347.69 rps=  51.63
  s2s.crud.fetchAllTickets                      n= 1549 err=   0 errRate=  0.00% avg=   50.90 min=   12.63 max=  367.46 p50=   31.62 p95=  130.32 p99=  210.19 rps=  51.63
  s2s.crud.fetchFilms                           n= 1543 err=   0 errRate=  0.00% avg=   58.17 min=   17.26 max=  463.69 p50=   37.98 p95=  129.52 p99=  216.47 rps=  51.43
window 1m
  calc.additional.maxViewersSummary             n= 3801 err=   0 errRate=  0.00% avg=  148.27 min=   30.23 max=  563.15 p50=  122.76 p95=  318.51 p99=  401.68 rps=  63.35
  controller.AnalyticsController.maxViewersSummary n= 3801 err=   0 errRate=  0.00% avg=  148.54 min=   30.36 max=  563.27 p50=  122.97 p95=  318.63 p99=  401.90 rps=  63.35
  s2s.crud.fetchAllTickets                      n= 3801 err=   0 errRate=  0.00% avg=   71.03 min=   12.63 max=  367.46 p50=   53.52 p95=  190.78 p99=  235.83 rps=  63.35
  s2s.crud.fetchFilms                           n= 3796 err=   0 errRate=  0.00% avg=   77.13 min=   17.26 max=  463.69 p50=   57.83 p95=  198.30 p99=  232.51 rps=  63.27

2026-05-05T03:56:42.148Z  INFO 1 --- [lab8-additional-service] [   scheduling-1] r.h.l.a.o.ObservabilityService           : [lab8-additional-service] observability refresh
window 10s
  calc.additional.maxViewersSummary             n=  156 err=   0 errRate=  0.00% avg=   56.19 min=   30.24 max=  250.89 p50=   35.10 p95=  180.65 p99=  204.48 rps=  15.60
  controller.AnalyticsController.maxViewersSummary n=  156 err=   0 errRate=  0.00% avg=   56.40 min=   30.37 max=  251.07 p50=   35.30 p95=  180.89 p99=  204.75 rps=  15.60
  s2s.crud.fetchAllTickets                      n=  156 err=   0 errRate=  0.00% avg=   23.33 min=   12.63 max=  112.11 p50=   14.61 p95=   88.98 p99=  107.82 rps=  15.60
  s2s.crud.fetchFilms                           n=  157 err=   0 errRate=  0.00% avg=   32.81 min=   17.22 max=  236.75 p50=   20.28 p95=  110.25 p99=  133.53 rps=  15.70
window 30s
  calc.additional.maxViewersSummary             n= 1478 err=   0 errRate=  0.00% avg=  107.24 min=   30.23 max=  563.15 p50=   76.16 p95=  297.06 p99=  347.66 rps=  49.27
  controller.AnalyticsController.maxViewersSummary n= 1478 err=   0 errRate=  0.00% avg=  107.52 min=   30.36 max=  563.27 p50=   76.45 p95=  297.20 p99=  347.81 rps=  49.27
  s2s.crud.fetchAllTickets                      n= 1478 err=   0 errRate=  0.00% avg=   49.89 min=   12.63 max=  367.46 p50=   30.80 p95=  131.86 p99=  210.85 rps=  49.27
  s2s.crud.fetchFilms                           n= 1473 err=   0 errRate=  0.00% avg=   56.99 min=   17.22 max=  463.69 p50=   37.13 p95=  129.47 p99=  216.83 rps=  49.10
window 1m
  calc.additional.maxViewersSummary             n= 3748 err=   0 errRate=  0.00% avg=  146.56 min=   30.23 max=  563.15 p50=  120.57 p95=  317.62 p99=  402.06 rps=  62.47
  controller.AnalyticsController.maxViewersSummary n= 3748 err=   0 errRate=  0.00% avg=  146.82 min=   30.36 max=  563.27 p50=  120.93 p95=  317.79 p99=  402.22 rps=  62.47
  s2s.crud.fetchAllTickets                      n= 3748 err=   0 errRate=  0.00% avg=   70.25 min=   12.63 max=  367.46 p50=   52.41 p95=  190.24 p99=  241.48 rps=  62.47
  s2s.crud.fetchFilms                           n= 3742 err=   0 errRate=  0.00% avg=   76.11 min=   17.22 max=  463.69 p50=   55.67 p95=  197.68 p99=  231.68 rps=  62.37

2026-05-05T03:56:43.151Z  INFO 1 --- [lab8-additional-service] [   scheduling-1] r.h.l.a.o.ObservabilityService           : [lab8-additional-service] observability refresh
window 10s
  calc.additional.maxViewersSummary             n=  164 err=   0 errRate=  0.00% avg=   49.63 min=   30.24 max=  250.89 p50=   34.98 p95=  153.90 p99=  203.08 rps=  16.40
  controller.AnalyticsController.maxViewersSummary n=  164 err=   0 errRate=  0.00% avg=   49.84 min=   30.37 max=  251.07 p50=   35.12 p95=  154.17 p99=  203.33 rps=  16.40
  s2s.crud.fetchAllTickets                      n=  164 err=   0 errRate=  0.00% avg=   20.89 min=   12.63 max=  112.11 p50=   14.47 p95=   61.88 p99=  103.75 rps=  16.40
  s2s.crud.fetchFilms                           n=  164 err=   0 errRate=  0.00% avg=   28.66 min=   17.04 max=  236.75 p50=   19.93 p95=   78.28 p99=  125.16 rps=  16.40
window 30s
  calc.additional.maxViewersSummary             n= 1428 err=   0 errRate=  0.00% avg=  102.62 min=   30.23 max=  563.15 p50=   73.30 p95=  296.91 p99=  347.80 rps=  47.60
  controller.AnalyticsController.maxViewersSummary n= 1428 err=   0 errRate=  0.00% avg=  102.91 min=   30.36 max=  563.27 p50=   73.47 p95=  297.02 p99=  347.91 rps=  47.60
  s2s.crud.fetchAllTickets                      n= 1428 err=   0 errRate=  0.00% avg=   47.53 min=   12.63 max=  367.46 p50=   29.37 p95=  129.74 p99=  211.45 rps=  47.60
  s2s.crud.fetchFilms                           n= 1419 err=   0 errRate=  0.00% avg=   54.78 min=   17.04 max=  463.69 p50=   35.83 p95=  129.44 p99=  216.57 rps=  47.30
window 1m
  calc.additional.maxViewersSummary             n= 3679 err=   0 errRate=  0.00% avg=  146.28 min=   30.23 max=  563.15 p50=  119.71 p95=  318.06 p99=  402.41 rps=  61.32
  controller.AnalyticsController.maxViewersSummary n= 3679 err=   0 errRate=  0.00% avg=  146.54 min=   30.36 max=  563.27 p50=  119.92 p95=  318.17 p99=  402.51 rps=  61.32
  s2s.crud.fetchAllTickets                      n= 3679 err=   0 errRate=  0.00% avg=   70.14 min=   12.63 max=  367.46 p50=   51.38 p95=  190.53 p99=  247.99 rps=  61.32
  s2s.crud.fetchFilms                           n= 3669 err=   0 errRate=  0.00% avg=   76.06 min=   17.04 max=  463.69 p50=   55.24 p95=  197.82 p99=  232.55 rps=  61.15

2026-05-05T03:56:44.155Z  INFO 1 --- [lab8-additional-service] [   scheduling-1] r.h.l.a.o.ObservabilityService           : [lab8-additional-service] observability refresh
window 10s
  calc.additional.maxViewersSummary             n=  166 err=   0 errRate=  0.00% avg=   51.73 min=   30.24 max=  250.89 p50=   35.10 p95=  160.24 p99=  202.96 rps=  16.60
  controller.AnalyticsController.maxViewersSummary n=  166 err=   0 errRate=  0.00% avg=   51.96 min=   30.37 max=  251.07 p50=   35.30 p95=  160.38 p99=  203.20 rps=  16.60
  s2s.crud.fetchAllTickets                      n=  166 err=   0 errRate=  0.00% avg=   21.76 min=   12.63 max=  112.11 p50=   14.84 p95=   70.41 p99=  103.50 rps=  16.60
  s2s.crud.fetchFilms                           n=  165 err=   0 errRate=  0.00% avg=   28.89 min=   17.04 max=  236.75 p50=   20.06 p95=   77.59 p99=  136.87 rps=  16.50
window 30s
  calc.additional.maxViewersSummary             n= 1383 err=   0 errRate=  0.00% avg=   98.70 min=   30.23 max=  563.15 p50=   71.97 p95=  289.85 p99=  347.65 rps=  46.10
  controller.AnalyticsController.maxViewersSummary n= 1383 err=   0 errRate=  0.00% avg=   99.00 min=   30.36 max=  563.27 p50=   72.08 p95=  290.26 p99=  347.79 rps=  46.10
  s2s.crud.fetchAllTickets                      n= 1383 err=   0 errRate=  0.00% avg=   45.28 min=   12.63 max=  367.46 p50=   28.86 p95=  121.33 p99=  201.14 rps=  46.10
  s2s.crud.fetchFilms                           n= 1377 err=   0 errRate=  0.00% avg=   52.65 min=   17.04 max=  463.69 p50=   35.06 p95=  126.68 p99=  214.02 rps=  45.90
window 1m
  calc.additional.maxViewersSummary             n= 3640 err=   0 errRate=  0.00% avg=  144.83 min=   30.23 max=  563.15 p50=  117.56 p95=  317.22 p99=  402.43 rps=  60.67
  controller.AnalyticsController.maxViewersSummary n= 3640 err=   0 errRate=  0.00% avg=  145.09 min=   30.36 max=  563.27 p50=  117.73 p95=  317.59 p99=  402.53 rps=  60.67
  s2s.crud.fetchAllTickets                      n= 3640 err=   0 errRate=  0.00% avg=   69.46 min=   12.63 max=  367.46 p50=   49.89 p95=  190.45 p99=  250.65 rps=  60.67
  s2s.crud.fetchFilms                           n= 3626 err=   0 errRate=  0.00% avg=   74.90 min=   17.04 max=  463.69 p50=   53.66 p95=  197.68 p99=  229.01 rps=  60.43

2026-05-05T03:56:45.159Z  INFO 1 --- [lab8-additional-service] [   scheduling-1] r.h.l.a.o.ObservabilityService           : [lab8-additional-service] observability refresh
window 10s
  calc.additional.maxViewersSummary             n=  170 err=   0 errRate=  0.00% avg=   50.73 min=   30.24 max=  250.89 p50=   35.47 p95=  158.83 p99=  202.70 rps=  17.00
  controller.AnalyticsController.maxViewersSummary n=  170 err=   0 errRate=  0.00% avg=   50.96 min=   30.37 max=  251.07 p50=   35.96 p95=  158.97 p99=  202.93 rps=  17.00
  s2s.crud.fetchAllTickets                      n=  170 err=   0 errRate=  0.00% avg=   21.86 min=   12.63 max=  112.11 p50=   15.27 p95=   68.69 p99=  103.01 rps=  17.00
  s2s.crud.fetchFilms                           n=  169 err=   0 errRate=  0.00% avg=   28.84 min=   17.04 max=  236.75 p50=   20.23 p95=   74.85 p99=  136.85 rps=  16.90
window 30s
  calc.additional.maxViewersSummary             n= 1338 err=   0 errRate=  0.00% avg=   90.12 min=   30.23 max=  404.45 p50=   67.81 p95=  227.59 p99=  316.13 rps=  44.60
  controller.AnalyticsController.maxViewersSummary n= 1338 err=   0 errRate=  0.00% avg=   90.41 min=   30.36 max=  404.59 p50=   68.02 p95=  228.00 p99=  316.43 rps=  44.60
  s2s.crud.fetchAllTickets                      n= 1338 err=   0 errRate=  0.00% avg=   41.27 min=   12.63 max=  367.46 p50=   27.58 p95=  111.14 p99=  193.12 rps=  44.60
  s2s.crud.fetchFilms                           n= 1331 err=   0 errRate=  0.00% avg=   48.38 min=   17.04 max=  236.75 p50=   34.01 p95=  120.23 p99=  205.78 rps=  44.37
window 1m
  calc.additional.maxViewersSummary             n= 3588 err=   0 errRate=  0.00% avg=  142.53 min=   30.23 max=  563.15 p50=  114.48 p95=  314.60 p99=  401.43 rps=  59.80
  controller.AnalyticsController.maxViewersSummary n= 3588 err=   0 errRate=  0.00% avg=  142.79 min=   30.36 max=  563.27 p50=  114.72 p95=  314.96 p99=  401.63 rps=  59.80
  s2s.crud.fetchAllTickets                      n= 3588 err=   0 errRate=  0.00% avg=   68.20 min=   12.63 max=  367.46 p50=   48.38 p95=  189.65 p99=  225.19 rps=  59.80
  s2s.crud.fetchFilms                           n= 3580 err=   0 errRate=  0.00% avg=   74.18 min=   17.04 max=  463.69 p50=   52.32 p95=  197.66 p99=  228.91 rps=  59.67

2026-05-05T03:56:46.162Z  INFO 1 --- [lab8-additional-service] [   scheduling-1] r.h.l.a.o.ObservabilityService           : [lab8-additional-service] observability refresh
window 10s
  calc.additional.maxViewersSummary             n=  168 err=   0 errRate=  0.00% avg=   49.23 min=   30.24 max=  250.89 p50=   35.01 p95=  159.53 p99=  202.83 rps=  16.80
  controller.AnalyticsController.maxViewersSummary n=  168 err=   0 errRate=  0.00% avg=   49.46 min=   30.37 max=  251.07 p50=   35.21 p95=  159.68 p99=  203.06 rps=  16.80
  s2s.crud.fetchAllTickets                      n=  168 err=   0 errRate=  0.00% avg=   21.15 min=   12.63 max=  112.11 p50=   14.64 p95=   69.55 p99=  103.26 rps=  16.80
  s2s.crud.fetchFilms                           n=  168 err=   0 errRate=  0.00% avg=   28.00 min=   17.04 max=  236.75 p50=   19.80 p95=   75.54 p99=  136.86 rps=  16.80
window 30s
  calc.additional.maxViewersSummary             n= 1298 err=   0 errRate=  0.00% avg=   83.02 min=   30.23 max=  404.45 p50=   65.33 p95=  216.92 p99=  310.50 rps=  43.27
  controller.AnalyticsController.maxViewersSummary n= 1298 err=   0 errRate=  0.00% avg=   83.32 min=   30.36 max=  404.59 p50=   65.49 p95=  217.07 p99=  310.80 rps=  43.27
  s2s.crud.fetchAllTickets                      n= 1298 err=   0 errRate=  0.00% avg=   37.63 min=   12.63 max=  367.46 p50=   26.26 p95=  104.04 p99=  188.60 rps=  43.27
  s2s.crud.fetchFilms                           n= 1288 err=   0 errRate=  0.00% avg=   44.94 min=   17.04 max=  236.75 p50=   32.76 p95=  113.10 p99=  201.87 rps=  42.93
window 1m
  calc.additional.maxViewersSummary             n= 3549 err=   0 errRate=  0.00% avg=  140.56 min=   30.23 max=  563.15 p50=  111.83 p95=  313.77 p99=  401.19 rps=  59.15
  controller.AnalyticsController.maxViewersSummary n= 3549 err=   0 errRate=  0.00% avg=  140.82 min=   30.36 max=  563.27 p50=  111.95 p95=  313.89 p99=  401.60 rps=  59.15
  s2s.crud.fetchAllTickets                      n= 3549 err=   0 errRate=  0.00% avg=   67.10 min=   12.63 max=  367.46 p50=   46.78 p95=  188.68 p99=  223.99 rps=  59.15
  s2s.crud.fetchFilms                           n= 3543 err=   0 errRate=  0.00% avg=   73.36 min=   17.04 max=  463.69 p50=   51.65 p95=  196.96 p99=  228.98 rps=  59.05

2026-05-05T03:56:47.165Z  INFO 1 --- [lab8-additional-service] [   scheduling-1] r.h.l.a.o.ObservabilityService           : [lab8-additional-service] observability refresh
window 10s
  calc.additional.maxViewersSummary             n=  168 err=   0 errRate=  0.00% avg=   48.32 min=   30.24 max=  250.89 p50=   35.40 p95=  153.43 p99=  202.83 rps=  16.80
  controller.AnalyticsController.maxViewersSummary n=  168 err=   0 errRate=  0.00% avg=   48.56 min=   30.37 max=  251.07 p50=   35.63 p95=  153.59 p99=  203.06 rps=  16.80
  s2s.crud.fetchAllTickets                      n=  168 err=   0 errRate=  0.00% avg=   20.59 min=   12.63 max=  111.47 p50=   14.64 p95=   58.65 p99=   98.99 rps=  16.80
  s2s.crud.fetchFilms                           n=  166 err=   0 errRate=  0.00% avg=   26.64 min=   17.04 max=  236.75 p50=   19.99 p95=   51.81 p99=  136.87 rps=  16.60
window 30s
  calc.additional.maxViewersSummary             n= 1197 err=   0 errRate=  0.00% avg=   80.19 min=   30.23 max=  404.45 p50=   63.90 p95=  202.32 p99=  306.63 rps=  39.90
  controller.AnalyticsController.maxViewersSummary n= 1197 err=   0 errRate=  0.00% avg=   80.49 min=   30.36 max=  404.59 p50=   64.05 p95=  202.48 p99=  306.82 rps=  39.90
  s2s.crud.fetchAllTickets                      n= 1197 err=   0 errRate=  0.00% avg=   36.28 min=   12.63 max=  235.83 p50=   25.56 p95=  100.35 p99=  171.73 rps=  39.90
  s2s.crud.fetchFilms                           n= 1191 err=   0 errRate=  0.00% avg=   43.92 min=   17.04 max=  236.75 p50=   31.95 p95=  110.17 p99=  201.57 rps=  39.70
window 1m
  calc.additional.maxViewersSummary             n= 3487 err=   0 errRate=  0.00% avg=  139.38 min=   30.23 max=  563.15 p50=  109.48 p95=  313.58 p99=  401.43 rps=  58.12
  controller.AnalyticsController.maxViewersSummary n= 3487 err=   0 errRate=  0.00% avg=  139.64 min=   30.36 max=  563.27 p50=  109.90 p95=  313.67 p99=  401.64 rps=  58.12
  s2s.crud.fetchAllTickets                      n= 3487 err=   0 errRate=  0.00% avg=   66.54 min=   12.63 max=  367.46 p50=   45.26 p95=  188.39 p99=  224.18 rps=  58.12
  s2s.crud.fetchFilms                           n= 3480 err=   0 errRate=  0.00% avg=   72.61 min=   17.04 max=  463.69 p50=   50.57 p95=  196.74 p99=  229.34 rps=  58.00

2026-05-05T03:56:48.169Z  INFO 1 --- [lab8-additional-service] [   scheduling-1] r.h.l.a.o.ObservabilityService           : [lab8-additional-service] observability refresh
window 10s
  calc.additional.maxViewersSummary             n=  172 err=   0 errRate=  0.00% avg=   53.15 min=   30.24 max=  298.00 p50=   35.44 p95=  173.79 p99=  226.41 rps=  17.20
  controller.AnalyticsController.maxViewersSummary n=  172 err=   0 errRate=  0.00% avg=   53.40 min=   30.37 max=  298.21 p50=   35.65 p95=  174.05 p99=  226.76 rps=  17.20
  s2s.crud.fetchAllTickets                      n=  172 err=   0 errRate=  0.00% avg=   23.27 min=   12.66 max=  192.22 p50=   14.63 p95=   90.49 p99=  109.87 rps=  17.20
  s2s.crud.fetchFilms                           n=  172 err=   0 errRate=  0.00% avg=   29.80 min=   17.04 max=  236.75 p50=   19.92 p95=  106.02 p99=  136.84 rps=  17.20
window 30s
  calc.additional.maxViewersSummary             n= 1095 err=   0 errRate=  0.00% avg=   80.67 min=   30.23 max=  404.45 p50=   62.92 p95=  213.92 p99=  307.82 rps=  36.50
  controller.AnalyticsController.maxViewersSummary n= 1095 err=   0 errRate=  0.00% avg=   80.98 min=   30.36 max=  404.59 p50=   63.16 p95=  214.88 p99=  307.94 rps=  36.50
  s2s.crud.fetchAllTickets                      n= 1095 err=   0 errRate=  0.00% avg=   36.43 min=   12.63 max=  228.14 p50=   24.70 p95=  102.07 p99=  179.44 rps=  36.50
  s2s.crud.fetchFilms                           n= 1091 err=   0 errRate=  0.00% avg=   44.24 min=   17.04 max=  236.75 p50=   31.57 p95=  111.49 p99=  201.85 rps=  36.37
window 1m
  calc.additional.maxViewersSummary             n= 3448 err=   0 errRate=  0.00% avg=  137.18 min=   30.23 max=  563.15 p50=  106.91 p95=  310.83 p99=  400.52 rps=  57.47
  controller.AnalyticsController.maxViewersSummary n= 3448 err=   0 errRate=  0.00% avg=  137.43 min=   30.36 max=  563.27 p50=  107.02 p95=  311.03 p99=  401.35 rps=  57.47
  s2s.crud.fetchAllTickets                      n= 3448 err=   0 errRate=  0.00% avg=   65.41 min=   12.63 max=  367.46 p50=   44.32 p95=  186.55 p99=  222.76 rps=  57.47
  s2s.crud.fetchFilms                           n= 3440 err=   0 errRate=  0.00% avg=   71.48 min=   17.04 max=  463.69 p50=   49.74 p95=  194.06 p99=  228.98 rps=  57.33

2026-05-05T03:56:49.172Z  INFO 1 --- [lab8-additional-service] [   scheduling-1] r.h.l.a.o.ObservabilityService           : [lab8-additional-service] observability refresh
window 10s
  calc.additional.maxViewersSummary             n=  166 err=   0 errRate=  0.00% avg=   51.93 min=   30.28 max=  298.00 p50=   35.44 p95=  167.88 p99=  216.13 rps=  16.60
  controller.AnalyticsController.maxViewersSummary n=  166 err=   0 errRate=  0.00% avg=   52.19 min=   30.40 max=  298.21 p50=   35.63 p95=  168.16 p99=  216.37 rps=  16.60
  s2s.crud.fetchAllTickets                      n=  166 err=   0 errRate=  0.00% avg=   23.34 min=   12.66 max=  192.22 p50=   14.67 p95=   91.87 p99=  110.00 rps=  16.60
  s2s.crud.fetchFilms                           n=  165 err=   0 errRate=  0.00% avg=   28.56 min=   17.04 max=  137.21 p50=   19.57 p95=  105.40 p99=  132.06 rps=  16.50
window 30s
  calc.additional.maxViewersSummary             n= 1005 err=   0 errRate=  0.00% avg=   77.48 min=   30.23 max=  404.45 p50=   59.06 p95=  213.43 p99=  310.36 rps=  33.50
  controller.AnalyticsController.maxViewersSummary n= 1005 err=   0 errRate=  0.00% avg=   77.78 min=   30.36 max=  404.59 p50=   59.38 p95=  213.78 p99=  310.65 rps=  33.50
  s2s.crud.fetchAllTickets                      n= 1005 err=   0 errRate=  0.00% avg=   35.03 min=   12.63 max=  228.14 p50=   23.00 p95=  100.13 p99=  183.57 rps=  33.50
  s2s.crud.fetchFilms                           n= 1001 err=   0 errRate=  0.00% avg=   42.34 min=   17.04 max=  236.75 p50=   29.42 p95=  110.39 p99=  202.43 rps=  33.37
window 1m
  calc.additional.maxViewersSummary             n= 3398 err=   0 errRate=  0.00% avg=  135.07 min=   30.23 max=  563.15 p50=  104.59 p95=  310.11 p99=  398.56 rps=  56.63
  controller.AnalyticsController.maxViewersSummary n= 3398 err=   0 errRate=  0.00% avg=  135.33 min=   30.36 max=  563.27 p50=  104.88 p95=  310.61 p99=  398.81 rps=  56.63
  s2s.crud.fetchAllTickets                      n= 3398 err=   0 errRate=  0.00% avg=   64.41 min=   12.63 max=  367.46 p50=   42.88 p95=  185.57 p99=  221.78 rps=  56.63
  s2s.crud.fetchFilms                           n= 3390 err=   0 errRate=  0.00% avg=   70.51 min=   17.04 max=  463.69 p50=   48.86 p95=  194.01 p99=  228.89 rps=  56.50

2026-05-05T03:56:50.177Z  INFO 1 --- [lab8-additional-service] [   scheduling-1] r.h.l.a.o.ObservabilityService           : [lab8-additional-service] observability refresh
window 10s
  calc.additional.maxViewersSummary             n=  163 err=   0 errRate=  0.00% avg=   57.52 min=   30.37 max=  298.00 p50=   36.15 p95=  206.59 p99=  251.72 rps=  16.30
  controller.AnalyticsController.maxViewersSummary n=  163 err=   0 errRate=  0.00% avg=   57.91 min=   30.57 max=  298.79 p50=   36.25 p95=  207.02 p99=  259.84 rps=  16.30
  s2s.crud.fetchAllTickets                      n=  163 err=   0 errRate=  0.00% avg=   26.25 min=   12.66 max=  192.22 p50=   15.22 p95=   98.64 p99=  113.01 rps=  16.30
  s2s.crud.fetchFilms                           n=  162 err=   0 errRate=  0.00% avg=   31.22 min=   17.04 max=  189.09 p50=   20.01 p95=  110.76 p99=  136.89 rps=  16.20
window 30s
  calc.additional.maxViewersSummary             n=  909 err=   0 errRate=  0.00% avg=   75.96 min=   30.23 max=  404.45 p50=   54.79 p95=  217.20 p99=  311.44 rps=  30.30
  controller.AnalyticsController.maxViewersSummary n=  909 err=   0 errRate=  0.00% avg=   76.26 min=   30.36 max=  404.59 p50=   55.02 p95=  217.43 p99=  311.58 rps=  30.30
  s2s.crud.fetchAllTickets                      n=  909 err=   0 errRate=  0.00% avg=   34.81 min=   12.63 max=  228.14 p50=   22.64 p95=  104.49 p99=  188.20 rps=  30.30
  s2s.crud.fetchFilms                           n=  902 err=   0 errRate=  0.00% avg=   41.14 min=   17.04 max=  236.75 p50=   27.80 p95=  113.02 p99=  202.63 rps=  30.07
window 1m
  calc.additional.maxViewersSummary             n= 3355 err=   0 errRate=  0.00% avg=  132.65 min=   30.23 max=  563.15 p50=  103.18 p95=  307.66 p99=  396.45 rps=  55.92
  controller.AnalyticsController.maxViewersSummary n= 3355 err=   0 errRate=  0.00% avg=  132.91 min=   30.36 max=  563.27 p50=  103.53 p95=  307.75 p99=  396.86 rps=  55.92
  s2s.crud.fetchAllTickets                      n= 3355 err=   0 errRate=  0.00% avg=   63.19 min=   12.63 max=  367.46 p50=   41.95 p95=  183.90 p99=  216.12 rps=  55.92
  s2s.crud.fetchFilms                           n= 3352 err=   0 errRate=  0.00% avg=   69.28 min=   17.04 max=  463.69 p50=   48.24 p95=  188.96 p99=  220.91 rps=  55.87

2026-05-05T03:56:51.179Z  INFO 1 --- [lab8-additional-service] [   scheduling-1] r.h.l.a.o.ObservabilityService           : [lab8-additional-service] observability refresh
window 10s
  calc.additional.maxViewersSummary             n=  165 err=   0 errRate=  0.00% avg=   55.48 min=   30.37 max=  298.00 p50=   36.21 p95=  213.57 p99=  256.26 rps=  16.50
  controller.AnalyticsController.maxViewersSummary n=  165 err=   0 errRate=  0.00% avg=   55.87 min=   30.57 max=  298.79 p50=   36.33 p95=  214.97 p99=  258.61 rps=  16.50
  s2s.crud.fetchAllTickets                      n=  165 err=   0 errRate=  0.00% avg=   25.32 min=   12.76 max=  192.22 p50=   14.93 p95=   95.69 p99=  119.19 rps=  16.50
  s2s.crud.fetchFilms                           n=  165 err=   0 errRate=  0.00% avg=   30.12 min=   17.04 max=  189.09 p50=   20.46 p95=  109.61 p99=  132.25 rps=  16.50
window 30s
  calc.additional.maxViewersSummary             n=  777 err=   0 errRate=  0.00% avg=   77.75 min=   30.23 max=  404.45 p50=   50.59 p95=  226.44 p99=  312.85 rps=  25.90
  controller.AnalyticsController.maxViewersSummary n=  777 err=   0 errRate=  0.00% avg=   78.02 min=   30.36 max=  404.59 p50=   50.74 p95=  226.69 p99=  313.34 rps=  25.90
  s2s.crud.fetchAllTickets                      n=  777 err=   0 errRate=  0.00% avg=   35.54 min=   12.63 max=  228.14 p50=   21.16 p95=  109.36 p99=  191.37 rps=  25.90
  s2s.crud.fetchFilms                           n=  774 err=   0 errRate=  0.00% avg=   42.20 min=   17.04 max=  236.75 p50=   25.70 p95=  115.93 p99=  204.05 rps=  25.80
window 1m
  calc.additional.maxViewersSummary             n= 3311 err=   0 errRate=  0.00% avg=  130.82 min=   30.23 max=  563.15 p50=  101.90 p95=  306.51 p99=  392.26 rps=  55.18
  controller.AnalyticsController.maxViewersSummary n= 3311 err=   0 errRate=  0.00% avg=  131.09 min=   30.36 max=  563.27 p50=  102.40 p95=  306.68 p99=  392.35 rps=  55.18
  s2s.crud.fetchAllTickets                      n= 3311 err=   0 errRate=  0.00% avg=   62.11 min=   12.63 max=  367.46 p50=   41.32 p95=  180.39 p99=  215.15 rps=  55.18
  s2s.crud.fetchFilms                           n= 3302 err=   0 errRate=  0.00% avg=   68.44 min=   17.04 max=  463.69 p50=   47.63 p95=  187.75 p99=  220.50 rps=  55.03

2026-05-05T03:56:52.182Z  INFO 1 --- [lab8-additional-service] [   scheduling-1] r.h.l.a.o.ObservabilityService           : [lab8-additional-service] observability refresh
window 10s
  calc.additional.maxViewersSummary             n=  158 err=   0 errRate=  0.00% avg=   55.55 min=   30.27 max=  298.00 p50=   36.18 p95=  213.98 p99=  260.28 rps=  15.80
  controller.AnalyticsController.maxViewersSummary n=  158 err=   0 errRate=  0.00% avg=   55.94 min=   30.38 max=  298.79 p50=   36.29 p95=  215.38 p99=  262.94 rps=  15.80
  s2s.crud.fetchAllTickets                      n=  158 err=   0 errRate=  0.00% avg=   25.23 min=   12.59 max=  192.22 p50=   14.78 p95=   97.36 p99=  119.90 rps=  15.80
  s2s.crud.fetchFilms                           n=  159 err=   0 errRate=  0.00% avg=   30.18 min=   17.04 max=  189.09 p50=   20.53 p95=  109.92 p99=  132.72 rps=  15.90
window 30s
  calc.additional.maxViewersSummary             n=  667 err=   0 errRate=  0.00% avg=   77.20 min=   30.23 max=  404.45 p50=   44.50 p95=  231.66 p99=  315.91 rps=  22.23
  controller.AnalyticsController.maxViewersSummary n=  667 err=   0 errRate=  0.00% avg=   77.46 min=   30.36 max=  404.59 p50=   44.60 p95=  232.89 p99=  317.02 rps=  22.23
  s2s.crud.fetchAllTickets                      n=  667 err=   0 errRate=  0.00% avg=   35.10 min=   12.59 max=  228.14 p50=   18.13 p95=  111.44 p99=  192.93 rps=  22.23
  s2s.crud.fetchFilms                           n=  665 err=   0 errRate=  0.00% avg=   42.07 min=   17.04 max=  236.75 p50=   23.64 p95=  118.98 p99=  207.13 rps=  22.17
window 1m
  calc.additional.maxViewersSummary             n= 3252 err=   0 errRate=  0.00% avg=  128.97 min=   30.23 max=  563.15 p50=  100.73 p95=  305.98 p99=  391.78 rps=  54.20
  controller.AnalyticsController.maxViewersSummary n= 3252 err=   0 errRate=  0.00% avg=  129.24 min=   30.36 max=  563.27 p50=  101.09 p95=  306.22 p99=  391.89 rps=  54.20
  s2s.crud.fetchAllTickets                      n= 3252 err=   0 errRate=  0.00% avg=   61.06 min=   12.59 max=  367.46 p50=   40.31 p95=  178.71 p99=  215.39 rps=  54.20
  s2s.crud.fetchFilms                           n= 3245 err=   0 errRate=  0.00% avg=   67.74 min=   17.04 max=  463.69 p50=   46.44 p95=  187.72 p99=  220.53 rps=  54.08

2026-05-05T03:56:53.185Z  INFO 1 --- [lab8-additional-service] [   scheduling-1] r.h.l.a.o.ObservabilityService           : [lab8-additional-service] observability refresh
window 10s
  calc.additional.maxViewersSummary             n=  161 err=   0 errRate=  0.00% avg=   56.88 min=   30.27 max=  298.00 p50=   36.59 p95=  215.99 p99=  262.23 rps=  16.10
  controller.AnalyticsController.maxViewersSummary n=  161 err=   0 errRate=  0.00% avg=   57.27 min=   30.38 max=  298.79 p50=   36.83 p95=  216.12 p99=  264.47 rps=  16.10
  s2s.crud.fetchAllTickets                      n=  161 err=   0 errRate=  0.00% avg=   26.54 min=   12.59 max=  224.06 p50=   15.32 p95=  103.00 p99=  152.32 rps=  16.10
  s2s.crud.fetchFilms                           n=  161 err=   0 errRate=  0.00% avg=   30.28 min=   17.16 max=  189.09 p50=   20.85 p95=  109.81 p99=  132.56 rps=  16.10
window 30s
  calc.additional.maxViewersSummary             n=  594 err=   0 errRate=  0.00% avg=   73.01 min=   30.23 max=  404.45 p50=   39.54 p95=  239.42 p99=  318.56 rps=  19.80
  controller.AnalyticsController.maxViewersSummary n=  594 err=   0 errRate=  0.00% avg=   73.28 min=   30.36 max=  404.59 p50=   39.80 p95=  239.66 p99=  318.68 rps=  19.80
  s2s.crud.fetchAllTickets                      n=  594 err=   0 errRate=  0.00% avg=   32.70 min=   12.59 max=  224.06 p50=   16.39 p95=  111.70 p99=  194.51 rps=  19.80
  s2s.crud.fetchFilms                           n=  588 err=   0 errRate=  0.00% avg=   39.95 min=   17.04 max=  236.75 p50=   21.78 p95=  120.20 p99=  207.40 rps=  19.60
window 1m
  calc.additional.maxViewersSummary             n= 3205 err=   0 errRate=  0.00% avg=  126.69 min=   30.23 max=  563.15 p50=   98.49 p95=  304.07 p99=  388.90 rps=  53.42
  controller.AnalyticsController.maxViewersSummary n= 3205 err=   0 errRate=  0.00% avg=  126.95 min=   30.36 max=  563.27 p50=   98.77 p95=  304.34 p99=  389.18 rps=  53.42
  s2s.crud.fetchAllTickets                      n= 3205 err=   0 errRate=  0.00% avg=   59.87 min=   12.59 max=  367.46 p50=   39.46 p95=  174.98 p99=  214.06 rps=  53.42
  s2s.crud.fetchFilms                           n= 3196 err=   0 errRate=  0.00% avg=   66.68 min=   17.04 max=  463.69 p50=   45.47 p95=  186.27 p99=  220.51 rps=  53.27

2026-05-05T03:56:54.188Z  INFO 1 --- [lab8-additional-service] [   scheduling-1] r.h.l.a.o.ObservabilityService           : [lab8-additional-service] observability refresh
window 10s
  calc.additional.maxViewersSummary             n=  156 err=   0 errRate=  0.00% avg=   55.05 min=   30.27 max=  298.00 p50=   36.23 p95=  216.09 p99=  264.79 rps=  15.60
  controller.AnalyticsController.maxViewersSummary n=  156 err=   0 errRate=  0.00% avg=   55.43 min=   30.38 max=  298.79 p50=   36.37 p95=  216.30 p99=  267.28 rps=  15.60
  s2s.crud.fetchAllTickets                      n=  156 err=   0 errRate=  0.00% avg=   25.83 min=   12.59 max=  224.06 p50=   14.51 p95=  103.07 p99=  155.64 rps=  15.60
  s2s.crud.fetchFilms                           n=  155 err=   0 errRate=  0.00% avg=   29.23 min=   17.16 max=  189.09 p50=   20.87 p95=  107.12 p99=  124.09 rps=  15.50
window 30s
  calc.additional.maxViewersSummary             n=  527 err=   0 errRate=  0.00% avg=   53.34 min=   30.23 max=  310.47 p50=   36.89 p95=  163.16 p99=  233.22 rps=  17.57
  controller.AnalyticsController.maxViewersSummary n=  527 err=   0 errRate=  0.00% avg=   53.60 min=   30.36 max=  310.77 p50=   37.13 p95=  163.30 p99=  236.27 rps=  17.57
  s2s.crud.fetchAllTickets                      n=  527 err=   0 errRate=  0.00% avg=   23.27 min=   12.59 max=  224.06 p50=   15.31 p95=   75.91 p99=  110.88 rps=  17.57
  s2s.crud.fetchFilms                           n=  524 err=   0 errRate=  0.00% avg=   30.00 min=   17.04 max=  236.75 p50=   21.15 p95=  104.29 p99=  130.69 rps=  17.47
window 1m
  calc.additional.maxViewersSummary             n= 3147 err=   0 errRate=  0.00% avg=  124.82 min=   30.23 max=  563.15 p50=   96.32 p95=  304.06 p99=  388.69 rps=  52.45
  controller.AnalyticsController.maxViewersSummary n= 3147 err=   0 errRate=  0.00% avg=  125.08 min=   30.36 max=  563.27 p50=   96.66 p95=  304.33 p99=  388.89 rps=  52.45
  s2s.crud.fetchAllTickets                      n= 3147 err=   0 errRate=  0.00% avg=   59.03 min=   12.59 max=  367.46 p50=   38.41 p95=  174.94 p99=  213.89 rps=  52.45
  s2s.crud.fetchFilms                           n= 3140 err=   0 errRate=  0.00% avg=   65.63 min=   17.04 max=  463.69 p50=   44.51 p95=  183.96 p99=  220.43 rps=  52.33

2026-05-05T03:56:55.192Z  INFO 1 --- [lab8-additional-service] [   scheduling-1] r.h.l.a.o.ObservabilityService           : [lab8-additional-service] observability refresh
window 10s
  calc.additional.maxViewersSummary             n=  152 err=   0 errRate=  0.00% avg=   55.34 min=   30.27 max=  298.00 p50=   36.40 p95=  216.18 p99=  266.84 rps=  15.20
  controller.AnalyticsController.maxViewersSummary n=  152 err=   0 errRate=  0.00% avg=   55.73 min=   30.38 max=  298.79 p50=   36.69 p95=  216.44 p99=  269.53 rps=  15.20
  s2s.crud.fetchAllTickets                      n=  152 err=   0 errRate=  0.00% avg=   25.78 min=   12.59 max=  224.06 p50=   14.51 p95=  103.13 p99=  158.30 rps=  15.20
  s2s.crud.fetchFilms                           n=  152 err=   0 errRate=  0.00% avg=   29.50 min=   17.16 max=  189.09 p50=   20.89 p95=  107.48 p99=  124.32 rps=  15.20
window 30s
  calc.additional.maxViewersSummary             n=  490 err=   0 errRate=  0.00% avg=   53.18 min=   30.23 max=  310.47 p50=   36.19 p95=  174.51 p99=  236.27 rps=  16.33
  controller.AnalyticsController.maxViewersSummary n=  490 err=   0 errRate=  0.00% avg=   53.46 min=   30.36 max=  310.77 p50=   36.33 p95=  175.03 p99=  236.95 rps=  16.33
  s2s.crud.fetchAllTickets                      n=  490 err=   0 errRate=  0.00% avg=   23.01 min=   12.59 max=  224.06 p50=   14.69 p95=   87.16 p99=  111.54 rps=  16.33
  s2s.crud.fetchFilms                           n=  490 err=   0 errRate=  0.00% avg=   30.11 min=   17.04 max=  236.75 p50=   20.50 p95=  105.24 p99=  131.68 rps=  16.33
window 1m
  calc.additional.maxViewersSummary             n= 3059 err=   0 errRate=  0.00% avg=  124.54 min=   30.23 max=  563.15 p50=   94.71 p95=  304.73 p99=  389.58 rps=  50.98
  controller.AnalyticsController.maxViewersSummary n= 3059 err=   0 errRate=  0.00% avg=  124.80 min=   30.36 max=  563.27 p50=   94.97 p95=  305.06 p99=  389.81 rps=  50.98
  s2s.crud.fetchAllTickets                      n= 3059 err=   0 errRate=  0.00% avg=   58.86 min=   12.59 max=  367.46 p50=   37.45 p95=  176.77 p99=  214.20 rps=  50.98
  s2s.crud.fetchFilms                           n= 3056 err=   0 errRate=  0.00% avg=   65.63 min=   17.04 max=  463.69 p50=   43.80 p95=  186.09 p99=  220.52 rps=  50.93

2026-05-05T03:56:56.194Z  INFO 1 --- [lab8-additional-service] [   scheduling-1] r.h.l.a.o.ObservabilityService           : [lab8-additional-service] observability refresh
window 10s
  calc.additional.maxViewersSummary             n=  150 err=   0 errRate=  0.00% avg=   55.52 min=   30.27 max=  298.00 p50=   36.23 p95=  216.22 p99=  267.87 rps=  15.00
  controller.AnalyticsController.maxViewersSummary n=  150 err=   0 errRate=  0.00% avg=   55.91 min=   30.38 max=  298.79 p50=   36.33 p95=  216.51 p99=  270.66 rps=  15.00
  s2s.crud.fetchAllTickets                      n=  150 err=   0 errRate=  0.00% avg=   26.09 min=   12.59 max=  224.06 p50=   14.65 p95=  103.16 p99=  159.63 rps=  15.00
  s2s.crud.fetchFilms                           n=  152 err=   0 errRate=  0.00% avg=   31.12 min=   17.16 max=  200.89 p50=   20.86 p95=  110.29 p99=  158.06 rps=  15.20
window 30s
  calc.additional.maxViewersSummary             n=  486 err=   0 errRate=  0.00% avg=   52.44 min=   30.23 max=  310.47 p50=   35.44 p95=  176.40 p99=  236.52 rps=  16.20
  controller.AnalyticsController.maxViewersSummary n=  486 err=   0 errRate=  0.00% avg=   52.70 min=   30.36 max=  310.77 p50=   35.68 p95=  177.00 p99=  237.17 rps=  16.20
  s2s.crud.fetchAllTickets                      n=  486 err=   0 errRate=  0.00% avg=   22.68 min=   12.59 max=  224.06 p50=   14.61 p95=   87.65 p99=  111.57 rps=  16.20
  s2s.crud.fetchFilms                           n=  488 err=   0 errRate=  0.00% avg=   30.24 min=   17.04 max=  236.75 p50=   20.27 p95=  106.23 p99=  136.75 rps=  16.27
window 1m
  calc.additional.maxViewersSummary             n= 3017 err=   0 errRate=  0.00% avg=  122.62 min=   30.23 max=  563.15 p50=   91.98 p95=  304.19 p99=  388.04 rps=  50.28
  controller.AnalyticsController.maxViewersSummary n= 3017 err=   0 errRate=  0.00% avg=  122.88 min=   30.36 max=  563.27 p50=   92.80 p95=  304.43 p99=  388.14 rps=  50.28
  s2s.crud.fetchAllTickets                      n= 3017 err=   0 errRate=  0.00% avg=   58.00 min=   12.59 max=  367.46 p50=   36.21 p95=  174.59 p99=  214.32 rps=  50.28
  s2s.crud.fetchFilms                           n= 3011 err=   0 errRate=  0.00% avg=   64.52 min=   17.04 max=  463.69 p50=   42.72 p95=  182.77 p99=  220.49 rps=  50.18

2026-05-05T03:56:57.197Z  INFO 1 --- [lab8-additional-service] [   scheduling-1] r.h.l.a.o.ObservabilityService           : [lab8-additional-service] observability refresh
window 10s
  calc.additional.maxViewersSummary             n=  149 err=   0 errRate=  0.00% avg=   74.95 min=   30.27 max=  497.37 p50=   36.74 p95=  234.89 p99=  359.69 rps=  14.90
  controller.AnalyticsController.maxViewersSummary n=  149 err=   0 errRate=  0.00% avg=   75.33 min=   30.38 max=  497.58 p50=   36.87 p95=  236.23 p99=  360.13 rps=  14.90
  s2s.crud.fetchAllTickets                      n=  149 err=   0 errRate=  0.00% avg=   37.07 min=   12.59 max=  374.52 p50=   15.54 p95=  122.01 p99=  213.90 rps=  14.90
  s2s.crud.fetchFilms                           n=  149 err=   0 errRate=  0.00% avg=   37.79 min=   17.16 max=  200.89 p50=   21.21 p95=  121.88 p99=  186.53 rps=  14.90
window 30s
  calc.additional.maxViewersSummary             n=  482 err=   0 errRate=  0.00% avg=   58.86 min=   30.23 max=  497.37 p50=   36.23 p95=  202.30 p99=  298.43 rps=  16.07
  controller.AnalyticsController.maxViewersSummary n=  482 err=   0 errRate=  0.00% avg=   59.13 min=   30.36 max=  497.58 p50=   36.43 p95=  202.44 p99=  299.11 rps=  16.07
  s2s.crud.fetchAllTickets                      n=  482 err=   0 errRate=  0.00% avg=   26.31 min=   12.59 max=  374.52 p50=   14.76 p95=   99.19 p99=  163.24 rps=  16.07
  s2s.crud.fetchFilms                           n=  480 err=   0 errRate=  0.00% avg=   32.53 min=   17.04 max=  236.75 p50=   20.76 p95=  111.41 p99=  146.99 rps=  16.00
window 1m
  calc.additional.maxViewersSummary             n= 2970 err=   0 errRate=  0.00% avg=  120.66 min=   30.23 max=  563.15 p50=   89.94 p95=  302.37 p99=  378.95 rps=  49.50
  controller.AnalyticsController.maxViewersSummary n= 2970 err=   0 errRate=  0.00% avg=  120.92 min=   30.36 max=  563.27 p50=   90.28 p95=  302.79 p99=  379.06 rps=  49.50
  s2s.crud.fetchAllTickets                      n= 2970 err=   0 errRate=  0.00% avg=   57.12 min=   12.59 max=  374.52 p50=   35.71 p95=  171.94 p99=  214.17 rps=  49.50
  s2s.crud.fetchFilms                           n= 2964 err=   0 errRate=  0.00% avg=   63.38 min=   17.04 max=  463.69 p50=   42.18 p95=  148.12 p99=  216.49 rps=  49.40

2026-05-05T03:56:58.201Z  INFO 1 --- [lab8-additional-service] [   scheduling-1] r.h.l.a.o.ObservabilityService           : [lab8-additional-service] observability refresh
window 10s
  calc.additional.maxViewersSummary             n=  136 err=   0 errRate=  0.00% avg=   78.46 min=   30.27 max=  497.37 p50=   37.08 p95=  237.13 p99=  371.65 rps=  13.60
  controller.AnalyticsController.maxViewersSummary n=  136 err=   0 errRate=  0.00% avg=   78.85 min=   30.38 max=  497.58 p50=   37.24 p95=  237.74 p99=  372.04 rps=  13.60
  s2s.crud.fetchAllTickets                      n=  136 err=   0 errRate=  0.00% avg=   39.74 min=   12.59 max=  374.52 p50=   15.75 p95=  134.64 p99=  216.65 rps=  13.60
  s2s.crud.fetchFilms                           n=  136 err=   0 errRate=  0.00% avg=   38.63 min=   17.16 max=  200.89 p50=   21.42 p95=  123.64 p99=  187.22 rps=  13.60
window 30s
  calc.additional.maxViewersSummary             n=  473 err=   0 errRate=  0.00% avg=   61.13 min=   30.23 max=  497.37 p50=   36.32 p95=  213.40 p99=  298.64 rps=  15.77
  controller.AnalyticsController.maxViewersSummary n=  473 err=   0 errRate=  0.00% avg=   61.40 min=   30.36 max=  497.58 p50=   36.63 p95=  213.70 p99=  299.26 rps=  15.77
  s2s.crud.fetchAllTickets                      n=  473 err=   0 errRate=  0.00% avg=   27.66 min=   12.59 max=  374.52 p50=   14.82 p95=  101.44 p99=  179.33 rps=  15.77
  s2s.crud.fetchFilms                           n=  472 err=   0 errRate=  0.00% avg=   33.43 min=   17.04 max=  236.75 p50=   20.88 p95=  114.69 p99=  150.71 rps=  15.73
window 1m
  calc.additional.maxViewersSummary             n= 2878 err=   0 errRate=  0.00% avg=  121.19 min=   30.23 max=  563.15 p50=   90.33 p95=  302.81 p99=  380.29 rps=  47.97
  controller.AnalyticsController.maxViewersSummary n= 2878 err=   0 errRate=  0.00% avg=  121.46 min=   30.36 max=  563.27 p50=   90.73 p95=  303.16 p99=  380.41 rps=  47.97
  s2s.crud.fetchAllTickets                      n= 2878 err=   0 errRate=  0.00% avg=   57.39 min=   12.59 max=  374.52 p50=   35.38 p95=  172.60 p99=  214.14 rps=  47.97
  s2s.crud.fetchFilms                           n= 2872 err=   0 errRate=  0.00% avg=   63.78 min=   17.04 max=  463.69 p50=   42.04 p95=  160.99 p99=  216.69 rps=  47.87

2026-05-05T03:56:59.207Z  INFO 1 --- [lab8-additional-service] [   scheduling-1] r.h.l.a.o.ObservabilityService           : [lab8-additional-service] observability refresh
window 10s
  calc.additional.maxViewersSummary             n=  125 err=   0 errRate=  0.00% avg=   90.94 min=   30.27 max=  497.37 p50=   37.69 p95=  282.74 p99=  405.10 rps=  12.50
  controller.AnalyticsController.maxViewersSummary n=  125 err=   0 errRate=  0.00% avg=   91.34 min=   30.38 max=  497.58 p50=   38.00 p95=  286.87 p99=  405.44 rps=  12.50
  s2s.crud.fetchAllTickets                      n=  125 err=   0 errRate=  0.00% avg=   46.24 min=   12.59 max=  374.52 p50=   16.21 p95=  167.29 p99=  282.14 rps=  12.50
  s2s.crud.fetchFilms                           n=  127 err=   0 errRate=  0.00% avg=   48.39 min=   17.38 max=  253.98 p50=   22.25 p95=  127.77 p99=  206.60 rps=  12.70
window 30s
  calc.additional.maxViewersSummary             n=  462 err=   0 errRate=  0.00% avg=   63.88 min=   30.24 max=  497.37 p50=   36.54 p95=  215.49 p99=  304.25 rps=  15.40
  controller.AnalyticsController.maxViewersSummary n=  462 err=   0 errRate=  0.00% avg=   64.15 min=   30.37 max=  497.58 p50=   36.85 p95=  215.69 p99=  304.49 rps=  15.40
  s2s.crud.fetchAllTickets                      n=  462 err=   0 errRate=  0.00% avg=   29.05 min=   12.59 max=  374.52 p50=   15.12 p95=  103.28 p99=  189.83 rps=  15.40
  s2s.crud.fetchFilms                           n=  464 err=   0 errRate=  0.00% avg=   35.41 min=   17.04 max=  253.98 p50=   21.11 p95=  118.31 p99=  185.73 rps=  15.47
window 1m
  calc.additional.maxViewersSummary             n= 2829 err=   0 errRate=  0.00% avg=  119.44 min=   30.23 max=  563.15 p50=   88.04 p95=  301.75 p99=  383.09 rps=  47.15
  controller.AnalyticsController.maxViewersSummary n= 2829 err=   0 errRate=  0.00% avg=  119.71 min=   30.36 max=  563.27 p50=   89.03 p95=  302.13 p99=  383.19 rps=  47.15
  s2s.crud.fetchAllTickets                      n= 2829 err=   0 errRate=  0.00% avg=   56.12 min=   12.59 max=  374.52 p50=   34.85 p95=  167.51 p99=  213.49 rps=  47.15
  s2s.crud.fetchFilms                           n= 2821 err=   0 errRate=  0.00% avg=   63.03 min=   17.04 max=  463.69 p50=   41.75 p95=  138.75 p99=  216.60 rps=  47.02

2026-05-05T03:57:00.211Z  INFO 1 --- [lab8-additional-service] [   scheduling-1] r.h.l.a.o.ObservabilityService           : [lab8-additional-service] observability refresh
window 10s
  calc.additional.maxViewersSummary             n=  132 err=   0 errRate=  0.00% avg=   96.73 min=   30.27 max=  497.37 p50=   38.92 p95=  302.21 p99=  404.98 rps=  13.20
  controller.AnalyticsController.maxViewersSummary n=  132 err=   0 errRate=  0.00% avg=   96.95 min=   30.38 max=  497.58 p50=   39.15 p95=  302.43 p99=  405.32 rps=  13.20
  s2s.crud.fetchAllTickets                      n=  132 err=   0 errRate=  0.00% avg=   48.41 min=   12.59 max=  374.52 p50=   16.31 p95=  172.50 p99=  276.79 rps=  13.20
  s2s.crud.fetchFilms                           n=  132 err=   0 errRate=  0.00% avg=   48.23 min=   17.38 max=  253.98 p50=   22.25 p95=  126.30 p99=  206.21 rps=  13.20
window 30s
  calc.additional.maxViewersSummary             n=  458 err=   0 errRate=  0.00% avg=   66.97 min=   30.24 max=  497.37 p50=   36.57 p95=  217.60 p99=  313.58 rps=  15.27
  controller.AnalyticsController.maxViewersSummary n=  458 err=   0 errRate=  0.00% avg=   67.24 min=   30.37 max=  497.58 p50=   36.86 p95=  217.76 p99=  314.00 rps=  15.27
  s2s.crud.fetchAllTickets                      n=  458 err=   0 errRate=  0.00% avg=   30.84 min=   12.59 max=  374.52 p50=   15.32 p95=  107.77 p99=  193.78 rps=  15.27
  s2s.crud.fetchFilms                           n=  457 err=   0 errRate=  0.00% avg=   36.10 min=   17.04 max=  253.98 p50=   21.16 p95=  118.65 p99=  186.11 rps=  15.23
window 1m
  calc.additional.maxViewersSummary             n= 2753 err=   0 errRate=  0.00% avg=  119.79 min=   30.23 max=  563.15 p50=   86.96 p95=  302.08 p99=  381.72 rps=  45.88
  controller.AnalyticsController.maxViewersSummary n= 2753 err=   0 errRate=  0.00% avg=  120.06 min=   30.36 max=  563.27 p50=   87.33 p95=  302.32 p99=  381.83 rps=  45.88
  s2s.crud.fetchAllTickets                      n= 2753 err=   0 errRate=  0.00% avg=   56.46 min=   12.59 max=  374.52 p50=   34.71 p95=  169.70 p99=  213.87 rps=  45.88
  s2s.crud.fetchFilms                           n= 2743 err=   0 errRate=  0.00% avg=   63.07 min=   17.04 max=  463.69 p50=   41.30 p95=  138.90 p99=  216.55 rps=  45.72

2026-05-05T03:57:01.216Z  INFO 1 --- [lab8-additional-service] [   scheduling-1] r.h.l.a.o.ObservabilityService           : [lab8-additional-service] observability refresh
window 10s
  calc.additional.maxViewersSummary             n=  142 err=   0 errRate=  0.00% avg=   95.14 min=   30.27 max=  497.37 p50=   38.92 p95=  300.16 p99=  404.82 rps=  14.20
  controller.AnalyticsController.maxViewersSummary n=  142 err=   0 errRate=  0.00% avg=   95.37 min=   30.38 max=  497.58 p50=   39.15 p95=  300.35 p99=  405.14 rps=  14.20
  s2s.crud.fetchAllTickets                      n=  142 err=   0 errRate=  0.00% avg=   46.22 min=   12.59 max=  374.52 p50=   16.38 p95=  169.15 p99=  269.15 rps=  14.20
  s2s.crud.fetchFilms                           n=  142 err=   0 errRate=  0.00% avg=   48.84 min=   17.20 max=  253.98 p50=   22.25 p95=  126.17 p99=  205.44 rps=  14.20
window 30s
  calc.additional.maxViewersSummary             n=  459 err=   0 errRate=  0.00% avg=   68.12 min=   30.24 max=  497.37 p50=   36.66 p95=  217.59 p99=  313.54 rps=  15.30
  controller.AnalyticsController.maxViewersSummary n=  459 err=   0 errRate=  0.00% avg=   68.40 min=   30.37 max=  497.58 p50=   36.87 p95=  217.76 p99=  313.96 rps=  15.30
  s2s.crud.fetchAllTickets                      n=  459 err=   0 errRate=  0.00% avg=   31.08 min=   12.59 max=  374.52 p50=   15.43 p95=  109.26 p99=  193.74 rps=  15.30
  s2s.crud.fetchFilms                           n=  459 err=   0 errRate=  0.00% avg=   36.97 min=   17.04 max=  253.98 p50=   21.20 p95=  119.62 p99=  186.00 rps=  15.30
window 1m
  calc.additional.maxViewersSummary             n= 2698 err=   0 errRate=  0.00% avg=  117.47 min=   30.23 max=  563.15 p50=   84.01 p95=  301.66 p99=  384.72 rps=  44.97
  controller.AnalyticsController.maxViewersSummary n= 2698 err=   0 errRate=  0.00% avg=  117.74 min=   30.36 max=  563.27 p50=   84.34 p95=  302.10 p99=  384.83 rps=  44.97
  s2s.crud.fetchAllTickets                      n= 2698 err=   0 errRate=  0.00% avg=   55.13 min=   12.59 max=  374.52 p50=   33.93 p95=  167.00 p99=  213.68 rps=  44.97
  s2s.crud.fetchFilms                           n= 2693 err=   0 errRate=  0.00% avg=   62.18 min=   17.04 max=  463.69 p50=   40.27 p95=  138.74 p99=  216.66 rps=  44.88

2026-05-05T03:57:02.219Z  INFO 1 --- [lab8-additional-service] [   scheduling-1] r.h.l.a.o.ObservabilityService           : [lab8-additional-service] observability refresh
window 10s
  calc.additional.maxViewersSummary             n=  148 err=   0 errRate=  0.00% avg=   93.22 min=   30.28 max=  497.37 p50=   39.64 p95=  299.47 p99=  404.72 rps=  14.80
  controller.AnalyticsController.maxViewersSummary n=  148 err=   0 errRate=  0.00% avg=   93.44 min=   30.41 max=  497.58 p50=   40.12 p95=  299.64 p99=  405.04 rps=  14.80
  s2s.crud.fetchAllTickets                      n=  148 err=   0 errRate=  0.00% avg=   45.18 min=   12.64 max=  374.52 p50=   16.62 p95=  165.43 p99=  264.56 rps=  14.80
  s2s.crud.fetchFilms                           n=  148 err=   0 errRate=  0.00% avg=   47.96 min=   17.20 max=  253.98 p50=   22.26 p95=  125.84 p99=  204.98 rps=  14.80
window 30s
  calc.additional.maxViewersSummary             n=  466 err=   0 errRate=  0.00% avg=   67.75 min=   30.24 max=  497.37 p50=   36.68 p95=  217.57 p99=  313.26 rps=  15.53
  controller.AnalyticsController.maxViewersSummary n=  466 err=   0 errRate=  0.00% avg=   68.02 min=   30.37 max=  497.58 p50=   37.02 p95=  217.73 p99=  313.72 rps=  15.53
  s2s.crud.fetchAllTickets                      n=  466 err=   0 errRate=  0.00% avg=   30.90 min=   12.59 max=  374.52 p50=   15.48 p95=  108.79 p99=  193.49 rps=  15.53
  s2s.crud.fetchFilms                           n=  466 err=   0 errRate=  0.00% avg=   36.78 min=   17.04 max=  253.98 p50=   21.21 p95=  119.54 p99=  185.63 rps=  15.53
window 1m
  calc.additional.maxViewersSummary             n= 2651 err=   0 errRate=  0.00% avg=  114.61 min=   30.23 max=  563.15 p50=   80.87 p95=  299.82 p99=  381.83 rps=  44.18
  controller.AnalyticsController.maxViewersSummary n= 2651 err=   0 errRate=  0.00% avg=  114.87 min=   30.36 max=  563.27 p50=   81.21 p95=  300.47 p99=  381.94 rps=  44.18
  s2s.crud.fetchAllTickets                      n= 2651 err=   0 errRate=  0.00% avg=   53.89 min=   12.59 max=  374.52 p50=   32.85 p95=  163.02 p99=  213.87 rps=  44.18
  s2s.crud.fetchFilms                           n= 2644 err=   0 errRate=  0.00% avg=   60.48 min=   17.04 max=  463.69 p50=   39.29 p95=  136.65 p99=  216.54 rps=  44.07

2026-05-05T03:57:03.224Z  INFO 1 --- [lab8-additional-service] [   scheduling-1] r.h.l.a.o.ObservabilityService           : [lab8-additional-service] observability refresh
window 10s
  calc.additional.maxViewersSummary             n=  144 err=   0 errRate=  0.00% avg=   93.02 min=   30.28 max=  497.37 p50=   38.80 p95=  299.93 p99=  404.79 rps=  14.40
  controller.AnalyticsController.maxViewersSummary n=  144 err=   0 errRate=  0.00% avg=   93.24 min=   30.41 max=  497.58 p50=   38.95 p95=  300.11 p99=  405.11 rps=  14.40
  s2s.crud.fetchAllTickets                      n=  144 err=   0 errRate=  0.00% avg=   44.35 min=   12.64 max=  374.52 p50=   16.43 p95=  152.82 p99=  258.52 rps=  14.40
  s2s.crud.fetchFilms                           n=  144 err=   0 errRate=  0.00% avg=   48.58 min=   17.20 max=  253.98 p50=   22.42 p95=  126.06 p99=  205.28 rps=  14.40
window 30s
  calc.additional.maxViewersSummary             n=  469 err=   0 errRate=  0.00% avg=   65.44 min=   30.24 max=  497.37 p50=   36.50 p95=  217.57 p99=  313.14 rps=  15.63
  controller.AnalyticsController.maxViewersSummary n=  469 err=   0 errRate=  0.00% avg=   65.72 min=   30.37 max=  497.58 p50=   36.83 p95=  217.72 p99=  313.61 rps=  15.63
  s2s.crud.fetchAllTickets                      n=  469 err=   0 errRate=  0.00% avg=   30.03 min=   12.59 max=  374.52 p50=   15.38 p95=  108.53 p99=  193.38 rps=  15.63
  s2s.crud.fetchFilms                           n=  469 err=   0 errRate=  0.00% avg=   35.33 min=   17.04 max=  253.98 p50=   21.08 p95=  119.33 p99=  185.47 rps=  15.63
window 1m
  calc.additional.maxViewersSummary             n= 2604 err=   0 errRate=  0.00% avg=  111.19 min=   30.23 max=  563.15 p50=   78.18 p95=  297.93 p99=  354.85 rps=  43.40
  controller.AnalyticsController.maxViewersSummary n= 2604 err=   0 errRate=  0.00% avg=  111.46 min=   30.36 max=  563.27 p50=   78.50 p95=  298.37 p99=  355.03 rps=  43.40
  s2s.crud.fetchAllTickets                      n= 2604 err=   0 errRate=  0.00% avg=   52.16 min=   12.59 max=  374.52 p50=   32.00 p95=  136.35 p99=  213.00 rps=  43.40
  s2s.crud.fetchFilms                           n= 2597 err=   0 errRate=  0.00% avg=   58.61 min=   17.04 max=  463.69 p50=   37.98 p95=  131.08 p99=  215.52 rps=  43.28

2026-05-05T03:57:04.227Z  INFO 1 --- [lab8-additional-service] [   scheduling-1] r.h.l.a.o.ObservabilityService           : [lab8-additional-service] observability refresh
window 10s
  calc.additional.maxViewersSummary             n=  146 err=   0 errRate=  0.00% avg=   93.14 min=   30.28 max=  497.37 p50=   38.80 p95=  299.70 p99=  404.75 rps=  14.60
  controller.AnalyticsController.maxViewersSummary n=  146 err=   0 errRate=  0.00% avg=   93.37 min=   30.42 max=  497.58 p50=   38.95 p95=  299.87 p99=  405.07 rps=  14.60
  s2s.crud.fetchAllTickets                      n=  146 err=   0 errRate=  0.00% avg=   44.15 min=   12.69 max=  374.52 p50=   16.38 p95=  149.79 p99=  256.57 rps=  14.60
  s2s.crud.fetchFilms                           n=  144 err=   0 errRate=  0.00% avg=   49.28 min=   17.20 max=  253.98 p50=   22.16 p95=  126.06 p99=  205.28 rps=  14.40
window 30s
  calc.additional.maxViewersSummary             n=  467 err=   0 errRate=  0.00% avg=   65.35 min=   30.24 max=  497.37 p50=   36.46 p95=  217.57 p99=  313.22 rps=  15.57
  controller.AnalyticsController.maxViewersSummary n=  467 err=   0 errRate=  0.00% avg=   65.63 min=   30.37 max=  497.58 p50=   36.75 p95=  217.73 p99=  313.68 rps=  15.57
  s2s.crud.fetchAllTickets                      n=  467 err=   0 errRate=  0.00% avg=   30.03 min=   12.59 max=  374.52 p50=   15.31 p95=  108.70 p99=  193.45 rps=  15.57
  s2s.crud.fetchFilms                           n=  467 err=   0 errRate=  0.00% avg=   35.24 min=   17.04 max=  253.98 p50=   21.00 p95=  119.36 p99=  185.57 rps=  15.57
window 1m
  calc.additional.maxViewersSummary             n= 2550 err=   0 errRate=  0.00% avg=  107.62 min=   30.23 max=  563.15 p50=   76.16 p95=  292.94 p99=  347.38 rps=  42.50
  controller.AnalyticsController.maxViewersSummary n= 2550 err=   0 errRate=  0.00% avg=  107.89 min=   30.36 max=  563.27 p50=   76.46 p95=  293.68 p99=  347.69 rps=  42.50
  s2s.crud.fetchAllTickets                      n= 2550 err=   0 errRate=  0.00% avg=   50.51 min=   12.59 max=  374.52 p50=   31.01 p95=  129.46 p99=  209.01 rps=  42.50
  s2s.crud.fetchFilms                           n= 2547 err=   0 errRate=  0.00% avg=   56.98 min=   17.04 max=  463.69 p50=   37.14 p95=  129.05 p99=  212.24 rps=  42.45

2026-05-05T03:57:05.230Z  INFO 1 --- [lab8-additional-service] [   scheduling-1] r.h.l.a.o.ObservabilityService           : [lab8-additional-service] observability refresh
window 10s
  calc.additional.maxViewersSummary             n=  152 err=   0 errRate=  0.00% avg=   90.18 min=   30.28 max=  497.37 p50=   36.37 p95=  299.02 p99=  404.66 rps=  15.20
  controller.AnalyticsController.maxViewersSummary n=  152 err=   0 errRate=  0.00% avg=   90.40 min=   30.42 max=  497.58 p50=   36.64 p95=  299.16 p99=  404.97 rps=  15.20
  s2s.crud.fetchAllTickets                      n=  152 err=   0 errRate=  0.00% avg=   42.74 min=   12.80 max=  374.52 p50=   15.86 p95=  140.70 p99=  250.71 rps=  15.20
  s2s.crud.fetchFilms                           n=  152 err=   0 errRate=  0.00% avg=   47.36 min=   17.20 max=  253.98 p50=   21.47 p95=  125.62 p99=  204.67 rps=  15.20
window 30s
  calc.additional.maxViewersSummary             n=  473 err=   0 errRate=  0.00% avg=   64.92 min=   30.24 max=  497.37 p50=   36.31 p95=  217.57 p99=  312.98 rps=  15.77
  controller.AnalyticsController.maxViewersSummary n=  473 err=   0 errRate=  0.00% avg=   65.20 min=   30.37 max=  497.58 p50=   36.52 p95=  217.71 p99=  313.47 rps=  15.77
  s2s.crud.fetchAllTickets                      n=  473 err=   0 errRate=  0.00% avg=   29.85 min=   12.59 max=  374.52 p50=   15.22 p95=  108.19 p99=  193.23 rps=  15.77
  s2s.crud.fetchFilms                           n=  473 err=   0 errRate=  0.00% avg=   35.00 min=   17.04 max=  253.98 p50=   20.81 p95=  119.27 p99=  185.25 rps=  15.77
window 1m
  calc.additional.maxViewersSummary             n= 2475 err=   0 errRate=  0.00% avg=  106.03 min=   30.23 max=  563.15 p50=   74.22 p95=  293.08 p99=  347.67 rps=  41.25
  controller.AnalyticsController.maxViewersSummary n= 2475 err=   0 errRate=  0.00% avg=  106.30 min=   30.36 max=  563.27 p50=   74.50 p95=  293.77 p99=  347.81 rps=  41.25
  s2s.crud.fetchAllTickets                      n= 2475 err=   0 errRate=  0.00% avg=   49.67 min=   12.59 max=  374.52 p50=   29.99 p95=  128.14 p99=  209.79 rps=  41.25
  s2s.crud.fetchFilms                           n= 2472 err=   0 errRate=  0.00% avg=   56.33 min=   17.04 max=  463.69 p50=   36.67 p95=  128.70 p99=  212.45 rps=  41.20

2026-05-05T03:57:06.232Z  INFO 1 --- [lab8-additional-service] [   scheduling-1] r.h.l.a.o.ObservabilityService           : [lab8-additional-service] observability refresh
window 10s
  calc.additional.maxViewersSummary             n=  153 err=   0 errRate=  0.00% avg=   89.84 min=   30.28 max=  497.37 p50=   36.41 p95=  298.90 p99=  404.64 rps=  15.30
  controller.AnalyticsController.maxViewersSummary n=  153 err=   0 errRate=  0.00% avg=   90.07 min=   30.42 max=  497.58 p50=   36.65 p95=  299.04 p99=  404.95 rps=  15.30
  s2s.crud.fetchAllTickets                      n=  153 err=   0 errRate=  0.00% avg=   42.61 min=   12.80 max=  374.52 p50=   16.06 p95=  139.18 p99=  249.74 rps=  15.30
  s2s.crud.fetchFilms                           n=  150 err=   0 errRate=  0.00% avg=   45.17 min=   17.20 max=  253.98 p50=   20.67 p95=  124.68 p99=  196.43 rps=  15.00
window 30s
  calc.additional.maxViewersSummary             n=  471 err=   0 errRate=  0.00% avg=   64.42 min=   30.24 max=  497.37 p50=   35.78 p95=  217.57 p99=  313.06 rps=  15.70
  controller.AnalyticsController.maxViewersSummary n=  471 err=   0 errRate=  0.00% avg=   64.70 min=   30.37 max=  497.58 p50=   36.02 p95=  217.72 p99=  313.54 rps=  15.70
  s2s.crud.fetchAllTickets                      n=  471 err=   0 errRate=  0.00% avg=   29.69 min=   12.59 max=  374.52 p50=   15.14 p95=  108.36 p99=  193.31 rps=  15.70
  s2s.crud.fetchFilms                           n=  471 err=   0 errRate=  0.00% avg=   34.66 min=   17.04 max=  253.98 p50=   20.46 p95=  119.30 p99=  185.36 rps=  15.70
window 1m
  calc.additional.maxViewersSummary             n= 2391 err=   0 errRate=  0.00% avg=  105.95 min=   30.23 max=  563.15 p50=   74.00 p95=  293.88 p99=  348.60 rps=  39.85
  controller.AnalyticsController.maxViewersSummary n= 2391 err=   0 errRate=  0.00% avg=  106.23 min=   30.36 max=  563.27 p50=   74.20 p95=  294.74 p99=  348.70 rps=  39.85
  s2s.crud.fetchAllTickets                      n= 2391 err=   0 errRate=  0.00% avg=   49.64 min=   12.59 max=  374.52 p50=   29.75 p95=  130.04 p99=  209.92 rps=  39.85
  s2s.crud.fetchFilms                           n= 2383 err=   0 errRate=  0.00% avg=   56.27 min=   17.04 max=  463.69 p50=   36.36 p95=  128.72 p99=  213.02 rps=  39.72

2026-05-05T03:57:07.234Z  INFO 1 --- [lab8-additional-service] [   scheduling-1] r.h.l.a.o.ObservabilityService           : [lab8-additional-service] observability refresh
window 10s
  calc.additional.maxViewersSummary             n=  163 err=   0 errRate=  0.00% avg=   68.01 min=   30.28 max=  405.49 p50=   35.19 p95=  217.57 p99=  330.76 rps=  16.30
  controller.AnalyticsController.maxViewersSummary n=  163 err=   0 errRate=  0.00% avg=   68.24 min=   30.42 max=  405.87 p50=   35.56 p95=  217.74 p99=  330.91 rps=  16.30
  s2s.crud.fetchAllTickets                      n=  163 err=   0 errRate=  0.00% avg=   30.38 min=   12.66 max=  300.48 p50=   14.89 p95=  110.66 p99=  183.44 rps=  16.30
  s2s.crud.fetchFilms                           n=  163 err=   0 errRate=  0.00% avg=   37.56 min=   17.20 max=  253.98 p50=   19.78 p95=  120.05 p99=  157.79 rps=  16.30
window 30s
  calc.additional.maxViewersSummary             n=  478 err=   0 errRate=  0.00% avg=   62.72 min=   30.24 max=  497.37 p50=   35.66 p95=  217.56 p99=  312.78 rps=  15.93
  controller.AnalyticsController.maxViewersSummary n=  478 err=   0 errRate=  0.00% avg=   63.00 min=   30.37 max=  497.58 p50=   35.92 p95=  217.70 p99=  313.30 rps=  15.93
  s2s.crud.fetchAllTickets                      n=  478 err=   0 errRate=  0.00% avg=   28.81 min=   12.59 max=  374.52 p50=   14.94 p95=  107.24 p99=  193.05 rps=  15.93
  s2s.crud.fetchFilms                           n=  478 err=   0 errRate=  0.00% avg=   33.84 min=   17.04 max=  253.98 p50=   20.28 p95=  119.19 p99=  184.99 rps=  15.93
window 1m
  calc.additional.maxViewersSummary             n= 2312 err=   0 errRate=  0.00% avg=  104.28 min=   30.23 max=  563.15 p50=   71.34 p95=  295.37 p99=  354.28 rps=  38.53
  controller.AnalyticsController.maxViewersSummary n= 2312 err=   0 errRate=  0.00% avg=  104.55 min=   30.36 max=  563.27 p50=   71.47 p95=  295.77 p99=  354.45 rps=  38.53
  s2s.crud.fetchAllTickets                      n= 2312 err=   0 errRate=  0.00% avg=   48.85 min=   12.59 max=  374.52 p50=   28.38 p95=  128.62 p99=  210.50 rps=  38.53
  s2s.crud.fetchFilms                           n= 2307 err=   0 errRate=  0.00% avg=   55.39 min=   17.04 max=  463.69 p50=   35.08 p95=  128.55 p99=  212.80 rps=  38.45

2026-05-05T03:57:08.236Z  INFO 1 --- [lab8-additional-service] [   scheduling-1] r.h.l.a.o.ObservabilityService           : [lab8-additional-service] observability refresh
window 10s
  calc.additional.maxViewersSummary             n=  169 err=   0 errRate=  0.00% avg=   59.59 min=   30.28 max=  405.49 p50=   34.97 p95=  210.94 p99=  328.41 rps=  16.90
  controller.AnalyticsController.maxViewersSummary n=  169 err=   0 errRate=  0.00% avg=   59.82 min=   30.42 max=  405.87 p50=   35.27 p95=  211.25 p99=  328.55 rps=  16.90
  s2s.crud.fetchAllTickets                      n=  169 err=   0 errRate=  0.00% avg=   25.55 min=   12.66 max=  300.48 p50=   14.66 p95=  104.72 p99=  143.45 rps=  16.90
  s2s.crud.fetchFilms                           n=  168 err=   0 errRate=  0.00% avg=   33.53 min=   17.20 max=  253.98 p50=   19.45 p95=  117.30 p99=  153.69 rps=  16.80
window 30s
  calc.additional.maxViewersSummary             n=  476 err=   0 errRate=  0.00% avg=   62.25 min=   30.24 max=  497.37 p50=   35.57 p95=  216.70 p99=  312.86 rps=  15.87
  controller.AnalyticsController.maxViewersSummary n=  476 err=   0 errRate=  0.00% avg=   62.54 min=   30.37 max=  497.58 p50=   35.85 p95=  217.05 p99=  313.37 rps=  15.87
  s2s.crud.fetchAllTickets                      n=  476 err=   0 errRate=  0.00% avg=   28.80 min=   12.59 max=  374.52 p50=   14.91 p95=  107.27 p99=  193.12 rps=  15.87
  s2s.crud.fetchFilms                           n=  475 err=   0 errRate=  0.00% avg=   33.41 min=   17.04 max=  253.98 p50=   20.21 p95=  118.62 p99=  149.32 rps=  15.83
window 1m
  calc.additional.maxViewersSummary             n= 2198 err=   0 errRate=  0.00% avg=  106.15 min=   30.23 max=  563.15 p50=   72.51 p95=  296.78 p99=  379.11 rps=  36.63
  controller.AnalyticsController.maxViewersSummary n= 2199 err=   0 errRate=  0.00% avg=  106.40 min=   30.36 max=  563.27 p50=   72.59 p95=  297.59 p99=  379.15 rps=  36.65
  s2s.crud.fetchAllTickets                      n= 2198 err=   0 errRate=  0.00% avg=   49.75 min=   12.59 max=  374.52 p50=   28.32 p95=  134.49 p99=  211.82 rps=  36.63
  s2s.crud.fetchFilms                           n= 2198 err=   0 errRate=  0.00% avg=   56.33 min=   17.04 max=  463.69 p50=   35.11 p95=  129.20 p99=  213.89 rps=  36.63

2026-05-05T03:57:09.238Z  INFO 1 --- [lab8-additional-service] [   scheduling-1] r.h.l.a.o.ObservabilityService           : [lab8-additional-service] observability refresh
window 10s
  calc.additional.maxViewersSummary             n=  179 err=   0 errRate=  0.00% avg=   47.56 min=   30.25 max=  304.58 p50=   34.20 p95=  151.60 p99=  218.42 rps=  17.90
  controller.AnalyticsController.maxViewersSummary n=  179 err=   0 errRate=  0.00% avg=   47.78 min=   30.38 max=  304.84 p50=   34.37 p95=  152.40 p99=  218.62 rps=  17.90
  s2s.crud.fetchAllTickets                      n=  179 err=   0 errRate=  0.00% avg=   20.45 min=   12.66 max=  195.84 p50=   14.32 p95=   44.29 p99=  114.33 rps=  17.90
  s2s.crud.fetchFilms                           n=  179 err=   0 errRate=  0.00% avg=   27.04 min=   17.17 max=  126.23 p50=   19.09 p95=  106.83 p99=  120.19 rps=  17.90
window 30s
  calc.additional.maxViewersSummary             n=  470 err=   0 errRate=  0.00% avg=   62.26 min=   30.25 max=  497.37 p50=   35.49 p95=  217.04 p99=  313.10 rps=  15.67
  controller.AnalyticsController.maxViewersSummary n=  470 err=   0 errRate=  0.00% avg=   62.54 min=   30.38 max=  497.58 p50=   35.70 p95=  217.30 p99=  313.58 rps=  15.67
  s2s.crud.fetchAllTickets                      n=  470 err=   0 errRate=  0.00% avg=   28.85 min=   12.59 max=  374.52 p50=   14.78 p95=  107.37 p99=  193.34 rps=  15.67
  s2s.crud.fetchFilms                           n=  469 err=   0 errRate=  0.00% avg=   33.36 min=   17.04 max=  253.98 p50=   19.92 p95=  118.84 p99=  152.11 rps=  15.63
window 1m
  calc.additional.maxViewersSummary             n= 2119 err=   0 errRate=  0.00% avg=  105.95 min=   30.23 max=  563.15 p50=   70.71 p95=  297.43 p99=  383.65 rps=  35.32
  controller.AnalyticsController.maxViewersSummary n= 2119 err=   0 errRate=  0.00% avg=  106.24 min=   30.36 max=  563.27 p50=   71.05 p95=  298.10 p99=  383.75 rps=  35.32
  s2s.crud.fetchAllTickets                      n= 2119 err=   0 errRate=  0.00% avg=   49.60 min=   12.59 max=  374.52 p50=   27.37 p95=  136.00 p99=  213.33 rps=  35.32
  s2s.crud.fetchFilms                           n= 2109 err=   0 errRate=  0.00% avg=   56.12 min=   17.04 max=  463.69 p50=   34.22 p95=  129.58 p99=  213.79 rps=  35.15

2026-05-05T03:57:10.240Z  INFO 1 --- [lab8-additional-service] [   scheduling-1] r.h.l.a.o.ObservabilityService           : [lab8-additional-service] observability refresh
window 10s
  calc.additional.maxViewersSummary             n=  178 err=   0 errRate=  0.00% avg=   40.28 min=   30.25 max=  186.91 p50=   33.60 p95=   68.76 p99=  155.11 rps=  17.80
  controller.AnalyticsController.maxViewersSummary n=  178 err=   0 errRate=  0.00% avg=   40.50 min=   30.36 max=  187.21 p50=   33.79 p95=   68.89 p99=  155.43 rps=  17.80
  s2s.crud.fetchAllTickets                      n=  178 err=   0 errRate=  0.00% avg=   16.42 min=   12.66 max=  115.43 p50=   14.18 p95=   26.16 p99=   45.16 rps=  17.80
  s2s.crud.fetchFilms                           n=  177 err=   0 errRate=  0.00% avg=   23.83 min=   17.09 max=  120.44 p50=   18.77 p95=   56.06 p99=  119.38 rps=  17.70
window 30s
  calc.additional.maxViewersSummary             n=  472 err=   0 errRate=  0.00% avg=   61.88 min=   30.25 max=  497.37 p50=   35.46 p95=  216.93 p99=  313.02 rps=  15.73
  controller.AnalyticsController.maxViewersSummary n=  472 err=   0 errRate=  0.00% avg=   62.16 min=   30.36 max=  497.58 p50=   35.65 p95=  217.22 p99=  313.51 rps=  15.73
  s2s.crud.fetchAllTickets                      n=  472 err=   0 errRate=  0.00% avg=   28.64 min=   12.59 max=  374.52 p50=   14.83 p95=  107.33 p99=  193.27 rps=  15.73
  s2s.crud.fetchFilms                           n=  470 err=   0 errRate=  0.00% avg=   33.01 min=   17.04 max=  253.98 p50=   19.79 p95=  118.80 p99=  151.64 rps=  15.67
window 1m
  calc.additional.maxViewersSummary             n= 2073 err=   0 errRate=  0.00% avg=  102.18 min=   30.23 max=  563.15 p50=   67.75 p95=  294.49 p99=  363.74 rps=  34.55
  controller.AnalyticsController.maxViewersSummary n= 2073 err=   0 errRate=  0.00% avg=  102.46 min=   30.36 max=  563.27 p50=   67.98 p95=  295.76 p99=  363.91 rps=  34.55
  s2s.crud.fetchAllTickets                      n= 2073 err=   0 errRate=  0.00% avg=   47.68 min=   12.59 max=  374.52 p50=   26.57 p95=  128.17 p99=  210.00 rps=  34.55
  s2s.crud.fetchFilms                           n= 2063 err=   0 errRate=  0.00% avg=   54.03 min=   17.04 max=  463.69 p50=   33.33 p95=  128.26 p99=  213.23 rps=  34.38

2026-05-05T03:57:11.242Z  INFO 1 --- [lab8-additional-service] [   scheduling-1] r.h.l.a.o.ObservabilityService           : [lab8-additional-service] observability refresh
window 10s
  calc.additional.maxViewersSummary             n=  179 err=   0 errRate=  0.00% avg=   35.96 min=   30.25 max=  158.47 p50=   33.58 p95=   45.02 p99=   58.34 rps=  17.90
  controller.AnalyticsController.maxViewersSummary n=  179 err=   0 errRate=  0.00% avg=   36.17 min=   30.36 max=  158.82 p50=   33.78 p95=   45.56 p99=   58.53 rps=  17.90
  s2s.crud.fetchAllTickets                      n=  179 err=   0 errRate=  0.00% avg=   15.25 min=   12.61 max=   50.31 p50=   14.14 p95=   20.72 p99=   26.53 rps=  17.90
  s2s.crud.fetchFilms                           n=  179 err=   0 errRate=  0.00% avg=   20.64 min=   17.09 max=  108.06 p50=   18.76 p95=   26.56 p99=   42.66 rps=  17.90
window 30s
  calc.additional.maxViewersSummary             n=  486 err=   0 errRate=  0.00% avg=   59.88 min=   30.25 max=  497.37 p50=   35.43 p95=  216.37 p99=  312.46 rps=  16.20
  controller.AnalyticsController.maxViewersSummary n=  486 err=   0 errRate=  0.00% avg=   60.16 min=   30.36 max=  497.58 p50=   35.65 p95=  216.73 p99=  313.02 rps=  16.20
  s2s.crud.fetchAllTickets                      n=  486 err=   0 errRate=  0.00% avg=   27.72 min=   12.59 max=  374.52 p50=   14.87 p95=  105.05 p99=  192.76 rps=  16.20
  s2s.crud.fetchFilms                           n=  486 err=   0 errRate=  0.00% avg=   32.10 min=   17.04 max=  253.98 p50=   19.81 p95=  117.15 p99=  144.20 rps=  16.20
window 1m
  calc.additional.maxViewersSummary             n= 2030 err=   0 errRate=  0.00% avg=   97.15 min=   30.23 max=  563.15 p50=   65.33 p95=  279.40 p99=  344.66 rps=  33.83
  controller.AnalyticsController.maxViewersSummary n= 2030 err=   0 errRate=  0.00% avg=   97.44 min=   30.36 max=  563.27 p50=   65.47 p95=  280.29 p99=  345.03 rps=  33.83
  s2s.crud.fetchAllTickets                      n= 2030 err=   0 errRate=  0.00% avg=   45.17 min=   12.59 max=  374.52 p50=   25.60 p95=  124.93 p99=  204.30 rps=  33.83
  s2s.crud.fetchFilms                           n= 2027 err=   0 errRate=  0.00% avg=   51.84 min=   17.04 max=  463.69 p50=   31.99 p95=  126.34 p99=  213.60 rps=  33.78

2026-05-05T03:57:12.243Z  INFO 1 --- [lab8-additional-service] [   scheduling-1] r.h.l.a.o.ObservabilityService           : [lab8-additional-service] observability refresh
window 10s
  calc.additional.maxViewersSummary             n=  174 err=   0 errRate=  0.00% avg=   35.64 min=   30.25 max=  158.47 p50=   33.39 p95=   44.50 p99=   55.94 rps=  17.40
  controller.AnalyticsController.maxViewersSummary n=  174 err=   0 errRate=  0.00% avg=   35.85 min=   30.36 max=  158.82 p50=   33.55 p95=   44.75 p99=   56.24 rps=  17.40
  s2s.crud.fetchAllTickets                      n=  174 err=   0 errRate=  0.00% avg=   15.10 min=   12.61 max=   50.31 p50=   13.99 p95=   18.99 p99=   26.26 rps=  17.40
  s2s.crud.fetchFilms                           n=  175 err=   0 errRate=  0.00% avg=   20.46 min=   17.09 max=  108.06 p50=   18.71 p95=   26.58 p99=   39.25 rps=  17.50
window 30s
  calc.additional.maxViewersSummary             n=  480 err=   0 errRate=  0.00% avg=   59.95 min=   30.25 max=  497.37 p50=   35.40 p95=  216.47 p99=  312.70 rps=  16.00
  controller.AnalyticsController.maxViewersSummary n=  480 err=   0 errRate=  0.00% avg=   60.23 min=   30.36 max=  497.58 p50=   35.63 p95=  216.87 p99=  313.23 rps=  16.00
  s2s.crud.fetchAllTickets                      n=  480 err=   0 errRate=  0.00% avg=   27.71 min=   12.59 max=  374.52 p50=   14.91 p95=  105.54 p99=  192.98 rps=  16.00
  s2s.crud.fetchFilms                           n=  481 err=   0 errRate=  0.00% avg=   32.14 min=   17.04 max=  253.98 p50=   19.89 p95=  117.28 p99=  146.52 rps=  16.03
window 1m
  calc.additional.maxViewersSummary             n= 1948 err=   0 errRate=  0.00% avg=   95.38 min=   30.23 max=  563.15 p50=   63.93 p95=  289.03 p99=  347.39 rps=  32.47
  controller.AnalyticsController.maxViewersSummary n= 1948 err=   0 errRate=  0.00% avg=   95.67 min=   30.36 max=  563.27 p50=   64.15 p95=  289.71 p99=  347.69 rps=  32.47
  s2s.crud.fetchAllTickets                      n= 1948 err=   0 errRate=  0.00% avg=   44.45 min=   12.59 max=  374.52 p50=   24.84 p95=  125.56 p99=  207.39 rps=  32.47
  s2s.crud.fetchFilms                           n= 1944 err=   0 errRate=  0.00% avg=   50.88 min=   17.04 max=  463.69 p50=   31.46 p95=  125.16 p99=  214.23 rps=  32.40

2026-05-05T03:57:13.246Z  INFO 1 --- [lab8-additional-service] [   scheduling-1] r.h.l.a.o.ObservabilityService           : [lab8-additional-service] observability refresh
window 10s
  calc.additional.maxViewersSummary             n=  183 err=   0 errRate=  0.00% avg=   35.60 min=   30.25 max=  158.47 p50=   33.45 p95=   44.38 p99=   54.70 rps=  18.30
  controller.AnalyticsController.maxViewersSummary n=  183 err=   0 errRate=  0.00% avg=   35.80 min=   30.36 max=  158.82 p50=   33.63 p95=   44.54 p99=   55.03 rps=  18.30
  s2s.crud.fetchAllTickets                      n=  183 err=   0 errRate=  0.00% avg=   15.12 min=   12.61 max=   50.31 p50=   13.98 p95=   18.91 p99=   25.76 rps=  18.30
  s2s.crud.fetchFilms                           n=  182 err=   0 errRate=  0.00% avg=   20.41 min=   17.09 max=  108.06 p50=   18.63 p95=   25.97 p99=   38.00 rps=  18.20
window 30s
  calc.additional.maxViewersSummary             n=  487 err=   0 errRate=  0.00% avg=   59.61 min=   30.25 max=  497.37 p50=   35.39 p95=  216.37 p99=  312.42 rps=  16.23
  controller.AnalyticsController.maxViewersSummary n=  487 err=   0 errRate=  0.00% avg=   59.88 min=   30.36 max=  497.58 p50=   35.62 p95=  216.71 p99=  312.98 rps=  16.23
  s2s.crud.fetchAllTickets                      n=  487 err=   0 errRate=  0.00% avg=   27.54 min=   12.59 max=  374.52 p50=   14.87 p95=  104.97 p99=  192.73 rps=  16.23
  s2s.crud.fetchFilms                           n=  487 err=   0 errRate=  0.00% avg=   32.01 min=   17.09 max=  253.98 p50=   19.92 p95=  117.12 p99=  143.73 rps=  16.23
window 1m
  calc.additional.maxViewersSummary             n= 1909 err=   0 errRate=  0.00% avg=   91.24 min=   30.23 max=  563.15 p50=   61.26 p95=  279.84 p99=  347.56 rps=  31.82
  controller.AnalyticsController.maxViewersSummary n= 1909 err=   0 errRate=  0.00% avg=   91.53 min=   30.36 max=  563.27 p50=   61.44 p95=  280.74 p99=  347.74 rps=  31.82
  s2s.crud.fetchAllTickets                      n= 1909 err=   0 errRate=  0.00% avg=   42.15 min=   12.59 max=  374.52 p50=   23.74 p95=  121.11 p99=  203.26 rps=  31.82
  s2s.crud.fetchFilms                           n= 1902 err=   0 errRate=  0.00% avg=   48.89 min=   17.04 max=  463.69 p50=   30.33 p95=  125.11 p99=  213.86 rps=  31.70

2026-05-05T03:57:14.249Z  INFO 1 --- [lab8-additional-service] [   scheduling-1] r.h.l.a.o.ObservabilityService           : [lab8-additional-service] observability refresh
window 10s
  calc.additional.maxViewersSummary             n=  184 err=   0 errRate=  0.00% avg=   35.50 min=   30.25 max=  130.36 p50=   33.47 p95=   44.38 p99=   52.99 rps=  18.40
  controller.AnalyticsController.maxViewersSummary n=  184 err=   0 errRate=  0.00% avg=   35.70 min=   30.36 max=  130.67 p50=   33.68 p95=   44.54 p99=   53.35 rps=  18.40
  s2s.crud.fetchAllTickets                      n=  184 err=   0 errRate=  0.00% avg=   15.02 min=   12.61 max=   30.33 p50=   14.06 p95=   19.29 p99=   25.52 rps=  18.40
  s2s.crud.fetchFilms                           n=  184 err=   0 errRate=  0.00% avg=   20.42 min=   17.06 max=  101.08 p50=   18.72 p95=   25.94 p99=   36.07 rps=  18.40
window 30s
  calc.additional.maxViewersSummary             n=  485 err=   0 errRate=  0.00% avg=   59.07 min=   30.25 max=  497.37 p50=   35.31 p95=  216.38 p99=  312.50 rps=  16.17
  controller.AnalyticsController.maxViewersSummary n=  485 err=   0 errRate=  0.00% avg=   59.34 min=   30.36 max=  497.58 p50=   35.52 p95=  216.75 p99=  313.05 rps=  16.17
  s2s.crud.fetchAllTickets                      n=  485 err=   0 errRate=  0.00% avg=   27.19 min=   12.59 max=  374.52 p50=   14.66 p95=  105.13 p99=  192.80 rps=  16.17
  s2s.crud.fetchFilms                           n=  483 err=   0 errRate=  0.00% avg=   31.87 min=   17.06 max=  253.98 p50=   19.92 p95=  116.13 p99=  140.33 rps=  16.10
window 1m
  calc.additional.maxViewersSummary             n= 1866 err=   0 errRate=  0.00% avg=   87.83 min=   30.23 max=  563.15 p50=   59.40 p95=  238.03 p99=  336.13 rps=  31.10
  controller.AnalyticsController.maxViewersSummary n= 1866 err=   0 errRate=  0.00% avg=   88.11 min=   30.36 max=  563.27 p50=   59.82 p95=  238.42 p99=  336.63 rps=  31.10
  s2s.crud.fetchAllTickets                      n= 1866 err=   0 errRate=  0.00% avg=   40.32 min=   12.59 max=  374.52 p50=   23.20 p95=  116.39 p99=  198.86 rps=  31.10
  s2s.crud.fetchFilms                           n= 1858 err=   0 errRate=  0.00% avg=   46.66 min=   17.04 max=  463.69 p50=   29.63 p95=  120.77 p99=  207.16 rps=  30.97

2026-05-05T03:57:15.251Z  INFO 1 --- [lab8-additional-service] [   scheduling-1] r.h.l.a.o.ObservabilityService           : [lab8-additional-service] observability refresh
window 10s
  calc.additional.maxViewersSummary             n=  179 err=   0 errRate=  0.00% avg=   35.59 min=   30.25 max=  130.36 p50=   33.47 p95=   44.39 p99=   53.22 rps=  17.90
  controller.AnalyticsController.maxViewersSummary n=  179 err=   0 errRate=  0.00% avg=   35.79 min=   30.36 max=  130.67 p50=   33.65 p95=   44.56 p99=   53.57 rps=  17.90
  s2s.crud.fetchAllTickets                      n=  179 err=   0 errRate=  0.00% avg=   15.04 min=   12.61 max=   30.33 p50=   14.11 p95=   19.35 p99=   25.74 rps=  17.90
  s2s.crud.fetchFilms                           n=  178 err=   0 errRate=  0.00% avg=   20.45 min=   17.06 max=  101.08 p50=   18.76 p95=   26.05 p99=   36.59 rps=  17.80
window 30s
  calc.additional.maxViewersSummary             n=  483 err=   0 errRate=  0.00% avg=   58.99 min=   30.25 max=  497.37 p50=   35.14 p95=  216.40 p99=  312.58 rps=  16.10
  controller.AnalyticsController.maxViewersSummary n=  483 err=   0 errRate=  0.00% avg=   59.25 min=   30.36 max=  497.58 p50=   35.35 p95=  216.79 p99=  313.12 rps=  16.10
  s2s.crud.fetchAllTickets                      n=  483 err=   0 errRate=  0.00% avg=   27.14 min=   12.59 max=  374.52 p50=   14.58 p95=  105.30 p99=  192.87 rps=  16.10
  s2s.crud.fetchFilms                           n=  484 err=   0 errRate=  0.00% avg=   31.75 min=   17.06 max=  253.98 p50=   19.67 p95=  116.07 p99=  139.80 rps=  16.13
window 1m
  calc.additional.maxViewersSummary             n= 1814 err=   0 errRate=  0.00% avg=   81.30 min=   30.23 max=  497.37 p50=   56.89 p95=  224.39 p99=  315.69 rps=  30.23
  controller.AnalyticsController.maxViewersSummary n= 1814 err=   0 errRate=  0.00% avg=   81.59 min=   30.36 max=  497.58 p50=   57.18 p95=  224.63 p99=  316.15 rps=  30.23
  s2s.crud.fetchAllTickets                      n= 1814 err=   0 errRate=  0.00% avg=   37.27 min=   12.59 max=  374.52 p50=   22.55 p95=  109.33 p99=  192.07 rps=  30.23
  s2s.crud.fetchFilms                           n= 1812 err=   0 errRate=  0.00% avg=   43.78 min=   17.04 max=  253.98 p50=   28.63 p95=  119.07 p99=  201.78 rps=  30.20

2026-05-05T03:57:16.253Z  INFO 1 --- [lab8-additional-service] [   scheduling-1] r.h.l.a.o.ObservabilityService           : [lab8-additional-service] observability refresh
window 10s
  calc.additional.maxViewersSummary             n=  176 err=   0 errRate=  0.00% avg=   35.40 min=   30.25 max=  130.36 p50=   33.40 p95=   44.05 p99=   53.35 rps=  17.60
  controller.AnalyticsController.maxViewersSummary n=  176 err=   0 errRate=  0.00% avg=   35.60 min=   30.36 max=  130.67 p50=   33.60 p95=   44.16 p99=   53.54 rps=  17.60
  s2s.crud.fetchAllTickets                      n=  176 err=   0 errRate=  0.00% avg=   14.85 min=   12.61 max=   29.23 p50=   13.97 p95=   19.03 p99=   23.79 rps=  17.60
  s2s.crud.fetchFilms                           n=  176 err=   0 errRate=  0.00% avg=   20.50 min=   17.06 max=  101.08 p50=   18.81 p95=   26.09 p99=   36.77 rps=  17.60
window 30s
  calc.additional.maxViewersSummary             n=  479 err=   0 errRate=  0.00% avg=   59.09 min=   30.25 max=  497.37 p50=   35.05 p95=  216.53 p99=  312.74 rps=  15.97
  controller.AnalyticsController.maxViewersSummary n=  479 err=   0 errRate=  0.00% avg=   59.36 min=   30.36 max=  497.58 p50=   35.27 p95=  216.92 p99=  313.26 rps=  15.97
  s2s.crud.fetchAllTickets                      n=  479 err=   0 errRate=  0.00% avg=   27.23 min=   12.59 max=  374.52 p50=   14.58 p95=  105.63 p99=  193.02 rps=  15.97
  s2s.crud.fetchFilms                           n=  479 err=   0 errRate=  0.00% avg=   31.79 min=   17.06 max=  253.98 p50=   19.66 p95=  116.30 p99=  142.45 rps=  15.97
window 1m
  calc.additional.maxViewersSummary             n= 1770 err=   0 errRate=  0.00% avg=   75.86 min=   30.23 max=  497.37 p50=   54.65 p95=  215.44 p99=  310.80 rps=  29.50
  controller.AnalyticsController.maxViewersSummary n= 1770 err=   0 errRate=  0.00% avg=   76.15 min=   30.36 max=  497.58 p50=   54.83 p95=  215.65 p99=  311.04 rps=  29.50
  s2s.crud.fetchAllTickets                      n= 1770 err=   0 errRate=  0.00% avg=   34.29 min=   12.59 max=  374.52 p50=   21.96 p95=  102.85 p99=  185.39 rps=  29.50
  s2s.crud.fetchFilms                           n= 1765 err=   0 errRate=  0.00% avg=   41.23 min=   17.04 max=  253.98 p50=   27.60 p95=  113.14 p99=  199.63 rps=  29.42

2026-05-05T03:57:17.255Z  INFO 1 --- [lab8-additional-service] [   scheduling-1] r.h.l.a.o.ObservabilityService           : [lab8-additional-service] observability refresh
window 10s
  calc.additional.maxViewersSummary             n=  170 err=   0 errRate=  0.00% avg=   35.96 min=   30.25 max=  130.36 p50=   33.67 p95=   44.90 p99=   53.62 rps=  17.00
  controller.AnalyticsController.maxViewersSummary n=  170 err=   0 errRate=  0.00% avg=   36.15 min=   30.36 max=  130.67 p50=   33.84 p95=   45.03 p99=   53.82 rps=  17.00
  s2s.crud.fetchAllTickets                      n=  170 err=   0 errRate=  0.00% avg=   15.17 min=   12.61 max=   29.23 p50=   14.13 p95=   20.61 p99=   24.62 rps=  17.00
  s2s.crud.fetchFilms                           n=  172 err=   0 errRate=  0.00% avg=   20.76 min=   17.06 max=  101.08 p50=   18.95 p95=   26.47 p99=   37.12 rps=  17.20
window 30s
  calc.additional.maxViewersSummary             n=  482 err=   0 errRate=  0.00% avg=   58.85 min=   30.25 max=  497.37 p50=   35.13 p95=  216.40 p99=  312.62 rps=  16.07
  controller.AnalyticsController.maxViewersSummary n=  482 err=   0 errRate=  0.00% avg=   59.11 min=   30.36 max=  497.58 p50=   35.34 p95=  216.81 p99=  313.16 rps=  16.07
  s2s.crud.fetchAllTickets                      n=  482 err=   0 errRate=  0.00% avg=   27.08 min=   12.59 max=  374.52 p50=   14.62 p95=  105.38 p99=  192.91 rps=  16.07
  s2s.crud.fetchFilms                           n=  481 err=   0 errRate=  0.00% avg=   31.19 min=   17.06 max=  253.98 p50=   19.66 p95=  116.25 p99=  141.39 rps=  16.03
window 1m
  calc.additional.maxViewersSummary             n= 1667 err=   0 errRate=  0.00% avg=   74.05 min=   30.23 max=  497.37 p50=   51.61 p95=  213.03 p99=  308.61 rps=  27.78
  controller.AnalyticsController.maxViewersSummary n= 1667 err=   0 errRate=  0.00% avg=   74.34 min=   30.36 max=  497.58 p50=   51.98 p95=  213.23 p99=  308.78 rps=  27.78
  s2s.crud.fetchAllTickets                      n= 1667 err=   0 errRate=  0.00% avg=   33.59 min=   12.59 max=  374.52 p50=   21.06 p95=  101.80 p99=  185.52 rps=  27.78
  s2s.crud.fetchFilms                           n= 1662 err=   0 errRate=  0.00% avg=   40.35 min=   17.04 max=  253.98 p50=   26.21 p95=  110.84 p99=  194.15 rps=  27.70

2026-05-05T03:57:18.257Z  INFO 1 --- [lab8-additional-service] [   scheduling-1] r.h.l.a.o.ObservabilityService           : [lab8-additional-service] observability refresh
window 10s
  calc.additional.maxViewersSummary             n=  182 err=   0 errRate=  0.00% avg=   36.46 min=   30.25 max=  130.36 p50=   34.05 p95=   46.88 p99=   63.45 rps=  18.20
  controller.AnalyticsController.maxViewersSummary n=  182 err=   0 errRate=  0.00% avg=   36.64 min=   30.36 max=  130.67 p50=   34.32 p95=   47.05 p99=   63.98 rps=  18.20
  s2s.crud.fetchAllTickets                      n=  182 err=   0 errRate=  0.00% avg=   15.44 min=   12.61 max=   44.45 p50=   14.12 p95=   22.03 p99=   27.70 rps=  18.20
  s2s.crud.fetchFilms                           n=  180 err=   0 errRate=  0.00% avg=   20.98 min=   17.06 max=  101.08 p50=   18.95 p95=   28.38 p99=   36.75 rps=  18.00
window 30s
  calc.additional.maxViewersSummary             n=  486 err=   0 errRate=  0.00% avg=   56.26 min=   30.25 max=  497.37 p50=   35.11 p95=  214.44 p99=  312.46 rps=  16.20
  controller.AnalyticsController.maxViewersSummary n=  486 err=   0 errRate=  0.00% avg=   56.52 min=   30.36 max=  497.58 p50=   35.32 p95=  214.63 p99=  313.02 rps=  16.20
  s2s.crud.fetchAllTickets                      n=  486 err=   0 errRate=  0.00% avg=   25.76 min=   12.59 max=  374.52 p50=   14.57 p95=  101.48 p99=  189.43 rps=  16.20
  s2s.crud.fetchFilms                           n=  486 err=   0 errRate=  0.00% avg=   30.44 min=   17.06 max=  253.98 p50=   19.65 p95=  113.08 p99=  138.74 rps=  16.20
window 1m
  calc.additional.maxViewersSummary             n= 1568 err=   0 errRate=  0.00% avg=   73.25 min=   30.23 max=  497.37 p50=   48.54 p95=  215.03 p99=  310.82 rps=  26.13
  controller.AnalyticsController.maxViewersSummary n= 1568 err=   0 errRate=  0.00% avg=   73.54 min=   30.36 max=  497.58 p50=   48.85 p95=  215.47 p99=  311.06 rps=  26.13
  s2s.crud.fetchAllTickets                      n= 1568 err=   0 errRate=  0.00% avg=   33.17 min=   12.59 max=  374.52 p50=   19.70 p95=  102.24 p99=  185.47 rps=  26.13
  s2s.crud.fetchFilms                           n= 1563 err=   0 errRate=  0.00% avg=   40.03 min=   17.04 max=  253.98 p50=   25.20 p95=  112.35 p99=  196.81 rps=  26.05

2026-05-05T03:57:19.258Z  INFO 1 --- [lab8-additional-service] [   scheduling-1] r.h.l.a.o.ObservabilityService           : [lab8-additional-service] observability refresh
window 10s
  calc.additional.maxViewersSummary             n=  177 err=   0 errRate=  0.00% avg=   43.26 min=   30.26 max=  220.61 p50=   34.64 p95=   77.12 p99=  207.74 rps=  17.70
  controller.AnalyticsController.maxViewersSummary n=  177 err=   0 errRate=  0.00% avg=   43.44 min=   30.36 max=  220.85 p50=   34.89 p95=   77.34 p99=  208.20 rps=  17.70
  s2s.crud.fetchAllTickets                      n=  177 err=   0 errRate=  0.00% avg=   19.35 min=   12.61 max=  135.94 p50=   14.43 p95=   31.98 p99=  114.33 rps=  17.70
  s2s.crud.fetchFilms                           n=  177 err=   0 errRate=  0.00% avg=   23.86 min=   17.06 max=  121.62 p50=   19.06 p95=   34.67 p99=  103.13 rps=  17.70
window 30s
  calc.additional.maxViewersSummary             n=  483 err=   0 errRate=  0.00% avg=   58.77 min=   30.25 max=  497.37 p50=   35.19 p95=  216.20 p99=  312.58 rps=  16.10
  controller.AnalyticsController.maxViewersSummary n=  483 err=   0 errRate=  0.00% avg=   59.03 min=   30.36 max=  497.58 p50=   35.42 p95=  216.35 p99=  313.12 rps=  16.10
  s2s.crud.fetchAllTickets                      n=  483 err=   0 errRate=  0.00% avg=   27.22 min=   12.59 max=  374.52 p50=   14.62 p95=  106.88 p99=  189.66 rps=  16.10
  s2s.crud.fetchFilms                           n=  483 err=   0 errRate=  0.00% avg=   31.49 min=   17.06 max=  253.98 p50=   19.77 p95=  114.93 p99=  140.33 rps=  16.10
window 1m
  calc.additional.maxViewersSummary             n= 1480 err=   0 errRate=  0.00% avg=   71.41 min=   30.23 max=  497.37 p50=   45.59 p95=  214.64 p99=  311.60 rps=  24.67
  controller.AnalyticsController.maxViewersSummary n= 1480 err=   0 errRate=  0.00% avg=   71.70 min=   30.36 max=  497.58 p50=   46.05 p95=  215.27 p99=  311.82 rps=  24.67
  s2s.crud.fetchAllTickets                      n= 1480 err=   0 errRate=  0.00% avg=   32.52 min=   12.59 max=  374.52 p50=   18.76 p95=  103.01 p99=  188.36 rps=  24.67
  s2s.crud.fetchFilms                           n= 1477 err=   0 errRate=  0.00% avg=   38.86 min=   17.04 max=  253.98 p50=   24.37 p95=  110.95 p99=  201.05 rps=  24.62

2026-05-05T03:57:20.260Z  INFO 1 --- [lab8-additional-service] [   scheduling-1] r.h.l.a.o.ObservabilityService           : [lab8-additional-service] observability refresh
window 10s
  calc.additional.maxViewersSummary             n=  180 err=   0 errRate=  0.00% avg=   46.60 min=   30.38 max=  220.61 p50=   35.13 p95=  121.69 p99=  214.45 rps=  18.00
  controller.AnalyticsController.maxViewersSummary n=  180 err=   0 errRate=  0.00% avg=   46.79 min=   30.49 max=  220.85 p50=   35.29 p95=  122.11 p99=  215.53 rps=  18.00
  s2s.crud.fetchAllTickets                      n=  180 err=   0 errRate=  0.00% avg=   20.85 min=   12.61 max=  135.94 p50=   14.82 p95=   81.53 p99=  114.24 rps=  18.00
  s2s.crud.fetchFilms                           n=  180 err=   0 errRate=  0.00% avg=   25.70 min=   17.06 max=  121.62 p50=   19.60 p95=   64.28 p99=  109.45 rps=  18.00
window 30s
  calc.additional.maxViewersSummary             n=  490 err=   0 errRate=  0.00% avg=   57.81 min=   30.25 max=  497.37 p50=   35.22 p95=  212.20 p99=  312.30 rps=  16.33
  controller.AnalyticsController.maxViewersSummary n=  490 err=   0 errRate=  0.00% avg=   58.02 min=   30.36 max=  497.58 p50=   35.42 p95=  213.08 p99=  312.88 rps=  16.33
  s2s.crud.fetchAllTickets                      n=  490 err=   0 errRate=  0.00% avg=   26.67 min=   12.59 max=  374.52 p50=   14.74 p95=  106.33 p99=  189.13 rps=  16.33
  s2s.crud.fetchFilms                           n=  490 err=   0 errRate=  0.00% avg=   30.88 min=   17.06 max=  253.98 p50=   19.71 p95=  109.86 p99=  127.10 rps=  16.33
window 1m
  calc.additional.maxViewersSummary             n= 1387 err=   0 errRate=  0.00% avg=   69.54 min=   30.23 max=  497.37 p50=   43.03 p95=  216.39 p99=  311.92 rps=  23.12
  controller.AnalyticsController.maxViewersSummary n= 1387 err=   0 errRate=  0.00% avg=   69.80 min=   30.36 max=  497.58 p50=   43.13 p95=  216.74 p99=  312.45 rps=  23.12
  s2s.crud.fetchAllTickets                      n= 1387 err=   0 errRate=  0.00% avg=   31.90 min=   12.59 max=  374.52 p50=   18.03 p95=  105.45 p99=  188.92 rps=  23.12
  s2s.crud.fetchFilms                           n= 1384 err=   0 errRate=  0.00% avg=   37.59 min=   17.04 max=  253.98 p50=   23.23 p95=  113.13 p99=  201.59 rps=  23.07

2026-05-05T03:57:21.261Z  INFO 1 --- [lab8-additional-service] [   scheduling-1] r.h.l.a.o.ObservabilityService           : [lab8-additional-service] observability refresh
window 10s
  calc.additional.maxViewersSummary             n=  178 err=   0 errRate=  0.00% avg=   46.26 min=   30.27 max=  220.61 p50=   34.73 p95=  122.60 p99=  214.57 rps=  17.80
  controller.AnalyticsController.maxViewersSummary n=  178 err=   0 errRate=  0.00% avg=   46.45 min=   30.39 max=  220.85 p50=   34.91 p95=  123.01 p99=  215.63 rps=  17.80
  s2s.crud.fetchAllTickets                      n=  178 err=   0 errRate=  0.00% avg=   20.73 min=   12.65 max=  135.94 p50=   14.45 p95=   82.22 p99=  114.30 rps=  17.80
  s2s.crud.fetchFilms                           n=  179 err=   0 errRate=  0.00% avg=   25.44 min=   17.06 max=  121.62 p50=   19.31 p95=   66.11 p99=  109.55 rps=  17.90
window 30s
  calc.additional.maxViewersSummary             n=  499 err=   0 errRate=  0.00% avg=   56.47 min=   30.25 max=  497.37 p50=   35.02 p95=  210.48 p99=  311.93 rps=  16.63
  controller.AnalyticsController.maxViewersSummary n=  499 err=   0 errRate=  0.00% avg=   56.68 min=   30.36 max=  497.58 p50=   35.25 p95=  210.68 p99=  312.56 rps=  16.63
  s2s.crud.fetchAllTickets                      n=  499 err=   0 errRate=  0.00% avg=   26.02 min=   12.59 max=  374.52 p50=   14.62 p95=  101.90 p99=  188.45 rps=  16.63
  s2s.crud.fetchFilms                           n=  500 err=   0 errRate=  0.00% avg=   30.36 min=   17.06 max=  253.98 p50=   19.50 p95=  109.42 p99=  126.69 rps=  16.67
window 1m
  calc.additional.maxViewersSummary             n= 1267 err=   0 errRate=  0.00% avg=   69.44 min=   30.23 max=  497.37 p50=   39.70 p95=  217.91 p99=  313.07 rps=  21.12
  controller.AnalyticsController.maxViewersSummary n= 1267 err=   0 errRate=  0.00% avg=   69.68 min=   30.36 max=  497.58 p50=   39.91 p95=  218.08 p99=  313.68 rps=  21.12
  s2s.crud.fetchAllTickets                      n= 1267 err=   0 errRate=  0.00% avg=   31.81 min=   12.59 max=  374.52 p50=   16.61 p95=  107.64 p99=  191.48 rps=  21.12
  s2s.crud.fetchFilms                           n= 1264 err=   0 errRate=  0.00% avg=   37.55 min=   17.04 max=  253.98 p50=   22.02 p95=  114.96 p99=  202.02 rps=  21.07

2026-05-05T03:57:22.266Z  INFO 1 --- [lab8-additional-service] [   scheduling-1] r.h.l.a.o.ObservabilityService           : [lab8-additional-service] observability refresh
window 10s
  calc.additional.maxViewersSummary             n=  186 err=   0 errRate=  0.00% avg=   45.75 min=   30.27 max=  220.61 p50=   34.66 p95=  120.68 p99=  214.09 rps=  18.60
  controller.AnalyticsController.maxViewersSummary n=  186 err=   0 errRate=  0.00% avg=   45.94 min=   30.39 max=  220.85 p50=   34.90 p95=  121.10 p99=  215.23 rps=  18.60
  s2s.crud.fetchAllTickets                      n=  186 err=   0 errRate=  0.00% avg=   20.54 min=   12.65 max=  135.94 p50=   14.42 p95=   72.00 p99=  114.08 rps=  18.60
  s2s.crud.fetchFilms                           n=  186 err=   0 errRate=  0.00% avg=   25.16 min=   17.06 max=  121.62 p50=   19.27 p95=   61.19 p99=  108.85 rps=  18.60
window 30s
  calc.additional.maxViewersSummary             n=  509 err=   0 errRate=  0.00% avg=   56.07 min=   30.25 max=  497.37 p50=   34.97 p95=  209.70 p99=  311.27 rps=  16.97
  controller.AnalyticsController.maxViewersSummary n=  509 err=   0 errRate=  0.00% avg=   56.28 min=   30.36 max=  497.58 p50=   35.21 p95=  209.90 p99=  311.88 rps=  16.97
  s2s.crud.fetchAllTickets                      n=  509 err=   0 errRate=  0.00% avg=   25.84 min=   12.61 max=  374.52 p50=   14.66 p95=  101.46 p99=  187.30 rps=  16.97
  s2s.crud.fetchFilms                           n=  510 err=   0 errRate=  0.00% avg=   30.15 min=   17.06 max=  253.98 p50=   19.43 p95=  109.06 p99=  126.62 rps=  17.00
window 1m
  calc.additional.maxViewersSummary             n= 1171 err=   0 errRate=  0.00% avg=   67.69 min=   30.23 max=  497.37 p50=   37.40 p95=  220.48 p99=  314.95 rps=  19.52
  controller.AnalyticsController.maxViewersSummary n= 1171 err=   0 errRate=  0.00% avg=   67.93 min=   30.36 max=  497.58 p50=   37.61 p95=  220.74 p99=  316.05 rps=  19.52
  s2s.crud.fetchAllTickets                      n= 1171 err=   0 errRate=  0.00% avg=   30.83 min=   12.59 max=  374.52 p50=   15.84 p95=  109.85 p99=  191.43 rps=  19.52
  s2s.crud.fetchFilms                           n= 1164 err=   0 errRate=  0.00% avg=   36.65 min=   17.04 max=  253.98 p50=   21.35 p95=  116.34 p99=  202.50 rps=  19.40

2026-05-05T03:57:23.268Z  INFO 1 --- [lab8-additional-service] [   scheduling-1] r.h.l.a.o.ObservabilityService           : [lab8-additional-service] observability refresh
window 10s
  calc.additional.maxViewersSummary             n=  181 err=   0 errRate=  0.00% avg=   45.82 min=   30.27 max=  220.61 p50=   34.53 p95=  121.23 p99=  214.39 rps=  18.10
  controller.AnalyticsController.maxViewersSummary n=  181 err=   0 errRate=  0.00% avg=   46.01 min=   30.39 max=  220.85 p50=   34.66 p95=  121.66 p99=  215.48 rps=  18.10
  s2s.crud.fetchAllTickets                      n=  181 err=   0 errRate=  0.00% avg=   20.62 min=   12.65 max=  135.94 p50=   14.39 p95=   81.19 p99=  114.21 rps=  18.10
  s2s.crud.fetchFilms                           n=  180 err=   0 errRate=  0.00% avg=   25.18 min=   17.06 max=  121.62 p50=   19.06 p95=   64.28 p99=  109.45 rps=  18.00
window 30s
  calc.additional.maxViewersSummary             n=  508 err=   0 errRate=  0.00% avg=   55.51 min=   30.25 max=  497.37 p50=   34.85 p95=  207.95 p99=  311.35 rps=  16.93
  controller.AnalyticsController.maxViewersSummary n=  508 err=   0 errRate=  0.00% avg=   55.72 min=   30.36 max=  497.58 p50=   35.01 p95=  208.30 p99=  311.95 rps=  16.93
  s2s.crud.fetchAllTickets                      n=  508 err=   0 errRate=  0.00% avg=   25.36 min=   12.61 max=  374.52 p50=   14.56 p95=  101.27 p99=  175.41 rps=  16.93
  s2s.crud.fetchFilms                           n=  508 err=   0 errRate=  0.00% avg=   30.09 min=   17.06 max=  253.98 p50=   19.24 p95=  109.13 p99=  126.63 rps=  16.93
window 1m
  calc.additional.maxViewersSummary             n= 1096 err=   0 errRate=  0.00% avg=   64.30 min=   30.23 max=  497.37 p50=   36.30 p95=  220.59 p99=  315.99 rps=  18.27
  controller.AnalyticsController.maxViewersSummary n= 1096 err=   0 errRate=  0.00% avg=   64.54 min=   30.36 max=  497.58 p50=   36.50 p95=  220.89 p99=  316.30 rps=  18.27
  s2s.crud.fetchAllTickets                      n= 1096 err=   0 errRate=  0.00% avg=   28.85 min=   12.59 max=  374.52 p50=   15.33 p95=  108.46 p99=  191.15 rps=  18.27
  s2s.crud.fetchFilms                           n= 1089 err=   0 errRate=  0.00% avg=   34.93 min=   17.04 max=  253.98 p50=   20.53 p95=  116.31 p99=  202.67 rps=  18.15

2026-05-05T03:57:24.269Z  INFO 1 --- [lab8-additional-service] [   scheduling-1] r.h.l.a.o.ObservabilityService           : [lab8-additional-service] observability refresh
window 10s
  calc.additional.maxViewersSummary             n=  188 err=   0 errRate=  0.00% avg=   44.92 min=   30.27 max=  220.61 p50=   34.57 p95=  117.24 p99=  213.96 rps=  18.80
  controller.AnalyticsController.maxViewersSummary n=  188 err=   0 errRate=  0.00% avg=   45.11 min=   30.39 max=  220.85 p50=   34.72 p95=  117.65 p99=  215.13 rps=  18.80
  s2s.crud.fetchAllTickets                      n=  188 err=   0 errRate=  0.00% avg=   20.49 min=   12.65 max=  135.94 p50=   14.42 p95=   68.33 p99=  114.02 rps=  18.80
  s2s.crud.fetchFilms                           n=  187 err=   0 errRate=  0.00% avg=   24.41 min=   17.18 max=  121.62 p50=   19.03 p95=   50.72 p99=  108.75 rps=  18.70
window 30s
  calc.additional.maxViewersSummary             n=  516 err=   0 errRate=  0.00% avg=   55.24 min=   30.25 max=  497.37 p50=   34.88 p95=  207.22 p99=  310.76 rps=  17.20
  controller.AnalyticsController.maxViewersSummary n=  516 err=   0 errRate=  0.00% avg=   55.44 min=   30.36 max=  497.58 p50=   35.03 p95=  207.73 p99=  311.34 rps=  17.20
  s2s.crud.fetchAllTickets                      n=  516 err=   0 errRate=  0.00% avg=   25.26 min=   12.61 max=  374.52 p50=   14.58 p95=  101.12 p99=  174.92 rps=  17.20
  s2s.crud.fetchFilms                           n=  516 err=   0 errRate=  0.00% avg=   29.92 min=   17.06 max=  253.98 p50=   19.22 p95=  108.83 p99=  126.60 rps=  17.20
window 1m
  calc.additional.maxViewersSummary             n= 1034 err=   0 errRate=  0.00% avg=   54.32 min=   30.23 max=  497.37 p50=   35.44 p95=  199.73 p99=  296.34 rps=  17.23
  controller.AnalyticsController.maxViewersSummary n= 1034 err=   0 errRate=  0.00% avg=   54.56 min=   30.36 max=  497.58 p50=   35.66 p95=  199.93 p99=  298.17 rps=  17.23
  s2s.crud.fetchAllTickets                      n= 1034 err=   0 errRate=  0.00% avg=   24.27 min=   12.59 max=  374.52 p50=   14.79 p95=   95.47 p99=  133.01 rps=  17.23
  s2s.crud.fetchFilms                           n= 1030 err=   0 errRate=  0.00% avg=   30.00 min=   17.04 max=  253.98 p50=   19.87 p95=  107.14 p99=  130.41 rps=  17.17

2026-05-05T03:57:25.271Z  INFO 1 --- [lab8-additional-service] [   scheduling-1] r.h.l.a.o.ObservabilityService           : [lab8-additional-service] observability refresh
window 10s
  calc.additional.maxViewersSummary             n=  182 err=   0 errRate=  0.00% avg=   45.29 min=   30.27 max=  220.61 p50=   34.57 p95=  118.77 p99=  214.33 rps=  18.20
  controller.AnalyticsController.maxViewersSummary n=  182 err=   0 errRate=  0.00% avg=   45.49 min=   30.39 max=  220.85 p50=   34.72 p95=  119.16 p99=  215.43 rps=  18.20
  s2s.crud.fetchAllTickets                      n=  182 err=   0 errRate=  0.00% avg=   20.69 min=   12.65 max=  135.94 p50=   14.45 p95=   79.35 p99=  114.19 rps=  18.20
  s2s.crud.fetchFilms                           n=  182 err=   0 errRate=  0.00% avg=   24.55 min=   17.18 max=  121.62 p50=   19.04 p95=   56.26 p99=  109.25 rps=  18.20
window 30s
  calc.additional.maxViewersSummary             n=  514 err=   0 errRate=  0.00% avg=   55.16 min=   30.25 max=  497.37 p50=   34.57 p95=  207.41 p99=  310.91 rps=  17.13
  controller.AnalyticsController.maxViewersSummary n=  514 err=   0 errRate=  0.00% avg=   55.37 min=   30.36 max=  497.58 p50=   34.79 p95=  207.87 p99=  311.50 rps=  17.13
  s2s.crud.fetchAllTickets                      n=  514 err=   0 errRate=  0.00% avg=   25.23 min=   12.61 max=  374.52 p50=   14.50 p95=  101.16 p99=  175.05 rps=  17.13
  s2s.crud.fetchFilms                           n=  514 err=   0 errRate=  0.00% avg=   29.87 min=   17.06 max=  253.98 p50=   19.13 p95=  108.91 p99=  126.61 rps=  17.13
window 1m
  calc.additional.maxViewersSummary             n= 1004 err=   0 errRate=  0.00% avg=   54.20 min=   30.23 max=  497.37 p50=   35.15 p95=  200.34 p99=  297.83 rps=  16.73
  controller.AnalyticsController.maxViewersSummary n= 1004 err=   0 errRate=  0.00% avg=   54.43 min=   30.36 max=  497.58 p50=   35.36 p95=  200.50 p99=  298.21 rps=  16.73
  s2s.crud.fetchAllTickets                      n= 1004 err=   0 errRate=  0.00% avg=   24.15 min=   12.59 max=  374.52 p50=   14.62 p95=   96.26 p99=  135.68 rps=  16.73
  s2s.crud.fetchFilms                           n= 1004 err=   0 errRate=  0.00% avg=   29.99 min=   17.04 max=  253.98 p50=   19.66 p95=  107.34 p99=  130.75 rps=  16.73

2026-05-05T03:57:26.272Z  INFO 1 --- [lab8-additional-service] [   scheduling-1] r.h.l.a.o.ObservabilityService           : [lab8-additional-service] observability refresh
window 10s
  calc.additional.maxViewersSummary             n=  186 err=   0 errRate=  0.00% avg=   45.26 min=   30.27 max=  220.61 p50=   34.86 p95=  117.75 p99=  214.09 rps=  18.60
  controller.AnalyticsController.maxViewersSummary n=  186 err=   0 errRate=  0.00% avg=   45.46 min=   30.39 max=  220.85 p50=   35.01 p95=  118.15 p99=  215.23 rps=  18.60
  s2s.crud.fetchAllTickets                      n=  186 err=   0 errRate=  0.00% avg=   20.74 min=   12.65 max=  135.94 p50=   14.61 p95=   72.00 p99=  114.08 rps=  18.60
  s2s.crud.fetchFilms                           n=  186 err=   0 errRate=  0.00% avg=   24.47 min=   17.18 max=  121.62 p50=   19.02 p95=   51.83 p99=  108.85 rps=  18.60
window 30s
  calc.additional.maxViewersSummary             n=  515 err=   0 errRate=  0.00% avg=   55.14 min=   30.25 max=  497.37 p50=   34.63 p95=  207.32 p99=  310.84 rps=  17.17
  controller.AnalyticsController.maxViewersSummary n=  515 err=   0 errRate=  0.00% avg=   55.34 min=   30.36 max=  497.58 p50=   34.89 p95=  207.80 p99=  311.42 rps=  17.17
  s2s.crud.fetchAllTickets                      n=  515 err=   0 errRate=  0.00% avg=   25.22 min=   12.61 max=  374.52 p50=   14.54 p95=  101.14 p99=  174.99 rps=  17.17
  s2s.crud.fetchFilms                           n=  512 err=   0 errRate=  0.00% avg=   29.17 min=   17.06 max=  253.98 p50=   19.11 p95=  107.38 p99=  126.36 rps=  17.07
window 1m
  calc.additional.maxViewersSummary             n=  999 err=   0 errRate=  0.00% avg=   53.87 min=   30.23 max=  497.37 p50=   35.05 p95=  200.41 p99=  297.98 rps=  16.65
  controller.AnalyticsController.maxViewersSummary n=  999 err=   0 errRate=  0.00% avg=   54.10 min=   30.36 max=  497.58 p50=   35.31 p95=  200.55 p99=  298.22 rps=  16.65
  s2s.crud.fetchAllTickets                      n=  999 err=   0 errRate=  0.00% avg=   24.01 min=   12.59 max=  374.52 p50=   14.59 p95=   96.30 p99=  136.37 rps=  16.65
  s2s.crud.fetchFilms                           n=  999 err=   0 errRate=  0.00% avg=   29.80 min=   17.04 max=  253.98 p50=   19.56 p95=  107.35 p99=  130.80 rps=  16.65

2026-05-05T03:57:27.273Z  INFO 1 --- [lab8-additional-service] [   scheduling-1] r.h.l.a.o.ObservabilityService           : [lab8-additional-service] observability refresh
window 10s
  calc.additional.maxViewersSummary             n=  180 err=   0 errRate=  0.00% avg=   46.05 min=   30.27 max=  220.61 p50=   34.52 p95=  119.13 p99=  214.45 rps=  18.00
  controller.AnalyticsController.maxViewersSummary n=  180 err=   0 errRate=  0.00% avg=   46.25 min=   30.39 max=  220.85 p50=   34.66 p95=  119.52 p99=  215.53 rps=  18.00
  s2s.crud.fetchAllTickets                      n=  180 err=   0 errRate=  0.00% avg=   20.97 min=   12.65 max=  135.94 p50=   14.52 p95=   81.53 p99=  114.24 rps=  18.00
  s2s.crud.fetchFilms                           n=  178 err=   0 errRate=  0.00% avg=   25.00 min=   17.18 max=  121.62 p50=   18.97 p95=   66.36 p99=  109.65 rps=  17.80
window 30s
  calc.additional.maxViewersSummary             n=  515 err=   0 errRate=  0.00% avg=   49.65 min=   30.25 max=  405.49 p50=   34.53 p95=  179.41 p99=  227.86 rps=  17.17
  controller.AnalyticsController.maxViewersSummary n=  515 err=   0 errRate=  0.00% avg=   49.85 min=   30.36 max=  405.87 p50=   34.73 p95=  179.61 p99=  228.14 rps=  17.17
  s2s.crud.fetchAllTickets                      n=  515 err=   0 errRate=  0.00% avg=   22.02 min=   12.61 max=  300.48 p50=   14.49 p95=   86.49 p99=  118.47 rps=  17.17
  s2s.crud.fetchFilms                           n=  515 err=   0 errRate=  0.00% avg=   27.57 min=   17.06 max=  253.98 p50=   19.07 p95=  104.35 p99=  124.69 rps=  17.17
window 1m
  calc.additional.maxViewersSummary             n=  995 err=   0 errRate=  0.00% avg=   54.04 min=   30.23 max=  497.37 p50=   35.15 p95=  200.47 p99=  297.98 rps=  16.58
  controller.AnalyticsController.maxViewersSummary n=  995 err=   0 errRate=  0.00% avg=   54.28 min=   30.36 max=  497.58 p50=   35.41 p95=  200.61 p99=  298.25 rps=  16.58
  s2s.crud.fetchAllTickets                      n=  995 err=   0 errRate=  0.00% avg=   24.02 min=   12.59 max=  374.52 p50=   14.61 p95=   96.31 p99=  137.23 rps=  16.58
  s2s.crud.fetchFilms                           n=  995 err=   0 errRate=  0.00% avg=   29.96 min=   17.04 max=  253.98 p50=   19.62 p95=  107.37 p99=  130.81 rps=  16.58

2026-05-05T03:57:28.275Z  INFO 1 --- [lab8-additional-service] [   scheduling-1] r.h.l.a.o.ObservabilityService           : [lab8-additional-service] observability refresh
window 10s
  calc.additional.maxViewersSummary             n=  173 err=   0 errRate=  0.00% avg=   45.98 min=   30.27 max=  220.61 p50=   34.46 p95=  119.91 p99=  214.88 rps=  17.30
  controller.AnalyticsController.maxViewersSummary n=  173 err=   0 errRate=  0.00% avg=   46.18 min=   30.39 max=  220.85 p50=   34.63 p95=  120.31 p99=  215.88 rps=  17.30
  s2s.crud.fetchAllTickets                      n=  173 err=   0 errRate=  0.00% avg=   21.00 min=   12.72 max=  135.94 p50=   14.50 p95=   83.93 p99=  114.44 rps=  17.30
  s2s.crud.fetchFilms                           n=  173 err=   0 errRate=  0.00% avg=   24.93 min=   17.18 max=  121.62 p50=   18.97 p95=   66.44 p99=  110.16 rps=  17.30
window 30s
  calc.additional.maxViewersSummary             n=  524 err=   0 errRate=  0.00% avg=   47.06 min=   30.25 max=  405.49 p50=   34.45 p95=  147.74 p99=  221.24 rps=  17.47
  controller.AnalyticsController.maxViewersSummary n=  524 err=   0 errRate=  0.00% avg=   47.27 min=   30.36 max=  405.87 p50=   34.70 p95=  147.99 p99=  221.55 rps=  17.47
  s2s.crud.fetchAllTickets                      n=  524 err=   0 errRate=  0.00% avg=   20.53 min=   12.61 max=  300.48 p50=   14.43 p95=   44.48 p99=  115.11 rps=  17.47
  s2s.crud.fetchFilms                           n=  523 err=   0 errRate=  0.00% avg=   26.31 min=   17.06 max=  253.98 p50=   19.05 p95=   98.90 p99=  121.36 rps=  17.43
window 1m
  calc.additional.maxViewersSummary             n=  994 err=   0 errRate=  0.00% avg=   53.80 min=   30.23 max=  497.37 p50=   35.15 p95=  200.24 p99=  297.98 rps=  16.57
  controller.AnalyticsController.maxViewersSummary n=  994 err=   0 errRate=  0.00% avg=   54.04 min=   30.36 max=  497.58 p50=   35.36 p95=  200.44 p99=  298.25 rps=  16.57
  s2s.crud.fetchAllTickets                      n=  994 err=   0 errRate=  0.00% avg=   23.95 min=   12.59 max=  374.52 p50=   14.59 p95=   96.15 p99=  137.44 rps=  16.57
  s2s.crud.fetchFilms                           n=  993 err=   0 errRate=  0.00% avg=   29.81 min=   17.04 max=  253.98 p50=   19.62 p95=  107.38 p99=  130.81 rps=  16.55

2026-05-05T03:57:29.276Z  INFO 1 --- [lab8-additional-service] [   scheduling-1] r.h.l.a.o.ObservabilityService           : [lab8-additional-service] observability refresh
window 10s
  calc.additional.maxViewersSummary             n=  181 err=   0 errRate=  0.00% avg=   41.00 min=   30.27 max=  219.28 p50=   34.30 p95=   80.50 p99=  171.14 rps=  18.10
  controller.AnalyticsController.maxViewersSummary n=  181 err=   0 errRate=  0.00% avg=   41.20 min=   30.39 max=  219.50 p50=   34.40 p95=   81.37 p99=  171.27 rps=  18.10
  s2s.crud.fetchAllTickets                      n=  181 err=   0 errRate=  0.00% avg=   17.86 min=   12.72 max=  111.85 p50=   14.39 p95=   29.26 p99=   83.98 rps=  18.10
  s2s.crud.fetchFilms                           n=  181 err=   0 errRate=  0.00% avg=   23.09 min=   17.18 max=  117.38 p50=   18.86 p95=   32.50 p99=  107.94 rps=  18.10
window 30s
  calc.additional.maxViewersSummary             n=  537 err=   0 errRate=  0.00% avg=   43.93 min=   30.25 max=  304.58 p50=   34.34 p95=  114.25 p99=  215.98 rps=  17.90
  controller.AnalyticsController.maxViewersSummary n=  537 err=   0 errRate=  0.00% avg=   44.13 min=   30.36 max=  304.84 p50=   34.63 p95=  114.64 p99=  216.53 rps=  17.90
  s2s.crud.fetchAllTickets                      n=  537 err=   0 errRate=  0.00% avg=   19.22 min=   12.61 max=  195.84 p50=   14.39 p95=   38.65 p99=  113.01 rps=  17.90
  s2s.crud.fetchFilms                           n=  536 err=   0 errRate=  0.00% avg=   24.63 min=   17.06 max=  126.23 p50=   19.02 p95=   66.39 p99=  116.98 rps=  17.87
window 1m
  calc.additional.maxViewersSummary             n= 1001 err=   0 errRate=  0.00% avg=   53.62 min=   30.24 max=  497.37 p50=   35.15 p95=  199.49 p99=  292.99 rps=  16.68
  controller.AnalyticsController.maxViewersSummary n= 1001 err=   0 errRate=  0.00% avg=   53.86 min=   30.36 max=  497.58 p50=   35.37 p95=  199.67 p99=  298.09 rps=  16.68
  s2s.crud.fetchAllTickets                      n= 1001 err=   0 errRate=  0.00% avg=   23.92 min=   12.59 max=  374.52 p50=   14.59 p95=   96.07 p99=  135.94 rps=  16.68
  s2s.crud.fetchFilms                           n= 1001 err=   0 errRate=  0.00% avg=   29.64 min=   17.04 max=  253.98 p50=   19.62 p95=  107.35 p99=  129.46 rps=  16.68

2026-05-05T03:57:30.278Z  INFO 1 --- [lab8-additional-service] [   scheduling-1] r.h.l.a.o.ObservabilityService           : [lab8-additional-service] observability refresh
window 10s
  calc.additional.maxViewersSummary             n=  189 err=   0 errRate=  0.00% avg=   37.40 min=   30.27 max=  164.27 p50=   33.91 p95=   45.88 p99=  112.21 rps=  18.90
  controller.AnalyticsController.maxViewersSummary n=  189 err=   0 errRate=  0.00% avg=   37.58 min=   30.39 max=  164.38 p50=   34.08 p95=   46.05 p99=  112.42 rps=  18.90
  s2s.crud.fetchAllTickets                      n=  189 err=   0 errRate=  0.00% avg=   16.21 min=   12.72 max=   61.58 p50=   14.16 p95=   25.74 p99=   53.97 rps=  18.90
  s2s.crud.fetchFilms                           n=  188 err=   0 errRate=  0.00% avg=   21.14 min=   17.18 max=  110.32 p50=   18.74 p95=   27.01 p99=   70.38 rps=  18.80
window 30s
  calc.additional.maxViewersSummary             n=  547 err=   0 errRate=  0.00% avg=   41.38 min=   30.25 max=  220.61 p50=   34.23 p95=   78.83 p99=  193.24 rps=  18.23
  controller.AnalyticsController.maxViewersSummary n=  547 err=   0 errRate=  0.00% avg=   41.58 min=   30.36 max=  220.85 p50=   34.41 p95=   79.54 p99=  193.48 rps=  18.23
  s2s.crud.fetchAllTickets                      n=  547 err=   0 errRate=  0.00% avg=   17.82 min=   12.61 max=  135.94 p50=   14.28 p95=   29.25 p99=  103.11 rps=  18.23
  s2s.crud.fetchFilms                           n=  547 err=   0 errRate=  0.00% avg=   23.50 min=   17.06 max=  121.62 p50=   18.96 p95=   35.14 p99=  113.52 rps=  18.23
window 1m
  calc.additional.maxViewersSummary             n= 1004 err=   0 errRate=  0.00% avg=   53.06 min=   30.24 max=  497.37 p50=   35.05 p95=  198.57 p99=  291.73 rps=  16.73
  controller.AnalyticsController.maxViewersSummary n= 1004 err=   0 errRate=  0.00% avg=   53.29 min=   30.36 max=  497.58 p50=   35.29 p95=  198.76 p99=  296.68 rps=  16.73
  s2s.crud.fetchAllTickets                      n= 1004 err=   0 errRate=  0.00% avg=   23.76 min=   12.59 max=  374.52 p50=   14.56 p95=   94.82 p99=  135.68 rps=  16.73
  s2s.crud.fetchFilms                           n= 1004 err=   0 errRate=  0.00% avg=   29.24 min=   17.04 max=  253.98 p50=   19.50 p95=  107.34 p99=  129.42 rps=  16.73

2026-05-05T03:57:31.279Z  INFO 1 --- [lab8-additional-service] [   scheduling-1] r.h.l.a.o.ObservabilityService           : [lab8-additional-service] observability refresh
window 10s
  calc.additional.maxViewersSummary             n=  180 err=   0 errRate=  0.00% avg=   38.30 min=   30.37 max=  164.27 p50=   33.96 p95=   48.97 p99=  124.90 rps=  18.00
  controller.AnalyticsController.maxViewersSummary n=  180 err=   0 errRate=  0.00% avg=   38.49 min=   30.49 max=  164.38 p50=   34.13 p95=   49.11 p99=  125.02 rps=  18.00
  s2s.crud.fetchAllTickets                      n=  180 err=   0 errRate=  0.00% avg=   16.65 min=   12.72 max=   61.58 p50=   14.20 p95=   27.30 p99=   54.02 rps=  18.00
  s2s.crud.fetchFilms                           n=  180 err=   0 errRate=  0.00% avg=   21.60 min=   17.18 max=  110.32 p50=   18.81 p95=   27.10 p99=   88.07 rps=  18.00
window 30s
  calc.additional.maxViewersSummary             n=  538 err=   0 errRate=  0.00% avg=   40.14 min=   30.25 max=  220.61 p50=   34.12 p95=   57.59 p99=  190.33 rps=  17.93
  controller.AnalyticsController.maxViewersSummary n=  538 err=   0 errRate=  0.00% avg=   40.34 min=   30.36 max=  220.85 p50=   34.29 p95=   57.90 p99=  190.50 rps=  17.93
  s2s.crud.fetchAllTickets                      n=  538 err=   0 errRate=  0.00% avg=   17.53 min=   12.61 max=  135.94 p50=   14.23 p95=   27.07 p99=   97.25 rps=  17.93
  s2s.crud.fetchFilms                           n=  538 err=   0 errRate=  0.00% avg=   22.56 min=   17.06 max=  121.62 p50=   18.95 p95=   31.63 p99=  103.62 rps=  17.93
window 1m
  calc.additional.maxViewersSummary             n=  997 err=   0 errRate=  0.00% avg=   53.02 min=   30.24 max=  497.37 p50=   35.03 p95=  198.80 p99=  293.19 rps=  16.62
  controller.AnalyticsController.maxViewersSummary n=  997 err=   0 errRate=  0.00% avg=   53.26 min=   30.36 max=  497.58 p50=   35.25 p95=  198.98 p99=  298.10 rps=  16.62
  s2s.crud.fetchAllTickets                      n=  997 err=   0 errRate=  0.00% avg=   23.77 min=   12.59 max=  374.52 p50=   14.54 p95=   95.33 p99=  136.80 rps=  16.62
  s2s.crud.fetchFilms                           n=  997 err=   0 errRate=  0.00% avg=   29.19 min=   17.04 max=  253.98 p50=   19.52 p95=  107.36 p99=  129.51 rps=  16.62

2026-05-05T03:57:32.281Z  INFO 1 --- [lab8-additional-service] [   scheduling-1] r.h.l.a.o.ObservabilityService           : [lab8-additional-service] observability refresh
window 10s
  calc.additional.maxViewersSummary             n=  172 err=   0 errRate=  0.00% avg=   38.59 min=   29.98 max=  164.27 p50=   34.06 p95=   50.41 p99=  125.99 rps=  17.20
  controller.AnalyticsController.maxViewersSummary n=  172 err=   0 errRate=  0.00% avg=   38.79 min=   30.12 max=  164.38 p50=   34.26 p95=   50.57 p99=  126.13 rps=  17.20
  s2s.crud.fetchAllTickets                      n=  172 err=   0 errRate=  0.00% avg=   16.84 min=   12.69 max=   61.58 p50=   14.17 p95=   28.40 p99=   54.06 rps=  17.20
  s2s.crud.fetchFilms                           n=  174 err=   0 errRate=  0.00% avg=   21.68 min=   17.18 max=  110.32 p50=   18.92 p95=   26.98 p99=   88.63 rps=  17.40
window 30s
  calc.additional.maxViewersSummary             n=  533 err=   0 errRate=  0.00% avg=   40.12 min=   29.98 max=  220.61 p50=   34.04 p95=   59.00 p99=  191.45 rps=  17.77
  controller.AnalyticsController.maxViewersSummary n=  533 err=   0 errRate=  0.00% avg=   40.31 min=   30.12 max=  220.85 p50=   34.27 p95=   59.40 p99=  191.63 rps=  17.77
  s2s.crud.fetchAllTickets                      n=  533 err=   0 errRate=  0.00% avg=   17.56 min=   12.61 max=  135.94 p50=   14.16 p95=   27.30 p99=   97.42 rps=  17.77
  s2s.crud.fetchFilms                           n=  535 err=   0 errRate=  0.00% avg=   22.49 min=   17.06 max=  121.62 p50=   18.91 p95=   31.17 p99=  103.66 rps=  17.83
window 1m
  calc.additional.maxViewersSummary             n= 1000 err=   0 errRate=  0.00% avg=   52.98 min=   29.98 max=  497.37 p50=   35.03 p95=  198.67 p99=  293.04 rps=  16.67
  controller.AnalyticsController.maxViewersSummary n= 1000 err=   0 errRate=  0.00% avg=   53.22 min=   30.12 max=  497.58 p50=   35.26 p95=  198.85 p99=  298.09 rps=  16.67
  s2s.crud.fetchAllTickets                      n= 1000 err=   0 errRate=  0.00% avg=   23.77 min=   12.59 max=  374.52 p50=   14.57 p95=   95.19 p99=  136.16 rps=  16.67
  s2s.crud.fetchFilms                           n= 1001 err=   0 errRate=  0.00% avg=   29.14 min=   17.04 max=  253.98 p50=   19.52 p95=  107.35 p99=  129.46 rps=  16.68

2026-05-05T03:57:33.282Z  INFO 1 --- [lab8-additional-service] [   scheduling-1] r.h.l.a.o.ObservabilityService           : [lab8-additional-service] observability refresh
window 10s
  calc.additional.maxViewersSummary             n=  174 err=   0 errRate=  0.00% avg=   38.92 min=   29.98 max=  164.27 p50=   34.86 p95=   50.35 p99=  125.72 rps=  17.40
  controller.AnalyticsController.maxViewersSummary n=  174 err=   0 errRate=  0.00% avg=   39.12 min=   30.12 max=  164.38 p50=   35.09 p95=   50.50 p99=  125.85 rps=  17.40
  s2s.crud.fetchAllTickets                      n=  174 err=   0 errRate=  0.00% avg=   16.98 min=   12.69 max=   61.58 p50=   14.24 p95=   28.25 p99=   54.05 rps=  17.40
  s2s.crud.fetchFilms                           n=  173 err=   0 errRate=  0.00% avg=   21.89 min=   17.24 max=  110.32 p50=   19.19 p95=   27.09 p99=   88.72 rps=  17.30
window 30s
  calc.additional.maxViewersSummary             n=  537 err=   0 errRate=  0.00% avg=   40.12 min=   29.98 max=  220.61 p50=   34.14 p95=   57.87 p99=  190.55 rps=  17.90
  controller.AnalyticsController.maxViewersSummary n=  537 err=   0 errRate=  0.00% avg=   40.32 min=   30.12 max=  220.85 p50=   34.34 p95=   58.20 p99=  190.73 rps=  17.90
  s2s.crud.fetchAllTickets                      n=  537 err=   0 errRate=  0.00% avg=   17.58 min=   12.61 max=  135.94 p50=   14.21 p95=   27.29 p99=   97.29 rps=  17.90
  s2s.crud.fetchFilms                           n=  537 err=   0 errRate=  0.00% avg=   22.48 min=   17.06 max=  121.62 p50=   18.95 p95=   30.54 p99=  103.63 rps=  17.90
window 1m
  calc.additional.maxViewersSummary             n= 1007 err=   0 errRate=  0.00% avg=   51.91 min=   29.98 max=  497.37 p50=   35.04 p95=  197.37 p99=  290.47 rps=  16.78
  controller.AnalyticsController.maxViewersSummary n= 1007 err=   0 errRate=  0.00% avg=   52.14 min=   30.12 max=  497.58 p50=   35.27 p95=  197.65 p99=  295.27 rps=  16.78
  s2s.crud.fetchAllTickets                      n= 1007 err=   0 errRate=  0.00% avg=   23.37 min=   12.59 max=  374.52 p50=   14.54 p95=   92.20 p99=  135.41 rps=  16.78
  s2s.crud.fetchFilms                           n= 1006 err=   0 errRate=  0.00% avg=   28.47 min=   17.04 max=  253.98 p50=   19.49 p95=  106.76 p99=  128.18 rps=  16.77

2026-05-05T03:57:34.284Z  INFO 1 --- [lab8-additional-service] [   scheduling-1] r.h.l.a.o.ObservabilityService           : [lab8-additional-service] observability refresh
window 10s
  calc.additional.maxViewersSummary             n=  165 err=   0 errRate=  0.00% avg=   39.04 min=   29.98 max=  164.27 p50=   34.54 p95=   50.61 p99=  126.95 rps=  16.50
  controller.AnalyticsController.maxViewersSummary n=  165 err=   0 errRate=  0.00% avg=   39.24 min=   30.12 max=  164.38 p50=   34.74 p95=   50.80 p99=  127.09 rps=  16.50
  s2s.crud.fetchAllTickets                      n=  165 err=   0 errRate=  0.00% avg=   17.07 min=   12.69 max=   61.58 p50=   14.23 p95=   27.57 p99=   54.09 rps=  16.50
  s2s.crud.fetchFilms                           n=  165 err=   0 errRate=  0.00% avg=   21.92 min=   17.24 max=  110.32 p50=   18.97 p95=   26.80 p99=   89.47 rps=  16.50
window 30s
  calc.additional.maxViewersSummary             n=  537 err=   0 errRate=  0.00% avg=   39.89 min=   29.98 max=  220.61 p50=   34.20 p95=   52.23 p99=  190.55 rps=  17.90
  controller.AnalyticsController.maxViewersSummary n=  537 err=   0 errRate=  0.00% avg=   40.08 min=   30.12 max=  220.85 p50=   34.38 p95=   52.46 p99=  190.73 rps=  17.90
  s2s.crud.fetchAllTickets                      n=  537 err=   0 errRate=  0.00% avg=   17.56 min=   12.61 max=  135.94 p50=   14.23 p95=   27.08 p99=   97.29 rps=  17.90
  s2s.crud.fetchFilms                           n=  536 err=   0 errRate=  0.00% avg=   22.28 min=   17.06 max=  121.62 p50=   18.92 p95=   29.31 p99=  102.78 rps=  17.87
window 1m
  calc.additional.maxViewersSummary             n= 1002 err=   0 errRate=  0.00% avg=   51.76 min=   29.98 max=  497.37 p50=   35.02 p95=  197.66 p99=  292.57 rps=  16.70
  controller.AnalyticsController.maxViewersSummary n= 1002 err=   0 errRate=  0.00% avg=   52.00 min=   30.12 max=  497.58 p50=   35.24 p95=  197.87 p99=  297.62 rps=  16.70
  s2s.crud.fetchAllTickets                      n= 1002 err=   0 errRate=  0.00% avg=   23.38 min=   12.59 max=  374.52 p50=   14.57 p95=   92.46 p99=  135.86 rps=  16.70
  s2s.crud.fetchFilms                           n= 1002 err=   0 errRate=  0.00% avg=   28.32 min=   17.04 max=  253.98 p50=   19.43 p95=  106.68 p99=  128.24 rps=  16.70

2026-05-05T03:57:35.286Z  INFO 1 --- [lab8-additional-service] [   scheduling-1] r.h.l.a.o.ObservabilityService           : [lab8-additional-service] observability refresh
window 10s
  calc.additional.maxViewersSummary             n=  167 err=   0 errRate=  0.00% avg=   39.31 min=   29.98 max=  164.27 p50=   35.15 p95=   50.55 p99=  126.68 rps=  16.70
  controller.AnalyticsController.maxViewersSummary n=  167 err=   0 errRate=  0.00% avg=   39.53 min=   30.12 max=  164.38 p50=   35.39 p95=   50.74 p99=  126.81 rps=  16.70
  s2s.crud.fetchAllTickets                      n=  167 err=   0 errRate=  0.00% avg=   17.18 min=   12.69 max=   61.58 p50=   14.25 p95=   27.50 p99=   54.08 rps=  16.70
  s2s.crud.fetchFilms                           n=  167 err=   0 errRate=  0.00% avg=   22.07 min=   17.24 max=  110.32 p50=   19.19 p95=   27.13 p99=   89.29 rps=  16.70
window 30s
  calc.additional.maxViewersSummary             n=  527 err=   0 errRate=  0.00% avg=   40.09 min=   29.98 max=  220.61 p50=   34.30 p95=   52.24 p99=  192.79 rps=  17.57
  controller.AnalyticsController.maxViewersSummary n=  527 err=   0 errRate=  0.00% avg=   40.29 min=   30.12 max=  220.85 p50=   34.48 p95=   52.55 p99=  192.97 rps=  17.57
  s2s.crud.fetchAllTickets                      n=  527 err=   0 errRate=  0.00% avg=   17.65 min=   12.61 max=  135.94 p50=   14.24 p95=   27.20 p99=   97.62 rps=  17.57
  s2s.crud.fetchFilms                           n=  526 err=   0 errRate=  0.00% avg=   22.38 min=   17.06 max=  121.62 p50=   18.96 p95=   30.62 p99=  102.79 rps=  17.53
window 1m
  calc.additional.maxViewersSummary             n= 1002 err=   0 errRate=  0.00% avg=   51.81 min=   29.98 max=  497.37 p50=   35.06 p95=  197.66 p99=  292.57 rps=  16.70
  controller.AnalyticsController.maxViewersSummary n= 1002 err=   0 errRate=  0.00% avg=   52.05 min=   30.12 max=  497.58 p50=   35.31 p95=  197.87 p99=  297.62 rps=  16.70
  s2s.crud.fetchAllTickets                      n= 1002 err=   0 errRate=  0.00% avg=   23.41 min=   12.59 max=  374.52 p50=   14.59 p95=   92.46 p99=  135.86 rps=  16.70
  s2s.crud.fetchFilms                           n= 1002 err=   0 errRate=  0.00% avg=   28.34 min=   17.04 max=  253.98 p50=   19.45 p95=  106.68 p99=  128.24 rps=  16.70

2026-05-05T03:57:36.289Z  INFO 1 --- [lab8-additional-service] [   scheduling-1] r.h.l.a.o.ObservabilityService           : [lab8-additional-service] observability refresh
window 10s
  calc.additional.maxViewersSummary             n=  167 err=   0 errRate=  0.00% avg=   39.30 min=   29.98 max=  164.27 p50=   34.95 p95=   54.18 p99=  126.68 rps=  16.70
  controller.AnalyticsController.maxViewersSummary n=  167 err=   0 errRate=  0.00% avg=   39.51 min=   30.12 max=  164.38 p50=   35.10 p95=   54.35 p99=  126.81 rps=  16.70
  s2s.crud.fetchAllTickets                      n=  167 err=   0 errRate=  0.00% avg=   17.10 min=   12.69 max=   61.58 p50=   14.22 p95=   27.47 p99=   54.08 rps=  16.70
  s2s.crud.fetchFilms                           n=  169 err=   0 errRate=  0.00% avg=   22.11 min=   17.24 max=  110.32 p50=   19.23 p95=   27.65 p99=   89.10 rps=  16.90
window 30s
  calc.additional.maxViewersSummary             n=  529 err=   0 errRate=  0.00% avg=   40.10 min=   29.98 max=  220.61 p50=   34.34 p95=   54.30 p99=  192.35 rps=  17.63
  controller.AnalyticsController.maxViewersSummary n=  529 err=   0 errRate=  0.00% avg=   40.30 min=   30.12 max=  220.85 p50=   34.63 p95=   54.46 p99=  192.53 rps=  17.63
  s2s.crud.fetchAllTickets                      n=  529 err=   0 errRate=  0.00% avg=   17.63 min=   12.61 max=  135.94 p50=   14.24 p95=   27.18 p99=   97.55 rps=  17.63
  s2s.crud.fetchFilms                           n=  530 err=   0 errRate=  0.00% avg=   22.41 min=   17.06 max=  121.62 p50=   18.98 p95=   30.57 p99=  102.79 rps=  17.67
window 1m
  calc.additional.maxViewersSummary             n=  997 err=   0 errRate=  0.00% avg=   51.61 min=   29.98 max=  497.37 p50=   34.97 p95=  197.72 p99=  293.19 rps=  16.62
  controller.AnalyticsController.maxViewersSummary n=  997 err=   0 errRate=  0.00% avg=   51.85 min=   30.12 max=  497.58 p50=   35.21 p95=  197.94 p99=  298.10 rps=  16.62
  s2s.crud.fetchAllTickets                      n=  997 err=   0 errRate=  0.00% avg=   23.34 min=   12.59 max=  374.52 p50=   14.54 p95=   92.61 p99=  136.80 rps=  16.62
  s2s.crud.fetchFilms                           n=  999 err=   0 errRate=  0.00% avg=   28.19 min=   17.04 max=  253.98 p50=   19.42 p95=  106.70 p99=  128.28 rps=  16.65

2026-05-05T03:57:37.290Z  INFO 1 --- [lab8-additional-service] [   scheduling-1] r.h.l.a.o.ObservabilityService           : [lab8-additional-service] observability refresh
window 10s
  calc.additional.maxViewersSummary             n=  173 err=   0 errRate=  0.00% avg=   38.24 min=   29.98 max=  164.27 p50=   34.78 p95=   50.05 p99=  125.86 rps=  17.30
  controller.AnalyticsController.maxViewersSummary n=  173 err=   0 errRate=  0.00% avg=   38.45 min=   30.12 max=  164.38 p50=   34.97 p95=   50.20 p99=  125.99 rps=  17.30
  s2s.crud.fetchAllTickets                      n=  173 err=   0 errRate=  0.00% avg=   16.72 min=   12.41 max=   61.58 p50=   14.21 p95=   26.29 p99=   54.05 rps=  17.30
  s2s.crud.fetchFilms                           n=  173 err=   0 errRate=  0.00% avg=   21.47 min=   17.24 max=  110.32 p50=   19.19 p95=   26.40 p99=   88.72 rps=  17.30
window 30s
  calc.additional.maxViewersSummary             n=  525 err=   0 errRate=  0.00% avg=   40.19 min=   29.98 max=  220.61 p50=   34.46 p95=   54.98 p99=  193.24 rps=  17.50
  controller.AnalyticsController.maxViewersSummary n=  525 err=   0 errRate=  0.00% avg=   40.39 min=   30.12 max=  220.85 p50=   34.70 p95=   55.14 p99=  193.42 rps=  17.50
  s2s.crud.fetchAllTickets                      n=  525 err=   0 errRate=  0.00% avg=   17.68 min=   12.41 max=  135.94 p50=   14.28 p95=   27.23 p99=   97.69 rps=  17.50
  s2s.crud.fetchFilms                           n=  525 err=   0 errRate=  0.00% avg=   22.45 min=   17.06 max=  121.62 p50=   19.01 p95=   30.63 p99=  102.79 rps=  17.50
window 1m
  calc.additional.maxViewersSummary             n= 1003 err=   0 errRate=  0.00% avg=   50.93 min=   29.98 max=  497.37 p50=   34.97 p95=  195.60 p99=  292.15 rps=  16.72
  controller.AnalyticsController.maxViewersSummary n= 1003 err=   0 errRate=  0.00% avg=   51.17 min=   30.12 max=  497.58 p50=   35.20 p95=  196.04 p99=  297.15 rps=  16.72
  s2s.crud.fetchAllTickets                      n= 1003 err=   0 errRate=  0.00% avg=   22.98 min=   12.41 max=  374.52 p50=   14.54 p95=   89.30 p99=  135.77 rps=  16.72
  s2s.crud.fetchFilms                           n= 1003 err=   0 errRate=  0.00% avg=   27.88 min=   17.04 max=  253.98 p50=   19.42 p95=  105.64 p99=  128.22 rps=  16.72

2026-05-05T03:57:38.292Z  INFO 1 --- [lab8-additional-service] [   scheduling-1] r.h.l.a.o.ObservabilityService           : [lab8-additional-service] observability refresh
window 10s
  calc.additional.maxViewersSummary             n=  169 err=   0 errRate=  0.00% avg=   38.27 min=   29.98 max=  164.27 p50=   34.74 p95=   50.08 p99=  126.40 rps=  16.90
  controller.AnalyticsController.maxViewersSummary n=  169 err=   0 errRate=  0.00% avg=   38.48 min=   30.12 max=  164.38 p50=   34.89 p95=   50.22 p99=  126.54 rps=  16.90
  s2s.crud.fetchAllTickets                      n=  169 err=   0 errRate=  0.00% avg=   16.72 min=   12.41 max=   61.58 p50=   14.21 p95=   26.36 p99=   54.07 rps=  16.90
  s2s.crud.fetchFilms                           n=  169 err=   0 errRate=  0.00% avg=   21.49 min=   17.24 max=  110.32 p50=   18.98 p95=   26.58 p99=   89.10 rps=  16.90
window 30s
  calc.additional.maxViewersSummary             n=  522 err=   0 errRate=  0.00% avg=   40.21 min=   29.98 max=  220.61 p50=   34.43 p95=   55.50 p99=  193.92 rps=  17.40
  controller.AnalyticsController.maxViewersSummary n=  522 err=   0 errRate=  0.00% avg=   40.41 min=   30.12 max=  220.85 p50=   34.65 p95=   55.65 p99=  194.10 rps=  17.40
  s2s.crud.fetchAllTickets                      n=  522 err=   0 errRate=  0.00% avg=   17.70 min=   12.41 max=  135.94 p50=   14.30 p95=   27.26 p99=   97.79 rps=  17.40
  s2s.crud.fetchFilms                           n=  522 err=   0 errRate=  0.00% avg=   22.45 min=   17.06 max=  121.62 p50=   18.97 p95=   30.67 p99=  102.80 rps=  17.40
window 1m
  calc.additional.maxViewersSummary             n=  999 err=   0 errRate=  0.00% avg=   50.71 min=   29.98 max=  497.37 p50=   34.96 p95=  187.88 p99=  293.09 rps=  16.65
  controller.AnalyticsController.maxViewersSummary n=  999 err=   0 errRate=  0.00% avg=   50.95 min=   30.12 max=  497.58 p50=   35.18 p95=  188.19 p99=  298.09 rps=  16.65
  s2s.crud.fetchAllTickets                      n=  999 err=   0 errRate=  0.00% avg=   22.99 min=   12.41 max=  374.52 p50=   14.50 p95=   89.61 p99=  136.37 rps=  16.65
  s2s.crud.fetchFilms                           n=  999 err=   0 errRate=  0.00% avg=   27.66 min=   17.04 max=  253.98 p50=   19.37 p95=  105.02 p99=  126.68 rps=  16.65

2026-05-05T03:57:39.293Z  INFO 1 --- [lab8-additional-service] [   scheduling-1] r.h.l.a.o.ObservabilityService           : [lab8-additional-service] observability refresh
window 10s
  calc.additional.maxViewersSummary             n=  164 err=   0 errRate=  0.00% avg=   36.27 min=   29.98 max=  135.72 p50=   34.43 p95=   47.06 p99=   52.55 rps=  16.40
  controller.AnalyticsController.maxViewersSummary n=  164 err=   0 errRate=  0.00% avg=   36.48 min=   30.12 max=  135.91 p50=   34.65 p95=   47.42 p99=   52.74 rps=  16.40
  s2s.crud.fetchAllTickets                      n=  164 err=   0 errRate=  0.00% avg=   15.81 min=   12.41 max=   49.54 p50=   14.04 p95=   23.29 p99=   29.77 rps=  16.40
  s2s.crud.fetchFilms                           n=  164 err=   0 errRate=  0.00% avg=   20.40 min=   17.24 max=   86.10 p50=   18.98 p95=   24.95 p99=   32.05 rps=  16.40
window 30s
  calc.additional.maxViewersSummary             n=  522 err=   0 errRate=  0.00% avg=   40.28 min=   29.98 max=  220.61 p50=   34.49 p95=   55.50 p99=  193.92 rps=  17.40
  controller.AnalyticsController.maxViewersSummary n=  522 err=   0 errRate=  0.00% avg=   40.48 min=   30.12 max=  220.85 p50=   34.70 p95=   55.65 p99=  194.10 rps=  17.40
  s2s.crud.fetchAllTickets                      n=  522 err=   0 errRate=  0.00% avg=   17.72 min=   12.41 max=  135.94 p50=   14.27 p95=   27.26 p99=   97.79 rps=  17.40
  s2s.crud.fetchFilms                           n=  522 err=   0 errRate=  0.00% avg=   22.50 min=   17.06 max=  121.62 p50=   19.00 p95=   30.67 p99=  102.80 rps=  17.40
window 1m
  calc.additional.maxViewersSummary             n=  991 err=   0 errRate=  0.00% avg=   50.71 min=   29.98 max=  497.37 p50=   34.93 p95=  191.74 p99=  293.49 rps=  16.52
  controller.AnalyticsController.maxViewersSummary n=  991 err=   0 errRate=  0.00% avg=   50.95 min=   30.12 max=  497.58 p50=   35.14 p95=  192.12 p99=  298.10 rps=  16.52
  s2s.crud.fetchAllTickets                      n=  991 err=   0 errRate=  0.00% avg=   23.00 min=   12.41 max=  374.52 p50=   14.50 p95=   90.44 p99=  138.09 rps=  16.52
  s2s.crud.fetchFilms                           n=  991 err=   0 errRate=  0.00% avg=   27.64 min=   17.04 max=  253.98 p50=   19.31 p95=  105.33 p99=  126.81 rps=  16.52

2026-05-05T03:57:40.295Z  INFO 1 --- [lab8-additional-service] [   scheduling-1] r.h.l.a.o.ObservabilityService           : [lab8-additional-service] observability refresh
window 10s
  calc.additional.maxViewersSummary             n=  160 err=   0 errRate=  0.00% avg=   36.43 min=   29.98 max=  135.72 p50=   34.58 p95=   47.61 p99=   54.82 rps=  16.00
  controller.AnalyticsController.maxViewersSummary n=  160 err=   0 errRate=  0.00% avg=   36.64 min=   30.12 max=  135.91 p50=   34.75 p95=   47.77 p99=   54.97 rps=  16.00
  s2s.crud.fetchAllTickets                      n=  160 err=   0 errRate=  0.00% avg=   15.95 min=   12.41 max=   49.54 p50=   14.16 p95=   24.58 p99=   34.71 rps=  16.00
  s2s.crud.fetchFilms                           n=  160 err=   0 errRate=  0.00% avg=   20.42 min=   17.16 max=   86.10 p50=   18.98 p95=   25.15 p99=   32.20 rps=  16.00
window 30s
  calc.additional.maxViewersSummary             n=  529 err=   0 errRate=  0.00% avg=   40.24 min=   29.98 max=  220.61 p50=   34.53 p95=   55.09 p99=  192.35 rps=  17.63
  controller.AnalyticsController.maxViewersSummary n=  529 err=   0 errRate=  0.00% avg=   40.44 min=   30.12 max=  220.85 p50=   34.73 p95=   55.24 p99=  192.53 rps=  17.63
  s2s.crud.fetchAllTickets                      n=  529 err=   0 errRate=  0.00% avg=   17.71 min=   12.41 max=  135.94 p50=   14.28 p95=   27.31 p99=   97.55 rps=  17.63
  s2s.crud.fetchFilms                           n=  528 err=   0 errRate=  0.00% avg=   22.48 min=   17.06 max=  121.62 p50=   19.04 p95=   30.59 p99=  102.79 rps=  17.60
window 1m
  calc.additional.maxViewersSummary             n= 1002 err=   0 errRate=  0.00% avg=   50.43 min=   29.98 max=  497.37 p50=   34.92 p95=  186.53 p99=  292.48 rps=  16.70
  controller.AnalyticsController.maxViewersSummary n= 1002 err=   0 errRate=  0.00% avg=   50.66 min=   30.12 max=  497.58 p50=   35.10 p95=  186.82 p99=  297.53 rps=  16.70
  s2s.crud.fetchAllTickets                      n= 1002 err=   0 errRate=  0.00% avg=   22.86 min=   12.41 max=  374.52 p50=   14.50 p95=   89.35 p99=  135.86 rps=  16.70
  s2s.crud.fetchFilms                           n= 1000 err=   0 errRate=  0.00% avg=   27.42 min=   17.04 max=  253.98 p50=   19.27 p95=  104.99 p99=  126.66 rps=  16.67

2026-05-05T03:57:41.296Z  INFO 1 --- [lab8-additional-service] [   scheduling-1] r.h.l.a.o.ObservabilityService           : [lab8-additional-service] observability refresh
window 10s
  calc.additional.maxViewersSummary             n=  166 err=   0 errRate=  0.00% avg=   35.86 min=   29.98 max=   55.67 p50=   34.58 p95=   45.88 p99=   51.95 rps=  16.60
  controller.AnalyticsController.maxViewersSummary n=  166 err=   0 errRate=  0.00% avg=   36.07 min=   30.12 max=   55.82 p50=   34.75 p95=   47.04 p99=   52.15 rps=  16.60
  s2s.crud.fetchAllTickets                      n=  166 err=   0 errRate=  0.00% avg=   15.71 min=   12.41 max=   36.63 p50=   14.41 p95=   22.82 p99=   29.65 rps=  16.60
  s2s.crud.fetchFilms                           n=  166 err=   0 errRate=  0.00% avg=   20.09 min=   17.16 max=   34.40 p50=   18.97 p95=   26.88 p99=   29.70 rps=  16.60
window 30s
  calc.additional.maxViewersSummary             n=  525 err=   0 errRate=  0.00% avg=   40.22 min=   29.98 max=  220.61 p50=   34.44 p95=   55.38 p99=  193.24 rps=  17.50
  controller.AnalyticsController.maxViewersSummary n=  525 err=   0 errRate=  0.00% avg=   40.41 min=   30.12 max=  220.85 p50=   34.65 p95=   55.53 p99=  193.42 rps=  17.50
  s2s.crud.fetchAllTickets                      n=  525 err=   0 errRate=  0.00% avg=   17.73 min=   12.41 max=  135.94 p50=   14.27 p95=   27.32 p99=   97.69 rps=  17.50
  s2s.crud.fetchFilms                           n=  525 err=   0 errRate=  0.00% avg=   22.43 min=   17.06 max=  121.62 p50=   18.98 p95=   29.49 p99=  102.79 rps=  17.50
window 1m
  calc.additional.maxViewersSummary             n= 1010 err=   0 errRate=  0.00% avg=   49.69 min=   29.98 max=  497.37 p50=   34.92 p95=  173.09 p99=  288.38 rps=  16.83
  controller.AnalyticsController.maxViewersSummary n= 1010 err=   0 errRate=  0.00% avg=   49.92 min=   30.12 max=  497.58 p50=   35.10 p95=  173.32 p99=  293.04 rps=  16.83
  s2s.crud.fetchAllTickets                      n= 1010 err=   0 errRate=  0.00% avg=   22.54 min=   12.41 max=  374.52 p50=   14.51 p95=   86.08 p99=  135.14 rps=  16.83
  s2s.crud.fetchFilms                           n= 1010 err=   0 errRate=  0.00% avg=   27.09 min=   17.04 max=  253.98 p50=   19.27 p95=  104.09 p99=  126.36 rps=  16.83

2026-05-05T03:57:42.298Z  INFO 1 --- [lab8-additional-service] [   scheduling-1] r.h.l.a.o.ObservabilityService           : [lab8-additional-service] observability refresh
window 10s
  calc.additional.maxViewersSummary             n=  173 err=   0 errRate=  0.00% avg=   35.91 min=   30.45 max=   55.67 p50=   34.68 p95=   44.90 p99=   51.17 rps=  17.30
  controller.AnalyticsController.maxViewersSummary n=  173 err=   0 errRate=  0.00% avg=   36.11 min=   30.62 max=   55.82 p50=   34.84 p95=   45.49 p99=   51.35 rps=  17.30
  s2s.crud.fetchAllTickets                      n=  173 err=   0 errRate=  0.00% avg=   15.62 min=   12.41 max=   36.63 p50=   14.36 p95=   22.15 p99=   25.95 rps=  17.30
  s2s.crud.fetchFilms                           n=  172 err=   0 errRate=  0.00% avg=   20.21 min=   17.16 max=   34.40 p50=   19.04 p95=   26.84 p99=   29.61 rps=  17.20
window 30s
  calc.additional.maxViewersSummary             n=  532 err=   0 errRate=  0.00% avg=   40.23 min=   29.98 max=  220.61 p50=   34.58 p95=   54.88 p99=  191.67 rps=  17.73
  controller.AnalyticsController.maxViewersSummary n=  532 err=   0 errRate=  0.00% avg=   40.42 min=   30.12 max=  220.85 p50=   34.74 p95=   55.03 p99=  191.85 rps=  17.73
  s2s.crud.fetchAllTickets                      n=  532 err=   0 errRate=  0.00% avg=   17.75 min=   12.41 max=  135.94 p50=   14.27 p95=   27.30 p99=   97.45 rps=  17.73
  s2s.crud.fetchFilms                           n=  532 err=   0 errRate=  0.00% avg=   22.43 min=   17.06 max=  121.62 p50=   19.06 p95=   29.35 p99=  102.78 rps=  17.73
window 1m
  calc.additional.maxViewersSummary             n= 1013 err=   0 errRate=  0.00% avg=   49.56 min=   29.98 max=  497.37 p50=   34.93 p95=  172.05 p99=  286.84 rps=  16.88
  controller.AnalyticsController.maxViewersSummary n= 1013 err=   0 errRate=  0.00% avg=   49.80 min=   30.12 max=  497.58 p50=   35.14 p95=  172.31 p99=  291.36 rps=  16.88
  s2s.crud.fetchAllTickets                      n= 1013 err=   0 errRate=  0.00% avg=   22.47 min=   12.41 max=  374.52 p50=   14.49 p95=   86.02 p99=  134.88 rps=  16.88
  s2s.crud.fetchFilms                           n= 1012 err=   0 errRate=  0.00% avg=   27.04 min=   17.04 max=  253.98 p50=   19.37 p95=  104.09 p99=  126.36 rps=  16.87

2026-05-05T03:57:43.299Z  INFO 1 --- [lab8-additional-service] [   scheduling-1] r.h.l.a.o.ObservabilityService           : [lab8-additional-service] observability refresh
window 10s
  calc.additional.maxViewersSummary             n=  173 err=   0 errRate=  0.00% avg=   35.81 min=   30.45 max=   55.67 p50=   34.58 p95=   44.90 p99=   51.17 rps=  17.30
  controller.AnalyticsController.maxViewersSummary n=  173 err=   0 errRate=  0.00% avg=   36.01 min=   30.62 max=   55.82 p50=   34.75 p95=   45.49 p99=   51.35 rps=  17.30
  s2s.crud.fetchAllTickets                      n=  173 err=   0 errRate=  0.00% avg=   15.53 min=   12.41 max=   36.63 p50=   14.28 p95=   22.15 p99=   25.95 rps=  17.30
  s2s.crud.fetchFilms                           n=  173 err=   0 errRate=  0.00% avg=   20.23 min=   17.16 max=   34.40 p50=   19.09 p95=   26.25 p99=   29.60 rps=  17.30
window 30s
  calc.additional.maxViewersSummary             n=  527 err=   0 errRate=  0.00% avg=   40.28 min=   29.98 max=  220.61 p50=   34.59 p95=   55.24 p99=  192.79 rps=  17.57
  controller.AnalyticsController.maxViewersSummary n=  527 err=   0 errRate=  0.00% avg=   40.48 min=   30.12 max=  220.85 p50=   34.75 p95=   55.39 p99=  192.97 rps=  17.57
  s2s.crud.fetchAllTickets                      n=  527 err=   0 errRate=  0.00% avg=   17.76 min=   12.41 max=  135.94 p50=   14.33 p95=   27.32 p99=   97.62 rps=  17.57
  s2s.crud.fetchFilms                           n=  527 err=   0 errRate=  0.00% avg=   22.47 min=   17.06 max=  121.62 p50=   19.10 p95=   29.45 p99=  102.79 rps=  17.57
window 1m
  calc.additional.maxViewersSummary             n= 1015 err=   0 errRate=  0.00% avg=   49.55 min=   29.98 max=  497.37 p50=   34.94 p95=  171.36 p99=  285.82 rps=  16.92
  controller.AnalyticsController.maxViewersSummary n= 1015 err=   0 errRate=  0.00% avg=   49.78 min=   30.12 max=  497.58 p50=   35.16 p95=  171.64 p99=  290.24 rps=  16.92
  s2s.crud.fetchAllTickets                      n= 1015 err=   0 errRate=  0.00% avg=   22.45 min=   12.41 max=  374.52 p50=   14.50 p95=   85.97 p99=  134.70 rps=  16.92
  s2s.crud.fetchFilms                           n= 1015 err=   0 errRate=  0.00% avg=   27.04 min=   17.06 max=  253.98 p50=   19.39 p95=  104.09 p99=  126.35 rps=  16.92

2026-05-05T03:57:44.301Z  INFO 1 --- [lab8-additional-service] [   scheduling-1] r.h.l.a.o.ObservabilityService           : [lab8-additional-service] observability refresh
window 10s
  calc.additional.maxViewersSummary             n=  173 err=   0 errRate=  0.00% avg=   36.74 min=   30.45 max=  174.66 p50=   34.77 p95=   44.90 p99=   56.64 rps=  17.30
  controller.AnalyticsController.maxViewersSummary n=  173 err=   0 errRate=  0.00% avg=   36.95 min=   30.62 max=  175.20 p50=   34.92 p95=   45.49 p99=   56.78 rps=  17.30
  s2s.crud.fetchAllTickets                      n=  173 err=   0 errRate=  0.00% avg=   16.06 min=   12.41 max=  102.44 p50=   14.36 p95=   22.15 p99=   37.18 rps=  17.30
  s2s.crud.fetchFilms                           n=  173 err=   0 errRate=  0.00% avg=   20.63 min=   17.16 max=   72.15 p50=   19.35 p95=   27.40 p99=   31.72 rps=  17.30
window 30s
  calc.additional.maxViewersSummary             n=  524 err=   0 errRate=  0.00% avg=   40.42 min=   29.98 max=  220.61 p50=   34.63 p95=   55.45 p99=  193.47 rps=  17.47
  controller.AnalyticsController.maxViewersSummary n=  524 err=   0 errRate=  0.00% avg=   40.62 min=   30.12 max=  220.85 p50=   34.79 p95=   55.60 p99=  193.65 rps=  17.47
  s2s.crud.fetchAllTickets                      n=  524 err=   0 errRate=  0.00% avg=   17.98 min=   12.41 max=  135.94 p50=   14.38 p95=   27.61 p99=  101.53 rps=  17.47
  s2s.crud.fetchFilms                           n=  524 err=   0 errRate=  0.00% avg=   22.39 min=   17.16 max=  121.62 p50=   19.12 p95=   29.10 p99=  102.79 rps=  17.47
window 1m
  calc.additional.maxViewersSummary             n= 1008 err=   0 errRate=  0.00% avg=   49.38 min=   29.98 max=  497.37 p50=   34.93 p95=  175.66 p99=  289.41 rps=  16.80
  controller.AnalyticsController.maxViewersSummary n= 1008 err=   0 errRate=  0.00% avg=   49.62 min=   30.12 max=  497.58 p50=   35.12 p95=  175.95 p99=  294.16 rps=  16.80
  s2s.crud.fetchAllTickets                      n= 1008 err=   0 errRate=  0.00% avg=   22.40 min=   12.41 max=  374.52 p50=   14.47 p95=   86.13 p99=  135.32 rps=  16.80
  s2s.crud.fetchFilms                           n= 1008 err=   0 errRate=  0.00% avg=   26.92 min=   17.06 max=  253.98 p50=   19.39 p95=  103.21 p99=  125.05 rps=  16.80

2026-05-05T03:57:45.302Z  INFO 1 --- [lab8-additional-service] [   scheduling-1] r.h.l.a.o.ObservabilityService           : [lab8-additional-service] observability refresh
window 10s
  calc.additional.maxViewersSummary             n=  180 err=   0 errRate=  0.00% avg=   36.75 min=   30.45 max=  174.66 p50=   34.77 p95=   45.15 p99=   56.40 rps=  18.00
  controller.AnalyticsController.maxViewersSummary n=  180 err=   0 errRate=  0.00% avg=   36.93 min=   30.62 max=  175.20 p50=   34.95 p95=   45.40 p99=   56.54 rps=  18.00
  s2s.crud.fetchAllTickets                      n=  180 err=   0 errRate=  0.00% avg=   16.02 min=   12.41 max=  102.44 p50=   14.35 p95=   22.12 p99=   37.05 rps=  18.00
  s2s.crud.fetchFilms                           n=  181 err=   0 errRate=  0.00% avg=   20.67 min=   17.16 max=   72.15 p50=   19.44 p95=   26.89 p99=   28.56 rps=  18.10
window 30s
  calc.additional.maxViewersSummary             n=  529 err=   0 errRate=  0.00% avg=   40.50 min=   29.98 max=  220.61 p50=   34.77 p95=   55.09 p99=  192.35 rps=  17.63
  controller.AnalyticsController.maxViewersSummary n=  529 err=   0 errRate=  0.00% avg=   40.69 min=   30.12 max=  220.85 p50=   34.92 p95=   55.24 p99=  192.53 rps=  17.63
  s2s.crud.fetchAllTickets                      n=  529 err=   0 errRate=  0.00% avg=   17.99 min=   12.41 max=  135.94 p50=   14.38 p95=   27.53 p99=  101.33 rps=  17.63
  s2s.crud.fetchFilms                           n=  530 err=   0 errRate=  0.00% avg=   22.44 min=   17.16 max=  121.62 p50=   19.19 p95=   28.94 p99=  102.79 rps=  17.67
window 1m
  calc.additional.maxViewersSummary             n= 1013 err=   0 errRate=  0.00% avg=   49.30 min=   29.98 max=  497.37 p50=   34.94 p95=  175.27 p99=  286.84 rps=  16.88
  controller.AnalyticsController.maxViewersSummary n= 1013 err=   0 errRate=  0.00% avg=   49.53 min=   30.12 max=  497.58 p50=   35.11 p95=  175.66 p99=  291.36 rps=  16.88
  s2s.crud.fetchAllTickets                      n= 1013 err=   0 errRate=  0.00% avg=   22.35 min=   12.41 max=  374.52 p50=   14.47 p95=   86.02 p99=  134.88 rps=  16.88
  s2s.crud.fetchFilms                           n= 1014 err=   0 errRate=  0.00% avg=   26.89 min=   17.06 max=  253.98 p50=   19.39 p95=  103.03 p99=  124.99 rps=  16.90

2026-05-05T03:57:46.303Z  INFO 1 --- [lab8-additional-service] [   scheduling-1] r.h.l.a.o.ObservabilityService           : [lab8-additional-service] observability refresh
window 10s
  calc.additional.maxViewersSummary             n=  175 err=   0 errRate=  0.00% avg=   36.98 min=   30.45 max=  174.66 p50=   34.91 p95=   45.25 p99=   55.51 rps=  17.50
  controller.AnalyticsController.maxViewersSummary n=  175 err=   0 errRate=  0.00% avg=   37.16 min=   30.62 max=  175.20 p50=   35.03 p95=   45.46 p99=   55.66 rps=  17.50
  s2s.crud.fetchAllTickets                      n=  175 err=   0 errRate=  0.00% avg=   16.07 min=   12.41 max=  102.44 p50=   14.37 p95=   21.99 p99=   37.14 rps=  17.50
  s2s.crud.fetchFilms                           n=  175 err=   0 errRate=  0.00% avg=   20.85 min=   17.16 max=   72.15 p50=   19.68 p95=   26.96 p99=   30.03 rps=  17.50
window 30s
  calc.additional.maxViewersSummary             n=  529 err=   0 errRate=  0.00% avg=   40.62 min=   29.98 max=  220.61 p50=   34.91 p95=   55.09 p99=  192.35 rps=  17.63
  controller.AnalyticsController.maxViewersSummary n=  529 err=   0 errRate=  0.00% avg=   40.82 min=   30.12 max=  220.85 p50=   35.07 p95=   55.24 p99=  192.53 rps=  17.63
  s2s.crud.fetchAllTickets                      n=  529 err=   0 errRate=  0.00% avg=   18.04 min=   12.41 max=  135.94 p50=   14.46 p95=   27.53 p99=  101.33 rps=  17.63
  s2s.crud.fetchFilms                           n=  528 err=   0 errRate=  0.00% avg=   22.53 min=   17.16 max=  121.62 p50=   19.23 p95=   29.43 p99=  102.79 rps=  17.60
window 1m
  calc.additional.maxViewersSummary             n= 1009 err=   0 errRate=  0.00% avg=   49.38 min=   29.98 max=  497.37 p50=   34.97 p95=  175.58 p99=  288.89 rps=  16.82
  controller.AnalyticsController.maxViewersSummary n= 1009 err=   0 errRate=  0.00% avg=   49.61 min=   30.12 max=  497.58 p50=   35.17 p95=  175.90 p99=  293.60 rps=  16.82
  s2s.crud.fetchAllTickets                      n= 1009 err=   0 errRate=  0.00% avg=   22.40 min=   12.41 max=  374.52 p50=   14.48 p95=   86.10 p99=  135.23 rps=  16.82
  s2s.crud.fetchFilms                           n= 1009 err=   0 errRate=  0.00% avg=   26.92 min=   17.06 max=  253.98 p50=   19.42 p95=  103.18 p99=  125.04 rps=  16.82

2026-05-05T03:57:47.305Z  INFO 1 --- [lab8-additional-service] [   scheduling-1] r.h.l.a.o.ObservabilityService           : [lab8-additional-service] observability refresh
window 10s
  calc.additional.maxViewersSummary             n=  179 err=   0 errRate=  0.00% avg=   36.88 min=   30.45 max=  174.66 p50=   34.77 p95=   45.17 p99=   55.31 rps=  17.90
  controller.AnalyticsController.maxViewersSummary n=  179 err=   0 errRate=  0.00% avg=   37.07 min=   30.62 max=  175.20 p50=   34.92 p95=   45.41 p99=   55.46 rps=  17.90
  s2s.crud.fetchAllTickets                      n=  179 err=   0 errRate=  0.00% avg=   16.00 min=   12.55 max=  102.44 p50=   14.36 p95=   21.95 p99=   37.06 rps=  17.90
  s2s.crud.fetchFilms                           n=  179 err=   0 errRate=  0.00% avg=   20.83 min=   17.16 max=   72.15 p50=   19.80 p95=   26.91 p99=   29.90 rps=  17.90
window 30s
  calc.additional.maxViewersSummary             n=  530 err=   0 errRate=  0.00% avg=   40.40 min=   29.98 max=  220.61 p50=   34.68 p95=   55.02 p99=  192.12 rps=  17.67
  controller.AnalyticsController.maxViewersSummary n=  530 err=   0 errRate=  0.00% avg=   40.60 min=   30.12 max=  220.85 p50=   34.84 p95=   55.17 p99=  192.30 rps=  17.67
  s2s.crud.fetchAllTickets                      n=  530 err=   0 errRate=  0.00% avg=   17.91 min=   12.41 max=  135.94 p50=   14.37 p95=   27.51 p99=  101.29 rps=  17.67
  s2s.crud.fetchFilms                           n=  530 err=   0 errRate=  0.00% avg=   22.44 min=   17.16 max=  121.62 p50=   19.19 p95=   29.39 p99=  102.79 rps=  17.67
window 1m
  calc.additional.maxViewersSummary             n= 1016 err=   0 errRate=  0.00% avg=   49.17 min=   29.98 max=  497.37 p50=   34.91 p95=  175.04 p99=  285.30 rps=  16.93
  controller.AnalyticsController.maxViewersSummary n= 1016 err=   0 errRate=  0.00% avg=   49.39 min=   30.12 max=  497.58 p50=   35.08 p95=  175.49 p99=  289.67 rps=  16.93
  s2s.crud.fetchAllTickets                      n= 1016 err=   0 errRate=  0.00% avg=   22.26 min=   12.41 max=  374.52 p50=   14.49 p95=   85.95 p99=  134.61 rps=  16.93
  s2s.crud.fetchFilms                           n= 1013 err=   0 errRate=  0.00% avg=   26.61 min=   17.06 max=  253.98 p50=   19.39 p95=  101.00 p99=  125.00 rps=  16.88

2026-05-05T03:57:48.307Z  INFO 1 --- [lab8-additional-service] [   scheduling-1] r.h.l.a.o.ObservabilityService           : [lab8-additional-service] observability refresh
window 10s
  calc.additional.maxViewersSummary             n=  181 err=   0 errRate=  0.00% avg=   36.86 min=   30.45 max=  174.66 p50=   34.81 p95=   45.14 p99=   55.22 rps=  18.10
  controller.AnalyticsController.maxViewersSummary n=  181 err=   0 errRate=  0.00% avg=   37.05 min=   30.62 max=  175.20 p50=   34.98 p95=   45.39 p99=   55.36 rps=  18.10
  s2s.crud.fetchAllTickets                      n=  181 err=   0 errRate=  0.00% avg=   15.93 min=   12.55 max=  102.44 p50=   14.28 p95=   21.89 p99=   37.03 rps=  18.10
  s2s.crud.fetchFilms                           n=  181 err=   0 errRate=  0.00% avg=   20.88 min=   17.16 max=   72.15 p50=   20.03 p95=   26.89 p99=   29.84 rps=  18.10
window 30s
  calc.additional.maxViewersSummary             n=  522 err=   0 errRate=  0.00% avg=   40.35 min=   29.98 max=  220.61 p50=   34.68 p95=   52.17 p99=  193.92 rps=  17.40
  controller.AnalyticsController.maxViewersSummary n=  522 err=   0 errRate=  0.00% avg=   40.55 min=   30.12 max=  220.85 p50=   34.84 p95=   52.35 p99=  194.10 rps=  17.40
  s2s.crud.fetchAllTickets                      n=  522 err=   0 errRate=  0.00% avg=   17.87 min=   12.41 max=  135.94 p50=   14.37 p95=   27.26 p99=  101.61 rps=  17.40
  s2s.crud.fetchFilms                           n=  522 err=   0 errRate=  0.00% avg=   22.42 min=   17.16 max=  121.62 p50=   19.21 p95=   28.39 p99=  102.80 rps=  17.40
window 1m
  calc.additional.maxViewersSummary             n= 1008 err=   0 errRate=  0.00% avg=   48.01 min=   29.98 max=  497.37 p50=   34.89 p95=  151.25 p99=  241.29 rps=  16.80
  controller.AnalyticsController.maxViewersSummary n= 1008 err=   0 errRate=  0.00% avg=   48.24 min=   30.12 max=  497.58 p50=   35.05 p95=  151.90 p99=  241.58 rps=  16.80
  s2s.crud.fetchAllTickets                      n= 1008 err=   0 errRate=  0.00% avg=   21.67 min=   12.41 max=  374.52 p50=   14.47 p95=   79.68 p99=  126.97 rps=  16.80
  s2s.crud.fetchFilms                           n= 1007 err=   0 errRate=  0.00% avg=   26.29 min=   17.06 max=  253.98 p50=   19.39 p95=   97.77 p99=  125.06 rps=  16.78

2026-05-05T03:57:49.308Z  INFO 1 --- [lab8-additional-service] [   scheduling-1] r.h.l.a.o.ObservabilityService           : [lab8-additional-service] observability refresh
window 10s
  calc.additional.maxViewersSummary             n=  180 err=   0 errRate=  0.00% avg=   36.77 min=   30.53 max=  174.66 p50=   34.85 p95=   44.68 p99=   55.26 rps=  18.00
  controller.AnalyticsController.maxViewersSummary n=  180 err=   0 errRate=  0.00% avg=   36.96 min=   30.68 max=  175.20 p50=   34.99 p95=   44.82 p99=   55.41 rps=  18.00
  s2s.crud.fetchAllTickets                      n=  180 err=   0 errRate=  0.00% avg=   15.88 min=   12.55 max=  102.44 p50=   14.30 p95=   21.44 p99=   37.05 rps=  18.00
  s2s.crud.fetchFilms                           n=  179 err=   0 errRate=  0.00% avg=   20.86 min=   17.16 max=   72.15 p50=   20.03 p95=   26.60 p99=   29.90 rps=  17.90
window 30s
  calc.additional.maxViewersSummary             n=  525 err=   0 errRate=  0.00% avg=   38.07 min=   29.98 max=  219.28 p50=   34.58 p95=   48.41 p99=  121.30 rps=  17.50
  controller.AnalyticsController.maxViewersSummary n=  525 err=   0 errRate=  0.00% avg=   38.27 min=   30.12 max=  219.50 p50=   34.73 p95=   48.61 p99=  121.47 rps=  17.50
  s2s.crud.fetchAllTickets                      n=  525 err=   0 errRate=  0.00% avg=   16.54 min=   12.41 max=  111.85 p50=   14.25 p95=   24.55 p99=   54.30 rps=  17.50
  s2s.crud.fetchFilms                           n=  524 err=   0 errRate=  0.00% avg=   21.32 min=   17.16 max=  117.38 p50=   19.13 p95=   27.16 p99=   70.88 rps=  17.47
window 1m
  calc.additional.maxViewersSummary             n= 1008 err=   0 errRate=  0.00% avg=   47.99 min=   29.98 max=  497.37 p50=   34.88 p95=  151.25 p99=  241.29 rps=  16.80
  controller.AnalyticsController.maxViewersSummary n= 1008 err=   0 errRate=  0.00% avg=   48.22 min=   30.12 max=  497.58 p50=   35.03 p95=  151.90 p99=  241.58 rps=  16.80
  s2s.crud.fetchAllTickets                      n= 1008 err=   0 errRate=  0.00% avg=   21.66 min=   12.41 max=  374.52 p50=   14.45 p95=   79.68 p99=  126.97 rps=  16.80
  s2s.crud.fetchFilms                           n= 1008 err=   0 errRate=  0.00% avg=   26.27 min=   17.06 max=  253.98 p50=   19.38 p95=   97.60 p99=  125.05 rps=  16.80

2026-05-05T03:57:50.310Z  INFO 1 --- [lab8-additional-service] [   scheduling-1] r.h.l.a.o.ObservabilityService           : [lab8-additional-service] observability refresh
window 10s
  calc.additional.maxViewersSummary             n=  173 err=   0 errRate=  0.00% avg=   37.12 min=   30.54 max=  174.66 p50=   35.18 p95=   44.85 p99=   51.81 rps=  17.30
  controller.AnalyticsController.maxViewersSummary n=  173 err=   0 errRate=  0.00% avg=   37.31 min=   30.70 max=  175.20 p50=   35.31 p95=   45.03 p99=   51.92 rps=  17.30
  s2s.crud.fetchAllTickets                      n=  173 err=   0 errRate=  0.00% avg=   16.10 min=   12.55 max=  102.44 p50=   14.58 p95=   22.02 p99=   29.02 rps=  17.30
  s2s.crud.fetchFilms                           n=  173 err=   0 errRate=  0.00% avg=   20.97 min=   17.25 max=   72.15 p50=   20.36 p95=   26.70 p99=   30.10 rps=  17.30
window 30s
  calc.additional.maxViewersSummary             n=  520 err=   0 errRate=  0.00% avg=   37.02 min=   29.98 max=  174.66 p50=   34.56 p95=   45.81 p99=   98.80 rps=  17.33
  controller.AnalyticsController.maxViewersSummary n=  520 err=   0 errRate=  0.00% avg=   37.22 min=   30.12 max=  175.20 p50=   34.73 p95=   46.24 p99=   98.96 rps=  17.33
  s2s.crud.fetchAllTickets                      n=  520 err=   0 errRate=  0.00% avg=   16.10 min=   12.41 max=  102.44 p50=   14.25 p95=   23.38 p99=   47.19 rps=  17.33
  s2s.crud.fetchFilms                           n=  519 err=   0 errRate=  0.00% avg=   20.87 min=   17.16 max=  110.32 p50=   19.12 p95=   26.89 p99=   60.56 rps=  17.30
window 1m
  calc.additional.maxViewersSummary             n= 1013 err=   0 errRate=  0.00% avg=   47.07 min=   29.98 max=  497.37 p50=   34.87 p95=  135.48 p99=  235.39 rps=  16.88
  controller.AnalyticsController.maxViewersSummary n= 1013 err=   0 errRate=  0.00% avg=   47.27 min=   30.12 max=  497.58 p50=   35.02 p95=  135.65 p99=  235.83 rps=  16.88
  s2s.crud.fetchAllTickets                      n= 1013 err=   0 errRate=  0.00% avg=   21.21 min=   12.41 max=  374.52 p50=   14.47 p95=   57.28 p99=  126.90 rps=  16.88
  s2s.crud.fetchFilms                           n= 1012 err=   0 errRate=  0.00% avg=   25.71 min=   17.06 max=  253.98 p50=   19.33 p95=   73.12 p99=  123.40 rps=  16.87

2026-05-05T03:57:51.312Z  INFO 1 --- [lab8-additional-service] [   scheduling-1] r.h.l.a.o.ObservabilityService           : [lab8-additional-service] observability refresh
window 10s
  calc.additional.maxViewersSummary             n=  175 err=   0 errRate=  0.00% avg=   37.15 min=   30.20 max=  174.66 p50=   35.19 p95=   45.52 p99=   54.93 rps=  17.50
  controller.AnalyticsController.maxViewersSummary n=  175 err=   0 errRate=  0.00% avg=   37.34 min=   30.37 max=  175.20 p50=   35.33 p95=   45.65 p99=   55.05 rps=  17.50
  s2s.crud.fetchAllTickets                      n=  175 err=   0 errRate=  0.00% avg=   16.14 min=   12.55 max=  102.44 p50=   14.47 p95=   21.98 p99=   34.97 rps=  17.50
  s2s.crud.fetchFilms                           n=  178 err=   0 errRate=  0.00% avg=   21.01 min=   17.19 max=   72.15 p50=   20.40 p95=   26.56 p99=   32.24 rps=  17.80
window 30s
  calc.additional.maxViewersSummary             n=  521 err=   0 errRate=  0.00% avg=   37.14 min=   29.98 max=  174.66 p50=   34.66 p95=   46.44 p99=   98.74 rps=  17.37
  controller.AnalyticsController.maxViewersSummary n=  521 err=   0 errRate=  0.00% avg=   37.33 min=   30.12 max=  175.20 p50=   34.84 p95=   46.72 p99=   98.90 rps=  17.37
  s2s.crud.fetchAllTickets                      n=  521 err=   0 errRate=  0.00% avg=   16.18 min=   12.41 max=  102.44 p50=   14.33 p95=   23.41 p99=   47.16 rps=  17.37
  s2s.crud.fetchFilms                           n=  523 err=   0 errRate=  0.00% avg=   20.93 min=   17.16 max=  110.32 p50=   19.13 p95=   26.94 p99=   59.29 rps=  17.43
window 1m
  calc.additional.maxViewersSummary             n= 1021 err=   0 errRate=  0.00% avg=   46.58 min=   29.98 max=  497.37 p50=   34.85 p95=  127.40 p99=  233.42 rps=  17.02
  controller.AnalyticsController.maxViewersSummary n= 1021 err=   0 errRate=  0.00% avg=   46.78 min=   30.12 max=  497.58 p50=   35.00 p95=  127.51 p99=  233.56 rps=  17.02
  s2s.crud.fetchAllTickets                      n= 1021 err=   0 errRate=  0.00% avg=   20.98 min=   12.41 max=  374.52 p50=   14.47 p95=   50.31 p99=  125.41 rps=  17.02
  s2s.crud.fetchFilms                           n= 1023 err=   0 errRate=  0.00% avg=   25.54 min=   17.06 max=  253.98 p50=   19.29 p95=   71.28 p99=  123.32 rps=  17.05

2026-05-05T03:57:52.313Z  INFO 1 --- [lab8-additional-service] [   scheduling-1] r.h.l.a.o.ObservabilityService           : [lab8-additional-service] observability refresh
window 10s
  calc.additional.maxViewersSummary             n=  173 err=   0 errRate=  0.00% avg=   37.15 min=   30.20 max=  174.66 p50=   35.02 p95=   46.09 p99=   55.04 rps=  17.30
  controller.AnalyticsController.maxViewersSummary n=  173 err=   0 errRate=  0.00% avg=   37.34 min=   30.37 max=  175.20 p50=   35.17 p95=   46.19 p99=   55.16 rps=  17.30
  s2s.crud.fetchAllTickets                      n=  173 err=   0 errRate=  0.00% avg=   16.04 min=   12.55 max=  102.44 p50=   14.38 p95=   21.36 p99=   35.07 rps=  17.30
  s2s.crud.fetchFilms                           n=  173 err=   0 errRate=  0.00% avg=   21.06 min=   17.19 max=   72.15 p50=   20.15 p95=   26.99 p99=   33.06 rps=  17.30
window 30s
  calc.additional.maxViewersSummary             n=  520 err=   0 errRate=  0.00% avg=   37.22 min=   29.98 max=  174.66 p50=   34.75 p95=   46.68 p99=   98.80 rps=  17.33
  controller.AnalyticsController.maxViewersSummary n=  520 err=   0 errRate=  0.00% avg=   37.42 min=   30.12 max=  175.20 p50=   34.87 p95=   46.81 p99=   98.96 rps=  17.33
  s2s.crud.fetchAllTickets                      n=  520 err=   0 errRate=  0.00% avg=   16.18 min=   12.41 max=  102.44 p50=   14.25 p95=   23.38 p99=   47.19 rps=  17.33
  s2s.crud.fetchFilms                           n=  520 err=   0 errRate=  0.00% avg=   20.99 min=   17.16 max=  110.32 p50=   19.18 p95=   27.05 p99=   60.28 rps=  17.33
window 1m
  calc.additional.maxViewersSummary             n= 1029 err=   0 errRate=  0.00% avg=   46.55 min=   29.98 max=  497.37 p50=   34.87 p95=  126.87 p99=  233.27 rps=  17.15
  controller.AnalyticsController.maxViewersSummary n= 1029 err=   0 errRate=  0.00% avg=   46.75 min=   30.12 max=  497.58 p50=   35.03 p95=  127.10 p99=  233.41 rps=  17.15
  s2s.crud.fetchAllTickets                      n= 1029 err=   0 errRate=  0.00% avg=   20.96 min=   12.41 max=  374.52 p50=   14.47 p95=   50.00 p99=  124.75 rps=  17.15
  s2s.crud.fetchFilms                           n= 1029 err=   0 errRate=  0.00% avg=   25.53 min=   17.06 max=  253.98 p50=   19.30 p95=   70.86 p99=  123.28 rps=  17.15

2026-05-05T03:57:53.315Z  INFO 1 --- [lab8-additional-service] [   scheduling-1] r.h.l.a.o.ObservabilityService           : [lab8-additional-service] observability refresh
window 10s
  calc.additional.maxViewersSummary             n=  174 err=   0 errRate=  0.00% avg=   37.08 min=   30.20 max=  174.66 p50=   34.91 p95=   46.58 p99=   54.98 rps=  17.40
  controller.AnalyticsController.maxViewersSummary n=  174 err=   0 errRate=  0.00% avg=   37.26 min=   30.37 max=  175.20 p50=   35.10 p95=   46.68 p99=   55.10 rps=  17.40
  s2s.crud.fetchAllTickets                      n=  174 err=   0 errRate=  0.00% avg=   16.02 min=   12.55 max=  102.44 p50=   14.22 p95=   21.35 p99=   35.02 rps=  17.40
  s2s.crud.fetchFilms                           n=  174 err=   0 errRate=  0.00% avg=   21.01 min=   17.19 max=   72.15 p50=   19.71 p95=   27.39 p99=   34.81 rps=  17.40
window 30s
  calc.additional.maxViewersSummary             n=  519 err=   0 errRate=  0.00% avg=   37.29 min=   29.98 max=  174.66 p50=   34.78 p95=   46.70 p99=   98.86 rps=  17.30
  controller.AnalyticsController.maxViewersSummary n=  519 err=   0 errRate=  0.00% avg=   37.48 min=   30.12 max=  175.20 p50=   34.97 p95=   46.88 p99=   99.02 rps=  17.30
  s2s.crud.fetchAllTickets                      n=  519 err=   0 errRate=  0.00% avg=   16.18 min=   12.41 max=  102.44 p50=   14.24 p95=   23.38 p99=   47.22 rps=  17.30
  s2s.crud.fetchFilms                           n=  519 err=   0 errRate=  0.00% avg=   21.05 min=   17.16 max=  110.32 p50=   19.23 p95=   27.18 p99=   60.75 rps=  17.30
window 1m
  calc.additional.maxViewersSummary             n= 1028 err=   0 errRate=  0.00% avg=   46.29 min=   29.98 max=  497.37 p50=   34.80 p95=  125.86 p99=  231.04 rps=  17.13
  controller.AnalyticsController.maxViewersSummary n= 1028 err=   0 errRate=  0.00% avg=   46.49 min=   30.12 max=  497.58 p50=   34.98 p95=  126.18 p99=  231.20 rps=  17.13
  s2s.crud.fetchAllTickets                      n= 1028 err=   0 errRate=  0.00% avg=   20.72 min=   12.41 max=  374.52 p50=   14.44 p95=   48.94 p99=  118.17 rps=  17.13
  s2s.crud.fetchFilms                           n= 1028 err=   0 errRate=  0.00% avg=   25.51 min=   17.06 max=  253.98 p50=   19.23 p95=   70.93 p99=  123.28 rps=  17.13

2026-05-05T03:57:54.316Z  INFO 1 --- [lab8-additional-service] [   scheduling-1] r.h.l.a.o.ObservabilityService           : [lab8-additional-service] observability refresh
window 10s
  calc.additional.maxViewersSummary             n=  173 err=   0 errRate=  0.00% avg=   36.16 min=   30.20 max=   53.44 p50=   34.81 p95=   46.03 p99=   49.81 rps=  17.30
  controller.AnalyticsController.maxViewersSummary n=  173 err=   0 errRate=  0.00% avg=   36.34 min=   30.37 max=   53.56 p50=   34.98 p95=   46.14 p99=   49.91 rps=  17.30
  s2s.crud.fetchAllTickets                      n=  173 err=   0 errRate=  0.00% avg=   15.41 min=   12.55 max=   33.70 p50=   14.11 p95=   21.36 p99=   23.47 rps=  17.30
  s2s.crud.fetchFilms                           n=  173 err=   0 errRate=  0.00% avg=   20.70 min=   17.19 max=   35.45 p50=   19.43 p95=   27.25 p99=   33.06 rps=  17.30
window 30s
  calc.additional.maxViewersSummary             n=  510 err=   0 errRate=  0.00% avg=   37.30 min=   29.98 max=  174.66 p50=   34.76 p95=   46.61 p99=   99.38 rps=  17.00
  controller.AnalyticsController.maxViewersSummary n=  510 err=   0 errRate=  0.00% avg=   37.50 min=   30.12 max=  175.20 p50=   34.91 p95=   46.80 p99=   99.53 rps=  17.00
  s2s.crud.fetchAllTickets                      n=  510 err=   0 errRate=  0.00% avg=   16.17 min=   12.41 max=  102.44 p50=   14.25 p95=   23.37 p99=   47.52 rps=  17.00
  s2s.crud.fetchFilms                           n=  510 err=   0 errRate=  0.00% avg=   21.07 min=   17.16 max=  110.32 p50=   19.23 p95=   27.15 p99=   63.53 rps=  17.00
window 1m
  calc.additional.maxViewersSummary             n= 1027 err=   0 errRate=  0.00% avg=   46.31 min=   29.98 max=  497.37 p50=   34.78 p95=  125.89 p99=  231.07 rps=  17.12
  controller.AnalyticsController.maxViewersSummary n= 1027 err=   0 errRate=  0.00% avg=   46.51 min=   30.12 max=  497.58 p50=   34.97 p95=  126.22 p99=  231.23 rps=  17.12
  s2s.crud.fetchAllTickets                      n= 1027 err=   0 errRate=  0.00% avg=   20.73 min=   12.41 max=  374.52 p50=   14.45 p95=   49.03 p99=  118.19 rps=  17.12
  s2s.crud.fetchFilms                           n= 1025 err=   0 errRate=  0.00% avg=   25.51 min=   17.06 max=  253.98 p50=   19.22 p95=   71.14 p99=  123.31 rps=  17.08

2026-05-05T03:57:55.317Z  INFO 1 --- [lab8-additional-service] [   scheduling-1] r.h.l.a.o.ObservabilityService           : [lab8-additional-service] observability refresh
window 10s
  calc.additional.maxViewersSummary             n=  161 err=   0 errRate=  0.00% avg=   36.14 min=   30.20 max=   53.44 p50=   34.86 p95=   45.88 p99=   50.17 rps=  16.10
  controller.AnalyticsController.maxViewersSummary n=  161 err=   0 errRate=  0.00% avg=   36.33 min=   30.37 max=   53.56 p50=   35.00 p95=   46.19 p99=   50.27 rps=  16.10
  controller.ObservabilityController.getStats   n=    1 err=   0 errRate=  0.00% avg=   13.30 min=   13.30 max=   13.30 p50=   13.30 p95=   13.30 p99=   13.30 rps=   0.10
  s2s.crud.fetchAllTickets                      n=  161 err=   0 errRate=  0.00% avg=   15.42 min=   12.62 max=   33.70 p50=   14.20 p95=   21.31 p99=   23.50 rps=  16.10
  s2s.crud.fetchFilms                           n=  160 err=   0 errRate=  0.00% avg=   20.67 min=   17.19 max=   35.45 p50=   19.40 p95=   27.59 p99=   33.34 rps=  16.00
window 30s
  calc.additional.maxViewersSummary             n=  508 err=   0 errRate=  0.00% avg=   37.40 min=   29.98 max=  174.66 p50=   34.83 p95=   46.62 p99=   99.49 rps=  16.93
  controller.AnalyticsController.maxViewersSummary n=  508 err=   0 errRate=  0.00% avg=   37.59 min=   30.12 max=  175.20 p50=   35.01 p95=   46.80 p99=   99.64 rps=  16.93
  controller.ObservabilityController.getStats   n=    1 err=   0 errRate=  0.00% avg=   13.30 min=   13.30 max=   13.30 p50=   13.30 p95=   13.30 p99=   13.30 rps=   0.03
  s2s.crud.fetchAllTickets                      n=  508 err=   0 errRate=  0.00% avg=   16.21 min=   12.41 max=  102.44 p50=   14.26 p95=   23.37 p99=   47.59 rps=  16.93
  s2s.crud.fetchFilms                           n=  508 err=   0 errRate=  0.00% avg=   21.13 min=   17.16 max=  110.32 p50=   19.32 p95=   27.30 p99=   64.15 rps=  16.93
window 1m
  calc.additional.maxViewersSummary             n= 1020 err=   0 errRate=  0.00% avg=   46.36 min=   29.98 max=  497.37 p50=   34.77 p95=  126.14 p99=  231.28 rps=  17.00
  controller.AnalyticsController.maxViewersSummary n= 1020 err=   0 errRate=  0.00% avg=   46.56 min=   30.12 max=  497.58 p50=   34.96 p95=  126.52 p99=  231.44 rps=  17.00
  controller.ObservabilityController.getStats   n=    1 err=   0 errRate=  0.00% avg=   13.30 min=   13.30 max=   13.30 p50=   13.30 p95=   13.30 p99=   13.30 rps=   0.02
  s2s.crud.fetchAllTickets                      n= 1020 err=   0 errRate=  0.00% avg=   20.76 min=   12.41 max=  374.52 p50=   14.44 p95=   49.58 p99=  118.35 rps=  17.00
  s2s.crud.fetchFilms                           n= 1019 err=   0 errRate=  0.00% avg=   25.55 min=   17.06 max=  253.98 p50=   19.22 p95=   71.49 p99=  123.35 rps=  16.98

2026-05-05T03:57:56.319Z  INFO 1 --- [lab8-additional-service] [   scheduling-1] r.h.l.a.o.ObservabilityService           : [lab8-additional-service] observability refresh
window 10s
  calc.additional.maxViewersSummary             n=  145 err=   0 errRate=  0.00% avg=   35.93 min=   30.20 max=   53.44 p50=   34.63 p95=   45.87 p99=   50.15 rps=  14.50
  controller.AnalyticsController.maxViewersSummary n=  145 err=   0 errRate=  0.00% avg=   36.12 min=   30.37 max=   53.56 p50=   34.77 p95=   46.13 p99=   50.34 rps=  14.50
  controller.ObservabilityController.getStats   n=    1 err=   0 errRate=  0.00% avg=   13.30 min=   13.30 max=   13.30 p50=   13.30 p95=   13.30 p99=   13.30 rps=   0.10
  s2s.crud.fetchAllTickets                      n=  145 err=   0 errRate=  0.00% avg=   15.37 min=   12.62 max=   33.70 p50=   14.11 p95=   21.43 p99=   23.53 rps=  14.50
  s2s.crud.fetchFilms                           n=  145 err=   0 errRate=  0.00% avg=   20.49 min=   17.19 max=   35.45 p50=   19.17 p95=   27.55 p99=   33.51 rps=  14.50
window 30s
  calc.additional.maxViewersSummary             n=  489 err=   0 errRate=  0.00% avg=   37.45 min=   29.98 max=  174.66 p50=   34.80 p95=   46.69 p99=  101.22 rps=  16.30
  controller.AnalyticsController.maxViewersSummary n=  489 err=   0 errRate=  0.00% avg=   37.64 min=   30.12 max=  175.20 p50=   34.99 p95=   46.82 p99=  101.37 rps=  16.30
  controller.ObservabilityController.getStats   n=    1 err=   0 errRate=  0.00% avg=   13.30 min=   13.30 max=   13.30 p50=   13.30 p95=   13.30 p99=   13.30 rps=   0.03
  s2s.crud.fetchAllTickets                      n=  489 err=   0 errRate=  0.00% avg=   16.21 min=   12.41 max=  102.44 p50=   14.24 p95=   23.37 p99=   48.03 rps=  16.30
  s2s.crud.fetchFilms                           n=  489 err=   0 errRate=  0.00% avg=   21.18 min=   17.16 max=  110.32 p50=   19.35 p95=   27.40 p99=   66.35 rps=  16.30
window 1m
  calc.additional.maxViewersSummary             n= 1002 err=   0 errRate=  0.00% avg=   45.90 min=   29.98 max=  497.37 p50=   34.77 p95=  125.37 p99=  222.14 rps=  16.70
  controller.AnalyticsController.maxViewersSummary n= 1002 err=   0 errRate=  0.00% avg=   46.10 min=   30.12 max=  497.58 p50=   34.94 p95=  125.56 p99=  222.78 rps=  16.70
  controller.ObservabilityController.getStats   n=    1 err=   0 errRate=  0.00% avg=   13.30 min=   13.30 max=   13.30 p50=   13.30 p95=   13.30 p99=   13.30 rps=   0.02
  s2s.crud.fetchAllTickets                      n= 1002 err=   0 errRate=  0.00% avg=   20.48 min=   12.41 max=  374.52 p50=   14.44 p95=   47.66 p99=  116.43 rps=  16.70
  s2s.crud.fetchFilms                           n= 1001 err=   0 errRate=  0.00% avg=   25.27 min=   17.06 max=  253.98 p50=   19.22 p95=   66.63 p99=  122.08 rps=  16.68

2026-05-05T03:57:57.320Z  INFO 1 --- [lab8-additional-service] [   scheduling-1] r.h.l.a.o.ObservabilityService           : [lab8-additional-service] observability refresh
window 10s
  calc.additional.maxViewersSummary             n=  123 err=   0 errRate=  0.00% avg=   36.17 min=   30.20 max=   53.44 p50=   34.86 p95=   46.32 p99=   51.07 rps=  12.30
  controller.AnalyticsController.maxViewersSummary n=  123 err=   0 errRate=  0.00% avg=   36.35 min=   30.37 max=   53.56 p50=   35.04 p95=   46.46 p99=   51.22 rps=  12.30
  controller.ObservabilityController.getStats   n=    1 err=   0 errRate=  0.00% avg=   13.30 min=   13.30 max=   13.30 p50=   13.30 p95=   13.30 p99=   13.30 rps=   0.10
  s2s.crud.fetchAllTickets                      n=  123 err=   0 errRate=  0.00% avg=   15.50 min=   12.62 max=   33.70 p50=   14.11 p95=   21.75 p99=   23.57 rps=  12.30
  s2s.crud.fetchFilms                           n=  123 err=   0 errRate=  0.00% avg=   20.61 min=   17.19 max=   35.45 p50=   19.17 p95=   27.63 p99=   34.04 rps=  12.30
window 30s
  calc.additional.maxViewersSummary             n=  475 err=   0 errRate=  0.00% avg=   37.19 min=   29.98 max=  174.66 p50=   34.78 p95=   46.57 p99=   84.04 rps=  15.83
  controller.AnalyticsController.maxViewersSummary n=  475 err=   0 errRate=  0.00% avg=   37.39 min=   30.12 max=  175.20 p50=   34.97 p95=   46.79 p99=   84.74 rps=  15.83
  controller.ObservabilityController.getStats   n=    1 err=   0 errRate=  0.00% avg=   13.30 min=   13.30 max=   13.30 p50=   13.30 p95=   13.30 p99=   13.30 rps=   0.03
  s2s.crud.fetchAllTickets                      n=  475 err=   0 errRate=  0.00% avg=   16.13 min=   12.41 max=  102.44 p50=   14.23 p95=   23.26 p99=   48.27 rps=  15.83
  s2s.crud.fetchFilms                           n=  475 err=   0 errRate=  0.00% avg=   21.00 min=   17.16 max=  110.32 p50=   19.35 p95=   27.23 p99=   34.80 rps=  15.83
window 1m
  calc.additional.maxViewersSummary             n=  990 err=   0 errRate=  0.00% avg=   43.67 min=   29.98 max=  405.49 p50=   34.68 p95=   97.30 p99=  217.76 rps=  16.50
  controller.AnalyticsController.maxViewersSummary n=  990 err=   0 errRate=  0.00% avg=   43.87 min=   30.12 max=  405.87 p50=   34.87 p95=   97.47 p99=  217.93 rps=  16.50
  controller.ObservabilityController.getStats   n=    1 err=   0 errRate=  0.00% avg=   13.30 min=   13.30 max=   13.30 p50=   13.30 p95=   13.30 p99=   13.30 rps=   0.02
  s2s.crud.fetchAllTickets                      n=  990 err=   0 errRate=  0.00% avg=   19.19 min=   12.41 max=  300.48 p50=   14.40 p95=   33.29 p99=  112.78 rps=  16.50
  s2s.crud.fetchFilms                           n=  990 err=   0 errRate=  0.00% avg=   24.42 min=   17.06 max=  253.98 p50=   19.18 p95=   37.88 p99=  119.53 rps=  16.50

2026-05-05T03:57:58.322Z  INFO 1 --- [lab8-additional-service] [   scheduling-1] r.h.l.a.o.ObservabilityService           : [lab8-additional-service] observability refresh
window 10s
  calc.additional.maxViewersSummary             n=  109 err=   0 errRate=  0.00% avg=   36.35 min=   30.20 max=   53.44 p50=   34.93 p95=   46.47 p99=   51.66 rps=  10.90
  controller.AnalyticsController.maxViewersSummary n=  109 err=   0 errRate=  0.00% avg=   36.52 min=   30.37 max=   53.56 p50=   35.13 p95=   46.57 p99=   51.78 rps=  10.90
  controller.ObservabilityController.getStats   n=    1 err=   0 errRate=  0.00% avg=   13.30 min=   13.30 max=   13.30 p50=   13.30 p95=   13.30 p99=   13.30 rps=   0.10
  s2s.crud.fetchAllTickets                      n=  109 err=   0 errRate=  0.00% avg=   15.59 min=   12.62 max=   33.70 p50=   14.23 p95=   22.06 p99=   23.60 rps=  10.90
  s2s.crud.fetchFilms                           n=  109 err=   0 errRate=  0.00% avg=   20.69 min=   17.19 max=   35.45 p50=   19.17 p95=   27.69 p99=   34.38 rps=  10.90
window 30s
  calc.additional.maxViewersSummary             n=  459 err=   0 errRate=  0.00% avg=   37.26 min=   29.98 max=  174.66 p50=   34.78 p95=   46.68 p99=   86.22 rps=  15.30
  controller.AnalyticsController.maxViewersSummary n=  459 err=   0 errRate=  0.00% avg=   37.45 min=   30.12 max=  175.20 p50=   34.97 p95=   46.81 p99=   86.81 rps=  15.30
  controller.ObservabilityController.getStats   n=    1 err=   0 errRate=  0.00% avg=   13.30 min=   13.30 max=   13.30 p50=   13.30 p95=   13.30 p99=   13.30 rps=   0.03
  s2s.crud.fetchAllTickets                      n=  459 err=   0 errRate=  0.00% avg=   16.14 min=   12.41 max=  102.44 p50=   14.23 p95=   22.93 p99=   48.54 rps=  15.30
  s2s.crud.fetchFilms                           n=  458 err=   0 errRate=  0.00% avg=   21.05 min=   17.16 max=  110.32 p50=   19.30 p95=   27.38 p99=   34.95 rps=  15.27
window 1m
  calc.additional.maxViewersSummary             n=  983 err=   0 errRate=  0.00% avg=   42.48 min=   29.98 max=  405.49 p50=   34.63 p95=   65.78 p99=  213.96 rps=  16.38
  controller.AnalyticsController.maxViewersSummary n=  983 err=   0 errRate=  0.00% avg=   42.68 min=   30.12 max=  405.87 p50=   34.84 p95=   65.91 p99=  215.06 rps=  16.38
  controller.ObservabilityController.getStats   n=    1 err=   0 errRate=  0.00% avg=   13.30 min=   13.30 max=   13.30 p50=   13.30 p95=   13.30 p99=   13.30 rps=   0.02
  s2s.crud.fetchAllTickets                      n=  983 err=   0 errRate=  0.00% avg=   18.48 min=   12.41 max=  300.48 p50=   14.38 p95=   28.56 p99=  110.21 rps=  16.38
  s2s.crud.fetchFilms                           n=  982 err=   0 errRate=  0.00% avg=   23.86 min=   17.06 max=  253.98 p50=   19.16 p95=   34.31 p99=  117.47 rps=  16.37

2026-05-05T03:57:59.323Z  INFO 1 --- [lab8-additional-service] [   scheduling-1] r.h.l.a.o.ObservabilityService           : [lab8-additional-service] observability refresh
window 10s
  calc.additional.maxViewersSummary             n=   93 err=   0 errRate=  0.00% avg=   36.80 min=   30.20 max=   53.44 p50=   35.09 p95=   46.59 p99=   52.11 rps=   9.30
  controller.AnalyticsController.maxViewersSummary n=   93 err=   0 errRate=  0.00% avg=   36.97 min=   30.37 max=   53.56 p50=   35.24 p95=   46.69 p99=   52.22 rps=   9.30
  controller.ObservabilityController.getStats   n=    1 err=   0 errRate=  0.00% avg=   13.30 min=   13.30 max=   13.30 p50=   13.30 p95=   13.30 p99=   13.30 rps=   0.10
  s2s.crud.fetchAllTickets                      n=   93 err=   0 errRate=  0.00% avg=   15.87 min=   12.62 max=   33.70 p50=   14.60 p95=   22.39 p99=   24.43 rps=   9.30
  s2s.crud.fetchFilms                           n=   93 err=   0 errRate=  0.00% avg=   20.86 min=   17.19 max=   35.45 p50=   19.24 p95=   27.98 p99=   34.64 rps=   9.30
window 30s
  calc.additional.maxViewersSummary             n=  436 err=   0 errRate=  0.00% avg=   36.60 min=   29.98 max=  174.66 p50=   34.79 p95=   46.19 p99=   53.96 rps=  14.53
  controller.AnalyticsController.maxViewersSummary n=  436 err=   0 errRate=  0.00% avg=   36.79 min=   30.12 max=  175.20 p50=   34.98 p95=   46.52 p99=   54.10 rps=  14.53
  controller.ObservabilityController.getStats   n=    1 err=   0 errRate=  0.00% avg=   13.30 min=   13.30 max=   13.30 p50=   13.30 p95=   13.30 p99=   13.30 rps=   0.03
  s2s.crud.fetchAllTickets                      n=  436 err=   0 errRate=  0.00% avg=   15.85 min=   12.41 max=  102.44 p50=   14.26 p95=   22.31 p99=   33.58 rps=  14.53
  s2s.crud.fetchFilms                           n=  436 err=   0 errRate=  0.00% avg=   20.69 min=   17.16 max=   86.10 p50=   19.30 p95=   27.15 p99=   33.72 rps=  14.53
window 1m
  calc.additional.maxViewersSummary             n=  973 err=   0 errRate=  0.00% avg=   40.56 min=   29.98 max=  304.58 p50=   34.59 p95=   52.61 p99=  201.32 rps=  16.22
  controller.AnalyticsController.maxViewersSummary n=  973 err=   0 errRate=  0.00% avg=   40.76 min=   30.12 max=  304.84 p50=   34.77 p95=   52.87 p99=  201.50 rps=  16.22
  controller.ObservabilityController.getStats   n=    1 err=   0 errRate=  0.00% avg=   13.30 min=   13.30 max=   13.30 p50=   13.30 p95=   13.30 p99=   13.30 rps=   0.02
  s2s.crud.fetchAllTickets                      n=  973 err=   0 errRate=  0.00% avg=   17.65 min=   12.41 max=  195.84 p50=   14.33 p95=   26.29 p99=  107.80 rps=  16.22
  s2s.crud.fetchFilms                           n=  970 err=   0 errRate=  0.00% avg=   22.60 min=   17.06 max=  126.23 p50=   19.12 p95=   30.04 p99=  107.57 rps=  16.17

2026-05-05T03:58:00.324Z  INFO 1 --- [lab8-additional-service] [   scheduling-1] r.h.l.a.o.ObservabilityService           : [lab8-additional-service] observability refresh
window 10s
  calc.additional.maxViewersSummary             n=   79 err=   0 errRate=  0.00% avg=   36.53 min=   30.20 max=   53.44 p50=   35.02 p95=   46.68 p99=   52.31 rps=   7.90
  controller.AnalyticsController.maxViewersSummary n=   79 err=   0 errRate=  0.00% avg=   36.71 min=   30.37 max=   53.56 p50=   35.13 p95=   46.79 p99=   52.42 rps=   7.90
  controller.ObservabilityController.getStats   n=    1 err=   0 errRate=  0.00% avg=   13.30 min=   13.30 max=   13.30 p50=   13.30 p95=   13.30 p99=   13.30 rps=   0.10
  s2s.crud.fetchAllTickets                      n=   79 err=   0 errRate=  0.00% avg=   15.52 min=   12.62 max=   33.70 p50=   14.11 p95=   21.49 p99=   25.84 rps=   7.90
  s2s.crud.fetchFilms                           n=   79 err=   0 errRate=  0.00% avg=   20.94 min=   17.19 max=   35.45 p50=   19.24 p95=   28.39 p99=   34.77 rps=   7.90
window 30s
  calc.additional.maxViewersSummary             n=  412 err=   0 errRate=  0.00% avg=   36.74 min=   29.98 max=  174.66 p50=   34.86 p95=   46.40 p99=   54.15 rps=  13.73
  controller.AnalyticsController.maxViewersSummary n=  412 err=   0 errRate=  0.00% avg=   36.94 min=   30.12 max=  175.20 p50=   35.03 p95=   46.66 p99=   54.29 rps=  13.73
  controller.ObservabilityController.getStats   n=    1 err=   0 errRate=  0.00% avg=   13.30 min=   13.30 max=   13.30 p50=   13.30 p95=   13.30 p99=   13.30 rps=   0.03
  s2s.crud.fetchAllTickets                      n=  412 err=   0 errRate=  0.00% avg=   15.93 min=   12.41 max=  102.44 p50=   14.35 p95=   22.53 p99=   33.66 rps=  13.73
  s2s.crud.fetchFilms                           n=  412 err=   0 errRate=  0.00% avg=   20.75 min=   17.16 max=   86.10 p50=   19.37 p95=   27.26 p99=   34.18 rps=  13.73
window 1m
  calc.additional.maxViewersSummary             n=  959 err=   0 errRate=  0.00% avg=   39.38 min=   29.98 max=  220.61 p50=   34.54 p95=   50.21 p99=  162.89 rps=  15.98
  controller.AnalyticsController.maxViewersSummary n=  959 err=   0 errRate=  0.00% avg=   39.58 min=   30.12 max=  220.85 p50=   34.74 p95=   50.33 p99=  163.02 rps=  15.98
  controller.ObservabilityController.getStats   n=    1 err=   0 errRate=  0.00% avg=   13.30 min=   13.30 max=   13.30 p50=   13.30 p95=   13.30 p99=   13.30 rps=   0.02
  s2s.crud.fetchAllTickets                      n=  959 err=   0 errRate=  0.00% avg=   17.01 min=   12.41 max=  135.94 p50=   14.31 p95=   24.76 p99=   89.49 rps=  15.98
  s2s.crud.fetchFilms                           n=  958 err=   0 errRate=  0.00% avg=   22.32 min=   17.06 max=  121.62 p50=   19.10 p95=   28.82 p99=  103.37 rps=  15.97

2026-05-05T03:58:01.325Z  INFO 1 --- [lab8-additional-service] [   scheduling-1] r.h.l.a.o.ObservabilityService           : [lab8-additional-service] observability refresh
window 10s
  calc.additional.maxViewersSummary             n=   56 err=   0 errRate=  0.00% avg=   35.80 min=   30.49 max=   52.00 p50=   34.26 p95=   46.01 p99=   49.69 rps=   5.60
  controller.AnalyticsController.maxViewersSummary n=   56 err=   0 errRate=  0.00% avg=   35.99 min=   30.82 max=   52.10 p50=   34.44 p95=   46.26 p99=   49.90 rps=   5.60
  controller.ObservabilityController.getStats   n=    1 err=   0 errRate=  0.00% avg=   13.30 min=   13.30 max=   13.30 p50=   13.30 p95=   13.30 p99=   13.30 rps=   0.10
  s2s.crud.fetchAllTickets                      n=   56 err=   0 errRate=  0.00% avg=   14.95 min=   12.62 max=   23.62 p50=   13.96 p95=   20.47 p99=   23.07 rps=   5.60
  s2s.crud.fetchFilms                           n=   56 err=   0 errRate=  0.00% avg=   20.77 min=   17.19 max=   35.45 p50=   19.13 p95=   28.45 p99=   34.97 rps=   5.60
window 30s
  calc.additional.maxViewersSummary             n=  400 err=   0 errRate=  0.00% avg=   36.48 min=   29.98 max=  174.66 p50=   34.88 p95=   45.90 p99=   53.45 rps=  13.33
  controller.AnalyticsController.maxViewersSummary n=  400 err=   0 errRate=  0.00% avg=   36.68 min=   30.12 max=  175.20 p50=   35.03 p95=   46.24 p99=   53.57 rps=  13.33
  controller.ObservabilityController.getStats   n=    1 err=   0 errRate=  0.00% avg=   13.30 min=   13.30 max=   13.30 p50=   13.30 p95=   13.30 p99=   13.30 rps=   0.03
  s2s.crud.fetchAllTickets                      n=  400 err=   0 errRate=  0.00% avg=   15.83 min=   12.41 max=  102.44 p50=   14.35 p95=   22.21 p99=   33.37 rps=  13.33
  s2s.crud.fetchFilms                           n=  400 err=   0 errRate=  0.00% avg=   20.59 min=   17.16 max=   72.15 p50=   19.35 p95=   27.17 p99=   32.50 rps=  13.33
window 1m
  calc.additional.maxViewersSummary             n=  936 err=   0 errRate=  0.00% avg=   38.57 min=   29.98 max=  220.61 p50=   34.47 p95=   48.77 p99=  160.69 rps=  15.60
  controller.AnalyticsController.maxViewersSummary n=  936 err=   0 errRate=  0.00% avg=   38.76 min=   30.12 max=  220.85 p50=   34.70 p95=   48.91 p99=  160.91 rps=  15.60
  controller.ObservabilityController.getStats   n=    1 err=   0 errRate=  0.00% avg=   13.30 min=   13.30 max=   13.30 p50=   13.30 p95=   13.30 p99=   13.30 rps=   0.02
  s2s.crud.fetchAllTickets                      n=  936 err=   0 errRate=  0.00% avg=   16.79 min=   12.41 max=  135.94 p50=   14.25 p95=   23.97 p99=   85.65 rps=  15.60
  s2s.crud.fetchFilms                           n=  936 err=   0 errRate=  0.00% avg=   21.72 min=   17.06 max=  121.62 p50=   19.08 p95=   28.03 p99=  100.23 rps=  15.60

2026-05-05T03:58:02.327Z  INFO 1 --- [lab8-additional-service] [   scheduling-1] r.h.l.a.o.ObservabilityService           : [lab8-additional-service] observability refresh
window 10s
  calc.additional.maxViewersSummary             n=   38 err=   0 errRate=  0.00% avg=   36.08 min=   30.49 max=   52.00 p50=   34.91 p95=   45.96 p99=   49.91 rps=   3.80
  controller.AnalyticsController.maxViewersSummary n=   38 err=   0 errRate=  0.00% avg=   36.28 min=   30.82 max=   52.10 p50=   35.04 p95=   46.23 p99=   50.02 rps=   3.80
  controller.ObservabilityController.getStats   n=    1 err=   0 errRate=  0.00% avg=   13.30 min=   13.30 max=   13.30 p50=   13.30 p95=   13.30 p99=   13.30 rps=   0.10
  s2s.crud.fetchAllTickets                      n=   38 err=   0 errRate=  0.00% avg=   15.19 min=   12.62 max=   23.62 p50=   14.10 p95=   21.91 p99=   23.25 rps=   3.80
  s2s.crud.fetchFilms                           n=   37 err=   0 errRate=  0.00% avg=   20.86 min=   17.19 max=   35.45 p50=   19.16 p95=   27.78 p99=   32.89 rps=   3.70
window 30s
  calc.additional.maxViewersSummary             n=  383 err=   0 errRate=  0.00% avg=   36.48 min=   30.20 max=  174.66 p50=   34.86 p95=   45.77 p99=   53.58 rps=  12.77
  controller.AnalyticsController.maxViewersSummary n=  383 err=   0 errRate=  0.00% avg=   36.68 min=   30.37 max=  175.20 p50=   35.00 p95=   46.16 p99=   53.71 rps=  12.77
  controller.ObservabilityController.getStats   n=    1 err=   0 errRate=  0.00% avg=   13.30 min=   13.30 max=   13.30 p50=   13.30 p95=   13.30 p99=   13.30 rps=   0.03
  s2s.crud.fetchAllTickets                      n=  383 err=   0 errRate=  0.00% avg=   15.77 min=   12.41 max=  102.44 p50=   14.36 p95=   21.93 p99=   28.74 rps=  12.77
  s2s.crud.fetchFilms                           n=  383 err=   0 errRate=  0.00% avg=   20.65 min=   17.16 max=   72.15 p50=   19.38 p95=   27.35 p99=   32.82 rps=  12.77
window 1m
  calc.additional.maxViewersSummary             n=  918 err=   0 errRate=  0.00% avg=   38.60 min=   29.98 max=  220.61 p50=   34.45 p95=   48.76 p99=  161.31 rps=  15.30
  controller.AnalyticsController.maxViewersSummary n=  918 err=   0 errRate=  0.00% avg=   38.80 min=   30.12 max=  220.85 p50=   34.69 p95=   48.91 p99=  161.49 rps=  15.30
  controller.ObservabilityController.getStats   n=    1 err=   0 errRate=  0.00% avg=   13.30 min=   13.30 max=   13.30 p50=   13.30 p95=   13.30 p99=   13.30 rps=   0.02
  s2s.crud.fetchAllTickets                      n=  918 err=   0 errRate=  0.00% avg=   16.82 min=   12.41 max=  135.94 p50=   14.22 p95=   24.14 p99=   86.88 rps=  15.30
  s2s.crud.fetchFilms                           n=  918 err=   0 errRate=  0.00% avg=   21.73 min=   17.06 max=  121.62 p50=   19.08 p95=   28.01 p99=  100.60 rps=  15.30

2026-05-05T03:58:03.328Z  INFO 1 --- [lab8-additional-service] [   scheduling-1] r.h.l.a.o.ObservabilityService           : [lab8-additional-service] observability refresh
window 10s
  calc.additional.maxViewersSummary             n=   20 err=   0 errRate=  0.00% avg=   37.02 min=   30.49 max=   46.37 p50=   35.16 p95=   45.91 p99=   46.28 rps=   2.00
  controller.AnalyticsController.maxViewersSummary n=   20 err=   0 errRate=  0.00% avg=   37.25 min=   30.82 max=   46.49 p50=   35.38 p95=   46.20 p99=   46.43 rps=   2.00
  controller.ObservabilityController.getStats   n=    1 err=   0 errRate=  0.00% avg=   13.30 min=   13.30 max=   13.30 p50=   13.30 p95=   13.30 p99=   13.30 rps=   0.10
  s2s.crud.fetchAllTickets                      n=   20 err=   0 errRate=  0.00% avg=   15.68 min=   12.79 max=   23.62 p50=   14.58 p95=   22.68 p99=   23.43 rps=   2.00
  s2s.crud.fetchFilms                           n=   20 err=   0 errRate=  0.00% avg=   21.20 min=   17.66 max=   28.35 p50=   19.81 p95=   27.67 p99=   28.21 rps=   2.00
window 30s
  calc.additional.maxViewersSummary             n=  367 err=   0 errRate=  0.00% avg=   36.48 min=   30.20 max=  174.66 p50=   34.80 p95=   45.86 p99=   53.71 rps=  12.23
  controller.AnalyticsController.maxViewersSummary n=  367 err=   0 errRate=  0.00% avg=   36.67 min=   30.37 max=  175.20 p50=   34.98 p95=   46.22 p99=   53.84 rps=  12.23
  controller.ObservabilityController.getStats   n=    1 err=   0 errRate=  0.00% avg=   13.30 min=   13.30 max=   13.30 p50=   13.30 p95=   13.30 p99=   13.30 rps=   0.03
  s2s.crud.fetchAllTickets                      n=  367 err=   0 errRate=  0.00% avg=   15.77 min=   12.41 max=  102.44 p50=   14.28 p95=   22.06 p99=   29.71 rps=  12.23
  s2s.crud.fetchFilms                           n=  367 err=   0 errRate=  0.00% avg=   20.65 min=   17.16 max=   72.15 p50=   19.35 p95=   27.40 p99=   33.13 rps=  12.23
window 1m
  calc.additional.maxViewersSummary             n=  904 err=   0 errRate=  0.00% avg=   38.64 min=   29.98 max=  220.61 p50=   34.45 p95=   48.85 p99=  161.78 rps=  15.07
  controller.AnalyticsController.maxViewersSummary n=  904 err=   0 errRate=  0.00% avg=   38.84 min=   30.12 max=  220.85 p50=   34.69 p95=   48.96 p99=  161.94 rps=  15.07
  controller.ObservabilityController.getStats   n=    1 err=   0 errRate=  0.00% avg=   13.30 min=   13.30 max=   13.30 p50=   13.30 p95=   13.30 p99=   13.30 rps=   0.02
  s2s.crud.fetchAllTickets                      n=  904 err=   0 errRate=  0.00% avg=   16.84 min=   12.41 max=  135.94 p50=   14.23 p95=   24.35 p99=   87.84 rps=  15.07
  s2s.crud.fetchFilms                           n=  904 err=   0 errRate=  0.00% avg=   21.74 min=   17.06 max=  121.62 p50=   19.06 p95=   27.99 p99=  100.88 rps=  15.07

2026-05-05T03:58:04.329Z  INFO 1 --- [lab8-additional-service] [   scheduling-1] r.h.l.a.o.ObservabilityService           : [lab8-additional-service] observability refresh
window 10s
  calc.additional.maxViewersSummary             n=    8 err=   0 errRate=  0.00% avg=   37.85 min=   30.49 max=   45.88 p50=   37.83 p95=   44.57 p99=   45.62 rps=   0.80
  controller.AnalyticsController.maxViewersSummary n=    8 err=   0 errRate=  0.00% avg=   38.15 min=   30.82 max=   46.19 p50=   38.09 p95=   44.86 p99=   45.92 rps=   0.80
  controller.ObservabilityController.getStats   n=    1 err=   0 errRate=  0.00% avg=   13.30 min=   13.30 max=   13.30 p50=   13.30 p95=   13.30 p99=   13.30 rps=   0.10
  s2s.crud.fetchAllTickets                      n=    8 err=   0 errRate=  0.00% avg=   16.11 min=   12.79 max=   22.63 p50=   15.45 p95=   21.24 p99=   22.35 rps=   0.80
  s2s.crud.fetchFilms                           n=    8 err=   0 errRate=  0.00% avg=   21.45 min=   17.66 max=   28.35 p50=   20.71 p95=   26.83 p99=   28.05 rps=   0.80
window 30s
  calc.additional.maxViewersSummary             n=  354 err=   0 errRate=  0.00% avg=   36.48 min=   30.20 max=  174.66 p50=   34.81 p95=   45.65 p99=   53.81 rps=  11.80
  controller.AnalyticsController.maxViewersSummary n=  354 err=   0 errRate=  0.00% avg=   36.68 min=   30.37 max=  175.20 p50=   34.98 p95=   46.00 p99=   53.95 rps=  11.80
  controller.ObservabilityController.getStats   n=    1 err=   0 errRate=  0.00% avg=   13.30 min=   13.30 max=   13.30 p50=   13.30 p95=   13.30 p99=   13.30 rps=   0.03
  s2s.crud.fetchAllTickets                      n=  354 err=   0 errRate=  0.00% avg=   15.75 min=   12.41 max=  102.44 p50=   14.30 p95=   21.91 p99=   30.50 rps=  11.80
  s2s.crud.fetchFilms                           n=  354 err=   0 errRate=  0.00% avg=   20.68 min=   17.16 max=   72.15 p50=   19.40 p95=   27.42 p99=   33.38 rps=  11.80
window 1m
  calc.additional.maxViewersSummary             n=  889 err=   0 errRate=  0.00% avg=   38.55 min=   29.98 max=  220.61 p50=   34.51 p95=   48.65 p99=  162.17 rps=  14.82
  controller.AnalyticsController.maxViewersSummary n=  890 err=   0 errRate=  0.00% avg=   38.74 min=   30.12 max=  220.85 p50=   34.70 p95=   48.77 p99=  162.29 rps=  14.83
  controller.ObservabilityController.getStats   n=    1 err=   0 errRate=  0.00% avg=   13.30 min=   13.30 max=   13.30 p50=   13.30 p95=   13.30 p99=   13.30 rps=   0.02
  s2s.crud.fetchAllTickets                      n=  889 err=   0 errRate=  0.00% avg=   16.85 min=   12.41 max=  135.94 p50=   14.24 p95=   24.27 p99=   88.46 rps=  14.82
  s2s.crud.fetchFilms                           n=  889 err=   0 errRate=  0.00% avg=   21.64 min=   17.06 max=  121.62 p50=   19.07 p95=   27.92 p99=   99.16 rps=  14.82

2026-05-05T03:58:05.330Z  INFO 1 --- [lab8-additional-service] [   scheduling-1] r.h.l.a.o.ObservabilityService           : [lab8-additional-service] observability refresh
window 10s
  (no events)
window 30s
  calc.additional.maxViewersSummary             n=  341 err=   0 errRate=  0.00% avg=   36.46 min=   30.20 max=  174.66 p50=   34.80 p95=   45.57 p99=   53.92 rps=  11.37
  controller.AnalyticsController.maxViewersSummary n=  341 err=   0 errRate=  0.00% avg=   36.64 min=   30.37 max=  175.20 p50=   34.98 p95=   45.75 p99=   54.06 rps=  11.37
  controller.ObservabilityController.getStats   n=    1 err=   0 errRate=  0.00% avg=   13.30 min=   13.30 max=   13.30 p50=   13.30 p95=   13.30 p99=   13.30 rps=   0.03
  s2s.crud.fetchAllTickets                      n=  341 err=   0 errRate=  0.00% avg=   15.73 min=   12.41 max=  102.44 p50=   14.28 p95=   21.89 p99=   31.28 rps=  11.37
  s2s.crud.fetchFilms                           n=  341 err=   0 errRate=  0.00% avg=   20.67 min=   17.16 max=   72.15 p50=   19.41 p95=   27.38 p99=   32.35 rps=  11.37
window 1m
  calc.additional.maxViewersSummary             n=  866 err=   0 errRate=  0.00% avg=   38.67 min=   29.98 max=  220.61 p50=   34.54 p95=   48.84 p99=  162.72 rps=  14.43
  controller.AnalyticsController.maxViewersSummary n=  866 err=   0 errRate=  0.00% avg=   38.86 min=   30.12 max=  220.85 p50=   34.73 p95=   48.94 p99=  162.86 rps=  14.43
  controller.ObservabilityController.getStats   n=    1 err=   0 errRate=  0.00% avg=   13.30 min=   13.30 max=   13.30 p50=   13.30 p95=   13.30 p99=   13.30 rps=   0.02
  s2s.crud.fetchAllTickets                      n=  866 err=   0 errRate=  0.00% avg=   16.90 min=   12.41 max=  135.94 p50=   14.24 p95=   24.45 p99=   89.25 rps=  14.43
  s2s.crud.fetchFilms                           n=  864 err=   0 errRate=  0.00% avg=   21.71 min=   17.06 max=  121.62 p50=   19.10 p95=   27.99 p99=   99.67 rps=  14.40

2026-05-05T03:58:06.333Z  INFO 1 --- [lab8-additional-service] [   scheduling-1] r.h.l.a.o.ObservabilityService           : [lab8-additional-service] observability refresh
window 10s
  (no events)
window 30s
  calc.additional.maxViewersSummary             n=  320 err=   0 errRate=  0.00% avg=   36.50 min=   30.20 max=  174.66 p50=   34.79 p95=   45.58 p99=   53.17 rps=  10.67
  controller.AnalyticsController.maxViewersSummary n=  320 err=   0 errRate=  0.00% avg=   36.69 min=   30.37 max=  175.20 p50=   34.95 p95=   45.75 p99=   53.28 rps=  10.67
  controller.ObservabilityController.getStats   n=    1 err=   0 errRate=  0.00% avg=   13.30 min=   13.30 max=   13.30 p50=   13.30 p95=   13.30 p99=   13.30 rps=   0.03
  s2s.crud.fetchAllTickets                      n=  320 err=   0 errRate=  0.00% avg=   15.75 min=   12.41 max=  102.44 p50=   14.30 p95=   21.89 p99=   32.10 rps=  10.67
  s2s.crud.fetchFilms                           n=  320 err=   0 errRate=  0.00% avg=   20.69 min=   17.16 max=   72.15 p50=   19.42 p95=   27.38 p99=   32.42 rps=  10.67
window 1m
  calc.additional.maxViewersSummary             n=  849 err=   0 errRate=  0.00% avg=   38.74 min=   29.98 max=  220.61 p50=   34.58 p95=   48.82 p99=  163.13 rps=  14.15
  controller.AnalyticsController.maxViewersSummary n=  849 err=   0 errRate=  0.00% avg=   38.94 min=   30.12 max=  220.85 p50=   34.74 p95=   48.93 p99=  163.26 rps=  14.15
  controller.ObservabilityController.getStats   n=    1 err=   0 errRate=  0.00% avg=   13.30 min=   13.30 max=   13.30 p50=   13.30 p95=   13.30 p99=   13.30 rps=   0.02
  s2s.crud.fetchAllTickets                      n=  849 err=   0 errRate=  0.00% avg=   16.92 min=   12.41 max=  135.94 p50=   14.25 p95=   24.27 p99=   89.84 rps=  14.15
  s2s.crud.fetchFilms                           n=  849 err=   0 errRate=  0.00% avg=   21.76 min=   17.06 max=  121.62 p50=   19.12 p95=   28.08 p99=   99.97 rps=  14.15

2026-05-05T03:58:07.334Z  INFO 1 --- [lab8-additional-service] [   scheduling-1] r.h.l.a.o.ObservabilityService           : [lab8-additional-service] observability refresh
window 10s
  (no events)
window 30s
  calc.additional.maxViewersSummary             n=  302 err=   0 errRate=  0.00% avg=   36.59 min=   30.20 max=  174.66 p50=   34.79 p95=   45.79 p99=   53.43 rps=  10.07
  controller.AnalyticsController.maxViewersSummary n=  302 err=   0 errRate=  0.00% avg=   36.78 min=   30.37 max=  175.20 p50=   34.95 p95=   45.90 p99=   53.55 rps=  10.07
  controller.ObservabilityController.getStats   n=    1 err=   0 errRate=  0.00% avg=   13.30 min=   13.30 max=   13.30 p50=   13.30 p95=   13.30 p99=   13.30 rps=   0.03
  s2s.crud.fetchAllTickets                      n=  302 err=   0 errRate=  0.00% avg=   15.80 min=   12.55 max=  102.44 p50=   14.26 p95=   21.93 p99=   33.61 rps=  10.07
  s2s.crud.fetchFilms                           n=  302 err=   0 errRate=  0.00% avg=   20.74 min=   17.16 max=   72.15 p50=   19.43 p95=   27.41 p99=   32.47 rps=  10.07
window 1m
  calc.additional.maxViewersSummary             n=  827 err=   0 errRate=  0.00% avg=   38.87 min=   29.98 max=  220.61 p50=   34.61 p95=   48.89 p99=  163.65 rps=  13.78
  controller.AnalyticsController.maxViewersSummary n=  827 err=   0 errRate=  0.00% avg=   39.07 min=   30.12 max=  220.85 p50=   34.77 p95=   49.02 p99=  163.77 rps=  13.78
  controller.ObservabilityController.getStats   n=    1 err=   0 errRate=  0.00% avg=   13.30 min=   13.30 max=   13.30 p50=   13.30 p95=   13.30 p99=   13.30 rps=   0.02
  s2s.crud.fetchAllTickets                      n=  827 err=   0 errRate=  0.00% avg=   16.99 min=   12.41 max=  135.94 p50=   14.28 p95=   24.45 p99=   90.59 rps=  13.78
  s2s.crud.fetchFilms                           n=  827 err=   0 errRate=  0.00% avg=   21.83 min=   17.06 max=  121.62 p50=   19.13 p95=   28.28 p99=  100.42 rps=  13.78

2026-05-05T03:58:08.335Z  INFO 1 --- [lab8-additional-service] [   scheduling-1] r.h.l.a.o.ObservabilityService           : [lab8-additional-service] observability refresh
window 10s
  (no events)
window 30s
  calc.additional.maxViewersSummary             n=  290 err=   0 errRate=  0.00% avg=   36.67 min=   30.20 max=  174.66 p50=   34.88 p95=   45.85 p99=   53.53 rps=   9.67
  controller.AnalyticsController.maxViewersSummary n=  290 err=   0 errRate=  0.00% avg=   36.85 min=   30.37 max=  175.20 p50=   35.02 p95=   46.06 p99=   53.65 rps=   9.67
  controller.ObservabilityController.getStats   n=    1 err=   0 errRate=  0.00% avg=   13.30 min=   13.30 max=   13.30 p50=   13.30 p95=   13.30 p99=   13.30 rps=   0.03
  s2s.crud.fetchAllTickets                      n=  290 err=   0 errRate=  0.00% avg=   15.80 min=   12.55 max=  102.44 p50=   14.26 p95=   22.01 p99=   34.02 rps=   9.67
  s2s.crud.fetchFilms                           n=  290 err=   0 errRate=  0.00% avg=   20.81 min=   17.16 max=   72.15 p50=   19.62 p95=   27.42 p99=   32.71 rps=   9.67
window 1m
  calc.additional.maxViewersSummary             n=  811 err=   0 errRate=  0.00% avg=   38.96 min=   29.98 max=  220.61 p50=   34.63 p95=   48.90 p99=  164.03 rps=  13.52
  controller.AnalyticsController.maxViewersSummary n=  811 err=   0 errRate=  0.00% avg=   39.15 min=   30.12 max=  220.85 p50=   34.77 p95=   49.05 p99=  164.15 rps=  13.52
  controller.ObservabilityController.getStats   n=    1 err=   0 errRate=  0.00% avg=   13.30 min=   13.30 max=   13.30 p50=   13.30 p95=   13.30 p99=   13.30 rps=   0.02
  s2s.crud.fetchAllTickets                      n=  811 err=   0 errRate=  0.00% avg=   17.03 min=   12.41 max=  135.94 p50=   14.28 p95=   24.48 p99=   91.14 rps=  13.52
  s2s.crud.fetchFilms                           n=  811 err=   0 errRate=  0.00% avg=   21.87 min=   17.06 max=  121.62 p50=   19.13 p95=   28.36 p99=  100.74 rps=  13.52

2026-05-05T03:58:09.336Z  INFO 1 --- [lab8-additional-service] [   scheduling-1] r.h.l.a.o.ObservabilityService           : [lab8-additional-service] observability refresh
window 10s
  (no events)
window 30s
  calc.additional.maxViewersSummary             n=  271 err=   0 errRate=  0.00% avg=   36.81 min=   30.20 max=  174.66 p50=   35.02 p95=   45.84 p99=   53.68 rps=   9.03
  controller.AnalyticsController.maxViewersSummary n=  271 err=   0 errRate=  0.00% avg=   37.00 min=   30.37 max=  175.20 p50=   35.15 p95=   46.05 p99=   53.81 rps=   9.03
  controller.ObservabilityController.getStats   n=    1 err=   0 errRate=  0.00% avg=   13.30 min=   13.30 max=   13.30 p50=   13.30 p95=   13.30 p99=   13.30 rps=   0.03
  s2s.crud.fetchAllTickets                      n=  271 err=   0 errRate=  0.00% avg=   15.89 min=   12.55 max=  102.44 p50=   14.39 p95=   21.83 p99=   34.58 rps=   9.03
  s2s.crud.fetchFilms                           n=  271 err=   0 errRate=  0.00% avg=   20.87 min=   17.16 max=   72.15 p50=   19.67 p95=   27.50 p99=   33.11 rps=   9.03
window 1m
  calc.additional.maxViewersSummary             n=  795 err=   0 errRate=  0.00% avg=   39.08 min=   29.98 max=  220.61 p50=   34.67 p95=   48.92 p99=  164.89 rps=  13.25
  controller.AnalyticsController.maxViewersSummary n=  795 err=   0 errRate=  0.00% avg=   39.27 min=   30.12 max=  220.85 p50=   34.84 p95=   49.06 p99=  165.03 rps=  13.25
  controller.ObservabilityController.getStats   n=    1 err=   0 errRate=  0.00% avg=   13.30 min=   13.30 max=   13.30 p50=   13.30 p95=   13.30 p99=   13.30 rps=   0.02
  s2s.crud.fetchAllTickets                      n=  795 err=   0 errRate=  0.00% avg=   17.09 min=   12.41 max=  135.94 p50=   14.36 p95=   24.51 p99=   91.71 rps=  13.25
  s2s.crud.fetchFilms                           n=  795 err=   0 errRate=  0.00% avg=   21.93 min=   17.06 max=  121.62 p50=   19.16 p95=   28.38 p99=  100.95 rps=  13.25

2026-05-05T03:58:10.337Z  INFO 1 --- [lab8-additional-service] [   scheduling-1] r.h.l.a.o.ObservabilityService           : [lab8-additional-service] observability refresh
window 10s
  (no events)
window 30s
  calc.additional.maxViewersSummary             n=  252 err=   0 errRate=  0.00% avg=   36.94 min=   30.20 max=  174.66 p50=   35.02 p95=   45.84 p99=   52.70 rps=   8.40
  controller.AnalyticsController.maxViewersSummary n=  252 err=   0 errRate=  0.00% avg=   37.12 min=   30.37 max=  175.20 p50=   35.18 p95=   46.03 p99=   52.82 rps=   8.40
  controller.ObservabilityController.getStats   n=    1 err=   0 errRate=  0.00% avg=   13.30 min=   13.30 max=   13.30 p50=   13.30 p95=   13.30 p99=   13.30 rps=   0.03
  s2s.crud.fetchAllTickets                      n=  252 err=   0 errRate=  0.00% avg=   15.91 min=   12.55 max=  102.44 p50=   14.38 p95=   21.83 p99=   29.41 rps=   8.40
  s2s.crud.fetchFilms                           n=  252 err=   0 errRate=  0.00% avg=   20.96 min=   17.19 max=   72.15 p50=   19.76 p95=   27.49 p99=   33.51 rps=   8.40
window 1m
  calc.additional.maxViewersSummary             n=  779 err=   0 errRate=  0.00% avg=   39.18 min=   29.98 max=  220.61 p50=   34.73 p95=   48.98 p99=  166.55 rps=  12.98
  controller.AnalyticsController.maxViewersSummary n=  779 err=   0 errRate=  0.00% avg=   39.37 min=   30.12 max=  220.85 p50=   34.89 p95=   49.10 p99=  166.76 rps=  12.98
  controller.ObservabilityController.getStats   n=    1 err=   0 errRate=  0.00% avg=   13.30 min=   13.30 max=   13.30 p50=   13.30 p95=   13.30 p99=   13.30 rps=   0.02
  s2s.crud.fetchAllTickets                      n=  779 err=   0 errRate=  0.00% avg=   17.14 min=   12.41 max=  135.94 p50=   14.37 p95=   24.57 p99=   92.29 rps=  12.98
  s2s.crud.fetchFilms                           n=  779 err=   0 errRate=  0.00% avg=   21.98 min=   17.06 max=  121.62 p50=   19.18 p95=   28.38 p99=  100.97 rps=  12.98

2026-05-05T03:58:11.338Z  INFO 1 --- [lab8-additional-service] [   scheduling-1] r.h.l.a.o.ObservabilityService           : [lab8-additional-service] observability refresh
window 10s
  (no events)
window 30s
  calc.additional.maxViewersSummary             n=  233 err=   0 errRate=  0.00% avg=   36.92 min=   30.20 max=  174.66 p50=   35.02 p95=   45.83 p99=   52.98 rps=   7.77
  controller.AnalyticsController.maxViewersSummary n=  233 err=   0 errRate=  0.00% avg=   37.11 min=   30.37 max=  175.20 p50=   35.17 p95=   46.02 p99=   53.09 rps=   7.77
  controller.ObservabilityController.getStats   n=    1 err=   0 errRate=  0.00% avg=   13.30 min=   13.30 max=   13.30 p50=   13.30 p95=   13.30 p99=   13.30 rps=   0.03
  s2s.crud.fetchAllTickets                      n=  233 err=   0 errRate=  0.00% avg=   15.92 min=   12.55 max=  102.44 p50=   14.28 p95=   21.82 p99=   30.47 rps=   7.77
  s2s.crud.fetchFilms                           n=  232 err=   0 errRate=  0.00% avg=   20.96 min=   17.19 max=   72.15 p50=   19.81 p95=   27.25 p99=   33.92 rps=   7.73
window 1m
  calc.additional.maxViewersSummary             n=  759 err=   0 errRate=  0.00% avg=   39.20 min=   29.98 max=  220.61 p50=   34.67 p95=   48.91 p99=  168.63 rps=  12.65
  controller.AnalyticsController.maxViewersSummary n=  759 err=   0 errRate=  0.00% avg=   39.39 min=   30.12 max=  220.85 p50=   34.84 p95=   49.06 p99=  168.93 rps=  12.65
  controller.ObservabilityController.getStats   n=    1 err=   0 errRate=  0.00% avg=   13.30 min=   13.30 max=   13.30 p50=   13.30 p95=   13.30 p99=   13.30 rps=   0.02
  s2s.crud.fetchAllTickets                      n=  759 err=   0 errRate=  0.00% avg=   17.17 min=   12.41 max=  135.94 p50=   14.28 p95=   24.63 p99=   93.02 rps=  12.65
  s2s.crud.fetchFilms                           n=  759 err=   0 errRate=  0.00% avg=   21.98 min=   17.06 max=  121.62 p50=   19.17 p95=   28.15 p99=  101.00 rps=  12.65

2026-05-05T03:58:12.339Z  INFO 1 --- [lab8-additional-service] [   scheduling-1] r.h.l.a.o.ObservabilityService           : [lab8-additional-service] observability refresh
window 10s
  (no events)
window 30s
  calc.additional.maxViewersSummary             n=  211 err=   0 errRate=  0.00% avg=   36.96 min=   30.20 max=  174.66 p50=   35.02 p95=   46.13 p99=   53.30 rps=   7.03
  controller.AnalyticsController.maxViewersSummary n=  211 err=   0 errRate=  0.00% avg=   37.15 min=   30.37 max=  175.20 p50=   35.17 p95=   46.34 p99=   53.42 rps=   7.03
  controller.ObservabilityController.getStats   n=    1 err=   0 errRate=  0.00% avg=   13.30 min=   13.30 max=   13.30 p50=   13.30 p95=   13.30 p99=   13.30 rps=   0.03
  s2s.crud.fetchAllTickets                      n=  211 err=   0 errRate=  0.00% avg=   15.88 min=   12.55 max=  102.44 p50=   14.24 p95=   21.44 p99=   32.69 rps=   7.03
  s2s.crud.fetchFilms                           n=  211 err=   0 errRate=  0.00% avg=   21.01 min=   17.19 max=   72.15 p50=   19.95 p95=   27.39 p99=   34.36 rps=   7.03
window 1m
  calc.additional.maxViewersSummary             n=  742 err=   0 errRate=  0.00% avg=   39.31 min=   29.98 max=  220.61 p50=   34.75 p95=   48.96 p99=  170.40 rps=  12.37
  controller.AnalyticsController.maxViewersSummary n=  742 err=   0 errRate=  0.00% avg=   39.51 min=   30.12 max=  220.85 p50=   34.90 p95=   49.06 p99=  170.77 rps=  12.37
  controller.ObservabilityController.getStats   n=    1 err=   0 errRate=  0.00% avg=   13.30 min=   13.30 max=   13.30 p50=   13.30 p95=   13.30 p99=   13.30 rps=   0.02
  s2s.crud.fetchAllTickets                      n=  742 err=   0 errRate=  0.00% avg=   17.22 min=   12.41 max=  135.94 p50=   14.27 p95=   24.80 p99=   93.64 rps=  12.37
  s2s.crud.fetchFilms                           n=  742 err=   0 errRate=  0.00% avg=   22.03 min=   17.06 max=  121.62 p50=   19.19 p95=   28.34 p99=  101.02 rps=  12.37

2026-05-05T03:58:13.340Z  INFO 1 --- [lab8-additional-service] [   scheduling-1] r.h.l.a.o.ObservabilityService           : [lab8-additional-service] observability refresh
window 10s
  (no events)
window 30s
  calc.additional.maxViewersSummary             n=  194 err=   0 errRate=  0.00% avg=   37.07 min=   30.20 max=  174.66 p50=   35.02 p95=   46.43 p99=   53.84 rps=   6.47
  controller.AnalyticsController.maxViewersSummary n=  194 err=   0 errRate=  0.00% avg=   37.26 min=   30.37 max=  175.20 p50=   35.16 p95=   46.53 p99=   53.96 rps=   6.47
  controller.ObservabilityController.getStats   n=    1 err=   0 errRate=  0.00% avg=   13.30 min=   13.30 max=   13.30 p50=   13.30 p95=   13.30 p99=   13.30 rps=   0.03
  s2s.crud.fetchAllTickets                      n=  194 err=   0 errRate=  0.00% avg=   15.98 min=   12.55 max=  102.44 p50=   14.30 p95=   21.57 p99=   34.04 rps=   6.47
  s2s.crud.fetchFilms                           n=  194 err=   0 errRate=  0.00% avg=   21.03 min=   17.19 max=   72.15 p50=   19.71 p95=   27.47 p99=   34.64 rps=   6.47
window 1m
  calc.additional.maxViewersSummary             n=  721 err=   0 errRate=  0.00% avg=   39.42 min=   29.98 max=  220.61 p50=   34.74 p95=   49.17 p99=  172.58 rps=  12.02
  controller.AnalyticsController.maxViewersSummary n=  721 err=   0 errRate=  0.00% avg=   39.61 min=   30.12 max=  220.85 p50=   34.89 p95=   49.49 p99=  173.04 rps=  12.02
  controller.ObservabilityController.getStats   n=    1 err=   0 errRate=  0.00% avg=   13.30 min=   13.30 max=   13.30 p50=   13.30 p95=   13.30 p99=   13.30 rps=   0.02
  s2s.crud.fetchAllTickets                      n=  721 err=   0 errRate=  0.00% avg=   17.28 min=   12.41 max=  135.94 p50=   14.33 p95=   25.14 p99=   94.41 rps=  12.02
  s2s.crud.fetchFilms                           n=  720 err=   0 errRate=  0.00% avg=   22.08 min=   17.06 max=  121.62 p50=   19.19 p95=   28.38 p99=  101.05 rps=  12.00

2026-05-05T03:58:14.341Z  INFO 1 --- [lab8-additional-service] [   scheduling-1] r.h.l.a.o.ObservabilityService           : [lab8-additional-service] observability refresh
window 10s
  (no events)
window 30s
  calc.additional.maxViewersSummary             n=  181 err=   0 errRate=  0.00% avg=   36.24 min=   30.20 max=   53.44 p50=   34.90 p95=   45.88 p99=   49.57 rps=   6.03
  controller.AnalyticsController.maxViewersSummary n=  181 err=   0 errRate=  0.00% avg=   36.42 min=   30.37 max=   53.56 p50=   35.04 p95=   46.19 p99=   49.67 rps=   6.03
  controller.ObservabilityController.getStats   n=    1 err=   0 errRate=  0.00% avg=   13.30 min=   13.30 max=   13.30 p50=   13.30 p95=   13.30 p99=   13.30 rps=   0.03
  s2s.crud.fetchAllTickets                      n=  181 err=   0 errRate=  0.00% avg=   15.44 min=   12.55 max=   33.70 p50=   14.20 p95=   21.43 p99=   23.45 rps=   6.03
  s2s.crud.fetchFilms                           n=  181 err=   0 errRate=  0.00% avg=   20.73 min=   17.19 max=   35.45 p50=   19.43 p95=   27.41 p99=   32.90 rps=   6.03
window 1m
  calc.additional.maxViewersSummary             n=  705 err=   0 errRate=  0.00% avg=   39.35 min=   29.98 max=  220.61 p50=   34.73 p95=   48.95 p99=  174.24 rps=  11.75
  controller.AnalyticsController.maxViewersSummary n=  705 err=   0 errRate=  0.00% avg=   39.54 min=   30.12 max=  220.85 p50=   34.89 p95=   49.06 p99=  174.77 rps=  11.75
  controller.ObservabilityController.getStats   n=    1 err=   0 errRate=  0.00% avg=   13.30 min=   13.30 max=   13.30 p50=   13.30 p95=   13.30 p99=   13.30 rps=   0.02
  s2s.crud.fetchAllTickets                      n=  705 err=   0 errRate=  0.00% avg=   17.33 min=   12.41 max=  135.94 p50=   14.37 p95=   25.07 p99=   95.00 rps=  11.75
  s2s.crud.fetchFilms                           n=  704 err=   0 errRate=  0.00% avg=   21.97 min=   17.16 max=  121.62 p50=   19.18 p95=   28.32 p99=  100.88 rps=  11.73

2026-05-05T03:58:15.342Z  INFO 1 --- [lab8-additional-service] [   scheduling-1] r.h.l.a.o.ObservabilityService           : [lab8-additional-service] observability refresh
window 10s
  (no events)
window 30s
  calc.additional.maxViewersSummary             n=  160 err=   0 errRate=  0.00% avg=   36.13 min=   30.20 max=   53.44 p50=   34.83 p95=   45.91 p99=   50.20 rps=   5.33
  controller.AnalyticsController.maxViewersSummary n=  160 err=   0 errRate=  0.00% avg=   36.32 min=   30.37 max=   53.56 p50=   34.99 p95=   46.20 p99=   50.30 rps=   5.33
  controller.ObservabilityController.getStats   n=    1 err=   0 errRate=  0.00% avg=   13.30 min=   13.30 max=   13.30 p50=   13.30 p95=   13.30 p99=   13.30 rps=   0.03
  s2s.crud.fetchAllTickets                      n=  160 err=   0 errRate=  0.00% avg=   15.39 min=   12.62 max=   33.70 p50=   14.16 p95=   21.32 p99=   23.50 rps=   5.33
  s2s.crud.fetchFilms                           n=  160 err=   0 errRate=  0.00% avg=   20.67 min=   17.19 max=   35.45 p50=   19.40 p95=   27.59 p99=   33.34 rps=   5.33
window 1m
  calc.additional.maxViewersSummary             n=  690 err=   0 errRate=  0.00% avg=   39.48 min=   29.98 max=  220.61 p50=   34.77 p95=   49.07 p99=  174.83 rps=  11.50
  controller.AnalyticsController.maxViewersSummary n=  690 err=   0 errRate=  0.00% avg=   39.67 min=   30.12 max=  220.85 p50=   34.96 p95=   49.30 p99=  175.33 rps=  11.50
  controller.ObservabilityController.getStats   n=    1 err=   0 errRate=  0.00% avg=   13.30 min=   13.30 max=   13.30 p50=   13.30 p95=   13.30 p99=   13.30 rps=   0.02
  s2s.crud.fetchAllTickets                      n=  690 err=   0 errRate=  0.00% avg=   17.39 min=   12.41 max=  135.94 p50=   14.37 p95=   25.22 p99=   95.51 rps=  11.50
  s2s.crud.fetchFilms                           n=  690 err=   0 errRate=  0.00% avg=   22.03 min=   17.16 max=  121.62 p50=   19.22 p95=   28.36 p99=  101.14 rps=  11.50

2026-05-05T03:58:16.343Z  INFO 1 --- [lab8-additional-service] [   scheduling-1] r.h.l.a.o.ObservabilityService           : [lab8-additional-service] observability refresh
window 10s
  (no events)
window 30s
  calc.additional.maxViewersSummary             n=  145 err=   0 errRate=  0.00% avg=   35.93 min=   30.20 max=   53.44 p50=   34.63 p95=   45.87 p99=   50.15 rps=   4.83
  controller.AnalyticsController.maxViewersSummary n=  145 err=   0 errRate=  0.00% avg=   36.12 min=   30.37 max=   53.56 p50=   34.77 p95=   46.13 p99=   50.34 rps=   4.83
  controller.ObservabilityController.getStats   n=    1 err=   0 errRate=  0.00% avg=   13.30 min=   13.30 max=   13.30 p50=   13.30 p95=   13.30 p99=   13.30 rps=   0.03
  s2s.crud.fetchAllTickets                      n=  145 err=   0 errRate=  0.00% avg=   15.37 min=   12.62 max=   33.70 p50=   14.11 p95=   21.43 p99=   23.53 rps=   4.83
  s2s.crud.fetchFilms                           n=  144 err=   0 errRate=  0.00% avg=   20.49 min=   17.19 max=   35.45 p50=   19.16 p95=   27.56 p99=   33.54 rps=   4.80
window 1m
  calc.additional.maxViewersSummary             n=  672 err=   0 errRate=  0.00% avg=   39.60 min=   29.98 max=  220.61 p50=   34.81 p95=   49.53 p99=  175.10 rps=  11.20
  controller.AnalyticsController.maxViewersSummary n=  672 err=   0 errRate=  0.00% avg=   39.80 min=   30.12 max=  220.85 p50=   34.98 p95=   49.80 p99=  175.54 rps=  11.20
  controller.ObservabilityController.getStats   n=    1 err=   0 errRate=  0.00% avg=   13.30 min=   13.30 max=   13.30 p50=   13.30 p95=   13.30 p99=   13.30 rps=   0.02
  s2s.crud.fetchAllTickets                      n=  672 err=   0 errRate=  0.00% avg=   17.46 min=   12.41 max=  135.94 p50=   14.39 p95=   25.54 p99=   96.11 rps=  11.20
  s2s.crud.fetchFilms                           n=  672 err=   0 errRate=  0.00% avg=   22.08 min=   17.16 max=  121.62 p50=   19.21 p95=   28.39 p99=  101.45 rps=  11.20

2026-05-05T03:58:17.344Z  INFO 1 --- [lab8-additional-service] [   scheduling-1] r.h.l.a.o.ObservabilityService           : [lab8-additional-service] observability refresh
window 10s
  (no events)
window 30s
  calc.additional.maxViewersSummary             n=  123 err=   0 errRate=  0.00% avg=   36.17 min=   30.20 max=   53.44 p50=   34.86 p95=   46.32 p99=   51.07 rps=   4.10
  controller.AnalyticsController.maxViewersSummary n=  123 err=   0 errRate=  0.00% avg=   36.35 min=   30.37 max=   53.56 p50=   35.04 p95=   46.46 p99=   51.22 rps=   4.10
  controller.ObservabilityController.getStats   n=    1 err=   0 errRate=  0.00% avg=   13.30 min=   13.30 max=   13.30 p50=   13.30 p95=   13.30 p99=   13.30 rps=   0.03
  s2s.crud.fetchAllTickets                      n=  123 err=   0 errRate=  0.00% avg=   15.50 min=   12.62 max=   33.70 p50=   14.11 p95=   21.75 p99=   23.57 rps=   4.10
  s2s.crud.fetchFilms                           n=  123 err=   0 errRate=  0.00% avg=   20.61 min=   17.19 max=   35.45 p50=   19.17 p95=   27.63 p99=   34.04 rps=   4.10
window 1m
  calc.additional.maxViewersSummary             n=  652 err=   0 errRate=  0.00% avg=   39.61 min=   29.98 max=  220.61 p50=   34.75 p95=   50.06 p99=  175.41 rps=  10.87
  controller.AnalyticsController.maxViewersSummary n=  652 err=   0 errRate=  0.00% avg=   39.81 min=   30.12 max=  220.85 p50=   34.87 p95=   50.21 p99=  175.77 rps=  10.87
  controller.ObservabilityController.getStats   n=    1 err=   0 errRate=  0.00% avg=   13.30 min=   13.30 max=   13.30 p50=   13.30 p95=   13.30 p99=   13.30 rps=   0.02
  s2s.crud.fetchAllTickets                      n=  652 err=   0 errRate=  0.00% avg=   17.46 min=   12.41 max=  135.94 p50=   14.37 p95=   25.99 p99=   96.78 rps=  10.87
  s2s.crud.fetchFilms                           n=  652 err=   0 errRate=  0.00% avg=   22.10 min=   17.16 max=  121.62 p50=   19.19 p95=   28.51 p99=  101.80 rps=  10.87

2026-05-05T03:58:18.345Z  INFO 1 --- [lab8-additional-service] [   scheduling-1] r.h.l.a.o.ObservabilityService           : [lab8-additional-service] observability refresh
window 10s
  (no events)
window 30s
  calc.additional.maxViewersSummary             n=  109 err=   0 errRate=  0.00% avg=   36.35 min=   30.20 max=   53.44 p50=   34.93 p95=   46.47 p99=   51.66 rps=   3.63
  controller.AnalyticsController.maxViewersSummary n=  109 err=   0 errRate=  0.00% avg=   36.52 min=   30.37 max=   53.56 p50=   35.13 p95=   46.57 p99=   51.78 rps=   3.63
  controller.ObservabilityController.getStats   n=    1 err=   0 errRate=  0.00% avg=   13.30 min=   13.30 max=   13.30 p50=   13.30 p95=   13.30 p99=   13.30 rps=   0.03
  s2s.crud.fetchAllTickets                      n=  109 err=   0 errRate=  0.00% avg=   15.59 min=   12.62 max=   33.70 p50=   14.23 p95=   22.06 p99=   23.60 rps=   3.63
  s2s.crud.fetchFilms                           n=  109 err=   0 errRate=  0.00% avg=   20.69 min=   17.19 max=   35.45 p50=   19.17 p95=   27.69 p99=   34.38 rps=   3.63
window 1m
  calc.additional.maxViewersSummary             n=  631 err=   0 errRate=  0.00% avg=   39.66 min=   29.98 max=  220.61 p50=   34.75 p95=   49.58 p99=  175.73 rps=  10.52
  controller.AnalyticsController.maxViewersSummary n=  631 err=   0 errRate=  0.00% avg=   39.85 min=   30.12 max=  220.85 p50=   34.89 p95=   49.83 p99=  176.01 rps=  10.52
  controller.ObservabilityController.getStats   n=    1 err=   0 errRate=  0.00% avg=   13.30 min=   13.30 max=   13.30 p50=   13.30 p95=   13.30 p99=   13.30 rps=   0.02
  s2s.crud.fetchAllTickets                      n=  631 err=   0 errRate=  0.00% avg=   17.48 min=   12.41 max=  135.94 p50=   14.37 p95=   25.57 p99=   97.49 rps=  10.52
  s2s.crud.fetchFilms                           n=  631 err=   0 errRate=  0.00% avg=   22.12 min=   17.16 max=  121.62 p50=   19.19 p95=   28.24 p99=  102.17 rps=  10.52

2026-05-05T03:58:19.346Z  INFO 1 --- [lab8-additional-service] [   scheduling-1] r.h.l.a.o.ObservabilityService           : [lab8-additional-service] observability refresh
window 10s
  (no events)
window 30s
  calc.additional.maxViewersSummary             n=   93 err=   0 errRate=  0.00% avg=   36.80 min=   30.20 max=   53.44 p50=   35.09 p95=   46.59 p99=   52.11 rps=   3.10
  controller.AnalyticsController.maxViewersSummary n=   93 err=   0 errRate=  0.00% avg=   36.97 min=   30.37 max=   53.56 p50=   35.24 p95=   46.69 p99=   52.22 rps=   3.10
  controller.ObservabilityController.getStats   n=    1 err=   0 errRate=  0.00% avg=   13.30 min=   13.30 max=   13.30 p50=   13.30 p95=   13.30 p99=   13.30 rps=   0.03
  s2s.crud.fetchAllTickets                      n=   93 err=   0 errRate=  0.00% avg=   15.87 min=   12.62 max=   33.70 p50=   14.60 p95=   22.39 p99=   24.43 rps=   3.10
  s2s.crud.fetchFilms                           n=   93 err=   0 errRate=  0.00% avg=   20.86 min=   17.19 max=   35.45 p50=   19.24 p95=   27.98 p99=   34.64 rps=   3.10
window 1m
  calc.additional.maxViewersSummary             n=  617 err=   0 errRate=  0.00% avg=   37.75 min=   29.98 max=  219.28 p50=   34.67 p95=   47.25 p99=  113.14 rps=  10.28
  controller.AnalyticsController.maxViewersSummary n=  617 err=   0 errRate=  0.00% avg=   37.94 min=   30.12 max=  219.50 p50=   34.84 p95=   47.50 p99=  113.85 rps=  10.28
  controller.ObservabilityController.getStats   n=    1 err=   0 errRate=  0.00% avg=   13.30 min=   13.30 max=   13.30 p50=   13.30 p95=   13.30 p99=   13.30 rps=   0.02
  s2s.crud.fetchAllTickets                      n=  617 err=   0 errRate=  0.00% avg=   16.44 min=   12.41 max=  111.85 p50=   14.28 p95=   23.71 p99=   53.21 rps=  10.28
  s2s.crud.fetchFilms                           n=  616 err=   0 errRate=  0.00% avg=   21.11 min=   17.16 max=  117.38 p50=   19.15 p95=   27.47 p99=   64.97 rps=  10.27

2026-05-05T03:58:20.347Z  INFO 1 --- [lab8-additional-service] [   scheduling-1] r.h.l.a.o.ObservabilityService           : [lab8-additional-service] observability refresh
window 10s
  (no events)
window 30s
  calc.additional.maxViewersSummary             n=   79 err=   0 errRate=  0.00% avg=   36.53 min=   30.20 max=   53.44 p50=   35.02 p95=   46.68 p99=   52.31 rps=   2.63
  controller.AnalyticsController.maxViewersSummary n=   79 err=   0 errRate=  0.00% avg=   36.71 min=   30.37 max=   53.56 p50=   35.13 p95=   46.79 p99=   52.42 rps=   2.63
  controller.ObservabilityController.getStats   n=    1 err=   0 errRate=  0.00% avg=   13.30 min=   13.30 max=   13.30 p50=   13.30 p95=   13.30 p99=   13.30 rps=   0.03
  s2s.crud.fetchAllTickets                      n=   79 err=   0 errRate=  0.00% avg=   15.52 min=   12.62 max=   33.70 p50=   14.11 p95=   21.49 p99=   25.84 rps=   2.63
  s2s.crud.fetchFilms                           n=   79 err=   0 errRate=  0.00% avg=   20.94 min=   17.19 max=   35.45 p50=   19.24 p95=   28.39 p99=   34.77 rps=   2.63
window 1m
  calc.additional.maxViewersSummary             n=  596 err=   0 errRate=  0.00% avg=   36.97 min=   29.98 max=  174.66 p50=   34.62 p95=   46.39 p99=   94.41 rps=   9.93
  controller.AnalyticsController.maxViewersSummary n=  596 err=   0 errRate=  0.00% avg=   37.17 min=   30.12 max=  175.20 p50=   34.75 p95=   46.64 p99=   94.61 rps=   9.93
  controller.ObservabilityController.getStats   n=    1 err=   0 errRate=  0.00% avg=   13.30 min=   13.30 max=   13.30 p50=   13.30 p95=   13.30 p99=   13.30 rps=   0.02
  s2s.crud.fetchAllTickets                      n=  596 err=   0 errRate=  0.00% avg=   16.03 min=   12.41 max=  102.44 p50=   14.23 p95=   23.26 p99=   44.65 rps=   9.93
  s2s.crud.fetchFilms                           n=  595 err=   0 errRate=  0.00% avg=   20.88 min=   17.16 max=  110.32 p50=   19.12 p95=   27.23 p99=   37.30 rps=   9.92

2026-05-05T03:58:21.348Z  INFO 1 --- [lab8-additional-service] [   scheduling-1] r.h.l.a.o.ObservabilityService           : [lab8-additional-service] observability refresh
window 10s
  (no events)
window 30s
  calc.additional.maxViewersSummary             n=   56 err=   0 errRate=  0.00% avg=   35.80 min=   30.49 max=   52.00 p50=   34.26 p95=   46.01 p99=   49.69 rps=   1.87
  controller.AnalyticsController.maxViewersSummary n=   56 err=   0 errRate=  0.00% avg=   35.99 min=   30.82 max=   52.10 p50=   34.44 p95=   46.26 p99=   49.90 rps=   1.87
  controller.ObservabilityController.getStats   n=    1 err=   0 errRate=  0.00% avg=   13.30 min=   13.30 max=   13.30 p50=   13.30 p95=   13.30 p99=   13.30 rps=   0.03
  s2s.crud.fetchAllTickets                      n=   56 err=   0 errRate=  0.00% avg=   14.95 min=   12.62 max=   23.62 p50=   13.96 p95=   20.47 p99=   23.07 rps=   1.87
  s2s.crud.fetchFilms                           n=   55 err=   0 errRate=  0.00% avg=   20.83 min=   17.19 max=   35.45 p50=   19.16 p95=   28.47 p99=   34.98 rps=   1.83
window 1m
  calc.additional.maxViewersSummary             n=  579 err=   0 errRate=  0.00% avg=   37.05 min=   29.98 max=  174.66 p50=   34.67 p95=   46.45 p99=   95.39 rps=   9.65
  controller.AnalyticsController.maxViewersSummary n=  579 err=   0 errRate=  0.00% avg=   37.25 min=   30.12 max=  175.20 p50=   34.84 p95=   46.73 p99=   95.58 rps=   9.65
  controller.ObservabilityController.getStats   n=    1 err=   0 errRate=  0.00% avg=   13.30 min=   13.30 max=   13.30 p50=   13.30 p95=   13.30 p99=   13.30 rps=   0.02
  s2s.crud.fetchAllTickets                      n=  579 err=   0 errRate=  0.00% avg=   16.08 min=   12.41 max=  102.44 p50=   14.25 p95=   23.36 p99=   45.22 rps=   9.65
  s2s.crud.fetchFilms                           n=  578 err=   0 errRate=  0.00% avg=   20.92 min=   17.16 max=  110.32 p50=   19.13 p95=   27.19 p99=   42.55 rps=   9.63

