Picked up JAVA_TOOL_OPTIONS: 

  .   ____          _            __ _ _
 /\\ / ___'_ __ _ _(_)_ __  __ _ \ \ \ \
( ( )\___ | '_ | '_| | '_ \/ _` | \ \ \ \
 \\/  ___)| |_)| | | | | || (_| |  ) ) ) )
  '  |____| .__|_| |_|_| |_\__, | / / / /
 =========|_|==============|___/=/_/_/_/

 :: Spring Boot ::                (v4.0.3)

2026-05-06T21:01:21.078Z  INFO 1 --- [lab8-additional-service] [           main] r.h.l.a.AdditionalServiceApplication     : Starting AdditionalServiceApplication v1.0-SNAPSHOT using Java 25.0.3 with PID 1 (/app/app.jar started by spring in /app)
2026-05-06T21:01:21.102Z  INFO 1 --- [lab8-additional-service] [           main] r.h.l.a.AdditionalServiceApplication     : No active profile set, falling back to 1 default profile: "default"
2026-05-06T21:01:24.323Z  INFO 1 --- [lab8-additional-service] [           main] o.s.boot.tomcat.TomcatWebServer          : Tomcat initialized with port 8081 (http)
2026-05-06T21:01:24.389Z  INFO 1 --- [lab8-additional-service] [           main] o.apache.catalina.core.StandardService   : Starting service [Tomcat]
2026-05-06T21:01:24.390Z  INFO 1 --- [lab8-additional-service] [           main] o.apache.catalina.core.StandardEngine    : Starting Servlet engine: [Apache Tomcat/11.0.18]
2026-05-06T21:01:24.604Z  INFO 1 --- [lab8-additional-service] [           main] b.w.c.s.WebApplicationContextInitializer : Root WebApplicationContext: initialization completed in 3293 ms
2026-05-06T21:01:26.779Z  INFO 1 --- [lab8-additional-service] [           main] o.s.boot.tomcat.TomcatWebServer          : Tomcat started on port 8081 (http) with context path '/'
2026-05-06T21:01:26.815Z  INFO 1 --- [lab8-additional-service] [   scheduling-1] r.h.l.a.service.FilmCacheService         : film-cache stats: size=0 ttlMs=30000 lastRefreshAtMs=0 hits=0 misses=0 refreshes=0
2026-05-06T21:01:26.817Z  INFO 1 --- [lab8-additional-service] [           main] r.h.l.a.AdditionalServiceApplication     : Started AdditionalServiceApplication in 7.094 seconds (process running for 8.646)
2026-05-06T21:01:36.793Z  INFO 1 --- [lab8-additional-service] [   scheduling-1] r.h.l.a.service.FilmCacheService         : film-cache stats: size=0 ttlMs=30000 lastRefreshAtMs=0 hits=0 misses=0 refreshes=0
2026-05-06T21:01:43.161Z  INFO 1 --- [lab8-additional-service] [nio-8081-exec-1] o.a.c.c.C.[Tomcat].[localhost].[/]       : Initializing Spring DispatcherServlet 'dispatcherServlet'
2026-05-06T21:01:43.162Z  INFO 1 --- [lab8-additional-service] [nio-8081-exec-1] o.s.web.servlet.DispatcherServlet        : Initializing Servlet 'dispatcherServlet'
2026-05-06T21:01:43.165Z  INFO 1 --- [lab8-additional-service] [nio-8081-exec-1] o.s.web.servlet.DispatcherServlet        : Completed initialization in 2 ms
2026-05-06T21:01:43.927Z  INFO 1 --- [lab8-additional-service] [   scheduling-1] r.h.l.a.o.ObservabilityService           : [lab8-additional-service] observability refresh
window 10s
  controller.ObservabilityController.getStats   n=    1 err=   0 errRate=  0.00% avg=  198.53 min=  198.53 max=  198.53 p50=  198.53 p95=  198.53 p99=  198.53 rps=   0.10
window 30s
  controller.ObservabilityController.getStats   n=    1 err=   0 errRate=  0.00% avg=  198.53 min=  198.53 max=  198.53 p50=  198.53 p95=  198.53 p99=  198.53 rps=   0.03
window 1m
  controller.ObservabilityController.getStats   n=    1 err=   0 errRate=  0.00% avg=  198.53 min=  198.53 max=  198.53 p50=  198.53 p95=  198.53 p99=  198.53 rps=   0.02

2026-05-06T21:01:44.968Z  INFO 1 --- [lab8-additional-service] [   scheduling-1] r.h.l.a.o.ObservabilityService           : [lab8-additional-service] observability refresh
window 10s
  calc.additional.maxViewersSummary             n=   10 err=   0 errRate=  0.00% avg= 1108.24 min= 1096.49 max= 1123.99 p50= 1106.42 p95= 1120.31 p99= 1123.26 rps=   1.00
  controller.ObservabilityController.getStats   n=    1 err=   0 errRate=  0.00% avg=  198.53 min=  198.53 max=  198.53 p50=  198.53 p95=  198.53 p99=  198.53 rps=   0.10
  s2s.crud.fetchAllTickets                      n=   10 err=   0 errRate=  0.00% avg=  123.33 min=  111.74 max=  133.18 p50=  122.46 p95=  132.53 p99=  133.05 rps=   1.00
  s2s.crud.fetchFilms                           n=    1 err=   0 errRate=  0.00% avg=  938.00 min=  938.00 max=  938.00 p50=  938.00 p95=  938.00 p99=  938.00 rps=   0.10
window 30s
  calc.additional.maxViewersSummary             n=   10 err=   0 errRate=  0.00% avg= 1108.24 min= 1096.49 max= 1123.99 p50= 1106.42 p95= 1120.31 p99= 1123.26 rps=   0.33
  controller.ObservabilityController.getStats   n=    1 err=   0 errRate=  0.00% avg=  198.53 min=  198.53 max=  198.53 p50=  198.53 p95=  198.53 p99=  198.53 rps=   0.03
  s2s.crud.fetchAllTickets                      n=   10 err=   0 errRate=  0.00% avg=  123.33 min=  111.74 max=  133.18 p50=  122.46 p95=  132.53 p99=  133.05 rps=   0.33
  s2s.crud.fetchFilms                           n=    1 err=   0 errRate=  0.00% avg=  938.00 min=  938.00 max=  938.00 p50=  938.00 p95=  938.00 p99=  938.00 rps=   0.03
window 1m
  calc.additional.maxViewersSummary             n=   10 err=   0 errRate=  0.00% avg= 1108.24 min= 1096.49 max= 1123.99 p50= 1106.42 p95= 1120.31 p99= 1123.26 rps=   0.17
  controller.ObservabilityController.getStats   n=    1 err=   0 errRate=  0.00% avg=  198.53 min=  198.53 max=  198.53 p50=  198.53 p95=  198.53 p99=  198.53 rps=   0.02
  s2s.crud.fetchAllTickets                      n=   10 err=   0 errRate=  0.00% avg=  123.33 min=  111.74 max=  133.18 p50=  122.46 p95=  132.53 p99=  133.05 rps=   0.17
  s2s.crud.fetchFilms                           n=    1 err=   0 errRate=  0.00% avg=  938.00 min=  938.00 max=  938.00 p50=  938.00 p95=  938.00 p99=  938.00 rps=   0.02

2026-05-06T21:01:46.008Z  INFO 1 --- [lab8-additional-service] [   scheduling-1] r.h.l.a.o.ObservabilityService           : [lab8-additional-service] observability refresh
window 10s
  calc.additional.maxViewersSummary             n=  115 err=   0 errRate=  0.00% avg=  413.40 min=   50.29 max= 1226.56 p50=  171.92 p95= 1195.04 p99= 1209.67 rps=  11.50
  controller.AnalyticsController.maxViewersSummary n=  115 err=   0 errRate=  0.00% avg=  455.97 min=   56.30 max= 1393.07 p50=  175.00 p95= 1362.05 p99= 1384.97 rps=  11.50
  controller.ObservabilityController.getStats   n=    1 err=   0 errRate=  0.00% avg=  198.53 min=  198.53 max=  198.53 p50=  198.53 p95=  198.53 p99=  198.53 rps=   0.10
  s2s.crud.fetchAllTickets                      n=  115 err=   0 errRate=  0.00% avg=  153.97 min=   49.28 max=  278.62 p50=  157.90 p95=  232.20 p99=  275.61 rps=  11.50
  s2s.crud.fetchFilms                           n=    1 err=   0 errRate=  0.00% avg=  938.00 min=  938.00 max=  938.00 p50=  938.00 p95=  938.00 p99=  938.00 rps=   0.10
window 30s
  calc.additional.maxViewersSummary             n=  115 err=   0 errRate=  0.00% avg=  413.40 min=   50.29 max= 1226.56 p50=  171.92 p95= 1195.04 p99= 1209.67 rps=   3.83
  controller.AnalyticsController.maxViewersSummary n=  115 err=   0 errRate=  0.00% avg=  455.97 min=   56.30 max= 1393.07 p50=  175.00 p95= 1362.05 p99= 1384.97 rps=   3.83
  controller.ObservabilityController.getStats   n=    1 err=   0 errRate=  0.00% avg=  198.53 min=  198.53 max=  198.53 p50=  198.53 p95=  198.53 p99=  198.53 rps=   0.03
  s2s.crud.fetchAllTickets                      n=  115 err=   0 errRate=  0.00% avg=  153.97 min=   49.28 max=  278.62 p50=  157.90 p95=  232.20 p99=  275.61 rps=   3.83
  s2s.crud.fetchFilms                           n=    1 err=   0 errRate=  0.00% avg=  938.00 min=  938.00 max=  938.00 p50=  938.00 p95=  938.00 p99=  938.00 rps=   0.03
window 1m
  calc.additional.maxViewersSummary             n=  115 err=   0 errRate=  0.00% avg=  413.40 min=   50.29 max= 1226.56 p50=  171.92 p95= 1195.04 p99= 1209.67 rps=   1.92
  controller.AnalyticsController.maxViewersSummary n=  115 err=   0 errRate=  0.00% avg=  455.97 min=   56.30 max= 1393.07 p50=  175.00 p95= 1362.05 p99= 1384.97 rps=   1.92
  controller.ObservabilityController.getStats   n=    1 err=   0 errRate=  0.00% avg=  198.53 min=  198.53 max=  198.53 p50=  198.53 p95=  198.53 p99=  198.53 rps=   0.02
  s2s.crud.fetchAllTickets                      n=  115 err=   0 errRate=  0.00% avg=  153.97 min=   49.28 max=  278.62 p50=  157.90 p95=  232.20 p99=  275.61 rps=   1.92
  s2s.crud.fetchFilms                           n=    1 err=   0 errRate=  0.00% avg=  938.00 min=  938.00 max=  938.00 p50=  938.00 p95=  938.00 p99=  938.00 rps=   0.02

2026-05-06T21:01:46.793Z  INFO 1 --- [lab8-additional-service] [   scheduling-1] r.h.l.a.service.FilmCacheService         : film-cache stats: size=310 ttlMs=30000 lastRefreshAtMs=1778101303761 hits=234 misses=1 refreshes=1
2026-05-06T21:01:47.045Z  INFO 1 --- [lab8-additional-service] [   scheduling-1] r.h.l.a.o.ObservabilityService           : [lab8-additional-service] observability refresh
window 10s
  calc.additional.maxViewersSummary             n=  244 err=   0 errRate=  0.00% avg=  259.51 min=   47.86 max= 1226.56 p50=  135.23 p95= 1177.98 p99= 1207.48 rps=  24.40
  controller.AnalyticsController.maxViewersSummary n=  244 err=   0 errRate=  0.00% avg=  281.24 min=   49.45 max= 1393.07 p50=  140.77 p95= 1323.55 p99= 1380.93 rps=  24.40
  controller.ObservabilityController.getStats   n=    1 err=   0 errRate=  0.00% avg=  198.53 min=  198.53 max=  198.53 p50=  198.53 p95=  198.53 p99=  198.53 rps=   0.10
  s2s.crud.fetchAllTickets                      n=  244 err=   0 errRate=  0.00% avg=  137.02 min=   47.70 max=  278.62 p50=  131.11 p95=  212.34 p99=  268.12 rps=  24.40
  s2s.crud.fetchFilms                           n=    1 err=   0 errRate=  0.00% avg=  938.00 min=  938.00 max=  938.00 p50=  938.00 p95=  938.00 p99=  938.00 rps=   0.10
window 30s
  calc.additional.maxViewersSummary             n=  244 err=   0 errRate=  0.00% avg=  259.51 min=   47.86 max= 1226.56 p50=  135.23 p95= 1177.98 p99= 1207.48 rps=   8.13
  controller.AnalyticsController.maxViewersSummary n=  244 err=   0 errRate=  0.00% avg=  281.24 min=   49.45 max= 1393.07 p50=  140.77 p95= 1323.55 p99= 1380.93 rps=   8.13
  controller.ObservabilityController.getStats   n=    1 err=   0 errRate=  0.00% avg=  198.53 min=  198.53 max=  198.53 p50=  198.53 p95=  198.53 p99=  198.53 rps=   0.03
  s2s.crud.fetchAllTickets                      n=  244 err=   0 errRate=  0.00% avg=  137.02 min=   47.70 max=  278.62 p50=  131.11 p95=  212.34 p99=  268.12 rps=   8.13
  s2s.crud.fetchFilms                           n=    1 err=   0 errRate=  0.00% avg=  938.00 min=  938.00 max=  938.00 p50=  938.00 p95=  938.00 p99=  938.00 rps=   0.03
window 1m
  calc.additional.maxViewersSummary             n=  244 err=   0 errRate=  0.00% avg=  259.51 min=   47.86 max= 1226.56 p50=  135.23 p95= 1177.98 p99= 1207.48 rps=   4.07
  controller.AnalyticsController.maxViewersSummary n=  244 err=   0 errRate=  0.00% avg=  281.24 min=   49.45 max= 1393.07 p50=  140.77 p95= 1323.55 p99= 1380.93 rps=   4.07
  controller.ObservabilityController.getStats   n=    1 err=   0 errRate=  0.00% avg=  198.53 min=  198.53 max=  198.53 p50=  198.53 p95=  198.53 p99=  198.53 rps=   0.02
  s2s.crud.fetchAllTickets                      n=  244 err=   0 errRate=  0.00% avg=  137.02 min=   47.70 max=  278.62 p50=  131.11 p95=  212.34 p99=  268.12 rps=   4.07
  s2s.crud.fetchFilms                           n=    1 err=   0 errRate=  0.00% avg=  938.00 min=  938.00 max=  938.00 p50=  938.00 p95=  938.00 p99=  938.00 rps=   0.02

2026-05-06T21:01:48.066Z  INFO 1 --- [lab8-additional-service] [   scheduling-1] r.h.l.a.o.ObservabilityService           : [lab8-additional-service] observability refresh
window 10s
  calc.additional.maxViewersSummary             n=  372 err=   0 errRate=  0.00% avg=  213.73 min=   39.58 max= 1226.56 p50=  131.86 p95= 1158.57 p99= 1203.17 rps=  37.20
  controller.AnalyticsController.maxViewersSummary n=  372 err=   0 errRate=  0.00% avg=  228.66 min=   40.99 max= 1393.07 p50=  135.10 p95= 1293.85 p99= 1371.03 rps=  37.20
  controller.ObservabilityController.getStats   n=    1 err=   0 errRate=  0.00% avg=  198.53 min=  198.53 max=  198.53 p50=  198.53 p95=  198.53 p99=  198.53 rps=   0.10
  s2s.crud.fetchAllTickets                      n=  372 err=   0 errRate=  0.00% avg=  133.25 min=   39.41 max=  278.62 p50=  129.63 p95=  201.17 p99=  249.97 rps=  37.20
  s2s.crud.fetchFilms                           n=    1 err=   0 errRate=  0.00% avg=  938.00 min=  938.00 max=  938.00 p50=  938.00 p95=  938.00 p99=  938.00 rps=   0.10
window 30s
  calc.additional.maxViewersSummary             n=  372 err=   0 errRate=  0.00% avg=  213.73 min=   39.58 max= 1226.56 p50=  131.86 p95= 1158.57 p99= 1203.17 rps=  12.40
  controller.AnalyticsController.maxViewersSummary n=  372 err=   0 errRate=  0.00% avg=  228.66 min=   40.99 max= 1393.07 p50=  135.10 p95= 1293.85 p99= 1371.03 rps=  12.40
  controller.ObservabilityController.getStats   n=    1 err=   0 errRate=  0.00% avg=  198.53 min=  198.53 max=  198.53 p50=  198.53 p95=  198.53 p99=  198.53 rps=   0.03
  s2s.crud.fetchAllTickets                      n=  372 err=   0 errRate=  0.00% avg=  133.25 min=   39.41 max=  278.62 p50=  129.63 p95=  201.17 p99=  249.97 rps=  12.40
  s2s.crud.fetchFilms                           n=    1 err=   0 errRate=  0.00% avg=  938.00 min=  938.00 max=  938.00 p50=  938.00 p95=  938.00 p99=  938.00 rps=   0.03
window 1m
  calc.additional.maxViewersSummary             n=  372 err=   0 errRate=  0.00% avg=  213.73 min=   39.58 max= 1226.56 p50=  131.86 p95= 1158.57 p99= 1203.17 rps=   6.20
  controller.AnalyticsController.maxViewersSummary n=  372 err=   0 errRate=  0.00% avg=  228.66 min=   40.99 max= 1393.07 p50=  135.10 p95= 1293.85 p99= 1371.03 rps=   6.20
  controller.ObservabilityController.getStats   n=    1 err=   0 errRate=  0.00% avg=  198.53 min=  198.53 max=  198.53 p50=  198.53 p95=  198.53 p99=  198.53 rps=   0.02
  s2s.crud.fetchAllTickets                      n=  372 err=   0 errRate=  0.00% avg=  133.25 min=   39.41 max=  278.62 p50=  129.63 p95=  201.17 p99=  249.97 rps=   6.20
  s2s.crud.fetchFilms                           n=    1 err=   0 errRate=  0.00% avg=  938.00 min=  938.00 max=  938.00 p50=  938.00 p95=  938.00 p99=  938.00 rps=   0.02

2026-05-06T21:01:49.076Z  INFO 1 --- [lab8-additional-service] [   scheduling-1] r.h.l.a.o.ObservabilityService           : [lab8-additional-service] observability refresh
window 10s
  calc.additional.maxViewersSummary             n=  475 err=   0 errRate=  0.00% avg=  205.47 min=   39.58 max= 1226.56 p50=  135.14 p95= 1109.43 p99= 1198.34 rps=  47.50
  controller.AnalyticsController.maxViewersSummary n=  475 err=   0 errRate=  0.00% avg=  217.56 min=   40.99 max= 1393.07 p50=  137.97 p95= 1259.22 p99= 1365.16 rps=  47.50
  controller.ObservabilityController.getStats   n=    1 err=   0 errRate=  0.00% avg=  198.53 min=  198.53 max=  198.53 p50=  198.53 p95=  198.53 p99=  198.53 rps=   0.10
  s2s.crud.fetchAllTickets                      n=  475 err=   0 errRate=  0.00% avg=  142.37 min=   39.41 max=  370.63 p50=  132.26 p95=  244.64 p99=  303.64 rps=  47.50
  s2s.crud.fetchFilms                           n=    1 err=   0 errRate=  0.00% avg=  938.00 min=  938.00 max=  938.00 p50=  938.00 p95=  938.00 p99=  938.00 rps=   0.10
window 30s
  calc.additional.maxViewersSummary             n=  475 err=   0 errRate=  0.00% avg=  205.47 min=   39.58 max= 1226.56 p50=  135.14 p95= 1109.43 p99= 1198.34 rps=  15.83
  controller.AnalyticsController.maxViewersSummary n=  475 err=   0 errRate=  0.00% avg=  217.56 min=   40.99 max= 1393.07 p50=  137.97 p95= 1259.22 p99= 1365.16 rps=  15.83
  controller.ObservabilityController.getStats   n=    1 err=   0 errRate=  0.00% avg=  198.53 min=  198.53 max=  198.53 p50=  198.53 p95=  198.53 p99=  198.53 rps=   0.03
  s2s.crud.fetchAllTickets                      n=  475 err=   0 errRate=  0.00% avg=  142.37 min=   39.41 max=  370.63 p50=  132.26 p95=  244.64 p99=  303.64 rps=  15.83
  s2s.crud.fetchFilms                           n=    1 err=   0 errRate=  0.00% avg=  938.00 min=  938.00 max=  938.00 p50=  938.00 p95=  938.00 p99=  938.00 rps=   0.03
window 1m
  calc.additional.maxViewersSummary             n=  475 err=   0 errRate=  0.00% avg=  205.47 min=   39.58 max= 1226.56 p50=  135.14 p95= 1109.43 p99= 1198.34 rps=   7.92
  controller.AnalyticsController.maxViewersSummary n=  475 err=   0 errRate=  0.00% avg=  217.56 min=   40.99 max= 1393.07 p50=  137.97 p95= 1259.22 p99= 1365.16 rps=   7.92
  controller.ObservabilityController.getStats   n=    1 err=   0 errRate=  0.00% avg=  198.53 min=  198.53 max=  198.53 p50=  198.53 p95=  198.53 p99=  198.53 rps=   0.02
  s2s.crud.fetchAllTickets                      n=  475 err=   0 errRate=  0.00% avg=  142.37 min=   39.41 max=  370.63 p50=  132.26 p95=  244.64 p99=  303.64 rps=   7.92
  s2s.crud.fetchFilms                           n=    1 err=   0 errRate=  0.00% avg=  938.00 min=  938.00 max=  938.00 p50=  938.00 p95=  938.00 p99=  938.00 rps=   0.02

2026-05-06T21:01:50.099Z  INFO 1 --- [lab8-additional-service] [   scheduling-1] r.h.l.a.o.ObservabilityService           : [lab8-additional-service] observability refresh
window 10s
  calc.additional.maxViewersSummary             n=  630 err=   0 errRate=  0.00% avg=  181.39 min=   30.45 max= 1226.56 p50=  125.67 p95=  348.49 p99= 1193.75 rps=  63.00
  controller.AnalyticsController.maxViewersSummary n=  630 err=   0 errRate=  0.00% avg=  190.95 min=   34.58 max= 1393.07 p50=  128.19 p95=  353.40 p99= 1357.13 rps=  63.00
  controller.ObservabilityController.getStats   n=    1 err=   0 errRate=  0.00% avg=  198.53 min=  198.53 max=  198.53 p50=  198.53 p95=  198.53 p99=  198.53 rps=   0.10
  s2s.crud.fetchAllTickets                      n=  630 err=   0 errRate=  0.00% avg=  133.74 min=   30.32 max=  370.63 p50=  123.45 p95=  238.72 p99=  297.34 rps=  63.00
  s2s.crud.fetchFilms                           n=    1 err=   0 errRate=  0.00% avg=  938.00 min=  938.00 max=  938.00 p50=  938.00 p95=  938.00 p99=  938.00 rps=   0.10
window 30s
  calc.additional.maxViewersSummary             n=  630 err=   0 errRate=  0.00% avg=  181.39 min=   30.45 max= 1226.56 p50=  125.67 p95=  348.49 p99= 1193.75 rps=  21.00
  controller.AnalyticsController.maxViewersSummary n=  630 err=   0 errRate=  0.00% avg=  190.95 min=   34.58 max= 1393.07 p50=  128.19 p95=  353.40 p99= 1357.13 rps=  21.00
  controller.ObservabilityController.getStats   n=    1 err=   0 errRate=  0.00% avg=  198.53 min=  198.53 max=  198.53 p50=  198.53 p95=  198.53 p99=  198.53 rps=   0.03
  s2s.crud.fetchAllTickets                      n=  630 err=   0 errRate=  0.00% avg=  133.74 min=   30.32 max=  370.63 p50=  123.45 p95=  238.72 p99=  297.34 rps=  21.00
  s2s.crud.fetchFilms                           n=    1 err=   0 errRate=  0.00% avg=  938.00 min=  938.00 max=  938.00 p50=  938.00 p95=  938.00 p99=  938.00 rps=   0.03
window 1m
  calc.additional.maxViewersSummary             n=  630 err=   0 errRate=  0.00% avg=  181.39 min=   30.45 max= 1226.56 p50=  125.67 p95=  348.49 p99= 1193.75 rps=  10.50
  controller.AnalyticsController.maxViewersSummary n=  630 err=   0 errRate=  0.00% avg=  190.95 min=   34.58 max= 1393.07 p50=  128.19 p95=  353.40 p99= 1357.13 rps=  10.50
  controller.ObservabilityController.getStats   n=    1 err=   0 errRate=  0.00% avg=  198.53 min=  198.53 max=  198.53 p50=  198.53 p95=  198.53 p99=  198.53 rps=   0.02
  s2s.crud.fetchAllTickets                      n=  630 err=   0 errRate=  0.00% avg=  133.74 min=   30.32 max=  370.63 p50=  123.45 p95=  238.72 p99=  297.34 rps=  10.50
  s2s.crud.fetchFilms                           n=    1 err=   0 errRate=  0.00% avg=  938.00 min=  938.00 max=  938.00 p50=  938.00 p95=  938.00 p99=  938.00 rps=   0.02

2026-05-06T21:01:51.115Z  INFO 1 --- [lab8-additional-service] [   scheduling-1] r.h.l.a.o.ObservabilityService           : [lab8-additional-service] observability refresh
window 10s
  calc.additional.maxViewersSummary             n=  789 err=   0 errRate=  0.00% avg=  164.71 min=   30.45 max= 1226.56 p50=  117.60 p95=  279.92 p99= 1188.81 rps=  78.90
  controller.AnalyticsController.maxViewersSummary n=  788 err=   0 errRate=  0.00% avg=  172.66 min=   34.58 max= 1393.07 p50=  119.47 p95=  280.88 p99= 1343.81 rps=  78.80
  controller.ObservabilityController.getStats   n=    1 err=   0 errRate=  0.00% avg=  198.53 min=  198.53 max=  198.53 p50=  198.53 p95=  198.53 p99=  198.53 rps=   0.10
  s2s.crud.fetchAllTickets                      n=  789 err=   0 errRate=  0.00% avg=  126.62 min=   30.32 max=  370.63 p50=  116.96 p95=  226.66 p99=  286.93 rps=  78.90
  s2s.crud.fetchFilms                           n=    1 err=   0 errRate=  0.00% avg=  938.00 min=  938.00 max=  938.00 p50=  938.00 p95=  938.00 p99=  938.00 rps=   0.10
window 30s
  calc.additional.maxViewersSummary             n=  789 err=   0 errRate=  0.00% avg=  164.71 min=   30.45 max= 1226.56 p50=  117.60 p95=  279.92 p99= 1188.81 rps=  26.30
  controller.AnalyticsController.maxViewersSummary n=  788 err=   0 errRate=  0.00% avg=  172.66 min=   34.58 max= 1393.07 p50=  119.47 p95=  280.88 p99= 1343.81 rps=  26.27
  controller.ObservabilityController.getStats   n=    1 err=   0 errRate=  0.00% avg=  198.53 min=  198.53 max=  198.53 p50=  198.53 p95=  198.53 p99=  198.53 rps=   0.03
  s2s.crud.fetchAllTickets                      n=  789 err=   0 errRate=  0.00% avg=  126.62 min=   30.32 max=  370.63 p50=  116.96 p95=  226.66 p99=  286.93 rps=  26.30
  s2s.crud.fetchFilms                           n=    1 err=   0 errRate=  0.00% avg=  938.00 min=  938.00 max=  938.00 p50=  938.00 p95=  938.00 p99=  938.00 rps=   0.03
window 1m
  calc.additional.maxViewersSummary             n=  789 err=   0 errRate=  0.00% avg=  164.71 min=   30.45 max= 1226.56 p50=  117.60 p95=  279.92 p99= 1188.81 rps=  13.15
  controller.AnalyticsController.maxViewersSummary n=  788 err=   0 errRate=  0.00% avg=  172.66 min=   34.58 max= 1393.07 p50=  119.47 p95=  280.88 p99= 1343.81 rps=  13.13
  controller.ObservabilityController.getStats   n=    1 err=   0 errRate=  0.00% avg=  198.53 min=  198.53 max=  198.53 p50=  198.53 p95=  198.53 p99=  198.53 rps=   0.02
  s2s.crud.fetchAllTickets                      n=  789 err=   0 errRate=  0.00% avg=  126.62 min=   30.32 max=  370.63 p50=  116.96 p95=  226.66 p99=  286.93 rps=  13.15
  s2s.crud.fetchFilms                           n=    1 err=   0 errRate=  0.00% avg=  938.00 min=  938.00 max=  938.00 p50=  938.00 p95=  938.00 p99=  938.00 rps=   0.02

2026-05-06T21:01:52.125Z  INFO 1 --- [lab8-additional-service] [   scheduling-1] r.h.l.a.o.ObservabilityService           : [lab8-additional-service] observability refresh
window 10s
  calc.additional.maxViewersSummary             n=  944 err=   0 errRate=  0.00% avg=  154.95 min=   30.45 max= 1226.56 p50=  113.70 p95=  262.39 p99= 1183.99 rps=  94.40
  controller.AnalyticsController.maxViewersSummary n=  944 err=   0 errRate=  0.00% avg=  161.77 min=   34.58 max= 1393.07 p50=  115.69 p95=  263.12 p99= 1336.32 rps=  94.40
  controller.ObservabilityController.getStats   n=    1 err=   0 errRate=  0.00% avg=  198.53 min=  198.53 max=  198.53 p50=  198.53 p95=  198.53 p99=  198.53 rps=   0.10
  s2s.crud.fetchAllTickets                      n=  944 err=   0 errRate=  0.00% avg=  123.08 min=   30.32 max=  370.63 p50=  113.37 p95=  221.66 p99=  279.72 rps=  94.40
  s2s.crud.fetchFilms                           n=    1 err=   0 errRate=  0.00% avg=  938.00 min=  938.00 max=  938.00 p50=  938.00 p95=  938.00 p99=  938.00 rps=   0.10
window 30s
  calc.additional.maxViewersSummary             n=  944 err=   0 errRate=  0.00% avg=  154.95 min=   30.45 max= 1226.56 p50=  113.70 p95=  262.39 p99= 1183.99 rps=  31.47
  controller.AnalyticsController.maxViewersSummary n=  944 err=   0 errRate=  0.00% avg=  161.77 min=   34.58 max= 1393.07 p50=  115.69 p95=  263.12 p99= 1336.32 rps=  31.47
  controller.ObservabilityController.getStats   n=    1 err=   0 errRate=  0.00% avg=  198.53 min=  198.53 max=  198.53 p50=  198.53 p95=  198.53 p99=  198.53 rps=   0.03
  s2s.crud.fetchAllTickets                      n=  944 err=   0 errRate=  0.00% avg=  123.08 min=   30.32 max=  370.63 p50=  113.37 p95=  221.66 p99=  279.72 rps=  31.47
  s2s.crud.fetchFilms                           n=    1 err=   0 errRate=  0.00% avg=  938.00 min=  938.00 max=  938.00 p50=  938.00 p95=  938.00 p99=  938.00 rps=   0.03
window 1m
  calc.additional.maxViewersSummary             n=  944 err=   0 errRate=  0.00% avg=  154.95 min=   30.45 max= 1226.56 p50=  113.70 p95=  262.39 p99= 1183.99 rps=  15.73
  controller.AnalyticsController.maxViewersSummary n=  944 err=   0 errRate=  0.00% avg=  161.77 min=   34.58 max= 1393.07 p50=  115.69 p95=  263.12 p99= 1336.32 rps=  15.73
  controller.ObservabilityController.getStats   n=    1 err=   0 errRate=  0.00% avg=  198.53 min=  198.53 max=  198.53 p50=  198.53 p95=  198.53 p99=  198.53 rps=   0.02
  s2s.crud.fetchAllTickets                      n=  944 err=   0 errRate=  0.00% avg=  123.08 min=   30.32 max=  370.63 p50=  113.37 p95=  221.66 p99=  279.72 rps=  15.73
  s2s.crud.fetchFilms                           n=    1 err=   0 errRate=  0.00% avg=  938.00 min=  938.00 max=  938.00 p50=  938.00 p95=  938.00 p99=  938.00 rps=   0.02

2026-05-06T21:01:53.146Z  INFO 1 --- [lab8-additional-service] [   scheduling-1] r.h.l.a.o.ObservabilityService           : [lab8-additional-service] observability refresh
window 10s
  calc.additional.maxViewersSummary             n= 1093 err=   0 errRate=  0.00% avg=  147.93 min=   29.25 max= 1226.56 p50=  111.08 p95=  245.76 p99= 1180.20 rps= 109.30
  controller.AnalyticsController.maxViewersSummary n= 1093 err=   0 errRate=  0.00% avg=  153.97 min=   29.59 max= 1393.07 p50=  113.50 p95=  250.14 p99= 1325.84 rps= 109.30
  controller.ObservabilityController.getStats   n=    1 err=   0 errRate=  0.00% avg=  198.53 min=  198.53 max=  198.53 p50=  198.53 p95=  198.53 p99=  198.53 rps=   0.10
  s2s.crud.fetchAllTickets                      n= 1093 err=   0 errRate=  0.00% avg=  120.37 min=   27.28 max=  370.63 p50=  110.89 p95=  213.34 p99=  278.50 rps= 109.30
  s2s.crud.fetchFilms                           n=    1 err=   0 errRate=  0.00% avg=  938.00 min=  938.00 max=  938.00 p50=  938.00 p95=  938.00 p99=  938.00 rps=   0.10
window 30s
  calc.additional.maxViewersSummary             n= 1093 err=   0 errRate=  0.00% avg=  147.93 min=   29.25 max= 1226.56 p50=  111.08 p95=  245.76 p99= 1180.20 rps=  36.43
  controller.AnalyticsController.maxViewersSummary n= 1093 err=   0 errRate=  0.00% avg=  153.97 min=   29.59 max= 1393.07 p50=  113.50 p95=  250.14 p99= 1325.84 rps=  36.43
  controller.ObservabilityController.getStats   n=    1 err=   0 errRate=  0.00% avg=  198.53 min=  198.53 max=  198.53 p50=  198.53 p95=  198.53 p99=  198.53 rps=   0.03
  s2s.crud.fetchAllTickets                      n= 1093 err=   0 errRate=  0.00% avg=  120.37 min=   27.28 max=  370.63 p50=  110.89 p95=  213.34 p99=  278.50 rps=  36.43
  s2s.crud.fetchFilms                           n=    1 err=   0 errRate=  0.00% avg=  938.00 min=  938.00 max=  938.00 p50=  938.00 p95=  938.00 p99=  938.00 rps=   0.03
window 1m
  calc.additional.maxViewersSummary             n= 1093 err=   0 errRate=  0.00% avg=  147.93 min=   29.25 max= 1226.56 p50=  111.08 p95=  245.76 p99= 1180.20 rps=  18.22
  controller.AnalyticsController.maxViewersSummary n= 1093 err=   0 errRate=  0.00% avg=  153.97 min=   29.59 max= 1393.07 p50=  113.50 p95=  250.14 p99= 1325.84 rps=  18.22
  controller.ObservabilityController.getStats   n=    1 err=   0 errRate=  0.00% avg=  198.53 min=  198.53 max=  198.53 p50=  198.53 p95=  198.53 p99=  198.53 rps=   0.02
  s2s.crud.fetchAllTickets                      n= 1093 err=   0 errRate=  0.00% avg=  120.37 min=   27.28 max=  370.63 p50=  110.89 p95=  213.34 p99=  278.50 rps=  18.22
  s2s.crud.fetchFilms                           n=    1 err=   0 errRate=  0.00% avg=  938.00 min=  938.00 max=  938.00 p50=  938.00 p95=  938.00 p99=  938.00 rps=   0.02

2026-05-06T21:01:54.182Z  INFO 1 --- [lab8-additional-service] [   scheduling-1] r.h.l.a.o.ObservabilityService           : [lab8-additional-service] observability refresh
window 10s
  calc.additional.maxViewersSummary             n= 1254 err=   0 errRate=  0.00% avg=  140.64 min=   29.25 max= 1226.56 p50=  107.50 p95=  235.86 p99= 1176.71 rps= 125.40
  controller.AnalyticsController.maxViewersSummary n= 1254 err=   0 errRate=  0.00% avg=  146.06 min=   29.59 max= 1393.07 p50=  109.97 p95=  236.90 p99= 1320.52 rps= 125.40
  s2s.crud.fetchAllTickets                      n= 1254 err=   0 errRate=  0.00% avg=  116.59 min=   27.28 max=  370.63 p50=  107.27 p95=  203.18 p99=  276.39 rps= 125.40
  s2s.crud.fetchFilms                           n=    1 err=   0 errRate=  0.00% avg=  938.00 min=  938.00 max=  938.00 p50=  938.00 p95=  938.00 p99=  938.00 rps=   0.10
window 30s
  calc.additional.maxViewersSummary             n= 1254 err=   0 errRate=  0.00% avg=  140.64 min=   29.25 max= 1226.56 p50=  107.50 p95=  235.86 p99= 1176.71 rps=  41.80
  controller.AnalyticsController.maxViewersSummary n= 1254 err=   0 errRate=  0.00% avg=  146.06 min=   29.59 max= 1393.07 p50=  109.97 p95=  236.90 p99= 1320.52 rps=  41.80
  controller.ObservabilityController.getStats   n=    1 err=   0 errRate=  0.00% avg=  198.53 min=  198.53 max=  198.53 p50=  198.53 p95=  198.53 p99=  198.53 rps=   0.03
  s2s.crud.fetchAllTickets                      n= 1254 err=   0 errRate=  0.00% avg=  116.59 min=   27.28 max=  370.63 p50=  107.27 p95=  203.18 p99=  276.39 rps=  41.80
  s2s.crud.fetchFilms                           n=    1 err=   0 errRate=  0.00% avg=  938.00 min=  938.00 max=  938.00 p50=  938.00 p95=  938.00 p99=  938.00 rps=   0.03
window 1m
  calc.additional.maxViewersSummary             n= 1254 err=   0 errRate=  0.00% avg=  140.64 min=   29.25 max= 1226.56 p50=  107.50 p95=  235.86 p99= 1176.71 rps=  20.90
  controller.AnalyticsController.maxViewersSummary n= 1254 err=   0 errRate=  0.00% avg=  146.06 min=   29.59 max= 1393.07 p50=  109.97 p95=  236.90 p99= 1320.52 rps=  20.90
  controller.ObservabilityController.getStats   n=    1 err=   0 errRate=  0.00% avg=  198.53 min=  198.53 max=  198.53 p50=  198.53 p95=  198.53 p99=  198.53 rps=   0.02
  s2s.crud.fetchAllTickets                      n= 1254 err=   0 errRate=  0.00% avg=  116.59 min=   27.28 max=  370.63 p50=  107.27 p95=  203.18 p99=  276.39 rps=  20.90
  s2s.crud.fetchFilms                           n=    1 err=   0 errRate=  0.00% avg=  938.00 min=  938.00 max=  938.00 p50=  938.00 p95=  938.00 p99=  938.00 rps=   0.02

2026-05-06T21:01:55.210Z  INFO 1 --- [lab8-additional-service] [   scheduling-1] r.h.l.a.o.ObservabilityService           : [lab8-additional-service] observability refresh
window 10s
  calc.additional.maxViewersSummary             n= 1391 err=   0 errRate=  0.00% avg=  113.16 min=   26.20 max=  370.74 p50=  104.61 p95=  201.38 p99=  274.97 rps= 139.10
  controller.AnalyticsController.maxViewersSummary n= 1391 err=   0 errRate=  0.00% avg=  114.91 min=   26.71 max=  371.20 p50=  105.99 p95=  205.11 p99=  277.19 rps= 139.10
  s2s.crud.fetchAllTickets                      n= 1391 err=   0 errRate=  0.00% avg=  112.86 min=   26.01 max=  370.63 p50=  104.45 p95=  201.07 p99=  274.70 rps= 139.10
window 30s
  calc.additional.maxViewersSummary             n= 1421 err=   0 errRate=  0.00% avg=  135.26 min=   26.20 max= 1226.56 p50=  105.12 p95=  230.75 p99= 1171.90 rps=  47.37
  controller.AnalyticsController.maxViewersSummary n= 1421 err=   0 errRate=  0.00% avg=  140.18 min=   26.71 max= 1393.07 p50=  106.65 p95=  233.02 p99= 1315.31 rps=  47.37
  controller.ObservabilityController.getStats   n=    1 err=   0 errRate=  0.00% avg=  198.53 min=  198.53 max=  198.53 p50=  198.53 p95=  198.53 p99=  198.53 rps=   0.03
  s2s.crud.fetchAllTickets                      n= 1421 err=   0 errRate=  0.00% avg=  114.01 min=   26.01 max=  370.63 p50=  104.96 p95=  201.76 p99=  274.19 rps=  47.37
  s2s.crud.fetchFilms                           n=    1 err=   0 errRate=  0.00% avg=  938.00 min=  938.00 max=  938.00 p50=  938.00 p95=  938.00 p99=  938.00 rps=   0.03
window 1m
  calc.additional.maxViewersSummary             n= 1421 err=   0 errRate=  0.00% avg=  135.26 min=   26.20 max= 1226.56 p50=  105.12 p95=  230.75 p99= 1171.90 rps=  23.68
  controller.AnalyticsController.maxViewersSummary n= 1421 err=   0 errRate=  0.00% avg=  140.18 min=   26.71 max= 1393.07 p50=  106.65 p95=  233.02 p99= 1315.31 rps=  23.68
  controller.ObservabilityController.getStats   n=    1 err=   0 errRate=  0.00% avg=  198.53 min=  198.53 max=  198.53 p50=  198.53 p95=  198.53 p99=  198.53 rps=   0.02
  s2s.crud.fetchAllTickets                      n= 1421 err=   0 errRate=  0.00% avg=  114.01 min=   26.01 max=  370.63 p50=  104.96 p95=  201.76 p99=  274.19 rps=  23.68
  s2s.crud.fetchFilms                           n=    1 err=   0 errRate=  0.00% avg=  938.00 min=  938.00 max=  938.00 p50=  938.00 p95=  938.00 p99=  938.00 rps=   0.02

2026-05-06T21:01:56.220Z  INFO 1 --- [lab8-additional-service] [   scheduling-1] r.h.l.a.o.ObservabilityService           : [lab8-additional-service] observability refresh
window 10s
  calc.additional.maxViewersSummary             n= 1439 err=   0 errRate=  0.00% avg=  107.91 min=   23.53 max=  370.74 p50=  100.40 p95=  193.69 p99=  265.09 rps= 143.90
  controller.AnalyticsController.maxViewersSummary n= 1439 err=   0 errRate=  0.00% avg=  109.37 min=   25.33 max=  371.20 p50=  102.42 p95=  195.88 p99=  265.58 rps= 143.90
  s2s.crud.fetchAllTickets                      n= 1439 err=   0 errRate=  0.00% avg=  107.65 min=   23.42 max=  370.63 p50=  100.31 p95=  193.21 p99=  264.96 rps= 143.90
window 30s
  calc.additional.maxViewersSummary             n= 1582 err=   0 errRate=  0.00% avg=  130.53 min=   23.53 max= 1226.56 p50=  103.98 p95=  221.87 p99= 1167.93 rps=  52.73
  controller.AnalyticsController.maxViewersSummary n= 1582 err=   0 errRate=  0.00% avg=  135.02 min=   25.33 max= 1393.07 p50=  105.31 p95=  223.74 p99= 1311.94 rps=  52.73
  controller.ObservabilityController.getStats   n=    1 err=   0 errRate=  0.00% avg=  198.53 min=  198.53 max=  198.53 p50=  198.53 p95=  198.53 p99=  198.53 rps=   0.03
  s2s.crud.fetchAllTickets                      n= 1582 err=   0 errRate=  0.00% avg=  111.42 min=   23.42 max=  370.63 p50=  103.79 p95=  198.86 p99=  272.52 rps=  52.73
  s2s.crud.fetchFilms                           n=    1 err=   0 errRate=  0.00% avg=  938.00 min=  938.00 max=  938.00 p50=  938.00 p95=  938.00 p99=  938.00 rps=   0.03
window 1m
  calc.additional.maxViewersSummary             n= 1582 err=   0 errRate=  0.00% avg=  130.53 min=   23.53 max= 1226.56 p50=  103.98 p95=  221.87 p99= 1167.93 rps=  26.37
  controller.AnalyticsController.maxViewersSummary n= 1582 err=   0 errRate=  0.00% avg=  135.02 min=   25.33 max= 1393.07 p50=  105.31 p95=  223.74 p99= 1311.94 rps=  26.37
  controller.ObservabilityController.getStats   n=    1 err=   0 errRate=  0.00% avg=  198.53 min=  198.53 max=  198.53 p50=  198.53 p95=  198.53 p99=  198.53 rps=   0.02
  s2s.crud.fetchAllTickets                      n= 1582 err=   0 errRate=  0.00% avg=  111.42 min=   23.42 max=  370.63 p50=  103.79 p95=  198.86 p99=  272.52 rps=  26.37
  s2s.crud.fetchFilms                           n=    1 err=   0 errRate=  0.00% avg=  938.00 min=  938.00 max=  938.00 p50=  938.00 p95=  938.00 p99=  938.00 rps=   0.02

2026-05-06T21:01:56.793Z  INFO 1 --- [lab8-additional-service] [   scheduling-1] r.h.l.a.service.FilmCacheService         : film-cache stats: size=310 ttlMs=30000 lastRefreshAtMs=1778101303761 hits=1687 misses=1 refreshes=1
2026-05-06T21:01:57.225Z  INFO 1 --- [lab8-additional-service] [   scheduling-1] r.h.l.a.o.ObservabilityService           : [lab8-additional-service] observability refresh
window 10s
  calc.additional.maxViewersSummary             n= 1474 err=   0 errRate=  0.00% avg=  104.89 min=   23.53 max=  370.74 p50=   97.45 p95=  190.73 p99=  263.62 rps= 147.40
  controller.AnalyticsController.maxViewersSummary n= 1474 err=   0 errRate=  0.00% avg=  106.17 min=   25.33 max=  371.20 p50=   98.74 p95=  191.68 p99=  264.26 rps= 147.40
  s2s.crud.fetchAllTickets                      n= 1474 err=   0 errRate=  0.00% avg=  104.66 min=   23.42 max=  370.63 p50=   97.14 p95=  190.38 p99=  263.47 rps= 147.40
window 30s
  calc.additional.maxViewersSummary             n= 1746 err=   0 errRate=  0.00% avg=  126.96 min=   23.53 max= 1226.56 p50=  102.65 p95=  214.62 p99= 1161.74 rps=  58.20
  controller.AnalyticsController.maxViewersSummary n= 1746 err=   0 errRate=  0.00% avg=  131.11 min=   25.33 max= 1393.07 p50=  104.01 p95=  215.79 p99= 1304.38 rps=  58.20
  controller.ObservabilityController.getStats   n=    1 err=   0 errRate=  0.00% avg=  198.53 min=  198.53 max=  198.53 p50=  198.53 p95=  198.53 p99=  198.53 rps=   0.03
  s2s.crud.fetchAllTickets                      n= 1746 err=   0 errRate=  0.00% avg=  109.64 min=   23.42 max=  370.63 p50=  102.16 p95=  196.61 p99=  264.66 rps=  58.20
  s2s.crud.fetchFilms                           n=    1 err=   0 errRate=  0.00% avg=  938.00 min=  938.00 max=  938.00 p50=  938.00 p95=  938.00 p99=  938.00 rps=   0.03
window 1m
  calc.additional.maxViewersSummary             n= 1746 err=   0 errRate=  0.00% avg=  126.96 min=   23.53 max= 1226.56 p50=  102.65 p95=  214.62 p99= 1161.74 rps=  29.10
  controller.AnalyticsController.maxViewersSummary n= 1746 err=   0 errRate=  0.00% avg=  131.11 min=   25.33 max= 1393.07 p50=  104.01 p95=  215.79 p99= 1304.38 rps=  29.10
  controller.ObservabilityController.getStats   n=    1 err=   0 errRate=  0.00% avg=  198.53 min=  198.53 max=  198.53 p50=  198.53 p95=  198.53 p99=  198.53 rps=   0.02
  s2s.crud.fetchAllTickets                      n= 1746 err=   0 errRate=  0.00% avg=  109.64 min=   23.42 max=  370.63 p50=  102.16 p95=  196.61 p99=  264.66 rps=  29.10
  s2s.crud.fetchFilms                           n=    1 err=   0 errRate=  0.00% avg=  938.00 min=  938.00 max=  938.00 p50=  938.00 p95=  938.00 p99=  938.00 rps=   0.02

2026-05-06T21:01:58.237Z  INFO 1 --- [lab8-additional-service] [   scheduling-1] r.h.l.a.o.ObservabilityService           : [lab8-additional-service] observability refresh
window 10s
  calc.additional.maxViewersSummary             n= 1529 err=   0 errRate=  0.00% avg=  101.00 min=   23.53 max=  370.74 p50=   94.73 p95=  184.40 p99=  262.32 rps= 152.90
  controller.AnalyticsController.maxViewersSummary n= 1529 err=   0 errRate=  0.00% avg=  102.16 min=   25.33 max=  371.20 p50=   95.50 p95=  185.58 p99=  263.02 rps= 152.90
  s2s.crud.fetchAllTickets                      n= 1529 err=   0 errRate=  0.00% avg=  100.78 min=   23.42 max=  370.63 p50=   94.43 p95=  184.28 p99=  262.18 rps= 152.90
window 30s
  calc.additional.maxViewersSummary             n= 1921 err=   0 errRate=  0.00% avg=  123.03 min=   23.53 max= 1226.56 p50=  100.00 p95=  206.48 p99= 1150.36 rps=  64.03
  controller.AnalyticsController.maxViewersSummary n= 1921 err=   0 errRate=  0.00% avg=  126.87 min=   25.33 max= 1393.07 p50=  101.81 p95=  206.95 p99= 1286.27 rps=  64.03
  controller.ObservabilityController.getStats   n=    1 err=   0 errRate=  0.00% avg=  198.53 min=  198.53 max=  198.53 p50=  198.53 p95=  198.53 p99=  198.53 rps=   0.03
  s2s.crud.fetchAllTickets                      n= 1921 err=   0 errRate=  0.00% avg=  107.27 min=   23.42 max=  370.63 p50=   99.68 p95=  191.77 p99=  261.36 rps=  64.03
  s2s.crud.fetchFilms                           n=    1 err=   0 errRate=  0.00% avg=  938.00 min=  938.00 max=  938.00 p50=  938.00 p95=  938.00 p99=  938.00 rps=   0.03
window 1m
  calc.additional.maxViewersSummary             n= 1921 err=   0 errRate=  0.00% avg=  123.03 min=   23.53 max= 1226.56 p50=  100.00 p95=  206.48 p99= 1150.36 rps=  32.02
  controller.AnalyticsController.maxViewersSummary n= 1921 err=   0 errRate=  0.00% avg=  126.87 min=   25.33 max= 1393.07 p50=  101.81 p95=  206.95 p99= 1286.27 rps=  32.02
  controller.ObservabilityController.getStats   n=    1 err=   0 errRate=  0.00% avg=  198.53 min=  198.53 max=  198.53 p50=  198.53 p95=  198.53 p99=  198.53 rps=   0.02
  s2s.crud.fetchAllTickets                      n= 1921 err=   0 errRate=  0.00% avg=  107.27 min=   23.42 max=  370.63 p50=   99.68 p95=  191.77 p99=  261.36 rps=  32.02
  s2s.crud.fetchFilms                           n=    1 err=   0 errRate=  0.00% avg=  938.00 min=  938.00 max=  938.00 p50=  938.00 p95=  938.00 p99=  938.00 rps=   0.02

2026-05-06T21:01:59.254Z  INFO 1 --- [lab8-additional-service] [   scheduling-1] r.h.l.a.o.ObservabilityService           : [lab8-additional-service] observability refresh
window 10s
  calc.additional.maxViewersSummary             n= 1577 err=   0 errRate=  0.00% avg=   95.49 min=   23.53 max=  297.50 p50=   91.93 p95=  165.53 p99=  216.67 rps= 157.70
  controller.AnalyticsController.maxViewersSummary n= 1577 err=   0 errRate=  0.00% avg=   96.57 min=   25.33 max=  297.71 p50=   92.94 p95=  167.17 p99=  216.92 rps= 157.70
  s2s.crud.fetchAllTickets                      n= 1577 err=   0 errRate=  0.00% avg=   95.30 min=   23.42 max=  297.43 p50=   91.80 p95=  165.38 p99=  216.60 rps= 157.70
window 30s
  calc.additional.maxViewersSummary             n= 2078 err=   0 errRate=  0.00% avg=  121.33 min=   23.53 max= 1226.56 p50=   99.18 p95=  207.39 p99= 1117.69 rps=  69.27
  controller.AnalyticsController.maxViewersSummary n= 2078 err=   0 errRate=  0.00% avg=  124.93 min=   25.33 max= 1393.07 p50=  100.43 p95=  209.03 p99= 1280.20 rps=  69.27
  controller.ObservabilityController.getStats   n=    1 err=   0 errRate=  0.00% avg=  198.53 min=  198.53 max=  198.53 p50=  198.53 p95=  198.53 p99=  198.53 rps=   0.03
  s2s.crud.fetchAllTickets                      n= 2078 err=   0 errRate=  0.00% avg=  106.76 min=   23.42 max=  370.63 p50=   98.86 p95=  193.78 p99=  260.07 rps=  69.27
  s2s.crud.fetchFilms                           n=    1 err=   0 errRate=  0.00% avg=  938.00 min=  938.00 max=  938.00 p50=  938.00 p95=  938.00 p99=  938.00 rps=   0.03
window 1m
  calc.additional.maxViewersSummary             n= 2078 err=   0 errRate=  0.00% avg=  121.33 min=   23.53 max= 1226.56 p50=   99.18 p95=  207.39 p99= 1117.69 rps=  34.63
  controller.AnalyticsController.maxViewersSummary n= 2078 err=   0 errRate=  0.00% avg=  124.93 min=   25.33 max= 1393.07 p50=  100.43 p95=  209.03 p99= 1280.20 rps=  34.63
  controller.ObservabilityController.getStats   n=    1 err=   0 errRate=  0.00% avg=  198.53 min=  198.53 max=  198.53 p50=  198.53 p95=  198.53 p99=  198.53 rps=   0.02
  s2s.crud.fetchAllTickets                      n= 2078 err=   0 errRate=  0.00% avg=  106.76 min=   23.42 max=  370.63 p50=   98.86 p95=  193.78 p99=  260.07 rps=  34.63
  s2s.crud.fetchFilms                           n=    1 err=   0 errRate=  0.00% avg=  938.00 min=  938.00 max=  938.00 p50=  938.00 p95=  938.00 p99=  938.00 rps=   0.02

2026-05-06T21:02:00.277Z  INFO 1 --- [lab8-additional-service] [   scheduling-1] r.h.l.a.o.ObservabilityService           : [lab8-additional-service] observability refresh
window 10s
  calc.additional.maxViewersSummary             n= 1610 err=   0 errRate=  0.00% avg=   91.83 min=   21.70 max=  297.50 p50=   88.65 p95=  161.22 p99=  213.27 rps= 161.00
  controller.AnalyticsController.maxViewersSummary n= 1612 err=   0 errRate=  0.00% avg=   92.80 min=   22.12 max=  297.71 p50=   89.47 p95=  162.52 p99=  213.97 rps= 161.20
  s2s.crud.fetchAllTickets                      n= 1610 err=   0 errRate=  0.00% avg=   91.66 min=   21.63 max=  297.43 p50=   88.50 p95=  161.05 p99=  213.17 rps= 161.00
window 30s
  calc.additional.maxViewersSummary             n= 2267 err=   0 errRate=  0.00% avg=  116.85 min=   21.70 max= 1226.56 p50=   96.17 p95=  200.45 p99= 1114.41 rps=  75.57
  controller.AnalyticsController.maxViewersSummary n= 2267 err=   0 errRate=  0.00% avg=  120.21 min=   22.12 max= 1393.07 p50=   97.29 p95=  203.82 p99= 1262.89 rps=  75.57
  controller.ObservabilityController.getStats   n=    1 err=   0 errRate=  0.00% avg=  198.53 min=  198.53 max=  198.53 p50=  198.53 p95=  198.53 p99=  198.53 rps=   0.03
  s2s.crud.fetchAllTickets                      n= 2267 err=   0 errRate=  0.00% avg=  103.49 min=   21.63 max=  370.63 p50=   96.00 p95=  191.28 p99=  257.13 rps=  75.57
  s2s.crud.fetchFilms                           n=    1 err=   0 errRate=  0.00% avg=  938.00 min=  938.00 max=  938.00 p50=  938.00 p95=  938.00 p99=  938.00 rps=   0.03
window 1m
  calc.additional.maxViewersSummary             n= 2267 err=   0 errRate=  0.00% avg=  116.85 min=   21.70 max= 1226.56 p50=   96.17 p95=  200.45 p99= 1114.41 rps=  37.78
  controller.AnalyticsController.maxViewersSummary n= 2267 err=   0 errRate=  0.00% avg=  120.21 min=   22.12 max= 1393.07 p50=   97.29 p95=  203.82 p99= 1262.89 rps=  37.78
  controller.ObservabilityController.getStats   n=    1 err=   0 errRate=  0.00% avg=  198.53 min=  198.53 max=  198.53 p50=  198.53 p95=  198.53 p99=  198.53 rps=   0.02
  s2s.crud.fetchAllTickets                      n= 2267 err=   0 errRate=  0.00% avg=  103.49 min=   21.63 max=  370.63 p50=   96.00 p95=  191.28 p99=  257.13 rps=  37.78
  s2s.crud.fetchFilms                           n=    1 err=   0 errRate=  0.00% avg=  938.00 min=  938.00 max=  938.00 p50=  938.00 p95=  938.00 p99=  938.00 rps=   0.02

2026-05-06T21:02:01.295Z  INFO 1 --- [lab8-additional-service] [   scheduling-1] r.h.l.a.o.ObservabilityService           : [lab8-additional-service] observability refresh
window 10s
  calc.additional.maxViewersSummary             n= 1675 err=   0 errRate=  0.00% avg=   86.90 min=   20.88 max=  297.50 p50=   83.68 p95=  152.34 p99=  209.81 rps= 167.50
  controller.AnalyticsController.maxViewersSummary n= 1675 err=   0 errRate=  0.00% avg=   87.79 min=   22.12 max=  297.71 p50=   84.74 p95=  153.21 p99=  210.48 rps= 167.50
  s2s.crud.fetchAllTickets                      n= 1675 err=   0 errRate=  0.00% avg=   86.74 min=   20.78 max=  297.43 p50=   83.52 p95=  152.24 p99=  209.59 rps= 167.50
window 30s
  calc.additional.maxViewersSummary             n= 2486 err=   0 errRate=  0.00% avg=  111.86 min=   20.88 max= 1226.56 p50=   92.79 p95=  197.22 p99= 1105.61 rps=  82.87
  controller.AnalyticsController.maxViewersSummary n= 2486 err=   0 errRate=  0.00% avg=  114.98 min=   22.12 max= 1393.07 p50=   94.04 p95=  199.19 p99= 1257.13 rps=  82.87
  controller.ObservabilityController.getStats   n=    1 err=   0 errRate=  0.00% avg=  198.53 min=  198.53 max=  198.53 p50=  198.53 p95=  198.53 p99=  198.53 rps=   0.03
  s2s.crud.fetchAllTickets                      n= 2486 err=   0 errRate=  0.00% avg=   99.66 min=   20.78 max=  370.63 p50=   92.68 p95=  188.77 p99=  250.18 rps=  82.87
  s2s.crud.fetchFilms                           n=    1 err=   0 errRate=  0.00% avg=  938.00 min=  938.00 max=  938.00 p50=  938.00 p95=  938.00 p99=  938.00 rps=   0.03
window 1m
  calc.additional.maxViewersSummary             n= 2486 err=   0 errRate=  0.00% avg=  111.86 min=   20.88 max= 1226.56 p50=   92.79 p95=  197.22 p99= 1105.61 rps=  41.43
  controller.AnalyticsController.maxViewersSummary n= 2486 err=   0 errRate=  0.00% avg=  114.98 min=   22.12 max= 1393.07 p50=   94.04 p95=  199.19 p99= 1257.13 rps=  41.43
  controller.ObservabilityController.getStats   n=    1 err=   0 errRate=  0.00% avg=  198.53 min=  198.53 max=  198.53 p50=  198.53 p95=  198.53 p99=  198.53 rps=   0.02
  s2s.crud.fetchAllTickets                      n= 2486 err=   0 errRate=  0.00% avg=   99.66 min=   20.78 max=  370.63 p50=   92.68 p95=  188.77 p99=  250.18 rps=  41.43
  s2s.crud.fetchFilms                           n=    1 err=   0 errRate=  0.00% avg=  938.00 min=  938.00 max=  938.00 p50=  938.00 p95=  938.00 p99=  938.00 rps=   0.02

2026-05-06T21:02:02.329Z  INFO 1 --- [lab8-additional-service] [   scheduling-1] r.h.l.a.o.ObservabilityService           : [lab8-additional-service] observability refresh
window 10s
  calc.additional.maxViewersSummary             n= 1707 err=   0 errRate=  0.00% avg=   82.35 min=   19.81 max=  297.50 p50=   79.31 p95=  147.91 p99=  206.64 rps= 170.70
  controller.AnalyticsController.maxViewersSummary n= 1707 err=   0 errRate=  0.00% avg=   83.17 min=   20.01 max=  297.71 p50=   80.07 p95=  148.92 p99=  207.53 rps= 170.70
  s2s.crud.fetchAllTickets                      n= 1707 err=   0 errRate=  0.00% avg=   82.20 min=   19.75 max=  297.43 p50=   79.08 p95=  147.65 p99=  206.57 rps= 170.70
window 30s
  calc.additional.maxViewersSummary             n= 2678 err=   0 errRate=  0.00% avg=  108.21 min=   19.81 max= 1226.56 p50=   90.68 p95=  192.88 p99= 1101.83 rps=  89.27
  controller.AnalyticsController.maxViewersSummary n= 2678 err=   0 errRate=  0.00% avg=  111.15 min=   20.01 max= 1393.07 p50=   91.76 p95=  193.76 p99= 1250.46 rps=  89.27
  controller.ObservabilityController.getStats   n=    1 err=   0 errRate=  0.00% avg=  198.53 min=  198.53 max=  198.53 p50=  198.53 p95=  198.53 p99=  198.53 rps=   0.03
  s2s.crud.fetchAllTickets                      n= 2678 err=   0 errRate=  0.00% avg=   96.87 min=   19.75 max=  370.63 p50=   90.42 p95=  186.90 p99=  246.84 rps=  89.27
  s2s.crud.fetchFilms                           n=    1 err=   0 errRate=  0.00% avg=  938.00 min=  938.00 max=  938.00 p50=  938.00 p95=  938.00 p99=  938.00 rps=   0.03
window 1m
  calc.additional.maxViewersSummary             n= 2678 err=   0 errRate=  0.00% avg=  108.21 min=   19.81 max= 1226.56 p50=   90.68 p95=  192.88 p99= 1101.83 rps=  44.63
  controller.AnalyticsController.maxViewersSummary n= 2678 err=   0 errRate=  0.00% avg=  111.15 min=   20.01 max= 1393.07 p50=   91.76 p95=  193.76 p99= 1250.46 rps=  44.63
  controller.ObservabilityController.getStats   n=    1 err=   0 errRate=  0.00% avg=  198.53 min=  198.53 max=  198.53 p50=  198.53 p95=  198.53 p99=  198.53 rps=   0.02
  s2s.crud.fetchAllTickets                      n= 2678 err=   0 errRate=  0.00% avg=   96.87 min=   19.75 max=  370.63 p50=   90.42 p95=  186.90 p99=  246.84 rps=  44.63
  s2s.crud.fetchFilms                           n=    1 err=   0 errRate=  0.00% avg=  938.00 min=  938.00 max=  938.00 p50=  938.00 p95=  938.00 p99=  938.00 rps=   0.02

2026-05-06T21:02:03.347Z  INFO 1 --- [lab8-additional-service] [   scheduling-1] r.h.l.a.o.ObservabilityService           : [lab8-additional-service] observability refresh
window 10s
  calc.additional.maxViewersSummary             n= 1770 err=   0 errRate=  0.00% avg=   78.22 min=   19.81 max=  297.50 p50=   73.87 p95=  143.22 p99=  203.61 rps= 177.00
  controller.AnalyticsController.maxViewersSummary n= 1770 err=   0 errRate=  0.00% avg=   78.99 min=   20.01 max=  297.71 p50=   74.80 p95=  144.10 p99=  204.42 rps= 177.00
  s2s.crud.fetchAllTickets                      n= 1770 err=   0 errRate=  0.00% avg=   78.09 min=   19.75 max=  297.43 p50=   73.55 p95=  143.15 p99=  203.53 rps= 177.00
window 30s
  calc.additional.maxViewersSummary             n= 2896 err=   0 errRate=  0.00% avg=  104.72 min=   19.81 max= 1226.56 p50=   87.83 p95=  190.51 p99= 1096.65 rps=  96.53
  controller.AnalyticsController.maxViewersSummary n= 2896 err=   0 errRate=  0.00% avg=  107.48 min=   20.01 max= 1393.07 p50=   88.97 p95=  191.13 p99= 1220.28 rps=  96.53
  controller.ObservabilityController.getStats   n=    1 err=   0 errRate=  0.00% avg=  198.53 min=  198.53 max=  198.53 p50=  198.53 p95=  198.53 p99=  198.53 rps=   0.03
  s2s.crud.fetchAllTickets                      n= 2896 err=   0 errRate=  0.00% avg=   94.23 min=   19.75 max=  370.63 p50=   87.64 p95=  184.30 p99=  244.45 rps=  96.53
  s2s.crud.fetchFilms                           n=    1 err=   0 errRate=  0.00% avg=  938.00 min=  938.00 max=  938.00 p50=  938.00 p95=  938.00 p99=  938.00 rps=   0.03
window 1m
  calc.additional.maxViewersSummary             n= 2896 err=   0 errRate=  0.00% avg=  104.72 min=   19.81 max= 1226.56 p50=   87.83 p95=  190.51 p99= 1096.65 rps=  48.27
  controller.AnalyticsController.maxViewersSummary n= 2896 err=   0 errRate=  0.00% avg=  107.48 min=   20.01 max= 1393.07 p50=   88.97 p95=  191.13 p99= 1220.28 rps=  48.27
  controller.ObservabilityController.getStats   n=    1 err=   0 errRate=  0.00% avg=  198.53 min=  198.53 max=  198.53 p50=  198.53 p95=  198.53 p99=  198.53 rps=   0.02
  s2s.crud.fetchAllTickets                      n= 2896 err=   0 errRate=  0.00% avg=   94.23 min=   19.75 max=  370.63 p50=   87.64 p95=  184.30 p99=  244.45 rps=  48.27
  s2s.crud.fetchFilms                           n=    1 err=   0 errRate=  0.00% avg=  938.00 min=  938.00 max=  938.00 p50=  938.00 p95=  938.00 p99=  938.00 rps=   0.02

2026-05-06T21:02:04.368Z  INFO 1 --- [lab8-additional-service] [   scheduling-1] r.h.l.a.o.ObservabilityService           : [lab8-additional-service] observability refresh
window 10s
  calc.additional.maxViewersSummary             n= 1855 err=   0 errRate=  0.00% avg=   73.04 min=   14.58 max=  297.50 p50=   65.49 p95=  137.55 p99=  198.61 rps= 185.50
  controller.AnalyticsController.maxViewersSummary n= 1855 err=   0 errRate=  0.00% avg=   73.75 min=   14.75 max=  297.71 p50=   65.90 p95=  138.08 p99=  199.62 rps= 185.50
  s2s.crud.fetchAllTickets                      n= 1855 err=   0 errRate=  0.00% avg=   72.92 min=   14.53 max=  297.43 p50=   65.35 p95=  137.47 p99=  198.54 rps= 185.50
window 30s
  calc.additional.maxViewersSummary             n= 3133 err=   0 errRate=  0.00% avg=  100.45 min=   14.58 max= 1226.56 p50=   84.93 p95=  186.60 p99=  352.32 rps= 104.43
  controller.AnalyticsController.maxViewersSummary n= 3133 err=   0 errRate=  0.00% avg=  103.05 min=   14.75 max= 1393.07 p50=   85.91 p95=  187.75 p99=  358.19 rps= 104.43
  controller.ObservabilityController.getStats   n=    1 err=   0 errRate=  0.00% avg=  198.53 min=  198.53 max=  198.53 p50=  198.53 p95=  198.53 p99=  198.53 rps=   0.03
  s2s.crud.fetchAllTickets                      n= 3133 err=   0 errRate=  0.00% avg=   90.75 min=   14.53 max=  370.63 p50=   84.66 p95=  181.77 p99=  243.18 rps= 104.43
  s2s.crud.fetchFilms                           n=    1 err=   0 errRate=  0.00% avg=  938.00 min=  938.00 max=  938.00 p50=  938.00 p95=  938.00 p99=  938.00 rps=   0.03
window 1m
  calc.additional.maxViewersSummary             n= 3133 err=   0 errRate=  0.00% avg=  100.45 min=   14.58 max= 1226.56 p50=   84.93 p95=  186.60 p99=  352.32 rps=  52.22
  controller.AnalyticsController.maxViewersSummary n= 3133 err=   0 errRate=  0.00% avg=  103.05 min=   14.75 max= 1393.07 p50=   85.91 p95=  187.75 p99=  358.19 rps=  52.22
  controller.ObservabilityController.getStats   n=    1 err=   0 errRate=  0.00% avg=  198.53 min=  198.53 max=  198.53 p50=  198.53 p95=  198.53 p99=  198.53 rps=   0.02
  s2s.crud.fetchAllTickets                      n= 3133 err=   0 errRate=  0.00% avg=   90.75 min=   14.53 max=  370.63 p50=   84.66 p95=  181.77 p99=  243.18 rps=  52.22
  s2s.crud.fetchFilms                           n=    1 err=   0 errRate=  0.00% avg=  938.00 min=  938.00 max=  938.00 p50=  938.00 p95=  938.00 p99=  938.00 rps=   0.02

2026-05-06T21:02:05.382Z  INFO 1 --- [lab8-additional-service] [   scheduling-1] r.h.l.a.o.ObservabilityService           : [lab8-additional-service] observability refresh
window 10s
  calc.additional.maxViewersSummary             n= 1883 err=   0 errRate=  0.00% avg=   70.40 min=   14.58 max=  297.50 p50=   61.83 p95=  134.73 p99=  191.47 rps= 188.30
  controller.AnalyticsController.maxViewersSummary n= 1883 err=   0 errRate=  0.00% avg=   71.06 min=   14.75 max=  297.71 p50=   62.80 p95=  135.20 p99=  191.77 rps= 188.30
  s2s.crud.fetchAllTickets                      n= 1883 err=   0 errRate=  0.00% avg=   70.28 min=   14.53 max=  297.43 p50=   61.71 p95=  134.60 p99=  191.41 rps= 188.30
window 30s
  calc.additional.maxViewersSummary             n= 3337 err=   0 errRate=  0.00% avg=   98.04 min=   14.58 max= 1226.56 p50=   82.90 p95=  183.83 p99=  318.61 rps= 111.23
  controller.AnalyticsController.maxViewersSummary n= 3337 err=   0 errRate=  0.00% avg=  100.52 min=   14.75 max= 1393.07 p50=   84.00 p95=  185.52 p99=  323.07 rps= 111.23
  controller.ObservabilityController.getStats   n=    1 err=   0 errRate=  0.00% avg=  198.53 min=  198.53 max=  198.53 p50=  198.53 p95=  198.53 p99=  198.53 rps=   0.03
  s2s.crud.fetchAllTickets                      n= 3337 err=   0 errRate=  0.00% avg=   88.92 min=   14.53 max=  370.63 p50=   82.68 p95=  179.68 p99=  242.15 rps= 111.23
  s2s.crud.fetchFilms                           n=    1 err=   0 errRate=  0.00% avg=  938.00 min=  938.00 max=  938.00 p50=  938.00 p95=  938.00 p99=  938.00 rps=   0.03
window 1m
  calc.additional.maxViewersSummary             n= 3337 err=   0 errRate=  0.00% avg=   98.04 min=   14.58 max= 1226.56 p50=   82.90 p95=  183.83 p99=  318.61 rps=  55.62
  controller.AnalyticsController.maxViewersSummary n= 3337 err=   0 errRate=  0.00% avg=  100.52 min=   14.75 max= 1393.07 p50=   84.00 p95=  185.52 p99=  323.07 rps=  55.62
  controller.ObservabilityController.getStats   n=    1 err=   0 errRate=  0.00% avg=  198.53 min=  198.53 max=  198.53 p50=  198.53 p95=  198.53 p99=  198.53 rps=   0.02
  s2s.crud.fetchAllTickets                      n= 3337 err=   0 errRate=  0.00% avg=   88.92 min=   14.53 max=  370.63 p50=   82.68 p95=  179.68 p99=  242.15 rps=  55.62
  s2s.crud.fetchFilms                           n=    1 err=   0 errRate=  0.00% avg=  938.00 min=  938.00 max=  938.00 p50=  938.00 p95=  938.00 p99=  938.00 rps=   0.02

2026-05-06T21:02:06.393Z  INFO 1 --- [lab8-additional-service] [   scheduling-1] r.h.l.a.o.ObservabilityService           : [lab8-additional-service] observability refresh
window 10s
  calc.additional.maxViewersSummary             n= 1896 err=   0 errRate=  0.00% avg=   70.59 min=   14.58 max=  297.50 p50=   61.62 p95=  135.78 p99=  191.33 rps= 189.60
  controller.AnalyticsController.maxViewersSummary n= 1896 err=   0 errRate=  0.00% avg=   71.25 min=   14.75 max=  297.71 p50=   62.24 p95=  136.32 p99=  191.57 rps= 189.60
  s2s.crud.fetchAllTickets                      n= 1896 err=   0 errRate=  0.00% avg=   70.47 min=   14.53 max=  297.43 p50=   61.50 p95=  135.70 p99=  191.28 rps= 189.60
window 30s
  calc.additional.maxViewersSummary             n= 3506 err=   0 errRate=  0.00% avg=   97.76 min=   14.58 max= 1226.56 p50=   83.58 p95=  181.82 p99=  309.88 rps= 116.87
  controller.AnalyticsController.maxViewersSummary n= 3506 err=   0 errRate=  0.00% avg=  100.15 min=   14.75 max= 1393.07 p50=   84.75 p95=  183.32 p99=  311.38 rps= 116.87
  controller.ObservabilityController.getStats   n=    1 err=   0 errRate=  0.00% avg=  198.53 min=  198.53 max=  198.53 p50=  198.53 p95=  198.53 p99=  198.53 rps=   0.03
  s2s.crud.fetchAllTickets                      n= 3506 err=   0 errRate=  0.00% avg=   89.07 min=   14.53 max=  370.63 p50=   83.37 p95=  179.34 p99=  236.09 rps= 116.87
  s2s.crud.fetchFilms                           n=    1 err=   0 errRate=  0.00% avg=  938.00 min=  938.00 max=  938.00 p50=  938.00 p95=  938.00 p99=  938.00 rps=   0.03
window 1m
  calc.additional.maxViewersSummary             n= 3506 err=   0 errRate=  0.00% avg=   97.76 min=   14.58 max= 1226.56 p50=   83.58 p95=  181.82 p99=  309.88 rps=  58.43
  controller.AnalyticsController.maxViewersSummary n= 3506 err=   0 errRate=  0.00% avg=  100.15 min=   14.75 max= 1393.07 p50=   84.75 p95=  183.32 p99=  311.38 rps=  58.43
  controller.ObservabilityController.getStats   n=    1 err=   0 errRate=  0.00% avg=  198.53 min=  198.53 max=  198.53 p50=  198.53 p95=  198.53 p99=  198.53 rps=   0.02
  s2s.crud.fetchAllTickets                      n= 3506 err=   0 errRate=  0.00% avg=   89.07 min=   14.53 max=  370.63 p50=   83.37 p95=  179.34 p99=  236.09 rps=  58.43
  s2s.crud.fetchFilms                           n=    1 err=   0 errRate=  0.00% avg=  938.00 min=  938.00 max=  938.00 p50=  938.00 p95=  938.00 p99=  938.00 rps=   0.02

2026-05-06T21:02:06.793Z  INFO 1 --- [lab8-additional-service] [   scheduling-1] r.h.l.a.service.FilmCacheService         : film-cache stats: size=310 ttlMs=30000 lastRefreshAtMs=1778101303761 hits=3588 misses=1 refreshes=1
2026-05-06T21:02:07.419Z  INFO 1 --- [lab8-additional-service] [   scheduling-1] r.h.l.a.o.ObservabilityService           : [lab8-additional-service] observability refresh
window 10s
  calc.additional.maxViewersSummary             n= 1971 err=   0 errRate=  0.00% avg=   66.15 min=   14.58 max=  374.06 p50=   55.67 p95=  131.50 p99=  191.06 rps= 197.10
  controller.AnalyticsController.maxViewersSummary n= 1972 err=   0 errRate=  0.00% avg=   66.86 min=   14.75 max=  374.85 p50=   56.40 p95=  132.09 p99=  191.53 rps= 197.20
  s2s.crud.fetchAllTickets                      n= 1971 err=   0 errRate=  0.00% avg=   66.03 min=   14.53 max=  373.96 p50=   55.54 p95=  131.43 p99=  191.00 rps= 197.10
window 30s
  calc.additional.maxViewersSummary             n= 3750 err=   0 errRate=  0.00% avg=   94.66 min=   14.58 max= 1226.56 p50=   80.48 p95=  180.20 p99=  299.23 rps= 125.00
  controller.AnalyticsController.maxViewersSummary n= 3750 err=   0 errRate=  0.00% avg=   96.96 min=   14.75 max= 1393.07 p50=   81.46 p95=  181.46 p99=  301.58 rps= 125.00
  controller.ObservabilityController.getStats   n=    1 err=   0 errRate=  0.00% avg=  198.53 min=  198.53 max=  198.53 p50=  198.53 p95=  198.53 p99=  198.53 rps=   0.03
  s2s.crud.fetchAllTickets                      n= 3750 err=   0 errRate=  0.00% avg=   86.53 min=   14.53 max=  373.96 p50=   80.23 p95=  177.61 p99=  235.27 rps= 125.00
  s2s.crud.fetchFilms                           n=    1 err=   0 errRate=  0.00% avg=  938.00 min=  938.00 max=  938.00 p50=  938.00 p95=  938.00 p99=  938.00 rps=   0.03
window 1m
  calc.additional.maxViewersSummary             n= 3750 err=   0 errRate=  0.00% avg=   94.66 min=   14.58 max= 1226.56 p50=   80.48 p95=  180.20 p99=  299.23 rps=  62.50
  controller.AnalyticsController.maxViewersSummary n= 3750 err=   0 errRate=  0.00% avg=   96.96 min=   14.75 max= 1393.07 p50=   81.46 p95=  181.46 p99=  301.58 rps=  62.50
  controller.ObservabilityController.getStats   n=    1 err=   0 errRate=  0.00% avg=  198.53 min=  198.53 max=  198.53 p50=  198.53 p95=  198.53 p99=  198.53 rps=   0.02
  s2s.crud.fetchAllTickets                      n= 3750 err=   0 errRate=  0.00% avg=   86.53 min=   14.53 max=  373.96 p50=   80.23 p95=  177.61 p99=  235.27 rps=  62.50
  s2s.crud.fetchFilms                           n=    1 err=   0 errRate=  0.00% avg=  938.00 min=  938.00 max=  938.00 p50=  938.00 p95=  938.00 p99=  938.00 rps=   0.02

2026-05-06T21:02:08.438Z  INFO 1 --- [lab8-additional-service] [   scheduling-1] r.h.l.a.o.ObservabilityService           : [lab8-additional-service] observability refresh
window 10s
  calc.additional.maxViewersSummary             n= 2046 err=   0 errRate=  0.00% avg=   62.11 min=   14.58 max=  374.06 p50=   51.40 p95=  124.12 p99=  190.74 rps= 204.60
  controller.AnalyticsController.maxViewersSummary n= 2046 err=   0 errRate=  0.00% avg=   62.79 min=   14.75 max=  374.85 p50=   52.31 p95=  124.42 p99=  191.48 rps= 204.60
  s2s.crud.fetchAllTickets                      n= 2046 err=   0 errRate=  0.00% avg=   61.99 min=   14.53 max=  373.96 p50=   51.31 p95=  123.24 p99=  190.67 rps= 204.60
window 30s
  calc.additional.maxViewersSummary             n= 4002 err=   0 errRate=  0.00% avg=   91.37 min=   14.58 max= 1226.56 p50=   76.17 p95=  177.84 p99=  286.74 rps= 133.40
  controller.AnalyticsController.maxViewersSummary n= 4002 err=   0 errRate=  0.00% avg=   93.58 min=   14.75 max= 1393.07 p50=   77.23 p95=  178.94 p99=  287.16 rps= 133.40
  controller.ObservabilityController.getStats   n=    1 err=   0 errRate=  0.00% avg=  198.53 min=  198.53 max=  198.53 p50=  198.53 p95=  198.53 p99=  198.53 rps=   0.03
  s2s.crud.fetchAllTickets                      n= 4002 err=   0 errRate=  0.00% avg=   83.75 min=   14.53 max=  373.96 p50=   76.02 p95=  174.13 p99=  234.21 rps= 133.40
  s2s.crud.fetchFilms                           n=    1 err=   0 errRate=  0.00% avg=  938.00 min=  938.00 max=  938.00 p50=  938.00 p95=  938.00 p99=  938.00 rps=   0.03
window 1m
  calc.additional.maxViewersSummary             n= 4002 err=   0 errRate=  0.00% avg=   91.37 min=   14.58 max= 1226.56 p50=   76.17 p95=  177.84 p99=  286.74 rps=  66.70
  controller.AnalyticsController.maxViewersSummary n= 4002 err=   0 errRate=  0.00% avg=   93.58 min=   14.75 max= 1393.07 p50=   77.23 p95=  178.94 p99=  287.16 rps=  66.70
  controller.ObservabilityController.getStats   n=    1 err=   0 errRate=  0.00% avg=  198.53 min=  198.53 max=  198.53 p50=  198.53 p95=  198.53 p99=  198.53 rps=   0.02
  s2s.crud.fetchAllTickets                      n= 4002 err=   0 errRate=  0.00% avg=   83.75 min=   14.53 max=  373.96 p50=   76.02 p95=  174.13 p99=  234.21 rps=  66.70
  s2s.crud.fetchFilms                           n=    1 err=   0 errRate=  0.00% avg=  938.00 min=  938.00 max=  938.00 p50=  938.00 p95=  938.00 p99=  938.00 rps=   0.02

2026-05-06T21:02:09.466Z  INFO 1 --- [lab8-additional-service] [   scheduling-1] r.h.l.a.o.ObservabilityService           : [lab8-additional-service] observability refresh
window 10s
  calc.additional.maxViewersSummary             n= 2115 err=   0 errRate=  0.00% avg=   58.55 min=   14.58 max=  374.06 p50=   49.77 p95=  115.69 p99=  159.22 rps= 211.50
  controller.AnalyticsController.maxViewersSummary n= 2116 err=   0 errRate=  0.00% avg=   59.28 min=   14.75 max=  374.85 p50=   50.68 p95=  116.23 p99=  160.13 rps= 211.60
  s2s.crud.fetchAllTickets                      n= 2115 err=   0 errRate=  0.00% avg=   58.43 min=   14.53 max=  373.96 p50=   49.65 p95=  115.63 p99=  159.16 rps= 211.50
window 30s
  calc.additional.maxViewersSummary             n= 4232 err=   0 errRate=  0.00% avg=   89.41 min=   14.58 max= 1226.56 p50=   73.92 p95=  175.44 p99=  278.74 rps= 141.07
  controller.AnalyticsController.maxViewersSummary n= 4232 err=   0 errRate=  0.00% avg=   91.54 min=   14.75 max= 1393.07 p50=   75.43 p95=  176.64 p99=  280.16 rps= 141.07
  controller.ObservabilityController.getStats   n=    1 err=   0 errRate=  0.00% avg=  198.53 min=  198.53 max=  198.53 p50=  198.53 p95=  198.53 p99=  198.53 rps=   0.03
  s2s.crud.fetchAllTickets                      n= 4232 err=   0 errRate=  0.00% avg=   82.19 min=   14.53 max=  373.96 p50=   73.78 p95=  171.89 p99=  231.60 rps= 141.07
  s2s.crud.fetchFilms                           n=    1 err=   0 errRate=  0.00% avg=  938.00 min=  938.00 max=  938.00 p50=  938.00 p95=  938.00 p99=  938.00 rps=   0.03
window 1m
  calc.additional.maxViewersSummary             n= 4232 err=   0 errRate=  0.00% avg=   89.41 min=   14.58 max= 1226.56 p50=   73.92 p95=  175.44 p99=  278.74 rps=  70.53
  controller.AnalyticsController.maxViewersSummary n= 4232 err=   0 errRate=  0.00% avg=   91.54 min=   14.75 max= 1393.07 p50=   75.43 p95=  176.64 p99=  280.16 rps=  70.53
  controller.ObservabilityController.getStats   n=    1 err=   0 errRate=  0.00% avg=  198.53 min=  198.53 max=  198.53 p50=  198.53 p95=  198.53 p99=  198.53 rps=   0.02
  s2s.crud.fetchAllTickets                      n= 4232 err=   0 errRate=  0.00% avg=   82.19 min=   14.53 max=  373.96 p50=   73.78 p95=  171.89 p99=  231.60 rps=  70.53
  s2s.crud.fetchFilms                           n=    1 err=   0 errRate=  0.00% avg=  938.00 min=  938.00 max=  938.00 p50=  938.00 p95=  938.00 p99=  938.00 rps=   0.02

2026-05-06T21:02:10.473Z  INFO 1 --- [lab8-additional-service] [   scheduling-1] r.h.l.a.o.ObservabilityService           : [lab8-additional-service] observability refresh
window 10s
  calc.additional.maxViewersSummary             n= 2135 err=   0 errRate=  0.00% avg=   57.48 min=   14.58 max=  374.06 p50=   48.69 p95=  114.37 p99=  158.81 rps= 213.50
  controller.AnalyticsController.maxViewersSummary n= 2135 err=   0 errRate=  0.00% avg=   58.19 min=   14.75 max=  374.85 p50=   49.27 p95=  114.79 p99=  160.09 rps= 213.50
  s2s.crud.fetchAllTickets                      n= 2135 err=   0 errRate=  0.00% avg=   57.36 min=   14.53 max=  373.96 p50=   48.57 p95=  114.31 p99=  158.73 rps= 213.50
window 30s
  calc.additional.maxViewersSummary             n= 4449 err=   0 errRate=  0.00% avg=   87.79 min=   14.58 max= 1226.56 p50=   72.38 p95=  172.49 p99=  276.66 rps= 148.30
  controller.AnalyticsController.maxViewersSummary n= 4449 err=   0 errRate=  0.00% avg=   89.85 min=   14.75 max= 1393.07 p50=   73.74 p95=  174.06 p99=  278.47 rps= 148.30
  controller.ObservabilityController.getStats   n=    1 err=   0 errRate=  0.00% avg=  198.53 min=  198.53 max=  198.53 p50=  198.53 p95=  198.53 p99=  198.53 rps=   0.03
  s2s.crud.fetchAllTickets                      n= 4449 err=   0 errRate=  0.00% avg=   80.92 min=   14.53 max=  373.96 p50=   72.19 p95=  169.65 p99=  230.61 rps= 148.30
  s2s.crud.fetchFilms                           n=    1 err=   0 errRate=  0.00% avg=  938.00 min=  938.00 max=  938.00 p50=  938.00 p95=  938.00 p99=  938.00 rps=   0.03
window 1m
  calc.additional.maxViewersSummary             n= 4449 err=   0 errRate=  0.00% avg=   87.79 min=   14.58 max= 1226.56 p50=   72.38 p95=  172.49 p99=  276.66 rps=  74.15
  controller.AnalyticsController.maxViewersSummary n= 4449 err=   0 errRate=  0.00% avg=   89.85 min=   14.75 max= 1393.07 p50=   73.74 p95=  174.06 p99=  278.47 rps=  74.15
  controller.ObservabilityController.getStats   n=    1 err=   0 errRate=  0.00% avg=  198.53 min=  198.53 max=  198.53 p50=  198.53 p95=  198.53 p99=  198.53 rps=   0.02
  s2s.crud.fetchAllTickets                      n= 4449 err=   0 errRate=  0.00% avg=   80.92 min=   14.53 max=  373.96 p50=   72.19 p95=  169.65 p99=  230.61 rps=  74.15
  s2s.crud.fetchFilms                           n=    1 err=   0 errRate=  0.00% avg=  938.00 min=  938.00 max=  938.00 p50=  938.00 p95=  938.00 p99=  938.00 rps=   0.02

2026-05-06T21:02:11.488Z  INFO 1 --- [lab8-additional-service] [   scheduling-1] r.h.l.a.o.ObservabilityService           : [lab8-additional-service] observability refresh
window 10s
  calc.additional.maxViewersSummary             n= 2156 err=   0 errRate=  0.00% avg=   57.82 min=   14.58 max=  374.06 p50=   48.28 p95=  118.04 p99=  160.97 rps= 215.60
  controller.AnalyticsController.maxViewersSummary n= 2156 err=   0 errRate=  0.00% avg=   58.53 min=   14.75 max=  374.85 p50=   48.88 p95=  118.58 p99=  161.52 rps= 215.60
  s2s.crud.fetchAllTickets                      n= 2156 err=   0 errRate=  0.00% avg=   57.70 min=   14.53 max=  373.96 p50=   48.10 p95=  117.99 p99=  160.87 rps= 215.60
window 30s
  calc.additional.maxViewersSummary             n= 4668 err=   0 errRate=  0.00% avg=   86.64 min=   14.58 max= 1226.56 p50=   71.42 p95=  171.07 p99=  274.68 rps= 155.60
  controller.AnalyticsController.maxViewersSummary n= 4668 err=   0 errRate=  0.00% avg=   88.63 min=   14.75 max= 1393.07 p50=   72.59 p95=  172.58 p99=  275.94 rps= 155.60
  controller.ObservabilityController.getStats   n=    1 err=   0 errRate=  0.00% avg=  198.53 min=  198.53 max=  198.53 p50=  198.53 p95=  198.53 p99=  198.53 rps=   0.03
  s2s.crud.fetchAllTickets                      n= 4668 err=   0 errRate=  0.00% avg=   80.08 min=   14.53 max=  373.96 p50=   71.26 p95=  167.29 p99=  228.71 rps= 155.60
  s2s.crud.fetchFilms                           n=    1 err=   0 errRate=  0.00% avg=  938.00 min=  938.00 max=  938.00 p50=  938.00 p95=  938.00 p99=  938.00 rps=   0.03
window 1m
  calc.additional.maxViewersSummary             n= 4668 err=   0 errRate=  0.00% avg=   86.64 min=   14.58 max= 1226.56 p50=   71.42 p95=  171.07 p99=  274.68 rps=  77.80
  controller.AnalyticsController.maxViewersSummary n= 4668 err=   0 errRate=  0.00% avg=   88.63 min=   14.75 max= 1393.07 p50=   72.59 p95=  172.58 p99=  275.94 rps=  77.80
  controller.ObservabilityController.getStats   n=    1 err=   0 errRate=  0.00% avg=  198.53 min=  198.53 max=  198.53 p50=  198.53 p95=  198.53 p99=  198.53 rps=   0.02
  s2s.crud.fetchAllTickets                      n= 4668 err=   0 errRate=  0.00% avg=   80.08 min=   14.53 max=  373.96 p50=   71.26 p95=  167.29 p99=  228.71 rps=  77.80
  s2s.crud.fetchFilms                           n=    1 err=   0 errRate=  0.00% avg=  938.00 min=  938.00 max=  938.00 p50=  938.00 p95=  938.00 p99=  938.00 rps=   0.02

2026-05-06T21:02:12.511Z  INFO 1 --- [lab8-additional-service] [   scheduling-1] r.h.l.a.o.ObservabilityService           : [lab8-additional-service] observability refresh
window 10s
  calc.additional.maxViewersSummary             n= 2158 err=   0 errRate=  0.00% avg=   57.08 min=   14.58 max=  374.06 p50=   47.47 p95=  117.26 p99=  160.58 rps= 215.80
  controller.AnalyticsController.maxViewersSummary n= 2158 err=   0 errRate=  0.00% avg=   57.80 min=   14.75 max=  374.85 p50=   48.16 p95=  117.93 p99=  160.91 rps= 215.80
  s2s.crud.fetchAllTickets                      n= 2158 err=   0 errRate=  0.00% avg=   56.96 min=   14.53 max=  373.96 p50=   47.36 p95=  117.19 p99=  160.49 rps= 215.80
window 30s
  calc.additional.maxViewersSummary             n= 4872 err=   0 errRate=  0.00% avg=   85.47 min=   14.58 max= 1226.56 p50=   70.16 p95=  168.85 p99=  268.47 rps= 162.40
  controller.AnalyticsController.maxViewersSummary n= 4872 err=   0 errRate=  0.00% avg=   87.41 min=   14.75 max= 1393.07 p50=   71.01 p95=  170.79 p99=  269.13 rps= 162.40
  controller.ObservabilityController.getStats   n=    1 err=   0 errRate=  0.00% avg=  198.53 min=  198.53 max=  198.53 p50=  198.53 p95=  198.53 p99=  198.53 rps=   0.03
  s2s.crud.fetchAllTickets                      n= 4872 err=   0 errRate=  0.00% avg=   79.18 min=   14.53 max=  373.96 p50=   69.96 p95=  166.38 p99=  226.65 rps= 162.40
  s2s.crud.fetchFilms                           n=    1 err=   0 errRate=  0.00% avg=  938.00 min=  938.00 max=  938.00 p50=  938.00 p95=  938.00 p99=  938.00 rps=   0.03
window 1m
  calc.additional.maxViewersSummary             n= 4872 err=   0 errRate=  0.00% avg=   85.47 min=   14.58 max= 1226.56 p50=   70.16 p95=  168.85 p99=  268.47 rps=  81.20
  controller.AnalyticsController.maxViewersSummary n= 4872 err=   0 errRate=  0.00% avg=   87.41 min=   14.75 max= 1393.07 p50=   71.01 p95=  170.79 p99=  269.13 rps=  81.20
  controller.ObservabilityController.getStats   n=    1 err=   0 errRate=  0.00% avg=  198.53 min=  198.53 max=  198.53 p50=  198.53 p95=  198.53 p99=  198.53 rps=   0.02
  s2s.crud.fetchAllTickets                      n= 4872 err=   0 errRate=  0.00% avg=   79.18 min=   14.53 max=  373.96 p50=   69.96 p95=  166.38 p99=  226.65 rps=  81.20
  s2s.crud.fetchFilms                           n=    1 err=   0 errRate=  0.00% avg=  938.00 min=  938.00 max=  938.00 p50=  938.00 p95=  938.00 p99=  938.00 rps=   0.02

2026-05-06T21:02:13.521Z  INFO 1 --- [lab8-additional-service] [   scheduling-1] r.h.l.a.o.ObservabilityService           : [lab8-additional-service] observability refresh
window 10s
  calc.additional.maxViewersSummary             n= 2162 err=   0 errRate=  0.00% avg=   57.96 min=   14.58 max=  374.06 p50=   47.37 p95=  119.72 p99=  168.02 rps= 216.20
  controller.AnalyticsController.maxViewersSummary n= 2162 err=   0 errRate=  0.00% avg=   58.67 min=   14.75 max=  374.85 p50=   48.05 p95=  120.84 p99=  169.14 rps= 216.20
  s2s.crud.fetchAllTickets                      n= 2162 err=   0 errRate=  0.00% avg=   57.84 min=   14.53 max=  373.96 p50=   47.25 p95=  119.57 p99=  167.95 rps= 216.20
window 30s
  calc.additional.maxViewersSummary             n= 5106 err=   0 errRate=  0.00% avg=   84.32 min=   14.58 max= 1226.56 p50=   68.55 p95=  167.36 p99=  261.82 rps= 170.20
  controller.AnalyticsController.maxViewersSummary n= 5106 err=   0 errRate=  0.00% avg=   86.20 min=   14.75 max= 1393.07 p50=   69.61 p95=  169.95 p99=  262.39 rps= 170.20
  s2s.crud.fetchAllTickets                      n= 5106 err=   0 errRate=  0.00% avg=   78.32 min=   14.53 max=  373.96 p50=   68.41 p95=  165.84 p99=  223.21 rps= 170.20
  s2s.crud.fetchFilms                           n=    1 err=   0 errRate=  0.00% avg=  938.00 min=  938.00 max=  938.00 p50=  938.00 p95=  938.00 p99=  938.00 rps=   0.03
window 1m
  calc.additional.maxViewersSummary             n= 5106 err=   0 errRate=  0.00% avg=   84.32 min=   14.58 max= 1226.56 p50=   68.55 p95=  167.36 p99=  261.82 rps=  85.10
  controller.AnalyticsController.maxViewersSummary n= 5106 err=   0 errRate=  0.00% avg=   86.20 min=   14.75 max= 1393.07 p50=   69.61 p95=  169.95 p99=  262.39 rps=  85.10
  controller.ObservabilityController.getStats   n=    1 err=   0 errRate=  0.00% avg=  198.53 min=  198.53 max=  198.53 p50=  198.53 p95=  198.53 p99=  198.53 rps=   0.02
  s2s.crud.fetchAllTickets                      n= 5106 err=   0 errRate=  0.00% avg=   78.32 min=   14.53 max=  373.96 p50=   68.41 p95=  165.84 p99=  223.21 rps=  85.10
  s2s.crud.fetchFilms                           n=    1 err=   0 errRate=  0.00% avg=  938.00 min=  938.00 max=  938.00 p50=  938.00 p95=  938.00 p99=  938.00 rps=   0.02

2026-05-06T21:02:14.542Z  INFO 1 --- [lab8-additional-service] [   scheduling-1] r.h.l.a.o.ObservabilityService           : [lab8-additional-service] observability refresh
window 10s
  calc.additional.maxViewersSummary             n= 2137 err=   0 errRate=  0.00% avg=   60.02 min=   16.58 max=  401.76 p50=   48.21 p95=  130.79 p99=  185.07 rps= 213.70
  controller.AnalyticsController.maxViewersSummary n= 2137 err=   0 errRate=  0.00% avg=   60.74 min=   16.86 max=  402.20 p50=   48.81 p95=  131.29 p99=  185.62 rps= 213.70
  s2s.crud.fetchAllTickets                      n= 2137 err=   0 errRate=  0.00% avg=   58.32 min=   16.49 max=  373.96 p50=   47.94 p95=  121.80 p99=  169.64 rps= 213.70
  s2s.crud.fetchFilms                           n=    1 err=   0 errRate=  0.00% avg=  168.06 min=  168.06 max=  168.06 p50=  168.06 p95=  168.06 p99=  168.06 rps=   0.10
window 30s
  calc.additional.maxViewersSummary             n= 5310 err=   0 errRate=  0.00% avg=   83.77 min=   14.58 max= 1226.56 p50=   67.31 p95=  170.99 p99=  260.37 rps= 177.00
  controller.AnalyticsController.maxViewersSummary n= 5310 err=   0 errRate=  0.00% avg=   85.61 min=   14.75 max= 1393.07 p50=   68.41 p95=  172.39 p99=  260.65 rps= 177.00
  s2s.crud.fetchAllTickets                      n= 5310 err=   0 errRate=  0.00% avg=   77.37 min=   14.53 max=  373.96 p50=   66.78 p95=  164.16 p99=  222.67 rps= 177.00
  s2s.crud.fetchFilms                           n=    2 err=   0 errRate=  0.00% avg=  553.03 min=  168.06 max=  938.00 p50=  553.03 p95=  899.50 p99=  930.30 rps=   0.07
window 1m
  calc.additional.maxViewersSummary             n= 5310 err=   0 errRate=  0.00% avg=   83.77 min=   14.58 max= 1226.56 p50=   67.31 p95=  170.99 p99=  260.37 rps=  88.50
  controller.AnalyticsController.maxViewersSummary n= 5310 err=   0 errRate=  0.00% avg=   85.61 min=   14.75 max= 1393.07 p50=   68.41 p95=  172.39 p99=  260.65 rps=  88.50
  controller.ObservabilityController.getStats   n=    1 err=   0 errRate=  0.00% avg=  198.53 min=  198.53 max=  198.53 p50=  198.53 p95=  198.53 p99=  198.53 rps=   0.02
  s2s.crud.fetchAllTickets                      n= 5310 err=   0 errRate=  0.00% avg=   77.37 min=   14.53 max=  373.96 p50=   66.78 p95=  164.16 p99=  222.67 rps=  88.50
  s2s.crud.fetchFilms                           n=    2 err=   0 errRate=  0.00% avg=  553.03 min=  168.06 max=  938.00 p50=  553.03 p95=  899.50 p99=  930.30 rps=   0.03

2026-05-06T21:02:15.559Z  INFO 1 --- [lab8-additional-service] [   scheduling-1] r.h.l.a.o.ObservabilityService           : [lab8-additional-service] observability refresh
window 10s
  calc.additional.maxViewersSummary             n= 2215 err=   0 errRate=  0.00% avg=   56.57 min=   15.88 max=  401.76 p50=   44.46 p95=  127.97 p99=  184.43 rps= 221.50
  controller.AnalyticsController.maxViewersSummary n= 2215 err=   0 errRate=  0.00% avg=   57.30 min=   16.86 max=  402.20 p50=   45.11 p95=  128.24 p99=  185.38 rps= 221.50
  s2s.crud.fetchAllTickets                      n= 2215 err=   0 errRate=  0.00% avg=   54.94 min=   15.83 max=  373.96 p50=   44.17 p95=  119.17 p99=  169.04 rps= 221.50
  s2s.crud.fetchFilms                           n=    1 err=   0 errRate=  0.00% avg=  168.06 min=  168.06 max=  168.06 p50=  168.06 p95=  168.06 p99=  168.06 rps=   0.10
window 30s
  calc.additional.maxViewersSummary             n= 5521 err=   0 errRate=  0.00% avg=   75.03 min=   14.58 max=  401.76 p50=   63.71 p95=  161.56 p99=  222.69 rps= 184.03
  controller.AnalyticsController.maxViewersSummary n= 5521 err=   0 errRate=  0.00% avg=   75.97 min=   14.75 max=  402.20 p50=   64.49 p95=  163.11 p99=  226.23 rps= 184.03
  s2s.crud.fetchAllTickets                      n= 5521 err=   0 errRate=  0.00% avg=   74.27 min=   14.53 max=  373.96 p50=   63.33 p95=  156.70 p99=  221.76 rps= 184.03
  s2s.crud.fetchFilms                           n=    1 err=   0 errRate=  0.00% avg=  168.06 min=  168.06 max=  168.06 p50=  168.06 p95=  168.06 p99=  168.06 rps=   0.03
window 1m
  calc.additional.maxViewersSummary             n= 5590 err=   0 errRate=  0.00% avg=   81.37 min=   14.58 max= 1226.56 p50=   64.37 p95=  167.43 p99=  258.58 rps=  93.17
  controller.AnalyticsController.maxViewersSummary n= 5590 err=   0 errRate=  0.00% avg=   83.14 min=   14.75 max= 1393.07 p50=   65.15 p95=  169.95 p99=  259.31 rps=  93.17
  controller.ObservabilityController.getStats   n=    1 err=   0 errRate=  0.00% avg=  198.53 min=  198.53 max=  198.53 p50=  198.53 p95=  198.53 p99=  198.53 rps=   0.02
  s2s.crud.fetchAllTickets                      n= 5590 err=   0 errRate=  0.00% avg=   75.28 min=   14.53 max=  373.96 p50=   64.12 p95=  161.85 p99=  222.22 rps=  93.17
  s2s.crud.fetchFilms                           n=    2 err=   0 errRate=  0.00% avg=  553.03 min=  168.06 max=  938.00 p50=  553.03 p95=  899.50 p99=  930.30 rps=   0.03

2026-05-06T21:02:16.588Z  INFO 1 --- [lab8-additional-service] [   scheduling-1] r.h.l.a.o.ObservabilityService           : [lab8-additional-service] observability refresh
window 10s
  calc.additional.maxViewersSummary             n= 2330 err=   0 errRate=  0.00% avg=   51.24 min=   15.88 max=  401.76 p50=   41.37 p95=  116.02 p99=  182.57 rps= 233.00
  controller.AnalyticsController.maxViewersSummary n= 2331 err=   0 errRate=  0.00% avg=   51.94 min=   16.83 max=  402.20 p50=   42.17 p95=  117.06 p99=  183.02 rps= 233.10
  s2s.crud.fetchAllTickets                      n= 2331 err=   0 errRate=  0.00% avg=   49.68 min=   15.83 max=  373.96 p50=   41.12 p95=  107.64 p99=  151.25 rps= 233.10
  s2s.crud.fetchFilms                           n=    1 err=   0 errRate=  0.00% avg=  168.06 min=  168.06 max=  168.06 p50=  168.06 p95=  168.06 p99=  168.06 rps=   0.10
window 30s
  calc.additional.maxViewersSummary             n= 5675 err=   0 errRate=  0.00% avg=   71.80 min=   14.58 max=  401.76 p50=   60.15 p95=  153.97 p99=  217.58 rps= 189.17
  controller.AnalyticsController.maxViewersSummary n= 5676 err=   0 errRate=  0.00% avg=   72.67 min=   14.75 max=  402.20 p50=   60.93 p95=  155.12 p99=  219.05 rps= 189.20
  s2s.crud.fetchAllTickets                      n= 5676 err=   0 errRate=  0.00% avg=   71.05 min=   14.53 max=  373.96 p50=   59.76 p95=  150.03 p99=  215.42 rps= 189.20
  s2s.crud.fetchFilms                           n=    1 err=   0 errRate=  0.00% avg=  168.06 min=  168.06 max=  168.06 p50=  168.06 p95=  168.06 p99=  168.06 rps=   0.03
window 1m
  calc.additional.maxViewersSummary             n= 5862 err=   0 errRate=  0.00% avg=   79.23 min=   14.58 max= 1226.56 p50=   61.84 p95=  165.87 p99=  256.69 rps=  97.70
  controller.AnalyticsController.maxViewersSummary n= 5862 err=   0 errRate=  0.00% avg=   80.94 min=   14.75 max= 1393.07 p50=   62.89 p95=  168.02 p99=  257.10 rps=  97.70
  controller.ObservabilityController.getStats   n=    1 err=   0 errRate=  0.00% avg=  198.53 min=  198.53 max=  198.53 p50=  198.53 p95=  198.53 p99=  198.53 rps=   0.02
  s2s.crud.fetchAllTickets                      n= 5863 err=   0 errRate=  0.00% avg=   73.42 min=   14.53 max=  373.96 p50=   61.62 p95=  160.37 p99=  221.72 rps=  97.72
  s2s.crud.fetchFilms                           n=    2 err=   0 errRate=  0.00% avg=  553.03 min=  168.06 max=  938.00 p50=  553.03 p95=  899.50 p99=  930.30 rps=   0.03

2026-05-06T21:02:16.794Z  INFO 1 --- [lab8-additional-service] [   scheduling-1] r.h.l.a.service.FilmCacheService         : film-cache stats: size=310 ttlMs=30000 lastRefreshAtMs=1778101333764 hits=5926 misses=2 refreshes=2
2026-05-06T21:02:17.604Z  INFO 1 --- [lab8-additional-service] [   scheduling-1] r.h.l.a.o.ObservabilityService           : [lab8-additional-service] observability refresh
window 10s
  calc.additional.maxViewersSummary             n= 2328 err=   0 errRate=  0.00% avg=   50.99 min=   15.88 max=  401.76 p50=   41.50 p95=  112.76 p99=  180.15 rps= 232.80
  controller.AnalyticsController.maxViewersSummary n= 2328 err=   0 errRate=  0.00% avg=   51.63 min=   16.83 max=  402.20 p50=   42.20 p95=  113.58 p99=  180.62 rps= 232.80
  s2s.crud.fetchAllTickets                      n= 2328 err=   0 errRate=  0.00% avg=   49.44 min=   15.83 max=  258.36 p50=   41.27 p95=  105.75 p99=  145.86 rps= 232.80
  s2s.crud.fetchFilms                           n=    1 err=   0 errRate=  0.00% avg=  168.06 min=  168.06 max=  168.06 p50=  168.06 p95=  168.06 p99=  168.06 rps=   0.10
window 30s
  calc.additional.maxViewersSummary             n= 5816 err=   0 errRate=  0.00% avg=   69.23 min=   14.58 max=  401.76 p50=   56.75 p95=  148.75 p99=  216.98 rps= 193.87
  controller.AnalyticsController.maxViewersSummary n= 5816 err=   0 errRate=  0.00% avg=   70.04 min=   14.75 max=  402.20 p50=   57.47 p95=  149.84 p99=  217.83 rps= 193.87
  s2s.crud.fetchAllTickets                      n= 5816 err=   0 errRate=  0.00% avg=   68.52 min=   14.53 max=  373.96 p50=   56.53 p95=  144.49 p99=  214.38 rps= 193.87
  s2s.crud.fetchFilms                           n=    1 err=   0 errRate=  0.00% avg=  168.06 min=  168.06 max=  168.06 p50=  168.06 p95=  168.06 p99=  168.06 rps=   0.03
window 1m
  calc.additional.maxViewersSummary             n= 6130 err=   0 errRate=  0.00% avg=   77.57 min=   14.58 max= 1226.56 p50=   60.03 p95=  164.14 p99=  250.44 rps= 102.17
  controller.AnalyticsController.maxViewersSummary n= 6130 err=   0 errRate=  0.00% avg=   79.22 min=   14.75 max= 1393.07 p50=   60.82 p95=  165.97 p99=  251.12 rps= 102.17
  controller.ObservabilityController.getStats   n=    1 err=   0 errRate=  0.00% avg=  198.53 min=  198.53 max=  198.53 p50=  198.53 p95=  198.53 p99=  198.53 rps=   0.02
  s2s.crud.fetchAllTickets                      n= 6130 err=   0 errRate=  0.00% avg=   72.00 min=   14.53 max=  373.96 p50=   59.70 p95=  158.23 p99=  219.13 rps= 102.17
  s2s.crud.fetchFilms                           n=    2 err=   0 errRate=  0.00% avg=  553.03 min=  168.06 max=  938.00 p50=  553.03 p95=  899.50 p99=  930.30 rps=   0.03

2026-05-06T21:02:18.615Z  INFO 1 --- [lab8-additional-service] [   scheduling-1] r.h.l.a.o.ObservabilityService           : [lab8-additional-service] observability refresh
window 10s
  calc.additional.maxViewersSummary             n= 2324 err=   0 errRate=  0.00% avg=   50.98 min=   15.88 max=  401.76 p50=   41.32 p95=  113.66 p99=  180.16 rps= 232.40
  controller.AnalyticsController.maxViewersSummary n= 2324 err=   0 errRate=  0.00% avg=   51.58 min=   16.48 max=  402.20 p50=   41.93 p95=  114.04 p99=  180.64 rps= 232.40
  s2s.crud.fetchAllTickets                      n= 2324 err=   0 errRate=  0.00% avg=   49.43 min=   15.83 max=  258.36 p50=   41.07 p95=  106.90 p99=  145.93 rps= 232.40
  s2s.crud.fetchFilms                           n=    1 err=   0 errRate=  0.00% avg=  168.06 min=  168.06 max=  168.06 p50=  168.06 p95=  168.06 p99=  168.06 rps=   0.10
window 30s
  calc.additional.maxViewersSummary             n= 5950 err=   0 errRate=  0.00% avg=   66.90 min=   14.58 max=  401.76 p50=   54.67 p95=  142.01 p99=  205.18 rps= 198.33
  controller.AnalyticsController.maxViewersSummary n= 5950 err=   0 errRate=  0.00% avg=   67.67 min=   14.75 max=  402.20 p50=   55.42 p95=  142.69 p99=  205.94 rps= 198.33
  s2s.crud.fetchAllTickets                      n= 5950 err=   0 errRate=  0.00% avg=   66.20 min=   14.53 max=  373.96 p50=   54.42 p95=  139.24 p99=  199.09 rps= 198.33
  s2s.crud.fetchFilms                           n=    1 err=   0 errRate=  0.00% avg=  168.06 min=  168.06 max=  168.06 p50=  168.06 p95=  168.06 p99=  168.06 rps=   0.03
window 1m
  calc.additional.maxViewersSummary             n= 6378 err=   0 errRate=  0.00% avg=   76.29 min=   14.58 max= 1226.56 p50=   58.40 p95=  162.06 p99=  245.61 rps= 106.30
  controller.AnalyticsController.maxViewersSummary n= 6378 err=   0 errRate=  0.00% avg=   77.90 min=   14.75 max= 1393.07 p50=   59.08 p95=  163.71 p99=  249.98 rps= 106.30
  controller.ObservabilityController.getStats   n=    1 err=   0 errRate=  0.00% avg=  198.53 min=  198.53 max=  198.53 p50=  198.53 p95=  198.53 p99=  198.53 rps=   0.02
  s2s.crud.fetchAllTickets                      n= 6378 err=   0 errRate=  0.00% avg=   70.94 min=   14.53 max=  373.96 p50=   58.21 p95=  156.02 p99=  217.45 rps= 106.30
  s2s.crud.fetchFilms                           n=    2 err=   0 errRate=  0.00% avg=  553.03 min=  168.06 max=  938.00 p50=  553.03 p95=  899.50 p99=  930.30 rps=   0.03

2026-05-06T21:02:19.649Z  INFO 1 --- [lab8-additional-service] [   scheduling-1] r.h.l.a.o.ObservabilityService           : [lab8-additional-service] observability refresh
window 10s
  calc.additional.maxViewersSummary             n= 2350 err=   0 errRate=  0.00% avg=   49.95 min=   15.88 max=  401.76 p50=   40.36 p95=  112.02 p99=  180.09 rps= 235.00
  controller.AnalyticsController.maxViewersSummary n= 2350 err=   0 errRate=  0.00% avg=   50.55 min=   16.48 max=  402.20 p50=   41.01 p95=  112.47 p99=  180.56 rps= 235.00
  s2s.crud.fetchAllTickets                      n= 2350 err=   0 errRate=  0.00% avg=   48.42 min=   15.83 max=  258.36 p50=   40.15 p95=  104.37 p99=  145.48 rps= 235.00
  s2s.crud.fetchFilms                           n=    1 err=   0 errRate=  0.00% avg=  168.06 min=  168.06 max=  168.06 p50=  168.06 p95=  168.06 p99=  168.06 rps=   0.10
window 30s
  calc.additional.maxViewersSummary             n= 6070 err=   0 errRate=  0.00% avg=   64.30 min=   14.58 max=  401.76 p50=   52.90 p95=  135.07 p99=  188.16 rps= 202.33
  controller.AnalyticsController.maxViewersSummary n= 6071 err=   0 errRate=  0.00% avg=   65.05 min=   14.75 max=  402.20 p50=   53.70 p95=  135.67 p99=  189.30 rps= 202.37
  s2s.crud.fetchAllTickets                      n= 6070 err=   0 errRate=  0.00% avg=   63.62 min=   14.53 max=  373.96 p50=   52.77 p95=  132.41 p99=  181.56 rps= 202.33
  s2s.crud.fetchFilms                           n=    1 err=   0 errRate=  0.00% avg=  168.06 min=  168.06 max=  168.06 p50=  168.06 p95=  168.06 p99=  168.06 rps=   0.03
window 1m
  calc.additional.maxViewersSummary             n= 6627 err=   0 errRate=  0.00% avg=   75.11 min=   14.58 max= 1226.56 p50=   57.15 p95=  160.71 p99=  243.86 rps= 110.45
  controller.AnalyticsController.maxViewersSummary n= 6627 err=   0 errRate=  0.00% avg=   76.69 min=   14.75 max= 1393.07 p50=   57.85 p95=  162.21 p99=  246.10 rps= 110.45
  controller.ObservabilityController.getStats   n=    1 err=   0 errRate=  0.00% avg=  198.53 min=  198.53 max=  198.53 p50=  198.53 p95=  198.53 p99=  198.53 rps=   0.02
  s2s.crud.fetchAllTickets                      n= 6627 err=   0 errRate=  0.00% avg=   69.96 min=   14.53 max=  373.96 p50=   56.97 p95=  153.73 p99=  216.66 rps= 110.45
  s2s.crud.fetchFilms                           n=    2 err=   0 errRate=  0.00% avg=  553.03 min=  168.06 max=  938.00 p50=  553.03 p95=  899.50 p99=  930.30 rps=   0.03

2026-05-06T21:02:20.662Z  INFO 1 --- [lab8-additional-service] [   scheduling-1] r.h.l.a.o.ObservabilityService           : [lab8-additional-service] observability refresh
window 10s
  calc.additional.maxViewersSummary             n= 2411 err=   0 errRate=  0.00% avg=   47.43 min=   15.58 max=  401.76 p50=   38.71 p95=  103.33 p99=  179.88 rps= 241.10
  controller.AnalyticsController.maxViewersSummary n= 2411 err=   0 errRate=  0.00% avg=   48.01 min=   15.94 max=  402.20 p50=   39.38 p95=  104.61 p99=  180.37 rps= 241.10
  s2s.crud.fetchAllTickets                      n= 2411 err=   0 errRate=  0.00% avg=   45.93 min=   15.51 max=  258.36 p50=   38.56 p95=   97.90 p99=  138.11 rps= 241.10
  s2s.crud.fetchFilms                           n=    1 err=   0 errRate=  0.00% avg=  168.06 min=  168.06 max=  168.06 p50=  168.06 p95=  168.06 p99=  168.06 rps=   0.10
window 30s
  calc.additional.maxViewersSummary             n= 6173 err=   0 errRate=  0.00% avg=   62.41 min=   14.58 max=  401.76 p50=   50.75 p95=  132.30 p99=  186.53 rps= 205.77
  controller.AnalyticsController.maxViewersSummary n= 6173 err=   0 errRate=  0.00% avg=   63.13 min=   14.75 max=  402.20 p50=   51.53 p95=  132.87 p99=  187.63 rps= 205.77
  s2s.crud.fetchAllTickets                      n= 6173 err=   0 errRate=  0.00% avg=   61.74 min=   14.53 max=  373.96 p50=   50.47 p95=  129.73 p99=  180.99 rps= 205.77
  s2s.crud.fetchFilms                           n=    1 err=   0 errRate=  0.00% avg=  168.06 min=  168.06 max=  168.06 p50=  168.06 p95=  168.06 p99=  168.06 rps=   0.03
window 1m
  calc.additional.maxViewersSummary             n= 6886 err=   0 errRate=  0.00% avg=   73.75 min=   14.58 max= 1226.56 p50=   55.56 p95=  159.39 p99=  242.57 rps= 114.77
  controller.AnalyticsController.maxViewersSummary n= 6886 err=   0 errRate=  0.00% avg=   75.29 min=   14.75 max= 1393.07 p50=   56.20 p95=  160.98 p99=  244.51 rps= 114.77
  controller.ObservabilityController.getStats   n=    1 err=   0 errRate=  0.00% avg=  198.53 min=  198.53 max=  198.53 p50=  198.53 p95=  198.53 p99=  198.53 rps=   0.02
  s2s.crud.fetchAllTickets                      n= 6886 err=   0 errRate=  0.00% avg=   68.79 min=   14.53 max=  373.96 p50=   55.28 p95=  152.79 p99=  214.61 rps= 114.77
  s2s.crud.fetchFilms                           n=    2 err=   0 errRate=  0.00% avg=  553.03 min=  168.06 max=  938.00 p50=  553.03 p95=  899.50 p99=  930.30 rps=   0.03

2026-05-06T21:02:21.699Z  INFO 1 --- [lab8-additional-service] [   scheduling-1] r.h.l.a.o.ObservabilityService           : [lab8-additional-service] observability refresh
window 10s
  calc.additional.maxViewersSummary             n= 2432 err=   0 errRate=  0.00% avg=   46.31 min=   14.79 max=  401.76 p50=   38.67 p95=   96.73 p99=  179.74 rps= 243.20
  controller.AnalyticsController.maxViewersSummary n= 2431 err=   0 errRate=  0.00% avg=   46.86 min=   14.93 max=  402.20 p50=   39.21 p95=   97.12 p99=  180.30 rps= 243.10
  s2s.crud.fetchAllTickets                      n= 2432 err=   0 errRate=  0.00% avg=   44.84 min=   14.74 max=  258.36 p50=   38.49 p95=   92.71 p99=  134.52 rps= 243.20
  s2s.crud.fetchFilms                           n=    1 err=   0 errRate=  0.00% avg=  168.06 min=  168.06 max=  168.06 p50=  168.06 p95=  168.06 p99=  168.06 rps=   0.10
window 30s
  calc.additional.maxViewersSummary             n= 6284 err=   0 errRate=  0.00% avg=   60.49 min=   14.58 max=  401.76 p50=   48.75 p95=  128.69 p99=  183.96 rps= 209.47
  controller.AnalyticsController.maxViewersSummary n= 6283 err=   0 errRate=  0.00% avg=   61.18 min=   14.75 max=  402.20 p50=   49.50 p95=  130.03 p99=  184.67 rps= 209.43
  s2s.crud.fetchAllTickets                      n= 6284 err=   0 errRate=  0.00% avg=   59.83 min=   14.53 max=  373.96 p50=   48.58 p95=  125.93 p99=  177.00 rps= 209.47
  s2s.crud.fetchFilms                           n=    1 err=   0 errRate=  0.00% avg=  168.06 min=  168.06 max=  168.06 p50=  168.06 p95=  168.06 p99=  168.06 rps=   0.03
window 1m
  calc.additional.maxViewersSummary             n= 7151 err=   0 errRate=  0.00% avg=   72.51 min=   14.58 max= 1226.56 p50=   54.28 p95=  156.39 p99=  235.95 rps= 119.18
  controller.AnalyticsController.maxViewersSummary n= 7150 err=   0 errRate=  0.00% avg=   74.00 min=   14.75 max= 1393.07 p50=   55.04 p95=  158.13 p99=  237.12 rps= 119.17
  controller.ObservabilityController.getStats   n=    1 err=   0 errRate=  0.00% avg=  198.53 min=  198.53 max=  198.53 p50=  198.53 p95=  198.53 p99=  198.53 rps=   0.02
  s2s.crud.fetchAllTickets                      n= 7151 err=   0 errRate=  0.00% avg=   67.72 min=   14.53 max=  373.96 p50=   54.06 p95=  151.22 p99=  213.12 rps= 119.18
  s2s.crud.fetchFilms                           n=    2 err=   0 errRate=  0.00% avg=  553.03 min=  168.06 max=  938.00 p50=  553.03 p95=  899.50 p99=  930.30 rps=   0.03

2026-05-06T21:02:22.714Z  INFO 1 --- [lab8-additional-service] [   scheduling-1] r.h.l.a.o.ObservabilityService           : [lab8-additional-service] observability refresh
window 10s
  calc.additional.maxViewersSummary             n= 2522 err=   0 errRate=  0.00% avg=   43.27 min=   14.33 max=  401.76 p50=   36.47 p95=   87.54 p99=  168.74 rps= 252.20
  controller.AnalyticsController.maxViewersSummary n= 2522 err=   0 errRate=  0.00% avg=   43.82 min=   14.93 max=  402.20 p50=   37.09 p95=   87.75 p99=  169.15 rps= 252.20
  s2s.crud.fetchAllTickets                      n= 2522 err=   0 errRate=  0.00% avg=   41.84 min=   14.26 max=  253.93 p50=   36.37 p95=   83.82 p99=  120.01 rps= 252.20
  s2s.crud.fetchFilms                           n=    1 err=   0 errRate=  0.00% avg=  168.06 min=  168.06 max=  168.06 p50=  168.06 p95=  168.06 p99=  168.06 rps=   0.10
window 30s
  calc.additional.maxViewersSummary             n= 6402 err=   0 errRate=  0.00% avg=   58.47 min=   14.33 max=  401.76 p50=   46.88 p95=  124.57 p99=  182.33 rps= 213.40
  controller.AnalyticsController.maxViewersSummary n= 6402 err=   0 errRate=  0.00% avg=   59.15 min=   14.75 max=  402.20 p50=   47.63 p95=  125.51 p99=  182.58 rps= 213.40
  s2s.crud.fetchAllTickets                      n= 6402 err=   0 errRate=  0.00% avg=   57.83 min=   14.26 max=  373.96 p50=   46.72 p95=  122.20 p99=  173.77 rps= 213.40
  s2s.crud.fetchFilms                           n=    1 err=   0 errRate=  0.00% avg=  168.06 min=  168.06 max=  168.06 p50=  168.06 p95=  168.06 p99=  168.06 rps=   0.03
window 1m
  calc.additional.maxViewersSummary             n= 7429 err=   0 errRate=  0.00% avg=   71.31 min=   14.33 max= 1226.56 p50=   52.98 p95=  154.50 p99=  234.96 rps= 123.82
  controller.AnalyticsController.maxViewersSummary n= 7429 err=   0 errRate=  0.00% avg=   72.77 min=   14.75 max= 1393.07 p50=   53.80 p95=  156.43 p99=  236.01 rps= 123.82
  controller.ObservabilityController.getStats   n=    1 err=   0 errRate=  0.00% avg=  198.53 min=  198.53 max=  198.53 p50=  198.53 p95=  198.53 p99=  198.53 rps=   0.02
  s2s.crud.fetchAllTickets                      n= 7429 err=   0 errRate=  0.00% avg=   66.70 min=   14.26 max=  373.96 p50=   52.81 p95=  149.88 p99=  210.46 rps= 123.82
  s2s.crud.fetchFilms                           n=    2 err=   0 errRate=  0.00% avg=  553.03 min=  168.06 max=  938.00 p50=  553.03 p95=  899.50 p99=  930.30 rps=   0.03

2026-05-06T21:02:23.746Z  INFO 1 --- [lab8-additional-service] [   scheduling-1] r.h.l.a.o.ObservabilityService           : [lab8-additional-service] observability refresh
window 10s
  calc.additional.maxViewersSummary             n= 2560 err=   0 errRate=  0.00% avg=   42.03 min=   13.76 max=  401.76 p50=   35.39 p95=   84.80 p99=  167.80 rps= 256.00
  controller.AnalyticsController.maxViewersSummary n= 2560 err=   0 errRate=  0.00% avg=   42.57 min=   13.99 max=  402.20 p50=   35.91 p95=   85.38 p99=  168.34 rps= 256.00
  s2s.crud.fetchAllTickets                      n= 2560 err=   0 errRate=  0.00% avg=   40.62 min=   13.72 max=  253.93 p50=   35.20 p95=   81.92 p99=  114.01 rps= 256.00
  s2s.crud.fetchFilms                           n=    1 err=   0 errRate=  0.00% avg=  168.06 min=  168.06 max=  168.06 p50=  168.06 p95=  168.06 p99=  168.06 rps=   0.10
window 30s
  calc.additional.maxViewersSummary             n= 6525 err=   0 errRate=  0.00% avg=   56.62 min=   13.76 max=  401.76 p50=   45.44 p95=  121.55 p99=  182.21 rps= 217.50
  controller.AnalyticsController.maxViewersSummary n= 6525 err=   0 errRate=  0.00% avg=   57.28 min=   13.99 max=  402.20 p50=   46.07 p95=  122.20 p99=  182.43 rps= 217.50
  s2s.crud.fetchAllTickets                      n= 6525 err=   0 errRate=  0.00% avg=   55.99 min=   13.72 max=  373.96 p50=   45.22 p95=  119.33 p99=  173.09 rps= 217.50
  s2s.crud.fetchFilms                           n=    1 err=   0 errRate=  0.00% avg=  168.06 min=  168.06 max=  168.06 p50=  168.06 p95=  168.06 p99=  168.06 rps=   0.03
window 1m
  calc.additional.maxViewersSummary             n= 7715 err=   0 errRate=  0.00% avg=   70.01 min=   13.76 max= 1226.56 p50=   51.73 p95=  152.93 p99=  232.87 rps= 128.58
  controller.AnalyticsController.maxViewersSummary n= 7715 err=   0 errRate=  0.00% avg=   71.44 min=   13.99 max= 1393.07 p50=   52.42 p95=  154.19 p99=  234.90 rps= 128.58
  controller.ObservabilityController.getStats   n=    1 err=   0 errRate=  0.00% avg=  198.53 min=  198.53 max=  198.53 p50=  198.53 p95=  198.53 p99=  198.53 rps=   0.02
  s2s.crud.fetchAllTickets                      n= 7715 err=   0 errRate=  0.00% avg=   65.57 min=   13.72 max=  373.96 p50=   51.53 p95=  148.26 p99=  209.69 rps= 128.58
  s2s.crud.fetchFilms                           n=    2 err=   0 errRate=  0.00% avg=  553.03 min=  168.06 max=  938.00 p50=  553.03 p95=  899.50 p99=  930.30 rps=   0.03

2026-05-06T21:02:24.777Z  INFO 1 --- [lab8-additional-service] [   scheduling-1] r.h.l.a.o.ObservabilityService           : [lab8-additional-service] observability refresh
window 10s
  calc.additional.maxViewersSummary             n= 2556 err=   0 errRate=  0.00% avg=   41.78 min=   13.76 max=  252.99 p50=   35.40 p95=   87.07 p99=  132.07 rps= 255.60
  controller.AnalyticsController.maxViewersSummary n= 2556 err=   0 errRate=  0.00% avg=   42.29 min=   13.99 max=  253.81 p50=   35.91 p95=   87.30 p99=  132.21 rps= 255.60
  s2s.crud.fetchAllTickets                      n= 2556 err=   0 errRate=  0.00% avg=   41.68 min=   13.72 max=  252.92 p50=   35.30 p95=   87.01 p99=  132.03 rps= 255.60
window 30s
  calc.additional.maxViewersSummary             n= 6581 err=   0 errRate=  0.00% avg=   55.93 min=   13.76 max=  401.76 p50=   44.90 p95=  120.98 p99=  182.70 rps= 219.37
  controller.AnalyticsController.maxViewersSummary n= 6581 err=   0 errRate=  0.00% avg=   56.56 min=   13.99 max=  402.20 p50=   45.50 p95=  121.89 p99=  183.08 rps= 219.37
  s2s.crud.fetchAllTickets                      n= 6581 err=   0 errRate=  0.00% avg=   55.31 min=   13.72 max=  373.96 p50=   44.73 p95=  118.87 p99=  173.85 rps= 219.37
  s2s.crud.fetchFilms                           n=    1 err=   0 errRate=  0.00% avg=  168.06 min=  168.06 max=  168.06 p50=  168.06 p95=  168.06 p99=  168.06 rps=   0.03
window 1m
  calc.additional.maxViewersSummary             n= 7923 err=   0 errRate=  0.00% avg=   69.91 min=   13.76 max= 1226.56 p50=   51.58 p95=  153.79 p99=  234.64 rps= 132.05
  controller.AnalyticsController.maxViewersSummary n= 7923 err=   0 errRate=  0.00% avg=   71.31 min=   13.99 max= 1393.07 p50=   52.30 p95=  154.93 p99=  235.84 rps= 132.05
  controller.ObservabilityController.getStats   n=    1 err=   0 errRate=  0.00% avg=  198.53 min=  198.53 max=  198.53 p50=  198.53 p95=  198.53 p99=  198.53 rps=   0.02
  s2s.crud.fetchAllTickets                      n= 7923 err=   0 errRate=  0.00% avg=   65.58 min=   13.72 max=  373.96 p50=   51.41 p95=  148.97 p99=  210.48 rps= 132.05
  s2s.crud.fetchFilms                           n=    2 err=   0 errRate=  0.00% avg=  553.03 min=  168.06 max=  938.00 p50=  553.03 p95=  899.50 p99=  930.30 rps=   0.03

2026-05-06T21:02:25.799Z  INFO 1 --- [lab8-additional-service] [   scheduling-1] r.h.l.a.o.ObservabilityService           : [lab8-additional-service] observability refresh
window 10s
  calc.additional.maxViewersSummary             n= 2545 err=   0 errRate=  0.00% avg=   42.02 min=   13.73 max=  252.99 p50=   35.41 p95=   87.76 p99=  132.16 rps= 254.50
  controller.AnalyticsController.maxViewersSummary n= 2545 err=   0 errRate=  0.00% avg=   42.52 min=   13.92 max=  253.81 p50=   35.92 p95=   88.22 p99=  132.29 rps= 254.50
  s2s.crud.fetchAllTickets                      n= 2545 err=   0 errRate=  0.00% avg=   41.93 min=   13.69 max=  252.92 p50=   35.33 p95=   87.67 p99=  132.11 rps= 254.50
window 30s
  calc.additional.maxViewersSummary             n= 6684 err=   0 errRate=  0.00% avg=   54.41 min=   13.73 max=  401.76 p50=   43.52 p95=  120.25 p99=  182.39 rps= 222.80
  controller.AnalyticsController.maxViewersSummary n= 6685 err=   0 errRate=  0.00% avg=   55.02 min=   13.92 max=  402.20 p50=   44.02 p95=  120.90 p99=  182.66 rps= 222.83
  s2s.crud.fetchAllTickets                      n= 6684 err=   0 errRate=  0.00% avg=   53.80 min=   13.69 max=  373.96 p50=   43.35 p95=  118.08 p99=  173.38 rps= 222.80
  s2s.crud.fetchFilms                           n=    1 err=   0 errRate=  0.00% avg=  168.06 min=  168.06 max=  168.06 p50=  168.06 p95=  168.06 p99=  168.06 rps=   0.03
window 1m
  calc.additional.maxViewersSummary             n= 8208 err=   0 errRate=  0.00% avg=   68.67 min=   13.73 max= 1226.56 p50=   50.18 p95=  152.10 p99=  232.13 rps= 136.80
  controller.AnalyticsController.maxViewersSummary n= 8208 err=   0 errRate=  0.00% avg=   70.03 min=   13.92 max= 1393.07 p50=   51.03 p95=  153.47 p99=  234.09 rps= 136.80
  controller.ObservabilityController.getStats   n=    1 err=   0 errRate=  0.00% avg=  198.53 min=  198.53 max=  198.53 p50=  198.53 p95=  198.53 p99=  198.53 rps=   0.02
  s2s.crud.fetchAllTickets                      n= 8208 err=   0 errRate=  0.00% avg=   64.49 min=   13.69 max=  373.96 p50=   50.00 p95=  147.76 p99=  209.70 rps= 136.80
  s2s.crud.fetchFilms                           n=    2 err=   0 errRate=  0.00% avg=  553.03 min=  168.06 max=  938.00 p50=  553.03 p95=  899.50 p99=  930.30 rps=   0.03

2026-05-06T21:02:26.793Z  INFO 1 --- [lab8-additional-service] [   scheduling-1] r.h.l.a.service.FilmCacheService         : film-cache stats: size=310 ttlMs=30000 lastRefreshAtMs=1778101333764 hits=8439 misses=2 refreshes=2
2026-05-06T21:02:26.808Z  INFO 1 --- [lab8-additional-service] [   scheduling-1] r.h.l.a.o.ObservabilityService           : [lab8-additional-service] observability refresh
window 10s
  calc.additional.maxViewersSummary             n= 2503 err=   0 errRate=  0.00% avg=   43.00 min=   13.73 max=  252.99 p50=   35.86 p95=   91.45 p99=  134.76 rps= 250.30
  controller.AnalyticsController.maxViewersSummary n= 2503 err=   0 errRate=  0.00% avg=   43.52 min=   13.92 max=  253.81 p50=   36.36 p95=   91.72 p99=  135.01 rps= 250.30
  s2s.crud.fetchAllTickets                      n= 2503 err=   0 errRate=  0.00% avg=   42.91 min=   13.69 max=  252.92 p50=   35.72 p95=   91.16 p99=  134.68 rps= 250.30
window 30s
  calc.additional.maxViewersSummary             n= 6757 err=   0 errRate=  0.00% avg=   53.31 min=   13.73 max=  401.76 p50=   43.06 p95=  117.49 p99=  181.67 rps= 225.23
  controller.AnalyticsController.maxViewersSummary n= 6757 err=   0 errRate=  0.00% avg=   53.93 min=   13.92 max=  402.20 p50=   43.67 p95=  118.17 p99=  181.88 rps= 225.23
  s2s.crud.fetchAllTickets                      n= 6757 err=   0 errRate=  0.00% avg=   52.71 min=   13.69 max=  373.96 p50=   42.86 p95=  115.45 p99=  170.27 rps= 225.23
  s2s.crud.fetchFilms                           n=    1 err=   0 errRate=  0.00% avg=  168.06 min=  168.06 max=  168.06 p50=  168.06 p95=  168.06 p99=  168.06 rps=   0.03
window 1m
  calc.additional.maxViewersSummary             n= 8430 err=   0 errRate=  0.00% avg=   68.24 min=   13.73 max= 1226.56 p50=   50.05 p95=  151.10 p99=  231.13 rps= 140.50
  controller.AnalyticsController.maxViewersSummary n= 8430 err=   0 errRate=  0.00% avg=   69.59 min=   13.92 max= 1393.07 p50=   50.83 p95=  152.42 p99=  232.85 rps= 140.50
  controller.ObservabilityController.getStats   n=    1 err=   0 errRate=  0.00% avg=  198.53 min=  198.53 max=  198.53 p50=  198.53 p95=  198.53 p99=  198.53 rps=   0.02
  s2s.crud.fetchAllTickets                      n= 8430 err=   0 errRate=  0.00% avg=   64.17 min=   13.69 max=  373.96 p50=   49.83 p95=  146.62 p99=  209.14 rps= 140.50
  s2s.crud.fetchFilms                           n=    2 err=   0 errRate=  0.00% avg=  553.03 min=  168.06 max=  938.00 p50=  553.03 p95=  899.50 p99=  930.30 rps=   0.03

2026-05-06T21:02:27.816Z  INFO 1 --- [lab8-additional-service] [   scheduling-1] r.h.l.a.o.ObservabilityService           : [lab8-additional-service] observability refresh
window 10s
  calc.additional.maxViewersSummary             n= 2483 err=   0 errRate=  0.00% avg=   44.19 min=   13.73 max=  252.99 p50=   36.88 p95=   93.21 p99=  138.88 rps= 248.30
  controller.AnalyticsController.maxViewersSummary n= 2483 err=   0 errRate=  0.00% avg=   44.71 min=   13.92 max=  253.81 p50=   37.35 p95=   94.46 p99=  139.09 rps= 248.30
  s2s.crud.fetchAllTickets                      n= 2483 err=   0 errRate=  0.00% avg=   44.11 min=   13.69 max=  252.92 p50=   36.73 p95=   93.03 p99=  138.84 rps= 248.30
window 30s
  calc.additional.maxViewersSummary             n= 6816 err=   0 errRate=  0.00% avg=   52.45 min=   13.73 max=  401.76 p50=   42.48 p95=  114.50 p99=  180.88 rps= 227.20
  controller.AnalyticsController.maxViewersSummary n= 6816 err=   0 errRate=  0.00% avg=   53.06 min=   13.92 max=  402.20 p50=   43.18 p95=  114.98 p99=  181.25 rps= 227.20
  s2s.crud.fetchAllTickets                      n= 6816 err=   0 errRate=  0.00% avg=   51.86 min=   13.69 max=  373.96 p50=   42.33 p95=  112.29 p99=  166.51 rps= 227.20
  s2s.crud.fetchFilms                           n=    1 err=   0 errRate=  0.00% avg=  168.06 min=  168.06 max=  168.06 p50=  168.06 p95=  168.06 p99=  168.06 rps=   0.03
window 1m
  calc.additional.maxViewersSummary             n= 8665 err=   0 errRate=  0.00% avg=   67.80 min=   13.73 max= 1226.56 p50=   49.80 p95=  149.47 p99=  229.83 rps= 144.42
  controller.AnalyticsController.maxViewersSummary n= 8665 err=   0 errRate=  0.00% avg=   69.12 min=   13.92 max= 1393.07 p50=   50.58 p95=  151.08 p99=  230.93 rps= 144.42
  controller.ObservabilityController.getStats   n=    1 err=   0 errRate=  0.00% avg=  198.53 min=  198.53 max=  198.53 p50=  198.53 p95=  198.53 p99=  198.53 rps=   0.02
  s2s.crud.fetchAllTickets                      n= 8665 err=   0 errRate=  0.00% avg=   63.84 min=   13.69 max=  373.96 p50=   49.63 p95=  145.81 p99=  206.93 rps= 144.42
  s2s.crud.fetchFilms                           n=    2 err=   0 errRate=  0.00% avg=  553.03 min=  168.06 max=  938.00 p50=  553.03 p95=  899.50 p99=  930.30 rps=   0.03

2026-05-06T21:02:28.823Z  INFO 1 --- [lab8-additional-service] [   scheduling-1] r.h.l.a.o.ObservabilityService           : [lab8-additional-service] observability refresh
window 10s
  calc.additional.maxViewersSummary             n= 2490 err=   0 errRate=  0.00% avg=   44.22 min=   13.73 max=  252.99 p50=   36.47 p95=   93.98 p99=  138.78 rps= 249.00
  controller.AnalyticsController.maxViewersSummary n= 2490 err=   0 errRate=  0.00% avg=   44.73 min=   13.92 max=  253.81 p50=   36.95 p95=   94.56 p99=  138.95 rps= 249.00
  s2s.crud.fetchAllTickets                      n= 2490 err=   0 errRate=  0.00% avg=   44.13 min=   13.69 max=  252.92 p50=   36.41 p95=   93.52 p99=  138.73 rps= 249.00
window 30s
  calc.additional.maxViewersSummary             n= 6905 err=   0 errRate=  0.00% avg=   51.38 min=   13.73 max=  401.76 p50=   41.90 p95=  111.60 p99=  176.91 rps= 230.17
  controller.AnalyticsController.maxViewersSummary n= 6905 err=   0 errRate=  0.00% avg=   51.98 min=   13.92 max=  402.20 p50=   42.51 p95=  112.12 p99=  177.20 rps= 230.17
  s2s.crud.fetchAllTickets                      n= 6905 err=   0 errRate=  0.00% avg=   50.79 min=   13.69 max=  373.96 p50=   41.73 p95=  109.12 p99=  160.64 rps= 230.17
  s2s.crud.fetchFilms                           n=    1 err=   0 errRate=  0.00% avg=  168.06 min=  168.06 max=  168.06 p50=  168.06 p95=  168.06 p99=  168.06 rps=   0.03
window 1m
  calc.additional.maxViewersSummary             n= 8919 err=   0 errRate=  0.00% avg=   67.15 min=   13.73 max= 1226.56 p50=   49.33 p95=  148.19 p99=  226.14 rps= 148.65
  controller.AnalyticsController.maxViewersSummary n= 8919 err=   0 errRate=  0.00% avg=   68.45 min=   13.92 max= 1393.07 p50=   50.05 p95=  150.04 p99=  229.41 rps= 148.65
  controller.ObservabilityController.getStats   n=    1 err=   0 errRate=  0.00% avg=  198.53 min=  198.53 max=  198.53 p50=  198.53 p95=  198.53 p99=  198.53 rps=   0.02
  s2s.crud.fetchAllTickets                      n= 8919 err=   0 errRate=  0.00% avg=   63.30 min=   13.69 max=  373.96 p50=   49.15 p95=  144.34 p99=  206.19 rps= 148.65
  s2s.crud.fetchFilms                           n=    2 err=   0 errRate=  0.00% avg=  553.03 min=  168.06 max=  938.00 p50=  553.03 p95=  899.50 p99=  930.30 rps=   0.03

2026-05-06T21:02:29.831Z  INFO 1 --- [lab8-additional-service] [   scheduling-1] r.h.l.a.o.ObservabilityService           : [lab8-additional-service] observability refresh
window 10s
  calc.additional.maxViewersSummary             n= 2461 err=   0 errRate=  0.00% avg=   45.42 min=   13.73 max=  252.99 p50=   37.46 p95=   96.85 p99=  143.02 rps= 246.10
  controller.AnalyticsController.maxViewersSummary n= 2461 err=   0 errRate=  0.00% avg=   45.90 min=   13.92 max=  253.81 p50=   37.98 p95=   97.91 p99=  143.35 rps= 246.10
  s2s.crud.fetchAllTickets                      n= 2461 err=   0 errRate=  0.00% avg=   45.34 min=   13.69 max=  252.92 p50=   37.40 p95=   96.80 p99=  142.97 rps= 246.10
window 30s
  calc.additional.maxViewersSummary             n= 6957 err=   0 errRate=  0.00% avg=   50.62 min=   13.73 max=  401.76 p50=   41.66 p95=  108.26 p99=  164.90 rps= 231.90
  controller.AnalyticsController.maxViewersSummary n= 6957 err=   0 errRate=  0.00% avg=   51.22 min=   13.92 max=  402.20 p50=   42.27 p95=  108.95 p99=  165.99 rps= 231.90
  s2s.crud.fetchAllTickets                      n= 6957 err=   0 errRate=  0.00% avg=   50.04 min=   13.69 max=  373.96 p50=   41.46 p95=  106.59 p99=  150.78 rps= 231.90
  s2s.crud.fetchFilms                           n=    1 err=   0 errRate=  0.00% avg=  168.06 min=  168.06 max=  168.06 p50=  168.06 p95=  168.06 p99=  168.06 rps=   0.03
window 1m
  calc.additional.maxViewersSummary             n= 9142 err=   0 errRate=  0.00% avg=   66.88 min=   13.73 max= 1226.56 p50=   49.31 p95=  147.45 p99=  222.80 rps= 152.37
  controller.AnalyticsController.maxViewersSummary n= 9142 err=   0 errRate=  0.00% avg=   68.16 min=   13.92 max= 1393.07 p50=   49.92 p95=  149.26 p99=  226.11 rps= 152.37
  controller.ObservabilityController.getStats   n=    1 err=   0 errRate=  0.00% avg=  198.53 min=  198.53 max=  198.53 p50=  198.53 p95=  198.53 p99=  198.53 rps=   0.02
  s2s.crud.fetchAllTickets                      n= 9142 err=   0 errRate=  0.00% avg=   63.12 min=   13.69 max=  373.96 p50=   49.03 p95=  143.19 p99=  203.80 rps= 152.37
  s2s.crud.fetchFilms                           n=    2 err=   0 errRate=  0.00% avg=  553.03 min=  168.06 max=  938.00 p50=  553.03 p95=  899.50 p99=  930.30 rps=   0.03

2026-05-06T21:02:30.853Z  INFO 1 --- [lab8-additional-service] [   scheduling-1] r.h.l.a.o.ObservabilityService           : [lab8-additional-service] observability refresh
window 10s
  calc.additional.maxViewersSummary             n= 2423 err=   0 errRate=  0.00% avg=   47.30 min=   13.73 max=  252.99 p50=   38.91 p95=  100.04 p99=  146.10 rps= 242.30
  controller.AnalyticsController.maxViewersSummary n= 2423 err=   0 errRate=  0.00% avg=   47.77 min=   13.92 max=  253.81 p50=   39.31 p95=  100.33 p99=  146.29 rps= 242.30
  s2s.crud.fetchAllTickets                      n= 2423 err=   0 errRate=  0.00% avg=   47.22 min=   13.69 max=  252.92 p50=   38.84 p95=   99.98 p99=  146.06 rps= 242.30
window 30s
  calc.additional.maxViewersSummary             n= 6979 err=   0 errRate=  0.00% avg=   50.49 min=   13.73 max=  401.76 p50=   41.47 p95=  108.77 p99=  164.84 rps= 232.63
  controller.AnalyticsController.maxViewersSummary n= 6979 err=   0 errRate=  0.00% avg=   51.07 min=   13.92 max=  402.20 p50=   42.08 p95=  109.16 p99=  165.67 rps= 232.63
  s2s.crud.fetchAllTickets                      n= 6979 err=   0 errRate=  0.00% avg=   49.91 min=   13.69 max=  373.96 p50=   41.30 p95=  106.96 p99=  150.72 rps= 232.63
  s2s.crud.fetchFilms                           n=    1 err=   0 errRate=  0.00% avg=  168.06 min=  168.06 max=  168.06 p50=  168.06 p95=  168.06 p99=  168.06 rps=   0.03
window 1m
  calc.additional.maxViewersSummary             n= 9362 err=   0 errRate=  0.00% avg=   66.70 min=   13.73 max= 1226.56 p50=   49.40 p95=  146.33 p99=  222.33 rps= 156.03
  controller.AnalyticsController.maxViewersSummary n= 9362 err=   0 errRate=  0.00% avg=   67.95 min=   13.92 max= 1393.07 p50=   50.07 p95=  147.95 p99=  223.98 rps= 156.03
  controller.ObservabilityController.getStats   n=    1 err=   0 errRate=  0.00% avg=  198.53 min=  198.53 max=  198.53 p50=  198.53 p95=  198.53 p99=  198.53 rps=   0.02
  s2s.crud.fetchAllTickets                      n= 9362 err=   0 errRate=  0.00% avg=   63.03 min=   13.69 max=  373.96 p50=   49.26 p95=  142.17 p99=  201.98 rps= 156.03
  s2s.crud.fetchFilms                           n=    2 err=   0 errRate=  0.00% avg=  553.03 min=  168.06 max=  938.00 p50=  553.03 p95=  899.50 p99=  930.30 rps=   0.03

2026-05-06T21:02:31.865Z  INFO 1 --- [lab8-additional-service] [   scheduling-1] r.h.l.a.o.ObservabilityService           : [lab8-additional-service] observability refresh
window 10s
  calc.additional.maxViewersSummary             n= 2404 err=   0 errRate=  0.00% avg=   47.73 min=   13.73 max=  252.99 p50=   39.10 p95=  100.11 p99=  141.47 rps= 240.40
  controller.AnalyticsController.maxViewersSummary n= 2404 err=   0 errRate=  0.00% avg=   48.19 min=   13.92 max=  253.81 p50=   39.41 p95=  100.81 p99=  141.76 rps= 240.40
  s2s.crud.fetchAllTickets                      n= 2404 err=   0 errRate=  0.00% avg=   47.65 min=   13.69 max=  252.92 p50=   39.04 p95=  100.04 p99=  141.42 rps= 240.40
window 30s
  calc.additional.maxViewersSummary             n= 7005 err=   0 errRate=  0.00% avg=   50.13 min=   13.73 max=  401.76 p50=   41.22 p95=  108.08 p99=  164.28 rps= 233.50
  controller.AnalyticsController.maxViewersSummary n= 7005 err=   0 errRate=  0.00% avg=   50.71 min=   13.92 max=  402.20 p50=   41.75 p95=  108.54 p99=  164.42 rps= 233.50
  s2s.crud.fetchAllTickets                      n= 7005 err=   0 errRate=  0.00% avg=   49.56 min=   13.69 max=  373.96 p50=   41.04 p95=  106.01 p99=  149.80 rps= 233.50
  s2s.crud.fetchFilms                           n=    1 err=   0 errRate=  0.00% avg=  168.06 min=  168.06 max=  168.06 p50=  168.06 p95=  168.06 p99=  168.06 rps=   0.03
window 1m
  calc.additional.maxViewersSummary             n= 9599 err=   0 errRate=  0.00% avg=   66.30 min=   13.73 max= 1226.56 p50=   49.08 p95=  145.33 p99=  221.88 rps= 159.98
  controller.AnalyticsController.maxViewersSummary n= 9599 err=   0 errRate=  0.00% avg=   67.53 min=   13.92 max= 1393.07 p50=   49.72 p95=  146.69 p99=  222.82 rps= 159.98
  controller.ObservabilityController.getStats   n=    1 err=   0 errRate=  0.00% avg=  198.53 min=  198.53 max=  198.53 p50=  198.53 p95=  198.53 p99=  198.53 rps=   0.02
  s2s.crud.fetchAllTickets                      n= 9599 err=   0 errRate=  0.00% avg=   62.72 min=   13.69 max=  373.96 p50=   48.92 p95=  141.53 p99=  201.57 rps= 159.98
  s2s.crud.fetchFilms                           n=    2 err=   0 errRate=  0.00% avg=  553.03 min=  168.06 max=  938.00 p50=  553.03 p95=  899.50 p99=  930.30 rps=   0.03

2026-05-06T21:02:32.893Z  INFO 1 --- [lab8-additional-service] [   scheduling-1] r.h.l.a.o.ObservabilityService           : [lab8-additional-service] observability refresh
window 10s
  calc.additional.maxViewersSummary             n= 2417 err=   0 errRate=  0.00% avg=   47.55 min=   13.73 max=  251.29 p50=   39.23 p95=   99.77 p99=  141.29 rps= 241.70
  controller.AnalyticsController.maxViewersSummary n= 2416 err=   0 errRate=  0.00% avg=   48.00 min=   13.92 max=  251.53 p50=   39.60 p95=  100.19 p99=  141.47 rps= 241.60
  s2s.crud.fetchAllTickets                      n= 2417 err=   0 errRate=  0.00% avg=   47.47 min=   13.69 max=  251.23 p50=   39.13 p95=   99.62 p99=  141.24 rps= 241.70
window 30s
  calc.additional.maxViewersSummary             n= 7101 err=   0 errRate=  0.00% avg=   49.15 min=   13.73 max=  401.76 p50=   40.56 p95=  105.75 p99=  162.82 rps= 236.70
  controller.AnalyticsController.maxViewersSummary n= 7100 err=   0 errRate=  0.00% avg=   49.72 min=   13.92 max=  402.20 p50=   41.15 p95=  106.50 p99=  163.25 rps= 236.67
  s2s.crud.fetchAllTickets                      n= 7101 err=   0 errRate=  0.00% avg=   48.58 min=   13.69 max=  373.96 p50=   40.42 p95=  103.58 p99=  148.02 rps= 236.70
  s2s.crud.fetchFilms                           n=    1 err=   0 errRate=  0.00% avg=  168.06 min=  168.06 max=  168.06 p50=  168.06 p95=  168.06 p99=  168.06 rps=   0.03
window 1m
  calc.additional.maxViewersSummary             n= 9882 err=   0 errRate=  0.00% avg=   65.47 min=   13.73 max= 1226.56 p50=   48.38 p95=  143.67 p99=  220.09 rps= 164.70
  controller.AnalyticsController.maxViewersSummary n= 9881 err=   0 errRate=  0.00% avg=   66.68 min=   13.92 max= 1393.07 p50=   49.02 p95=  145.28 p99=  222.23 rps= 164.68
  controller.ObservabilityController.getStats   n=    1 err=   0 errRate=  0.00% avg=  198.53 min=  198.53 max=  198.53 p50=  198.53 p95=  198.53 p99=  198.53 rps=   0.02
  s2s.crud.fetchAllTickets                      n= 9882 err=   0 errRate=  0.00% avg=   61.99 min=   13.69 max=  373.96 p50=   48.19 p95=  140.43 p99=  200.43 rps= 164.70
  s2s.crud.fetchFilms                           n=    2 err=   0 errRate=  0.00% avg=  553.03 min=  168.06 max=  938.00 p50=  553.03 p95=  899.50 p99=  930.30 rps=   0.03

2026-05-06T21:02:33.906Z  INFO 1 --- [lab8-additional-service] [   scheduling-1] r.h.l.a.o.ObservabilityService           : [lab8-additional-service] observability refresh
window 10s
  calc.additional.maxViewersSummary             n= 2431 err=   0 errRate=  0.00% avg=   47.05 min=   13.73 max=  251.29 p50=   38.93 p95=   98.78 p99=  141.19 rps= 243.10
  controller.AnalyticsController.maxViewersSummary n= 2431 err=   0 errRate=  0.00% avg=   47.47 min=   13.92 max=  251.53 p50=   39.38 p95=   99.11 p99=  141.36 rps= 243.10
  s2s.crud.fetchAllTickets                      n= 2431 err=   0 errRate=  0.00% avg=   46.97 min=   13.69 max=  251.23 p50=   38.84 p95=   98.72 p99=  141.14 rps= 243.10
window 30s
  calc.additional.maxViewersSummary             n= 7139 err=   0 errRate=  0.00% avg=   48.65 min=   13.73 max=  401.76 p50=   40.03 p95=  105.44 p99=  162.79 rps= 237.97
  controller.AnalyticsController.maxViewersSummary n= 7139 err=   0 errRate=  0.00% avg=   49.21 min=   13.92 max=  402.20 p50=   40.58 p95=  106.12 p99=  163.18 rps= 237.97
  s2s.crud.fetchAllTickets                      n= 7139 err=   0 errRate=  0.00% avg=   48.08 min=   13.69 max=  373.96 p50=   39.91 p95=  103.28 p99=  147.58 rps= 237.97
  s2s.crud.fetchFilms                           n=    1 err=   0 errRate=  0.00% avg=  168.06 min=  168.06 max=  168.06 p50=  168.06 p95=  168.06 p99=  168.06 rps=   0.03
window 1m
  calc.additional.maxViewersSummary             n=10178 err=   0 errRate=  0.00% avg=   64.54 min=   13.73 max= 1226.56 p50=   47.53 p95=  142.23 p99=  217.57 rps= 169.63
  controller.AnalyticsController.maxViewersSummary n=10178 err=   0 errRate=  0.00% avg=   65.72 min=   13.92 max= 1393.07 p50=   48.08 p95=  143.76 p99=  220.41 rps= 169.63
  controller.ObservabilityController.getStats   n=    1 err=   0 errRate=  0.00% avg=  198.53 min=  198.53 max=  198.53 p50=  198.53 p95=  198.53 p99=  198.53 rps=   0.02
  s2s.crud.fetchAllTickets                      n=10178 err=   0 errRate=  0.00% avg=   61.15 min=   13.69 max=  373.96 p50=   47.40 p95=  139.64 p99=  199.43 rps= 169.63
  s2s.crud.fetchFilms                           n=    2 err=   0 errRate=  0.00% avg=  553.03 min=  168.06 max=  938.00 p50=  553.03 p95=  899.50 p99=  930.30 rps=   0.03

2026-05-06T21:02:34.915Z  INFO 1 --- [lab8-additional-service] [   scheduling-1] r.h.l.a.o.ObservabilityService           : [lab8-additional-service] observability refresh
window 10s
  calc.additional.maxViewersSummary             n= 2453 err=   0 errRate=  0.00% avg=   45.77 min=   14.01 max=  193.35 p50=   39.00 p95=   95.42 p99=  124.59 rps= 245.30
  controller.AnalyticsController.maxViewersSummary n= 2453 err=   0 errRate=  0.00% avg=   46.19 min=   14.18 max=  193.59 p50=   39.40 p95=   96.06 p99=  125.13 rps= 245.30
  s2s.crud.fetchAllTickets                      n= 2453 err=   0 errRate=  0.00% avg=   45.70 min=   13.96 max=  193.31 p50=   38.90 p95=   95.38 p99=  124.53 rps= 245.30
window 30s
  calc.additional.maxViewersSummary             n= 7175 err=   0 errRate=  0.00% avg=   48.39 min=   13.73 max=  401.76 p50=   39.72 p95=  105.16 p99=  162.77 rps= 239.17
  controller.AnalyticsController.maxViewersSummary n= 7175 err=   0 errRate=  0.00% avg=   48.93 min=   13.92 max=  402.20 p50=   40.32 p95=  106.09 p99=  163.12 rps= 239.17
  s2s.crud.fetchAllTickets                      n= 7175 err=   0 errRate=  0.00% avg=   47.82 min=   13.69 max=  373.96 p50=   39.62 p95=  103.13 p99=  146.47 rps= 239.17
  s2s.crud.fetchFilms                           n=    1 err=   0 errRate=  0.00% avg=  168.06 min=  168.06 max=  168.06 p50=  168.06 p95=  168.06 p99=  168.06 rps=   0.03
window 1m
  calc.additional.maxViewersSummary             n=10430 err=   0 errRate=  0.00% avg=   64.02 min=   13.73 max= 1226.56 p50=   47.27 p95=  141.45 p99=  216.72 rps= 173.83
  controller.AnalyticsController.maxViewersSummary n=10430 err=   0 errRate=  0.00% avg=   65.19 min=   13.92 max= 1393.07 p50=   47.85 p95=  142.66 p99=  217.70 rps= 173.83
  controller.ObservabilityController.getStats   n=    1 err=   0 errRate=  0.00% avg=  198.53 min=  198.53 max=  198.53 p50=  198.53 p95=  198.53 p99=  198.53 rps=   0.02
  s2s.crud.fetchAllTickets                      n=10430 err=   0 errRate=  0.00% avg=   60.72 min=   13.69 max=  373.96 p50=   47.14 p95=  138.43 p99=  198.80 rps= 173.83
  s2s.crud.fetchFilms                           n=    2 err=   0 errRate=  0.00% avg=  553.03 min=  168.06 max=  938.00 p50=  553.03 p95=  899.50 p99=  930.30 rps=   0.03

2026-05-06T21:02:35.924Z  INFO 1 --- [lab8-additional-service] [   scheduling-1] r.h.l.a.o.ObservabilityService           : [lab8-additional-service] observability refresh
window 10s
  calc.additional.maxViewersSummary             n= 2369 err=   0 errRate=  0.00% avg=   48.37 min=   14.01 max=  213.59 p50=   40.56 p95=  102.12 p99=  134.75 rps= 236.90
  controller.AnalyticsController.maxViewersSummary n= 2369 err=   0 errRate=  0.00% avg=   48.79 min=   14.18 max=  213.78 p50=   41.00 p95=  102.42 p99=  135.23 rps= 236.90
  s2s.crud.fetchAllTickets                      n= 2369 err=   0 errRate=  0.00% avg=   48.30 min=   13.96 max=  213.54 p50=   40.45 p95=  102.07 p99=  134.70 rps= 236.90
window 30s
  calc.additional.maxViewersSummary             n= 7187 err=   0 errRate=  0.00% avg=   48.00 min=   13.73 max=  401.76 p50=   39.42 p95=  104.40 p99=  166.45 rps= 239.57
  controller.AnalyticsController.maxViewersSummary n= 7187 err=   0 errRate=  0.00% avg=   48.54 min=   13.92 max=  402.20 p50=   39.97 p95=  105.24 p99=  167.10 rps= 239.57
  s2s.crud.fetchAllTickets                      n= 7187 err=   0 errRate=  0.00% avg=   47.44 min=   13.69 max=  373.96 p50=   39.32 p95=  102.35 p99=  148.07 rps= 239.57
  s2s.crud.fetchFilms                           n=    1 err=   0 errRate=  0.00% avg=  168.06 min=  168.06 max=  168.06 p50=  168.06 p95=  168.06 p99=  168.06 rps=   0.03
window 1m
  calc.additional.maxViewersSummary             n=10617 err=   0 errRate=  0.00% avg=   64.05 min=   13.73 max= 1226.56 p50=   47.34 p95=  141.48 p99=  215.10 rps= 176.95
  controller.AnalyticsController.maxViewersSummary n=10617 err=   0 errRate=  0.00% avg=   65.20 min=   13.92 max= 1393.07 p50=   47.92 p95=  142.67 p99=  216.73 rps= 176.95
  controller.ObservabilityController.getStats   n=    1 err=   0 errRate=  0.00% avg=  198.53 min=  198.53 max=  198.53 p50=  198.53 p95=  198.53 p99=  198.53 rps=   0.02
  s2s.crud.fetchAllTickets                      n=10617 err=   0 errRate=  0.00% avg=   60.81 min=   13.69 max=  373.96 p50=   47.20 p95=  138.49 p99=  198.61 rps= 176.95
  s2s.crud.fetchFilms                           n=    2 err=   0 errRate=  0.00% avg=  553.03 min=  168.06 max=  938.00 p50=  553.03 p95=  899.50 p99=  930.30 rps=   0.03

2026-05-06T21:02:36.794Z  INFO 1 --- [lab8-additional-service] [   scheduling-1] r.h.l.a.service.FilmCacheService         : film-cache stats: size=310 ttlMs=30000 lastRefreshAtMs=1778101333764 hits=10876 misses=2 refreshes=2
2026-05-06T21:02:36.937Z  INFO 1 --- [lab8-additional-service] [   scheduling-1] r.h.l.a.o.ObservabilityService           : [lab8-additional-service] observability refresh
window 10s
  calc.additional.maxViewersSummary             n= 2445 err=   0 errRate=  0.00% avg=   47.12 min=   14.01 max=  283.80 p50=   38.96 p95=  101.12 p99=  154.57 rps= 244.50
  controller.AnalyticsController.maxViewersSummary n= 2445 err=   0 errRate=  0.00% avg=   47.51 min=   14.18 max=  284.03 p50=   39.34 p95=  101.39 p99=  156.16 rps= 244.50
  s2s.crud.fetchAllTickets                      n= 2445 err=   0 errRate=  0.00% avg=   47.05 min=   13.96 max=  283.77 p50=   38.89 p95=  101.08 p99=  154.51 rps= 244.50
window 30s
  calc.additional.maxViewersSummary             n= 7287 err=   0 errRate=  0.00% avg=   46.93 min=   13.73 max=  401.76 p50=   38.81 p95=  100.04 p99=  166.08 rps= 242.90
  controller.AnalyticsController.maxViewersSummary n= 7288 err=   0 errRate=  0.00% avg=   47.45 min=   13.92 max=  402.20 p50=   39.29 p95=  100.68 p99=  167.10 rps= 242.93
  s2s.crud.fetchAllTickets                      n= 7287 err=   0 errRate=  0.00% avg=   46.38 min=   13.69 max=  283.77 p50=   38.68 p95=   98.77 p99=  146.41 rps= 242.90
  s2s.crud.fetchFilms                           n=    1 err=   0 errRate=  0.00% avg=  168.06 min=  168.06 max=  168.06 p50=  168.06 p95=  168.06 p99=  168.06 rps=   0.03
window 1m
  calc.additional.maxViewersSummary             n=10905 err=   0 errRate=  0.00% avg=   63.48 min=   13.73 max= 1226.56 p50=   46.67 p95=  141.64 p99=  215.16 rps= 181.75
  controller.AnalyticsController.maxViewersSummary n=10905 err=   0 errRate=  0.00% avg=   64.61 min=   13.92 max= 1393.07 p50=   47.20 p95=  142.99 p99=  216.85 rps= 181.75
  controller.ObservabilityController.getStats   n=    1 err=   0 errRate=  0.00% avg=  198.53 min=  198.53 max=  198.53 p50=  198.53 p95=  198.53 p99=  198.53 rps=   0.02
  s2s.crud.fetchAllTickets                      n=10905 err=   0 errRate=  0.00% avg=   60.32 min=   13.69 max=  373.96 p50=   46.56 p95=  139.11 p99=  198.86 rps= 181.75
  s2s.crud.fetchFilms                           n=    2 err=   0 errRate=  0.00% avg=  553.03 min=  168.06 max=  938.00 p50=  553.03 p95=  899.50 p99=  930.30 rps=   0.03

2026-05-06T21:02:37.962Z  INFO 1 --- [lab8-additional-service] [   scheduling-1] r.h.l.a.o.ObservabilityService           : [lab8-additional-service] observability refresh
window 10s
  calc.additional.maxViewersSummary             n= 2404 err=   0 errRate=  0.00% avg=   49.22 min=   14.01 max=  283.80 p50=   40.11 p95=  111.24 p99=  162.67 rps= 240.40
  controller.AnalyticsController.maxViewersSummary n= 2404 err=   0 errRate=  0.00% avg=   49.60 min=   14.18 max=  284.03 p50=   40.40 p95=  111.48 p99=  163.15 rps= 240.40
  s2s.crud.fetchAllTickets                      n= 2404 err=   0 errRate=  0.00% avg=   49.14 min=   13.96 max=  283.77 p50=   40.03 p95=  111.20 p99=  162.63 rps= 240.40
window 30s
  calc.additional.maxViewersSummary             n= 7221 err=   0 errRate=  0.00% avg=   47.96 min=   13.73 max=  401.76 p50=   39.30 p95=  104.52 p99=  168.87 rps= 240.70
  controller.AnalyticsController.maxViewersSummary n= 7221 err=   0 errRate=  0.00% avg=   48.46 min=   13.92 max=  402.20 p50=   39.81 p95=  105.25 p99=  169.17 rps= 240.70
  s2s.crud.fetchAllTickets                      n= 7221 err=   0 errRate=  0.00% avg=   47.40 min=   13.69 max=  283.77 p50=   39.18 p95=  102.29 p99=  150.08 rps= 240.70
  s2s.crud.fetchFilms                           n=    1 err=   0 errRate=  0.00% avg=  168.06 min=  168.06 max=  168.06 p50=  168.06 p95=  168.06 p99=  168.06 rps=   0.03
window 1m
  calc.additional.maxViewersSummary             n=11099 err=   0 errRate=  0.00% avg=   63.68 min=   13.73 max= 1226.56 p50=   46.97 p95=  141.43 p99=  214.50 rps= 184.98
  controller.AnalyticsController.maxViewersSummary n=11099 err=   0 errRate=  0.00% avg=   64.80 min=   13.92 max= 1393.07 p50=   47.65 p95=  142.65 p99=  215.32 rps= 184.98
  controller.ObservabilityController.getStats   n=    1 err=   0 errRate=  0.00% avg=  198.53 min=  198.53 max=  198.53 p50=  198.53 p95=  198.53 p99=  198.53 rps=   0.02
  s2s.crud.fetchAllTickets                      n=11099 err=   0 errRate=  0.00% avg=   60.57 min=   13.69 max=  373.96 p50=   46.83 p95=  138.48 p99=  198.44 rps= 184.98
  s2s.crud.fetchFilms                           n=    2 err=   0 errRate=  0.00% avg=  553.03 min=  168.06 max=  938.00 p50=  553.03 p95=  899.50 p99=  930.30 rps=   0.03

2026-05-06T21:02:38.985Z  INFO 1 --- [lab8-additional-service] [   scheduling-1] r.h.l.a.o.ObservabilityService           : [lab8-additional-service] observability refresh
window 10s
  calc.additional.maxViewersSummary             n= 2416 err=   0 errRate=  0.00% avg=   49.11 min=   14.01 max=  283.80 p50=   39.32 p95=  114.39 p99=  162.47 rps= 241.60
  controller.AnalyticsController.maxViewersSummary n= 2416 err=   0 errRate=  0.00% avg=   49.48 min=   14.18 max=  284.03 p50=   39.85 p95=  114.89 p99=  162.99 rps= 241.60
  s2s.crud.fetchAllTickets                      n= 2416 err=   0 errRate=  0.00% avg=   49.05 min=   13.96 max=  283.77 p50=   39.29 p95=  114.35 p99=  162.42 rps= 241.60
window 30s
  calc.additional.maxViewersSummary             n= 7233 err=   0 errRate=  0.00% avg=   47.89 min=   13.73 max=  401.76 p50=   38.96 p95=  107.18 p99=  168.64 rps= 241.10
  controller.AnalyticsController.maxViewersSummary n= 7233 err=   0 errRate=  0.00% avg=   48.38 min=   13.92 max=  402.20 p50=   39.44 p95=  107.49 p99=  168.92 rps= 241.10
  s2s.crud.fetchAllTickets                      n= 7233 err=   0 errRate=  0.00% avg=   47.34 min=   13.69 max=  283.77 p50=   38.84 p95=  103.64 p99=  151.06 rps= 241.10
  s2s.crud.fetchFilms                           n=    1 err=   0 errRate=  0.00% avg=  168.06 min=  168.06 max=  168.06 p50=  168.06 p95=  168.06 p99=  168.06 rps=   0.03
window 1m
  calc.additional.maxViewersSummary             n=11366 err=   0 errRate=  0.00% avg=   63.24 min=   13.73 max= 1226.56 p50=   46.72 p95=  140.62 p99=  212.31 rps= 189.43
  controller.AnalyticsController.maxViewersSummary n=11366 err=   0 errRate=  0.00% avg=   64.33 min=   13.92 max= 1393.07 p50=   47.23 p95=  142.05 p99=  212.84 rps= 189.43
  controller.ObservabilityController.getStats   n=    1 err=   0 errRate=  0.00% avg=  198.53 min=  198.53 max=  198.53 p50=  198.53 p95=  198.53 p99=  198.53 rps=   0.02
  s2s.crud.fetchAllTickets                      n=11366 err=   0 errRate=  0.00% avg=   60.20 min=   13.69 max=  373.96 p50=   46.60 p95=  137.72 p99=  198.04 rps= 189.43
  s2s.crud.fetchFilms                           n=    2 err=   0 errRate=  0.00% avg=  553.03 min=  168.06 max=  938.00 p50=  553.03 p95=  899.50 p99=  930.30 rps=   0.03

2026-05-06T21:02:40.008Z  INFO 1 --- [lab8-additional-service] [   scheduling-1] r.h.l.a.o.ObservabilityService           : [lab8-additional-service] observability refresh
window 10s
  calc.additional.maxViewersSummary             n= 2361 err=   0 errRate=  0.00% avg=   50.53 min=   14.01 max=  283.80 p50=   39.27 p95=  123.42 p99=  177.20 rps= 236.10
  controller.AnalyticsController.maxViewersSummary n= 2361 err=   0 errRate=  0.00% avg=   50.90 min=   14.18 max=  284.03 p50=   39.74 p95=  124.07 p99=  177.61 rps= 236.10
  s2s.crud.fetchAllTickets                      n= 2361 err=   0 errRate=  0.00% avg=   50.46 min=   13.96 max=  283.77 p50=   39.18 p95=  123.37 p99=  177.14 rps= 236.10
window 30s
  calc.additional.maxViewersSummary             n= 7171 err=   0 errRate=  0.00% avg=   48.60 min=   13.73 max=  401.76 p50=   38.99 p95=  112.46 p99=  174.89 rps= 239.03
  controller.AnalyticsController.maxViewersSummary n= 7173 err=   0 errRate=  0.00% avg=   49.07 min=   13.92 max=  402.20 p50=   39.48 p95=  113.15 p99=  175.29 rps= 239.10
  s2s.crud.fetchAllTickets                      n= 7171 err=   0 errRate=  0.00% avg=   48.04 min=   13.69 max=  283.77 p50=   38.88 p95=  109.94 p99=  161.18 rps= 239.03
  s2s.crud.fetchFilms                           n=    1 err=   0 errRate=  0.00% avg=  168.06 min=  168.06 max=  168.06 p50=  168.06 p95=  168.06 p99=  168.06 rps=   0.03
window 1m
  calc.additional.maxViewersSummary             n=11535 err=   0 errRate=  0.00% avg=   63.55 min=   13.73 max= 1226.56 p50=   46.88 p95=  141.97 p99=  211.38 rps= 192.25
  controller.AnalyticsController.maxViewersSummary n=11535 err=   0 errRate=  0.00% avg=   64.63 min=   13.92 max= 1393.07 p50=   47.58 p95=  143.48 p99=  212.04 rps= 192.25
  controller.ObservabilityController.getStats   n=    1 err=   0 errRate=  0.00% avg=  198.53 min=  198.53 max=  198.53 p50=  198.53 p95=  198.53 p99=  198.53 rps=   0.02
  s2s.crud.fetchAllTickets                      n=11535 err=   0 errRate=  0.00% avg=   60.55 min=   13.69 max=  373.96 p50=   46.76 p95=  139.55 p99=  197.70 rps= 192.25
  s2s.crud.fetchFilms                           n=    2 err=   0 errRate=  0.00% avg=  553.03 min=  168.06 max=  938.00 p50=  553.03 p95=  899.50 p99=  930.30 rps=   0.03

2026-05-06T21:02:41.051Z  INFO 1 --- [lab8-additional-service] [   scheduling-1] r.h.l.a.o.ObservabilityService           : [lab8-additional-service] observability refresh
window 10s
  calc.additional.maxViewersSummary             n= 2353 err=   0 errRate=  0.00% avg=   51.17 min=   14.01 max=  283.80 p50=   39.00 p95=  126.93 p99=  181.21 rps= 235.30
  controller.AnalyticsController.maxViewersSummary n= 2353 err=   0 errRate=  0.00% avg=   51.54 min=   14.18 max=  284.03 p50=   39.48 p95=  127.08 p99=  181.50 rps= 235.30
  s2s.crud.fetchAllTickets                      n= 2353 err=   0 errRate=  0.00% avg=   51.10 min=   13.96 max=  283.77 p50=   38.96 p95=  126.88 p99=  181.15 rps= 235.30
window 30s
  calc.additional.maxViewersSummary             n= 7226 err=   0 errRate=  0.00% avg=   48.04 min=   13.73 max=  401.76 p50=   38.52 p95=  110.58 p99=  176.79 rps= 240.87
  controller.AnalyticsController.maxViewersSummary n= 7226 err=   0 errRate=  0.00% avg=   48.51 min=   13.92 max=  402.20 p50=   39.02 p95=  111.10 p99=  177.10 rps= 240.87
  s2s.crud.fetchAllTickets                      n= 7226 err=   0 errRate=  0.00% avg=   47.49 min=   13.69 max=  283.77 p50=   38.43 p95=  107.92 p99=  162.19 rps= 240.87
  s2s.crud.fetchFilms                           n=    1 err=   0 errRate=  0.00% avg=  168.06 min=  168.06 max=  168.06 p50=  168.06 p95=  168.06 p99=  168.06 rps=   0.03
window 1m
  calc.additional.maxViewersSummary             n=11772 err=   0 errRate=  0.00% avg=   63.42 min=   13.73 max= 1226.56 p50=   46.81 p95=  141.83 p99=  212.19 rps= 196.20
  controller.AnalyticsController.maxViewersSummary n=11772 err=   0 errRate=  0.00% avg=   64.50 min=   13.92 max= 1393.07 p50=   47.42 p95=  143.26 p99=  212.75 rps= 196.20
  controller.ObservabilityController.getStats   n=    1 err=   0 errRate=  0.00% avg=  198.53 min=  198.53 max=  198.53 p50=  198.53 p95=  198.53 p99=  198.53 rps=   0.02
  s2s.crud.fetchAllTickets                      n=11772 err=   0 errRate=  0.00% avg=   60.49 min=   13.69 max=  373.96 p50=   46.72 p95=  139.51 p99=  198.02 rps= 196.20
  s2s.crud.fetchFilms                           n=    2 err=   0 errRate=  0.00% avg=  553.03 min=  168.06 max=  938.00 p50=  553.03 p95=  899.50 p99=  930.30 rps=   0.03

2026-05-06T21:02:42.113Z  INFO 1 --- [lab8-additional-service] [   scheduling-1] r.h.l.a.o.ObservabilityService           : [lab8-additional-service] observability refresh
window 10s
  calc.additional.maxViewersSummary             n= 2384 err=   0 errRate=  0.00% avg=   50.35 min=   14.01 max=  283.80 p50=   38.24 p95=  125.66 p99=  181.01 rps= 238.40
  controller.AnalyticsController.maxViewersSummary n= 2384 err=   0 errRate=  0.00% avg=   50.75 min=   14.18 max=  284.03 p50=   38.56 p95=  126.37 p99=  181.27 rps= 238.40
  s2s.crud.fetchAllTickets                      n= 2384 err=   0 errRate=  0.00% avg=   50.28 min=   13.96 max=  283.77 p50=   38.19 p95=  125.61 p99=  180.97 rps= 238.40
window 30s
  calc.additional.maxViewersSummary             n= 7220 err=   0 errRate=  0.00% avg=   48.26 min=   13.73 max=  401.76 p50=   38.67 p95=  110.87 p99=  176.83 rps= 240.67
  controller.AnalyticsController.maxViewersSummary n= 7220 err=   0 errRate=  0.00% avg=   48.73 min=   13.92 max=  402.20 p50=   39.15 p95=  111.18 p99=  177.10 rps= 240.67
  s2s.crud.fetchAllTickets                      n= 7220 err=   0 errRate=  0.00% avg=   47.71 min=   13.69 max=  283.77 p50=   38.52 p95=  108.04 p99=  162.23 rps= 240.67
  s2s.crud.fetchFilms                           n=    1 err=   0 errRate=  0.00% avg=  168.06 min=  168.06 max=  168.06 p50=  168.06 p95=  168.06 p99=  168.06 rps=   0.03
window 1m
  calc.additional.maxViewersSummary             n=12030 err=   0 errRate=  0.00% avg=   63.09 min=   13.73 max= 1226.56 p50=   46.70 p95=  140.90 p99=  210.60 rps= 200.50
  controller.AnalyticsController.maxViewersSummary n=12030 err=   0 errRate=  0.00% avg=   64.15 min=   13.92 max= 1393.07 p50=   47.23 p95=  142.39 p99=  211.27 rps= 200.50
  controller.ObservabilityController.getStats   n=    1 err=   0 errRate=  0.00% avg=  198.53 min=  198.53 max=  198.53 p50=  198.53 p95=  198.53 p99=  198.53 rps=   0.02
  s2s.crud.fetchAllTickets                      n=12030 err=   0 errRate=  0.00% avg=   60.22 min=   13.69 max=  373.96 p50=   46.58 p95=  138.41 p99=  197.04 rps= 200.50
  s2s.crud.fetchFilms                           n=    2 err=   0 errRate=  0.00% avg=  553.03 min=  168.06 max=  938.00 p50=  553.03 p95=  899.50 p99=  930.30 rps=   0.03

2026-05-06T21:02:43.165Z  INFO 1 --- [lab8-additional-service] [   scheduling-1] r.h.l.a.o.ObservabilityService           : [lab8-additional-service] observability refresh
window 10s
  calc.additional.maxViewersSummary             n= 2362 err=   0 errRate=  0.00% avg=   51.20 min=   13.95 max=  283.80 p50=   38.88 p95=  126.90 p99=  181.15 rps= 236.20
  controller.AnalyticsController.maxViewersSummary n= 2362 err=   0 errRate=  0.00% avg=   51.60 min=   14.08 max=  284.03 p50=   39.24 p95=  127.07 p99=  181.43 rps= 236.20
  s2s.crud.fetchAllTickets                      n= 2362 err=   0 errRate=  0.00% avg=   51.12 min=   13.91 max=  283.77 p50=   38.80 p95=  126.85 p99=  181.10 rps= 236.20
window 30s
  calc.additional.maxViewersSummary             n= 7311 err=   0 errRate=  0.00% avg=   47.08 min=   13.73 max=  401.76 p50=   38.01 p95=  105.94 p99=  173.31 rps= 243.70
  controller.AnalyticsController.maxViewersSummary n= 7311 err=   0 errRate=  0.00% avg=   47.54 min=   13.92 max=  402.20 p50=   38.44 p95=  106.57 p99=  173.48 rps= 243.70
  s2s.crud.fetchAllTickets                      n= 7310 err=   0 errRate=  0.00% avg=   46.53 min=   13.69 max=  283.77 p50=   37.92 p95=  103.10 p99=  158.05 rps= 243.67
  s2s.crud.fetchFilms                           n=    1 err=   0 errRate=  0.00% avg=  168.06 min=  168.06 max=  168.06 p50=  168.06 p95=  168.06 p99=  168.06 rps=   0.03
window 1m
  calc.additional.maxViewersSummary             n=12313 err=   0 errRate=  0.00% avg=   62.56 min=   13.73 max= 1226.56 p50=   46.36 p95=  140.22 p99=  209.82 rps= 205.22
  controller.AnalyticsController.maxViewersSummary n=12313 err=   0 errRate=  0.00% avg=   63.61 min=   13.92 max= 1393.07 p50=   46.92 p95=  141.37 p99=  210.77 rps= 205.22
  controller.ObservabilityController.getStats   n=    1 err=   0 errRate=  0.00% avg=  198.53 min=  198.53 max=  198.53 p50=  198.53 p95=  198.53 p99=  198.53 rps=   0.02
  s2s.crud.fetchAllTickets                      n=12313 err=   0 errRate=  0.00% avg=   59.75 min=   13.69 max=  373.96 p50=   46.20 p95=  137.11 p99=  196.34 rps= 205.22
  s2s.crud.fetchFilms                           n=    2 err=   0 errRate=  0.00% avg=  553.03 min=  168.06 max=  938.00 p50=  553.03 p95=  899.50 p99=  930.30 rps=   0.03

2026-05-06T21:02:44.185Z  INFO 1 --- [lab8-additional-service] [   scheduling-1] r.h.l.a.o.ObservabilityService           : [lab8-additional-service] observability refresh
window 10s
  calc.additional.maxViewersSummary             n= 2255 err=   0 errRate=  0.00% avg=   54.94 min=   13.95 max=  283.80 p50=   40.85 p95=  137.03 p99=  194.24 rps= 225.50
  controller.AnalyticsController.maxViewersSummary n= 2255 err=   0 errRate=  0.00% avg=   55.34 min=   14.08 max=  284.03 p50=   41.36 p95=  137.62 p99=  194.65 rps= 225.50
  s2s.crud.fetchAllTickets                      n= 2255 err=   0 errRate=  0.00% avg=   54.31 min=   13.91 max=  283.77 p50=   40.82 p95=  134.64 p99=  184.59 rps= 225.50
  s2s.crud.fetchFilms                           n=    1 err=   0 errRate=  0.00% avg=  143.98 min=  143.98 max=  143.98 p50=  143.98 p95=  143.98 p99=  143.98 rps=   0.10
window 30s
  calc.additional.maxViewersSummary             n= 7274 err=   0 errRate=  0.00% avg=   47.20 min=   13.73 max=  401.76 p50=   38.00 p95=  107.99 p99=  169.31 rps= 242.47
  controller.AnalyticsController.maxViewersSummary n= 7274 err=   0 errRate=  0.00% avg=   47.65 min=   13.92 max=  402.20 p50=   38.41 p95=  108.18 p99=  169.67 rps= 242.47
  s2s.crud.fetchAllTickets                      n= 7274 err=   0 errRate=  0.00% avg=   46.92 min=   13.69 max=  283.77 p50=   37.92 p95=  106.68 p99=  161.90 rps= 242.47
  s2s.crud.fetchFilms                           n=    1 err=   0 errRate=  0.00% avg=  143.98 min=  143.98 max=  143.98 p50=  143.98 p95=  143.98 p99=  143.98 rps=   0.03
window 1m
  calc.additional.maxViewersSummary             n=12493 err=   0 errRate=  0.00% avg=   62.70 min=   13.73 max= 1226.56 p50=   46.31 p95=  141.49 p99=  211.73 rps= 208.22
  controller.AnalyticsController.maxViewersSummary n=12493 err=   0 errRate=  0.00% avg=   63.74 min=   13.92 max= 1393.07 p50=   46.89 p95=  142.66 p99=  212.43 rps= 208.22
  s2s.crud.fetchAllTickets                      n=12493 err=   0 errRate=  0.00% avg=   59.83 min=   13.69 max=  373.96 p50=   46.15 p95=  138.34 p99=  196.48 rps= 208.22
  s2s.crud.fetchFilms                           n=    3 err=   0 errRate=  0.00% avg=  416.68 min=  143.98 max=  938.00 p50=  168.06 p95=  861.00 p99=  922.60 rps=   0.05

2026-05-06T21:02:45.212Z  INFO 1 --- [lab8-additional-service] [   scheduling-1] r.h.l.a.o.ObservabilityService           : [lab8-additional-service] observability refresh
window 10s
  calc.additional.maxViewersSummary             n= 2260 err=   0 errRate=  0.00% avg=   55.94 min=   13.65 max=  314.35 p50=   40.39 p95=  149.38 p99=  213.06 rps= 226.00
  controller.AnalyticsController.maxViewersSummary n= 2260 err=   0 errRate=  0.00% avg=   56.35 min=   13.78 max=  314.48 p50=   40.93 p95=  149.58 p99=  213.53 rps= 226.00
  s2s.crud.fetchAllTickets                      n= 2260 err=   0 errRate=  0.00% avg=   55.28 min=   13.61 max=  285.26 p50=   40.35 p95=  140.76 p99=  194.13 rps= 226.00
  s2s.crud.fetchFilms                           n=    1 err=   0 errRate=  0.00% avg=  143.98 min=  143.98 max=  143.98 p50=  143.98 p95=  143.98 p99=  143.98 rps=   0.10
window 30s
  calc.additional.maxViewersSummary             n= 7259 err=   0 errRate=  0.00% avg=   47.69 min=   13.65 max=  314.35 p50=   37.90 p95=  110.75 p99=  174.22 rps= 241.97
  controller.AnalyticsController.maxViewersSummary n= 7259 err=   0 errRate=  0.00% avg=   48.13 min=   13.78 max=  314.48 p50=   38.31 p95=  111.15 p99=  174.52 rps= 241.97
  s2s.crud.fetchAllTickets                      n= 7259 err=   0 errRate=  0.00% avg=   47.43 min=   13.61 max=  285.26 p50=   37.83 p95=  109.28 p99=  169.49 rps= 241.97
  s2s.crud.fetchFilms                           n=    1 err=   0 errRate=  0.00% avg=  143.98 min=  143.98 max=  143.98 p50=  143.98 p95=  143.98 p99=  143.98 rps=   0.03
window 1m
  calc.additional.maxViewersSummary             n=12715 err=   0 errRate=  0.00% avg=   59.99 min=   13.65 max=  401.76 p50=   46.07 p95=  140.10 p99=  202.13 rps= 211.92
  controller.AnalyticsController.maxViewersSummary n=12715 err=   0 errRate=  0.00% avg=   60.66 min=   13.78 max=  402.20 p50=   46.63 p95=  141.28 p99=  204.82 rps= 211.92
  s2s.crud.fetchAllTickets                      n=12715 err=   0 errRate=  0.00% avg=   59.50 min=   13.61 max=  373.96 p50=   45.94 p95=  137.10 p99=  197.13 rps= 211.92
  s2s.crud.fetchFilms                           n=    2 err=   0 errRate=  0.00% avg=  156.02 min=  143.98 max=  168.06 p50=  156.02 p95=  166.86 p99=  167.82 rps=   0.03

2026-05-06T21:02:46.226Z  INFO 1 --- [lab8-additional-service] [   scheduling-1] r.h.l.a.o.ObservabilityService           : [lab8-additional-service] observability refresh
window 10s
  calc.additional.maxViewersSummary             n= 2249 err=   0 errRate=  0.00% avg=   55.42 min=   13.65 max=  314.35 p50=   39.15 p95=  143.71 p99=  212.29 rps= 224.90
  controller.AnalyticsController.maxViewersSummary n= 2249 err=   0 errRate=  0.00% avg=   55.85 min=   13.78 max=  314.48 p50=   39.55 p95=  143.89 p99=  212.72 rps= 224.90
  s2s.crud.fetchAllTickets                      n= 2249 err=   0 errRate=  0.00% avg=   54.76 min=   13.61 max=  285.26 p50=   39.10 p95=  137.01 p99=  193.16 rps= 224.90
  s2s.crud.fetchFilms                           n=    1 err=   0 errRate=  0.00% avg=  143.98 min=  143.98 max=  143.98 p50=  143.98 p95=  143.98 p99=  143.98 rps=   0.10
window 30s
  calc.additional.maxViewersSummary             n= 7160 err=   0 errRate=  0.00% avg=   48.87 min=   13.65 max=  314.35 p50=   38.42 p95=  115.85 p99=  181.68 rps= 238.67
  controller.AnalyticsController.maxViewersSummary n= 7160 err=   0 errRate=  0.00% avg=   49.31 min=   13.78 max=  314.48 p50=   38.84 p95=  116.17 p99=  181.94 rps= 238.67
  s2s.crud.fetchAllTickets                      n= 7160 err=   0 errRate=  0.00% avg=   48.60 min=   13.61 max=  285.26 p50=   38.34 p95=  114.05 p99=  177.69 rps= 238.67
  s2s.crud.fetchFilms                           n=    1 err=   0 errRate=  0.00% avg=  143.98 min=  143.98 max=  143.98 p50=  143.98 p95=  143.98 p99=  143.98 rps=   0.03
window 1m
  calc.additional.maxViewersSummary             n=12799 err=   0 errRate=  0.00% avg=   59.34 min=   13.65 max=  401.76 p50=   45.82 p95=  137.01 p99=  199.07 rps= 213.32
  controller.AnalyticsController.maxViewersSummary n=12799 err=   0 errRate=  0.00% avg=   59.98 min=   13.78 max=  402.20 p50=   46.34 p95=  137.97 p99=  200.93 rps= 213.32
  s2s.crud.fetchAllTickets                      n=12799 err=   0 errRate=  0.00% avg=   58.86 min=   13.61 max=  373.96 p50=   45.70 p95=  134.90 p99=  193.31 rps= 213.32
  s2s.crud.fetchFilms                           n=    2 err=   0 errRate=  0.00% avg=  156.02 min=  143.98 max=  168.06 p50=  156.02 p95=  166.86 p99=  167.82 rps=   0.03

2026-05-06T21:02:46.793Z  INFO 1 --- [lab8-additional-service] [   scheduling-1] r.h.l.a.service.FilmCacheService         : film-cache stats: size=310 ttlMs=30000 lastRefreshAtMs=1778101363765 hits=13032 misses=3 refreshes=3
2026-05-06T21:02:47.256Z  INFO 1 --- [lab8-additional-service] [   scheduling-1] r.h.l.a.o.ObservabilityService           : [lab8-additional-service] observability refresh
window 10s
  calc.additional.maxViewersSummary             n= 2154 err=   0 errRate=  0.00% avg=   61.32 min=   13.65 max=  314.35 p50=   43.54 p95=  159.53 p99=  222.90 rps= 215.40
  controller.AnalyticsController.maxViewersSummary n= 2154 err=   0 errRate=  0.00% avg=   61.75 min=   13.78 max=  314.48 p50=   43.87 p95=  159.71 p99=  223.38 rps= 215.40
  s2s.crud.fetchAllTickets                      n= 2154 err=   0 errRate=  0.00% avg=   60.63 min=   13.61 max=  285.26 p50=   43.38 p95=  155.21 p99=  219.63 rps= 215.40
  s2s.crud.fetchFilms                           n=    1 err=   0 errRate=  0.00% avg=  143.98 min=  143.98 max=  143.98 p50=  143.98 p95=  143.98 p99=  143.98 rps=   0.10
window 30s
  calc.additional.maxViewersSummary             n= 7080 err=   0 errRate=  0.00% avg=   50.37 min=   13.65 max=  314.35 p50=   38.87 p95=  122.10 p99=  190.82 rps= 236.00
  controller.AnalyticsController.maxViewersSummary n= 7080 err=   0 errRate=  0.00% avg=   50.82 min=   13.78 max=  314.48 p50=   39.30 p95=  122.78 p99=  191.23 rps= 236.00
  s2s.crud.fetchAllTickets                      n= 7080 err=   0 errRate=  0.00% avg=   50.10 min=   13.61 max=  285.26 p50=   38.81 p95=  121.67 p99=  187.99 rps= 236.00
  s2s.crud.fetchFilms                           n=    1 err=   0 errRate=  0.00% avg=  143.98 min=  143.98 max=  143.98 p50=  143.98 p95=  143.98 p99=  143.98 rps=   0.03
window 1m
  calc.additional.maxViewersSummary             n=12844 err=   0 errRate=  0.00% avg=   59.24 min=   13.65 max=  401.76 p50=   45.68 p95=  136.60 p99=  203.88 rps= 214.07
  controller.AnalyticsController.maxViewersSummary n=12844 err=   0 errRate=  0.00% avg=   59.85 min=   13.78 max=  402.20 p50=   46.19 p95=  137.40 p99=  204.95 rps= 214.07
  s2s.crud.fetchAllTickets                      n=12844 err=   0 errRate=  0.00% avg=   58.76 min=   13.61 max=  373.96 p50=   45.51 p95=  134.64 p99=  197.24 rps= 214.07
  s2s.crud.fetchFilms                           n=    2 err=   0 errRate=  0.00% avg=  156.02 min=  143.98 max=  168.06 p50=  156.02 p95=  166.86 p99=  167.82 rps=   0.03

2026-05-06T21:02:48.276Z  INFO 1 --- [lab8-additional-service] [   scheduling-1] r.h.l.a.o.ObservabilityService           : [lab8-additional-service] observability refresh
window 10s
  calc.additional.maxViewersSummary             n= 2273 err=   0 errRate=  0.00% avg=   55.43 min=   13.30 max=  314.35 p50=   36.94 p95=  155.01 p99=  221.43 rps= 227.30
  controller.AnalyticsController.maxViewersSummary n= 2273 err=   0 errRate=  0.00% avg=   55.87 min=   13.51 max=  314.48 p50=   37.55 p95=  155.37 p99=  221.67 rps= 227.30
  s2s.crud.fetchAllTickets                      n= 2273 err=   0 errRate=  0.00% avg=   54.77 min=   13.25 max=  285.26 p50=   36.87 p95=  151.08 p99=  217.26 rps= 227.30
  s2s.crud.fetchFilms                           n=    1 err=   0 errRate=  0.00% avg=  143.98 min=  143.98 max=  143.98 p50=  143.98 p95=  143.98 p99=  143.98 rps=   0.10
window 30s
  calc.additional.maxViewersSummary             n= 7166 err=   0 errRate=  0.00% avg=   49.29 min=   13.30 max=  314.35 p50=   37.75 p95=  121.85 p99=  190.45 rps= 238.87
  controller.AnalyticsController.maxViewersSummary n= 7166 err=   0 errRate=  0.00% avg=   49.73 min=   13.51 max=  314.48 p50=   38.13 p95=  122.02 p99=  190.71 rps= 238.87
  s2s.crud.fetchAllTickets                      n= 7166 err=   0 errRate=  0.00% avg=   49.02 min=   13.25 max=  285.26 p50=   37.68 p95=  121.18 p99=  186.56 rps= 238.87
  s2s.crud.fetchFilms                           n=    1 err=   0 errRate=  0.00% avg=  143.98 min=  143.98 max=  143.98 p50=  143.98 p95=  143.98 p99=  143.98 rps=   0.03
window 1m
  calc.additional.maxViewersSummary             n=13065 err=   0 errRate=  0.00% avg=   57.62 min=   13.30 max=  401.76 p50=   44.49 p95=  133.26 p99=  200.65 rps= 217.75
  controller.AnalyticsController.maxViewersSummary n=13065 err=   0 errRate=  0.00% avg=   58.21 min=   13.51 max=  402.20 p50=   45.03 p95=  133.85 p99=  201.78 rps= 217.75
  s2s.crud.fetchAllTickets                      n=13065 err=   0 errRate=  0.00% avg=   57.15 min=   13.25 max=  373.96 p50=   44.33 p95=  131.75 p99=  193.63 rps= 217.75
  s2s.crud.fetchFilms                           n=    2 err=   0 errRate=  0.00% avg=  156.02 min=  143.98 max=  168.06 p50=  156.02 p95=  166.86 p99=  167.82 rps=   0.03

2026-05-06T21:02:49.294Z  INFO 1 --- [lab8-additional-service] [   scheduling-1] r.h.l.a.o.ObservabilityService           : [lab8-additional-service] observability refresh
window 10s
  calc.additional.maxViewersSummary             n= 2342 err=   0 errRate=  0.00% avg=   52.29 min=   13.30 max=  314.35 p50=   34.51 p95=  153.13 p99=  220.69 rps= 234.20
  controller.AnalyticsController.maxViewersSummary n= 2342 err=   0 errRate=  0.00% avg=   52.72 min=   13.51 max=  314.48 p50=   34.91 p95=  153.56 p99=  220.86 rps= 234.20
  s2s.crud.fetchAllTickets                      n= 2342 err=   0 errRate=  0.00% avg=   51.65 min=   13.25 max=  285.26 p50=   34.45 p95=  149.99 p99=  215.99 rps= 234.20
  s2s.crud.fetchFilms                           n=    1 err=   0 errRate=  0.00% avg=  143.98 min=  143.98 max=  143.98 p50=  143.98 p95=  143.98 p99=  143.98 rps=   0.10
window 30s
  calc.additional.maxViewersSummary             n= 7237 err=   0 errRate=  0.00% avg=   48.35 min=   13.30 max=  314.35 p50=   36.63 p95=  121.55 p99=  190.09 rps= 241.23
  controller.AnalyticsController.maxViewersSummary n= 7237 err=   0 errRate=  0.00% avg=   48.79 min=   13.51 max=  314.48 p50=   37.16 p95=  121.89 p99=  190.28 rps= 241.23
  s2s.crud.fetchAllTickets                      n= 7237 err=   0 errRate=  0.00% avg=   48.09 min=   13.25 max=  285.26 p50=   36.57 p95=  120.81 p99=  185.64 rps= 241.23
  s2s.crud.fetchFilms                           n=    1 err=   0 errRate=  0.00% avg=  143.98 min=  143.98 max=  143.98 p50=  143.98 p95=  143.98 p99=  143.98 rps=   0.03
window 1m
  calc.additional.maxViewersSummary             n=13268 err=   0 errRate=  0.00% avg=   55.91 min=   13.30 max=  401.76 p50=   43.56 p95=  129.64 p99=  190.48 rps= 221.13
  controller.AnalyticsController.maxViewersSummary n=13269 err=   0 errRate=  0.00% avg=   56.50 min=   13.51 max=  402.20 p50=   44.00 p95=  130.34 p99=  190.84 rps= 221.15
  s2s.crud.fetchAllTickets                      n=13268 err=   0 errRate=  0.00% avg=   55.46 min=   13.25 max=  373.96 p50=   43.45 p95=  127.84 p99=  185.33 rps= 221.13
  s2s.crud.fetchFilms                           n=    2 err=   0 errRate=  0.00% avg=  156.02 min=  143.98 max=  168.06 p50=  156.02 p95=  166.86 p99=  167.82 rps=   0.03

2026-05-06T21:02:50.320Z  INFO 1 --- [lab8-additional-service] [   scheduling-1] r.h.l.a.o.ObservabilityService           : [lab8-additional-service] observability refresh
window 10s
  calc.additional.maxViewersSummary             n= 2510 err=   0 errRate=  0.00% avg=   45.47 min=   13.30 max=  314.35 p50=   31.56 p95=  131.17 p99=  214.16 rps= 251.00
  controller.AnalyticsController.maxViewersSummary n= 2510 err=   0 errRate=  0.00% avg=   45.91 min=   13.51 max=  314.48 p50=   32.05 p95=  131.52 p99=  214.37 rps= 251.00
  s2s.crud.fetchAllTickets                      n= 2510 err=   0 errRate=  0.00% avg=   44.86 min=   13.25 max=  285.26 p50=   31.47 p95=  127.97 p99=  206.60 rps= 251.00
  s2s.crud.fetchFilms                           n=    1 err=   0 errRate=  0.00% avg=  143.98 min=  143.98 max=  143.98 p50=  143.98 p95=  143.98 p99=  143.98 rps=   0.10
window 30s
  calc.additional.maxViewersSummary             n= 7292 err=   0 errRate=  0.00% avg=   47.84 min=   13.30 max=  314.35 p50=   36.13 p95=  121.40 p99=  189.84 rps= 243.07
  controller.AnalyticsController.maxViewersSummary n= 7292 err=   0 errRate=  0.00% avg=   48.27 min=   13.51 max=  314.48 p50=   36.61 p95=  121.82 p99=  190.04 rps= 243.07
  s2s.crud.fetchAllTickets                      n= 7292 err=   0 errRate=  0.00% avg=   47.58 min=   13.25 max=  285.26 p50=   36.08 p95=  120.72 p99=  185.32 rps= 243.07
  s2s.crud.fetchFilms                           n=    1 err=   0 errRate=  0.00% avg=  143.98 min=  143.98 max=  143.98 p50=  143.98 p95=  143.98 p99=  143.98 rps=   0.03
window 1m
  calc.additional.maxViewersSummary             n=13437 err=   0 errRate=  0.00% avg=   54.77 min=   13.30 max=  401.76 p50=   42.48 p95=  127.60 p99=  189.21 rps= 223.95
  controller.AnalyticsController.maxViewersSummary n=13437 err=   0 errRate=  0.00% avg=   55.34 min=   13.51 max=  402.20 p50=   43.08 p95=  128.44 p99=  189.73 rps= 223.95
  s2s.crud.fetchAllTickets                      n=13437 err=   0 errRate=  0.00% avg=   54.32 min=   13.25 max=  373.96 p50=   42.35 p95=  125.61 p99=  183.66 rps= 223.95
  s2s.crud.fetchFilms                           n=    2 err=   0 errRate=  0.00% avg=  156.02 min=  143.98 max=  168.06 p50=  156.02 p95=  166.86 p99=  167.82 rps=   0.03

2026-05-06T21:02:51.336Z  INFO 1 --- [lab8-additional-service] [   scheduling-1] r.h.l.a.o.ObservabilityService           : [lab8-additional-service] observability refresh
window 10s
  calc.additional.maxViewersSummary             n= 2581 err=   0 errRate=  0.00% avg=   42.91 min=   13.03 max=  314.35 p50=   28.55 p95=  129.73 p99=  213.49 rps= 258.10
  controller.AnalyticsController.maxViewersSummary n= 2581 err=   0 errRate=  0.00% avg=   43.33 min=   13.21 max=  314.48 p50=   28.94 p95=  130.01 p99=  213.74 rps= 258.10
  s2s.crud.fetchAllTickets                      n= 2581 err=   0 errRate=  0.00% avg=   42.33 min=   12.99 max=  285.26 p50=   28.51 p95=  126.77 p99=  205.78 rps= 258.10
  s2s.crud.fetchFilms                           n=    1 err=   0 errRate=  0.00% avg=  143.98 min=  143.98 max=  143.98 p50=  143.98 p95=  143.98 p99=  143.98 rps=   0.10
window 30s
  calc.additional.maxViewersSummary             n= 7359 err=   0 errRate=  0.00% avg=   47.15 min=   13.03 max=  314.35 p50=   35.45 p95=  121.08 p99=  189.71 rps= 245.30
  controller.AnalyticsController.maxViewersSummary n= 7359 err=   0 errRate=  0.00% avg=   47.58 min=   13.21 max=  314.48 p50=   35.96 p95=  121.41 p99=  189.88 rps= 245.30
  s2s.crud.fetchAllTickets                      n= 7359 err=   0 errRate=  0.00% avg=   46.90 min=   12.99 max=  285.26 p50=   35.40 p95=  120.58 p99=  184.94 rps= 245.30
  s2s.crud.fetchFilms                           n=    1 err=   0 errRate=  0.00% avg=  143.98 min=  143.98 max=  143.98 p50=  143.98 p95=  143.98 p99=  143.98 rps=   0.03
window 1m
  calc.additional.maxViewersSummary             n=13612 err=   0 errRate=  0.00% avg=   53.49 min=   13.03 max=  401.76 p50=   41.60 p95=  125.21 p99=  188.33 rps= 226.87
  controller.AnalyticsController.maxViewersSummary n=13612 err=   0 errRate=  0.00% avg=   54.04 min=   13.21 max=  402.20 p50=   42.14 p95=  125.81 p99=  188.78 rps= 226.87
  s2s.crud.fetchAllTickets                      n=13612 err=   0 errRate=  0.00% avg=   53.05 min=   12.99 max=  373.96 p50=   41.41 p95=  123.53 p99=  181.76 rps= 226.87
  s2s.crud.fetchFilms                           n=    2 err=   0 errRate=  0.00% avg=  156.02 min=  143.98 max=  168.06 p50=  156.02 p95=  166.86 p99=  167.82 rps=   0.03

2026-05-06T21:02:52.357Z  INFO 1 --- [lab8-additional-service] [   scheduling-1] r.h.l.a.o.ObservabilityService           : [lab8-additional-service] observability refresh
window 10s
  calc.additional.maxViewersSummary             n= 2563 err=   0 errRate=  0.00% avg=   43.36 min=   13.03 max=  314.35 p50=   28.57 p95=  131.77 p99=  219.86 rps= 256.30
  controller.AnalyticsController.maxViewersSummary n= 2563 err=   0 errRate=  0.00% avg=   43.75 min=   13.21 max=  314.48 p50=   28.97 p95=  131.92 p99=  220.12 rps= 256.30
  s2s.crud.fetchAllTickets                      n= 2563 err=   0 errRate=  0.00% avg=   42.77 min=   12.99 max=  285.26 p50=   28.52 p95=  128.56 p99=  213.00 rps= 256.30
  s2s.crud.fetchFilms                           n=    1 err=   0 errRate=  0.00% avg=  143.98 min=  143.98 max=  143.98 p50=  143.98 p95=  143.98 p99=  143.98 rps=   0.10
window 30s
  calc.additional.maxViewersSummary             n= 7348 err=   0 errRate=  0.00% avg=   47.20 min=   13.03 max=  314.35 p50=   35.40 p95=  120.97 p99=  190.85 rps= 244.93
  controller.AnalyticsController.maxViewersSummary n= 7348 err=   0 errRate=  0.00% avg=   47.62 min=   13.21 max=  314.48 p50=   35.90 p95=  121.35 p99=  191.24 rps= 244.93
  s2s.crud.fetchAllTickets                      n= 7348 err=   0 errRate=  0.00% avg=   46.95 min=   12.99 max=  285.26 p50=   35.34 p95=  120.48 p99=  188.12 rps= 244.93
  s2s.crud.fetchFilms                           n=    1 err=   0 errRate=  0.00% avg=  143.98 min=  143.98 max=  143.98 p50=  143.98 p95=  143.98 p99=  143.98 rps=   0.03
window 1m
  calc.additional.maxViewersSummary             n=13701 err=   0 errRate=  0.00% avg=   52.79 min=   13.03 max=  401.76 p50=   41.14 p95=  123.33 p99=  188.38 rps= 228.35
  controller.AnalyticsController.maxViewersSummary n=13701 err=   0 errRate=  0.00% avg=   53.32 min=   13.21 max=  402.20 p50=   41.63 p95=  124.00 p99=  188.85 rps= 228.35
  s2s.crud.fetchAllTickets                      n=13701 err=   0 errRate=  0.00% avg=   52.35 min=   12.99 max=  373.96 p50=   41.02 p95=  121.82 p99=  181.69 rps= 228.35
  s2s.crud.fetchFilms                           n=    2 err=   0 errRate=  0.00% avg=  156.02 min=  143.98 max=  168.06 p50=  156.02 p95=  166.86 p99=  167.82 rps=   0.03

2026-05-06T21:02:53.372Z  INFO 1 --- [lab8-additional-service] [   scheduling-1] r.h.l.a.o.ObservabilityService           : [lab8-additional-service] observability refresh
window 10s
  calc.additional.maxViewersSummary             n= 2519 err=   0 errRate=  0.00% avg=   45.12 min=   13.03 max=  314.35 p50=   29.25 p95=  133.21 p99=  220.00 rps= 251.90
  controller.AnalyticsController.maxViewersSummary n= 2519 err=   0 errRate=  0.00% avg=   45.50 min=   13.21 max=  314.48 p50=   29.70 p95=  133.38 p99=  220.18 rps= 251.90
  s2s.crud.fetchAllTickets                      n= 2519 err=   0 errRate=  0.00% avg=   44.52 min=   12.99 max=  285.26 p50=   29.17 p95=  129.95 p99=  213.17 rps= 251.90
  s2s.crud.fetchFilms                           n=    1 err=   0 errRate=  0.00% avg=  143.98 min=  143.98 max=  143.98 p50=  143.98 p95=  143.98 p99=  143.98 rps=   0.10
window 30s
  calc.additional.maxViewersSummary             n= 7292 err=   0 errRate=  0.00% avg=   47.86 min=   13.03 max=  314.35 p50=   35.82 p95=  121.55 p99=  190.81 rps= 243.07
  controller.AnalyticsController.maxViewersSummary n= 7292 err=   0 errRate=  0.00% avg=   48.27 min=   13.21 max=  314.48 p50=   36.26 p95=  121.87 p99=  191.23 rps= 243.07
  s2s.crud.fetchAllTickets                      n= 7292 err=   0 errRate=  0.00% avg=   47.61 min=   12.99 max=  285.26 p50=   35.74 p95=  120.90 p99=  187.93 rps= 243.07
  s2s.crud.fetchFilms                           n=    1 err=   0 errRate=  0.00% avg=  143.98 min=  143.98 max=  143.98 p50=  143.98 p95=  143.98 p99=  143.98 rps=   0.03
window 1m
  calc.additional.maxViewersSummary             n=13768 err=   0 errRate=  0.00% avg=   52.35 min=   13.03 max=  401.76 p50=   40.85 p95=  121.97 p99=  186.08 rps= 229.47
  controller.AnalyticsController.maxViewersSummary n=13768 err=   0 errRate=  0.00% avg=   52.88 min=   13.21 max=  402.20 p50=   41.37 p95=  122.59 p99=  187.19 rps= 229.47
  s2s.crud.fetchAllTickets                      n=13768 err=   0 errRate=  0.00% avg=   51.91 min=   12.99 max=  373.96 p50=   40.73 p95=  120.78 p99=  181.14 rps= 229.47
  s2s.crud.fetchFilms                           n=    2 err=   0 errRate=  0.00% avg=  156.02 min=  143.98 max=  168.06 p50=  156.02 p95=  166.86 p99=  167.82 rps=   0.03

2026-05-06T21:02:54.391Z  INFO 1 --- [lab8-additional-service] [   scheduling-1] r.h.l.a.o.ObservabilityService           : [lab8-additional-service] observability refresh
window 10s
  calc.additional.maxViewersSummary             n= 2566 err=   0 errRate=  0.00% avg=   43.34 min=   13.03 max=  269.45 p50=   29.53 p95=  121.86 p99=  193.94 rps= 256.60
  controller.AnalyticsController.maxViewersSummary n= 2567 err=   0 errRate=  0.00% avg=   43.72 min=   13.21 max=  269.77 p50=   29.93 p95=  122.47 p99=  194.51 rps= 256.70
  s2s.crud.fetchAllTickets                      n= 2566 err=   0 errRate=  0.00% avg=   43.27 min=   12.99 max=  269.42 p50=   29.43 p95=  121.82 p99=  193.90 rps= 256.60
window 30s
  calc.additional.maxViewersSummary             n= 7245 err=   0 errRate=  0.00% avg=   48.82 min=   13.03 max=  314.35 p50=   36.39 p95=  123.65 p99=  191.30 rps= 241.50
  controller.AnalyticsController.maxViewersSummary n= 7245 err=   0 errRate=  0.00% avg=   49.22 min=   13.21 max=  314.48 p50=   36.80 p95=  124.10 p99=  191.66 rps= 241.50
  s2s.crud.fetchAllTickets                      n= 7245 err=   0 errRate=  0.00% avg=   48.56 min=   12.99 max=  285.26 p50=   36.34 p95=  122.76 p99=  188.52 rps= 241.50
  s2s.crud.fetchFilms                           n=    1 err=   0 errRate=  0.00% avg=  143.98 min=  143.98 max=  143.98 p50=  143.98 p95=  143.98 p99=  143.98 rps=   0.03
window 1m
  calc.additional.maxViewersSummary             n=13823 err=   0 errRate=  0.00% avg=   52.13 min=   13.03 max=  401.76 p50=   40.76 p95=  121.86 p99=  185.68 rps= 230.38
  controller.AnalyticsController.maxViewersSummary n=13823 err=   0 errRate=  0.00% avg=   52.65 min=   13.21 max=  402.20 p50=   41.33 p95=  122.39 p99=  186.21 rps= 230.38
  s2s.crud.fetchAllTickets                      n=13823 err=   0 errRate=  0.00% avg=   51.70 min=   12.99 max=  373.96 p50=   40.66 p95=  120.70 p99=  180.32 rps= 230.38
  s2s.crud.fetchFilms                           n=    2 err=   0 errRate=  0.00% avg=  156.02 min=  143.98 max=  168.06 p50=  156.02 p95=  166.86 p99=  167.82 rps=   0.03

2026-05-06T21:02:55.409Z  INFO 1 --- [lab8-additional-service] [   scheduling-1] r.h.l.a.o.ObservabilityService           : [lab8-additional-service] observability refresh
window 10s
  calc.additional.maxViewersSummary             n= 2570 err=   0 errRate=  0.00% avg=   43.80 min=   13.03 max=  269.45 p50=   29.38 p95=  123.26 p99=  193.91 rps= 257.00
  controller.AnalyticsController.maxViewersSummary n= 2570 err=   0 errRate=  0.00% avg=   44.16 min=   13.21 max=  269.77 p50=   29.81 p95=  123.64 p99=  194.50 rps= 257.00
  s2s.crud.fetchAllTickets                      n= 2570 err=   0 errRate=  0.00% avg=   43.73 min=   12.99 max=  269.42 p50=   29.30 p95=  123.23 p99=  193.87 rps= 257.00
window 30s
  calc.additional.maxViewersSummary             n= 7255 err=   0 errRate=  0.00% avg=   48.61 min=   13.03 max=  314.35 p50=   36.52 p95=  121.89 p99=  188.71 rps= 241.83
  controller.AnalyticsController.maxViewersSummary n= 7255 err=   0 errRate=  0.00% avg=   49.01 min=   13.21 max=  314.48 p50=   37.04 p95=  122.43 p99=  189.41 rps= 241.83
  s2s.crud.fetchAllTickets                      n= 7255 err=   0 errRate=  0.00% avg=   48.35 min=   12.99 max=  285.26 p50=   36.46 p95=  121.43 p99=  181.79 rps= 241.83
  s2s.crud.fetchFilms                           n=    1 err=   0 errRate=  0.00% avg=  143.98 min=  143.98 max=  143.98 p50=  143.98 p95=  143.98 p99=  143.98 rps=   0.03
window 1m
  calc.additional.maxViewersSummary             n=13903 err=   0 errRate=  0.00% avg=   51.58 min=   13.03 max=  401.76 p50=   40.35 p95=  121.19 p99=  184.58 rps= 231.72
  controller.AnalyticsController.maxViewersSummary n=13903 err=   0 errRate=  0.00% avg=   52.09 min=   13.21 max=  402.20 p50=   40.90 p95=  121.87 p99=  184.84 rps= 231.72
  s2s.crud.fetchAllTickets                      n=13903 err=   0 errRate=  0.00% avg=   51.15 min=   12.99 max=  373.96 p50=   40.24 p95=  120.14 p99=  179.40 rps= 231.72
  s2s.crud.fetchFilms                           n=    2 err=   0 errRate=  0.00% avg=  156.02 min=  143.98 max=  168.06 p50=  156.02 p95=  166.86 p99=  167.82 rps=   0.03

2026-05-06T21:02:56.429Z  INFO 1 --- [lab8-additional-service] [   scheduling-1] r.h.l.a.o.ObservabilityService           : [lab8-additional-service] observability refresh
window 10s
  calc.additional.maxViewersSummary             n= 2751 err=   0 errRate=  0.00% avg=   38.27 min=   13.03 max=  269.45 p50=   26.30 p95=  108.12 p99=  146.79 rps= 275.10
  controller.AnalyticsController.maxViewersSummary n= 2751 err=   0 errRate=  0.00% avg=   38.62 min=   13.21 max=  269.77 p50=   26.57 p95=  108.33 p99=  146.90 rps= 275.10
  s2s.crud.fetchAllTickets                      n= 2751 err=   0 errRate=  0.00% avg=   38.21 min=   12.99 max=  269.42 p50=   26.26 p95=  108.08 p99=  146.76 rps= 275.10
window 30s
  calc.additional.maxViewersSummary             n= 7363 err=   0 errRate=  0.00% avg=   47.43 min=   13.03 max=  314.35 p50=   35.49 p95=  121.55 p99=  186.84 rps= 245.43
  controller.AnalyticsController.maxViewersSummary n= 7363 err=   0 errRate=  0.00% avg=   47.81 min=   13.21 max=  314.48 p50=   35.97 p95=  121.87 p99=  187.85 rps= 245.43
  s2s.crud.fetchAllTickets                      n= 7363 err=   0 errRate=  0.00% avg=   47.18 min=   12.99 max=  285.26 p50=   35.44 p95=  120.98 p99=  181.64 rps= 245.43
  s2s.crud.fetchFilms                           n=    1 err=   0 errRate=  0.00% avg=  143.98 min=  143.98 max=  143.98 p50=  143.98 p95=  143.98 p99=  143.98 rps=   0.03
window 1m
  calc.additional.maxViewersSummary             n=14101 err=   0 errRate=  0.00% avg=   50.42 min=   13.03 max=  401.76 p50=   39.44 p95=  120.21 p99=  183.82 rps= 235.02
  controller.AnalyticsController.maxViewersSummary n=14101 err=   0 errRate=  0.00% avg=   50.92 min=   13.21 max=  402.20 p50=   39.96 p95=  120.79 p99=  184.13 rps= 235.02
  s2s.crud.fetchAllTickets                      n=14101 err=   0 errRate=  0.00% avg=   50.00 min=   12.99 max=  373.96 p50=   39.36 p95=  118.62 p99=  178.16 rps= 235.02
  s2s.crud.fetchFilms                           n=    2 err=   0 errRate=  0.00% avg=  156.02 min=  143.98 max=  168.06 p50=  156.02 p95=  166.86 p99=  167.82 rps=   0.03

2026-05-06T21:02:56.795Z  INFO 1 --- [lab8-additional-service] [   scheduling-1] r.h.l.a.service.FilmCacheService         : film-cache stats: size=310 ttlMs=30000 lastRefreshAtMs=1778101363765 hits=15861 misses=3 refreshes=3
2026-05-06T21:02:57.446Z  INFO 1 --- [lab8-additional-service] [   scheduling-1] r.h.l.a.o.ObservabilityService           : [lab8-additional-service] observability refresh
window 10s
  calc.additional.maxViewersSummary             n= 2851 err=   0 errRate=  0.00% avg=   34.85 min=   13.00 max=  269.45 p50=   24.72 p95=   92.89 p99=  131.85 rps= 285.10
  controller.AnalyticsController.maxViewersSummary n= 2851 err=   0 errRate=  0.00% avg=   35.18 min=   13.11 max=  269.77 p50=   25.12 p95=   93.03 p99=  132.58 rps= 285.10
  s2s.crud.fetchAllTickets                      n= 2851 err=   0 errRate=  0.00% avg=   34.79 min=   12.96 max=  269.42 p50=   24.66 p95=   92.86 p99=  131.82 rps= 285.10
window 30s
  calc.additional.maxViewersSummary             n= 7463 err=   0 errRate=  0.00% avg=   46.33 min=   13.00 max=  314.35 p50=   34.53 p95=  120.84 p99=  184.97 rps= 248.77
  controller.AnalyticsController.maxViewersSummary n= 7463 err=   0 errRate=  0.00% avg=   46.71 min=   13.11 max=  314.48 p50=   34.90 p95=  121.23 p99=  185.46 rps= 248.77
  s2s.crud.fetchAllTickets                      n= 7463 err=   0 errRate=  0.00% avg=   46.08 min=   12.96 max=  285.26 p50=   34.46 p95=  120.33 p99=  181.24 rps= 248.77
  s2s.crud.fetchFilms                           n=    1 err=   0 errRate=  0.00% avg=  143.98 min=  143.98 max=  143.98 p50=  143.98 p95=  143.98 p99=  143.98 rps=   0.03
window 1m
  calc.additional.maxViewersSummary             n=14257 err=   0 errRate=  0.00% avg=   49.38 min=   13.00 max=  401.76 p50=   38.86 p95=  118.22 p99=  182.72 rps= 237.62
  controller.AnalyticsController.maxViewersSummary n=14257 err=   0 errRate=  0.00% avg=   49.87 min=   13.11 max=  402.20 p50=   39.32 p95=  118.78 p99=  183.12 rps= 237.62
  s2s.crud.fetchAllTickets                      n=14257 err=   0 errRate=  0.00% avg=   48.97 min=   12.96 max=  373.96 p50=   38.76 p95=  117.06 p99=  176.49 rps= 237.62
  s2s.crud.fetchFilms                           n=    2 err=   0 errRate=  0.00% avg=  156.02 min=  143.98 max=  168.06 p50=  156.02 p95=  166.86 p99=  167.82 rps=   0.03

2026-05-06T21:02:58.461Z  INFO 1 --- [lab8-additional-service] [   scheduling-1] r.h.l.a.o.ObservabilityService           : [lab8-additional-service] observability refresh
window 10s
  calc.additional.maxViewersSummary             n= 2846 err=   0 errRate=  0.00% avg=   35.15 min=   13.00 max=  269.45 p50=   25.08 p95=   92.91 p99=  131.85 rps= 284.60
  controller.AnalyticsController.maxViewersSummary n= 2846 err=   0 errRate=  0.00% avg=   35.47 min=   13.11 max=  269.77 p50=   25.48 p95=   93.04 p99=  132.60 rps= 284.60
  s2s.crud.fetchAllTickets                      n= 2846 err=   0 errRate=  0.00% avg=   35.10 min=   12.96 max=  269.42 p50=   25.02 p95=   92.87 p99=  131.82 rps= 284.60
window 30s
  calc.additional.maxViewersSummary             n= 7549 err=   0 errRate=  0.00% avg=   45.36 min=   13.00 max=  314.35 p50=   33.30 p95=  120.71 p99=  184.67 rps= 251.63
  controller.AnalyticsController.maxViewersSummary n= 7549 err=   0 errRate=  0.00% avg=   45.73 min=   13.11 max=  314.48 p50=   33.61 p95=  121.03 p99=  185.06 rps= 251.63
  s2s.crud.fetchAllTickets                      n= 7549 err=   0 errRate=  0.00% avg=   45.12 min=   12.96 max=  285.26 p50=   33.26 p95=  120.08 p99=  180.99 rps= 251.63
  s2s.crud.fetchFilms                           n=    1 err=   0 errRate=  0.00% avg=  143.98 min=  143.98 max=  143.98 p50=  143.98 p95=  143.98 p99=  143.98 rps=   0.03
window 1m
  calc.additional.maxViewersSummary             n=14419 err=   0 errRate=  0.00% avg=   48.37 min=   13.00 max=  401.76 p50=   38.06 p95=  117.25 p99=  181.94 rps= 240.32
  controller.AnalyticsController.maxViewersSummary n=14419 err=   0 errRate=  0.00% avg=   48.85 min=   13.11 max=  402.20 p50=   38.51 p95=  117.60 p99=  182.09 rps= 240.32
  s2s.crud.fetchAllTickets                      n=14419 err=   0 errRate=  0.00% avg=   47.96 min=   12.96 max=  373.96 p50=   37.96 p95=  115.53 p99=  174.22 rps= 240.32
  s2s.crud.fetchFilms                           n=    2 err=   0 errRate=  0.00% avg=  156.02 min=  143.98 max=  168.06 p50=  156.02 p95=  166.86 p99=  167.82 rps=   0.03

2026-05-06T21:02:59.484Z  INFO 1 --- [lab8-additional-service] [   scheduling-1] r.h.l.a.o.ObservabilityService           : [lab8-additional-service] observability refresh
window 10s
  calc.additional.maxViewersSummary             n= 2754 err=   0 errRate=  0.00% avg=   38.30 min=   13.00 max=  269.45 p50=   26.20 p95=  101.48 p99=  141.07 rps= 275.40
  controller.AnalyticsController.maxViewersSummary n= 2754 err=   0 errRate=  0.00% avg=   38.60 min=   13.11 max=  269.77 p50=   26.44 p95=  101.91 p99=  141.19 rps= 275.40
  s2s.crud.fetchAllTickets                      n= 2754 err=   0 errRate=  0.00% avg=   38.24 min=   12.96 max=  269.42 p50=   26.15 p95=  101.44 p99=  141.04 rps= 275.40
window 30s
  calc.additional.maxViewersSummary             n= 7523 err=   0 errRate=  0.00% avg=   45.87 min=   13.00 max=  314.35 p50=   33.43 p95=  121.81 p99=  185.77 rps= 250.77
  controller.AnalyticsController.maxViewersSummary n= 7523 err=   0 errRate=  0.00% avg=   46.23 min=   13.11 max=  314.48 p50=   33.77 p95=  122.14 p99=  186.55 rps= 250.77
  s2s.crud.fetchAllTickets                      n= 7523 err=   0 errRate=  0.00% avg=   45.63 min=   12.96 max=  285.26 p50=   33.38 p95=  121.25 p99=  181.57 rps= 250.77
  s2s.crud.fetchFilms                           n=    1 err=   0 errRate=  0.00% avg=  143.98 min=  143.98 max=  143.98 p50=  143.98 p95=  143.98 p99=  143.98 rps=   0.03
window 1m
  calc.additional.maxViewersSummary             n=14464 err=   0 errRate=  0.00% avg=   48.16 min=   13.00 max=  401.76 p50=   38.02 p95=  116.29 p99=  179.04 rps= 241.07
  controller.AnalyticsController.maxViewersSummary n=14464 err=   0 errRate=  0.00% avg=   48.63 min=   13.11 max=  402.20 p50=   38.47 p95=  116.91 p99=  179.30 rps= 241.07
  s2s.crud.fetchAllTickets                      n=14464 err=   0 errRate=  0.00% avg=   47.75 min=   12.96 max=  373.96 p50=   37.92 p95=  114.26 p99=  169.12 rps= 241.07
  s2s.crud.fetchFilms                           n=    2 err=   0 errRate=  0.00% avg=  156.02 min=  143.98 max=  168.06 p50=  156.02 p95=  166.86 p99=  167.82 rps=   0.03

2026-05-06T21:03:00.500Z  INFO 1 --- [lab8-additional-service] [   scheduling-1] r.h.l.a.o.ObservabilityService           : [lab8-additional-service] observability refresh
window 10s
  calc.additional.maxViewersSummary             n= 2664 err=   0 errRate=  0.00% avg=   40.89 min=   13.00 max=  269.45 p50=   30.53 p95=  103.01 p99=  142.38 rps= 266.40
  controller.AnalyticsController.maxViewersSummary n= 2664 err=   0 errRate=  0.00% avg=   41.17 min=   13.11 max=  269.77 p50=   30.83 p95=  103.18 p99=  142.56 rps= 266.40
  s2s.crud.fetchAllTickets                      n= 2664 err=   0 errRate=  0.00% avg=   40.84 min=   12.96 max=  269.42 p50=   30.46 p95=  102.96 p99=  142.35 rps= 266.40
window 30s
  calc.additional.maxViewersSummary             n= 7555 err=   0 errRate=  0.00% avg=   45.38 min=   13.00 max=  314.35 p50=   33.29 p95=  121.03 p99=  185.58 rps= 251.83
  controller.AnalyticsController.maxViewersSummary n= 7555 err=   0 errRate=  0.00% avg=   45.74 min=   13.11 max=  314.48 p50=   33.60 p95=  121.31 p99=  186.24 rps= 251.83
  s2s.crud.fetchAllTickets                      n= 7555 err=   0 errRate=  0.00% avg=   45.14 min=   12.96 max=  285.26 p50=   33.26 p95=  120.56 p99=  181.52 rps= 251.83
  s2s.crud.fetchFilms                           n=    1 err=   0 errRate=  0.00% avg=  143.98 min=  143.98 max=  143.98 p50=  143.98 p95=  143.98 p99=  143.98 rps=   0.03
window 1m
  calc.additional.maxViewersSummary             n=14516 err=   0 errRate=  0.00% avg=   47.92 min=   13.00 max=  401.76 p50=   37.90 p95=  115.83 p99=  178.82 rps= 241.93
  controller.AnalyticsController.maxViewersSummary n=14516 err=   0 errRate=  0.00% avg=   48.38 min=   13.11 max=  402.20 p50=   38.35 p95=  116.20 p99=  179.11 rps= 241.93
  s2s.crud.fetchAllTickets                      n=14516 err=   0 errRate=  0.00% avg=   47.51 min=   12.96 max=  373.96 p50=   37.79 p95=  113.66 p99=  168.90 rps= 241.93
  s2s.crud.fetchFilms                           n=    2 err=   0 errRate=  0.00% avg=  156.02 min=  143.98 max=  168.06 p50=  156.02 p95=  166.86 p99=  167.82 rps=   0.03

2026-05-06T21:03:01.519Z  INFO 1 --- [lab8-additional-service] [   scheduling-1] r.h.l.a.o.ObservabilityService           : [lab8-additional-service] observability refresh
window 10s
  calc.additional.maxViewersSummary             n= 2705 err=   0 errRate=  0.00% avg=   39.95 min=   13.00 max=  269.45 p50=   29.21 p95=  102.52 p99=  142.17 rps= 270.50
  controller.AnalyticsController.maxViewersSummary n= 2705 err=   0 errRate=  0.00% avg=   40.23 min=   13.11 max=  269.77 p50=   29.49 p95=  102.65 p99=  142.29 rps= 270.50
  s2s.crud.fetchAllTickets                      n= 2705 err=   0 errRate=  0.00% avg=   39.90 min=   12.96 max=  269.42 p50=   29.15 p95=  102.49 p99=  142.14 rps= 270.50
window 30s
  calc.additional.maxViewersSummary             n= 7654 err=   0 errRate=  0.00% avg=   44.33 min=   13.00 max=  314.35 p50=   32.13 p95=  120.52 p99=  185.02 rps= 255.13
  controller.AnalyticsController.maxViewersSummary n= 7654 err=   0 errRate=  0.00% avg=   44.69 min=   13.11 max=  314.48 p50=   32.46 p95=  120.92 p99=  185.51 rps= 255.13
  s2s.crud.fetchAllTickets                      n= 7654 err=   0 errRate=  0.00% avg=   44.10 min=   12.96 max=  285.26 p50=   32.05 p95=  119.91 p99=  181.27 rps= 255.13
  s2s.crud.fetchFilms                           n=    1 err=   0 errRate=  0.00% avg=  143.98 min=  143.98 max=  143.98 p50=  143.98 p95=  143.98 p99=  143.98 rps=   0.03
window 1m
  calc.additional.maxViewersSummary             n=14660 err=   0 errRate=  0.00% avg=   47.19 min=   13.00 max=  401.76 p50=   37.08 p95=  114.76 p99=  178.26 rps= 244.33
  controller.AnalyticsController.maxViewersSummary n=14660 err=   0 errRate=  0.00% avg=   47.65 min=   13.11 max=  402.20 p50=   37.60 p95=  115.06 p99=  178.66 rps= 244.33
  s2s.crud.fetchAllTickets                      n=14660 err=   0 errRate=  0.00% avg=   46.79 min=   12.96 max=  373.96 p50=   36.98 p95=  112.94 p99=  167.59 rps= 244.33
  s2s.crud.fetchFilms                           n=    2 err=   0 errRate=  0.00% avg=  156.02 min=  143.98 max=  168.06 p50=  156.02 p95=  166.86 p99=  167.82 rps=   0.03

2026-05-06T21:03:02.534Z  INFO 1 --- [lab8-additional-service] [   scheduling-1] r.h.l.a.o.ObservabilityService           : [lab8-additional-service] observability refresh
window 10s
  calc.additional.maxViewersSummary             n= 2675 err=   0 errRate=  0.00% avg=   40.72 min=   13.00 max=  283.49 p50=   29.84 p95=  104.04 p99=  140.60 rps= 267.50
  controller.AnalyticsController.maxViewersSummary n= 2675 err=   0 errRate=  0.00% avg=   41.00 min=   13.11 max=  283.61 p50=   30.11 p95=  104.28 p99=  140.72 rps= 267.50
  s2s.crud.fetchAllTickets                      n= 2675 err=   0 errRate=  0.00% avg=   40.67 min=   12.96 max=  283.46 p50=   29.75 p95=  103.93 p99=  140.56 rps= 267.50
window 30s
  calc.additional.maxViewersSummary             n= 7640 err=   0 errRate=  0.00% avg=   44.45 min=   13.00 max=  314.35 p50=   31.92 p95=  120.74 p99=  186.32 rps= 254.67
  controller.AnalyticsController.maxViewersSummary n= 7640 err=   0 errRate=  0.00% avg=   44.80 min=   13.11 max=  314.48 p50=   32.30 p95=  121.16 p99=  186.91 rps= 254.67
  s2s.crud.fetchAllTickets                      n= 7640 err=   0 errRate=  0.00% avg=   44.21 min=   12.96 max=  285.26 p50=   31.85 p95=  120.06 p99=  181.66 rps= 254.67
  s2s.crud.fetchFilms                           n=    1 err=   0 errRate=  0.00% avg=  143.98 min=  143.98 max=  143.98 p50=  143.98 p95=  143.98 p99=  143.98 rps=   0.03
window 1m
  calc.additional.maxViewersSummary             n=14688 err=   0 errRate=  0.00% avg=   47.00 min=   13.00 max=  401.76 p50=   36.85 p95=  113.88 p99=  178.24 rps= 244.80
  controller.AnalyticsController.maxViewersSummary n=14688 err=   0 errRate=  0.00% avg=   47.45 min=   13.11 max=  402.20 p50=   37.37 p95=  114.65 p99=  178.54 rps= 244.80
  s2s.crud.fetchAllTickets                      n=14688 err=   0 errRate=  0.00% avg=   46.60 min=   12.96 max=  373.96 p50=   36.73 p95=  112.26 p99=  167.56 rps= 244.80
  s2s.crud.fetchFilms                           n=    2 err=   0 errRate=  0.00% avg=  156.02 min=  143.98 max=  168.06 p50=  156.02 p95=  166.86 p99=  167.82 rps=   0.03

2026-05-06T21:03:03.552Z  INFO 1 --- [lab8-additional-service] [   scheduling-1] r.h.l.a.o.ObservabilityService           : [lab8-additional-service] observability refresh
window 10s
  calc.additional.maxViewersSummary             n= 2664 err=   0 errRate=  0.00% avg=   41.97 min=   13.00 max=  283.49 p50=   29.30 p95=  115.93 p99=  165.74 rps= 266.40
  controller.AnalyticsController.maxViewersSummary n= 2664 err=   0 errRate=  0.00% avg=   42.23 min=   13.11 max=  283.61 p50=   29.55 p95=  116.06 p99=  165.93 rps= 266.40
  s2s.crud.fetchAllTickets                      n= 2664 err=   0 errRate=  0.00% avg=   41.92 min=   12.96 max=  283.46 p50=   29.23 p95=  115.90 p99=  165.70 rps= 266.40
window 30s
  calc.additional.maxViewersSummary             n= 7524 err=   0 errRate=  0.00% avg=   46.11 min=   13.00 max=  314.35 p50=   32.67 p95=  125.68 p99=  192.42 rps= 250.80
  controller.AnalyticsController.maxViewersSummary n= 7524 err=   0 errRate=  0.00% avg=   46.46 min=   13.11 max=  314.48 p50=   33.04 p95=  126.32 p99=  192.89 rps= 250.80
  s2s.crud.fetchAllTickets                      n= 7524 err=   0 errRate=  0.00% avg=   45.87 min=   12.96 max=  285.26 p50=   32.63 p95=  124.35 p99=  190.37 rps= 250.80
  s2s.crud.fetchFilms                           n=    1 err=   0 errRate=  0.00% avg=  143.98 min=  143.98 max=  143.98 p50=  143.98 p95=  143.98 p99=  143.98 rps=   0.03
window 1m
  calc.additional.maxViewersSummary             n=14648 err=   0 errRate=  0.00% avg=   47.45 min=   13.00 max=  401.76 p50=   36.80 p95=  117.21 p99=  181.42 rps= 244.13
  controller.AnalyticsController.maxViewersSummary n=14648 err=   0 errRate=  0.00% avg=   47.90 min=   13.11 max=  402.20 p50=   37.34 p95=  117.56 p99=  181.73 rps= 244.13
  s2s.crud.fetchAllTickets                      n=14648 err=   0 errRate=  0.00% avg=   47.05 min=   12.96 max=  373.96 p50=   36.70 p95=  115.44 p99=  172.99 rps= 244.13
  s2s.crud.fetchFilms                           n=    2 err=   0 errRate=  0.00% avg=  156.02 min=  143.98 max=  168.06 p50=  156.02 p95=  166.86 p99=  167.82 rps=   0.03

2026-05-06T21:03:04.593Z  INFO 1 --- [lab8-additional-service] [   scheduling-1] r.h.l.a.o.ObservabilityService           : [lab8-additional-service] observability refresh
window 10s
  calc.additional.maxViewersSummary             n= 2804 err=   0 errRate=  0.00% avg=   37.68 min=   13.00 max=  283.49 p50=   23.63 p95=  104.22 p99=  160.57 rps= 280.40
  controller.AnalyticsController.maxViewersSummary n= 2804 err=   0 errRate=  0.00% avg=   37.95 min=   13.11 max=  283.61 p50=   24.00 p95=  104.35 p99=  160.67 rps= 280.40
  s2s.crud.fetchAllTickets                      n= 2803 err=   0 errRate=  0.00% avg=   37.64 min=   12.95 max=  283.46 p50=   23.60 p95=  104.20 p99=  160.54 rps= 280.30
window 30s
  calc.additional.maxViewersSummary             n= 7651 err=   0 errRate=  0.00% avg=   44.90 min=   13.00 max=  314.35 p50=   31.24 p95=  124.93 p99=  192.33 rps= 255.03
  controller.AnalyticsController.maxViewersSummary n= 7651 err=   0 errRate=  0.00% avg=   45.25 min=   13.11 max=  314.48 p50=   31.72 p95=  125.22 p99=  192.79 rps= 255.03
  s2s.crud.fetchAllTickets                      n= 7651 err=   0 errRate=  0.00% avg=   44.67 min=   12.95 max=  285.26 p50=   31.17 p95=  123.65 p99=  189.36 rps= 255.03
  s2s.crud.fetchFilms                           n=    1 err=   0 errRate=  0.00% avg=  143.98 min=  143.98 max=  143.98 p50=  143.98 p95=  143.98 p99=  143.98 rps=   0.03
window 1m
  calc.additional.maxViewersSummary             n=14790 err=   0 errRate=  0.00% avg=   46.66 min=   13.00 max=  401.76 p50=   36.02 p95=  116.52 p99=  181.17 rps= 246.50
  controller.AnalyticsController.maxViewersSummary n=14790 err=   0 errRate=  0.00% avg=   47.11 min=   13.11 max=  402.20 p50=   36.51 p95=  117.13 p99=  181.57 rps= 246.50
  s2s.crud.fetchAllTickets                      n=14790 err=   0 errRate=  0.00% avg=   46.27 min=   12.95 max=  373.96 p50=   35.95 p95=  114.71 p99=  172.64 rps= 246.50
  s2s.crud.fetchFilms                           n=    2 err=   0 errRate=  0.00% avg=  156.02 min=  143.98 max=  168.06 p50=  156.02 p95=  166.86 p99=  167.82 rps=   0.03

2026-05-06T21:03:05.605Z  INFO 1 --- [lab8-additional-service] [   scheduling-1] r.h.l.a.o.ObservabilityService           : [lab8-additional-service] observability refresh
window 10s
  calc.additional.maxViewersSummary             n= 2792 err=   0 errRate=  0.00% avg=   37.51 min=   13.00 max=  283.49 p50=   23.59 p95=  105.55 p99=  160.60 rps= 279.20
  controller.AnalyticsController.maxViewersSummary n= 2792 err=   0 errRate=  0.00% avg=   37.78 min=   13.11 max=  283.61 p50=   23.83 p95=  105.65 p99=  160.71 rps= 279.20
  s2s.crud.fetchAllTickets                      n= 2792 err=   0 errRate=  0.00% avg=   37.46 min=   12.95 max=  283.46 p50=   23.56 p95=  105.52 p99=  160.57 rps= 279.20
window 30s
  calc.additional.maxViewersSummary             n= 7633 err=   0 errRate=  0.00% avg=   44.89 min=   13.00 max=  314.35 p50=   31.40 p95=  126.36 p99=  192.32 rps= 254.43
  controller.AnalyticsController.maxViewersSummary n= 7633 err=   0 errRate=  0.00% avg=   45.23 min=   13.11 max=  314.48 p50=   31.86 p95=  126.80 p99=  192.73 rps= 254.43
  s2s.crud.fetchAllTickets                      n= 7633 err=   0 errRate=  0.00% avg=   44.65 min=   12.95 max=  285.26 p50=   31.34 p95=  125.12 p99=  189.09 rps= 254.43
  s2s.crud.fetchFilms                           n=    1 err=   0 errRate=  0.00% avg=  143.98 min=  143.98 max=  143.98 p50=  143.98 p95=  143.98 p99=  143.98 rps=   0.03
window 1m
  calc.additional.maxViewersSummary             n=14843 err=   0 errRate=  0.00% avg=   46.44 min=   13.00 max=  401.76 p50=   35.84 p95=  116.98 p99=  181.24 rps= 247.38
  controller.AnalyticsController.maxViewersSummary n=14843 err=   0 errRate=  0.00% avg=   46.88 min=   13.11 max=  402.20 p50=   36.30 p95=  117.43 p99=  181.65 rps= 247.38
  s2s.crud.fetchAllTickets                      n=14843 err=   0 errRate=  0.00% avg=   46.05 min=   12.95 max=  373.96 p50=   35.76 p95=  114.86 p99=  172.64 rps= 247.38
  s2s.crud.fetchFilms                           n=    2 err=   0 errRate=  0.00% avg=  156.02 min=  143.98 max=  168.06 p50=  156.02 p95=  166.86 p99=  167.82 rps=   0.03

2026-05-06T21:03:06.620Z  INFO 1 --- [lab8-additional-service] [   scheduling-1] r.h.l.a.o.ObservabilityService           : [lab8-additional-service] observability refresh
window 10s
  calc.additional.maxViewersSummary             n= 2707 err=   0 errRate=  0.00% avg=   40.10 min=   13.00 max=  283.49 p50=   28.58 p95=  108.20 p99=  160.85 rps= 270.70
  controller.AnalyticsController.maxViewersSummary n= 2707 err=   0 errRate=  0.00% avg=   40.37 min=   13.11 max=  283.61 p50=   28.99 p95=  108.29 p99=  161.07 rps= 270.70
  s2s.crud.fetchAllTickets                      n= 2707 err=   0 errRate=  0.00% avg=   40.05 min=   12.95 max=  283.46 p50=   28.53 p95=  108.17 p99=  160.81 rps= 270.70
window 30s
  calc.additional.maxViewersSummary             n= 7686 err=   0 errRate=  0.00% avg=   44.24 min=   13.00 max=  314.35 p50=   31.31 p95=  122.66 p99=  189.20 rps= 256.20
  controller.AnalyticsController.maxViewersSummary n= 7686 err=   0 errRate=  0.00% avg=   44.58 min=   13.11 max=  314.48 p50=   31.76 p95=  122.97 p99=  189.69 rps= 256.20
  s2s.crud.fetchAllTickets                      n= 7686 err=   0 errRate=  0.00% avg=   44.00 min=   12.95 max=  285.26 p50=   31.22 p95=  121.52 p99=  183.70 rps= 256.20
  s2s.crud.fetchFilms                           n=    1 err=   0 errRate=  0.00% avg=  143.98 min=  143.98 max=  143.98 p50=  143.98 p95=  143.98 p99=  143.98 rps=   0.03
window 1m
  calc.additional.maxViewersSummary             n=14962 err=   0 errRate=  0.00% avg=   45.73 min=   13.00 max=  401.76 p50=   35.48 p95=  114.00 p99=  180.22 rps= 249.37
  controller.AnalyticsController.maxViewersSummary n=14962 err=   0 errRate=  0.00% avg=   46.17 min=   13.11 max=  402.20 p50=   36.01 p95=  114.74 p99=  180.51 rps= 249.37
  s2s.crud.fetchAllTickets                      n=14962 err=   0 errRate=  0.00% avg=   45.34 min=   12.95 max=  373.96 p50=   35.43 p95=  112.16 p99=  171.49 rps= 249.37
  s2s.crud.fetchFilms                           n=    2 err=   0 errRate=  0.00% avg=  156.02 min=  143.98 max=  168.06 p50=  156.02 p95=  166.86 p99=  167.82 rps=   0.03

2026-05-06T21:03:06.793Z  INFO 1 --- [lab8-additional-service] [   scheduling-1] r.h.l.a.service.FilmCacheService         : film-cache stats: size=310 ttlMs=30000 lastRefreshAtMs=1778101363765 hits=18546 misses=3 refreshes=3
2026-05-06T21:03:07.640Z  INFO 1 --- [lab8-additional-service] [   scheduling-1] r.h.l.a.o.ObservabilityService           : [lab8-additional-service] observability refresh
window 10s
  calc.additional.maxViewersSummary             n= 2709 err=   0 errRate=  0.00% avg=   40.37 min=   13.02 max=  283.49 p50=   28.56 p95=  108.49 p99=  162.76 rps= 270.90
  controller.AnalyticsController.maxViewersSummary n= 2709 err=   0 errRate=  0.00% avg=   40.63 min=   13.11 max=  283.61 p50=   28.98 p95=  108.78 p99=  163.11 rps= 270.90
  s2s.crud.fetchAllTickets                      n= 2709 err=   0 errRate=  0.00% avg=   40.32 min=   12.95 max=  283.46 p50=   28.53 p95=  108.45 p99=  162.73 rps= 270.90
window 30s
  calc.additional.maxViewersSummary             n= 7770 err=   0 errRate=  0.00% avg=   43.49 min=   13.00 max=  314.35 p50=   30.40 p95=  121.41 p99=  189.32 rps= 259.00
  controller.AnalyticsController.maxViewersSummary n= 7770 err=   0 errRate=  0.00% avg=   43.83 min=   13.11 max=  314.48 p50=   30.84 p95=  121.85 p99=  189.75 rps= 259.00
  s2s.crud.fetchAllTickets                      n= 7770 err=   0 errRate=  0.00% avg=   43.26 min=   12.95 max=  285.26 p50=   30.34 p95=  120.82 p99=  183.72 rps= 259.00
  s2s.crud.fetchFilms                           n=    1 err=   0 errRate=  0.00% avg=  143.98 min=  143.98 max=  143.98 p50=  143.98 p95=  143.98 p99=  143.98 rps=   0.03
window 1m
  calc.additional.maxViewersSummary             n=14998 err=   0 errRate=  0.00% avg=   45.50 min=   13.00 max=  401.76 p50=   35.28 p95=  113.66 p99=  180.13 rps= 249.97
  controller.AnalyticsController.maxViewersSummary n=14998 err=   0 errRate=  0.00% avg=   45.92 min=   13.11 max=  402.20 p50=   35.75 p95=  114.00 p99=  180.40 rps= 249.97
  s2s.crud.fetchAllTickets                      n=14998 err=   0 errRate=  0.00% avg=   45.11 min=   12.95 max=  285.26 p50=   35.19 p95=  111.79 p99=  169.83 rps= 249.97
  s2s.crud.fetchFilms                           n=    2 err=   0 errRate=  0.00% avg=  156.02 min=  143.98 max=  168.06 p50=  156.02 p95=  166.86 p99=  167.82 rps=   0.03

2026-05-06T21:03:08.655Z  INFO 1 --- [lab8-additional-service] [   scheduling-1] r.h.l.a.o.ObservabilityService           : [lab8-additional-service] observability refresh
window 10s
  calc.additional.maxViewersSummary             n= 2723 err=   0 errRate=  0.00% avg=   39.66 min=   13.02 max=  283.49 p50=   27.89 p95=  108.06 p99=  162.48 rps= 272.30
  controller.AnalyticsController.maxViewersSummary n= 2723 err=   0 errRate=  0.00% avg=   39.93 min=   13.11 max=  283.61 p50=   28.32 p95=  108.18 p99=  162.80 rps= 272.30
  s2s.crud.fetchAllTickets                      n= 2723 err=   0 errRate=  0.00% avg=   39.61 min=   12.95 max=  283.46 p50=   27.85 p95=  108.03 p99=  162.44 rps= 272.30
window 30s
  calc.additional.maxViewersSummary             n= 7871 err=   0 errRate=  0.00% avg=   42.32 min=   13.00 max=  314.35 p50=   29.26 p95=  119.43 p99=  187.30 rps= 262.37
  controller.AnalyticsController.maxViewersSummary n= 7871 err=   0 errRate=  0.00% avg=   42.66 min=   13.11 max=  314.48 p50=   29.68 p95=  119.90 p99=  187.72 rps= 262.37
  s2s.crud.fetchAllTickets                      n= 7871 err=   0 errRate=  0.00% avg=   42.09 min=   12.95 max=  285.26 p50=   29.21 p95=  118.21 p99=  181.78 rps= 262.37
  s2s.crud.fetchFilms                           n=    1 err=   0 errRate=  0.00% avg=  143.98 min=  143.98 max=  143.98 p50=  143.98 p95=  143.98 p99=  143.98 rps=   0.03
window 1m
  calc.additional.maxViewersSummary             n=15081 err=   0 errRate=  0.00% avg=   45.05 min=   13.00 max=  401.76 p50=   34.64 p95=  113.52 p99=  179.98 rps= 251.35
  controller.AnalyticsController.maxViewersSummary n=15081 err=   0 errRate=  0.00% avg=   45.46 min=   13.11 max=  402.20 p50=   35.10 p95=  113.88 p99=  180.28 rps= 251.35
  s2s.crud.fetchAllTickets                      n=15080 err=   0 errRate=  0.00% avg=   44.66 min=   12.95 max=  285.26 p50=   34.56 p95=  111.35 p99=  169.76 rps= 251.33
  s2s.crud.fetchFilms                           n=    2 err=   0 errRate=  0.00% avg=  156.02 min=  143.98 max=  168.06 p50=  156.02 p95=  166.86 p99=  167.82 rps=   0.03

2026-05-06T21:03:09.669Z  INFO 1 --- [lab8-additional-service] [   scheduling-1] r.h.l.a.o.ObservabilityService           : [lab8-additional-service] observability refresh
window 10s
  calc.additional.maxViewersSummary             n= 2821 err=   0 errRate=  0.00% avg=   36.42 min=   13.02 max=  283.49 p50=   25.65 p95=   96.23 p99=  159.83 rps= 282.10
  controller.AnalyticsController.maxViewersSummary n= 2821 err=   0 errRate=  0.00% avg=   36.69 min=   13.11 max=  283.61 p50=   25.99 p95=   96.51 p99=  159.93 rps= 282.10
  s2s.crud.fetchAllTickets                      n= 2821 err=   0 errRate=  0.00% avg=   36.37 min=   12.95 max=  283.46 p50=   25.60 p95=   96.20 p99=  159.79 rps= 282.10
window 30s
  calc.additional.maxViewersSummary             n= 7960 err=   0 errRate=  0.00% avg=   41.34 min=   13.00 max=  314.35 p50=   28.43 p95=  117.44 p99=  186.69 rps= 265.33
  controller.AnalyticsController.maxViewersSummary n= 7960 err=   0 errRate=  0.00% avg=   41.66 min=   13.11 max=  314.48 p50=   28.75 p95=  117.61 p99=  186.90 rps= 265.33
  s2s.crud.fetchAllTickets                      n= 7960 err=   0 errRate=  0.00% avg=   41.11 min=   12.95 max=  285.26 p50=   28.37 p95=  116.41 p99=  181.64 rps= 265.33
  s2s.crud.fetchFilms                           n=    1 err=   0 errRate=  0.00% avg=  143.98 min=  143.98 max=  143.98 p50=  143.98 p95=  143.98 p99=  143.98 rps=   0.03
window 1m
  calc.additional.maxViewersSummary             n=15175 err=   0 errRate=  0.00% avg=   44.53 min=   13.00 max=  401.76 p50=   34.12 p95=  112.82 p99=  179.76 rps= 252.92
  controller.AnalyticsController.maxViewersSummary n=15175 err=   0 errRate=  0.00% avg=   44.93 min=   13.11 max=  402.20 p50=   34.58 p95=  113.39 p99=  180.11 rps= 252.92
  s2s.crud.fetchAllTickets                      n=15175 err=   0 errRate=  0.00% avg=   44.15 min=   12.95 max=  285.26 p50=   34.06 p95=  110.84 p99=  169.29 rps= 252.92
  s2s.crud.fetchFilms                           n=    2 err=   0 errRate=  0.00% avg=  156.02 min=  143.98 max=  168.06 p50=  156.02 p95=  166.86 p99=  167.82 rps=   0.03

2026-05-06T21:03:10.686Z  INFO 1 --- [lab8-additional-service] [   scheduling-1] r.h.l.a.o.ObservabilityService           : [lab8-additional-service] observability refresh
window 10s
  calc.additional.maxViewersSummary             n= 2849 err=   0 errRate=  0.00% avg=   35.61 min=   13.02 max=  283.49 p50=   23.86 p95=  101.73 p99=  160.06 rps= 284.90
  controller.AnalyticsController.maxViewersSummary n= 2849 err=   0 errRate=  0.00% avg=   35.87 min=   13.11 max=  283.61 p50=   24.19 p95=  101.98 p99=  160.15 rps= 284.90
  s2s.crud.fetchAllTickets                      n= 2849 err=   0 errRate=  0.00% avg=   35.56 min=   12.95 max=  283.46 p50=   23.81 p95=  101.70 p99=  160.03 rps= 284.90
window 30s
  calc.additional.maxViewersSummary             n= 8046 err=   0 errRate=  0.00% avg=   40.21 min=   13.00 max=  314.35 p50=   27.91 p95=  112.57 p99=  182.07 rps= 268.20
  controller.AnalyticsController.maxViewersSummary n= 8046 err=   0 errRate=  0.00% avg=   40.53 min=   13.11 max=  314.48 p50=   28.29 p95=  112.94 p99=  182.25 rps= 268.20
  s2s.crud.fetchAllTickets                      n= 8046 err=   0 errRate=  0.00% avg=   39.99 min=   12.95 max=  285.26 p50=   27.86 p95=  111.71 p99=  173.53 rps= 268.20
  s2s.crud.fetchFilms                           n=    1 err=   0 errRate=  0.00% avg=  143.98 min=  143.98 max=  143.98 p50=  143.98 p95=  143.98 p99=  143.98 rps=   0.03
window 1m
  calc.additional.maxViewersSummary             n=15256 err=   0 errRate=  0.00% avg=   44.12 min=   13.00 max=  401.76 p50=   33.82 p95=  112.54 p99=  179.57 rps= 254.27
  controller.AnalyticsController.maxViewersSummary n=15256 err=   0 errRate=  0.00% avg=   44.51 min=   13.11 max=  402.20 p50=   34.22 p95=  112.95 p99=  179.94 rps= 254.27
  s2s.crud.fetchAllTickets                      n=15256 err=   0 errRate=  0.00% avg=   43.74 min=   12.95 max=  285.26 p50=   33.76 p95=  110.40 p99=  168.88 rps= 254.27
  s2s.crud.fetchFilms                           n=    2 err=   0 errRate=  0.00% avg=  156.02 min=  143.98 max=  168.06 p50=  156.02 p95=  166.86 p99=  167.82 rps=   0.03

2026-05-06T21:03:11.709Z  INFO 1 --- [lab8-additional-service] [   scheduling-1] r.h.l.a.o.ObservabilityService           : [lab8-additional-service] observability refresh
window 10s
  calc.additional.maxViewersSummary             n= 2832 err=   0 errRate=  0.00% avg=   35.48 min=   13.02 max=  283.49 p50=   23.33 p95=  101.92 p99=  160.18 rps= 283.20
  controller.AnalyticsController.maxViewersSummary n= 2832 err=   0 errRate=  0.00% avg=   35.72 min=   13.11 max=  283.61 p50=   23.60 p95=  102.12 p99=  160.27 rps= 283.20
  s2s.crud.fetchAllTickets                      n= 2832 err=   0 errRate=  0.00% avg=   35.43 min=   12.95 max=  283.46 p50=   23.29 p95=  101.88 p99=  160.15 rps= 283.20
window 30s
  calc.additional.maxViewersSummary             n= 8141 err=   0 errRate=  0.00% avg=   39.05 min=   13.00 max=  314.35 p50=   26.57 p95=  112.07 p99=  181.70 rps= 271.37
  controller.AnalyticsController.maxViewersSummary n= 8141 err=   0 errRate=  0.00% avg=   39.36 min=   13.11 max=  314.48 p50=   26.92 p95=  112.37 p99=  181.96 rps= 271.37
  s2s.crud.fetchAllTickets                      n= 8141 err=   0 errRate=  0.00% avg=   38.83 min=   12.95 max=  285.26 p50=   26.53 p95=  110.30 p99=  173.09 rps= 271.37
  s2s.crud.fetchFilms                           n=    1 err=   0 errRate=  0.00% avg=  143.98 min=  143.98 max=  143.98 p50=  143.98 p95=  143.98 p99=  143.98 rps=   0.03
window 1m
  calc.additional.maxViewersSummary             n=15354 err=   0 errRate=  0.00% avg=   43.49 min=   13.00 max=  401.76 p50=   33.21 p95=  111.14 p99=  179.45 rps= 255.90
  controller.AnalyticsController.maxViewersSummary n=15354 err=   0 errRate=  0.00% avg=   43.88 min=   13.11 max=  402.20 p50=   33.60 p95=  111.55 p99=  179.82 rps= 255.90
  s2s.crud.fetchAllTickets                      n=15354 err=   0 errRate=  0.00% avg=   43.12 min=   12.95 max=  285.26 p50=   33.15 p95=  109.15 p99=  167.43 rps= 255.90
  s2s.crud.fetchFilms                           n=    2 err=   0 errRate=  0.00% avg=  156.02 min=  143.98 max=  168.06 p50=  156.02 p95=  166.86 p99=  167.82 rps=   0.03

2026-05-06T21:03:12.746Z  INFO 1 --- [lab8-additional-service] [   scheduling-1] r.h.l.a.o.ObservabilityService           : [lab8-additional-service] observability refresh
window 10s
  calc.additional.maxViewersSummary             n= 2961 err=   0 errRate=  0.00% avg=   32.59 min=   13.02 max=  245.57 p50=   22.53 p95=   84.56 p99=  154.46 rps= 296.10
  controller.AnalyticsController.maxViewersSummary n= 2961 err=   0 errRate=  0.00% avg=   32.84 min=   13.11 max=  245.66 p50=   22.90 p95=   84.98 p99=  154.60 rps= 296.10
  s2s.crud.fetchAllTickets                      n= 2961 err=   0 errRate=  0.00% avg=   32.54 min=   12.95 max=  245.54 p50=   22.50 p95=   84.50 p99=  154.42 rps= 296.10
window 30s
  calc.additional.maxViewersSummary             n= 8180 err=   0 errRate=  0.00% avg=   38.87 min=   13.00 max=  314.35 p50=   26.41 p95=  111.89 p99=  181.66 rps= 272.67
  controller.AnalyticsController.maxViewersSummary n= 8180 err=   0 errRate=  0.00% avg=   39.17 min=   13.11 max=  314.48 p50=   26.70 p95=  112.02 p99=  181.91 rps= 272.67
  s2s.crud.fetchAllTickets                      n= 8180 err=   0 errRate=  0.00% avg=   38.66 min=   12.95 max=  285.26 p50=   26.37 p95=  110.08 p99=  172.80 rps= 272.67
  s2s.crud.fetchFilms                           n=    1 err=   0 errRate=  0.00% avg=  143.98 min=  143.98 max=  143.98 p50=  143.98 p95=  143.98 p99=  143.98 rps=   0.03
window 1m
  calc.additional.maxViewersSummary             n=15486 err=   0 errRate=  0.00% avg=   42.79 min=   13.00 max=  401.76 p50=   32.70 p95=  108.60 p99=  177.05 rps= 258.10
  controller.AnalyticsController.maxViewersSummary n=15486 err=   0 errRate=  0.00% avg=   43.17 min=   13.11 max=  402.20 p50=   33.11 p95=  108.95 p99=  177.30 rps= 258.10
  s2s.crud.fetchAllTickets                      n=15486 err=   0 errRate=  0.00% avg=   42.42 min=   12.95 max=  285.26 p50=   32.63 p95=  106.82 p99=  165.12 rps= 258.10
  s2s.crud.fetchFilms                           n=    2 err=   0 errRate=  0.00% avg=  156.02 min=  143.98 max=  168.06 p50=  156.02 p95=  166.86 p99=  167.82 rps=   0.03

2026-05-06T21:03:13.763Z  INFO 1 --- [lab8-additional-service] [   scheduling-1] r.h.l.a.o.ObservabilityService           : [lab8-additional-service] observability refresh
window 10s
  calc.additional.maxViewersSummary             n= 2975 err=   0 errRate=  0.00% avg=   29.68 min=   13.02 max=  234.98 p50=   22.48 p95=   69.37 p99=  119.85 rps= 297.50
  controller.AnalyticsController.maxViewersSummary n= 2975 err=   0 errRate=  0.00% avg=   29.93 min=   13.11 max=  235.07 p50=   22.77 p95=   69.54 p99=  120.13 rps= 297.50
  s2s.crud.fetchAllTickets                      n= 2975 err=   0 errRate=  0.00% avg=   29.62 min=   12.95 max=  234.94 p50=   22.43 p95=   69.34 p99=  119.82 rps= 297.50
window 30s
  calc.additional.maxViewersSummary             n= 8203 err=   0 errRate=  0.00% avg=   38.25 min=   13.00 max=  314.35 p50=   25.89 p95=  109.45 p99=  181.63 rps= 273.43
  controller.AnalyticsController.maxViewersSummary n= 8203 err=   0 errRate=  0.00% avg=   38.55 min=   13.11 max=  314.48 p50=   26.12 p95=  109.63 p99=  181.88 rps= 273.43
  s2s.crud.fetchAllTickets                      n= 8203 err=   0 errRate=  0.00% avg=   38.03 min=   12.95 max=  285.26 p50=   25.86 p95=  108.43 p99=  172.64 rps= 273.43
  s2s.crud.fetchFilms                           n=    1 err=   0 errRate=  0.00% avg=  143.98 min=  143.98 max=  143.98 p50=  143.98 p95=  143.98 p99=  143.98 rps=   0.03
window 1m
  calc.additional.maxViewersSummary             n=15493 err=   0 errRate=  0.00% avg=   42.42 min=   13.00 max=  401.76 p50=   32.24 p95=  108.28 p99=  177.01 rps= 258.22
  controller.AnalyticsController.maxViewersSummary n=15493 err=   0 errRate=  0.00% avg=   42.79 min=   13.11 max=  402.20 p50=   32.63 p95=  108.55 p99=  177.21 rps= 258.22
  s2s.crud.fetchAllTickets                      n=15493 err=   0 errRate=  0.00% avg=   42.05 min=   12.95 max=  285.26 p50=   32.17 p95=  106.40 p99=  165.05 rps= 258.22
  s2s.crud.fetchFilms                           n=    2 err=   0 errRate=  0.00% avg=  156.02 min=  143.98 max=  168.06 p50=  156.02 p95=  166.86 p99=  167.82 rps=   0.03

2026-05-06T21:03:14.776Z  INFO 1 --- [lab8-additional-service] [   scheduling-1] r.h.l.a.o.ObservabilityService           : [lab8-additional-service] observability refresh
window 10s
  calc.additional.maxViewersSummary             n= 2732 err=   0 errRate=  0.00% avg=   31.04 min=   13.06 max=  234.98 p50=   24.19 p95=   75.40 p99=  120.22 rps= 273.20
  controller.AnalyticsController.maxViewersSummary n= 2732 err=   0 errRate=  0.00% avg=   31.28 min=   13.16 max=  235.07 p50=   24.50 p95=   75.56 p99=  120.39 rps= 273.20
  s2s.crud.fetchAllTickets                      n= 2732 err=   0 errRate=  0.00% avg=   30.73 min=   13.02 max=  234.94 p50=   24.14 p95=   73.97 p99=  120.19 rps= 273.20
  s2s.crud.fetchFilms                           n=    1 err=   0 errRate=  0.00% avg=   45.34 min=   45.34 max=   45.34 p50=   45.34 p95=   45.34 p99=   45.34 rps=   0.10
window 30s
  calc.additional.maxViewersSummary             n= 8120 err=   0 errRate=  0.00% avg=   37.11 min=   13.00 max=  283.49 p50=   25.55 p95=  102.58 p99=  160.57 rps= 270.67
  controller.AnalyticsController.maxViewersSummary n= 8121 err=   0 errRate=  0.00% avg=   37.40 min=   13.11 max=  283.61 p50=   25.85 p95=  102.71 p99=  160.71 rps= 270.70
  s2s.crud.fetchAllTickets                      n= 8120 err=   0 errRate=  0.00% avg=   36.97 min=   12.95 max=  283.46 p50=   25.46 p95=  102.55 p99=  160.53 rps= 270.67
  s2s.crud.fetchFilms                           n=    1 err=   0 errRate=  0.00% avg=   45.34 min=   45.34 max=   45.34 p50=   45.34 p95=   45.34 p99=   45.34 rps=   0.03
window 1m
  calc.additional.maxViewersSummary             n=15394 err=   0 errRate=  0.00% avg=   42.03 min=   13.00 max=  314.35 p50=   32.07 p95=  106.71 p99=  168.02 rps= 256.57
  controller.AnalyticsController.maxViewersSummary n=15395 err=   0 errRate=  0.00% avg=   42.39 min=   13.11 max=  314.48 p50=   32.41 p95=  107.02 p99=  168.38 rps= 256.58
  s2s.crud.fetchAllTickets                      n=15394 err=   0 errRate=  0.00% avg=   41.83 min=   12.95 max=  285.26 p50=   31.97 p95=  106.19 p99=  165.04 rps= 256.57
  s2s.crud.fetchFilms                           n=    2 err=   0 errRate=  0.00% avg=   94.66 min=   45.34 max=  143.98 p50=   94.66 p95=  139.05 p99=  143.00 rps=   0.03

2026-05-06T21:03:15.793Z  INFO 1 --- [lab8-additional-service] [   scheduling-1] r.h.l.a.o.ObservabilityService           : [lab8-additional-service] observability refresh
window 10s
  calc.additional.maxViewersSummary             n= 2598 err=   0 errRate=  0.00% avg=   29.57 min=   13.06 max=  234.98 p50=   23.54 p95=   65.73 p99=   95.58 rps= 259.80
  controller.AnalyticsController.maxViewersSummary n= 2598 err=   0 errRate=  0.00% avg=   29.82 min=   13.16 max=  235.07 p50=   23.86 p95=   65.84 p99=   95.82 rps= 259.80
  s2s.crud.fetchAllTickets                      n= 2598 err=   0 errRate=  0.00% avg=   29.25 min=   13.02 max=  234.94 p50=   23.46 p95=   63.95 p99=   95.55 rps= 259.80
  s2s.crud.fetchFilms                           n=    1 err=   0 errRate=  0.00% avg=   45.34 min=   45.34 max=   45.34 p50=   45.34 p95=   45.34 p99=   45.34 rps=   0.10
window 30s
  calc.additional.maxViewersSummary             n= 7981 err=   0 errRate=  0.00% avg=   36.91 min=   13.00 max=  283.49 p50=   25.51 p95=  101.85 p99=  161.03 rps= 266.03
  controller.AnalyticsController.maxViewersSummary n= 7981 err=   0 errRate=  0.00% avg=   37.20 min=   13.11 max=  283.61 p50=   25.84 p95=  102.12 p99=  161.34 rps= 266.03
  s2s.crud.fetchAllTickets                      n= 7980 err=   0 errRate=  0.00% avg=   36.76 min=   12.95 max=  283.46 p50=   25.44 p95=  101.57 p99=  161.00 rps= 266.00
  s2s.crud.fetchFilms                           n=    1 err=   0 errRate=  0.00% avg=   45.34 min=   45.34 max=   45.34 p50=   45.34 p95=   45.34 p99=   45.34 rps=   0.03
window 1m
  calc.additional.maxViewersSummary             n=15209 err=   0 errRate=  0.00% avg=   42.18 min=   13.00 max=  314.35 p50=   32.19 p95=  107.40 p99=  168.70 rps= 253.48
  controller.AnalyticsController.maxViewersSummary n=15209 err=   0 errRate=  0.00% avg=   42.54 min=   13.11 max=  314.48 p50=   32.52 p95=  107.61 p99=  168.86 rps= 253.48
  s2s.crud.fetchAllTickets                      n=15209 err=   0 errRate=  0.00% avg=   41.98 min=   12.95 max=  285.26 p50=   32.09 p95=  106.67 p99=  165.98 rps= 253.48
  s2s.crud.fetchFilms                           n=    2 err=   0 errRate=  0.00% avg=   94.66 min=   45.34 max=  143.98 p50=   94.66 p95=  139.05 p99=  143.00 rps=   0.03

2026-05-06T21:03:16.793Z  INFO 1 --- [lab8-additional-service] [   scheduling-1] r.h.l.a.service.FilmCacheService         : film-cache stats: size=310 ttlMs=30000 lastRefreshAtMs=1778101393796 hits=21060 misses=4 refreshes=4
2026-05-06T21:03:16.809Z  INFO 1 --- [lab8-additional-service] [   scheduling-1] r.h.l.a.o.ObservabilityService           : [lab8-additional-service] observability refresh
window 10s
  calc.additional.maxViewersSummary             n= 2521 err=   0 errRate=  0.00% avg=   27.99 min=   13.06 max=  234.98 p50=   22.03 p95=   62.55 p99=   89.66 rps= 252.10
  controller.AnalyticsController.maxViewersSummary n= 2521 err=   0 errRate=  0.00% avg=   28.23 min=   13.16 max=  235.07 p50=   22.31 p95=   62.77 p99=   90.03 rps= 252.10
  s2s.crud.fetchAllTickets                      n= 2521 err=   0 errRate=  0.00% avg=   27.66 min=   13.02 max=  234.94 p50=   21.96 p95=   60.22 p99=   89.62 rps= 252.10
  s2s.crud.fetchFilms                           n=    1 err=   0 errRate=  0.00% avg=   45.34 min=   45.34 max=   45.34 p50=   45.34 p95=   45.34 p99=   45.34 rps=   0.10
window 30s
  calc.additional.maxViewersSummary             n= 8045 err=   0 errRate=  0.00% avg=   34.98 min=   13.00 max=  283.49 p50=   24.96 p95=   92.84 p99=  142.28 rps= 268.17
  controller.AnalyticsController.maxViewersSummary n= 8045 err=   0 errRate=  0.00% avg=   35.27 min=   13.11 max=  283.61 p50=   25.28 p95=   93.00 p99=  142.41 rps= 268.17
  s2s.crud.fetchAllTickets                      n= 8045 err=   0 errRate=  0.00% avg=   34.84 min=   12.95 max=  283.46 p50=   24.87 p95=   92.80 p99=  142.25 rps= 268.17
  s2s.crud.fetchFilms                           n=    1 err=   0 errRate=  0.00% avg=   45.34 min=   45.34 max=   45.34 p50=   45.34 p95=   45.34 p99=   45.34 rps=   0.03
window 1m
  calc.additional.maxViewersSummary             n=15136 err=   0 errRate=  0.00% avg=   41.97 min=   13.00 max=  314.35 p50=   31.88 p95=  107.72 p99=  169.00 rps= 252.27
  controller.AnalyticsController.maxViewersSummary n=15136 err=   0 errRate=  0.00% avg=   42.33 min=   13.11 max=  314.48 p50=   32.26 p95=  107.98 p99=  169.25 rps= 252.27
  s2s.crud.fetchAllTickets                      n=15136 err=   0 errRate=  0.00% avg=   41.77 min=   12.95 max=  285.26 p50=   31.78 p95=  106.82 p99=  166.08 rps= 252.27
  s2s.crud.fetchFilms                           n=    2 err=   0 errRate=  0.00% avg=   94.66 min=   45.34 max=  143.98 p50=   94.66 p95=  139.05 p99=  143.00 rps=   0.03

2026-05-06T21:03:17.822Z  INFO 1 --- [lab8-additional-service] [   scheduling-1] r.h.l.a.o.ObservabilityService           : [lab8-additional-service] observability refresh
window 10s
  calc.additional.maxViewersSummary             n= 2349 err=   0 errRate=  0.00% avg=   27.72 min=   13.00 max=  159.68 p50=   21.91 p95=   61.02 p99=   90.87 rps= 234.90
  controller.AnalyticsController.maxViewersSummary n= 2349 err=   0 errRate=  0.00% avg=   27.96 min=   13.09 max=  159.77 p50=   22.25 p95=   61.38 p99=   91.09 rps= 234.90
  s2s.crud.fetchAllTickets                      n= 2349 err=   0 errRate=  0.00% avg=   27.37 min=   12.96 max=  159.65 p50=   21.85 p95=   59.53 p99=   90.84 rps= 234.90
  s2s.crud.fetchFilms                           n=    1 err=   0 errRate=  0.00% avg=   45.34 min=   45.34 max=   45.34 p50=   45.34 p95=   45.34 p99=   45.34 rps=   0.10
window 30s
  calc.additional.maxViewersSummary             n= 7909 err=   0 errRate=  0.00% avg=   34.61 min=   13.00 max=  283.49 p50=   24.82 p95=   90.65 p99=  140.63 rps= 263.63
  controller.AnalyticsController.maxViewersSummary n= 7909 err=   0 errRate=  0.00% avg=   34.88 min=   13.09 max=  283.61 p50=   25.12 p95=   90.93 p99=  141.47 rps= 263.63
  s2s.crud.fetchAllTickets                      n= 7909 err=   0 errRate=  0.00% avg=   34.46 min=   12.95 max=  283.46 p50=   24.76 p95=   90.62 p99=  140.59 rps= 263.63
  s2s.crud.fetchFilms                           n=    1 err=   0 errRate=  0.00% avg=   45.34 min=   45.34 max=   45.34 p50=   45.34 p95=   45.34 p99=   45.34 rps=   0.03
window 1m
  calc.additional.maxViewersSummary             n=15028 err=   0 errRate=  0.00% avg=   41.83 min=   13.00 max=  314.35 p50=   31.68 p95=  107.89 p99=  169.15 rps= 250.47
  controller.AnalyticsController.maxViewersSummary n=15028 err=   0 errRate=  0.00% avg=   42.18 min=   13.09 max=  314.48 p50=   32.03 p95=  108.09 p99=  169.48 rps= 250.47
  s2s.crud.fetchAllTickets                      n=15028 err=   0 errRate=  0.00% avg=   41.63 min=   12.95 max=  285.26 p50=   31.57 p95=  107.13 p99=  166.46 rps= 250.47
  s2s.crud.fetchFilms                           n=    2 err=   0 errRate=  0.00% avg=   94.66 min=   45.34 max=  143.98 p50=   94.66 p95=  139.05 p99=  143.00 rps=   0.03

2026-05-06T21:03:18.835Z  INFO 1 --- [lab8-additional-service] [   scheduling-1] r.h.l.a.o.ObservabilityService           : [lab8-additional-service] observability refresh
window 10s
  calc.additional.maxViewersSummary             n= 2199 err=   0 errRate=  0.00% avg=   28.35 min=   12.94 max=  159.68 p50=   22.34 p95=   63.71 p99=  100.00 rps= 219.90
  controller.AnalyticsController.maxViewersSummary n= 2199 err=   0 errRate=  0.00% avg=   28.58 min=   13.04 max=  159.77 p50=   22.63 p95=   63.87 p99=  100.10 rps= 219.90
  s2s.crud.fetchAllTickets                      n= 2199 err=   0 errRate=  0.00% avg=   27.97 min=   12.90 max=  159.65 p50=   22.22 p95=   61.56 p99=   99.97 rps= 219.90
  s2s.crud.fetchFilms                           n=    1 err=   0 errRate=  0.00% avg=   45.34 min=   45.34 max=   45.34 p50=   45.34 p95=   45.34 p99=   45.34 rps=   0.10
window 30s
  calc.additional.maxViewersSummary             n= 7740 err=   0 errRate=  0.00% avg=   35.16 min=   12.94 max=  283.49 p50=   25.41 p95=   91.79 p99=  142.12 rps= 258.00
  controller.AnalyticsController.maxViewersSummary n= 7740 err=   0 errRate=  0.00% avg=   35.43 min=   13.04 max=  283.61 p50=   25.71 p95=   91.90 p99=  142.26 rps= 258.00
  s2s.crud.fetchAllTickets                      n= 7740 err=   0 errRate=  0.00% avg=   35.01 min=   12.90 max=  283.46 p50=   25.32 p95=   91.76 p99=  142.09 rps= 258.00
  s2s.crud.fetchFilms                           n=    1 err=   0 errRate=  0.00% avg=   45.34 min=   45.34 max=   45.34 p50=   45.34 p95=   45.34 p99=   45.34 rps=   0.03
window 1m
  calc.additional.maxViewersSummary             n=14952 err=   0 errRate=  0.00% avg=   41.67 min=   12.94 max=  314.35 p50=   31.39 p95=  107.97 p99=  169.46 rps= 249.20
  controller.AnalyticsController.maxViewersSummary n=14952 err=   0 errRate=  0.00% avg=   42.02 min=   13.04 max=  314.48 p50=   31.83 p95=  108.13 p99=  169.93 rps= 249.20
  s2s.crud.fetchAllTickets                      n=14952 err=   0 errRate=  0.00% avg=   41.46 min=   12.90 max=  285.26 p50=   31.31 p95=  107.31 p99=  166.62 rps= 249.20
  s2s.crud.fetchFilms                           n=    2 err=   0 errRate=  0.00% avg=   94.66 min=   45.34 max=  143.98 p50=   94.66 p95=  139.05 p99=  143.00 rps=   0.03

2026-05-06T21:03:19.847Z  INFO 1 --- [lab8-additional-service] [   scheduling-1] r.h.l.a.o.ObservabilityService           : [lab8-additional-service] observability refresh
window 10s
  calc.additional.maxViewersSummary             n= 1958 err=   0 errRate=  0.00% avg=   30.99 min=   12.94 max=  271.50 p50=   22.49 p95=   72.97 p99=  152.33 rps= 195.80
  controller.AnalyticsController.maxViewersSummary n= 1958 err=   0 errRate=  0.00% avg=   31.22 min=   13.04 max=  271.67 p50=   22.90 p95=   73.08 p99=  152.50 rps= 195.80
  s2s.crud.fetchAllTickets                      n= 1958 err=   0 errRate=  0.00% avg=   30.57 min=   12.90 max=  271.46 p50=   22.42 p95=   70.27 p99=  152.29 rps= 195.80
  s2s.crud.fetchFilms                           n=    1 err=   0 errRate=  0.00% avg=   45.34 min=   45.34 max=   45.34 p50=   45.34 p95=   45.34 p99=   45.34 rps=   0.10
window 30s
  calc.additional.maxViewersSummary             n= 7525 err=   0 errRate=  0.00% avg=   35.79 min=   12.94 max=  283.49 p50=   25.05 p95=   95.25 p99=  150.58 rps= 250.83
  controller.AnalyticsController.maxViewersSummary n= 7525 err=   0 errRate=  0.00% avg=   36.05 min=   13.04 max=  283.61 p50=   25.30 p95=   95.58 p99=  150.73 rps= 250.83
  s2s.crud.fetchAllTickets                      n= 7525 err=   0 errRate=  0.00% avg=   35.65 min=   12.90 max=  283.46 p50=   24.95 p95=   95.22 p99=  150.48 rps= 250.83
  s2s.crud.fetchFilms                           n=    1 err=   0 errRate=  0.00% avg=   45.34 min=   45.34 max=   45.34 p50=   45.34 p95=   45.34 p99=   45.34 rps=   0.03
window 1m
  calc.additional.maxViewersSummary             n=14780 err=   0 errRate=  0.00% avg=   41.90 min=   12.94 max=  314.35 p50=   31.35 p95=  109.38 p99=  174.29 rps= 246.33
  controller.AnalyticsController.maxViewersSummary n=14780 err=   0 errRate=  0.00% avg=   42.25 min=   13.04 max=  314.48 p50=   31.80 p95=  109.65 p99=  174.66 rps= 246.33
  s2s.crud.fetchAllTickets                      n=14780 err=   0 errRate=  0.00% avg=   41.70 min=   12.90 max=  285.26 p50=   31.23 p95=  108.92 p99=  172.49 rps= 246.33
  s2s.crud.fetchFilms                           n=    2 err=   0 errRate=  0.00% avg=   94.66 min=   45.34 max=  143.98 p50=   94.66 p95=  139.05 p99=  143.00 rps=   0.03

2026-05-06T21:03:20.861Z  INFO 1 --- [lab8-additional-service] [   scheduling-1] r.h.l.a.o.ObservabilityService           : [lab8-additional-service] observability refresh
window 10s
  calc.additional.maxViewersSummary             n= 1704 err=   0 errRate=  0.00% avg=   32.02 min=   12.94 max=  365.82 p50=   24.49 p95=   73.45 p99=  152.88 rps= 170.40
  controller.AnalyticsController.maxViewersSummary n= 1704 err=   0 errRate=  0.00% avg=   32.26 min=   13.04 max=  366.29 p50=   24.77 p95=   73.73 p99=  153.19 rps= 170.40
  s2s.crud.fetchAllTickets                      n= 1704 err=   0 errRate=  0.00% avg=   31.55 min=   12.90 max=  365.77 p50=   24.30 p95=   72.69 p99=  152.84 rps= 170.40
  s2s.crud.fetchFilms                           n=    1 err=   0 errRate=  0.00% avg=   45.34 min=   45.34 max=   45.34 p50=   45.34 p95=   45.34 p99=   45.34 rps=   0.10
window 30s
  calc.additional.maxViewersSummary             n= 7228 err=   0 errRate=  0.00% avg=   36.57 min=   12.94 max=  365.82 p50=   25.64 p95=   97.59 p99=  152.23 rps= 240.93
  controller.AnalyticsController.maxViewersSummary n= 7228 err=   0 errRate=  0.00% avg=   36.83 min=   13.04 max=  366.29 p50=   25.95 p95=   97.90 p99=  152.35 rps= 240.93
  s2s.crud.fetchAllTickets                      n= 7228 err=   0 errRate=  0.00% avg=   36.42 min=   12.90 max=  365.77 p50=   25.56 p95=   97.55 p99=  152.20 rps= 240.93
  s2s.crud.fetchFilms                           n=    1 err=   0 errRate=  0.00% avg=   45.34 min=   45.34 max=   45.34 p50=   45.34 p95=   45.34 p99=   45.34 rps=   0.03
window 1m
  calc.additional.maxViewersSummary             n=14567 err=   0 errRate=  0.00% avg=   42.07 min=   12.94 max=  365.82 p50=   31.28 p95=  110.39 p99=  178.11 rps= 242.78
  controller.AnalyticsController.maxViewersSummary n=14567 err=   0 errRate=  0.00% avg=   42.41 min=   13.04 max=  366.29 p50=   31.75 p95=  110.71 p99=  178.63 rps= 242.78
  s2s.crud.fetchAllTickets                      n=14567 err=   0 errRate=  0.00% avg=   41.86 min=   12.90 max=  365.77 p50=   31.17 p95=  109.90 p99=  173.32 rps= 242.78
  s2s.crud.fetchFilms                           n=    2 err=   0 errRate=  0.00% avg=   94.66 min=   45.34 max=  143.98 p50=   94.66 p95=  139.05 p99=  143.00 rps=   0.03

2026-05-06T21:03:21.885Z  INFO 1 --- [lab8-additional-service] [   scheduling-1] r.h.l.a.o.ObservabilityService           : [lab8-additional-service] observability refresh
window 10s
  calc.additional.maxViewersSummary             n= 1492 err=   0 errRate=  0.00% avg=   36.19 min=   12.94 max=  365.82 p50=   27.01 p95=   87.13 p99=  206.72 rps= 149.20
  controller.AnalyticsController.maxViewersSummary n= 1491 err=   0 errRate=  0.00% avg=   36.44 min=   13.04 max=  366.29 p50=   27.20 p95=   87.32 p99=  206.83 rps= 149.10
  s2s.crud.fetchAllTickets                      n= 1492 err=   0 errRate=  0.00% avg=   35.67 min=   12.90 max=  365.77 p50=   26.74 p95=   87.09 p99=  206.68 rps= 149.20
  s2s.crud.fetchFilms                           n=    1 err=   0 errRate=  0.00% avg=   45.34 min=   45.34 max=   45.34 p50=   45.34 p95=   45.34 p99=   45.34 rps=   0.10
window 30s
  calc.additional.maxViewersSummary             n= 7037 err=   0 errRate=  0.00% avg=   37.43 min=   12.94 max=  365.82 p50=   26.22 p95=   99.90 p99=  159.04 rps= 234.57
  controller.AnalyticsController.maxViewersSummary n= 7036 err=   0 errRate=  0.00% avg=   37.69 min=   13.04 max=  366.29 p50=   26.48 p95=  100.09 p99=  159.20 rps= 234.53
  s2s.crud.fetchAllTickets                      n= 7037 err=   0 errRate=  0.00% avg=   37.28 min=   12.90 max=  365.77 p50=   26.15 p95=   99.87 p99=  158.99 rps= 234.57
  s2s.crud.fetchFilms                           n=    1 err=   0 errRate=  0.00% avg=   45.34 min=   45.34 max=   45.34 p50=   45.34 p95=   45.34 p99=   45.34 rps=   0.03
window 1m
  calc.additional.maxViewersSummary             n=14425 err=   0 errRate=  0.00% avg=   42.20 min=   12.94 max=  365.82 p50=   31.23 p95=  111.20 p99=  181.72 rps= 240.42
  controller.AnalyticsController.maxViewersSummary n=14424 err=   0 errRate=  0.00% avg=   42.54 min=   13.04 max=  366.29 p50=   31.68 p95=  111.63 p99=  181.99 rps= 240.40
  s2s.crud.fetchAllTickets                      n=14425 err=   0 errRate=  0.00% avg=   42.00 min=   12.90 max=  365.77 p50=   31.12 p95=  110.62 p99=  179.07 rps= 240.42
  s2s.crud.fetchFilms                           n=    2 err=   0 errRate=  0.00% avg=   94.66 min=   45.34 max=  143.98 p50=   94.66 p95=  139.05 p99=  143.00 rps=   0.03

2026-05-06T21:03:22.904Z  INFO 1 --- [lab8-additional-service] [   scheduling-1] r.h.l.a.o.ObservabilityService           : [lab8-additional-service] observability refresh
window 10s
  calc.additional.maxViewersSummary             n= 1353 err=   0 errRate=  0.00% avg=   36.83 min=   12.94 max=  365.82 p50=   26.99 p95=   90.25 p99=  209.86 rps= 135.30
  controller.AnalyticsController.maxViewersSummary n= 1352 err=   0 errRate=  0.00% avg=   37.09 min=   13.04 max=  366.29 p50=   27.13 p95=   90.54 p99=  210.05 rps= 135.20
  s2s.crud.fetchAllTickets                      n= 1353 err=   0 errRate=  0.00% avg=   36.26 min=   12.90 max=  365.77 p50=   26.72 p95=   90.22 p99=  209.82 rps= 135.30
  s2s.crud.fetchFilms                           n=    1 err=   0 errRate=  0.00% avg=   45.34 min=   45.34 max=   45.34 p50=   45.34 p95=   45.34 p99=   45.34 rps=   0.10
window 30s
  calc.additional.maxViewersSummary             n= 6999 err=   0 errRate=  0.00% avg=   36.61 min=   12.94 max=  365.82 p50=   25.58 p95=   98.98 p99=  157.44 rps= 233.30
  controller.AnalyticsController.maxViewersSummary n= 6998 err=   0 errRate=  0.00% avg=   36.87 min=   13.04 max=  366.29 p50=   25.83 p95=   99.21 p99=  157.61 rps= 233.27
  s2s.crud.fetchAllTickets                      n= 6999 err=   0 errRate=  0.00% avg=   36.46 min=   12.90 max=  365.77 p50=   25.46 p95=   98.94 p99=  157.41 rps= 233.30
  s2s.crud.fetchFilms                           n=    1 err=   0 errRate=  0.00% avg=   45.34 min=   45.34 max=   45.34 p50=   45.34 p95=   45.34 p99=   45.34 rps=   0.03
window 1m
  calc.additional.maxViewersSummary             n=14341 err=   0 errRate=  0.00% avg=   42.00 min=   12.94 max=  365.82 p50=   30.92 p95=  111.21 p99=  181.70 rps= 239.02
  controller.AnalyticsController.maxViewersSummary n=14340 err=   0 errRate=  0.00% avg=   42.34 min=   13.04 max=  366.29 p50=   31.31 p95=  111.65 p99=  181.96 rps= 239.00
  s2s.crud.fetchAllTickets                      n=14341 err=   0 errRate=  0.00% avg=   41.80 min=   12.90 max=  365.77 p50=   30.83 p95=  110.63 p99=  178.88 rps= 239.02
  s2s.crud.fetchFilms                           n=    2 err=   0 errRate=  0.00% avg=   94.66 min=   45.34 max=  143.98 p50=   94.66 p95=  139.05 p99=  143.00 rps=   0.03

2026-05-06T21:03:23.917Z  INFO 1 --- [lab8-additional-service] [   scheduling-1] r.h.l.a.o.ObservabilityService           : [lab8-additional-service] observability refresh
window 10s
  calc.additional.maxViewersSummary             n= 1295 err=   0 errRate=  0.00% avg=   36.68 min=   12.94 max=  365.82 p50=   26.59 p95=   92.67 p99=  212.90 rps= 129.50
  controller.AnalyticsController.maxViewersSummary n= 1295 err=   0 errRate=  0.00% avg=   36.92 min=   13.04 max=  366.29 p50=   26.69 p95=   93.00 p99=  213.08 rps= 129.50
  s2s.crud.fetchAllTickets                      n= 1295 err=   0 errRate=  0.00% avg=   36.63 min=   12.90 max=  365.77 p50=   26.55 p95=   92.63 p99=  212.85 rps= 129.50
window 30s
  calc.additional.maxViewersSummary             n= 6976 err=   0 errRate=  0.00% avg=   35.14 min=   12.94 max=  365.82 p50=   24.81 p95=   92.93 p99=  157.46 rps= 232.53
  controller.AnalyticsController.maxViewersSummary n= 6976 err=   0 errRate=  0.00% avg=   35.40 min=   13.04 max=  366.29 p50=   25.06 p95=   93.09 p99=  157.62 rps= 232.53
  s2s.crud.fetchAllTickets                      n= 6976 err=   0 errRate=  0.00% avg=   34.99 min=   12.90 max=  365.77 p50=   24.72 p95=   92.90 p99=  157.42 rps= 232.53
  s2s.crud.fetchFilms                           n=    1 err=   0 errRate=  0.00% avg=   45.34 min=   45.34 max=   45.34 p50=   45.34 p95=   45.34 p99=   45.34 rps=   0.03
window 1m
  calc.additional.maxViewersSummary             n=14213 err=   0 errRate=  0.00% avg=   41.93 min=   12.94 max=  365.82 p50=   30.76 p95=  111.52 p99=  181.93 rps= 236.88
  controller.AnalyticsController.maxViewersSummary n=14214 err=   0 errRate=  0.00% avg=   42.26 min=   13.04 max=  366.29 p50=   31.15 p95=  111.87 p99=  182.08 rps= 236.90
  s2s.crud.fetchAllTickets                      n=14213 err=   0 errRate=  0.00% avg=   41.72 min=   12.90 max=  365.77 p50=   30.69 p95=  110.85 p99=  179.39 rps= 236.88
  s2s.crud.fetchFilms                           n=    2 err=   0 errRate=  0.00% avg=   94.66 min=   45.34 max=  143.98 p50=   94.66 p95=  139.05 p99=  143.00 rps=   0.03

2026-05-06T21:03:24.927Z  INFO 1 --- [lab8-additional-service] [   scheduling-1] r.h.l.a.o.ObservabilityService           : [lab8-additional-service] observability refresh
window 10s
  calc.additional.maxViewersSummary             n= 1348 err=   0 errRate=  0.00% avg=   35.83 min=   12.94 max=  365.82 p50=   25.90 p95=   89.43 p99=  210.12 rps= 134.80
  controller.AnalyticsController.maxViewersSummary n= 1348 err=   0 errRate=  0.00% avg=   36.08 min=   13.04 max=  366.29 p50=   26.31 p95=   89.65 p99=  210.26 rps= 134.80
  s2s.crud.fetchAllTickets                      n= 1348 err=   0 errRate=  0.00% avg=   35.78 min=   12.90 max=  365.77 p50=   25.87 p95=   89.40 p99=  210.08 rps= 134.80
window 30s
  calc.additional.maxViewersSummary             n= 6854 err=   0 errRate=  0.00% avg=   34.56 min=   12.94 max=  365.82 p50=   24.50 p95=   89.33 p99=  154.91 rps= 228.47
  controller.AnalyticsController.maxViewersSummary n= 6854 err=   0 errRate=  0.00% avg=   34.81 min=   13.04 max=  366.29 p50=   24.81 p95=   89.90 p99=  155.09 rps= 228.47
  s2s.crud.fetchAllTickets                      n= 6854 err=   0 errRate=  0.00% avg=   34.40 min=   12.90 max=  365.77 p50=   24.44 p95=   89.30 p99=  154.87 rps= 228.47
  s2s.crud.fetchFilms                           n=    1 err=   0 errRate=  0.00% avg=   45.34 min=   45.34 max=   45.34 p50=   45.34 p95=   45.34 p99=   45.34 rps=   0.03
window 1m
  calc.additional.maxViewersSummary             n=14143 err=   0 errRate=  0.00% avg=   41.53 min=   12.94 max=  365.82 p50=   30.58 p95=  110.15 p99=  178.93 rps= 235.72
  controller.AnalyticsController.maxViewersSummary n=14143 err=   0 errRate=  0.00% avg=   41.86 min=   13.04 max=  366.29 p50=   30.89 p95=  110.58 p99=  179.29 rps= 235.72
  s2s.crud.fetchAllTickets                      n=14143 err=   0 errRate=  0.00% avg=   41.32 min=   12.90 max=  365.77 p50=   30.48 p95=  109.48 p99=  173.38 rps= 235.72
  s2s.crud.fetchFilms                           n=    2 err=   0 errRate=  0.00% avg=   94.66 min=   45.34 max=  143.98 p50=   94.66 p95=  139.05 p99=  143.00 rps=   0.03

2026-05-06T21:03:25.945Z  INFO 1 --- [lab8-additional-service] [   scheduling-1] r.h.l.a.o.ObservabilityService           : [lab8-additional-service] observability refresh
window 10s
  calc.additional.maxViewersSummary             n= 1360 err=   0 errRate=  0.00% avg=   34.43 min=   12.94 max=  365.82 p50=   23.89 p95=   88.97 p99=  209.49 rps= 136.00
  controller.AnalyticsController.maxViewersSummary n= 1360 err=   0 errRate=  0.00% avg=   34.67 min=   13.04 max=  366.29 p50=   24.14 p95=   89.11 p99=  209.62 rps= 136.00
  s2s.crud.fetchAllTickets                      n= 1360 err=   0 errRate=  0.00% avg=   34.38 min=   12.90 max=  365.77 p50=   23.84 p95=   88.94 p99=  209.45 rps= 136.00
window 30s
  calc.additional.maxViewersSummary             n= 6730 err=   0 errRate=  0.00% avg=   34.10 min=   12.94 max=  365.82 p50=   24.15 p95=   87.48 p99=  154.64 rps= 224.33
  controller.AnalyticsController.maxViewersSummary n= 6730 err=   0 errRate=  0.00% avg=   34.35 min=   13.04 max=  366.29 p50=   24.41 p95=   87.71 p99=  154.78 rps= 224.33
  s2s.crud.fetchAllTickets                      n= 6730 err=   0 errRate=  0.00% avg=   33.94 min=   12.90 max=  365.77 p50=   24.09 p95=   87.44 p99=  154.60 rps= 224.33
  s2s.crud.fetchFilms                           n=    1 err=   0 errRate=  0.00% avg=   45.34 min=   45.34 max=   45.34 p50=   45.34 p95=   45.34 p99=   45.34 rps=   0.03
window 1m
  calc.additional.maxViewersSummary             n=14014 err=   0 errRate=  0.00% avg=   41.43 min=   12.94 max=  365.82 p50=   30.36 p95=  110.43 p99=  179.46 rps= 233.57
  controller.AnalyticsController.maxViewersSummary n=14014 err=   0 errRate=  0.00% avg=   41.76 min=   13.04 max=  366.29 p50=   30.73 p95=  110.74 p99=  179.77 rps= 233.57
  s2s.crud.fetchAllTickets                      n=14014 err=   0 errRate=  0.00% avg=   41.22 min=   12.90 max=  365.77 p50=   30.25 p95=  109.97 p99=  173.61 rps= 233.57
  s2s.crud.fetchFilms                           n=    2 err=   0 errRate=  0.00% avg=   94.66 min=   45.34 max=  143.98 p50=   94.66 p95=  139.05 p99=  143.00 rps=   0.03

2026-05-06T21:03:26.793Z  INFO 1 --- [lab8-additional-service] [   scheduling-1] r.h.l.a.service.FilmCacheService         : film-cache stats: size=310 ttlMs=30000 lastRefreshAtMs=1778101393796 hits=22401 misses=4 refreshes=4
2026-05-06T21:03:26.956Z  INFO 1 --- [lab8-additional-service] [   scheduling-1] r.h.l.a.o.ObservabilityService           : [lab8-additional-service] observability refresh
window 10s
  calc.additional.maxViewersSummary             n= 1356 err=   0 errRate=  0.00% avg=   34.08 min=   12.94 max=  365.82 p50=   23.13 p95=   89.13 p99=  209.70 rps= 135.60
  controller.AnalyticsController.maxViewersSummary n= 1356 err=   0 errRate=  0.00% avg=   34.32 min=   13.04 max=  366.29 p50=   23.43 p95=   89.29 p99=  209.83 rps= 135.60
  s2s.crud.fetchAllTickets                      n= 1356 err=   0 errRate=  0.00% avg=   34.03 min=   12.90 max=  365.77 p50=   23.08 p95=   89.09 p99=  209.66 rps= 135.60
window 30s
  calc.additional.maxViewersSummary             n= 6530 err=   0 errRate=  0.00% avg=   34.64 min=   12.94 max=  365.82 p50=   24.78 p95=   88.80 p99=  155.07 rps= 217.67
  controller.AnalyticsController.maxViewersSummary n= 6530 err=   0 errRate=  0.00% avg=   34.88 min=   13.04 max=  366.29 p50=   25.02 p95=   89.15 p99=  155.25 rps= 217.67
  s2s.crud.fetchAllTickets                      n= 6530 err=   0 errRate=  0.00% avg=   34.48 min=   12.90 max=  365.77 p50=   24.69 p95=   88.76 p99=  155.03 rps= 217.67
  s2s.crud.fetchFilms                           n=    1 err=   0 errRate=  0.00% avg=   45.34 min=   45.34 max=   45.34 p50=   45.34 p95=   45.34 p99=   45.34 rps=   0.03
window 1m
  calc.additional.maxViewersSummary             n=13971 err=   0 errRate=  0.00% avg=   40.97 min=   12.94 max=  365.82 p50=   29.85 p95=  109.86 p99=  179.44 rps= 232.85
  controller.AnalyticsController.maxViewersSummary n=13971 err=   0 errRate=  0.00% avg=   41.29 min=   13.04 max=  366.29 p50=   30.19 p95=  110.20 p99=  179.64 rps= 232.85
  s2s.crud.fetchAllTickets                      n=13971 err=   0 errRate=  0.00% avg=   40.76 min=   12.90 max=  365.77 p50=   29.76 p95=  109.29 p99=  173.46 rps= 232.85
  s2s.crud.fetchFilms                           n=    2 err=   0 errRate=  0.00% avg=   94.66 min=   45.34 max=  143.98 p50=   94.66 p95=  139.05 p99=  143.00 rps=   0.03

2026-05-06T21:03:27.970Z  INFO 1 --- [lab8-additional-service] [   scheduling-1] r.h.l.a.o.ObservabilityService           : [lab8-additional-service] observability refresh
window 10s
  calc.additional.maxViewersSummary             n= 1385 err=   0 errRate=  0.00% avg=   32.94 min=   12.94 max=  365.82 p50=   21.29 p95=   88.64 p99=  208.17 rps= 138.50
  controller.AnalyticsController.maxViewersSummary n= 1385 err=   0 errRate=  0.00% avg=   33.17 min=   13.04 max=  366.29 p50=   21.59 p95=   88.82 p99=  208.28 rps= 138.50
  s2s.crud.fetchAllTickets                      n= 1385 err=   0 errRate=  0.00% avg=   32.89 min=   12.90 max=  365.77 p50=   21.23 p95=   88.60 p99=  208.13 rps= 138.50
window 30s
  calc.additional.maxViewersSummary             n= 6400 err=   0 errRate=  0.00% avg=   34.54 min=   12.94 max=  365.82 p50=   24.67 p95=   89.12 p99=  156.93 rps= 213.33
  controller.AnalyticsController.maxViewersSummary n= 6400 err=   0 errRate=  0.00% avg=   34.79 min=   13.04 max=  366.29 p50=   24.93 p95=   89.37 p99=  157.04 rps= 213.33
  s2s.crud.fetchAllTickets                      n= 6400 err=   0 errRate=  0.00% avg=   34.38 min=   12.90 max=  365.77 p50=   24.60 p95=   89.07 p99=  156.90 rps= 213.33
  s2s.crud.fetchFilms                           n=    1 err=   0 errRate=  0.00% avg=   45.34 min=   45.34 max=   45.34 p50=   45.34 p95=   45.34 p99=   45.34 rps=   0.03
window 1m
  calc.additional.maxViewersSummary             n=13923 err=   0 errRate=  0.00% avg=   40.54 min=   12.94 max=  365.82 p50=   29.21 p95=  109.85 p99=  179.45 rps= 232.05
  controller.AnalyticsController.maxViewersSummary n=13923 err=   0 errRate=  0.00% avg=   40.86 min=   13.04 max=  366.29 p50=   29.58 p95=  110.19 p99=  179.75 rps= 232.05
  s2s.crud.fetchAllTickets                      n=13923 err=   0 errRate=  0.00% avg=   40.33 min=   12.90 max=  365.77 p50=   29.13 p95=  109.27 p99=  173.59 rps= 232.05
  s2s.crud.fetchFilms                           n=    2 err=   0 errRate=  0.00% avg=   94.66 min=   45.34 max=  143.98 p50=   94.66 p95=  139.05 p99=  143.00 rps=   0.03

2026-05-06T21:03:28.981Z  INFO 1 --- [lab8-additional-service] [   scheduling-1] r.h.l.a.o.ObservabilityService           : [lab8-additional-service] observability refresh
window 10s
  calc.additional.maxViewersSummary             n= 1364 err=   0 errRate=  0.00% avg=   32.47 min=   13.06 max=  365.82 p50=   21.60 p95=   87.41 p99=  214.43 rps= 136.40
  controller.AnalyticsController.maxViewersSummary n= 1364 err=   0 errRate=  0.00% avg=   32.70 min=   13.17 max=  366.29 p50=   21.84 p95=   87.57 p99=  214.58 rps= 136.40
  s2s.crud.fetchAllTickets                      n= 1364 err=   0 errRate=  0.00% avg=   32.41 min=   13.01 max=  365.77 p50=   21.57 p95=   87.37 p99=  214.38 rps= 136.40
window 30s
  calc.additional.maxViewersSummary             n= 6263 err=   0 errRate=  0.00% avg=   34.02 min=   12.94 max=  365.82 p50=   24.23 p95=   87.51 p99=  157.90 rps= 208.77
  controller.AnalyticsController.maxViewersSummary n= 6263 err=   0 errRate=  0.00% avg=   34.27 min=   13.04 max=  366.29 p50=   24.55 p95=   87.73 p99=  158.03 rps= 208.77
  s2s.crud.fetchAllTickets                      n= 6263 err=   0 errRate=  0.00% avg=   33.86 min=   12.90 max=  365.77 p50=   24.19 p95=   87.47 p99=  157.86 rps= 208.77
  s2s.crud.fetchFilms                           n=    1 err=   0 errRate=  0.00% avg=   45.34 min=   45.34 max=   45.34 p50=   45.34 p95=   45.34 p99=   45.34 rps=   0.03
window 1m
  calc.additional.maxViewersSummary             n=13803 err=   0 errRate=  0.00% avg=   40.33 min=   12.94 max=  365.82 p50=   28.99 p95=  110.07 p99=  180.12 rps= 230.05
  controller.AnalyticsController.maxViewersSummary n=13803 err=   0 errRate=  0.00% avg=   40.64 min=   13.04 max=  366.29 p50=   29.31 p95=  110.37 p99=  180.24 rps= 230.05
  s2s.crud.fetchAllTickets                      n=13803 err=   0 errRate=  0.00% avg=   40.12 min=   12.90 max=  365.77 p50=   28.87 p95=  109.32 p99=  174.10 rps= 230.05
  s2s.crud.fetchFilms                           n=    2 err=   0 errRate=  0.00% avg=   94.66 min=   45.34 max=  143.98 p50=   94.66 p95=  139.05 p99=  143.00 rps=   0.03

2026-05-06T21:03:29.992Z  INFO 1 --- [lab8-additional-service] [   scheduling-1] r.h.l.a.o.ObservabilityService           : [lab8-additional-service] observability refresh
window 10s
  calc.additional.maxViewersSummary             n= 1406 err=   0 errRate=  0.00% avg=   30.15 min=   13.06 max=  365.82 p50=   21.64 p95=   75.19 p99=  164.24 rps= 140.60
  controller.AnalyticsController.maxViewersSummary n= 1406 err=   0 errRate=  0.00% avg=   30.39 min=   13.17 max=  366.29 p50=   21.91 p95=   75.32 p99=  164.73 rps= 140.60
  s2s.crud.fetchAllTickets                      n= 1406 err=   0 errRate=  0.00% avg=   30.10 min=   13.01 max=  365.77 p50=   21.59 p95=   75.15 p99=  164.19 rps= 140.60
window 30s
  calc.additional.maxViewersSummary             n= 6157 err=   0 errRate=  0.00% avg=   33.25 min=   12.94 max=  365.82 p50=   23.51 p95=   85.72 p99=  157.15 rps= 205.23
  controller.AnalyticsController.maxViewersSummary n= 6157 err=   0 errRate=  0.00% avg=   33.50 min=   13.04 max=  366.29 p50=   23.81 p95=   85.95 p99=  157.29 rps= 205.23
  s2s.crud.fetchAllTickets                      n= 6157 err=   0 errRate=  0.00% avg=   33.09 min=   12.90 max=  365.77 p50=   23.46 p95=   85.66 p99=  157.12 rps= 205.23
  s2s.crud.fetchFilms                           n=    1 err=   0 errRate=  0.00% avg=   45.34 min=   45.34 max=   45.34 p50=   45.34 p95=   45.34 p99=   45.34 rps=   0.03
window 1m
  calc.additional.maxViewersSummary             n=13702 err=   0 errRate=  0.00% avg=   40.00 min=   12.94 max=  365.82 p50=   28.59 p95=  109.48 p99=  180.30 rps= 228.37
  controller.AnalyticsController.maxViewersSummary n=13702 err=   0 errRate=  0.00% avg=   40.31 min=   13.04 max=  366.29 p50=   28.95 p95=  109.83 p99=  180.62 rps= 228.37
  s2s.crud.fetchAllTickets                      n=13702 err=   0 errRate=  0.00% avg=   39.80 min=   12.90 max=  365.77 p50=   28.51 p95=  108.97 p99=  174.25 rps= 228.37
  s2s.crud.fetchFilms                           n=    2 err=   0 errRate=  0.00% avg=   94.66 min=   45.34 max=  143.98 p50=   94.66 p95=  139.05 p99=  143.00 rps=   0.03

2026-05-06T21:03:31.003Z  INFO 1 --- [lab8-additional-service] [   scheduling-1] r.h.l.a.o.ObservabilityService           : [lab8-additional-service] observability refresh
window 10s
  calc.additional.maxViewersSummary             n= 1519 err=   0 errRate=  0.00% avg=   26.82 min=   13.06 max=  321.31 p50=   21.13 p95=   53.12 p99=  105.92 rps= 151.90
  controller.AnalyticsController.maxViewersSummary n= 1519 err=   0 errRate=  0.00% avg=   27.06 min=   13.17 max=  321.70 p50=   21.47 p95=   53.22 p99=  106.07 rps= 151.90
  s2s.crud.fetchAllTickets                      n= 1519 err=   0 errRate=  0.00% avg=   26.77 min=   13.01 max=  321.24 p50=   21.08 p95=   53.09 p99=  105.88 rps= 151.90
window 30s
  calc.additional.maxViewersSummary             n= 6031 err=   0 errRate=  0.00% avg=   32.79 min=   12.94 max=  365.82 p50=   23.31 p95=   85.50 p99=  157.49 rps= 201.03
  controller.AnalyticsController.maxViewersSummary n= 6031 err=   0 errRate=  0.00% avg=   33.03 min=   13.04 max=  366.29 p50=   23.65 p95=   85.78 p99=  157.64 rps= 201.03
  s2s.crud.fetchAllTickets                      n= 6031 err=   0 errRate=  0.00% avg=   32.62 min=   12.90 max=  365.77 p50=   23.26 p95=   85.47 p99=  157.45 rps= 201.03
  s2s.crud.fetchFilms                           n=    1 err=   0 errRate=  0.00% avg=   45.34 min=   45.34 max=   45.34 p50=   45.34 p95=   45.34 p99=   45.34 rps=   0.03
window 1m
  calc.additional.maxViewersSummary             n=13623 err=   0 errRate=  0.00% avg=   39.61 min=   12.94 max=  365.82 p50=   28.28 p95=  109.25 p99=  180.32 rps= 227.05
  controller.AnalyticsController.maxViewersSummary n=13623 err=   0 errRate=  0.00% avg=   39.92 min=   13.04 max=  366.29 p50=   28.57 p95=  109.49 p99=  180.63 rps= 227.05
  s2s.crud.fetchAllTickets                      n=13623 err=   0 errRate=  0.00% avg=   39.40 min=   12.90 max=  365.77 p50=   28.21 p95=  108.50 p99=  174.27 rps= 227.05
  s2s.crud.fetchFilms                           n=    2 err=   0 errRate=  0.00% avg=   94.66 min=   45.34 max=  143.98 p50=   94.66 p95=  139.05 p99=  143.00 rps=   0.03

2026-05-06T21:03:32.017Z  INFO 1 --- [lab8-additional-service] [   scheduling-1] r.h.l.a.o.ObservabilityService           : [lab8-additional-service] observability refresh
window 10s
  calc.additional.maxViewersSummary             n= 1506 err=   0 errRate=  0.00% avg=   25.25 min=   13.06 max=  231.68 p50=   20.65 p95=   48.98 p99=   80.29 rps= 150.60
  controller.AnalyticsController.maxViewersSummary n= 1506 err=   0 errRate=  0.00% avg=   25.48 min=   13.17 max=  231.87 p50=   20.83 p95=   49.31 p99=   80.74 rps= 150.60
  s2s.crud.fetchAllTickets                      n= 1506 err=   0 errRate=  0.00% avg=   25.19 min=   13.01 max=  231.64 p50=   20.61 p95=   48.93 p99=   80.23 rps= 150.60
window 30s
  calc.additional.maxViewersSummary             n= 5850 err=   0 errRate=  0.00% avg=   32.97 min=   12.94 max=  365.82 p50=   23.34 p95=   86.46 p99=  160.05 rps= 195.00
  controller.AnalyticsController.maxViewersSummary n= 5850 err=   0 errRate=  0.00% avg=   33.22 min=   13.04 max=  366.29 p50=   23.66 p95=   86.83 p99=  160.14 rps= 195.00
  s2s.crud.fetchAllTickets                      n= 5850 err=   0 errRate=  0.00% avg=   32.80 min=   12.90 max=  365.77 p50=   23.29 p95=   86.39 p99=  160.02 rps= 195.00
  s2s.crud.fetchFilms                           n=    1 err=   0 errRate=  0.00% avg=   45.34 min=   45.34 max=   45.34 p50=   45.34 p95=   45.34 p99=   45.34 rps=   0.03
window 1m
  calc.additional.maxViewersSummary             n=13524 err=   0 errRate=  0.00% avg=   39.24 min=   12.94 max=  365.82 p50=   27.87 p95=  108.79 p99=  180.77 rps= 225.40
  controller.AnalyticsController.maxViewersSummary n=13524 err=   0 errRate=  0.00% avg=   39.55 min=   13.04 max=  366.29 p50=   28.24 p95=  109.19 p99=  181.03 rps= 225.40
  s2s.crud.fetchAllTickets                      n=13524 err=   0 errRate=  0.00% avg=   39.03 min=   12.90 max=  365.77 p50=   27.75 p95=  108.34 p99=  174.57 rps= 225.40
  s2s.crud.fetchFilms                           n=    2 err=   0 errRate=  0.00% avg=   94.66 min=   45.34 max=  143.98 p50=   94.66 p95=  139.05 p99=  143.00 rps=   0.03

2026-05-06T21:03:33.029Z  INFO 1 --- [lab8-additional-service] [   scheduling-1] r.h.l.a.o.ObservabilityService           : [lab8-additional-service] observability refresh
window 10s
  calc.additional.maxViewersSummary             n= 1502 err=   0 errRate=  0.00% avg=   25.15 min=   13.06 max=  250.27 p50=   19.89 p95=   49.27 p99=   89.28 rps= 150.20
  controller.AnalyticsController.maxViewersSummary n= 1502 err=   0 errRate=  0.00% avg=   25.38 min=   13.17 max=  250.42 p50=   20.11 p95=   49.52 p99=   89.43 rps= 150.20
  s2s.crud.fetchAllTickets                      n= 1502 err=   0 errRate=  0.00% avg=   25.09 min=   13.01 max=  250.23 p50=   19.85 p95=   49.24 p99=   89.23 rps= 150.20
window 30s
  calc.additional.maxViewersSummary             n= 5868 err=   0 errRate=  0.00% avg=   30.82 min=   12.94 max=  365.82 p50=   22.43 p95=   75.56 p99=  149.81 rps= 195.60
  controller.AnalyticsController.maxViewersSummary n= 5868 err=   0 errRate=  0.00% avg=   31.06 min=   13.04 max=  366.29 p50=   22.72 p95=   75.73 p99=  149.99 rps= 195.60
  s2s.crud.fetchAllTickets                      n= 5868 err=   0 errRate=  0.00% avg=   30.65 min=   12.90 max=  365.77 p50=   22.38 p95=   75.01 p99=  149.73 rps= 195.60
  s2s.crud.fetchFilms                           n=    1 err=   0 errRate=  0.00% avg=   45.34 min=   45.34 max=   45.34 p50=   45.34 p95=   45.34 p99=   45.34 rps=   0.03
window 1m
  calc.additional.maxViewersSummary             n=13417 err=   0 errRate=  0.00% avg=   39.10 min=   12.94 max=  365.82 p50=   27.46 p95=  109.39 p99=  181.63 rps= 223.62
  controller.AnalyticsController.maxViewersSummary n=13417 err=   0 errRate=  0.00% avg=   39.40 min=   13.04 max=  366.29 p50=   27.82 p95=  109.66 p99=  181.88 rps= 223.62
  s2s.crud.fetchAllTickets                      n=13417 err=   0 errRate=  0.00% avg=   38.89 min=   12.90 max=  365.77 p50=   27.37 p95=  108.64 p99=  177.91 rps= 223.62
  s2s.crud.fetchFilms                           n=    2 err=   0 errRate=  0.00% avg=   94.66 min=   45.34 max=  143.98 p50=   94.66 p95=  139.05 p99=  143.00 rps=   0.03

2026-05-06T21:03:34.049Z  INFO 1 --- [lab8-additional-service] [   scheduling-1] r.h.l.a.o.ObservabilityService           : [lab8-additional-service] observability refresh
window 10s
  calc.additional.maxViewersSummary             n= 1551 err=   0 errRate=  0.00% avg=   24.16 min=   13.00 max=  250.27 p50=   18.82 p95=   48.12 p99=   88.27 rps= 155.10
  controller.AnalyticsController.maxViewersSummary n= 1550 err=   0 errRate=  0.00% avg=   24.39 min=   13.10 max=  250.42 p50=   19.03 p95=   48.73 p99=   88.43 rps= 155.00
  s2s.crud.fetchAllTickets                      n= 1551 err=   0 errRate=  0.00% avg=   24.11 min=   12.97 max=  250.23 p50=   18.76 p95=   48.08 p99=   88.23 rps= 155.10
window 30s
  calc.additional.maxViewersSummary             n= 5758 err=   0 errRate=  0.00% avg=   30.11 min=   12.94 max=  365.82 p50=   22.43 p95=   72.01 p99=  137.34 rps= 191.93
  controller.AnalyticsController.maxViewersSummary n= 5757 err=   0 errRate=  0.00% avg=   30.35 min=   13.04 max=  366.29 p50=   22.74 p95=   72.14 p99=  137.82 rps= 191.90
  s2s.crud.fetchAllTickets                      n= 5758 err=   0 errRate=  0.00% avg=   29.93 min=   12.90 max=  365.77 p50=   22.38 p95=   70.36 p99=  137.30 rps= 191.93
  s2s.crud.fetchFilms                           n=    1 err=   0 errRate=  0.00% avg=   45.34 min=   45.34 max=   45.34 p50=   45.34 p95=   45.34 p99=   45.34 rps=   0.03
window 1m
  calc.additional.maxViewersSummary             n=13335 err=   0 errRate=  0.00% avg=   38.90 min=   12.94 max=  365.82 p50=   27.07 p95=  109.57 p99=  181.71 rps= 222.25
  controller.AnalyticsController.maxViewersSummary n=13334 err=   0 errRate=  0.00% avg=   39.20 min=   13.04 max=  366.29 p50=   27.41 p95=  110.03 p99=  181.97 rps= 222.23
  s2s.crud.fetchAllTickets                      n=13335 err=   0 errRate=  0.00% avg=   38.69 min=   12.90 max=  365.77 p50=   26.98 p95=  109.01 p99=  178.10 rps= 222.25
  s2s.crud.fetchFilms                           n=    2 err=   0 errRate=  0.00% avg=   94.66 min=   45.34 max=  143.98 p50=   94.66 p95=  139.05 p99=  143.00 rps=   0.03

2026-05-06T21:03:35.059Z  INFO 1 --- [lab8-additional-service] [   scheduling-1] r.h.l.a.o.ObservabilityService           : [lab8-additional-service] observability refresh
window 10s
  calc.additional.maxViewersSummary             n= 1583 err=   0 errRate=  0.00% avg=   23.36 min=   13.00 max=  250.27 p50=   17.92 p95=   46.54 p99=   87.62 rps= 158.30
  controller.AnalyticsController.maxViewersSummary n= 1583 err=   0 errRate=  0.00% avg=   23.57 min=   13.10 max=  250.42 p50=   18.14 p95=   46.64 p99=   87.75 rps= 158.30
  s2s.crud.fetchAllTickets                      n= 1583 err=   0 errRate=  0.00% avg=   23.31 min=   12.97 max=  250.23 p50=   17.85 p95=   46.51 p99=   87.58 rps= 158.30
window 30s
  calc.additional.maxViewersSummary             n= 5608 err=   0 errRate=  0.00% avg=   30.08 min=   12.94 max=  365.82 p50=   22.30 p95=   72.61 p99=  138.48 rps= 186.93
  controller.AnalyticsController.maxViewersSummary n= 5608 err=   0 errRate=  0.00% avg=   30.31 min=   13.04 max=  366.29 p50=   22.55 p95=   72.96 p99=  138.90 rps= 186.93
  s2s.crud.fetchAllTickets                      n= 5608 err=   0 errRate=  0.00% avg=   29.90 min=   12.90 max=  365.77 p50=   22.22 p95=   72.03 p99=  138.44 rps= 186.93
  s2s.crud.fetchFilms                           n=    1 err=   0 errRate=  0.00% avg=   45.34 min=   45.34 max=   45.34 p50=   45.34 p95=   45.34 p99=   45.34 rps=   0.03
window 1m
  calc.additional.maxViewersSummary             n=13256 err=   0 errRate=  0.00% avg=   38.58 min=   12.94 max=  365.82 p50=   26.66 p95=  109.47 p99=  181.84 rps= 220.93
  controller.AnalyticsController.maxViewersSummary n=13256 err=   0 errRate=  0.00% avg=   38.88 min=   13.04 max=  366.29 p50=   26.97 p95=  109.79 p99=  182.05 rps= 220.93
  s2s.crud.fetchAllTickets                      n=13256 err=   0 errRate=  0.00% avg=   38.37 min=   12.90 max=  365.77 p50=   26.58 p95=  108.80 p99=  178.70 rps= 220.93
  s2s.crud.fetchFilms                           n=    2 err=   0 errRate=  0.00% avg=   94.66 min=   45.34 max=  143.98 p50=   94.66 p95=  139.05 p99=  143.00 rps=   0.03

2026-05-06T21:03:36.074Z  INFO 1 --- [lab8-additional-service] [   scheduling-1] r.h.l.a.o.ObservabilityService           : [lab8-additional-service] observability refresh
window 10s
  calc.additional.maxViewersSummary             n= 1618 err=   0 errRate=  0.00% avg=   22.71 min=   13.00 max=  250.27 p50=   17.35 p95=   45.50 p99=   86.07 rps= 161.80
  controller.AnalyticsController.maxViewersSummary n= 1618 err=   0 errRate=  0.00% avg=   22.91 min=   13.10 max=  250.42 p50=   17.55 p95=   45.77 p99=   86.25 rps= 161.80
  s2s.crud.fetchAllTickets                      n= 1618 err=   0 errRate=  0.00% avg=   22.66 min=   12.97 max=  250.23 p50=   17.30 p95=   45.45 p99=   86.03 rps= 161.80
window 30s
  calc.additional.maxViewersSummary             n= 5548 err=   0 errRate=  0.00% avg=   28.75 min=   12.94 max=  365.82 p50=   21.00 p95=   67.65 p99=  127.47 rps= 184.93
  controller.AnalyticsController.maxViewersSummary n= 5548 err=   0 errRate=  0.00% avg=   28.99 min=   13.04 max=  366.29 p50=   21.28 p95=   67.80 p99=  127.59 rps= 184.93
  s2s.crud.fetchAllTickets                      n= 5548 err=   0 errRate=  0.00% avg=   28.58 min=   12.90 max=  365.77 p50=   20.95 p95=   65.50 p99=  127.43 rps= 184.93
  s2s.crud.fetchFilms                           n=    1 err=   0 errRate=  0.00% avg=   45.34 min=   45.34 max=   45.34 p50=   45.34 p95=   45.34 p99=   45.34 rps=   0.03
window 1m
  calc.additional.maxViewersSummary             n=13247 err=   0 errRate=  0.00% avg=   37.64 min=   12.94 max=  365.82 p50=   26.08 p95=  106.15 p99=  173.95 rps= 220.78
  controller.AnalyticsController.maxViewersSummary n=13247 err=   0 errRate=  0.00% avg=   37.93 min=   13.04 max=  366.29 p50=   26.39 p95=  106.31 p99=  174.47 rps= 220.78
  s2s.crud.fetchAllTickets                      n=13247 err=   0 errRate=  0.00% avg=   37.43 min=   12.90 max=  365.77 p50=   26.02 p95=  105.22 p99=  171.77 rps= 220.78
  s2s.crud.fetchFilms                           n=    2 err=   0 errRate=  0.00% avg=   94.66 min=   45.34 max=  143.98 p50=   94.66 p95=  139.05 p99=  143.00 rps=   0.03

2026-05-06T21:03:36.793Z  INFO 1 --- [lab8-additional-service] [   scheduling-1] r.h.l.a.service.FilmCacheService         : film-cache stats: size=310 ttlMs=30000 lastRefreshAtMs=1778101393796 hits=24022 misses=4 refreshes=4
2026-05-06T21:03:37.086Z  INFO 1 --- [lab8-additional-service] [   scheduling-1] r.h.l.a.o.ObservabilityService           : [lab8-additional-service] observability refresh
window 10s
  calc.additional.maxViewersSummary             n= 1605 err=   0 errRate=  0.00% avg=   23.11 min=   13.00 max=  250.27 p50=   17.46 p95=   49.32 p99=   86.97 rps= 160.50
  controller.AnalyticsController.maxViewersSummary n= 1605 err=   0 errRate=  0.00% avg=   23.31 min=   13.10 max=  250.42 p50=   17.68 p95=   49.60 p99=   87.11 rps= 160.50
  s2s.crud.fetchAllTickets                      n= 1605 err=   0 errRate=  0.00% avg=   23.06 min=   12.97 max=  250.23 p50=   17.40 p95=   49.27 p99=   86.93 rps= 160.50
window 30s
  calc.additional.maxViewersSummary             n= 5430 err=   0 errRate=  0.00% avg=   28.17 min=   12.94 max=  365.82 p50=   20.48 p95=   63.78 p99=  128.19 rps= 181.00
  controller.AnalyticsController.maxViewersSummary n= 5430 err=   0 errRate=  0.00% avg=   28.40 min=   13.04 max=  366.29 p50=   20.78 p95=   63.98 p99=  128.34 rps= 181.00
  s2s.crud.fetchAllTickets                      n= 5430 err=   0 errRate=  0.00% avg=   27.99 min=   12.90 max=  365.77 p50=   20.44 p95=   62.63 p99=  128.15 rps= 181.00
  s2s.crud.fetchFilms                           n=    1 err=   0 errRate=  0.00% avg=   45.34 min=   45.34 max=   45.34 p50=   45.34 p95=   45.34 p99=   45.34 rps=   0.03
window 1m
  calc.additional.maxViewersSummary             n=13123 err=   0 errRate=  0.00% avg=   37.59 min=   12.94 max=  365.82 p50=   25.90 p95=  106.55 p99=  174.26 rps= 218.72
  controller.AnalyticsController.maxViewersSummary n=13123 err=   0 errRate=  0.00% avg=   37.88 min=   13.04 max=  366.29 p50=   26.18 p95=  106.74 p99=  174.67 rps= 218.72
  s2s.crud.fetchAllTickets                      n=13123 err=   0 errRate=  0.00% avg=   37.37 min=   12.90 max=  365.77 p50=   25.84 p95=  105.56 p99=  172.33 rps= 218.72
  s2s.crud.fetchFilms                           n=    2 err=   0 errRate=  0.00% avg=   94.66 min=   45.34 max=  143.98 p50=   94.66 p95=  139.05 p99=  143.00 rps=   0.03

2026-05-06T21:03:38.097Z  INFO 1 --- [lab8-additional-service] [   scheduling-1] r.h.l.a.o.ObservabilityService           : [lab8-additional-service] observability refresh
window 10s
  calc.additional.maxViewersSummary             n= 1562 err=   0 errRate=  0.00% avg=   25.00 min=   13.00 max=  250.27 p50=   18.45 p95=   54.32 p99=   91.78 rps= 156.20
  controller.AnalyticsController.maxViewersSummary n= 1562 err=   0 errRate=  0.00% avg=   25.21 min=   13.10 max=  250.42 p50=   18.59 p95=   54.52 p99=   91.90 rps= 156.20
  s2s.crud.fetchAllTickets                      n= 1562 err=   0 errRate=  0.00% avg=   24.94 min=   12.97 max=  250.23 p50=   18.41 p95=   54.28 p99=   91.73 rps= 156.20
window 30s
  calc.additional.maxViewersSummary             n= 5243 err=   0 errRate=  0.00% avg=   28.50 min=   12.94 max=  365.82 p50=   20.77 p95=   64.41 p99=  128.49 rps= 174.77
  controller.AnalyticsController.maxViewersSummary n= 5243 err=   0 errRate=  0.00% avg=   28.72 min=   13.04 max=  366.29 p50=   21.00 p95=   64.74 p99=  128.62 rps= 174.77
  s2s.crud.fetchAllTickets                      n= 5243 err=   0 errRate=  0.00% avg=   28.31 min=   12.90 max=  365.77 p50=   20.73 p95=   63.38 p99=  128.45 rps= 174.77
  s2s.crud.fetchFilms                           n=    1 err=   0 errRate=  0.00% avg=   45.34 min=   45.34 max=   45.34 p50=   45.34 p95=   45.34 p99=   45.34 rps=   0.03
window 1m
  calc.additional.maxViewersSummary             n=13061 err=   0 errRate=  0.00% avg=   37.08 min=   12.94 max=  365.82 p50=   25.69 p95=  104.01 p99=  173.89 rps= 217.68
  controller.AnalyticsController.maxViewersSummary n=13061 err=   0 errRate=  0.00% avg=   37.37 min=   13.04 max=  366.29 p50=   25.98 p95=  104.42 p99=  174.42 rps= 217.68
  s2s.crud.fetchAllTickets                      n=13061 err=   0 errRate=  0.00% avg=   36.87 min=   12.90 max=  365.77 p50=   25.60 p95=  103.35 p99=  170.44 rps= 217.68
  s2s.crud.fetchFilms                           n=    2 err=   0 errRate=  0.00% avg=   94.66 min=   45.34 max=  143.98 p50=   94.66 p95=  139.05 p99=  143.00 rps=   0.03

2026-05-06T21:03:39.107Z  INFO 1 --- [lab8-additional-service] [   scheduling-1] r.h.l.a.o.ObservabilityService           : [lab8-additional-service] observability refresh
window 10s
  calc.additional.maxViewersSummary             n= 1619 err=   0 errRate=  0.00% avg=   23.82 min=   13.00 max=  250.27 p50=   17.50 p95=   51.60 p99=   92.22 rps= 161.90
  controller.AnalyticsController.maxViewersSummary n= 1619 err=   0 errRate=  0.00% avg=   24.03 min=   13.10 max=  250.42 p50=   17.70 p95=   51.72 p99=   92.34 rps= 161.90
  s2s.crud.fetchAllTickets                      n= 1619 err=   0 errRate=  0.00% avg=   23.77 min=   12.97 max=  250.23 p50=   17.40 p95=   51.56 p99=   92.19 rps= 161.90
window 30s
  calc.additional.maxViewersSummary             n= 5102 err=   0 errRate=  0.00% avg=   28.23 min=   12.94 max=  365.82 p50=   20.20 p95=   64.02 p99=  130.34 rps= 170.07
  controller.AnalyticsController.maxViewersSummary n= 5102 err=   0 errRate=  0.00% avg=   28.45 min=   13.04 max=  366.29 p50=   20.48 p95=   64.32 p99=  130.55 rps= 170.07
  s2s.crud.fetchAllTickets                      n= 5102 err=   0 errRate=  0.00% avg=   28.04 min=   12.90 max=  365.77 p50=   20.14 p95=   62.62 p99=  130.30 rps= 170.07
  s2s.crud.fetchFilms                           n=    1 err=   0 errRate=  0.00% avg=   45.34 min=   45.34 max=   45.34 p50=   45.34 p95=   45.34 p99=   45.34 rps=   0.03
window 1m
  calc.additional.maxViewersSummary             n=12992 err=   0 errRate=  0.00% avg=   36.67 min=   12.94 max=  365.82 p50=   25.18 p95=  103.13 p99=  177.62 rps= 216.53
  controller.AnalyticsController.maxViewersSummary n=12992 err=   0 errRate=  0.00% avg=   36.96 min=   13.04 max=  366.29 p50=   25.52 p95=  103.35 p99=  178.37 rps= 216.53
  s2s.crud.fetchAllTickets                      n=12992 err=   0 errRate=  0.00% avg=   36.46 min=   12.90 max=  365.77 p50=   25.13 p95=  102.34 p99=  172.43 rps= 216.53
  s2s.crud.fetchFilms                           n=    2 err=   0 errRate=  0.00% avg=   94.66 min=   45.34 max=  143.98 p50=   94.66 p95=  139.05 p99=  143.00 rps=   0.03

2026-05-06T21:03:40.117Z  INFO 1 --- [lab8-additional-service] [   scheduling-1] r.h.l.a.o.ObservabilityService           : [lab8-additional-service] observability refresh
window 10s
  calc.additional.maxViewersSummary             n= 1671 err=   0 errRate=  0.00% avg=   22.65 min=   13.00 max=  250.27 p50=   17.25 p95=   46.58 p99=   68.20 rps= 167.10
  controller.AnalyticsController.maxViewersSummary n= 1671 err=   0 errRate=  0.00% avg=   22.85 min=   13.10 max=  250.42 p50=   17.44 p95=   46.68 p99=   68.52 rps= 167.10
  s2s.crud.fetchAllTickets                      n= 1671 err=   0 errRate=  0.00% avg=   22.60 min=   12.97 max=  250.23 p50=   17.19 p95=   46.55 p99=   68.17 rps= 167.10
window 30s
  calc.additional.maxViewersSummary             n= 5010 err=   0 errRate=  0.00% avg=   27.78 min=   12.94 max=  365.82 p50=   19.95 p95=   63.70 p99=  133.57 rps= 167.00
  controller.AnalyticsController.maxViewersSummary n= 5010 err=   0 errRate=  0.00% avg=   28.00 min=   13.04 max=  366.29 p50=   20.18 p95=   63.93 p99=  133.69 rps= 167.00
  s2s.crud.fetchAllTickets                      n= 5010 err=   0 errRate=  0.00% avg=   27.59 min=   12.90 max=  365.77 p50=   19.87 p95=   62.18 p99=  133.54 rps= 167.00
  s2s.crud.fetchFilms                           n=    1 err=   0 errRate=  0.00% avg=   45.34 min=   45.34 max=   45.34 p50=   45.34 p95=   45.34 p99=   45.34 rps=   0.03
window 1m
  calc.additional.maxViewersSummary             n=13003 err=   0 errRate=  0.00% avg=   35.67 min=   12.94 max=  365.82 p50=   24.81 p95=   98.03 p99=  169.14 rps= 216.72
  controller.AnalyticsController.maxViewersSummary n=13004 err=   0 errRate=  0.00% avg=   35.96 min=   13.04 max=  366.29 p50=   25.11 p95=   98.50 p99=  169.44 rps= 216.73
  s2s.crud.fetchAllTickets                      n=13003 err=   0 errRate=  0.00% avg=   35.45 min=   12.90 max=  365.77 p50=   24.73 p95=   97.58 p99=  164.21 rps= 216.72
  s2s.crud.fetchFilms                           n=    2 err=   0 errRate=  0.00% avg=   94.66 min=   45.34 max=  143.98 p50=   94.66 p95=  139.05 p99=  143.00 rps=   0.03

2026-05-06T21:03:41.126Z  INFO 1 --- [lab8-additional-service] [   scheduling-1] r.h.l.a.o.ObservabilityService           : [lab8-additional-service] observability refresh
window 10s
  calc.additional.maxViewersSummary             n= 1673 err=   0 errRate=  0.00% avg=   22.98 min=   13.00 max=  250.27 p50=   17.06 p95=   46.95 p99=   72.47 rps= 167.30
  controller.AnalyticsController.maxViewersSummary n= 1673 err=   0 errRate=  0.00% avg=   23.18 min=   13.10 max=  250.42 p50=   17.24 p95=   47.32 p99=   73.19 rps= 167.30
  s2s.crud.fetchAllTickets                      n= 1673 err=   0 errRate=  0.00% avg=   22.93 min=   12.97 max=  250.23 p50=   17.03 p95=   46.92 p99=   72.37 rps= 167.30
window 30s
  calc.additional.maxViewersSummary             n= 4823 err=   0 errRate=  0.00% avg=   27.94 min=   12.94 max=  365.82 p50=   20.75 p95=   62.58 p99=  127.58 rps= 160.77
  controller.AnalyticsController.maxViewersSummary n= 4823 err=   0 errRate=  0.00% avg=   28.17 min=   13.04 max=  366.29 p50=   20.99 p95=   62.69 p99=  127.70 rps= 160.77
  s2s.crud.fetchAllTickets                      n= 4823 err=   0 errRate=  0.00% avg=   27.74 min=   12.90 max=  365.77 p50=   20.68 p95=   61.07 p99=  127.54 rps= 160.77
  s2s.crud.fetchFilms                           n=    1 err=   0 errRate=  0.00% avg=   45.34 min=   45.34 max=   45.34 p50=   45.34 p95=   45.34 p99=   45.34 rps=   0.03
window 1m
  calc.additional.maxViewersSummary             n=12931 err=   0 errRate=  0.00% avg=   35.29 min=   12.94 max=  365.82 p50=   24.39 p95=   96.87 p99=  170.97 rps= 215.52
  controller.AnalyticsController.maxViewersSummary n=12931 err=   0 errRate=  0.00% avg=   35.57 min=   13.04 max=  366.29 p50=   24.78 p95=   97.36 p99=  171.33 rps= 215.52
  s2s.crud.fetchAllTickets                      n=12931 err=   0 errRate=  0.00% avg=   35.07 min=   12.90 max=  365.77 p50=   24.32 p95=   96.10 p99=  165.29 rps= 215.52
  s2s.crud.fetchFilms                           n=    2 err=   0 errRate=  0.00% avg=   94.66 min=   45.34 max=  143.98 p50=   94.66 p95=  139.05 p99=  143.00 rps=   0.03

2026-05-06T21:03:42.137Z  INFO 1 --- [lab8-additional-service] [   scheduling-1] r.h.l.a.o.ObservabilityService           : [lab8-additional-service] observability refresh
window 10s
  calc.additional.maxViewersSummary             n= 1689 err=   0 errRate=  0.00% avg=   23.86 min=   12.87 max=  250.27 p50=   17.03 p95=   50.38 p99=   88.29 rps= 168.90
  controller.AnalyticsController.maxViewersSummary n= 1689 err=   0 errRate=  0.00% avg=   24.05 min=   12.97 max=  250.42 p50=   17.18 p95=   50.56 p99=   88.52 rps= 168.90
  s2s.crud.fetchAllTickets                      n= 1689 err=   0 errRate=  0.00% avg=   23.81 min=   12.84 max=  250.23 p50=   16.99 p95=   50.23 p99=   88.24 rps= 168.90
window 30s
  calc.additional.maxViewersSummary             n= 4652 err=   0 errRate=  0.00% avg=   28.25 min=   12.87 max=  365.82 p50=   20.78 p95=   63.70 p99=  128.70 rps= 155.07
  controller.AnalyticsController.maxViewersSummary n= 4652 err=   0 errRate=  0.00% avg=   28.47 min=   12.97 max=  366.29 p50=   21.03 p95=   63.90 p99=  128.84 rps= 155.07
  s2s.crud.fetchAllTickets                      n= 4652 err=   0 errRate=  0.00% avg=   28.04 min=   12.84 max=  365.77 p50=   20.73 p95=   62.02 p99=  128.67 rps= 155.07
  s2s.crud.fetchFilms                           n=    1 err=   0 errRate=  0.00% avg=   45.34 min=   45.34 max=   45.34 p50=   45.34 p95=   45.34 p99=   45.34 rps=   0.03
window 1m
  calc.additional.maxViewersSummary             n=12810 err=   0 errRate=  0.00% avg=   35.11 min=   12.87 max=  365.82 p50=   24.15 p95=   97.56 p99=  171.50 rps= 213.50
  controller.AnalyticsController.maxViewersSummary n=12810 err=   0 errRate=  0.00% avg=   35.39 min=   12.97 max=  366.29 p50=   24.43 p95=   97.82 p99=  172.00 rps= 213.50
  s2s.crud.fetchAllTickets                      n=12810 err=   0 errRate=  0.00% avg=   34.90 min=   12.84 max=  365.77 p50=   24.09 p95=   96.51 p99=  166.07 rps= 213.50
  s2s.crud.fetchFilms                           n=    2 err=   0 errRate=  0.00% avg=   94.66 min=   45.34 max=  143.98 p50=   94.66 p95=  139.05 p99=  143.00 rps=   0.03

2026-05-06T21:03:43.153Z  INFO 1 --- [lab8-additional-service] [   scheduling-1] r.h.l.a.o.ObservabilityService           : [lab8-additional-service] observability refresh
window 10s
  calc.additional.maxViewersSummary             n= 1685 err=   0 errRate=  0.00% avg=   24.12 min=   12.87 max=  248.58 p50=   16.42 p95=   53.35 p99=   86.16 rps= 168.50
  controller.AnalyticsController.maxViewersSummary n= 1685 err=   0 errRate=  0.00% avg=   24.31 min=   12.97 max=  248.70 p50=   16.57 p95=   53.82 p99=   86.36 rps= 168.50
  s2s.crud.fetchAllTickets                      n= 1685 err=   0 errRate=  0.00% avg=   24.07 min=   12.84 max=  248.55 p50=   16.36 p95=   53.29 p99=   86.12 rps= 168.50
window 30s
  calc.additional.maxViewersSummary             n= 4506 err=   0 errRate=  0.00% avg=   28.22 min=   12.87 max=  365.82 p50=   20.12 p95=   65.48 p99=  133.66 rps= 150.20
  controller.AnalyticsController.maxViewersSummary n= 4506 err=   0 errRate=  0.00% avg=   28.44 min=   12.97 max=  366.29 p50=   20.37 p95=   65.61 p99=  133.77 rps= 150.20
  s2s.crud.fetchAllTickets                      n= 4506 err=   0 errRate=  0.00% avg=   28.01 min=   12.84 max=  365.77 p50=   20.07 p95=   63.01 p99=  133.62 rps= 150.20
  s2s.crud.fetchFilms                           n=    1 err=   0 errRate=  0.00% avg=   45.34 min=   45.34 max=   45.34 p50=   45.34 p95=   45.34 p99=   45.34 rps=   0.03
window 1m
  calc.additional.maxViewersSummary             n=12732 err=   0 errRate=  0.00% avg=   34.83 min=   12.87 max=  365.82 p50=   23.70 p95=   96.24 p99=  172.03 rps= 212.20
  controller.AnalyticsController.maxViewersSummary n=12733 err=   0 errRate=  0.00% avg=   35.10 min=   12.97 max=  366.29 p50=   24.02 p95=   96.65 p99=  172.33 rps= 212.22
  s2s.crud.fetchAllTickets                      n=12732 err=   0 errRate=  0.00% avg=   34.62 min=   12.84 max=  365.77 p50=   23.64 p95=   95.83 p99=  166.49 rps= 212.20
  s2s.crud.fetchFilms                           n=    2 err=   0 errRate=  0.00% avg=   94.66 min=   45.34 max=  143.98 p50=   94.66 p95=  139.05 p99=  143.00 rps=   0.03

2026-05-06T21:03:44.169Z  INFO 1 --- [lab8-additional-service] [   scheduling-1] r.h.l.a.o.ObservabilityService           : [lab8-additional-service] observability refresh
window 10s
  calc.additional.maxViewersSummary             n= 1558 err=   0 errRate=  0.00% avg=   28.84 min=   12.87 max=  280.87 p50=   17.47 p95=   77.87 p99=  198.15 rps= 155.80
  controller.AnalyticsController.maxViewersSummary n= 1558 err=   0 errRate=  0.00% avg=   29.03 min=   12.97 max=  281.31 p50=   17.68 p95=   77.97 p99=  198.42 rps= 155.80
  s2s.crud.fetchAllTickets                      n= 1558 err=   0 errRate=  0.00% avg=   27.02 min=   12.84 max=  248.55 p50=   17.42 p95=   70.54 p99=  101.97 rps= 155.80
  s2s.crud.fetchFilms                           n=    1 err=   0 errRate=  0.00% avg=  224.62 min=  224.62 max=  224.62 p50=  224.62 p95=  224.62 p99=  224.62 rps=   0.10
window 30s
  calc.additional.maxViewersSummary             n= 4409 err=   0 errRate=  0.00% avg=   29.44 min=   12.87 max=  365.82 p50=   20.07 p95=   72.48 p99=  182.91 rps= 146.97
  controller.AnalyticsController.maxViewersSummary n= 4409 err=   0 errRate=  0.00% avg=   29.66 min=   12.97 max=  366.29 p50=   20.31 p95=   72.90 p99=  183.28 rps= 146.97
  s2s.crud.fetchAllTickets                      n= 4409 err=   0 errRate=  0.00% avg=   28.77 min=   12.84 max=  365.77 p50=   20.04 p95=   70.54 p99=  136.38 rps= 146.97
  s2s.crud.fetchFilms                           n=    1 err=   0 errRate=  0.00% avg=  224.62 min=  224.62 max=  224.62 p50=  224.62 p95=  224.62 p99=  224.62 rps=   0.03
window 1m
  calc.additional.maxViewersSummary             n=12626 err=   0 errRate=  0.00% avg=   34.79 min=   12.87 max=  365.82 p50=   23.59 p95=   95.54 p99=  169.63 rps= 210.43
  controller.AnalyticsController.maxViewersSummary n=12626 err=   0 errRate=  0.00% avg=   35.06 min=   12.97 max=  366.29 p50=   23.87 p95=   95.84 p99=  170.15 rps= 210.43
  s2s.crud.fetchAllTickets                      n=12626 err=   0 errRate=  0.00% avg=   34.45 min=   12.84 max=  365.77 p50=   23.53 p95=   94.80 p99=  163.51 rps= 210.43
  s2s.crud.fetchFilms                           n=    2 err=   0 errRate=  0.00% avg=  134.98 min=   45.34 max=  224.62 p50=  134.98 p95=  215.65 p99=  222.83 rps=   0.03

2026-05-06T21:03:45.177Z  INFO 1 --- [lab8-additional-service] [   scheduling-1] r.h.l.a.o.ObservabilityService           : [lab8-additional-service] observability refresh
window 10s
  calc.additional.maxViewersSummary             n= 1566 err=   0 errRate=  0.00% avg=   29.95 min=   12.87 max=  280.87 p50=   18.76 p95=   78.55 p99=  213.73 rps= 156.60
  controller.AnalyticsController.maxViewersSummary n= 1566 err=   0 errRate=  0.00% avg=   30.15 min=   12.97 max=  281.31 p50=   19.01 p95=   78.67 p99=  214.04 rps= 156.60
  s2s.crud.fetchAllTickets                      n= 1566 err=   0 errRate=  0.00% avg=   28.06 min=   12.84 max=  248.55 p50=   18.71 p95=   75.68 p99=  105.59 rps= 156.60
  s2s.crud.fetchFilms                           n=    1 err=   0 errRate=  0.00% avg=  224.62 min=  224.62 max=  224.62 p50=  224.62 p95=  224.62 p99=  224.62 rps=   0.10
window 30s
  calc.additional.maxViewersSummary             n= 4509 err=   0 errRate=  0.00% avg=   29.24 min=   12.87 max=  365.82 p50=   19.99 p95=   72.48 p99=  182.91 rps= 150.30
  controller.AnalyticsController.maxViewersSummary n= 4509 err=   0 errRate=  0.00% avg=   29.46 min=   12.97 max=  366.29 p50=   20.20 p95=   72.90 p99=  183.28 rps= 150.30
  s2s.crud.fetchAllTickets                      n= 4509 err=   0 errRate=  0.00% avg=   28.56 min=   12.84 max=  365.77 p50=   19.95 p95=   70.54 p99=  136.38 rps= 150.30
  s2s.crud.fetchFilms                           n=    1 err=   0 errRate=  0.00% avg=  224.62 min=  224.62 max=  224.62 p50=  224.62 p95=  224.62 p99=  224.62 rps=   0.03
window 1m
  calc.additional.maxViewersSummary             n=12568 err=   0 errRate=  0.00% avg=   34.25 min=   12.87 max=  365.82 p50=   23.24 p95=   94.20 p99=  165.15 rps= 209.47
  controller.AnalyticsController.maxViewersSummary n=12568 err=   0 errRate=  0.00% avg=   34.52 min=   12.97 max=  366.29 p50=   23.55 p95=   94.56 p99=  165.29 rps= 209.47
  s2s.crud.fetchAllTickets                      n=12568 err=   0 errRate=  0.00% avg=   33.91 min=   12.84 max=  365.77 p50=   23.17 p95=   92.92 p99=  159.32 rps= 209.47
  s2s.crud.fetchFilms                           n=    2 err=   0 errRate=  0.00% avg=  134.98 min=   45.34 max=  224.62 p50=  134.98 p95=  215.65 p99=  222.83 rps=   0.03

2026-05-06T21:03:46.188Z  INFO 1 --- [lab8-additional-service] [   scheduling-1] r.h.l.a.o.ObservabilityService           : [lab8-additional-service] observability refresh
window 10s
  calc.additional.maxViewersSummary             n= 1574 err=   0 errRate=  0.00% avg=   29.69 min=   12.87 max=  280.87 p50=   18.81 p95=   78.51 p99=  212.89 rps= 157.40
  controller.AnalyticsController.maxViewersSummary n= 1574 err=   0 errRate=  0.00% avg=   29.89 min=   12.97 max=  281.31 p50=   19.06 p95=   78.66 p99=  213.23 rps= 157.40
  s2s.crud.fetchAllTickets                      n= 1574 err=   0 errRate=  0.00% avg=   27.82 min=   12.84 max=  248.55 p50=   18.78 p95=   75.59 p99=  105.56 rps= 157.40
  s2s.crud.fetchFilms                           n=    1 err=   0 errRate=  0.00% avg=  224.62 min=  224.62 max=  224.62 p50=  224.62 p95=  224.62 p99=  224.62 rps=   0.10
window 30s
  calc.additional.maxViewersSummary             n= 4543 err=   0 errRate=  0.00% avg=   28.66 min=   12.87 max=  365.82 p50=   19.14 p95=   72.28 p99=  182.83 rps= 151.43
  controller.AnalyticsController.maxViewersSummary n= 4543 err=   0 errRate=  0.00% avg=   28.88 min=   12.97 max=  366.29 p50=   19.39 p95=   72.51 p99=  183.10 rps= 151.43
  s2s.crud.fetchAllTickets                      n= 4543 err=   0 errRate=  0.00% avg=   27.98 min=   12.84 max=  365.77 p50=   19.09 p95=   70.52 p99=  135.45 rps= 151.43
  s2s.crud.fetchFilms                           n=    1 err=   0 errRate=  0.00% avg=  224.62 min=  224.62 max=  224.62 p50=  224.62 p95=  224.62 p99=  224.62 rps=   0.03
window 1m
  calc.additional.maxViewersSummary             n=12556 err=   0 errRate=  0.00% avg=   33.51 min=   12.87 max=  365.82 p50=   22.89 p95=   90.76 p99=  160.52 rps= 209.27
  controller.AnalyticsController.maxViewersSummary n=12556 err=   0 errRate=  0.00% avg=   33.77 min=   12.97 max=  366.29 p50=   23.20 p95=   91.02 p99=  160.68 rps= 209.27
  s2s.crud.fetchAllTickets                      n=12556 err=   0 errRate=  0.00% avg=   33.17 min=   12.84 max=  365.77 p50=   22.84 p95=   89.68 p99=  153.72 rps= 209.27
  s2s.crud.fetchFilms                           n=    2 err=   0 errRate=  0.00% avg=  134.98 min=   45.34 max=  224.62 p50=  134.98 p95=  215.65 p99=  222.83 rps=   0.03

2026-05-06T21:03:46.793Z  INFO 1 --- [lab8-additional-service] [   scheduling-1] r.h.l.a.service.FilmCacheService         : film-cache stats: size=310 ttlMs=30000 lastRefreshAtMs=1778101423801 hits=25564 misses=5 refreshes=5
2026-05-06T21:03:47.199Z  INFO 1 --- [lab8-additional-service] [   scheduling-1] r.h.l.a.o.ObservabilityService           : [lab8-additional-service] observability refresh
window 10s
  calc.additional.maxViewersSummary             n= 1544 err=   0 errRate=  0.00% avg=   31.69 min=   12.87 max=  280.87 p50=   20.61 p95=   84.70 p99=  216.03 rps= 154.40
  controller.AnalyticsController.maxViewersSummary n= 1544 err=   0 errRate=  0.00% avg=   31.89 min=   12.97 max=  281.31 p50=   20.85 p95=   84.80 p99=  216.27 rps= 154.40
  s2s.crud.fetchAllTickets                      n= 1544 err=   0 errRate=  0.00% avg=   29.79 min=   12.84 max=  248.55 p50=   20.57 p95=   79.20 p99=  105.94 rps= 154.40
  s2s.crud.fetchFilms                           n=    1 err=   0 errRate=  0.00% avg=  224.62 min=  224.62 max=  224.62 p50=  224.62 p95=  224.62 p99=  224.62 rps=   0.10
window 30s
  calc.additional.maxViewersSummary             n= 4511 err=   0 errRate=  0.00% avg=   29.37 min=   12.87 max=  365.82 p50=   19.42 p95=   74.54 p99=  182.90 rps= 150.37
  controller.AnalyticsController.maxViewersSummary n= 4511 err=   0 errRate=  0.00% avg=   29.59 min=   12.97 max=  366.29 p50=   19.69 p95=   74.75 p99=  183.27 rps= 150.37
  s2s.crud.fetchAllTickets                      n= 4511 err=   0 errRate=  0.00% avg=   28.69 min=   12.84 max=  365.77 p50=   19.38 p95=   73.32 p99=  136.32 rps= 150.37
  s2s.crud.fetchFilms                           n=    1 err=   0 errRate=  0.00% avg=  224.62 min=  224.62 max=  224.62 p50=  224.62 p95=  224.62 p99=  224.62 rps=   0.03
window 1m
  calc.additional.maxViewersSummary             n=12515 err=   0 errRate=  0.00% avg=   32.69 min=   12.87 max=  365.82 p50=   22.77 p95=   85.82 p99=  148.34 rps= 208.58
  controller.AnalyticsController.maxViewersSummary n=12515 err=   0 errRate=  0.00% avg=   32.95 min=   12.97 max=  366.29 p50=   23.05 p95=   86.05 p99=  148.50 rps= 208.58
  s2s.crud.fetchAllTickets                      n=12515 err=   0 errRate=  0.00% avg=   32.35 min=   12.84 max=  365.77 p50=   22.70 p95=   85.24 p99=  140.23 rps= 208.58
  s2s.crud.fetchFilms                           n=    2 err=   0 errRate=  0.00% avg=  134.98 min=   45.34 max=  224.62 p50=  134.98 p95=  215.65 p99=  222.83 rps=   0.03

2026-05-06T21:03:48.209Z  INFO 1 --- [lab8-additional-service] [   scheduling-1] r.h.l.a.o.ObservabilityService           : [lab8-additional-service] observability refresh
window 10s
  calc.additional.maxViewersSummary             n= 1551 err=   0 errRate=  0.00% avg=   30.90 min=   12.87 max=  280.87 p50=   20.33 p95=   80.72 p99=  215.30 rps= 155.10
  controller.AnalyticsController.maxViewersSummary n= 1551 err=   0 errRate=  0.00% avg=   31.10 min=   12.97 max=  281.31 p50=   20.53 p95=   80.83 p99=  215.56 rps= 155.10
  s2s.crud.fetchAllTickets                      n= 1551 err=   0 errRate=  0.00% avg=   29.00 min=   12.84 max=  248.55 p50=   20.29 p95=   78.70 p99=  105.93 rps= 155.10
  s2s.crud.fetchFilms                           n=    1 err=   0 errRate=  0.00% avg=  224.62 min=  224.62 max=  224.62 p50=  224.62 p95=  224.62 p99=  224.62 rps=   0.10
window 30s
  calc.additional.maxViewersSummary             n= 4504 err=   0 errRate=  0.00% avg=   29.15 min=   12.87 max=  365.82 p50=   19.57 p95=   73.45 p99=  182.92 rps= 150.13
  controller.AnalyticsController.maxViewersSummary n= 4504 err=   0 errRate=  0.00% avg=   29.36 min=   12.97 max=  366.29 p50=   19.82 p95=   73.64 p99=  183.31 rps= 150.13
  s2s.crud.fetchAllTickets                      n= 4504 err=   0 errRate=  0.00% avg=   28.46 min=   12.84 max=  365.77 p50=   19.52 p95=   71.44 p99=  136.52 rps= 150.13
  s2s.crud.fetchFilms                           n=    1 err=   0 errRate=  0.00% avg=  224.62 min=  224.62 max=  224.62 p50=  224.62 p95=  224.62 p99=  224.62 rps=   0.03
window 1m
  calc.additional.maxViewersSummary             n=12337 err=   0 errRate=  0.00% avg=   32.89 min=   12.87 max=  365.82 p50=   22.98 p95=   86.17 p99=  149.37 rps= 205.62
  controller.AnalyticsController.maxViewersSummary n=12337 err=   0 errRate=  0.00% avg=   33.15 min=   12.97 max=  366.29 p50=   23.30 p95=   86.36 p99=  149.55 rps= 205.62
  s2s.crud.fetchAllTickets                      n=12337 err=   0 errRate=  0.00% avg=   32.55 min=   12.84 max=  365.77 p50=   22.93 p95=   85.72 p99=  140.56 rps= 205.62
  s2s.crud.fetchFilms                           n=    2 err=   0 errRate=  0.00% avg=  134.98 min=   45.34 max=  224.62 p50=  134.98 p95=  215.65 p99=  222.83 rps=   0.03

2026-05-06T21:03:49.226Z  INFO 1 --- [lab8-additional-service] [   scheduling-1] r.h.l.a.o.ObservabilityService           : [lab8-additional-service] observability refresh
window 10s
  calc.additional.maxViewersSummary             n= 1542 err=   0 errRate=  0.00% avg=   30.65 min=   12.87 max=  280.87 p50=   19.90 p95=   80.07 p99=  184.84 rps= 154.20
  controller.AnalyticsController.maxViewersSummary n= 1542 err=   0 errRate=  0.00% avg=   30.86 min=   12.97 max=  281.31 p50=   20.15 p95=   80.23 p99=  185.20 rps= 154.20
  s2s.crud.fetchAllTickets                      n= 1542 err=   0 errRate=  0.00% avg=   28.74 min=   12.84 max=  248.55 p50=   19.87 p95=   78.42 p99=  105.33 rps= 154.20
  s2s.crud.fetchFilms                           n=    1 err=   0 errRate=  0.00% avg=  224.62 min=  224.62 max=  224.62 p50=  224.62 p95=  224.62 p99=  224.62 rps=   0.10
window 30s
  calc.additional.maxViewersSummary             n= 4529 err=   0 errRate=  0.00% avg=   28.59 min=   12.87 max=  365.82 p50=   19.33 p95=   70.57 p99=  177.66 rps= 150.97
  controller.AnalyticsController.maxViewersSummary n= 4529 err=   0 errRate=  0.00% avg=   28.81 min=   12.97 max=  366.29 p50=   19.55 p95=   70.72 p99=  178.55 rps= 150.97
  s2s.crud.fetchAllTickets                      n= 4529 err=   0 errRate=  0.00% avg=   27.90 min=   12.84 max=  365.77 p50=   19.30 p95=   68.49 p99=  123.16 rps= 150.97
  s2s.crud.fetchFilms                           n=    1 err=   0 errRate=  0.00% avg=  224.62 min=  224.62 max=  224.62 p50=  224.62 p95=  224.62 p99=  224.62 rps=   0.03
window 1m
  calc.additional.maxViewersSummary             n=12194 err=   0 errRate=  0.00% avg=   32.87 min=   12.87 max=  365.82 p50=   22.80 p95=   86.45 p99=  149.82 rps= 203.23
  controller.AnalyticsController.maxViewersSummary n=12194 err=   0 errRate=  0.00% avg=   33.12 min=   12.97 max=  366.29 p50=   23.05 p95=   86.76 p99=  149.99 rps= 203.23
  s2s.crud.fetchAllTickets                      n=12194 err=   0 errRate=  0.00% avg=   32.53 min=   12.84 max=  365.77 p50=   22.74 p95=   85.96 p99=  141.90 rps= 203.23
  s2s.crud.fetchFilms                           n=    2 err=   0 errRate=  0.00% avg=  134.98 min=   45.34 max=  224.62 p50=  134.98 p95=  215.65 p99=  222.83 rps=   0.03

2026-05-06T21:03:50.233Z  INFO 1 --- [lab8-additional-service] [   scheduling-1] r.h.l.a.o.ObservabilityService           : [lab8-additional-service] observability refresh
window 10s
  calc.additional.maxViewersSummary             n= 1460 err=   0 errRate=  0.00% avg=   33.74 min=   12.87 max=  342.38 p50=   21.69 p95=   92.89 p99=  223.39 rps= 146.00
  controller.AnalyticsController.maxViewersSummary n= 1460 err=   0 errRate=  0.00% avg=   33.96 min=   12.97 max=  342.79 p50=   21.91 p95=   92.99 p99=  223.49 rps= 146.00
  s2s.crud.fetchAllTickets                      n= 1460 err=   0 errRate=  0.00% avg=   31.73 min=   12.84 max=  342.28 p50=   21.66 p95=   87.02 p99=  109.54 rps= 146.00
  s2s.crud.fetchFilms                           n=    1 err=   0 errRate=  0.00% avg=  224.62 min=  224.62 max=  224.62 p50=  224.62 p95=  224.62 p99=  224.62 rps=   0.10
window 30s
  calc.additional.maxViewersSummary             n= 4570 err=   0 errRate=  0.00% avg=   28.39 min=   12.87 max=  365.82 p50=   19.32 p95=   70.58 p99=  147.58 rps= 152.33
  controller.AnalyticsController.maxViewersSummary n= 4570 err=   0 errRate=  0.00% avg=   28.61 min=   12.97 max=  366.29 p50=   19.54 p95=   70.80 p99=  147.82 rps= 152.33
  s2s.crud.fetchAllTickets                      n= 4570 err=   0 errRate=  0.00% avg=   27.71 min=   12.84 max=  365.77 p50=   19.28 p95=   68.69 p99=  110.63 rps= 152.33
  s2s.crud.fetchFilms                           n=    1 err=   0 errRate=  0.00% avg=  224.62 min=  224.62 max=  224.62 p50=  224.62 p95=  224.62 p99=  224.62 rps=   0.03
window 1m
  calc.additional.maxViewersSummary             n=11970 err=   0 errRate=  0.00% avg=   33.15 min=   12.87 max=  365.82 p50=   22.61 p95=   88.31 p99=  151.05 rps= 199.50
  controller.AnalyticsController.maxViewersSummary n=11970 err=   0 errRate=  0.00% avg=   33.39 min=   12.97 max=  366.29 p50=   22.91 p95=   88.59 p99=  151.42 rps= 199.50
  s2s.crud.fetchAllTickets                      n=11970 err=   0 errRate=  0.00% avg=   32.80 min=   12.84 max=  365.77 p50=   22.55 p95=   87.24 p99=  142.92 rps= 199.50
  s2s.crud.fetchFilms                           n=    2 err=   0 errRate=  0.00% avg=  134.98 min=   45.34 max=  224.62 p50=  134.98 p95=  215.65 p99=  222.83 rps=   0.03

2026-05-06T21:03:51.240Z  INFO 1 --- [lab8-additional-service] [   scheduling-1] r.h.l.a.o.ObservabilityService           : [lab8-additional-service] observability refresh
window 10s
  calc.additional.maxViewersSummary             n= 1362 err=   0 errRate=  0.00% avg=   36.85 min=   12.87 max=  392.51 p50=   21.90 p95=   97.74 p99=  232.90 rps= 136.20
  controller.AnalyticsController.maxViewersSummary n= 1362 err=   0 errRate=  0.00% avg=   37.06 min=   12.97 max=  392.67 p50=   22.11 p95=   97.93 p99=  233.28 rps= 136.20
  s2s.crud.fetchAllTickets                      n= 1362 err=   0 errRate=  0.00% avg=   34.69 min=   12.84 max=  392.47 p50=   21.87 p95=   93.34 p99=  119.73 rps= 136.20
  s2s.crud.fetchFilms                           n=    1 err=   0 errRate=  0.00% avg=  224.62 min=  224.62 max=  224.62 p50=  224.62 p95=  224.62 p99=  224.62 rps=   0.10
window 30s
  calc.additional.maxViewersSummary             n= 4563 err=   0 errRate=  0.00% avg=   28.18 min=   12.87 max=  392.51 p50=   19.27 p95=   70.58 p99=  118.17 rps= 152.10
  controller.AnalyticsController.maxViewersSummary n= 4563 err=   0 errRate=  0.00% avg=   28.39 min=   12.97 max=  392.67 p50=   19.53 p95=   70.86 p99=  118.50 rps= 152.10
  s2s.crud.fetchAllTickets                      n= 4563 err=   0 errRate=  0.00% avg=   27.50 min=   12.84 max=  392.47 p50=   19.24 p95=   69.06 p99=  106.07 rps= 152.10
  s2s.crud.fetchFilms                           n=    1 err=   0 errRate=  0.00% avg=  224.62 min=  224.62 max=  224.62 p50=  224.62 p95=  224.62 p99=  224.62 rps=   0.03
window 1m
  calc.additional.maxViewersSummary             n=11691 err=   0 errRate=  0.00% avg=   33.75 min=   12.87 max=  392.51 p50=   23.01 p95=   90.43 p99=  153.27 rps= 194.85
  controller.AnalyticsController.maxViewersSummary n=11691 err=   0 errRate=  0.00% avg=   34.00 min=   12.97 max=  392.67 p50=   23.30 p95=   90.60 p99=  153.58 rps= 194.85
  s2s.crud.fetchAllTickets                      n=11691 err=   0 errRate=  0.00% avg=   33.40 min=   12.84 max=  392.47 p50=   22.95 p95=   89.13 p99=  146.98 rps= 194.85
  s2s.crud.fetchFilms                           n=    2 err=   0 errRate=  0.00% avg=  134.98 min=   45.34 max=  224.62 p50=  134.98 p95=  215.65 p99=  222.83 rps=   0.03

2026-05-06T21:03:52.247Z  INFO 1 --- [lab8-additional-service] [   scheduling-1] r.h.l.a.o.ObservabilityService           : [lab8-additional-service] observability refresh
window 10s
  calc.additional.maxViewersSummary             n= 1324 err=   0 errRate=  0.00% avg=   39.29 min=   12.89 max=  392.51 p50=   23.04 p95=  107.17 p99=  248.30 rps= 132.40
  controller.AnalyticsController.maxViewersSummary n= 1324 err=   0 errRate=  0.00% avg=   39.51 min=   12.98 max=  392.67 p50=   23.32 p95=  107.39 p99=  248.60 rps= 132.40
  s2s.crud.fetchAllTickets                      n= 1324 err=   0 errRate=  0.00% avg=   37.08 min=   12.86 max=  392.47 p50=   22.97 p95=  101.16 p99=  156.87 rps= 132.40
  s2s.crud.fetchFilms                           n=    1 err=   0 errRate=  0.00% avg=  224.62 min=  224.62 max=  224.62 p50=  224.62 p95=  224.62 p99=  224.62 rps=   0.10
window 30s
  calc.additional.maxViewersSummary             n= 4519 err=   0 errRate=  0.00% avg=   28.78 min=   12.87 max=  392.51 p50=   19.20 p95=   76.20 p99=  145.31 rps= 150.63
  controller.AnalyticsController.maxViewersSummary n= 4519 err=   0 errRate=  0.00% avg=   28.99 min=   12.97 max=  392.67 p50=   19.41 p95=   76.38 p99=  145.43 rps= 150.63
  s2s.crud.fetchAllTickets                      n= 4519 err=   0 errRate=  0.00% avg=   28.09 min=   12.84 max=  392.47 p50=   19.16 p95=   74.55 p99=  115.13 rps= 150.63
  s2s.crud.fetchFilms                           n=    1 err=   0 errRate=  0.00% avg=  224.62 min=  224.62 max=  224.62 p50=  224.62 p95=  224.62 p99=  224.62 rps=   0.03
window 1m
  calc.additional.maxViewersSummary             n=11554 err=   0 errRate=  0.00% avg=   33.90 min=   12.87 max=  392.51 p50=   22.96 p95=   92.04 p99=  157.05 rps= 192.57
  controller.AnalyticsController.maxViewersSummary n=11554 err=   0 errRate=  0.00% avg=   34.14 min=   12.97 max=  392.67 p50=   23.24 p95=   92.18 p99=  157.20 rps= 192.57
  s2s.crud.fetchAllTickets                      n=11554 err=   0 errRate=  0.00% avg=   33.54 min=   12.84 max=  392.47 p50=   22.91 p95=   90.63 p99=  150.82 rps= 192.57
  s2s.crud.fetchFilms                           n=    2 err=   0 errRate=  0.00% avg=  134.98 min=   45.34 max=  224.62 p50=  134.98 p95=  215.65 p99=  222.83 rps=   0.03

2026-05-06T21:03:53.254Z  INFO 1 --- [lab8-additional-service] [   scheduling-1] r.h.l.a.o.ObservabilityService           : [lab8-additional-service] observability refresh
window 10s
  calc.additional.maxViewersSummary             n= 1240 err=   0 errRate=  0.00% avg=   42.11 min=   12.89 max=  399.33 p50=   24.76 p95=  116.58 p99=  255.41 rps= 124.00
  controller.AnalyticsController.maxViewersSummary n= 1240 err=   0 errRate=  0.00% avg=   42.33 min=   12.98 max=  399.42 p50=   24.91 p95=  116.77 p99=  255.67 rps= 124.00
  s2s.crud.fetchAllTickets                      n= 1240 err=   0 errRate=  0.00% avg=   39.75 min=   12.86 max=  399.29 p50=   24.73 p95=  109.13 p99=  165.37 rps= 124.00
  s2s.crud.fetchFilms                           n=    1 err=   0 errRate=  0.00% avg=  224.62 min=  224.62 max=  224.62 p50=  224.62 p95=  224.62 p99=  224.62 rps=   0.10
window 30s
  calc.additional.maxViewersSummary             n= 4424 err=   0 errRate=  0.00% avg=   29.60 min=   12.87 max=  399.33 p50=   19.39 p95=   79.80 p99=  150.36 rps= 147.47
  controller.AnalyticsController.maxViewersSummary n= 4424 err=   0 errRate=  0.00% avg=   29.82 min=   12.97 max=  399.42 p50=   19.59 p95=   80.48 p99=  150.49 rps= 147.47
  s2s.crud.fetchAllTickets                      n= 4424 err=   0 errRate=  0.00% avg=   28.90 min=   12.84 max=  399.29 p50=   19.35 p95=   79.06 p99=  121.27 rps= 147.47
  s2s.crud.fetchFilms                           n=    1 err=   0 errRate=  0.00% avg=  224.62 min=  224.62 max=  224.62 p50=  224.62 p95=  224.62 p99=  224.62 rps=   0.03
window 1m
  calc.additional.maxViewersSummary             n=11424 err=   0 errRate=  0.00% avg=   33.55 min=   12.87 max=  399.33 p50=   22.57 p95=   91.37 p99=  155.74 rps= 190.40
  controller.AnalyticsController.maxViewersSummary n=11424 err=   0 errRate=  0.00% avg=   33.79 min=   12.97 max=  399.42 p50=   22.90 p95=   91.67 p99=  155.92 rps= 190.40
  s2s.crud.fetchAllTickets                      n=11424 err=   0 errRate=  0.00% avg=   33.18 min=   12.84 max=  399.29 p50=   22.53 p95=   89.76 p99=  150.49 rps= 190.40
  s2s.crud.fetchFilms                           n=    2 err=   0 errRate=  0.00% avg=  134.98 min=   45.34 max=  224.62 p50=  134.98 p95=  215.65 p99=  222.83 rps=   0.03

2026-05-06T21:03:54.263Z  INFO 1 --- [lab8-additional-service] [   scheduling-1] r.h.l.a.o.ObservabilityService           : [lab8-additional-service] observability refresh
window 10s
  calc.additional.maxViewersSummary             n= 1199 err=   0 errRate=  0.00% avg=   42.50 min=   12.89 max=  584.60 p50=   23.80 p95=  117.79 p99=  342.53 rps= 119.90
  controller.AnalyticsController.maxViewersSummary n= 1199 err=   0 errRate=  0.00% avg=   42.71 min=   12.98 max=  584.70 p50=   24.04 p95=  117.93 p99=  342.95 rps= 119.90
  s2s.crud.fetchAllTickets                      n= 1199 err=   0 errRate=  0.00% avg=   42.45 min=   12.86 max=  584.56 p50=   23.76 p95=  117.75 p99=  342.44 rps= 119.90
window 30s
  calc.additional.maxViewersSummary             n= 4313 err=   0 errRate=  0.00% avg=   31.17 min=   12.87 max=  584.60 p50=   19.25 p95=   86.53 p99=  175.08 rps= 143.77
  controller.AnalyticsController.maxViewersSummary n= 4313 err=   0 errRate=  0.00% avg=   31.38 min=   12.97 max=  584.70 p50=   19.48 p95=   86.74 p99=  176.38 rps= 143.77
  s2s.crud.fetchAllTickets                      n= 4313 err=   0 errRate=  0.00% avg=   30.45 min=   12.84 max=  584.56 p50=   19.21 p95=   85.11 p99=  142.57 rps= 143.77
  s2s.crud.fetchFilms                           n=    1 err=   0 errRate=  0.00% avg=  224.62 min=  224.62 max=  224.62 p50=  224.62 p95=  224.62 p99=  224.62 rps=   0.03
window 1m
  calc.additional.maxViewersSummary             n=11270 err=   0 errRate=  0.00% avg=   33.33 min=   12.87 max=  584.60 p50=   22.34 p95=   88.96 p99=  160.46 rps= 187.83
  controller.AnalyticsController.maxViewersSummary n=11270 err=   0 errRate=  0.00% avg=   33.56 min=   12.97 max=  584.70 p50=   22.57 p95=   89.23 p99=  160.55 rps= 187.83
  s2s.crud.fetchAllTickets                      n=11270 err=   0 errRate=  0.00% avg=   32.96 min=   12.84 max=  584.56 p50=   22.28 p95=   88.20 p99=  153.01 rps= 187.83
  s2s.crud.fetchFilms                           n=    2 err=   0 errRate=  0.00% avg=  134.98 min=   45.34 max=  224.62 p50=  134.98 p95=  215.65 p99=  222.83 rps=   0.03

2026-05-06T21:03:55.270Z  INFO 1 --- [lab8-additional-service] [   scheduling-1] r.h.l.a.o.ObservabilityService           : [lab8-additional-service] observability refresh
window 10s
  calc.additional.maxViewersSummary             n= 1080 err=   0 errRate=  0.00% avg=   48.94 min=   13.05 max=  584.60 p50=   28.27 p95=  134.28 p99=  355.74 rps= 108.00
  controller.AnalyticsController.maxViewersSummary n= 1080 err=   0 errRate=  0.00% avg=   49.15 min=   13.16 max=  584.70 p50=   28.46 p95=  134.40 p99=  355.96 rps= 108.00
  s2s.crud.fetchAllTickets                      n= 1080 err=   0 errRate=  0.00% avg=   48.89 min=   13.02 max=  584.56 p50=   28.21 p95=  134.07 p99=  355.69 rps= 108.00
window 30s
  calc.additional.maxViewersSummary             n= 4248 err=   0 errRate=  0.00% avg=   32.14 min=   12.87 max=  584.60 p50=   19.17 p95=   93.65 p99=  197.09 rps= 141.60
  controller.AnalyticsController.maxViewersSummary n= 4248 err=   0 errRate=  0.00% avg=   32.35 min=   12.97 max=  584.70 p50=   19.40 p95=   94.04 p99=  197.21 rps= 141.60
  s2s.crud.fetchAllTickets                      n= 4248 err=   0 errRate=  0.00% avg=   31.42 min=   12.84 max=  584.56 p50=   19.12 p95=   89.56 p99=  154.53 rps= 141.60
  s2s.crud.fetchFilms                           n=    1 err=   0 errRate=  0.00% avg=  224.62 min=  224.62 max=  224.62 p50=  224.62 p95=  224.62 p99=  224.62 rps=   0.03
window 1m
  calc.additional.maxViewersSummary             n=11072 err=   0 errRate=  0.00% avg=   33.40 min=   12.87 max=  584.60 p50=   22.27 p95=   89.12 p99=  164.13 rps= 184.53
  controller.AnalyticsController.maxViewersSummary n=11072 err=   0 errRate=  0.00% avg=   33.64 min=   12.97 max=  584.70 p50=   22.52 p95=   89.33 p99=  164.39 rps= 184.53
  s2s.crud.fetchAllTickets                      n=11072 err=   0 errRate=  0.00% avg=   33.03 min=   12.84 max=  584.56 p50=   22.20 p95=   88.26 p99=  154.35 rps= 184.53
  s2s.crud.fetchFilms                           n=    2 err=   0 errRate=  0.00% avg=  134.98 min=   45.34 max=  224.62 p50=  134.98 p95=  215.65 p99=  222.83 rps=   0.03

2026-05-06T21:03:56.277Z  INFO 1 --- [lab8-additional-service] [   scheduling-1] r.h.l.a.o.ObservabilityService           : [lab8-additional-service] observability refresh
window 10s
  calc.additional.maxViewersSummary             n=  983 err=   0 errRate=  0.00% avg=   56.23 min=   13.22 max=  584.60 p50=   35.92 p95=  140.76 p99=  366.00 rps=  98.30
  controller.AnalyticsController.maxViewersSummary n=  983 err=   0 errRate=  0.00% avg=   56.44 min=   13.31 max=  584.70 p50=   36.05 p95=  140.96 p99=  366.32 rps=  98.30
  s2s.crud.fetchAllTickets                      n=  983 err=   0 errRate=  0.00% avg=   56.18 min=   13.16 max=  584.56 p50=   35.89 p95=  140.73 p99=  365.96 rps=  98.30
window 30s
  calc.additional.maxViewersSummary             n= 4172 err=   0 errRate=  0.00% avg=   33.28 min=   12.87 max=  584.60 p50=   19.83 p95=   96.59 p99=  222.55 rps= 139.07
  controller.AnalyticsController.maxViewersSummary n= 4172 err=   0 errRate=  0.00% avg=   33.49 min=   12.97 max=  584.70 p50=   20.01 p95=   96.92 p99=  222.66 rps= 139.07
  s2s.crud.fetchAllTickets                      n= 4172 err=   0 errRate=  0.00% avg=   32.54 min=   12.84 max=  584.56 p50=   19.78 p95=   93.91 p99=  168.23 rps= 139.07
  s2s.crud.fetchFilms                           n=    1 err=   0 errRate=  0.00% avg=  224.62 min=  224.62 max=  224.62 p50=  224.62 p95=  224.62 p99=  224.62 rps=   0.03
window 1m
  calc.additional.maxViewersSummary             n=10828 err=   0 errRate=  0.00% avg=   33.88 min=   12.87 max=  584.60 p50=   22.46 p95=   92.05 p99=  166.99 rps= 180.47
  controller.AnalyticsController.maxViewersSummary n=10828 err=   0 errRate=  0.00% avg=   34.12 min=   12.97 max=  584.70 p50=   22.74 p95=   92.20 p99=  167.25 rps= 180.47
  s2s.crud.fetchAllTickets                      n=10828 err=   0 errRate=  0.00% avg=   33.50 min=   12.84 max=  584.56 p50=   22.40 p95=   90.30 p99=  157.34 rps= 180.47
  s2s.crud.fetchFilms                           n=    2 err=   0 errRate=  0.00% avg=  134.98 min=   45.34 max=  224.62 p50=  134.98 p95=  215.65 p99=  222.83 rps=   0.03

2026-05-06T21:03:56.793Z  INFO 1 --- [lab8-additional-service] [   scheduling-1] r.h.l.a.service.FilmCacheService         : film-cache stats: size=310 ttlMs=30000 lastRefreshAtMs=1778101423801 hits=26526 misses=5 refreshes=5
2026-05-06T21:03:57.284Z  INFO 1 --- [lab8-additional-service] [   scheduling-1] r.h.l.a.o.ObservabilityService           : [lab8-additional-service] observability refresh
window 10s
  calc.additional.maxViewersSummary             n=  909 err=   0 errRate=  0.00% avg=   61.40 min=   13.22 max=  584.60 p50=   35.70 p95=  155.80 p99=  366.44 rps=  90.90
  controller.AnalyticsController.maxViewersSummary n=  909 err=   0 errRate=  0.00% avg=   61.61 min=   13.31 max=  584.70 p50=   35.90 p95=  156.00 p99=  366.58 rps=  90.90
  s2s.crud.fetchAllTickets                      n=  909 err=   0 errRate=  0.00% avg=   61.36 min=   13.16 max=  584.56 p50=   35.65 p95=  155.77 p99=  366.40 rps=  90.90
window 30s
  calc.additional.maxViewersSummary             n= 4051 err=   0 errRate=  0.00% avg=   35.10 min=   12.87 max=  584.60 p50=   20.21 p95=  104.66 p99=  237.30 rps= 135.03
  controller.AnalyticsController.maxViewersSummary n= 4051 err=   0 errRate=  0.00% avg=   35.30 min=   12.97 max=  584.70 p50=   20.43 p95=  104.85 p99=  237.42 rps= 135.03
  s2s.crud.fetchAllTickets                      n= 4051 err=   0 errRate=  0.00% avg=   34.34 min=   12.84 max=  584.56 p50=   20.18 p95=  101.55 p99=  196.86 rps= 135.03
  s2s.crud.fetchFilms                           n=    1 err=   0 errRate=  0.00% avg=  224.62 min=  224.62 max=  224.62 p50=  224.62 p95=  224.62 p99=  224.62 rps=   0.03
window 1m
  calc.additional.maxViewersSummary             n=10559 err=   0 errRate=  0.00% avg=   34.65 min=   12.87 max=  584.60 p50=   22.83 p95=   95.45 p99=  177.32 rps= 175.98
  controller.AnalyticsController.maxViewersSummary n=10559 err=   0 errRate=  0.00% avg=   34.88 min=   12.97 max=  584.70 p50=   23.10 p95=   95.64 p99=  177.77 rps= 175.98
  s2s.crud.fetchAllTickets                      n=10559 err=   0 errRate=  0.00% avg=   34.26 min=   12.84 max=  584.56 p50=   22.78 p95=   94.40 p99=  163.27 rps= 175.98
  s2s.crud.fetchFilms                           n=    2 err=   0 errRate=  0.00% avg=  134.98 min=   45.34 max=  224.62 p50=  134.98 p95=  215.65 p99=  222.83 rps=   0.03

2026-05-06T21:03:58.291Z  INFO 1 --- [lab8-additional-service] [   scheduling-1] r.h.l.a.o.ObservabilityService           : [lab8-additional-service] observability refresh
window 10s
  calc.additional.maxViewersSummary             n=  777 err=   0 errRate=  0.00% avg=   68.63 min=   13.22 max=  584.60 p50=   42.60 p95=  173.17 p99=  368.80 rps=  77.70
  controller.AnalyticsController.maxViewersSummary n=  777 err=   0 errRate=  0.00% avg=   68.83 min=   13.31 max=  584.70 p50=   42.72 p95=  173.29 p99=  368.95 rps=  77.70
  s2s.crud.fetchAllTickets                      n=  777 err=   0 errRate=  0.00% avg=   68.58 min=   13.16 max=  584.56 p50=   42.57 p95=  173.04 p99=  368.76 rps=  77.70
window 30s
  calc.additional.maxViewersSummary             n= 3882 err=   0 errRate=  0.00% avg=   36.14 min=   12.87 max=  584.60 p50=   21.23 p95=  108.20 p99=  244.38 rps= 129.40
  controller.AnalyticsController.maxViewersSummary n= 3882 err=   0 errRate=  0.00% avg=   36.35 min=   12.97 max=  584.70 p50=   21.45 p95=  108.38 p99=  244.49 rps= 129.40
  s2s.crud.fetchAllTickets                      n= 3882 err=   0 errRate=  0.00% avg=   35.35 min=   12.84 max=  584.56 p50=   21.18 p95=  104.30 p99=  201.74 rps= 129.40
  s2s.crud.fetchFilms                           n=    1 err=   0 errRate=  0.00% avg=  224.62 min=  224.62 max=  224.62 p50=  224.62 p95=  224.62 p99=  224.62 rps=   0.03
window 1m
  calc.additional.maxViewersSummary             n=10233 err=   0 errRate=  0.00% avg=   35.07 min=   12.87 max=  584.60 p50=   23.04 p95=   97.65 p99=  182.58 rps= 170.55
  controller.AnalyticsController.maxViewersSummary n=10233 err=   0 errRate=  0.00% avg=   35.30 min=   12.97 max=  584.70 p50=   23.36 p95=   97.91 p99=  182.67 rps= 170.55
  s2s.crud.fetchAllTickets                      n=10233 err=   0 errRate=  0.00% avg=   34.66 min=   12.84 max=  584.56 p50=   23.00 p95=   95.60 p99=  164.72 rps= 170.55
  s2s.crud.fetchFilms                           n=    2 err=   0 errRate=  0.00% avg=  134.98 min=   45.34 max=  224.62 p50=  134.98 p95=  215.65 p99=  222.83 rps=   0.03

2026-05-06T21:03:59.300Z  INFO 1 --- [lab8-additional-service] [   scheduling-1] r.h.l.a.o.ObservabilityService           : [lab8-additional-service] observability refresh
window 10s
  calc.additional.maxViewersSummary             n=  775 err=   0 errRate=  0.00% avg=   69.96 min=   13.22 max=  584.60 p50=   41.79 p95=  173.30 p99=  368.87 rps=  77.50
  controller.AnalyticsController.maxViewersSummary n=  773 err=   0 errRate=  0.00% avg=   70.28 min=   13.31 max=  584.70 p50=   42.66 p95=  173.54 p99=  369.10 rps=  77.30
  s2s.crud.fetchAllTickets                      n=  775 err=   0 errRate=  0.00% avg=   69.91 min=   13.16 max=  584.56 p50=   41.77 p95=  173.19 p99=  368.83 rps=  77.50
window 30s
  calc.additional.maxViewersSummary             n= 3959 err=   0 errRate=  0.00% avg=   35.36 min=   12.87 max=  584.60 p50=   21.05 p95=  106.72 p99=  240.80 rps= 131.97
  controller.AnalyticsController.maxViewersSummary n= 3957 err=   0 errRate=  0.00% avg=   35.58 min=   12.97 max=  584.70 p50=   21.21 p95=  107.04 p99=  241.04 rps= 131.90
  s2s.crud.fetchAllTickets                      n= 3959 err=   0 errRate=  0.00% avg=   34.59 min=   12.84 max=  584.56 p50=   20.99 p95=  103.44 p99=  196.37 rps= 131.97
  s2s.crud.fetchFilms                           n=    1 err=   0 errRate=  0.00% avg=  224.62 min=  224.62 max=  224.62 p50=  224.62 p95=  224.62 p99=  224.62 rps=   0.03
window 1m
  calc.additional.maxViewersSummary             n=10199 err=   0 errRate=  0.00% avg=   34.28 min=   12.87 max=  584.60 p50=   22.83 p95=   94.46 p99=  182.35 rps= 169.98
  controller.AnalyticsController.maxViewersSummary n=10197 err=   0 errRate=  0.00% avg=   34.51 min=   12.97 max=  584.70 p50=   23.10 p95=   94.74 p99=  182.46 rps= 169.95
  s2s.crud.fetchAllTickets                      n=10199 err=   0 errRate=  0.00% avg=   33.88 min=   12.84 max=  584.56 p50=   22.78 p95=   92.95 p99=  164.23 rps= 169.98
  s2s.crud.fetchFilms                           n=    2 err=   0 errRate=  0.00% avg=  134.98 min=   45.34 max=  224.62 p50=  134.98 p95=  215.65 p99=  222.83 rps=   0.03

2026-05-06T21:04:00.308Z  INFO 1 --- [lab8-additional-service] [   scheduling-1] r.h.l.a.o.ObservabilityService           : [lab8-additional-service] observability refresh
window 10s
  calc.additional.maxViewersSummary             n=  855 err=   0 errRate=  0.00% avg=   59.94 min=   12.94 max=  584.60 p50=   29.45 p95=  156.05 p99=  367.14 rps=  85.50
  controller.AnalyticsController.maxViewersSummary n=  855 err=   0 errRate=  0.00% avg=   60.13 min=   13.03 max=  584.70 p50=   29.69 p95=  156.25 p99=  367.27 rps=  85.50
  s2s.crud.fetchAllTickets                      n=  855 err=   0 errRate=  0.00% avg=   59.89 min=   12.91 max=  584.56 p50=   29.41 p95=  156.02 p99=  367.10 rps=  85.50
window 30s
  calc.additional.maxViewersSummary             n= 3989 err=   0 errRate=  0.00% avg=   34.70 min=   12.87 max=  584.60 p50=   19.99 p95=  105.05 p99=  239.17 rps= 132.97
  controller.AnalyticsController.maxViewersSummary n= 3989 err=   0 errRate=  0.00% avg=   34.91 min=   12.97 max=  584.70 p50=   20.23 p95=  105.25 p99=  239.32 rps= 132.97
  s2s.crud.fetchAllTickets                      n= 3989 err=   0 errRate=  0.00% avg=   33.93 min=   12.84 max=  584.56 p50=   19.92 p95=  101.77 p99=  194.54 rps= 132.97
  s2s.crud.fetchFilms                           n=    1 err=   0 errRate=  0.00% avg=  224.62 min=  224.62 max=  224.62 p50=  224.62 p95=  224.62 p99=  224.62 rps=   0.03
window 1m
  calc.additional.maxViewersSummary             n=10119 err=   0 errRate=  0.00% avg=   33.58 min=   12.87 max=  584.60 p50=   22.07 p95=   93.99 p99=  181.98 rps= 168.65
  controller.AnalyticsController.maxViewersSummary n=10119 err=   0 errRate=  0.00% avg=   33.82 min=   12.97 max=  584.70 p50=   22.35 p95=   94.25 p99=  182.08 rps= 168.65
  s2s.crud.fetchAllTickets                      n=10119 err=   0 errRate=  0.00% avg=   33.18 min=   12.84 max=  584.56 p50=   22.02 p95=   92.14 p99=  164.18 rps= 168.65
  s2s.crud.fetchFilms                           n=    2 err=   0 errRate=  0.00% avg=  134.98 min=   45.34 max=  224.62 p50=  134.98 p95=  215.65 p99=  222.83 rps=   0.03

2026-05-06T21:04:01.316Z  INFO 1 --- [lab8-additional-service] [   scheduling-1] r.h.l.a.o.ObservabilityService           : [lab8-additional-service] observability refresh
window 10s
  calc.additional.maxViewersSummary             n=  978 err=   0 errRate=  0.00% avg=   50.74 min=   12.94 max=  584.60 p50=   24.34 p95=  148.32 p99=  364.91 rps=  97.80
  controller.AnalyticsController.maxViewersSummary n=  978 err=   0 errRate=  0.00% avg=   50.92 min=   13.03 max=  584.70 p50=   24.60 p95=  148.45 p99=  365.07 rps=  97.80
  s2s.crud.fetchAllTickets                      n=  978 err=   0 errRate=  0.00% avg=   50.69 min=   12.91 max=  584.56 p50=   24.30 p95=  148.28 p99=  364.88 rps=  97.80
window 30s
  calc.additional.maxViewersSummary             n= 4000 err=   0 errRate=  0.00% avg=   34.58 min=   12.87 max=  584.60 p50=   19.43 p95=  105.20 p99=  238.57 rps= 133.33
  controller.AnalyticsController.maxViewersSummary n= 4000 err=   0 errRate=  0.00% avg=   34.78 min=   12.97 max=  584.70 p50=   19.72 p95=  105.38 p99=  238.72 rps= 133.33
  s2s.crud.fetchAllTickets                      n= 4000 err=   0 errRate=  0.00% avg=   33.81 min=   12.84 max=  584.56 p50=   19.39 p95=  101.84 p99=  200.01 rps= 133.33
  s2s.crud.fetchFilms                           n=    1 err=   0 errRate=  0.00% avg=  224.62 min=  224.62 max=  224.62 p50=  224.62 p95=  224.62 p99=  224.62 rps=   0.03
window 1m
  calc.additional.maxViewersSummary             n= 9979 err=   0 errRate=  0.00% avg=   33.48 min=   12.87 max=  584.60 p50=   21.67 p95=   94.70 p99=  183.10 rps= 166.32
  controller.AnalyticsController.maxViewersSummary n= 9979 err=   0 errRate=  0.00% avg=   33.70 min=   12.97 max=  584.70 p50=   21.95 p95=   94.91 p99=  183.44 rps= 166.32
  s2s.crud.fetchAllTickets                      n= 9979 err=   0 errRate=  0.00% avg=   33.07 min=   12.84 max=  584.56 p50=   21.63 p95=   93.12 p99=  165.75 rps= 166.32
  s2s.crud.fetchFilms                           n=    2 err=   0 errRate=  0.00% avg=  134.98 min=   45.34 max=  224.62 p50=  134.98 p95=  215.65 p99=  222.83 rps=   0.03

2026-05-06T21:04:02.325Z  INFO 1 --- [lab8-additional-service] [   scheduling-1] r.h.l.a.o.ObservabilityService           : [lab8-additional-service] observability refresh
window 10s
  calc.additional.maxViewersSummary             n= 1022 err=   0 errRate=  0.00% avg=   44.61 min=   12.94 max=  584.60 p50=   20.72 p95=  142.25 p99=  363.75 rps= 102.20
  controller.AnalyticsController.maxViewersSummary n= 1022 err=   0 errRate=  0.00% avg=   44.79 min=   13.03 max=  584.70 p50=   21.08 p95=  142.40 p99=  363.84 rps= 102.20
  s2s.crud.fetchAllTickets                      n= 1022 err=   0 errRate=  0.00% avg=   44.56 min=   12.91 max=  584.56 p50=   20.68 p95=  142.21 p99=  363.71 rps= 102.20
window 30s
  calc.additional.maxViewersSummary             n= 4027 err=   0 errRate=  0.00% avg=   34.12 min=   12.87 max=  584.60 p50=   19.02 p95=  104.81 p99=  235.92 rps= 134.23
  controller.AnalyticsController.maxViewersSummary n= 4027 err=   0 errRate=  0.00% avg=   34.32 min=   12.97 max=  584.70 p50=   19.26 p95=  105.02 p99=  236.07 rps= 134.23
  s2s.crud.fetchAllTickets                      n= 4027 err=   0 errRate=  0.00% avg=   33.35 min=   12.84 max=  584.56 p50=   18.97 p95=  101.41 p99=  192.62 rps= 134.23
  s2s.crud.fetchFilms                           n=    1 err=   0 errRate=  0.00% avg=  224.62 min=  224.62 max=  224.62 p50=  224.62 p95=  224.62 p99=  224.62 rps=   0.03
window 1m
  calc.additional.maxViewersSummary             n= 9859 err=   0 errRate=  0.00% avg=   33.21 min=   12.87 max=  584.60 p50=   21.49 p95=   94.40 p99=  184.18 rps= 164.32
  controller.AnalyticsController.maxViewersSummary n= 9859 err=   0 errRate=  0.00% avg=   33.44 min=   12.97 max=  584.70 p50=   21.73 p95=   94.63 p99=  184.31 rps= 164.32
  s2s.crud.fetchAllTickets                      n= 9859 err=   0 errRate=  0.00% avg=   32.80 min=   12.84 max=  584.56 p50=   21.43 p95=   92.44 p99=  166.94 rps= 164.32
  s2s.crud.fetchFilms                           n=    2 err=   0 errRate=  0.00% avg=  134.98 min=   45.34 max=  224.62 p50=  134.98 p95=  215.65 p99=  222.83 rps=   0.03

2026-05-06T21:04:03.332Z  INFO 1 --- [lab8-additional-service] [   scheduling-1] r.h.l.a.o.ObservabilityService           : [lab8-additional-service] observability refresh
window 10s
  calc.additional.maxViewersSummary             n= 1100 err=   0 errRate=  0.00% avg=   40.65 min=   12.94 max=  584.60 p50=   21.03 p95=  137.99 p99=  339.74 rps= 110.00
  controller.AnalyticsController.maxViewersSummary n= 1100 err=   0 errRate=  0.00% avg=   40.84 min=   13.03 max=  584.70 p50=   21.27 p95=  138.13 p99=  339.89 rps= 110.00
  s2s.crud.fetchAllTickets                      n= 1100 err=   0 errRate=  0.00% avg=   40.60 min=   12.91 max=  584.56 p50=   20.99 p95=  137.95 p99=  339.70 rps= 110.00
window 30s
  calc.additional.maxViewersSummary             n= 3998 err=   0 errRate=  0.00% avg=   34.52 min=   12.87 max=  584.60 p50=   19.90 p95=  104.84 p99=  235.49 rps= 133.27
  controller.AnalyticsController.maxViewersSummary n= 3998 err=   0 errRate=  0.00% avg=   34.72 min=   12.97 max=  584.70 p50=   20.17 p95=  105.05 p99=  235.78 rps= 133.27
  s2s.crud.fetchAllTickets                      n= 3998 err=   0 errRate=  0.00% avg=   33.75 min=   12.84 max=  584.56 p50=   19.87 p95=  101.47 p99=  189.35 rps= 133.27
  s2s.crud.fetchFilms                           n=    1 err=   0 errRate=  0.00% avg=  224.62 min=  224.62 max=  224.62 p50=  224.62 p95=  224.62 p99=  224.62 rps=   0.03
window 1m
  calc.additional.maxViewersSummary             n= 9877 err=   0 errRate=  0.00% avg=   31.78 min=   12.87 max=  584.60 p50=   21.18 p95=   85.08 p99=  163.88 rps= 164.62
  controller.AnalyticsController.maxViewersSummary n= 9877 err=   0 errRate=  0.00% avg=   32.00 min=   12.97 max=  584.70 p50=   21.42 p95=   85.18 p99=  164.25 rps= 164.62
  s2s.crud.fetchAllTickets                      n= 9877 err=   0 errRate=  0.00% avg=   31.36 min=   12.84 max=  584.56 p50=   21.14 p95=   84.48 p99=  153.32 rps= 164.62
  s2s.crud.fetchFilms                           n=    2 err=   0 errRate=  0.00% avg=  134.98 min=   45.34 max=  224.62 p50=  134.98 p95=  215.65 p99=  222.83 rps=   0.03

2026-05-06T21:04:04.341Z  INFO 1 --- [lab8-additional-service] [   scheduling-1] r.h.l.a.o.ObservabilityService           : [lab8-additional-service] observability refresh
window 10s
  calc.additional.maxViewersSummary             n= 1261 err=   0 errRate=  0.00% avg=   31.68 min=   12.94 max=  367.91 p50=   18.35 p95=  119.04 p99=  211.70 rps= 126.10
  controller.AnalyticsController.maxViewersSummary n= 1261 err=   0 errRate=  0.00% avg=   31.86 min=   13.03 max=  368.06 p50=   18.63 p95=  119.26 p99=  211.81 rps= 126.10
  s2s.crud.fetchAllTickets                      n= 1261 err=   0 errRate=  0.00% avg=   31.63 min=   12.91 max=  367.87 p50=   18.29 p95=  119.01 p99=  211.66 rps= 126.10
window 30s
  calc.additional.maxViewersSummary             n= 4014 err=   0 errRate=  0.00% avg=   34.10 min=   12.87 max=  584.60 p50=   19.10 p95=  104.77 p99=  235.12 rps= 133.80
  controller.AnalyticsController.maxViewersSummary n= 4014 err=   0 errRate=  0.00% avg=   34.30 min=   12.97 max=  584.70 p50=   19.31 p95=  104.99 p99=  235.41 rps= 133.80
  s2s.crud.fetchAllTickets                      n= 4014 err=   0 errRate=  0.00% avg=   33.34 min=   12.84 max=  584.56 p50=   19.06 p95=  101.38 p99=  188.05 rps= 133.80
  s2s.crud.fetchFilms                           n=    1 err=   0 errRate=  0.00% avg=  224.62 min=  224.62 max=  224.62 p50=  224.62 p95=  224.62 p99=  224.62 rps=   0.03
window 1m
  calc.additional.maxViewersSummary             n= 9703 err=   0 errRate=  0.00% avg=   31.94 min=   12.87 max=  584.60 p50=   21.49 p95=   85.56 p99=  164.75 rps= 161.72
  controller.AnalyticsController.maxViewersSummary n= 9703 err=   0 errRate=  0.00% avg=   32.16 min=   12.97 max=  584.70 p50=   21.73 p95=   85.71 p99=  164.85 rps= 161.72
  s2s.crud.fetchAllTickets                      n= 9703 err=   0 errRate=  0.00% avg=   31.52 min=   12.84 max=  584.56 p50=   21.43 p95=   84.80 p99=  153.75 rps= 161.72
  s2s.crud.fetchFilms                           n=    2 err=   0 errRate=  0.00% avg=  134.98 min=   45.34 max=  224.62 p50=  134.98 p95=  215.65 p99=  222.83 rps=   0.03

2026-05-06T21:04:05.348Z  INFO 1 --- [lab8-additional-service] [   scheduling-1] r.h.l.a.o.ObservabilityService           : [lab8-additional-service] observability refresh
window 10s
  calc.additional.maxViewersSummary             n= 1381 err=   0 errRate=  0.00% avg=   26.99 min=   12.94 max=  364.62 p50=   16.58 p95=   86.00 p99=  154.97 rps= 138.10
  controller.AnalyticsController.maxViewersSummary n= 1381 err=   0 errRate=  0.00% avg=   27.17 min=   13.03 max=  364.72 p50=   16.79 p95=   86.09 p99=  155.18 rps= 138.10
  s2s.crud.fetchAllTickets                      n= 1381 err=   0 errRate=  0.00% avg=   26.94 min=   12.91 max=  364.59 p50=   16.53 p95=   85.96 p99=  154.93 rps= 138.10
window 30s
  calc.additional.maxViewersSummary             n= 4031 err=   0 errRate=  0.00% avg=   34.09 min=   12.87 max=  584.60 p50=   18.99 p95=  104.78 p99=  235.89 rps= 134.37
  controller.AnalyticsController.maxViewersSummary n= 4031 err=   0 errRate=  0.00% avg=   34.29 min=   12.97 max=  584.70 p50=   19.23 p95=  105.00 p99=  236.05 rps= 134.37
  s2s.crud.fetchAllTickets                      n= 4031 err=   0 errRate=  0.00% avg=   33.33 min=   12.84 max=  584.56 p50=   18.94 p95=  101.39 p99=  192.43 rps= 134.37
  s2s.crud.fetchFilms                           n=    1 err=   0 errRate=  0.00% avg=  224.62 min=  224.62 max=  224.62 p50=  224.62 p95=  224.62 p99=  224.62 rps=   0.03
window 1m
  calc.additional.maxViewersSummary             n= 9620 err=   0 errRate=  0.00% avg=   31.61 min=   12.87 max=  584.60 p50=   20.94 p95=   85.80 p99=  166.65 rps= 160.33
  controller.AnalyticsController.maxViewersSummary n= 9620 err=   0 errRate=  0.00% avg=   31.82 min=   12.97 max=  584.70 p50=   21.15 p95=   85.97 p99=  166.78 rps= 160.33
  s2s.crud.fetchAllTickets                      n= 9620 err=   0 errRate=  0.00% avg=   31.18 min=   12.84 max=  584.56 p50=   20.88 p95=   85.27 p99=  154.11 rps= 160.33
  s2s.crud.fetchFilms                           n=    2 err=   0 errRate=  0.00% avg=  134.98 min=   45.34 max=  224.62 p50=  134.98 p95=  215.65 p99=  222.83 rps=   0.03

2026-05-06T21:04:06.358Z  INFO 1 --- [lab8-additional-service] [   scheduling-1] r.h.l.a.o.ObservabilityService           : [lab8-additional-service] observability refresh
window 10s
  calc.additional.maxViewersSummary             n= 1466 err=   0 errRate=  0.00% avg=   24.09 min=   12.94 max=  364.62 p50=   15.96 p95=   43.10 p99=  148.89 rps= 146.60
  controller.AnalyticsController.maxViewersSummary n= 1466 err=   0 errRate=  0.00% avg=   24.27 min=   13.03 max=  364.72 p50=   16.13 p95=   43.23 p99=  149.00 rps= 146.60
  s2s.crud.fetchAllTickets                      n= 1466 err=   0 errRate=  0.00% avg=   24.04 min=   12.91 max=  364.59 p50=   15.89 p95=   43.04 p99=  148.84 rps= 146.60
window 30s
  calc.additional.maxViewersSummary             n= 4014 err=   0 errRate=  0.00% avg=   34.10 min=   12.87 max=  584.60 p50=   19.27 p95=  104.84 p99=  236.00 rps= 133.80
  controller.AnalyticsController.maxViewersSummary n= 4014 err=   0 errRate=  0.00% avg=   34.29 min=   12.97 max=  584.70 p50=   19.55 p95=  105.06 p99=  236.12 rps= 133.80
  s2s.crud.fetchAllTickets                      n= 4014 err=   0 errRate=  0.00% avg=   33.33 min=   12.84 max=  584.56 p50=   19.23 p95=  101.51 p99=  193.21 rps= 133.80
  s2s.crud.fetchFilms                           n=    1 err=   0 errRate=  0.00% avg=  224.62 min=  224.62 max=  224.62 p50=  224.62 p95=  224.62 p99=  224.62 rps=   0.03
window 1m
  calc.additional.maxViewersSummary             n= 9532 err=   0 errRate=  0.00% avg=   30.98 min=   12.87 max=  584.60 p50=   20.39 p95=   83.37 p99=  166.48 rps= 158.87
  controller.AnalyticsController.maxViewersSummary n= 9532 err=   0 errRate=  0.00% avg=   31.19 min=   12.97 max=  584.70 p50=   20.62 p95=   83.60 p99=  166.61 rps= 158.87
  s2s.crud.fetchAllTickets                      n= 9532 err=   0 errRate=  0.00% avg=   30.55 min=   12.84 max=  584.56 p50=   20.34 p95=   82.66 p99=  153.14 rps= 158.87
  s2s.crud.fetchFilms                           n=    2 err=   0 errRate=  0.00% avg=  134.98 min=   45.34 max=  224.62 p50=  134.98 p95=  215.65 p99=  222.83 rps=   0.03

2026-05-06T21:04:06.793Z  INFO 1 --- [lab8-additional-service] [   scheduling-1] r.h.l.a.service.FilmCacheService         : film-cache stats: size=310 ttlMs=30000 lastRefreshAtMs=1778101423801 hits=28051 misses=5 refreshes=5
2026-05-06T21:04:07.368Z  INFO 1 --- [lab8-additional-service] [   scheduling-1] r.h.l.a.o.ObservabilityService           : [lab8-additional-service] observability refresh
window 10s
  calc.additional.maxViewersSummary             n= 1634 err=   0 errRate=  0.00% avg=   19.44 min=   12.77 max=  242.01 p50=   14.97 p95=   35.85 p99=   63.21 rps= 163.40
  controller.AnalyticsController.maxViewersSummary n= 1634 err=   0 errRate=  0.00% avg=   19.61 min=   12.86 max=  242.23 p50=   15.18 p95=   36.03 p99=   63.41 rps= 163.40
  s2s.crud.fetchAllTickets                      n= 1634 err=   0 errRate=  0.00% avg=   19.39 min=   12.74 max=  241.98 p50=   14.91 p95=   35.82 p99=   63.18 rps= 163.40
window 30s
  calc.additional.maxViewersSummary             n= 4081 err=   0 errRate=  0.00% avg=   33.28 min=   12.77 max=  584.60 p50=   18.30 p95=  104.36 p99=  235.59 rps= 136.03
  controller.AnalyticsController.maxViewersSummary n= 4081 err=   0 errRate=  0.00% avg=   33.47 min=   12.86 max=  584.70 p50=   18.56 p95=  104.49 p99=  235.85 rps= 136.03
  s2s.crud.fetchAllTickets                      n= 4081 err=   0 errRate=  0.00% avg=   32.53 min=   12.74 max=  584.56 p50=   18.25 p95=  101.05 p99=  190.14 rps= 136.03
  s2s.crud.fetchFilms                           n=    1 err=   0 errRate=  0.00% avg=  224.62 min=  224.62 max=  224.62 p50=  224.62 p95=  224.62 p99=  224.62 rps=   0.03
window 1m
  calc.additional.maxViewersSummary             n= 9456 err=   0 errRate=  0.00% avg=   30.38 min=   12.77 max=  584.60 p50=   19.67 p95=   82.41 p99=  166.94 rps= 157.60
  controller.AnalyticsController.maxViewersSummary n= 9456 err=   0 errRate=  0.00% avg=   30.59 min=   12.86 max=  584.70 p50=   19.92 p95=   82.53 p99=  167.06 rps= 157.60
  s2s.crud.fetchAllTickets                      n= 9456 err=   0 errRate=  0.00% avg=   29.95 min=   12.74 max=  584.56 p50=   19.63 p95=   80.50 p99=  153.43 rps= 157.60
  s2s.crud.fetchFilms                           n=    2 err=   0 errRate=  0.00% avg=  134.98 min=   45.34 max=  224.62 p50=  134.98 p95=  215.65 p99=  222.83 rps=   0.03

2026-05-06T21:04:08.378Z  INFO 1 --- [lab8-additional-service] [   scheduling-1] r.h.l.a.o.ObservabilityService           : [lab8-additional-service] observability refresh
window 10s
  calc.additional.maxViewersSummary             n= 1774 err=   0 errRate=  0.00% avg=   18.89 min=   12.77 max=  242.01 p50=   14.96 p95=   35.32 p99=   43.46 rps= 177.40
  controller.AnalyticsController.maxViewersSummary n= 1774 err=   0 errRate=  0.00% avg=   19.07 min=   12.86 max=  242.23 p50=   15.16 p95=   35.41 p99=   43.64 rps= 177.40
  s2s.crud.fetchAllTickets                      n= 1774 err=   0 errRate=  0.00% avg=   18.85 min=   12.74 max=  241.98 p50=   14.90 p95=   35.28 p99=   43.40 rps= 177.40
window 30s
  calc.additional.maxViewersSummary             n= 4090 err=   0 errRate=  0.00% avg=   32.93 min=   12.77 max=  584.60 p50=   17.79 p95=  104.19 p99=  235.54 rps= 136.33
  controller.AnalyticsController.maxViewersSummary n= 4090 err=   0 errRate=  0.00% avg=   33.12 min=   12.86 max=  584.70 p50=   18.02 p95=  104.39 p99=  235.81 rps= 136.33
  s2s.crud.fetchAllTickets                      n= 4090 err=   0 errRate=  0.00% avg=   32.18 min=   12.74 max=  584.56 p50=   17.72 p95=  100.77 p99=  189.72 rps= 136.33
  s2s.crud.fetchFilms                           n=    1 err=   0 errRate=  0.00% avg=  224.62 min=  224.62 max=  224.62 p50=  224.62 p95=  224.62 p99=  224.62 rps=   0.03
window 1m
  calc.additional.maxViewersSummary             n= 9301 err=   0 errRate=  0.00% avg=   30.38 min=   12.77 max=  584.60 p50=   19.60 p95=   82.92 p99=  166.95 rps= 155.02
  controller.AnalyticsController.maxViewersSummary n= 9302 err=   0 errRate=  0.00% avg=   30.59 min=   12.86 max=  584.70 p50=   19.81 p95=   83.23 p99=  167.06 rps= 155.03
  s2s.crud.fetchAllTickets                      n= 9301 err=   0 errRate=  0.00% avg=   29.94 min=   12.74 max=  584.56 p50=   19.55 p95=   81.01 p99=  153.71 rps= 155.02
  s2s.crud.fetchFilms                           n=    2 err=   0 errRate=  0.00% avg=  134.98 min=   45.34 max=  224.62 p50=  134.98 p95=  215.65 p99=  222.83 rps=   0.03

2026-05-06T21:04:09.387Z  INFO 1 --- [lab8-additional-service] [   scheduling-1] r.h.l.a.o.ObservabilityService           : [lab8-additional-service] observability refresh
window 10s
  calc.additional.maxViewersSummary             n= 1737 err=   0 errRate=  0.00% avg=   19.42 min=   12.77 max=  242.01 p50=   14.89 p95=   37.08 p99=   57.24 rps= 173.70
  controller.AnalyticsController.maxViewersSummary n= 1737 err=   0 errRate=  0.00% avg=   19.59 min=   12.86 max=  242.23 p50=   15.04 p95=   37.38 p99=   57.48 rps= 173.70
  s2s.crud.fetchAllTickets                      n= 1737 err=   0 errRate=  0.00% avg=   19.37 min=   12.74 max=  241.98 p50=   14.84 p95=   37.04 p99=   57.19 rps= 173.70
window 30s
  calc.additional.maxViewersSummary             n= 4059 err=   0 errRate=  0.00% avg=   33.33 min=   12.77 max=  584.60 p50=   18.44 p95=  104.02 p99=  232.65 rps= 135.30
  controller.AnalyticsController.maxViewersSummary n= 4059 err=   0 errRate=  0.00% avg=   33.52 min=   12.86 max=  584.70 p50=   18.68 p95=  104.28 p99=  232.93 rps= 135.30
  s2s.crud.fetchAllTickets                      n= 4059 err=   0 errRate=  0.00% avg=   32.57 min=   12.74 max=  584.56 p50=   18.39 p95=  100.49 p99=  177.98 rps= 135.30
  s2s.crud.fetchFilms                           n=    1 err=   0 errRate=  0.00% avg=  224.62 min=  224.62 max=  224.62 p50=  224.62 p95=  224.62 p99=  224.62 rps=   0.03
window 1m
  calc.additional.maxViewersSummary             n= 9122 err=   0 errRate=  0.00% avg=   30.47 min=   12.77 max=  584.60 p50=   19.61 p95=   83.30 p99=  171.26 rps= 152.03
  controller.AnalyticsController.maxViewersSummary n= 9122 err=   0 errRate=  0.00% avg=   30.68 min=   12.86 max=  584.70 p50=   19.82 p95=   83.59 p99=  171.35 rps= 152.03
  s2s.crud.fetchAllTickets                      n= 9122 err=   0 errRate=  0.00% avg=   30.03 min=   12.74 max=  584.56 p50=   19.56 p95=   82.35 p99=  154.35 rps= 152.03
  s2s.crud.fetchFilms                           n=    2 err=   0 errRate=  0.00% avg=  134.98 min=   45.34 max=  224.62 p50=  134.98 p95=  215.65 p99=  222.83 rps=   0.03

2026-05-06T21:04:10.395Z  INFO 1 --- [lab8-additional-service] [   scheduling-1] r.h.l.a.o.ObservabilityService           : [lab8-additional-service] observability refresh
window 10s
  calc.additional.maxViewersSummary             n= 1775 err=   0 errRate=  0.00% avg=   19.45 min=   12.77 max=  242.01 p50=   14.91 p95=   36.92 p99=   57.12 rps= 177.50
  controller.AnalyticsController.maxViewersSummary n= 1775 err=   0 errRate=  0.00% avg=   19.62 min=   12.86 max=  242.23 p50=   15.07 p95=   37.12 p99=   57.46 rps= 177.50
  s2s.crud.fetchAllTickets                      n= 1775 err=   0 errRate=  0.00% avg=   19.40 min=   12.74 max=  241.98 p50=   14.87 p95=   36.87 p99=   57.08 rps= 177.50
window 30s
  calc.additional.maxViewersSummary             n= 4081 err=   0 errRate=  0.00% avg=   33.14 min=   12.77 max=  584.60 p50=   17.99 p95=  103.63 p99=  232.61 rps= 136.03
  controller.AnalyticsController.maxViewersSummary n= 4081 err=   0 errRate=  0.00% avg=   33.33 min=   12.86 max=  584.70 p50=   18.21 p95=  104.17 p99=  232.92 rps= 136.03
  s2s.crud.fetchAllTickets                      n= 4081 err=   0 errRate=  0.00% avg=   32.39 min=   12.74 max=  584.56 p50=   17.94 p95=  100.19 p99=  177.12 rps= 136.03
  s2s.crud.fetchFilms                           n=    1 err=   0 errRate=  0.00% avg=  224.62 min=  224.62 max=  224.62 p50=  224.62 p95=  224.62 p99=  224.62 rps=   0.03
window 1m
  calc.additional.maxViewersSummary             n= 9074 err=   0 errRate=  0.00% avg=   29.87 min=   12.77 max=  584.60 p50=   19.14 p95=   80.74 p99=  171.84 rps= 151.23
  controller.AnalyticsController.maxViewersSummary n= 9074 err=   0 errRate=  0.00% avg=   30.08 min=   12.86 max=  584.70 p50=   19.36 p95=   80.88 p99=  171.95 rps= 151.23
  s2s.crud.fetchAllTickets                      n= 9074 err=   0 errRate=  0.00% avg=   29.42 min=   12.74 max=  584.56 p50=   19.09 p95=   79.59 p99=  153.86 rps= 151.23
  s2s.crud.fetchFilms                           n=    2 err=   0 errRate=  0.00% avg=  134.98 min=   45.34 max=  224.62 p50=  134.98 p95=  215.65 p99=  222.83 rps=   0.03

2026-05-06T21:04:11.402Z  INFO 1 --- [lab8-additional-service] [   scheduling-1] r.h.l.a.o.ObservabilityService           : [lab8-additional-service] observability refresh
window 10s
  calc.additional.maxViewersSummary             n= 1809 err=   0 errRate=  0.00% avg=   18.97 min=   12.77 max=  242.01 p50=   14.67 p95=   36.77 p99=   54.74 rps= 180.90
  controller.AnalyticsController.maxViewersSummary n= 1809 err=   0 errRate=  0.00% avg=   19.14 min=   12.86 max=  242.23 p50=   14.86 p95=   36.87 p99=   54.94 rps= 180.90
  s2s.crud.fetchAllTickets                      n= 1809 err=   0 errRate=  0.00% avg=   18.93 min=   12.74 max=  241.98 p50=   14.63 p95=   36.73 p99=   54.70 rps= 180.90
window 30s
  calc.additional.maxViewersSummary             n= 4142 err=   0 errRate=  0.00% avg=   32.23 min=   12.77 max=  584.60 p50=   16.79 p95=  102.21 p99=  224.64 rps= 138.07
  controller.AnalyticsController.maxViewersSummary n= 4142 err=   0 errRate=  0.00% avg=   32.42 min=   12.86 max=  584.70 p50=   16.97 p95=  102.32 p99=  224.75 rps= 138.07
  s2s.crud.fetchAllTickets                      n= 4142 err=   0 errRate=  0.00% avg=   31.49 min=   12.74 max=  584.56 p50=   16.74 p95=   98.65 p99=  173.60 rps= 138.07
  s2s.crud.fetchFilms                           n=    1 err=   0 errRate=  0.00% avg=  224.62 min=  224.62 max=  224.62 p50=  224.62 p95=  224.62 p99=  224.62 rps=   0.03
window 1m
  calc.additional.maxViewersSummary             n= 8909 err=   0 errRate=  0.00% avg=   30.05 min=   12.77 max=  584.60 p50=   19.30 p95=   82.17 p99=  174.11 rps= 148.48
  controller.AnalyticsController.maxViewersSummary n= 8909 err=   0 errRate=  0.00% avg=   30.26 min=   12.86 max=  584.70 p50=   19.55 p95=   82.37 p99=  174.20 rps= 148.48
  s2s.crud.fetchAllTickets                      n= 8909 err=   0 errRate=  0.00% avg=   29.60 min=   12.74 max=  584.56 p50=   19.26 p95=   80.29 p99=  154.36 rps= 148.48
  s2s.crud.fetchFilms                           n=    2 err=   0 errRate=  0.00% avg=  134.98 min=   45.34 max=  224.62 p50=  134.98 p95=  215.65 p99=  222.83 rps=   0.03

2026-05-06T21:04:12.409Z  INFO 1 --- [lab8-additional-service] [   scheduling-1] r.h.l.a.o.ObservabilityService           : [lab8-additional-service] observability refresh
window 10s
  calc.additional.maxViewersSummary             n= 1873 err=   0 errRate=  0.00% avg=   18.27 min=   12.75 max=  242.01 p50=   14.29 p95=   36.37 p99=   54.01 rps= 187.30
  controller.AnalyticsController.maxViewersSummary n= 1873 err=   0 errRate=  0.00% avg=   18.44 min=   12.86 max=  242.23 p50=   14.47 p95=   36.56 p99=   54.21 rps= 187.30
  s2s.crud.fetchAllTickets                      n= 1873 err=   0 errRate=  0.00% avg=   18.23 min=   12.71 max=  241.98 p50=   14.25 p95=   36.34 p99=   53.95 rps= 187.30
window 30s
  calc.additional.maxViewersSummary             n= 4205 err=   0 errRate=  0.00% avg=   31.35 min=   12.75 max=  584.60 p50=   16.30 p95=  101.86 p99=  220.18 rps= 140.17
  controller.AnalyticsController.maxViewersSummary n= 4205 err=   0 errRate=  0.00% avg=   31.53 min=   12.86 max=  584.70 p50=   16.51 p95=  101.97 p99=  220.28 rps= 140.17
  s2s.crud.fetchAllTickets                      n= 4205 err=   0 errRate=  0.00% avg=   30.62 min=   12.71 max=  584.56 p50=   16.23 p95=   97.13 p99=  172.71 rps= 140.17
  s2s.crud.fetchFilms                           n=    1 err=   0 errRate=  0.00% avg=  224.62 min=  224.62 max=  224.62 p50=  224.62 p95=  224.62 p99=  224.62 rps=   0.03
window 1m
  calc.additional.maxViewersSummary             n= 8825 err=   0 errRate=  0.00% avg=   29.62 min=   12.75 max=  584.60 p50=   18.56 p95=   81.15 p99=  174.96 rps= 147.08
  controller.AnalyticsController.maxViewersSummary n= 8825 err=   0 errRate=  0.00% avg=   29.82 min=   12.86 max=  584.70 p50=   18.78 p95=   81.25 p99=  175.26 rps= 147.08
  s2s.crud.fetchAllTickets                      n= 8825 err=   0 errRate=  0.00% avg=   29.16 min=   12.71 max=  584.56 p50=   18.51 p95=   79.84 p99=  154.68 rps= 147.08
  s2s.crud.fetchFilms                           n=    2 err=   0 errRate=  0.00% avg=  134.98 min=   45.34 max=  224.62 p50=  134.98 p95=  215.65 p99=  222.83 rps=   0.03

2026-05-06T21:04:13.417Z  INFO 1 --- [lab8-additional-service] [   scheduling-1] r.h.l.a.o.ObservabilityService           : [lab8-additional-service] observability refresh
window 10s
  calc.additional.maxViewersSummary             n= 1921 err=   0 errRate=  0.00% avg=   17.40 min=   12.75 max=  242.01 p50=   14.03 p95=   33.83 p99=   53.65 rps= 192.10
  controller.AnalyticsController.maxViewersSummary n= 1921 err=   0 errRate=  0.00% avg=   17.56 min=   12.86 max=  242.23 p50=   14.21 p95=   34.03 p99=   53.87 rps= 192.10
  s2s.crud.fetchAllTickets                      n= 1921 err=   0 errRate=  0.00% avg=   17.35 min=   12.71 max=  241.98 p50=   13.99 p95=   33.80 p99=   53.59 rps= 192.10
window 30s
  calc.additional.maxViewersSummary             n= 4277 err=   0 errRate=  0.00% avg=   30.42 min=   12.75 max=  584.60 p50=   15.71 p95=   99.93 p99=  213.91 rps= 142.57
  controller.AnalyticsController.maxViewersSummary n= 4277 err=   0 errRate=  0.00% avg=   30.61 min=   12.86 max=  584.70 p50=   15.93 p95=  100.06 p99=  214.02 rps= 142.57
  s2s.crud.fetchAllTickets                      n= 4277 err=   0 errRate=  0.00% avg=   29.71 min=   12.71 max=  584.56 p50=   15.66 p95=   95.43 p99=  171.74 rps= 142.57
  s2s.crud.fetchFilms                           n=    1 err=   0 errRate=  0.00% avg=  224.62 min=  224.62 max=  224.62 p50=  224.62 p95=  224.62 p99=  224.62 rps=   0.03
window 1m
  calc.additional.maxViewersSummary             n= 8720 err=   0 errRate=  0.00% avg=   29.37 min=   12.75 max=  584.60 p50=   17.87 p95=   82.21 p99=  175.37 rps= 145.33
  controller.AnalyticsController.maxViewersSummary n= 8720 err=   0 errRate=  0.00% avg=   29.57 min=   12.86 max=  584.70 p50=   18.13 p95=   82.47 p99=  176.34 rps= 145.33
  s2s.crud.fetchAllTickets                      n= 8720 err=   0 errRate=  0.00% avg=   28.91 min=   12.71 max=  584.56 p50=   17.81 p95=   80.30 p99=  154.93 rps= 145.33
  s2s.crud.fetchFilms                           n=    2 err=   0 errRate=  0.00% avg=  134.98 min=   45.34 max=  224.62 p50=  134.98 p95=  215.65 p99=  222.83 rps=   0.03

2026-05-06T21:04:14.430Z  INFO 1 --- [lab8-additional-service] [   scheduling-1] r.h.l.a.o.ObservabilityService           : [lab8-additional-service] observability refresh
window 10s
  calc.additional.maxViewersSummary             n= 1899 err=   0 errRate=  0.00% avg=   18.82 min=   12.75 max=  333.66 p50=   14.08 p95=   37.06 p99=   64.86 rps= 189.90
  controller.AnalyticsController.maxViewersSummary n= 1899 err=   0 errRate=  0.00% avg=   19.00 min=   12.86 max=  333.78 p50=   14.27 p95=   37.16 p99=   65.13 rps= 189.90
  s2s.crud.fetchAllTickets                      n= 1899 err=   0 errRate=  0.00% avg=   18.21 min=   12.71 max=  250.00 p50=   14.04 p95=   36.85 p99=   61.73 rps= 189.90
  s2s.crud.fetchFilms                           n=    1 err=   0 errRate=  0.00% avg=   95.95 min=   95.95 max=   95.95 p50=   95.95 p95=   95.95 p99=   95.95 rps=   0.10
window 30s
  calc.additional.maxViewersSummary             n= 4358 err=   0 errRate=  0.00% avg=   29.07 min=   12.75 max=  584.60 p50=   15.48 p95=   95.45 p99=  172.08 rps= 145.27
  controller.AnalyticsController.maxViewersSummary n= 4358 err=   0 errRate=  0.00% avg=   29.25 min=   12.86 max=  584.70 p50=   15.71 p95=   95.61 p99=  172.19 rps= 145.27
  s2s.crud.fetchAllTickets                      n= 4358 err=   0 errRate=  0.00% avg=   28.77 min=   12.71 max=  584.56 p50=   15.44 p95=   93.18 p99=  172.00 rps= 145.27
  s2s.crud.fetchFilms                           n=    1 err=   0 errRate=  0.00% avg=   95.95 min=   95.95 max=   95.95 p50=   95.95 p95=   95.95 p99=   95.95 rps=   0.03
window 1m
  calc.additional.maxViewersSummary             n= 8778 err=   0 errRate=  0.00% avg=   29.39 min=   12.75 max=  584.60 p50=   17.69 p95=   83.33 p99=  175.64 rps= 146.30
  controller.AnalyticsController.maxViewersSummary n= 8778 err=   0 errRate=  0.00% avg=   29.59 min=   12.86 max=  584.70 p50=   17.94 p95=   83.49 p99=  176.56 rps= 146.30
  s2s.crud.fetchAllTickets                      n= 8778 err=   0 errRate=  0.00% avg=   28.89 min=   12.71 max=  584.56 p50=   17.62 p95=   80.30 p99=  155.11 rps= 146.30
  s2s.crud.fetchFilms                           n=    2 err=   0 errRate=  0.00% avg=  160.29 min=   95.95 max=  224.62 p50=  160.29 p95=  218.19 p99=  223.33 rps=   0.03

2026-05-06T21:04:15.439Z  INFO 1 --- [lab8-additional-service] [   scheduling-1] r.h.l.a.o.ObservabilityService           : [lab8-additional-service] observability refresh
window 10s
  calc.additional.maxViewersSummary             n= 1919 err=   0 errRate=  0.00% avg=   18.56 min=   12.75 max=  333.66 p50=   14.11 p95=   36.83 p99=   64.53 rps= 191.90
  controller.AnalyticsController.maxViewersSummary n= 1919 err=   0 errRate=  0.00% avg=   18.74 min=   12.86 max=  333.78 p50=   14.29 p95=   37.02 p99=   64.75 rps= 191.90
  s2s.crud.fetchAllTickets                      n= 1919 err=   0 errRate=  0.00% avg=   17.96 min=   12.71 max=  250.00 p50=   14.06 p95=   36.74 p99=   60.82 rps= 191.90
  s2s.crud.fetchFilms                           n=    1 err=   0 errRate=  0.00% avg=   95.95 min=   95.95 max=   95.95 p50=   95.95 p95=   95.95 p99=   95.95 rps=   0.10
window 30s
  calc.additional.maxViewersSummary             n= 4371 err=   0 errRate=  0.00% avg=   28.86 min=   12.75 max=  584.60 p50=   15.31 p95=   95.27 p99=  168.30 rps= 145.70
  controller.AnalyticsController.maxViewersSummary n= 4371 err=   0 errRate=  0.00% avg=   29.05 min=   12.86 max=  584.70 p50=   15.54 p95=   95.55 p99=  168.41 rps= 145.70
  s2s.crud.fetchAllTickets                      n= 4371 err=   0 errRate=  0.00% avg=   28.57 min=   12.71 max=  584.56 p50=   15.25 p95=   93.11 p99=  168.27 rps= 145.70
  s2s.crud.fetchFilms                           n=    1 err=   0 errRate=  0.00% avg=   95.95 min=   95.95 max=   95.95 p50=   95.95 p95=   95.95 p99=   95.95 rps=   0.03
window 1m
  calc.additional.maxViewersSummary             n= 8906 err=   0 errRate=  0.00% avg=   28.93 min=   12.75 max=  584.60 p50=   17.33 p95=   82.39 p99=  175.15 rps= 148.43
  controller.AnalyticsController.maxViewersSummary n= 8906 err=   0 errRate=  0.00% avg=   29.13 min=   12.86 max=  584.70 p50=   17.55 p95=   82.72 p99=  175.49 rps= 148.43
  s2s.crud.fetchAllTickets                      n= 8906 err=   0 errRate=  0.00% avg=   28.44 min=   12.71 max=  584.56 p50=   17.26 p95=   79.67 p99=  154.75 rps= 148.43
  s2s.crud.fetchFilms                           n=    2 err=   0 errRate=  0.00% avg=  160.29 min=   95.95 max=  224.62 p50=  160.29 p95=  218.19 p99=  223.33 rps=   0.03

2026-05-06T21:04:16.449Z  INFO 1 --- [lab8-additional-service] [   scheduling-1] r.h.l.a.o.ObservabilityService           : [lab8-additional-service] observability refresh
window 10s
  calc.additional.maxViewersSummary             n= 1939 err=   0 errRate=  0.00% avg=   18.02 min=   12.75 max=  333.66 p50=   13.99 p95=   36.23 p99=   61.96 rps= 193.90
  controller.AnalyticsController.maxViewersSummary n= 1939 err=   0 errRate=  0.00% avg=   18.20 min=   12.86 max=  333.78 p50=   14.17 p95=   36.36 p99=   62.10 rps= 193.90
  s2s.crud.fetchAllTickets                      n= 1939 err=   0 errRate=  0.00% avg=   17.42 min=   12.71 max=  250.00 p50=   13.94 p95=   36.15 p99=   57.98 rps= 193.90
  s2s.crud.fetchFilms                           n=    1 err=   0 errRate=  0.00% avg=   95.95 min=   95.95 max=   95.95 p50=   95.95 p95=   95.95 p99=   95.95 rps=   0.10
window 30s
  calc.additional.maxViewersSummary             n= 4389 err=   0 errRate=  0.00% avg=   28.57 min=   12.75 max=  584.60 p50=   15.14 p95=   95.17 p99=  167.49 rps= 146.30
  controller.AnalyticsController.maxViewersSummary n= 4389 err=   0 errRate=  0.00% avg=   28.76 min=   12.86 max=  584.70 p50=   15.35 p95=   95.50 p99=  167.60 rps= 146.30
  s2s.crud.fetchAllTickets                      n= 4389 err=   0 errRate=  0.00% avg=   28.28 min=   12.71 max=  584.56 p50=   15.09 p95=   92.80 p99=  167.46 rps= 146.30
  s2s.crud.fetchFilms                           n=    1 err=   0 errRate=  0.00% avg=   95.95 min=   95.95 max=   95.95 p50=   95.95 p95=   95.95 p99=   95.95 rps=   0.03
window 1m
  calc.additional.maxViewersSummary             n= 8924 err=   0 errRate=  0.00% avg=   28.67 min=   12.75 max=  584.60 p50=   16.79 p95=   82.30 p99=  174.97 rps= 148.73
  controller.AnalyticsController.maxViewersSummary n= 8924 err=   0 errRate=  0.00% avg=   28.87 min=   12.86 max=  584.70 p50=   17.02 p95=   82.50 p99=  175.27 rps= 148.73
  s2s.crud.fetchAllTickets                      n= 8924 err=   0 errRate=  0.00% avg=   28.18 min=   12.71 max=  584.56 p50=   16.74 p95=   79.59 p99=  154.68 rps= 148.73
  s2s.crud.fetchFilms                           n=    2 err=   0 errRate=  0.00% avg=  160.29 min=   95.95 max=  224.62 p50=  160.29 p95=  218.19 p99=  223.33 rps=   0.03

2026-05-06T21:04:16.793Z  INFO 1 --- [lab8-additional-service] [   scheduling-1] r.h.l.a.service.FilmCacheService         : film-cache stats: size=310 ttlMs=30000 lastRefreshAtMs=1778101453801 hits=29996 misses=6 refreshes=6
2026-05-06T21:04:17.457Z  INFO 1 --- [lab8-additional-service] [   scheduling-1] r.h.l.a.o.ObservabilityService           : [lab8-additional-service] observability refresh
window 10s
  calc.additional.maxViewersSummary             n= 1940 err=   0 errRate=  0.00% avg=   18.05 min=   12.65 max=  333.66 p50=   13.99 p95=   36.22 p99=   61.96 rps= 194.00
  controller.AnalyticsController.maxViewersSummary n= 1940 err=   0 errRate=  0.00% avg=   18.22 min=   12.75 max=  333.78 p50=   14.17 p95=   36.36 p99=   62.10 rps= 194.00
  s2s.crud.fetchAllTickets                      n= 1940 err=   0 errRate=  0.00% avg=   17.45 min=   12.62 max=  250.00 p50=   13.95 p95=   36.15 p99=   57.97 rps= 194.00
  s2s.crud.fetchFilms                           n=    1 err=   0 errRate=  0.00% avg=   95.95 min=   95.95 max=   95.95 p50=   95.95 p95=   95.95 p99=   95.95 rps=   0.10
window 30s
  calc.additional.maxViewersSummary             n= 4477 err=   0 errRate=  0.00% avg=   27.25 min=   12.65 max=  584.60 p50=   14.85 p95=   93.21 p99=  163.93 rps= 149.23
  controller.AnalyticsController.maxViewersSummary n= 4477 err=   0 errRate=  0.00% avg=   27.43 min=   12.75 max=  584.70 p50=   15.03 p95=   93.33 p99=  164.03 rps= 149.23
  s2s.crud.fetchAllTickets                      n= 4477 err=   0 errRate=  0.00% avg=   26.96 min=   12.62 max=  584.56 p50=   14.79 p95=   87.92 p99=  163.90 rps= 149.23
  s2s.crud.fetchFilms                           n=    1 err=   0 errRate=  0.00% avg=   95.95 min=   95.95 max=   95.95 p50=   95.95 p95=   95.95 p99=   95.95 rps=   0.03
window 1m
  calc.additional.maxViewersSummary             n= 8974 err=   0 errRate=  0.00% avg=   28.38 min=   12.65 max=  584.60 p50=   16.47 p95=   81.60 p99=  174.48 rps= 149.57
  controller.AnalyticsController.maxViewersSummary n= 8974 err=   0 errRate=  0.00% avg=   28.57 min=   12.75 max=  584.70 p50=   16.68 p95=   82.01 p99=  174.64 rps= 149.57
  s2s.crud.fetchAllTickets                      n= 8974 err=   0 errRate=  0.00% avg=   27.89 min=   12.62 max=  584.56 p50=   16.41 p95=   79.55 p99=  154.48 rps= 149.57
  s2s.crud.fetchFilms                           n=    2 err=   0 errRate=  0.00% avg=  160.29 min=   95.95 max=  224.62 p50=  160.29 p95=  218.19 p99=  223.33 rps=   0.03

2026-05-06T21:04:18.466Z  INFO 1 --- [lab8-additional-service] [   scheduling-1] r.h.l.a.o.ObservabilityService           : [lab8-additional-service] observability refresh
window 10s
  calc.additional.maxViewersSummary             n= 1944 err=   0 errRate=  0.00% avg=   17.58 min=   12.65 max=  333.66 p50=   13.92 p95=   35.27 p99=   61.95 rps= 194.40
  controller.AnalyticsController.maxViewersSummary n= 1944 err=   0 errRate=  0.00% avg=   17.75 min=   12.75 max=  333.78 p50=   14.09 p95=   35.38 p99=   62.08 rps= 194.40
  s2s.crud.fetchAllTickets                      n= 1944 err=   0 errRate=  0.00% avg=   16.98 min=   12.62 max=  250.00 p50=   13.88 p95=   35.03 p99=   57.92 rps= 194.40
  s2s.crud.fetchFilms                           n=    1 err=   0 errRate=  0.00% avg=   95.95 min=   95.95 max=   95.95 p50=   95.95 p95=   95.95 p99=   95.95 rps=   0.10
window 30s
  calc.additional.maxViewersSummary             n= 4500 err=   0 errRate=  0.00% avg=   26.87 min=   12.65 max=  584.60 p50=   14.73 p95=   92.40 p99=  163.01 rps= 150.00
  controller.AnalyticsController.maxViewersSummary n= 4500 err=   0 errRate=  0.00% avg=   27.05 min=   12.75 max=  584.70 p50=   14.91 p95=   92.50 p99=  163.11 rps= 150.00
  s2s.crud.fetchAllTickets                      n= 4500 err=   0 errRate=  0.00% avg=   26.59 min=   12.62 max=  584.56 p50=   14.68 p95=   87.85 p99=  162.98 rps= 150.00
  s2s.crud.fetchFilms                           n=    1 err=   0 errRate=  0.00% avg=   95.95 min=   95.95 max=   95.95 p50=   95.95 p95=   95.95 p99=   95.95 rps=   0.03
window 1m
  calc.additional.maxViewersSummary             n= 8979 err=   0 errRate=  0.00% avg=   28.11 min=   12.65 max=  584.60 p50=   16.36 p95=   81.05 p99=  174.43 rps= 149.65
  controller.AnalyticsController.maxViewersSummary n= 8979 err=   0 errRate=  0.00% avg=   28.31 min=   12.75 max=  584.70 p50=   16.57 p95=   81.15 p99=  174.58 rps= 149.65
  s2s.crud.fetchAllTickets                      n= 8979 err=   0 errRate=  0.00% avg=   27.62 min=   12.62 max=  584.56 p50=   16.31 p95=   79.44 p99=  154.46 rps= 149.65
  s2s.crud.fetchFilms                           n=    2 err=   0 errRate=  0.00% avg=  160.29 min=   95.95 max=  224.62 p50=  160.29 p95=  218.19 p99=  223.33 rps=   0.03

2026-05-06T21:04:19.473Z  INFO 1 --- [lab8-additional-service] [   scheduling-1] r.h.l.a.o.ObservabilityService           : [lab8-additional-service] observability refresh
window 10s
  calc.additional.maxViewersSummary             n= 1998 err=   0 errRate=  0.00% avg=   16.21 min=   12.65 max=  333.66 p50=   13.79 p95=   25.92 p99=   46.48 rps= 199.80
  controller.AnalyticsController.maxViewersSummary n= 1998 err=   0 errRate=  0.00% avg=   16.38 min=   12.75 max=  333.78 p50=   13.94 p95=   26.22 p99=   46.62 rps= 199.80
  s2s.crud.fetchAllTickets                      n= 1998 err=   0 errRate=  0.00% avg=   15.62 min=   12.62 max=  250.00 p50=   13.75 p95=   25.89 p99=   40.66 rps= 199.80
  s2s.crud.fetchFilms                           n=    1 err=   0 errRate=  0.00% avg=   95.95 min=   95.95 max=   95.95 p50=   95.95 p95=   95.95 p99=   95.95 rps=   0.10
window 30s
  calc.additional.maxViewersSummary             n= 4505 err=   0 errRate=  0.00% avg=   26.69 min=   12.65 max=  584.60 p50=   14.57 p95=   92.32 p99=  162.76 rps= 150.17
  controller.AnalyticsController.maxViewersSummary n= 4505 err=   0 errRate=  0.00% avg=   26.86 min=   12.75 max=  584.70 p50=   14.76 p95=   92.42 p99=  162.86 rps= 150.17
  s2s.crud.fetchAllTickets                      n= 4505 err=   0 errRate=  0.00% avg=   26.40 min=   12.62 max=  584.56 p50=   14.51 p95=   87.84 p99=  162.71 rps= 150.17
  s2s.crud.fetchFilms                           n=    1 err=   0 errRate=  0.00% avg=   95.95 min=   95.95 max=   95.95 p50=   95.95 p95=   95.95 p99=   95.95 rps=   0.03
window 1m
  calc.additional.maxViewersSummary             n= 9055 err=   0 errRate=  0.00% avg=   27.55 min=   12.65 max=  584.60 p50=   16.07 p95=   79.16 p99=  170.96 rps= 150.92
  controller.AnalyticsController.maxViewersSummary n= 9055 err=   0 errRate=  0.00% avg=   27.75 min=   12.75 max=  584.70 p50=   16.30 p95=   79.52 p99=  171.06 rps= 150.92
  s2s.crud.fetchAllTickets                      n= 9055 err=   0 errRate=  0.00% avg=   27.07 min=   12.62 max=  584.56 p50=   16.00 p95=   77.56 p99=  151.49 rps= 150.92
  s2s.crud.fetchFilms                           n=    2 err=   0 errRate=  0.00% avg=  160.29 min=   95.95 max=  224.62 p50=  160.29 p95=  218.19 p99=  223.33 rps=   0.03

2026-05-06T21:04:20.484Z  INFO 1 --- [lab8-additional-service] [   scheduling-1] r.h.l.a.o.ObservabilityService           : [lab8-additional-service] observability refresh
window 10s
  calc.additional.maxViewersSummary             n= 1988 err=   0 errRate=  0.00% avg=   16.06 min=   12.65 max=  333.66 p50=   13.75 p95=   22.79 p99=   59.18 rps= 198.80
  controller.AnalyticsController.maxViewersSummary n= 1988 err=   0 errRate=  0.00% avg=   16.23 min=   12.75 max=  333.78 p50=   13.90 p95=   23.08 p99=   59.30 rps= 198.80
  s2s.crud.fetchAllTickets                      n= 1988 err=   0 errRate=  0.00% avg=   15.47 min=   12.62 max=  250.00 p50=   13.70 p95=   22.75 p99=   41.76 rps= 198.80
  s2s.crud.fetchFilms                           n=    1 err=   0 errRate=  0.00% avg=   95.95 min=   95.95 max=   95.95 p50=   95.95 p95=   95.95 p99=   95.95 rps=   0.10
window 30s
  calc.additional.maxViewersSummary             n= 4643 err=   0 errRate=  0.00% avg=   25.32 min=   12.65 max=  584.60 p50=   14.42 p95=   82.39 p99=  156.83 rps= 154.77
  controller.AnalyticsController.maxViewersSummary n= 4643 err=   0 errRate=  0.00% avg=   25.49 min=   12.75 max=  584.70 p50=   14.60 p95=   82.80 p99=  157.04 rps= 154.77
  s2s.crud.fetchAllTickets                      n= 4643 err=   0 errRate=  0.00% avg=   25.04 min=   12.62 max=  584.56 p50=   14.37 p95=   78.44 p99=  156.14 rps= 154.77
  s2s.crud.fetchFilms                           n=    1 err=   0 errRate=  0.00% avg=   95.95 min=   95.95 max=   95.95 p50=   95.95 p95=   95.95 p99=   95.95 rps=   0.03
window 1m
  calc.additional.maxViewersSummary             n= 9210 err=   0 errRate=  0.00% avg=   26.84 min=   12.65 max=  584.60 p50=   15.79 p95=   75.89 p99=  155.90 rps= 153.50
  controller.AnalyticsController.maxViewersSummary n= 9210 err=   0 errRate=  0.00% avg=   27.03 min=   12.75 max=  584.70 p50=   16.02 p95=   76.12 p99=  156.09 rps= 153.50
  s2s.crud.fetchAllTickets                      n= 9210 err=   0 errRate=  0.00% avg=   26.36 min=   12.62 max=  584.56 p50=   15.73 p95=   73.53 p99=  143.85 rps= 153.50
  s2s.crud.fetchFilms                           n=    2 err=   0 errRate=  0.00% avg=  160.29 min=   95.95 max=  224.62 p50=  160.29 p95=  218.19 p99=  223.33 rps=   0.03

2026-05-06T21:04:21.492Z  INFO 1 --- [lab8-additional-service] [   scheduling-1] r.h.l.a.o.ObservabilityService           : [lab8-additional-service] observability refresh
window 10s
  calc.additional.maxViewersSummary             n= 1983 err=   0 errRate=  0.00% avg=   15.88 min=   12.65 max=  333.66 p50=   13.69 p95=   20.28 p99=   59.23 rps= 198.30
  controller.AnalyticsController.maxViewersSummary n= 1983 err=   0 errRate=  0.00% avg=   16.05 min=   12.75 max=  333.78 p50=   13.85 p95=   20.60 p99=   59.36 rps= 198.30
  s2s.crud.fetchAllTickets                      n= 1983 err=   0 errRate=  0.00% avg=   15.29 min=   12.62 max=  250.00 p50=   13.66 p95=   20.24 p99=   41.81 rps= 198.30
  s2s.crud.fetchFilms                           n=    1 err=   0 errRate=  0.00% avg=   95.95 min=   95.95 max=   95.95 p50=   95.95 p95=   95.95 p99=   95.95 rps=   0.10
window 30s
  calc.additional.maxViewersSummary             n= 4784 err=   0 errRate=  0.00% avg=   24.01 min=   12.65 max=  584.60 p50=   14.30 p95=   70.27 p99=  154.31 rps= 159.47
  controller.AnalyticsController.maxViewersSummary n= 4784 err=   0 errRate=  0.00% avg=   24.18 min=   12.75 max=  584.70 p50=   14.47 p95=   70.58 p99=  154.53 rps= 159.47
  s2s.crud.fetchAllTickets                      n= 4784 err=   0 errRate=  0.00% avg=   23.74 min=   12.62 max=  584.56 p50=   14.26 p95=   64.50 p99=  153.21 rps= 159.47
  s2s.crud.fetchFilms                           n=    1 err=   0 errRate=  0.00% avg=   95.95 min=   95.95 max=   95.95 p50=   95.95 p95=   95.95 p99=   95.95 rps=   0.03
window 1m
  calc.additional.maxViewersSummary             n= 9340 err=   0 errRate=  0.00% avg=   25.97 min=   12.65 max=  584.60 p50=   15.50 p95=   70.22 p99=  146.13 rps= 155.67
  controller.AnalyticsController.maxViewersSummary n= 9341 err=   0 errRate=  0.00% avg=   26.17 min=   12.75 max=  584.70 p50=   15.74 p95=   70.47 p99=  146.22 rps= 155.68
  s2s.crud.fetchAllTickets                      n= 9340 err=   0 errRate=  0.00% avg=   25.50 min=   12.62 max=  584.56 p50=   15.44 p95=   67.18 p99=  134.93 rps= 155.67
  s2s.crud.fetchFilms                           n=    2 err=   0 errRate=  0.00% avg=  160.29 min=   95.95 max=  224.62 p50=  160.29 p95=  218.19 p99=  223.33 rps=   0.03

2026-05-06T21:04:22.503Z  INFO 1 --- [lab8-additional-service] [   scheduling-1] r.h.l.a.o.ObservabilityService           : [lab8-additional-service] observability refresh
window 10s
  calc.additional.maxViewersSummary             n= 1956 err=   0 errRate=  0.00% avg=   15.88 min=   12.65 max=  333.66 p50=   13.68 p95=   20.09 p99=   59.52 rps= 195.60
  controller.AnalyticsController.maxViewersSummary n= 1956 err=   0 errRate=  0.00% avg=   16.05 min=   12.75 max=  333.78 p50=   13.84 p95=   20.53 p99=   59.69 rps= 195.60
  s2s.crud.fetchAllTickets                      n= 1956 err=   0 errRate=  0.00% avg=   15.29 min=   12.62 max=  250.00 p50=   13.64 p95=   20.05 p99=   42.10 rps= 195.60
  s2s.crud.fetchFilms                           n=    1 err=   0 errRate=  0.00% avg=   95.95 min=   95.95 max=   95.95 p50=   95.95 p95=   95.95 p99=   95.95 rps=   0.10
window 30s
  calc.additional.maxViewersSummary             n= 4859 err=   0 errRate=  0.00% avg=   22.80 min=   12.65 max=  584.60 p50=   14.19 p95=   57.80 p99=  145.20 rps= 161.97
  controller.AnalyticsController.maxViewersSummary n= 4859 err=   0 errRate=  0.00% avg=   22.97 min=   12.75 max=  584.70 p50=   14.36 p95=   57.97 p99=  145.32 rps= 161.97
  s2s.crud.fetchAllTickets                      n= 4859 err=   0 errRate=  0.00% avg=   22.53 min=   12.62 max=  584.56 p50=   14.15 p95=   54.85 p99=  143.35 rps= 161.97
  s2s.crud.fetchFilms                           n=    1 err=   0 errRate=  0.00% avg=   95.95 min=   95.95 max=   95.95 p50=   95.95 p95=   95.95 p99=   95.95 rps=   0.03
window 1m
  calc.additional.maxViewersSummary             n= 9360 err=   0 errRate=  0.00% avg=   25.70 min=   12.65 max=  584.60 p50=   15.27 p95=   69.92 p99=  145.99 rps= 156.00
  controller.AnalyticsController.maxViewersSummary n= 9360 err=   0 errRate=  0.00% avg=   25.89 min=   12.75 max=  584.70 p50=   15.50 p95=   70.09 p99=  146.09 rps= 156.00
  s2s.crud.fetchAllTickets                      n= 9360 err=   0 errRate=  0.00% avg=   25.23 min=   12.62 max=  584.56 p50=   15.21 p95=   66.87 p99=  134.71 rps= 156.00
  s2s.crud.fetchFilms                           n=    2 err=   0 errRate=  0.00% avg=  160.29 min=   95.95 max=  224.62 p50=  160.29 p95=  218.19 p99=  223.33 rps=   0.03

2026-05-06T21:04:23.514Z  INFO 1 --- [lab8-additional-service] [   scheduling-1] r.h.l.a.o.ObservabilityService           : [lab8-additional-service] observability refresh
window 10s
  calc.additional.maxViewersSummary             n= 1975 err=   0 errRate=  0.00% avg=   15.84 min=   12.65 max=  333.66 p50=   13.66 p95=   19.80 p99=   59.32 rps= 197.50
  controller.AnalyticsController.maxViewersSummary n= 1973 err=   0 errRate=  0.00% avg=   16.01 min=   12.75 max=  333.78 p50=   13.81 p95=   20.00 p99=   59.48 rps= 197.30
  s2s.crud.fetchAllTickets                      n= 1975 err=   0 errRate=  0.00% avg=   15.25 min=   12.62 max=  250.00 p50=   13.62 p95=   19.77 p99=   41.89 rps= 197.50
  s2s.crud.fetchFilms                           n=    1 err=   0 errRate=  0.00% avg=   95.95 min=   95.95 max=   95.95 p50=   95.95 p95=   95.95 p99=   95.95 rps=   0.10
window 30s
  calc.additional.maxViewersSummary             n= 5031 err=   0 errRate=  0.00% avg=   21.32 min=   12.65 max=  371.61 p50=   14.10 p95=   42.31 p99=  142.18 rps= 167.70
  controller.AnalyticsController.maxViewersSummary n= 5029 err=   0 errRate=  0.00% avg=   21.49 min=   12.75 max=  371.76 p50=   14.28 p95=   42.48 p99=  142.38 rps= 167.63
  s2s.crud.fetchAllTickets                      n= 5031 err=   0 errRate=  0.00% avg=   21.06 min=   12.62 max=  371.57 p50=   14.06 p95=   41.86 p99=  138.21 rps= 167.70
  s2s.crud.fetchFilms                           n=    1 err=   0 errRate=  0.00% avg=   95.95 min=   95.95 max=   95.95 p50=   95.95 p95=   95.95 p99=   95.95 rps=   0.03
window 1m
  calc.additional.maxViewersSummary             n= 9425 err=   0 errRate=  0.00% avg=   25.45 min=   12.65 max=  584.60 p50=   15.09 p95=   69.47 p99=  145.64 rps= 157.08
  controller.AnalyticsController.maxViewersSummary n= 9423 err=   0 errRate=  0.00% avg=   25.64 min=   12.75 max=  584.70 p50=   15.29 p95=   69.64 p99=  145.74 rps= 157.05
  s2s.crud.fetchAllTickets                      n= 9425 err=   0 errRate=  0.00% avg=   24.98 min=   12.62 max=  584.56 p50=   15.03 p95=   66.74 p99=  134.21 rps= 157.08
  s2s.crud.fetchFilms                           n=    2 err=   0 errRate=  0.00% avg=  160.29 min=   95.95 max=  224.62 p50=  160.29 p95=  218.19 p99=  223.33 rps=   0.03

2026-05-06T21:04:24.523Z  INFO 1 --- [lab8-additional-service] [   scheduling-1] r.h.l.a.o.ObservabilityService           : [lab8-additional-service] observability refresh
window 10s
  calc.additional.maxViewersSummary             n= 1941 err=   0 errRate=  0.00% avg=   15.39 min=   12.65 max=  340.64 p50=   13.62 p95=   17.51 p99=   38.14 rps= 194.10
  controller.AnalyticsController.maxViewersSummary n= 1941 err=   0 errRate=  0.00% avg=   15.54 min=   12.75 max=  340.77 p50=   13.77 p95=   17.66 p99=   38.44 rps= 194.10
  s2s.crud.fetchAllTickets                      n= 1941 err=   0 errRate=  0.00% avg=   15.34 min=   12.62 max=  340.60 p50=   13.58 p95=   17.37 p99=   38.09 rps= 194.10
window 30s
  calc.additional.maxViewersSummary             n= 5124 err=   0 errRate=  0.00% avg=   20.57 min=   12.65 max=  367.91 p50=   14.07 p95=   39.46 p99=  135.14 rps= 170.80
  controller.AnalyticsController.maxViewersSummary n= 5124 err=   0 errRate=  0.00% avg=   20.73 min=   12.75 max=  368.06 p50=   14.24 p95=   39.59 p99=  135.26 rps= 170.80
  s2s.crud.fetchAllTickets                      n= 5124 err=   0 errRate=  0.00% avg=   20.31 min=   12.62 max=  367.87 p50=   14.02 p95=   39.33 p99=  132.95 rps= 170.80
  s2s.crud.fetchFilms                           n=    1 err=   0 errRate=  0.00% avg=   95.95 min=   95.95 max=   95.95 p50=   95.95 p95=   95.95 p99=   95.95 rps=   0.03
window 1m
  calc.additional.maxViewersSummary             n= 9418 err=   0 errRate=  0.00% avg=   25.48 min=   12.65 max=  584.60 p50=   14.95 p95=   70.89 p99=  147.80 rps= 156.97
  controller.AnalyticsController.maxViewersSummary n= 9418 err=   0 errRate=  0.00% avg=   25.67 min=   12.75 max=  584.70 p50=   15.16 p95=   71.24 p99=  148.03 rps= 156.97
  s2s.crud.fetchAllTickets                      n= 9418 err=   0 errRate=  0.00% avg=   25.01 min=   12.62 max=  584.56 p50=   14.90 p95=   68.53 p99=  137.32 rps= 156.97
  s2s.crud.fetchFilms                           n=    2 err=   0 errRate=  0.00% avg=  160.29 min=   95.95 max=  224.62 p50=  160.29 p95=  218.19 p99=  223.33 rps=   0.03

2026-05-06T21:04:25.530Z  INFO 1 --- [lab8-additional-service] [   scheduling-1] r.h.l.a.o.ObservabilityService           : [lab8-additional-service] observability refresh
window 10s
  calc.additional.maxViewersSummary             n= 1782 err=   0 errRate=  0.00% avg=   18.74 min=   12.65 max=  846.59 p50=   13.60 p95=   17.68 p99=  200.83 rps= 178.20
  controller.AnalyticsController.maxViewersSummary n= 1782 err=   0 errRate=  0.00% avg=   18.90 min=   12.75 max=  846.68 p50=   13.75 p95=   17.90 p99=  201.01 rps= 178.20
  s2s.crud.fetchAllTickets                      n= 1782 err=   0 errRate=  0.00% avg=   18.70 min=   12.62 max=  846.55 p50=   13.56 p95=   17.64 p99=  200.78 rps= 178.20
window 30s
  calc.additional.maxViewersSummary             n= 5093 err=   0 errRate=  0.00% avg=   20.76 min=   12.65 max=  846.59 p50=   14.06 p95=   38.31 p99=  142.07 rps= 169.77
  controller.AnalyticsController.maxViewersSummary n= 5093 err=   0 errRate=  0.00% avg=   20.92 min=   12.75 max=  846.68 p50=   14.23 p95=   38.53 p99=  142.32 rps= 169.77
  s2s.crud.fetchAllTickets                      n= 5093 err=   0 errRate=  0.00% avg=   20.50 min=   12.62 max=  846.55 p50=   14.02 p95=   38.16 p99=  138.16 rps= 169.77
  s2s.crud.fetchFilms                           n=    1 err=   0 errRate=  0.00% avg=   95.95 min=   95.95 max=   95.95 p50=   95.95 p95=   95.95 p99=   95.95 rps=   0.03
window 1m
  calc.additional.maxViewersSummary             n= 9333 err=   0 errRate=  0.00% avg=   26.07 min=   12.65 max=  846.59 p50=   14.92 p95=   75.48 p99=  162.47 rps= 155.55
  controller.AnalyticsController.maxViewersSummary n= 9334 err=   0 errRate=  0.00% avg=   26.25 min=   12.75 max=  846.68 p50=   15.12 p95=   75.65 p99=  162.91 rps= 155.57
  s2s.crud.fetchAllTickets                      n= 9333 err=   0 errRate=  0.00% avg=   25.60 min=   12.62 max=  846.55 p50=   14.88 p95=   72.76 p99=  144.68 rps= 155.55
  s2s.crud.fetchFilms                           n=    2 err=   0 errRate=  0.00% avg=  160.29 min=   95.95 max=  224.62 p50=  160.29 p95=  218.19 p99=  223.33 rps=   0.03

2026-05-06T21:04:26.541Z  INFO 1 --- [lab8-additional-service] [   scheduling-1] r.h.l.a.o.ObservabilityService           : [lab8-additional-service] observability refresh
window 10s
  calc.additional.maxViewersSummary             n= 1728 err=   0 errRate=  0.00% avg=   22.10 min=   12.65 max=  846.59 p50=   13.62 p95=   28.69 p99=  246.90 rps= 172.80
  controller.AnalyticsController.maxViewersSummary n= 1728 err=   0 errRate=  0.00% avg=   22.26 min=   12.75 max=  846.68 p50=   13.77 p95=   28.91 p99=  247.23 rps= 172.80
  s2s.crud.fetchAllTickets                      n= 1728 err=   0 errRate=  0.00% avg=   22.06 min=   12.62 max=  846.55 p50=   13.58 p95=   28.61 p99=  246.86 rps= 172.80
window 30s
  calc.additional.maxViewersSummary             n= 5162 err=   0 errRate=  0.00% avg=   20.75 min=   12.65 max=  846.59 p50=   14.03 p95=   37.36 p99=  172.72 rps= 172.07
  controller.AnalyticsController.maxViewersSummary n= 5162 err=   0 errRate=  0.00% avg=   20.91 min=   12.75 max=  846.68 p50=   14.20 p95=   37.71 p99=  173.13 rps= 172.07
  s2s.crud.fetchAllTickets                      n= 5162 err=   0 errRate=  0.00% avg=   20.49 min=   12.62 max=  846.55 p50=   13.98 p95=   37.22 p99=  172.68 rps= 172.07
  s2s.crud.fetchFilms                           n=    1 err=   0 errRate=  0.00% avg=   95.95 min=   95.95 max=   95.95 p50=   95.95 p95=   95.95 p99=   95.95 rps=   0.03
window 1m
  calc.additional.maxViewersSummary             n= 9322 err=   0 errRate=  0.00% avg=   26.54 min=   12.65 max=  846.59 p50=   14.82 p95=   78.98 p99=  187.18 rps= 155.37
  controller.AnalyticsController.maxViewersSummary n= 9322 err=   0 errRate=  0.00% avg=   26.73 min=   12.75 max=  846.68 p50=   15.03 p95=   79.21 p99=  187.36 rps= 155.37
  s2s.crud.fetchAllTickets                      n= 9322 err=   0 errRate=  0.00% avg=   26.07 min=   12.62 max=  846.55 p50=   14.77 p95=   76.52 p99=  171.78 rps= 155.37
  s2s.crud.fetchFilms                           n=    2 err=   0 errRate=  0.00% avg=  160.29 min=   95.95 max=  224.62 p50=  160.29 p95=  218.19 p99=  223.33 rps=   0.03

2026-05-06T21:04:26.793Z  INFO 1 --- [lab8-additional-service] [   scheduling-1] r.h.l.a.service.FilmCacheService         : film-cache stats: size=310 ttlMs=30000 lastRefreshAtMs=1778101453801 hits=31718 misses=6 refreshes=6
2026-05-06T21:04:27.550Z  INFO 1 --- [lab8-additional-service] [   scheduling-1] r.h.l.a.o.ObservabilityService           : [lab8-additional-service] observability refresh
window 10s
  calc.additional.maxViewersSummary             n= 1739 err=   0 errRate=  0.00% avg=   22.06 min=   12.78 max=  846.59 p50=   13.61 p95=   28.76 p99=  245.77 rps= 173.90
  controller.AnalyticsController.maxViewersSummary n= 1739 err=   0 errRate=  0.00% avg=   22.21 min=   12.87 max=  846.68 p50=   13.75 p95=   29.04 p99=  246.07 rps= 173.90
  s2s.crud.fetchAllTickets                      n= 1739 err=   0 errRate=  0.00% avg=   22.01 min=   12.75 max=  846.55 p50=   13.57 p95=   28.62 p99=  245.73 rps= 173.90
window 30s
  calc.additional.maxViewersSummary             n= 5344 err=   0 errRate=  0.00% avg=   19.71 min=   12.65 max=  846.59 p50=   13.99 p95=   35.78 p99=  139.12 rps= 178.13
  controller.AnalyticsController.maxViewersSummary n= 5344 err=   0 errRate=  0.00% avg=   19.87 min=   12.75 max=  846.68 p50=   14.17 p95=   35.93 p99=  139.28 rps= 178.13
  s2s.crud.fetchAllTickets                      n= 5344 err=   0 errRate=  0.00% avg=   19.46 min=   12.62 max=  846.55 p50=   13.95 p95=   35.72 p99=  131.72 rps= 178.13
  s2s.crud.fetchFilms                           n=    1 err=   0 errRate=  0.00% avg=   95.95 min=   95.95 max=   95.95 p50=   95.95 p95=   95.95 p99=   95.95 rps=   0.03
window 1m
  calc.additional.maxViewersSummary             n= 9351 err=   0 errRate=  0.00% avg=   26.42 min=   12.65 max=  846.59 p50=   14.73 p95=   78.90 p99=  186.57 rps= 155.85
  controller.AnalyticsController.maxViewersSummary n= 9351 err=   0 errRate=  0.00% avg=   26.60 min=   12.75 max=  846.68 p50=   14.93 p95=   79.17 p99=  186.73 rps= 155.85
  s2s.crud.fetchAllTickets                      n= 9351 err=   0 errRate=  0.00% avg=   25.95 min=   12.62 max=  846.55 p50=   14.68 p95=   76.32 p99=  171.65 rps= 155.85
  s2s.crud.fetchFilms                           n=    2 err=   0 errRate=  0.00% avg=  160.29 min=   95.95 max=  224.62 p50=  160.29 p95=  218.19 p99=  223.33 rps=   0.03

2026-05-06T21:04:28.562Z  INFO 1 --- [lab8-additional-service] [   scheduling-1] r.h.l.a.o.ObservabilityService           : [lab8-additional-service] observability refresh
window 10s
  calc.additional.maxViewersSummary             n= 1765 err=   0 errRate=  0.00% avg=   21.84 min=   12.72 max=  846.59 p50=   13.57 p95=   27.02 p99=  243.10 rps= 176.50
  controller.AnalyticsController.maxViewersSummary n= 1765 err=   0 errRate=  0.00% avg=   21.99 min=   12.81 max=  846.68 p50=   13.70 p95=   27.12 p99=  243.32 rps= 176.50
  s2s.crud.fetchAllTickets                      n= 1765 err=   0 errRate=  0.00% avg=   21.80 min=   12.69 max=  846.55 p50=   13.53 p95=   26.98 p99=  243.06 rps= 176.50
window 30s
  calc.additional.maxViewersSummary             n= 5485 err=   0 errRate=  0.00% avg=   19.38 min=   12.65 max=  846.59 p50=   13.94 p95=   35.00 p99=  134.89 rps= 182.83
  controller.AnalyticsController.maxViewersSummary n= 5485 err=   0 errRate=  0.00% avg=   19.55 min=   12.75 max=  846.68 p50=   14.11 p95=   35.16 p99=  135.03 rps= 182.83
  s2s.crud.fetchAllTickets                      n= 5485 err=   0 errRate=  0.00% avg=   19.14 min=   12.62 max=  846.55 p50=   13.90 p95=   34.95 p99=  119.99 rps= 182.83
  s2s.crud.fetchFilms                           n=    1 err=   0 errRate=  0.00% avg=   95.95 min=   95.95 max=   95.95 p50=   95.95 p95=   95.95 p99=   95.95 rps=   0.03
window 1m
  calc.additional.maxViewersSummary             n= 9372 err=   0 errRate=  0.00% avg=   26.26 min=   12.65 max=  846.59 p50=   14.67 p95=   78.70 p99=  183.12 rps= 156.20
  controller.AnalyticsController.maxViewersSummary n= 9372 err=   0 errRate=  0.00% avg=   26.44 min=   12.75 max=  846.68 p50=   14.86 p95=   78.92 p99=  183.28 rps= 156.20
  s2s.crud.fetchAllTickets                      n= 9372 err=   0 errRate=  0.00% avg=   25.79 min=   12.62 max=  846.55 p50=   14.61 p95=   76.07 p99=  170.07 rps= 156.20
  s2s.crud.fetchFilms                           n=    2 err=   0 errRate=  0.00% avg=  160.29 min=   95.95 max=  224.62 p50=  160.29 p95=  218.19 p99=  223.33 rps=   0.03

2026-05-06T21:04:29.570Z  INFO 1 --- [lab8-additional-service] [   scheduling-1] r.h.l.a.o.ObservabilityService           : [lab8-additional-service] observability refresh
window 10s
  calc.additional.maxViewersSummary             n= 1775 err=   0 errRate=  0.00% avg=   22.03 min=   12.72 max=  846.59 p50=   13.61 p95=   28.90 p99=  242.07 rps= 177.50
  controller.AnalyticsController.maxViewersSummary n= 1775 err=   0 errRate=  0.00% avg=   22.18 min=   12.81 max=  846.68 p50=   13.75 p95=   29.08 p99=  242.27 rps= 177.50
  s2s.crud.fetchAllTickets                      n= 1775 err=   0 errRate=  0.00% avg=   21.98 min=   12.69 max=  846.55 p50=   13.57 p95=   28.87 p99=  242.04 rps= 177.50
window 30s
  calc.additional.maxViewersSummary             n= 5521 err=   0 errRate=  0.00% avg=   19.09 min=   12.65 max=  846.59 p50=   13.89 p95=   33.78 p99=  133.75 rps= 184.03
  controller.AnalyticsController.maxViewersSummary n= 5521 err=   0 errRate=  0.00% avg=   19.26 min=   12.75 max=  846.68 p50=   14.05 p95=   33.93 p99=  134.23 rps= 184.03
  s2s.crud.fetchAllTickets                      n= 5521 err=   0 errRate=  0.00% avg=   18.85 min=   12.62 max=  846.55 p50=   13.85 p95=   33.71 p99=  119.66 rps= 184.03
  s2s.crud.fetchFilms                           n=    1 err=   0 errRate=  0.00% avg=   95.95 min=   95.95 max=   95.95 p50=   95.95 p95=   95.95 p99=   95.95 rps=   0.03
window 1m
  calc.additional.maxViewersSummary             n= 9500 err=   0 errRate=  0.00% avg=   25.77 min=   12.65 max=  846.59 p50=   14.60 p95=   75.55 p99=  180.31 rps= 158.33
  controller.AnalyticsController.maxViewersSummary n= 9500 err=   0 errRate=  0.00% avg=   25.95 min=   12.75 max=  846.68 p50=   14.79 p95=   75.76 p99=  180.42 rps= 158.33
  s2s.crud.fetchAllTickets                      n= 9500 err=   0 errRate=  0.00% avg=   25.31 min=   12.62 max=  846.55 p50=   14.54 p95=   72.72 p99=  166.95 rps= 158.33
  s2s.crud.fetchFilms                           n=    2 err=   0 errRate=  0.00% avg=  160.29 min=   95.95 max=  224.62 p50=  160.29 p95=  218.19 p99=  223.33 rps=   0.03

2026-05-06T21:04:30.577Z  INFO 1 --- [lab8-additional-service] [   scheduling-1] r.h.l.a.o.ObservabilityService           : [lab8-additional-service] observability refresh
window 10s
  calc.additional.maxViewersSummary             n= 1780 err=   0 errRate=  0.00% avg=   22.31 min=   12.72 max=  846.59 p50=   13.66 p95=   32.86 p99=  241.56 rps= 178.00
  controller.AnalyticsController.maxViewersSummary n= 1780 err=   0 errRate=  0.00% avg=   22.47 min=   12.81 max=  846.68 p50=   13.80 p95=   33.15 p99=  241.74 rps= 178.00
  s2s.crud.fetchAllTickets                      n= 1780 err=   0 errRate=  0.00% avg=   22.27 min=   12.69 max=  846.55 p50=   13.62 p95=   32.82 p99=  241.52 rps= 178.00
window 30s
  calc.additional.maxViewersSummary             n= 5547 err=   0 errRate=  0.00% avg=   19.07 min=   12.65 max=  846.59 p50=   13.89 p95=   33.84 p99=  132.06 rps= 184.90
  controller.AnalyticsController.maxViewersSummary n= 5547 err=   0 errRate=  0.00% avg=   19.24 min=   12.75 max=  846.68 p50=   14.05 p95=   34.13 p99=  133.67 rps= 184.90
  s2s.crud.fetchAllTickets                      n= 5547 err=   0 errRate=  0.00% avg=   18.84 min=   12.62 max=  846.55 p50=   13.85 p95=   33.77 p99=  118.63 rps= 184.90
  s2s.crud.fetchFilms                           n=    1 err=   0 errRate=  0.00% avg=   95.95 min=   95.95 max=   95.95 p50=   95.95 p95=   95.95 p99=   95.95 rps=   0.03
window 1m
  calc.additional.maxViewersSummary             n= 9538 err=   0 errRate=  0.00% avg=   25.64 min=   12.65 max=  846.59 p50=   14.54 p95=   75.36 p99=  180.01 rps= 158.97
  controller.AnalyticsController.maxViewersSummary n= 9538 err=   0 errRate=  0.00% avg=   25.82 min=   12.75 max=  846.68 p50=   14.73 p95=   75.58 p99=  180.13 rps= 158.97
  s2s.crud.fetchAllTickets                      n= 9538 err=   0 errRate=  0.00% avg=   25.18 min=   12.62 max=  846.55 p50=   14.50 p95=   72.52 p99=  165.45 rps= 158.97
  s2s.crud.fetchFilms                           n=    2 err=   0 errRate=  0.00% avg=  160.29 min=   95.95 max=  224.62 p50=  160.29 p95=  218.19 p99=  223.33 rps=   0.03

2026-05-06T21:04:31.588Z  INFO 1 --- [lab8-additional-service] [   scheduling-1] r.h.l.a.o.ObservabilityService           : [lab8-additional-service] observability refresh
window 10s
  calc.additional.maxViewersSummary             n= 1774 err=   0 errRate=  0.00% avg=   22.46 min=   12.72 max=  846.59 p50=   13.70 p95=   32.89 p99=  242.18 rps= 177.40
  controller.AnalyticsController.maxViewersSummary n= 1774 err=   0 errRate=  0.00% avg=   22.61 min=   12.81 max=  846.68 p50=   13.85 p95=   33.38 p99=  242.37 rps= 177.40
  s2s.crud.fetchAllTickets                      n= 1774 err=   0 errRate=  0.00% avg=   22.42 min=   12.69 max=  846.55 p50=   13.67 p95=   32.86 p99=  242.14 rps= 177.40
window 30s
  calc.additional.maxViewersSummary             n= 5581 err=   0 errRate=  0.00% avg=   18.93 min=   12.65 max=  846.59 p50=   13.86 p95=   32.96 p99=  131.92 rps= 186.03
  controller.AnalyticsController.maxViewersSummary n= 5581 err=   0 errRate=  0.00% avg=   19.09 min=   12.75 max=  846.68 p50=   14.02 p95=   33.38 p99=  133.40 rps= 186.03
  s2s.crud.fetchAllTickets                      n= 5581 err=   0 errRate=  0.00% avg=   18.69 min=   12.62 max=  846.55 p50=   13.82 p95=   32.91 p99=  117.98 rps= 186.03
  s2s.crud.fetchFilms                           n=    1 err=   0 errRate=  0.00% avg=   95.95 min=   95.95 max=   95.95 p50=   95.95 p95=   95.95 p99=   95.95 rps=   0.03
window 1m
  calc.additional.maxViewersSummary             n= 9585 err=   0 errRate=  0.00% avg=   25.45 min=   12.65 max=  846.59 p50=   14.47 p95=   75.24 p99=  179.64 rps= 159.75
  controller.AnalyticsController.maxViewersSummary n= 9585 err=   0 errRate=  0.00% avg=   25.63 min=   12.75 max=  846.68 p50=   14.67 p95=   75.38 p99=  179.78 rps= 159.75
  s2s.crud.fetchAllTickets                      n= 9585 err=   0 errRate=  0.00% avg=   24.99 min=   12.62 max=  846.55 p50=   14.43 p95=   72.29 p99=  163.58 rps= 159.75
  s2s.crud.fetchFilms                           n=    2 err=   0 errRate=  0.00% avg=  160.29 min=   95.95 max=  224.62 p50=  160.29 p95=  218.19 p99=  223.33 rps=   0.03

2026-05-06T21:04:32.596Z  INFO 1 --- [lab8-additional-service] [   scheduling-1] r.h.l.a.o.ObservabilityService           : [lab8-additional-service] observability refresh
window 10s
  calc.additional.maxViewersSummary             n= 1796 err=   0 errRate=  0.00% avg=   22.34 min=   12.72 max=  846.59 p50=   13.69 p95=   32.79 p99=  239.92 rps= 179.60
  controller.AnalyticsController.maxViewersSummary n= 1796 err=   0 errRate=  0.00% avg=   22.49 min=   12.81 max=  846.68 p50=   13.83 p95=   33.07 p99=  240.05 rps= 179.60
  s2s.crud.fetchAllTickets                      n= 1796 err=   0 errRate=  0.00% avg=   22.30 min=   12.69 max=  846.55 p50=   13.66 p95=   32.76 p99=  239.88 rps= 179.60
window 30s
  calc.additional.maxViewersSummary             n= 5635 err=   0 errRate=  0.00% avg=   18.73 min=   12.65 max=  846.59 p50=   13.82 p95=   32.84 p99=  131.78 rps= 187.83
  controller.AnalyticsController.maxViewersSummary n= 5635 err=   0 errRate=  0.00% avg=   18.90 min=   12.75 max=  846.68 p50=   13.97 p95=   33.05 p99=  133.23 rps= 187.83
  s2s.crud.fetchAllTickets                      n= 5635 err=   0 errRate=  0.00% avg=   18.50 min=   12.62 max=  846.55 p50=   13.78 p95=   32.80 p99=  117.45 rps= 187.83
  s2s.crud.fetchFilms                           n=    1 err=   0 errRate=  0.00% avg=   95.95 min=   95.95 max=   95.95 p50=   95.95 p95=   95.95 p99=   95.95 rps=   0.03
window 1m
  calc.additional.maxViewersSummary             n= 9657 err=   0 errRate=  0.00% avg=   25.14 min=   12.65 max=  846.59 p50=   14.38 p95=   74.22 p99=  178.54 rps= 160.95
  controller.AnalyticsController.maxViewersSummary n= 9657 err=   0 errRate=  0.00% avg=   25.32 min=   12.75 max=  846.68 p50=   14.57 p95=   74.42 p99=  178.86 rps= 160.95
  s2s.crud.fetchAllTickets                      n= 9657 err=   0 errRate=  0.00% avg=   24.68 min=   12.62 max=  846.55 p50=   14.34 p95=   70.54 p99=  156.08 rps= 160.95
  s2s.crud.fetchFilms                           n=    2 err=   0 errRate=  0.00% avg=  160.29 min=   95.95 max=  224.62 p50=  160.29 p95=  218.19 p99=  223.33 rps=   0.03

2026-05-06T21:04:33.604Z  INFO 1 --- [lab8-additional-service] [   scheduling-1] r.h.l.a.o.ObservabilityService           : [lab8-additional-service] observability refresh
window 10s
  calc.additional.maxViewersSummary             n= 1789 err=   0 errRate=  0.00% avg=   22.39 min=   12.72 max=  846.59 p50=   13.70 p95=   32.82 p99=  240.64 rps= 178.90
  controller.AnalyticsController.maxViewersSummary n= 1789 err=   0 errRate=  0.00% avg=   22.54 min=   12.81 max=  846.68 p50=   13.84 p95=   33.09 p99=  240.79 rps= 178.90
  s2s.crud.fetchAllTickets                      n= 1789 err=   0 errRate=  0.00% avg=   22.35 min=   12.69 max=  846.55 p50=   13.67 p95=   32.79 p99=  240.60 rps= 178.90
window 30s
  calc.additional.maxViewersSummary             n= 5684 err=   0 errRate=  0.00% avg=   18.43 min=   12.65 max=  846.59 p50=   13.78 p95=   30.74 p99=  131.69 rps= 189.47
  controller.AnalyticsController.maxViewersSummary n= 5684 err=   0 errRate=  0.00% avg=   18.59 min=   12.75 max=  846.68 p50=   13.92 p95=   30.99 p99=  133.21 rps= 189.47
  s2s.crud.fetchAllTickets                      n= 5684 err=   0 errRate=  0.00% avg=   18.20 min=   12.62 max=  846.55 p50=   13.74 p95=   30.69 p99=  117.24 rps= 189.47
  s2s.crud.fetchFilms                           n=    1 err=   0 errRate=  0.00% avg=   95.95 min=   95.95 max=   95.95 p50=   95.95 p95=   95.95 p99=   95.95 rps=   0.03
window 1m
  calc.additional.maxViewersSummary             n= 9693 err=   0 errRate=  0.00% avg=   25.07 min=   12.65 max=  846.59 p50=   14.35 p95=   73.86 p99=  178.49 rps= 161.55
  controller.AnalyticsController.maxViewersSummary n= 9693 err=   0 errRate=  0.00% avg=   25.24 min=   12.75 max=  846.68 p50=   14.53 p95=   73.98 p99=  178.76 rps= 161.55
  s2s.crud.fetchAllTickets                      n= 9693 err=   0 errRate=  0.00% avg=   24.61 min=   12.62 max=  846.55 p50=   14.30 p95=   70.54 p99=  155.93 rps= 161.55
  s2s.crud.fetchFilms                           n=    2 err=   0 errRate=  0.00% avg=  160.29 min=   95.95 max=  224.62 p50=  160.29 p95=  218.19 p99=  223.33 rps=   0.03

2026-05-06T21:04:34.616Z  INFO 1 --- [lab8-additional-service] [   scheduling-1] r.h.l.a.o.ObservabilityService           : [lab8-additional-service] observability refresh
window 10s
  calc.additional.maxViewersSummary             n= 1869 err=   0 errRate=  0.00% avg=   21.02 min=   12.72 max=  846.59 p50=   13.67 p95=   28.86 p99=  220.79 rps= 186.90
  controller.AnalyticsController.maxViewersSummary n= 1869 err=   0 errRate=  0.00% avg=   21.17 min=   12.81 max=  846.68 p50=   13.80 p95=   29.00 p99=  220.94 rps= 186.90
  s2s.crud.fetchAllTickets                      n= 1869 err=   0 errRate=  0.00% avg=   20.98 min=   12.69 max=  846.55 p50=   13.64 p95=   28.83 p99=  220.75 rps= 186.90
window 30s
  calc.additional.maxViewersSummary             n= 5695 err=   0 errRate=  0.00% avg=   18.39 min=   12.65 max=  846.59 p50=   13.76 p95=   30.73 p99=  131.67 rps= 189.83
  controller.AnalyticsController.maxViewersSummary n= 5695 err=   0 errRate=  0.00% avg=   18.55 min=   12.75 max=  846.68 p50=   13.91 p95=   30.93 p99=  133.20 rps= 189.83
  s2s.crud.fetchAllTickets                      n= 5695 err=   0 errRate=  0.00% avg=   18.16 min=   12.62 max=  846.55 p50=   13.72 p95=   30.67 p99=  117.19 rps= 189.83
  s2s.crud.fetchFilms                           n=    1 err=   0 errRate=  0.00% avg=   95.95 min=   95.95 max=   95.95 p50=   95.95 p95=   95.95 p99=   95.95 rps=   0.03
window 1m
  calc.additional.maxViewersSummary             n= 9717 err=   0 errRate=  0.00% avg=   24.86 min=   12.65 max=  846.59 p50=   14.29 p95=   73.62 p99=  178.14 rps= 161.95
  controller.AnalyticsController.maxViewersSummary n= 9717 err=   0 errRate=  0.00% avg=   25.03 min=   12.75 max=  846.68 p50=   14.46 p95=   73.74 p99=  178.41 rps= 161.95
  s2s.crud.fetchAllTickets                      n= 9717 err=   0 errRate=  0.00% avg=   24.40 min=   12.62 max=  846.55 p50=   14.24 p95=   70.52 p99=  155.84 rps= 161.95
  s2s.crud.fetchFilms                           n=    2 err=   0 errRate=  0.00% avg=  160.29 min=   95.95 max=  224.62 p50=  160.29 p95=  218.19 p99=  223.33 rps=   0.03

2026-05-06T21:04:35.625Z  INFO 1 --- [lab8-additional-service] [   scheduling-1] r.h.l.a.o.ObservabilityService           : [lab8-additional-service] observability refresh
window 10s
  calc.additional.maxViewersSummary             n= 2028 err=   0 errRate=  0.00% avg=   16.35 min=   12.72 max=  216.00 p50=   13.64 p95=   22.69 p99=  105.18 rps= 202.80
  controller.AnalyticsController.maxViewersSummary n= 2028 err=   0 errRate=  0.00% avg=   16.50 min=   12.81 max=  216.20 p50=   13.78 p95=   22.78 p99=  105.42 rps= 202.80
  s2s.crud.fetchAllTickets                      n= 2028 err=   0 errRate=  0.00% avg=   16.31 min=   12.69 max=  215.97 p50=   13.61 p95=   22.64 p99=  105.09 rps= 202.80
window 30s
  calc.additional.maxViewersSummary             n= 5728 err=   0 errRate=  0.00% avg=   18.16 min=   12.65 max=  846.59 p50=   13.74 p95=   29.75 p99=  131.44 rps= 190.93
  controller.AnalyticsController.maxViewersSummary n= 5728 err=   0 errRate=  0.00% avg=   18.32 min=   12.75 max=  846.68 p50=   13.89 p95=   29.94 p99=  131.93 rps= 190.93
  s2s.crud.fetchAllTickets                      n= 5728 err=   0 errRate=  0.00% avg=   17.93 min=   12.62 max=  846.55 p50=   13.70 p95=   29.64 p99=  114.34 rps= 190.93
  s2s.crud.fetchFilms                           n=    1 err=   0 errRate=  0.00% avg=   95.95 min=   95.95 max=   95.95 p50=   95.95 p95=   95.95 p99=   95.95 rps=   0.03
window 1m
  calc.additional.maxViewersSummary             n= 9748 err=   0 errRate=  0.00% avg=   24.78 min=   12.65 max=  846.59 p50=   14.25 p95=   73.52 p99=  177.49 rps= 162.47
  controller.AnalyticsController.maxViewersSummary n= 9748 err=   0 errRate=  0.00% avg=   24.95 min=   12.75 max=  846.68 p50=   14.42 p95=   73.62 p99=  177.76 rps= 162.47
  s2s.crud.fetchAllTickets                      n= 9748 err=   0 errRate=  0.00% avg=   24.33 min=   12.62 max=  846.55 p50=   14.21 p95=   70.41 p99=  155.74 rps= 162.47
  s2s.crud.fetchFilms                           n=    2 err=   0 errRate=  0.00% avg=  160.29 min=   95.95 max=  224.62 p50=  160.29 p95=  218.19 p99=  223.33 rps=   0.03

2026-05-06T21:04:36.636Z  INFO 1 --- [lab8-additional-service] [   scheduling-1] r.h.l.a.o.ObservabilityService           : [lab8-additional-service] observability refresh
window 10s
  calc.additional.maxViewersSummary             n= 2075 err=   0 errRate=  0.00% avg=   14.60 min=   12.72 max=   39.36 p50=   13.63 p95=   20.24 p99=   29.21 rps= 207.50
  controller.AnalyticsController.maxViewersSummary n= 2076 err=   0 errRate=  0.00% avg=   14.74 min=   12.81 max=   39.48 p50=   13.75 p95=   20.46 p99=   29.33 rps= 207.60
  s2s.crud.fetchAllTickets                      n= 2075 err=   0 errRate=  0.00% avg=   14.56 min=   12.69 max=   39.32 p50=   13.59 p95=   20.20 p99=   29.17 rps= 207.50
window 30s
  calc.additional.maxViewersSummary             n= 5738 err=   0 errRate=  0.00% avg=   18.03 min=   12.65 max=  846.59 p50=   13.72 p95=   29.08 p99=  131.38 rps= 191.27
  controller.AnalyticsController.maxViewersSummary n= 5738 err=   0 errRate=  0.00% avg=   18.18 min=   12.75 max=  846.68 p50=   13.87 p95=   29.30 p99=  131.91 rps= 191.27
  s2s.crud.fetchAllTickets                      n= 5738 err=   0 errRate=  0.00% avg=   17.79 min=   12.62 max=  846.55 p50=   13.68 p95=   29.03 p99=  114.25 rps= 191.27
  s2s.crud.fetchFilms                           n=    1 err=   0 errRate=  0.00% avg=   95.95 min=   95.95 max=   95.95 p50=   95.95 p95=   95.95 p99=   95.95 rps=   0.03
window 1m
  calc.additional.maxViewersSummary             n= 9773 err=   0 errRate=  0.00% avg=   24.60 min=   12.65 max=  846.59 p50=   14.21 p95=   73.29 p99=  176.97 rps= 162.88
  controller.AnalyticsController.maxViewersSummary n= 9773 err=   0 errRate=  0.00% avg=   24.78 min=   12.75 max=  846.68 p50=   14.39 p95=   73.38 p99=  177.25 rps= 162.88
  s2s.crud.fetchAllTickets                      n= 9773 err=   0 errRate=  0.00% avg=   24.16 min=   12.62 max=  846.55 p50=   14.17 p95=   70.22 p99=  155.66 rps= 162.88
  s2s.crud.fetchFilms                           n=    2 err=   0 errRate=  0.00% avg=  160.29 min=   95.95 max=  224.62 p50=  160.29 p95=  218.19 p99=  223.33 rps=   0.03

2026-05-06T21:04:36.793Z  INFO 1 --- [lab8-additional-service] [   scheduling-1] r.h.l.a.service.FilmCacheService         : film-cache stats: size=310 ttlMs=30000 lastRefreshAtMs=1778101453801 hits=33797 misses=6 refreshes=6
2026-05-06T21:04:37.644Z  INFO 1 --- [lab8-additional-service] [   scheduling-1] r.h.l.a.o.ObservabilityService           : [lab8-additional-service] observability refresh
window 10s
  calc.additional.maxViewersSummary             n= 2052 err=   0 errRate=  0.00% avg=   14.70 min=   12.76 max=   39.36 p50=   13.64 p95=   21.07 p99=   29.04 rps= 205.20
  controller.AnalyticsController.maxViewersSummary n= 2052 err=   0 errRate=  0.00% avg=   14.84 min=   12.84 max=   39.48 p50=   13.76 p95=   21.31 p99=   29.16 rps= 205.20
  s2s.crud.fetchAllTickets                      n= 2052 err=   0 errRate=  0.00% avg=   14.66 min=   12.72 max=   39.32 p50=   13.61 p95=   21.04 p99=   29.00 rps= 205.20
window 30s
  calc.additional.maxViewersSummary             n= 5720 err=   0 errRate=  0.00% avg=   18.08 min=   12.65 max=  846.59 p50=   13.71 p95=   29.10 p99=  131.48 rps= 190.67
  controller.AnalyticsController.maxViewersSummary n= 5720 err=   0 errRate=  0.00% avg=   18.24 min=   12.75 max=  846.68 p50=   13.86 p95=   29.32 p99=  131.94 rps= 190.67
  s2s.crud.fetchAllTickets                      n= 5720 err=   0 errRate=  0.00% avg=   17.85 min=   12.62 max=  846.55 p50=   13.68 p95=   29.06 p99=  114.40 rps= 190.67
  s2s.crud.fetchFilms                           n=    1 err=   0 errRate=  0.00% avg=   95.95 min=   95.95 max=   95.95 p50=   95.95 p95=   95.95 p99=   95.95 rps=   0.03
window 1m
  calc.additional.maxViewersSummary             n= 9821 err=   0 errRate=  0.00% avg=   24.28 min=   12.65 max=  846.59 p50=   14.19 p95=   70.82 p99=  176.35 rps= 163.68
  controller.AnalyticsController.maxViewersSummary n= 9821 err=   0 errRate=  0.00% avg=   24.45 min=   12.75 max=  846.68 p50=   14.36 p95=   71.21 p99=  176.64 rps= 163.68
  s2s.crud.fetchAllTickets                      n= 9821 err=   0 errRate=  0.00% avg=   23.83 min=   12.62 max=  846.55 p50=   14.14 p95=   68.66 p99=  155.41 rps= 163.68
  s2s.crud.fetchFilms                           n=    2 err=   0 errRate=  0.00% avg=  160.29 min=   95.95 max=  224.62 p50=  160.29 p95=  218.19 p99=  223.33 rps=   0.03

2026-05-06T21:04:38.661Z  INFO 1 --- [lab8-additional-service] [   scheduling-1] r.h.l.a.o.ObservabilityService           : [lab8-additional-service] observability refresh
window 10s
  calc.additional.maxViewersSummary             n= 2013 err=   0 errRate=  0.00% avg=   14.70 min=   12.73 max=   39.36 p50=   13.63 p95=   21.32 p99=   29.06 rps= 201.30
  controller.AnalyticsController.maxViewersSummary n= 2013 err=   0 errRate=  0.00% avg=   14.84 min=   12.81 max=   39.48 p50=   13.75 p95=   21.48 p99=   29.17 rps= 201.30
  s2s.crud.fetchAllTickets                      n= 2013 err=   0 errRate=  0.00% avg=   14.66 min=   12.70 max=   39.32 p50=   13.59 p95=   21.28 p99=   29.02 rps= 201.30
window 30s
  calc.additional.maxViewersSummary             n= 5743 err=   0 errRate=  0.00% avg=   17.76 min=   12.65 max=  846.59 p50=   13.68 p95=   27.29 p99=  131.35 rps= 191.43
  controller.AnalyticsController.maxViewersSummary n= 5743 err=   0 errRate=  0.00% avg=   17.91 min=   12.75 max=  846.68 p50=   13.82 p95=   27.49 p99=  131.89 rps= 191.43
  s2s.crud.fetchAllTickets                      n= 5743 err=   0 errRate=  0.00% avg=   17.53 min=   12.62 max=  846.55 p50=   13.64 p95=   27.21 p99=  114.21 rps= 191.43
  s2s.crud.fetchFilms                           n=    1 err=   0 errRate=  0.00% avg=   95.95 min=   95.95 max=   95.95 p50=   95.95 p95=   95.95 p99=   95.95 rps=   0.03
window 1m
  calc.additional.maxViewersSummary             n= 9808 err=   0 errRate=  0.00% avg=   24.16 min=   12.65 max=  846.59 p50=   14.13 p95=   71.14 p99=  176.37 rps= 163.47
  controller.AnalyticsController.maxViewersSummary n= 9808 err=   0 errRate=  0.00% avg=   24.33 min=   12.75 max=  846.68 p50=   14.30 p95=   71.35 p99=  176.66 rps= 163.47
  s2s.crud.fetchAllTickets                      n= 9808 err=   0 errRate=  0.00% avg=   23.72 min=   12.62 max=  846.55 p50=   14.08 p95=   68.71 p99=  155.52 rps= 163.47
  s2s.crud.fetchFilms                           n=    2 err=   0 errRate=  0.00% avg=  160.29 min=   95.95 max=  224.62 p50=  160.29 p95=  218.19 p99=  223.33 rps=   0.03

2026-05-06T21:04:39.671Z  INFO 1 --- [lab8-additional-service] [   scheduling-1] r.h.l.a.o.ObservabilityService           : [lab8-additional-service] observability refresh
window 10s
  calc.additional.maxViewersSummary             n= 1983 err=   0 errRate=  0.00% avg=   14.51 min=   12.73 max=   39.36 p50=   13.60 p95=   19.60 p99=   28.62 rps= 198.30
  controller.AnalyticsController.maxViewersSummary n= 1983 err=   0 errRate=  0.00% avg=   14.65 min=   12.81 max=   39.48 p50=   13.73 p95=   19.76 p99=   28.80 rps= 198.30
  s2s.crud.fetchAllTickets                      n= 1983 err=   0 errRate=  0.00% avg=   14.47 min=   12.70 max=   39.32 p50=   13.57 p95=   19.53 p99=   28.59 rps= 198.30
window 30s
  calc.additional.maxViewersSummary             n= 5764 err=   0 errRate=  0.00% avg=   17.37 min=   12.65 max=  846.59 p50=   13.66 p95=   22.41 p99=  131.24 rps= 192.13
  controller.AnalyticsController.maxViewersSummary n= 5764 err=   0 errRate=  0.00% avg=   17.53 min=   12.75 max=  846.68 p50=   13.79 p95=   22.65 p99=  131.85 rps= 192.13
  s2s.crud.fetchAllTickets                      n= 5764 err=   0 errRate=  0.00% avg=   17.14 min=   12.62 max=  846.55 p50=   13.62 p95=   22.36 p99=  114.04 rps= 192.13
  s2s.crud.fetchFilms                           n=    1 err=   0 errRate=  0.00% avg=   95.95 min=   95.95 max=   95.95 p50=   95.95 p95=   95.95 p99=   95.95 rps=   0.03
window 1m
  calc.additional.maxViewersSummary             n= 9826 err=   0 errRate=  0.00% avg=   23.96 min=   12.65 max=  846.59 p50=   14.08 p95=   70.59 p99=  175.36 rps= 163.77
  controller.AnalyticsController.maxViewersSummary n= 9826 err=   0 errRate=  0.00% avg=   24.13 min=   12.75 max=  846.68 p50=   14.25 p95=   70.86 p99=  176.11 rps= 163.77
  s2s.crud.fetchAllTickets                      n= 9826 err=   0 errRate=  0.00% avg=   23.51 min=   12.62 max=  846.55 p50=   14.03 p95=   68.23 p99=  154.34 rps= 163.77
  s2s.crud.fetchFilms                           n=    2 err=   0 errRate=  0.00% avg=  160.29 min=   95.95 max=  224.62 p50=  160.29 p95=  218.19 p99=  223.33 rps=   0.03

2026-05-06T21:04:40.684Z  INFO 1 --- [lab8-additional-service] [   scheduling-1] r.h.l.a.o.ObservabilityService           : [lab8-additional-service] observability refresh
window 10s
  calc.additional.maxViewersSummary             n= 1995 err=   0 errRate=  0.00% avg=   14.10 min=   12.67 max=   29.06 p50=   13.55 p95=   17.91 p99=   21.64 rps= 199.50
  controller.AnalyticsController.maxViewersSummary n= 1995 err=   0 errRate=  0.00% avg=   14.24 min=   12.78 max=   29.17 p50=   13.68 p95=   18.13 p99=   21.83 rps= 199.50
  s2s.crud.fetchAllTickets                      n= 1995 err=   0 errRate=  0.00% avg=   14.06 min=   12.64 max=   29.02 p50=   13.52 p95=   17.88 p99=   21.61 rps= 199.50
window 30s
  calc.additional.maxViewersSummary             n= 5768 err=   0 errRate=  0.00% avg=   17.28 min=   12.65 max=  846.59 p50=   13.64 p95=   21.54 p99=  131.22 rps= 192.27
  controller.AnalyticsController.maxViewersSummary n= 5768 err=   0 errRate=  0.00% avg=   17.44 min=   12.75 max=  846.68 p50=   13.77 p95=   21.74 p99=  131.84 rps= 192.27
  s2s.crud.fetchAllTickets                      n= 5768 err=   0 errRate=  0.00% avg=   17.05 min=   12.62 max=  846.55 p50=   13.60 p95=   21.51 p99=  114.00 rps= 192.27
  s2s.crud.fetchFilms                           n=    1 err=   0 errRate=  0.00% avg=   95.95 min=   95.95 max=   95.95 p50=   95.95 p95=   95.95 p99=   95.95 rps=   0.03
window 1m
  calc.additional.maxViewersSummary             n= 9862 err=   0 errRate=  0.00% avg=   23.75 min=   12.65 max=  846.59 p50=   14.04 p95=   70.55 p99=  174.07 rps= 164.37
  controller.AnalyticsController.maxViewersSummary n= 9862 err=   0 errRate=  0.00% avg=   23.92 min=   12.75 max=  846.68 p50=   14.20 p95=   70.66 p99=  174.27 rps= 164.37
  s2s.crud.fetchAllTickets                      n= 9862 err=   0 errRate=  0.00% avg=   23.30 min=   12.62 max=  846.55 p50=   13.99 p95=   67.37 p99=  151.65 rps= 164.37
  s2s.crud.fetchFilms                           n=    2 err=   0 errRate=  0.00% avg=  160.29 min=   95.95 max=  224.62 p50=  160.29 p95=  218.19 p99=  223.33 rps=   0.03

2026-05-06T21:04:41.692Z  INFO 1 --- [lab8-additional-service] [   scheduling-1] r.h.l.a.o.ObservabilityService           : [lab8-additional-service] observability refresh
window 10s
  calc.additional.maxViewersSummary             n= 2017 err=   0 errRate=  0.00% avg=   14.07 min=   12.67 max=   29.06 p50=   13.55 p95=   17.55 p99=   22.68 rps= 201.70
  controller.AnalyticsController.maxViewersSummary n= 2017 err=   0 errRate=  0.00% avg=   14.21 min=   12.78 max=   29.17 p50=   13.68 p95=   17.78 p99=   22.96 rps= 201.70
  s2s.crud.fetchAllTickets                      n= 2017 err=   0 errRate=  0.00% avg=   14.03 min=   12.64 max=   29.02 p50=   13.52 p95=   17.51 p99=   22.65 rps= 201.70
window 30s
  calc.additional.maxViewersSummary             n= 5763 err=   0 errRate=  0.00% avg=   17.28 min=   12.65 max=  846.59 p50=   13.64 p95=   21.06 p99=  131.25 rps= 192.10
  controller.AnalyticsController.maxViewersSummary n= 5763 err=   0 errRate=  0.00% avg=   17.43 min=   12.75 max=  846.68 p50=   13.78 p95=   21.32 p99=  131.85 rps= 192.10
  s2s.crud.fetchAllTickets                      n= 5763 err=   0 errRate=  0.00% avg=   17.05 min=   12.62 max=  846.55 p50=   13.60 p95=   21.03 p99=  114.05 rps= 192.10
  s2s.crud.fetchFilms                           n=    1 err=   0 errRate=  0.00% avg=   95.95 min=   95.95 max=   95.95 p50=   95.95 p95=   95.95 p99=   95.95 rps=   0.03
window 1m
  calc.additional.maxViewersSummary             n= 9951 err=   0 errRate=  0.00% avg=   23.35 min=   12.65 max=  846.59 p50=   14.01 p95=   67.40 p99=  173.44 rps= 165.85
  controller.AnalyticsController.maxViewersSummary n= 9951 err=   0 errRate=  0.00% avg=   23.52 min=   12.75 max=  846.68 p50=   14.17 p95=   67.54 p99=  173.65 rps= 165.85
  s2s.crud.fetchAllTickets                      n= 9951 err=   0 errRate=  0.00% avg=   22.91 min=   12.62 max=  846.55 p50=   13.96 p95=   64.91 p99=  150.71 rps= 165.85
  s2s.crud.fetchFilms                           n=    2 err=   0 errRate=  0.00% avg=  160.29 min=   95.95 max=  224.62 p50=  160.29 p95=  218.19 p99=  223.33 rps=   0.03

2026-05-06T21:04:42.702Z  INFO 1 --- [lab8-additional-service] [   scheduling-1] r.h.l.a.o.ObservabilityService           : [lab8-additional-service] observability refresh
window 10s
  calc.additional.maxViewersSummary             n= 1981 err=   0 errRate=  0.00% avg=   14.64 min=   12.67 max=   71.87 p50=   13.57 p95=   18.91 p99=   39.57 rps= 198.10
  controller.AnalyticsController.maxViewersSummary n= 1981 err=   0 errRate=  0.00% avg=   14.79 min=   12.78 max=   71.98 p50=   13.69 p95=   19.13 p99=   39.73 rps= 198.10
  s2s.crud.fetchAllTickets                      n= 1981 err=   0 errRate=  0.00% avg=   14.60 min=   12.64 max=   71.84 p50=   13.53 p95=   18.86 p99=   39.53 rps= 198.10
window 30s
  calc.additional.maxViewersSummary             n= 5731 err=   0 errRate=  0.00% avg=   17.48 min=   12.65 max=  846.59 p50=   13.64 p95=   22.67 p99=  131.42 rps= 191.03
  controller.AnalyticsController.maxViewersSummary n= 5731 err=   0 errRate=  0.00% avg=   17.63 min=   12.75 max=  846.68 p50=   13.78 p95=   22.82 p99=  131.92 rps= 191.03
  s2s.crud.fetchAllTickets                      n= 5731 err=   0 errRate=  0.00% avg=   17.25 min=   12.62 max=  846.55 p50=   13.60 p95=   22.63 p99=  114.31 rps= 191.03
  s2s.crud.fetchFilms                           n=    1 err=   0 errRate=  0.00% avg=   95.95 min=   95.95 max=   95.95 p50=   95.95 p95=   95.95 p99=   95.95 rps=   0.03
window 1m
  calc.additional.maxViewersSummary             n= 9942 err=   0 errRate=  0.00% avg=   23.34 min=   12.65 max=  846.59 p50=   13.99 p95=   66.88 p99=  173.54 rps= 165.70
  controller.AnalyticsController.maxViewersSummary n= 9942 err=   0 errRate=  0.00% avg=   23.51 min=   12.75 max=  846.68 p50=   14.16 p95=   67.15 p99=  173.76 rps= 165.70
  s2s.crud.fetchAllTickets                      n= 9942 err=   0 errRate=  0.00% avg=   22.90 min=   12.62 max=  846.55 p50=   13.94 p95=   64.61 p99=  150.72 rps= 165.70
  s2s.crud.fetchFilms                           n=    2 err=   0 errRate=  0.00% avg=  160.29 min=   95.95 max=  224.62 p50=  160.29 p95=  218.19 p99=  223.33 rps=   0.03

2026-05-06T21:04:43.713Z  INFO 1 --- [lab8-additional-service] [   scheduling-1] r.h.l.a.o.ObservabilityService           : [lab8-additional-service] observability refresh
window 10s
  calc.additional.maxViewersSummary             n= 1807 err=   0 errRate=  0.00% avg=   17.72 min=   12.67 max=  190.85 p50=   13.58 p95=   23.34 p99=  143.62 rps= 180.70
  controller.AnalyticsController.maxViewersSummary n= 1807 err=   0 errRate=  0.00% avg=   17.86 min=   12.78 max=  191.15 p50=   13.72 p95=   23.60 p99=  143.72 rps= 180.70
  s2s.crud.fetchAllTickets                      n= 1807 err=   0 errRate=  0.00% avg=   17.68 min=   12.64 max=  190.81 p50=   13.54 p95=   23.31 p99=  143.59 rps= 180.70
window 30s
  calc.additional.maxViewersSummary             n= 5564 err=   0 errRate=  0.00% avg=   18.55 min=   12.65 max=  846.59 p50=   13.64 p95=   25.39 p99=  158.45 rps= 185.47
  controller.AnalyticsController.maxViewersSummary n= 5564 err=   0 errRate=  0.00% avg=   18.70 min=   12.75 max=  846.68 p50=   13.78 p95=   25.71 p99=  158.55 rps= 185.47
  s2s.crud.fetchAllTickets                      n= 5564 err=   0 errRate=  0.00% avg=   18.32 min=   12.62 max=  846.55 p50=   13.61 p95=   25.33 p99=  155.77 rps= 185.47
  s2s.crud.fetchFilms                           n=    1 err=   0 errRate=  0.00% avg=   95.95 min=   95.95 max=   95.95 p50=   95.95 p95=   95.95 p99=   95.95 rps=   0.03
window 1m
  calc.additional.maxViewersSummary             n= 9889 err=   0 errRate=  0.00% avg=   23.54 min=   12.65 max=  846.59 p50=   13.98 p95=   69.38 p99=  175.46 rps= 164.82
  controller.AnalyticsController.maxViewersSummary n= 9889 err=   0 errRate=  0.00% avg=   23.70 min=   12.75 max=  846.68 p50=   14.15 p95=   69.51 p99=  176.01 rps= 164.82
  s2s.crud.fetchAllTickets                      n= 9889 err=   0 errRate=  0.00% avg=   23.09 min=   12.62 max=  846.55 p50=   13.94 p95=   65.67 p99=  160.93 rps= 164.82
  s2s.crud.fetchFilms                           n=    2 err=   0 errRate=  0.00% avg=  160.29 min=   95.95 max=  224.62 p50=  160.29 p95=  218.19 p99=  223.33 rps=   0.03

2026-05-06T21:04:44.719Z  INFO 1 --- [lab8-additional-service] [   scheduling-1] r.h.l.a.o.ObservabilityService           : [lab8-additional-service] observability refresh
window 10s
  calc.additional.maxViewersSummary             n= 1608 err=   0 errRate=  0.00% avg=   18.66 min=   12.67 max=  190.85 p50=   13.60 p95=   25.46 p99=  147.32 rps= 160.80
  controller.AnalyticsController.maxViewersSummary n= 1608 err=   0 errRate=  0.00% avg=   18.80 min=   12.78 max=  191.15 p50=   13.74 p95=   25.83 p99=  147.48 rps= 160.80
  s2s.crud.fetchAllTickets                      n= 1608 err=   0 errRate=  0.00% avg=   18.62 min=   12.64 max=  190.81 p50=   13.57 p95=   25.43 p99=  147.29 rps= 160.80
window 30s
  calc.additional.maxViewersSummary             n= 5405 err=   0 errRate=  0.00% avg=   18.31 min=   12.65 max=  846.59 p50=   13.63 p95=   23.27 p99=  159.74 rps= 180.17
  controller.AnalyticsController.maxViewersSummary n= 5405 err=   0 errRate=  0.00% avg=   18.46 min=   12.75 max=  846.68 p50=   13.77 p95=   23.50 p99=  159.85 rps= 180.17
  s2s.crud.fetchAllTickets                      n= 5405 err=   0 errRate=  0.00% avg=   18.27 min=   12.62 max=  846.55 p50=   13.60 p95=   23.23 p99=  159.70 rps= 180.17
window 1m
  calc.additional.maxViewersSummary             n= 9769 err=   0 errRate=  0.00% avg=   23.07 min=   12.65 max=  846.59 p50=   13.96 p95=   65.92 p99=  162.64 rps= 162.82
  controller.AnalyticsController.maxViewersSummary n= 9769 err=   0 errRate=  0.00% avg=   23.24 min=   12.75 max=  846.68 p50=   14.13 p95=   66.32 p99=  162.75 rps= 162.82
  s2s.crud.fetchAllTickets                      n= 9769 err=   0 errRate=  0.00% avg=   22.92 min=   12.62 max=  846.55 p50=   13.92 p95=   64.92 p99=  162.60 rps= 162.82
  s2s.crud.fetchFilms                           n=    1 err=   0 errRate=  0.00% avg=   95.95 min=   95.95 max=   95.95 p50=   95.95 p95=   95.95 p99=   95.95 rps=   0.02

2026-05-06T21:04:45.726Z  INFO 1 --- [lab8-additional-service] [   scheduling-1] r.h.l.a.o.ObservabilityService           : [lab8-additional-service] observability refresh
window 10s
  calc.additional.maxViewersSummary             n= 1393 err=   0 errRate=  0.00% avg=   19.38 min=   12.67 max=  190.85 p50=   13.60 p95=   40.71 p99=  149.03 rps= 139.30
  controller.AnalyticsController.maxViewersSummary n= 1394 err=   0 errRate=  0.00% avg=   19.52 min=   12.78 max=  191.15 p50=   13.74 p95=   40.71 p99=  149.17 rps= 139.40
  s2s.crud.fetchAllTickets                      n= 1393 err=   0 errRate=  0.00% avg=   19.35 min=   12.64 max=  190.81 p50=   13.57 p95=   40.68 p99=  148.98 rps= 139.30
  s2s.crud.fetchFilms                           n=    1 err=   0 errRate=  0.00% avg=  624.00 min=  624.00 max=  624.00 p50=  624.00 p95=  624.00 p99=  624.00 rps=   0.10
window 30s
  calc.additional.maxViewersSummary             n= 5200 err=   0 errRate=  0.00% avg=   18.38 min=   12.65 max=  846.59 p50=   13.63 p95=   22.97 p99=  160.77 rps= 173.33
  controller.AnalyticsController.maxViewersSummary n= 5200 err=   0 errRate=  0.00% avg=   18.53 min=   12.75 max=  846.68 p50=   13.76 p95=   23.13 p99=  160.88 rps= 173.33
  s2s.crud.fetchAllTickets                      n= 5200 err=   0 errRate=  0.00% avg=   18.34 min=   12.62 max=  846.55 p50=   13.59 p95=   22.93 p99=  160.74 rps= 173.33
  s2s.crud.fetchFilms                           n=    1 err=   0 errRate=  0.00% avg=  624.00 min=  624.00 max=  624.00 p50=  624.00 p95=  624.00 p99=  624.00 rps=   0.03
window 1m
  calc.additional.maxViewersSummary             n= 9567 err=   0 errRate=  0.00% avg=   23.17 min=   12.65 max=  846.59 p50=   13.96 p95=   68.07 p99=  163.57 rps= 159.45
  controller.AnalyticsController.maxViewersSummary n= 9567 err=   0 errRate=  0.00% avg=   23.33 min=   12.75 max=  846.68 p50=   14.13 p95=   68.23 p99=  163.69 rps= 159.45
  s2s.crud.fetchAllTickets                      n= 9567 err=   0 errRate=  0.00% avg=   23.01 min=   12.62 max=  846.55 p50=   13.92 p95=   65.89 p99=  163.54 rps= 159.45
  s2s.crud.fetchFilms                           n=    2 err=   0 errRate=  0.00% avg=  359.98 min=   95.95 max=  624.00 p50=  359.98 p95=  597.60 p99=  618.72 rps=   0.03

2026-05-06T21:04:46.732Z  INFO 1 --- [lab8-additional-service] [   scheduling-1] r.h.l.a.o.ObservabilityService           : [lab8-additional-service] observability refresh
window 10s
  calc.additional.maxViewersSummary             n= 1202 err=   0 errRate=  0.00% avg=   21.39 min=   12.67 max=  814.17 p50=   13.62 p95=   63.89 p99=  159.94 rps= 120.20
  controller.AnalyticsController.maxViewersSummary n= 1202 err=   0 errRate=  0.00% avg=   21.53 min=   12.78 max=  814.49 p50=   13.76 p95=   64.01 p99=  160.05 rps= 120.20
  s2s.crud.fetchAllTickets                      n= 1202 err=   0 errRate=  0.00% avg=   20.64 min=   12.64 max=  190.81 p50=   13.59 p95=   63.85 p99=  159.90 rps= 120.20
  s2s.crud.fetchFilms                           n=    1 err=   0 errRate=  0.00% avg=  624.00 min=  624.00 max=  624.00 p50=  624.00 p95=  624.00 p99=  624.00 rps=   0.10
window 30s
  calc.additional.maxViewersSummary             n= 4997 err=   0 errRate=  0.00% avg=   18.84 min=   12.65 max=  846.59 p50=   13.63 p95=   23.28 p99=  167.91 rps= 166.57
  controller.AnalyticsController.maxViewersSummary n= 4997 err=   0 errRate=  0.00% avg=   18.99 min=   12.75 max=  846.68 p50=   13.76 p95=   23.51 p99=  168.26 rps= 166.57
  s2s.crud.fetchAllTickets                      n= 4997 err=   0 errRate=  0.00% avg=   18.63 min=   12.62 max=  846.55 p50=   13.59 p95=   23.24 p99=  167.86 rps= 166.57
  s2s.crud.fetchFilms                           n=    1 err=   0 errRate=  0.00% avg=  624.00 min=  624.00 max=  624.00 p50=  624.00 p95=  624.00 p99=  624.00 rps=   0.03
window 1m
  calc.additional.maxViewersSummary             n= 9427 err=   0 errRate=  0.00% avg=   23.21 min=   12.65 max=  846.59 p50=   13.95 p95=   69.04 p99=  167.64 rps= 157.12
  controller.AnalyticsController.maxViewersSummary n= 9427 err=   0 errRate=  0.00% avg=   23.37 min=   12.75 max=  846.68 p50=   14.11 p95=   69.14 p99=  167.94 rps= 157.12
  s2s.crud.fetchAllTickets                      n= 9427 err=   0 errRate=  0.00% avg=   22.96 min=   12.62 max=  846.55 p50=   13.90 p95=   66.84 p99=  167.60 rps= 157.12
  s2s.crud.fetchFilms                           n=    2 err=   0 errRate=  0.00% avg=  359.98 min=   95.95 max=  624.00 p50=  359.98 p95=  597.60 p99=  618.72 rps=   0.03

2026-05-06T21:04:46.793Z  INFO 1 --- [lab8-additional-service] [   scheduling-1] r.h.l.a.service.FilmCacheService         : film-cache stats: size=310 ttlMs=30000 lastRefreshAtMs=1778101485020 hits=34977 misses=7 refreshes=7
2026-05-06T21:04:47.740Z  INFO 1 --- [lab8-additional-service] [   scheduling-1] r.h.l.a.o.ObservabilityService           : [lab8-additional-service] observability refresh
window 10s
  calc.additional.maxViewersSummary             n= 1026 err=   0 errRate=  0.00% avg=   22.82 min=   12.67 max=  814.17 p50=   13.62 p95=   93.94 p99=  162.05 rps= 102.60
  controller.AnalyticsController.maxViewersSummary n= 1026 err=   0 errRate=  0.00% avg=   22.97 min=   12.78 max=  814.49 p50=   13.75 p95=   94.28 p99=  162.16 rps= 102.60
  s2s.crud.fetchAllTickets                      n= 1026 err=   0 errRate=  0.00% avg=   21.96 min=   12.64 max=  196.68 p50=   13.58 p95=   93.88 p99=  162.01 rps= 102.60
  s2s.crud.fetchFilms                           n=    1 err=   0 errRate=  0.00% avg=  624.00 min=  624.00 max=  624.00 p50=  624.00 p95=  624.00 p99=  624.00 rps=   0.10
window 30s
  calc.additional.maxViewersSummary             n= 4812 err=   0 errRate=  0.00% avg=   19.08 min=   12.67 max=  846.59 p50=   13.62 p95=   23.67 p99=  172.87 rps= 160.40
  controller.AnalyticsController.maxViewersSummary n= 4812 err=   0 errRate=  0.00% avg=   19.23 min=   12.78 max=  846.68 p50=   13.75 p95=   24.08 p99=  173.06 rps= 160.40
  s2s.crud.fetchAllTickets                      n= 4812 err=   0 errRate=  0.00% avg=   18.87 min=   12.64 max=  846.55 p50=   13.58 p95=   23.64 p99=  172.82 rps= 160.40
  s2s.crud.fetchFilms                           n=    1 err=   0 errRate=  0.00% avg=  624.00 min=  624.00 max=  624.00 p50=  624.00 p95=  624.00 p99=  624.00 rps=   0.03
window 1m
  calc.additional.maxViewersSummary             n= 9274 err=   0 errRate=  0.00% avg=   23.03 min=   12.65 max=  846.59 p50=   13.93 p95=   67.08 p99=  171.58 rps= 154.57
  controller.AnalyticsController.maxViewersSummary n= 9274 err=   0 errRate=  0.00% avg=   23.20 min=   12.75 max=  846.68 p50=   14.09 p95=   67.32 p99=  171.77 rps= 154.57
  s2s.crud.fetchAllTickets                      n= 9274 err=   0 errRate=  0.00% avg=   22.78 min=   12.62 max=  846.55 p50=   13.88 p95=   65.23 p99=  171.54 rps= 154.57
  s2s.crud.fetchFilms                           n=    2 err=   0 errRate=  0.00% avg=  359.98 min=   95.95 max=  624.00 p50=  359.98 p95=  597.60 p99=  618.72 rps=   0.03

2026-05-06T21:04:48.746Z  INFO 1 --- [lab8-additional-service] [   scheduling-1] r.h.l.a.o.ObservabilityService           : [lab8-additional-service] observability refresh
window 10s
  calc.additional.maxViewersSummary             n=  858 err=   0 errRate=  0.00% avg=   25.65 min=   12.67 max=  814.17 p50=   13.68 p95=  133.73 p99=  165.77 rps=  85.80
  controller.AnalyticsController.maxViewersSummary n=  858 err=   0 errRate=  0.00% avg=   25.80 min=   12.78 max=  814.49 p50=   13.84 p95=  133.83 p99=  165.91 rps=  85.80
  s2s.crud.fetchAllTickets                      n=  858 err=   0 errRate=  0.00% avg=   24.62 min=   12.64 max=  196.68 p50=   13.64 p95=  133.70 p99=  165.73 rps=  85.80
  s2s.crud.fetchFilms                           n=    1 err=   0 errRate=  0.00% avg=  624.00 min=  624.00 max=  624.00 p50=  624.00 p95=  624.00 p99=  624.00 rps=   0.10
window 30s
  calc.additional.maxViewersSummary             n= 4634 err=   0 errRate=  0.00% avg=   19.45 min=   12.67 max=  846.59 p50=   13.62 p95=   25.11 p99=  175.21 rps= 154.47
  controller.AnalyticsController.maxViewersSummary n= 4634 err=   0 errRate=  0.00% avg=   19.60 min=   12.78 max=  846.68 p50=   13.75 p95=   25.35 p99=  175.41 rps= 154.47
  s2s.crud.fetchAllTickets                      n= 4634 err=   0 errRate=  0.00% avg=   19.23 min=   12.64 max=  846.55 p50=   13.58 p95=   25.08 p99=  175.17 rps= 154.47
  s2s.crud.fetchFilms                           n=    1 err=   0 errRate=  0.00% avg=  624.00 min=  624.00 max=  624.00 p50=  624.00 p95=  624.00 p99=  624.00 rps=   0.03
window 1m
  calc.additional.maxViewersSummary             n= 9128 err=   0 errRate=  0.00% avg=   23.10 min=   12.65 max=  846.59 p50=   13.91 p95=   71.14 p99=  172.64 rps= 152.13
  controller.AnalyticsController.maxViewersSummary n= 9128 err=   0 errRate=  0.00% avg=   23.26 min=   12.75 max=  846.68 p50=   14.07 p95=   71.25 p99=  172.87 rps= 152.13
  s2s.crud.fetchAllTickets                      n= 9128 err=   0 errRate=  0.00% avg=   22.84 min=   12.62 max=  846.55 p50=   13.87 p95=   69.13 p99=  172.52 rps= 152.13
  s2s.crud.fetchFilms                           n=    2 err=   0 errRate=  0.00% avg=  359.98 min=   95.95 max=  624.00 p50=  359.98 p95=  597.60 p99=  618.72 rps=   0.03

2026-05-06T21:04:49.752Z  INFO 1 --- [lab8-additional-service] [   scheduling-1] r.h.l.a.o.ObservabilityService           : [lab8-additional-service] observability refresh
window 10s
  calc.additional.maxViewersSummary             n=  673 err=   0 errRate=  0.00% avg=   29.23 min=   12.74 max=  814.17 p50=   13.74 p95=  143.25 p99=  169.28 rps=  67.30
  controller.AnalyticsController.maxViewersSummary n=  673 err=   0 errRate=  0.00% avg=   29.38 min=   12.85 max=  814.49 p50=   13.90 p95=  143.37 p99=  169.58 rps=  67.30
  s2s.crud.fetchAllTickets                      n=  673 err=   0 errRate=  0.00% avg=   27.93 min=   12.71 max=  196.68 p50=   13.71 p95=  143.21 p99=  169.23 rps=  67.30
  s2s.crud.fetchFilms                           n=    1 err=   0 errRate=  0.00% avg=  624.00 min=  624.00 max=  624.00 p50=  624.00 p95=  624.00 p99=  624.00 rps=   0.10
window 30s
  calc.additional.maxViewersSummary             n= 4435 err=   0 errRate=  0.00% avg=   19.75 min=   12.67 max=  846.59 p50=   13.63 p95=   26.12 p99=  177.71 rps= 147.83
  controller.AnalyticsController.maxViewersSummary n= 4435 err=   0 errRate=  0.00% avg=   19.90 min=   12.78 max=  846.68 p50=   13.75 p95=   26.27 p99=  177.91 rps= 147.83
  s2s.crud.fetchAllTickets                      n= 4435 err=   0 errRate=  0.00% avg=   19.52 min=   12.64 max=  846.55 p50=   13.59 p95=   26.08 p99=  177.67 rps= 147.83
  s2s.crud.fetchFilms                           n=    1 err=   0 errRate=  0.00% avg=  624.00 min=  624.00 max=  624.00 p50=  624.00 p95=  624.00 p99=  624.00 rps=   0.03
window 1m
  calc.additional.maxViewersSummary             n= 8977 err=   0 errRate=  0.00% avg=   23.06 min=   12.65 max=  846.59 p50=   13.89 p95=   71.39 p99=  173.22 rps= 149.62
  controller.AnalyticsController.maxViewersSummary n= 8977 err=   0 errRate=  0.00% avg=   23.22 min=   12.75 max=  846.68 p50=   14.05 p95=   71.49 p99=  173.41 rps= 149.62
  s2s.crud.fetchAllTickets                      n= 8977 err=   0 errRate=  0.00% avg=   22.80 min=   12.62 max=  846.55 p50=   13.85 p95=   68.77 p99=  173.18 rps= 149.62
  s2s.crud.fetchFilms                           n=    2 err=   0 errRate=  0.00% avg=  359.98 min=   95.95 max=  624.00 p50=  359.98 p95=  597.60 p99=  618.72 rps=   0.03

2026-05-06T21:04:50.759Z  INFO 1 --- [lab8-additional-service] [   scheduling-1] r.h.l.a.o.ObservabilityService           : [lab8-additional-service] observability refresh
window 10s
  calc.additional.maxViewersSummary             n=  479 err=   0 errRate=  0.00% avg=   35.55 min=   12.74 max=  814.17 p50=   13.88 p95=  146.85 p99=  176.80 rps=  47.90
  controller.AnalyticsController.maxViewersSummary n=  479 err=   0 errRate=  0.00% avg=   35.70 min=   12.85 max=  814.49 p50=   14.01 p95=  146.98 p99=  176.97 rps=  47.90
  s2s.crud.fetchAllTickets                      n=  479 err=   0 errRate=  0.00% avg=   33.74 min=   12.71 max=  196.68 p50=   13.85 p95=  146.81 p99=  176.76 rps=  47.90
  s2s.crud.fetchFilms                           n=    1 err=   0 errRate=  0.00% avg=  624.00 min=  624.00 max=  624.00 p50=  624.00 p95=  624.00 p99=  624.00 rps=   0.10
window 30s
  calc.additional.maxViewersSummary             n= 4260 err=   0 errRate=  0.00% avg=   19.96 min=   12.67 max=  846.59 p50=   13.63 p95=   27.24 p99=  178.66 rps= 142.00
  controller.AnalyticsController.maxViewersSummary n= 4260 err=   0 errRate=  0.00% avg=   20.10 min=   12.78 max=  846.68 p50=   13.76 p95=   27.33 p99=  178.85 rps= 142.00
  s2s.crud.fetchAllTickets                      n= 4260 err=   0 errRate=  0.00% avg=   19.72 min=   12.64 max=  846.55 p50=   13.59 p95=   27.21 p99=  178.62 rps= 142.00
  s2s.crud.fetchFilms                           n=    1 err=   0 errRate=  0.00% avg=  624.00 min=  624.00 max=  624.00 p50=  624.00 p95=  624.00 p99=  624.00 rps=   0.03
window 1m
  calc.additional.maxViewersSummary             n= 8944 err=   0 errRate=  0.00% avg=   22.57 min=   12.65 max=  846.59 p50=   13.88 p95=   60.38 p99=  170.64 rps= 149.07
  controller.AnalyticsController.maxViewersSummary n= 8944 err=   0 errRate=  0.00% avg=   22.73 min=   12.75 max=  846.68 p50=   14.04 p95=   60.50 p99=  170.74 rps= 149.07
  s2s.crud.fetchAllTickets                      n= 8944 err=   0 errRate=  0.00% avg=   22.31 min=   12.62 max=  846.55 p50=   13.84 p95=   58.98 p99=  170.60 rps= 149.07
  s2s.crud.fetchFilms                           n=    2 err=   0 errRate=  0.00% avg=  359.98 min=   95.95 max=  624.00 p50=  359.98 p95=  597.60 p99=  618.72 rps=   0.03

2026-05-06T21:04:51.764Z  INFO 1 --- [lab8-additional-service] [   scheduling-1] r.h.l.a.o.ObservabilityService           : [lab8-additional-service] observability refresh
window 10s
  calc.additional.maxViewersSummary             n=  277 err=   0 errRate=  0.00% avg=   51.08 min=   12.91 max=  814.17 p50=   14.13 p95=  160.01 p99=  192.27 rps=  27.70
  controller.AnalyticsController.maxViewersSummary n=  277 err=   0 errRate=  0.00% avg=   51.24 min=   13.00 max=  814.49 p50=   14.31 p95=  160.12 p99=  192.54 rps=  27.70
  s2s.crud.fetchAllTickets                      n=  277 err=   0 errRate=  0.00% avg=   47.98 min=   12.88 max=  196.68 p50=   14.08 p95=  159.96 p99=  189.79 rps=  27.70
  s2s.crud.fetchFilms                           n=    1 err=   0 errRate=  0.00% avg=  624.00 min=  624.00 max=  624.00 p50=  624.00 p95=  624.00 p99=  624.00 rps=   0.10
window 30s
  calc.additional.maxViewersSummary             n= 4068 err=   0 errRate=  0.00% avg=   20.25 min=   12.67 max=  846.59 p50=   13.63 p95=   28.72 p99=  179.77 rps= 135.60
  controller.AnalyticsController.maxViewersSummary n= 4068 err=   0 errRate=  0.00% avg=   20.40 min=   12.78 max=  846.68 p50=   13.77 p95=   28.86 p99=  179.94 rps= 135.60
  s2s.crud.fetchAllTickets                      n= 4068 err=   0 errRate=  0.00% avg=   20.00 min=   12.64 max=  846.55 p50=   13.60 p95=   28.69 p99=  179.72 rps= 135.60
  s2s.crud.fetchFilms                           n=    1 err=   0 errRate=  0.00% avg=  624.00 min=  624.00 max=  624.00 p50=  624.00 p95=  624.00 p99=  624.00 rps=   0.03
window 1m
  calc.additional.maxViewersSummary             n= 8876 err=   0 errRate=  0.00% avg=   22.14 min=   12.65 max=  846.59 p50=   13.87 p95=   53.10 p99=  168.27 rps= 147.93
  controller.AnalyticsController.maxViewersSummary n= 8876 err=   0 errRate=  0.00% avg=   22.30 min=   12.75 max=  846.68 p50=   14.03 p95=   53.20 p99=  168.57 rps= 147.93
  s2s.crud.fetchAllTickets                      n= 8876 err=   0 errRate=  0.00% avg=   21.88 min=   12.62 max=  846.55 p50=   13.83 p95=   50.45 p99=  168.22 rps= 147.93
  s2s.crud.fetchFilms                           n=    2 err=   0 errRate=  0.00% avg=  359.98 min=   95.95 max=  624.00 p50=  359.98 p95=  597.60 p99=  618.72 rps=   0.03

2026-05-06T21:04:52.769Z  INFO 1 --- [lab8-additional-service] [   scheduling-1] r.h.l.a.o.ObservabilityService           : [lab8-additional-service] observability refresh
window 10s
  calc.additional.maxViewersSummary             n=  129 err=   0 errRate=  0.00% avg=   84.02 min=   12.86 max=  814.17 p50=   26.27 p95=  170.93 p99=  353.74 rps=  12.90
  controller.AnalyticsController.maxViewersSummary n=  129 err=   0 errRate=  0.00% avg=   84.18 min=   12.98 max=  814.49 p50=   26.54 p95=  171.17 p99=  354.30 rps=  12.90
  s2s.crud.fetchAllTickets                      n=  129 err=   0 errRate=  0.00% avg=   77.39 min=   12.83 max=  196.68 p50=   26.19 p95=  170.88 p99=  190.59 rps=  12.90
  s2s.crud.fetchFilms                           n=    1 err=   0 errRate=  0.00% avg=  624.00 min=  624.00 max=  624.00 p50=  624.00 p95=  624.00 p99=  624.00 rps=   0.10
window 30s
  calc.additional.maxViewersSummary             n= 3891 err=   0 errRate=  0.00% avg=   20.55 min=   12.67 max=  846.59 p50=   13.64 p95=   29.49 p99=  182.48 rps= 129.70
  controller.AnalyticsController.maxViewersSummary n= 3891 err=   0 errRate=  0.00% avg=   20.70 min=   12.78 max=  846.68 p50=   13.77 p95=   30.13 p99=  182.65 rps= 129.70
  s2s.crud.fetchAllTickets                      n= 3891 err=   0 errRate=  0.00% avg=   20.30 min=   12.64 max=  846.55 p50=   13.60 p95=   29.46 p99=  182.44 rps= 129.70
  s2s.crud.fetchFilms                           n=    1 err=   0 errRate=  0.00% avg=  624.00 min=  624.00 max=  624.00 p50=  624.00 p95=  624.00 p99=  624.00 rps=   0.03
window 1m
  calc.additional.maxViewersSummary             n= 8780 err=   0 errRate=  0.00% avg=   21.58 min=   12.65 max=  846.59 p50=   13.86 p95=   42.80 p99=  162.95 rps= 146.33
  controller.AnalyticsController.maxViewersSummary n= 8780 err=   0 errRate=  0.00% avg=   21.74 min=   12.75 max=  846.68 p50=   14.01 p95=   42.90 p99=  163.08 rps= 146.33
  s2s.crud.fetchAllTickets                      n= 8780 err=   0 errRate=  0.00% avg=   21.32 min=   12.62 max=  846.55 p50=   13.81 p95=   42.34 p99=  162.91 rps= 146.33
  s2s.crud.fetchFilms                           n=    2 err=   0 errRate=  0.00% avg=  359.98 min=   95.95 max=  624.00 p50=  359.98 p95=  597.60 p99=  618.72 rps=   0.03

2026-05-06T21:04:53.777Z  INFO 1 --- [lab8-additional-service] [   scheduling-1] r.h.l.a.o.ObservabilityService           : [lab8-additional-service] observability refresh
window 10s
  calc.additional.maxViewersSummary             n=  101 err=   0 errRate=  0.00% avg=   47.85 min=   12.66 max=  814.17 p50=   13.74 p95=  158.27 p99=  414.79 rps=  10.10
  controller.AnalyticsController.maxViewersSummary n=  101 err=   0 errRate=  0.00% avg=   48.01 min=   12.75 max=  814.49 p50=   13.90 p95=  158.55 p99=  415.50 rps=  10.10
  s2s.crud.fetchAllTickets                      n=  101 err=   0 errRate=  0.00% avg=   39.39 min=   12.62 max=  196.68 p50=   13.71 p95=  158.21 p99=  190.03 rps=  10.10
  s2s.crud.fetchFilms                           n=    1 err=   0 errRate=  0.00% avg=  624.00 min=  624.00 max=  624.00 p50=  624.00 p95=  624.00 p99=  624.00 rps=   0.10
window 30s
  calc.additional.maxViewersSummary             n= 3684 err=   0 errRate=  0.00% avg=   20.94 min=   12.66 max=  846.59 p50=   13.64 p95=   32.56 p99=  187.88 rps= 122.80
  controller.AnalyticsController.maxViewersSummary n= 3684 err=   0 errRate=  0.00% avg=   21.08 min=   12.75 max=  846.68 p50=   13.77 p95=   32.85 p99=  188.08 rps= 122.80
  s2s.crud.fetchAllTickets                      n= 3684 err=   0 errRate=  0.00% avg=   20.67 min=   12.62 max=  846.55 p50=   13.61 p95=   32.52 p99=  187.85 rps= 122.80
  s2s.crud.fetchFilms                           n=    1 err=   0 errRate=  0.00% avg=  624.00 min=  624.00 max=  624.00 p50=  624.00 p95=  624.00 p99=  624.00 rps=   0.03
window 1m
  calc.additional.maxViewersSummary             n= 8757 err=   0 errRate=  0.00% avg=   20.90 min=   12.65 max=  846.59 p50=   13.85 p95=   39.57 p99=  154.58 rps= 145.95
  controller.AnalyticsController.maxViewersSummary n= 8757 err=   0 errRate=  0.00% avg=   21.06 min=   12.75 max=  846.68 p50=   14.00 p95=   39.70 p99=  154.76 rps= 145.95
  s2s.crud.fetchAllTickets                      n= 8757 err=   0 errRate=  0.00% avg=   20.63 min=   12.62 max=  846.55 p50=   13.81 p95=   39.46 p99=  154.31 rps= 145.95
  s2s.crud.fetchFilms                           n=    2 err=   0 errRate=  0.00% avg=  359.98 min=   95.95 max=  624.00 p50=  359.98 p95=  597.60 p99=  618.72 rps=   0.03

2026-05-06T21:04:54.784Z  INFO 1 --- [lab8-additional-service] [   scheduling-1] r.h.l.a.o.ObservabilityService           : [lab8-additional-service] observability refresh
window 10s
  calc.additional.maxViewersSummary             n=  116 err=   0 errRate=  0.00% avg=   40.34 min=   12.66 max=  814.17 p50=   13.66 p95=  157.62 p99=  382.08 rps=  11.60
  controller.AnalyticsController.maxViewersSummary n=  116 err=   0 errRate=  0.00% avg=   40.50 min=   12.75 max=  814.49 p50=   13.87 p95=  157.83 p99=  382.72 rps=  11.60
  s2s.crud.fetchAllTickets                      n=  116 err=   0 errRate=  0.00% avg=   32.97 min=   12.62 max=  196.68 p50=   13.62 p95=  157.56 p99=  189.98 rps=  11.60
  s2s.crud.fetchFilms                           n=    1 err=   0 errRate=  0.00% avg=  624.00 min=  624.00 max=  624.00 p50=  624.00 p95=  624.00 p99=  624.00 rps=   0.10
window 30s
  calc.additional.maxViewersSummary             n= 3608 err=   0 errRate=  0.00% avg=   20.22 min=   12.66 max=  846.59 p50=   13.64 p95=   28.90 p99=  179.48 rps= 120.27
  controller.AnalyticsController.maxViewersSummary n= 3608 err=   0 errRate=  0.00% avg=   20.37 min=   12.75 max=  846.68 p50=   13.77 p95=   29.09 p99=  179.61 rps= 120.27
  s2s.crud.fetchAllTickets                      n= 3608 err=   0 errRate=  0.00% avg=   19.94 min=   12.62 max=  846.55 p50=   13.60 p95=   28.87 p99=  179.43 rps= 120.27
  s2s.crud.fetchFilms                           n=    1 err=   0 errRate=  0.00% avg=  624.00 min=  624.00 max=  624.00 p50=  624.00 p95=  624.00 p99=  624.00 rps=   0.03
window 1m
  calc.additional.maxViewersSummary             n= 8726 err=   0 errRate=  0.00% avg=   20.42 min=   12.65 max=  846.59 p50=   13.84 p95=   37.78 p99=  153.25 rps= 145.43
  controller.AnalyticsController.maxViewersSummary n= 8726 err=   0 errRate=  0.00% avg=   20.58 min=   12.75 max=  846.68 p50=   14.00 p95=   37.89 p99=  153.42 rps= 145.43
  s2s.crud.fetchAllTickets                      n= 8726 err=   0 errRate=  0.00% avg=   20.15 min=   12.62 max=  846.55 p50=   13.80 p95=   37.69 p99=  152.80 rps= 145.43
  s2s.crud.fetchFilms                           n=    2 err=   0 errRate=  0.00% avg=  359.98 min=   95.95 max=  624.00 p50=  359.98 p95=  597.60 p99=  618.72 rps=   0.03

2026-05-06T21:04:55.789Z  INFO 1 --- [lab8-additional-service] [   scheduling-1] r.h.l.a.o.ObservabilityService           : [lab8-additional-service] observability refresh
window 10s
  calc.additional.maxViewersSummary             n=  135 err=   0 errRate=  0.00% avg=   36.80 min=   12.66 max=  814.17 p50=   13.65 p95=  148.13 p99=  340.65 rps=  13.50
  controller.AnalyticsController.maxViewersSummary n=  135 err=   0 errRate=  0.00% avg=   36.97 min=   12.75 max=  814.49 p50=   13.83 p95=  148.38 p99=  341.19 rps=  13.50
  s2s.crud.fetchAllTickets                      n=  135 err=   0 errRate=  0.00% avg=   30.47 min=   12.62 max=  196.68 p50=   13.59 p95=  148.07 p99=  189.92 rps=  13.50
window 30s
  calc.additional.maxViewersSummary             n= 3569 err=   0 errRate=  0.00% avg=   17.70 min=   12.66 max=  814.17 p50=   13.63 p95=   23.54 p99=  143.72 rps= 118.97
  controller.AnalyticsController.maxViewersSummary n= 3569 err=   0 errRate=  0.00% avg=   17.85 min=   12.75 max=  814.49 p50=   13.76 p95=   23.78 p99=  143.82 rps= 118.97
  s2s.crud.fetchAllTickets                      n= 3569 err=   0 errRate=  0.00% avg=   17.42 min=   12.62 max=  196.68 p50=   13.59 p95=   23.51 p99=  143.68 rps= 118.97
  s2s.crud.fetchFilms                           n=    1 err=   0 errRate=  0.00% avg=  624.00 min=  624.00 max=  624.00 p50=  624.00 p95=  624.00 p99=  624.00 rps=   0.03
window 1m
  calc.additional.maxViewersSummary             n= 8655 err=   0 errRate=  0.00% avg=   19.90 min=   12.65 max=  846.59 p50=   13.83 p95=   35.82 p99=  149.37 rps= 144.25
  controller.AnalyticsController.maxViewersSummary n= 8655 err=   0 errRate=  0.00% avg=   20.06 min=   12.75 max=  846.68 p50=   13.98 p95=   35.96 p99=  149.51 rps= 144.25
  s2s.crud.fetchAllTickets                      n= 8655 err=   0 errRate=  0.00% avg=   19.64 min=   12.62 max=  846.55 p50=   13.79 p95=   35.76 p99=  148.09 rps= 144.25
  s2s.crud.fetchFilms                           n=    2 err=   0 errRate=  0.00% avg=  359.98 min=   95.95 max=  624.00 p50=  359.98 p95=  597.60 p99=  618.72 rps=   0.03

2026-05-06T21:04:56.795Z  INFO 1 --- [lab8-additional-service] [   scheduling-1] r.h.l.a.o.ObservabilityService           : [lab8-additional-service] observability refresh
window 10s
  calc.additional.maxViewersSummary             n=  153 err=   0 errRate=  0.00% avg=   23.69 min=   12.66 max=  164.77 p50=   13.61 p95=  109.89 p99=  158.48 rps=  15.30
  controller.AnalyticsController.maxViewersSummary n=  153 err=   0 errRate=  0.00% avg=   23.85 min=   12.75 max=  164.94 p50=   13.76 p95=  110.08 p99=  158.71 rps=  15.30
  s2s.crud.fetchAllTickets                      n=  153 err=   0 errRate=  0.00% avg=   23.65 min=   12.62 max=  164.72 p50=   13.57 p95=  109.83 p99=  158.42 rps=  15.30
window 30s
  calc.additional.maxViewersSummary             n= 3417 err=   0 errRate=  0.00% avg=   17.46 min=   12.66 max=  814.17 p50=   13.63 p95=   23.24 p99=  143.03 rps= 113.90
  controller.AnalyticsController.maxViewersSummary n= 3417 err=   0 errRate=  0.00% avg=   17.61 min=   12.75 max=  814.49 p50=   13.75 p95=   23.49 p99=  143.14 rps= 113.90
  s2s.crud.fetchAllTickets                      n= 3417 err=   0 errRate=  0.00% avg=   17.17 min=   12.62 max=  196.68 p50=   13.59 p95=   23.21 p99=  142.99 rps= 113.90
  s2s.crud.fetchFilms                           n=    1 err=   0 errRate=  0.00% avg=  624.00 min=  624.00 max=  624.00 p50=  624.00 p95=  624.00 p99=  624.00 rps=   0.03
window 1m
  calc.additional.maxViewersSummary             n= 8617 err=   0 errRate=  0.00% avg=   19.30 min=   12.65 max=  846.59 p50=   13.82 p95=   33.34 p99=  144.54 rps= 143.62
  controller.AnalyticsController.maxViewersSummary n= 8617 err=   0 errRate=  0.00% avg=   19.46 min=   12.75 max=  846.68 p50=   13.97 p95=   33.54 p99=  144.64 rps= 143.62
  s2s.crud.fetchAllTickets                      n= 8617 err=   0 errRate=  0.00% avg=   19.03 min=   12.62 max=  846.55 p50=   13.78 p95=   33.20 p99=  144.12 rps= 143.62
  s2s.crud.fetchFilms                           n=    2 err=   0 errRate=  0.00% avg=  359.98 min=   95.95 max=  624.00 p50=  359.98 p95=  597.60 p99=  618.72 rps=   0.03

2026-05-06T21:04:56.796Z  INFO 1 --- [lab8-additional-service] [   scheduling-1] r.h.l.a.service.FilmCacheService         : film-cache stats: size=310 ttlMs=30000 lastRefreshAtMs=1778101485020 hits=35131 misses=7 refreshes=7
2026-05-06T21:04:57.801Z  INFO 1 --- [lab8-additional-service] [   scheduling-1] r.h.l.a.o.ObservabilityService           : [lab8-additional-service] observability refresh
window 10s
  calc.additional.maxViewersSummary             n=  172 err=   0 errRate=  0.00% avg=   21.69 min=   12.66 max=  164.77 p50=   13.64 p95=   62.57 p99=  158.39 rps=  17.20
  controller.AnalyticsController.maxViewersSummary n=  172 err=   0 errRate=  0.00% avg=   21.86 min=   12.75 max=  164.94 p50=   13.84 p95=   62.80 p99=  158.65 rps=  17.20
  s2s.crud.fetchAllTickets                      n=  172 err=   0 errRate=  0.00% avg=   21.64 min=   12.62 max=  164.72 p50=   13.59 p95=   62.51 p99=  158.34 rps=  17.20
window 30s
  calc.additional.maxViewersSummary             n= 3227 err=   0 errRate=  0.00% avg=   17.66 min=   12.66 max=  814.17 p50=   13.64 p95=   23.51 p99=  143.61 rps= 107.57
  controller.AnalyticsController.maxViewersSummary n= 3227 err=   0 errRate=  0.00% avg=   17.81 min=   12.75 max=  814.49 p50=   13.77 p95=   23.64 p99=  143.71 rps= 107.57
  s2s.crud.fetchAllTickets                      n= 3227 err=   0 errRate=  0.00% avg=   17.36 min=   12.62 max=  196.68 p50=   13.60 p95=   23.48 p99=  143.58 rps= 107.57
  s2s.crud.fetchFilms                           n=    1 err=   0 errRate=  0.00% avg=  624.00 min=  624.00 max=  624.00 p50=  624.00 p95=  624.00 p99=  624.00 rps=   0.03
window 1m
  calc.additional.maxViewersSummary             n= 8615 err=   0 errRate=  0.00% avg=   18.87 min=   12.65 max=  846.59 p50=   13.82 p95=   32.31 p99=  143.03 rps= 143.58
  controller.AnalyticsController.maxViewersSummary n= 8615 err=   0 errRate=  0.00% avg=   19.03 min=   12.75 max=  846.68 p50=   13.97 p95=   32.69 p99=  143.14 rps= 143.58
  s2s.crud.fetchAllTickets                      n= 8615 err=   0 errRate=  0.00% avg=   18.60 min=   12.62 max=  846.55 p50=   13.78 p95=   32.24 p99=  141.87 rps= 143.58
  s2s.crud.fetchFilms                           n=    2 err=   0 errRate=  0.00% avg=  359.98 min=   95.95 max=  624.00 p50=  359.98 p95=  597.60 p99=  618.72 rps=   0.03

2026-05-06T21:04:58.806Z  INFO 1 --- [lab8-additional-service] [   scheduling-1] r.h.l.a.o.ObservabilityService           : [lab8-additional-service] observability refresh
window 10s
  calc.additional.maxViewersSummary             n=  187 err=   0 errRate=  0.00% avg=   16.64 min=   12.66 max=  133.64 p50=   13.66 p95=   21.17 p99=   39.95 rps=  18.70
  controller.AnalyticsController.maxViewersSummary n=  187 err=   0 errRate=  0.00% avg=   16.81 min=   12.75 max=  134.00 p50=   13.90 p95=   21.33 p99=   40.21 rps=  18.70
  s2s.crud.fetchAllTickets                      n=  187 err=   0 errRate=  0.00% avg=   16.59 min=   12.62 max=  133.57 p50=   13.63 p95=   21.12 p99=   39.88 rps=  18.70
window 30s
  calc.additional.maxViewersSummary             n= 3040 err=   0 errRate=  0.00% avg=   17.91 min=   12.66 max=  814.17 p50=   13.64 p95=   24.31 p99=  144.06 rps= 101.33
  controller.AnalyticsController.maxViewersSummary n= 3040 err=   0 errRate=  0.00% avg=   18.06 min=   12.75 max=  814.49 p50=   13.77 p95=   24.51 p99=  144.17 rps= 101.33
  s2s.crud.fetchAllTickets                      n= 3040 err=   0 errRate=  0.00% avg=   17.59 min=   12.62 max=  196.68 p50=   13.60 p95=   24.28 p99=  144.00 rps= 101.33
  s2s.crud.fetchFilms                           n=    1 err=   0 errRate=  0.00% avg=  624.00 min=  624.00 max=  624.00 p50=  624.00 p95=  624.00 p99=  624.00 rps=   0.03
window 1m
  calc.additional.maxViewersSummary             n= 8530 err=   0 errRate=  0.00% avg=   18.78 min=   12.65 max=  846.59 p50=   13.81 p95=   31.88 p99=  143.40 rps= 142.17
  controller.AnalyticsController.maxViewersSummary n= 8530 err=   0 errRate=  0.00% avg=   18.94 min=   12.75 max=  846.68 p50=   13.96 p95=   32.13 p99=  143.54 rps= 142.17
  s2s.crud.fetchAllTickets                      n= 8530 err=   0 errRate=  0.00% avg=   18.52 min=   12.62 max=  846.55 p50=   13.77 p95=   31.84 p99=  142.57 rps= 142.17
  s2s.crud.fetchFilms                           n=    2 err=   0 errRate=  0.00% avg=  359.98 min=   95.95 max=  624.00 p50=  359.98 p95=  597.60 p99=  618.72 rps=   0.03

2026-05-06T21:04:59.811Z  INFO 1 --- [lab8-additional-service] [   scheduling-1] r.h.l.a.o.ObservabilityService           : [lab8-additional-service] observability refresh
window 10s
  calc.additional.maxViewersSummary             n=  195 err=   0 errRate=  0.00% avg=   15.69 min=   12.66 max=   29.27 p50=   13.75 p95=   21.07 p99=   26.48 rps=  19.50
  controller.AnalyticsController.maxViewersSummary n=  195 err=   0 errRate=  0.00% avg=   15.86 min=   12.75 max=   29.43 p50=   13.94 p95=   21.23 p99=   26.64 rps=  19.50
  s2s.crud.fetchAllTickets                      n=  195 err=   0 errRate=  0.00% avg=   15.64 min=   12.62 max=   29.23 p50=   13.71 p95=   21.01 p99=   26.43 rps=  19.50
window 30s
  calc.additional.maxViewersSummary             n= 2836 err=   0 errRate=  0.00% avg=   18.08 min=   12.66 max=  814.17 p50=   13.63 p95=   24.39 p99=  144.40 rps=  94.53
  controller.AnalyticsController.maxViewersSummary n= 2836 err=   0 errRate=  0.00% avg=   18.22 min=   12.75 max=  814.49 p50=   13.76 p95=   24.55 p99=  144.56 rps=  94.53
  s2s.crud.fetchAllTickets                      n= 2836 err=   0 errRate=  0.00% avg=   17.74 min=   12.62 max=  196.68 p50=   13.59 p95=   24.35 p99=  144.36 rps=  94.53
  s2s.crud.fetchFilms                           n=    1 err=   0 errRate=  0.00% avg=  624.00 min=  624.00 max=  624.00 p50=  624.00 p95=  624.00 p99=  624.00 rps=   0.03
window 1m
  calc.additional.maxViewersSummary             n= 8379 err=   0 errRate=  0.00% avg=   18.71 min=   12.65 max=  846.59 p50=   13.79 p95=   31.62 p99=  143.69 rps= 139.65
  controller.AnalyticsController.maxViewersSummary n= 8379 err=   0 errRate=  0.00% avg=   18.87 min=   12.75 max=  846.68 p50=   13.94 p95=   31.86 p99=  143.79 rps= 139.65
  s2s.crud.fetchAllTickets                      n= 8379 err=   0 errRate=  0.00% avg=   18.44 min=   12.62 max=  846.55 p50=   13.75 p95=   31.52 p99=  142.95 rps= 139.65
  s2s.crud.fetchFilms                           n=    2 err=   0 errRate=  0.00% avg=  359.98 min=   95.95 max=  624.00 p50=  359.98 p95=  597.60 p99=  618.72 rps=   0.03

2026-05-06T21:05:00.816Z  INFO 1 --- [lab8-additional-service] [   scheduling-1] r.h.l.a.o.ObservabilityService           : [lab8-additional-service] observability refresh
window 10s
  calc.additional.maxViewersSummary             n=  193 err=   0 errRate=  0.00% avg=   15.74 min=   12.66 max=   29.27 p50=   13.72 p95=   21.10 p99=   27.02 rps=  19.30
  controller.AnalyticsController.maxViewersSummary n=  193 err=   0 errRate=  0.00% avg=   15.91 min=   12.75 max=   29.43 p50=   13.94 p95=   21.26 p99=   27.28 rps=  19.30
  s2s.crud.fetchAllTickets                      n=  193 err=   0 errRate=  0.00% avg=   15.69 min=   12.62 max=   29.23 p50=   13.66 p95=   21.04 p99=   26.96 rps=  19.30
window 30s
  calc.additional.maxViewersSummary             n= 2662 err=   0 errRate=  0.00% avg=   18.07 min=   12.66 max=  814.17 p50=   13.60 p95=   21.72 p99=  144.70 rps=  88.73
  controller.AnalyticsController.maxViewersSummary n= 2662 err=   0 errRate=  0.00% avg=   18.22 min=   12.75 max=  814.49 p50=   13.73 p95=   22.12 p99=  144.80 rps=  88.73
  s2s.crud.fetchAllTickets                      n= 2662 err=   0 errRate=  0.00% avg=   17.72 min=   12.62 max=  196.68 p50=   13.57 p95=   21.69 p99=  144.67 rps=  88.73
  s2s.crud.fetchFilms                           n=    1 err=   0 errRate=  0.00% avg=  624.00 min=  624.00 max=  624.00 p50=  624.00 p95=  624.00 p99=  624.00 rps=   0.03
window 1m
  calc.additional.maxViewersSummary             n= 8212 err=   0 errRate=  0.00% avg=   18.73 min=   12.65 max=  846.59 p50=   13.78 p95=   31.48 p99=  143.87 rps= 136.87
  controller.AnalyticsController.maxViewersSummary n= 8212 err=   0 errRate=  0.00% avg=   18.88 min=   12.75 max=  846.68 p50=   13.92 p95=   31.72 p99=  143.99 rps= 136.87
  s2s.crud.fetchAllTickets                      n= 8212 err=   0 errRate=  0.00% avg=   18.45 min=   12.62 max=  846.55 p50=   13.74 p95=   31.43 p99=  143.00 rps= 136.87
  s2s.crud.fetchFilms                           n=    2 err=   0 errRate=  0.00% avg=  359.98 min=   95.95 max=  624.00 p50=  359.98 p95=  597.60 p99=  618.72 rps=   0.03

2026-05-06T21:05:01.820Z  INFO 1 --- [lab8-additional-service] [   scheduling-1] r.h.l.a.o.ObservabilityService           : [lab8-additional-service] observability refresh
window 10s
  calc.additional.maxViewersSummary             n=  200 err=   0 errRate=  0.00% avg=   15.77 min=   12.66 max=   29.27 p50=   13.79 p95=   21.72 p99=   26.98 rps=  20.00
  controller.AnalyticsController.maxViewersSummary n=  200 err=   0 errRate=  0.00% avg=   15.94 min=   12.75 max=   29.43 p50=   13.95 p95=   21.84 p99=   27.24 rps=  20.00
  s2s.crud.fetchAllTickets                      n=  200 err=   0 errRate=  0.00% avg=   15.72 min=   12.62 max=   29.23 p50=   13.73 p95=   21.69 p99=   26.93 rps=  20.00
window 30s
  calc.additional.maxViewersSummary             n= 2477 err=   0 errRate=  0.00% avg=   18.36 min=   12.66 max=  814.17 p50=   13.60 p95=   22.96 p99=  145.41 rps=  82.57
  controller.AnalyticsController.maxViewersSummary n= 2477 err=   0 errRate=  0.00% avg=   18.50 min=   12.75 max=  814.49 p50=   13.73 p95=   23.23 p99=  145.52 rps=  82.57
  s2s.crud.fetchAllTickets                      n= 2477 err=   0 errRate=  0.00% avg=   17.97 min=   12.62 max=  196.68 p50=   13.56 p95=   22.90 p99=  145.38 rps=  82.57
  s2s.crud.fetchFilms                           n=    1 err=   0 errRate=  0.00% avg=  624.00 min=  624.00 max=  624.00 p50=  624.00 p95=  624.00 p99=  624.00 rps=   0.03
window 1m
  calc.additional.maxViewersSummary             n= 8085 err=   0 errRate=  0.00% avg=   18.70 min=   12.65 max=  846.59 p50=   13.76 p95=   31.49 p99=  144.16 rps= 134.75
  controller.AnalyticsController.maxViewersSummary n= 8085 err=   0 errRate=  0.00% avg=   18.85 min=   12.75 max=  846.68 p50=   13.91 p95=   31.73 p99=  144.29 rps= 134.75
  s2s.crud.fetchAllTickets                      n= 8085 err=   0 errRate=  0.00% avg=   18.42 min=   12.62 max=  846.55 p50=   13.72 p95=   31.43 p99=  143.53 rps= 134.75
  s2s.crud.fetchFilms                           n=    2 err=   0 errRate=  0.00% avg=  359.98 min=   95.95 max=  624.00 p50=  359.98 p95=  597.60 p99=  618.72 rps=   0.03

2026-05-06T21:05:02.826Z  INFO 1 --- [lab8-additional-service] [   scheduling-1] r.h.l.a.o.ObservabilityService           : [lab8-additional-service] observability refresh
window 10s
  calc.additional.maxViewersSummary             n=  186 err=   0 errRate=  0.00% avg=   16.06 min=   12.66 max=   29.27 p50=   13.95 p95=   21.95 p99=   27.05 rps=  18.60
  controller.AnalyticsController.maxViewersSummary n=  186 err=   0 errRate=  0.00% avg=   16.24 min=   12.75 max=   29.43 p50=   14.08 p95=   22.18 p99=   27.31 rps=  18.60
  s2s.crud.fetchAllTickets                      n=  186 err=   0 errRate=  0.00% avg=   16.01 min=   12.62 max=   29.23 p50=   13.89 p95=   21.90 p99=   27.00 rps=  18.60
window 30s
  calc.additional.maxViewersSummary             n= 2275 err=   0 errRate=  0.00% avg=   18.78 min=   12.66 max=  814.17 p50=   13.60 p95=   23.94 p99=  147.62 rps=  75.83
  controller.AnalyticsController.maxViewersSummary n= 2275 err=   0 errRate=  0.00% avg=   18.93 min=   12.75 max=  814.49 p50=   13.73 p95=   24.33 p99=  147.79 rps=  75.83
  s2s.crud.fetchAllTickets                      n= 2275 err=   0 errRate=  0.00% avg=   18.37 min=   12.62 max=  196.68 p50=   13.56 p95=   23.89 p99=  147.58 rps=  75.83
  s2s.crud.fetchFilms                           n=    1 err=   0 errRate=  0.00% avg=  624.00 min=  624.00 max=  624.00 p50=  624.00 p95=  624.00 p99=  624.00 rps=   0.03
window 1m
  calc.additional.maxViewersSummary             n= 7922 err=   0 errRate=  0.00% avg=   18.71 min=   12.65 max=  846.59 p50=   13.74 p95=   31.64 p99=  144.45 rps= 132.03
  controller.AnalyticsController.maxViewersSummary n= 7922 err=   0 errRate=  0.00% avg=   18.87 min=   12.75 max=  846.68 p50=   13.89 p95=   31.97 p99=  144.59 rps= 132.03
  s2s.crud.fetchAllTickets                      n= 7922 err=   0 errRate=  0.00% avg=   18.43 min=   12.62 max=  846.55 p50=   13.70 p95=   31.56 p99=  143.80 rps= 132.03
  s2s.crud.fetchFilms                           n=    2 err=   0 errRate=  0.00% avg=  359.98 min=   95.95 max=  624.00 p50=  359.98 p95=  597.60 p99=  618.72 rps=   0.03

2026-05-06T21:05:03.831Z  INFO 1 --- [lab8-additional-service] [   scheduling-1] r.h.l.a.o.ObservabilityService           : [lab8-additional-service] observability refresh
window 10s
  calc.additional.maxViewersSummary             n=  184 err=   0 errRate=  0.00% avg=   17.31 min=   12.85 max=   84.56 p50=   14.00 p95=   22.90 p99=   55.16 rps=  18.40
  controller.AnalyticsController.maxViewersSummary n=  184 err=   0 errRate=  0.00% avg=   17.49 min=   12.95 max=   84.66 p50=   14.21 p95=   23.04 p99=   55.30 rps=  18.40
  s2s.crud.fetchAllTickets                      n=  184 err=   0 errRate=  0.00% avg=   17.26 min=   12.82 max=   84.53 p50=   13.95 p95=   22.84 p99=   55.11 rps=  18.40
window 30s
  calc.additional.maxViewersSummary             n= 2070 err=   0 errRate=  0.00% avg=   19.39 min=   12.66 max=  814.17 p50=   13.62 p95=   27.69 p99=  149.86 rps=  69.00
  controller.AnalyticsController.maxViewersSummary n= 2070 err=   0 errRate=  0.00% avg=   19.54 min=   12.75 max=  814.49 p50=   13.75 p95=   27.85 p99=  150.02 rps=  69.00
  s2s.crud.fetchAllTickets                      n= 2070 err=   0 errRate=  0.00% avg=   18.94 min=   12.62 max=  196.68 p50=   13.58 p95=   27.63 p99=  149.81 rps=  69.00
  s2s.crud.fetchFilms                           n=    1 err=   0 errRate=  0.00% avg=  624.00 min=  624.00 max=  624.00 p50=  624.00 p95=  624.00 p99=  624.00 rps=   0.03
window 1m
  calc.additional.maxViewersSummary             n= 7758 err=   0 errRate=  0.00% avg=   18.67 min=   12.65 max=  846.59 p50=   13.72 p95=   30.58 p99=  144.72 rps= 129.30
  controller.AnalyticsController.maxViewersSummary n= 7758 err=   0 errRate=  0.00% avg=   18.83 min=   12.75 max=  846.68 p50=   13.87 p95=   30.74 p99=  144.82 rps= 129.30
  s2s.crud.fetchAllTickets                      n= 7758 err=   0 errRate=  0.00% avg=   18.38 min=   12.62 max=  846.55 p50=   13.68 p95=   30.49 p99=  144.11 rps= 129.30
  s2s.crud.fetchFilms                           n=    2 err=   0 errRate=  0.00% avg=  359.98 min=   95.95 max=  624.00 p50=  359.98 p95=  597.60 p99=  618.72 rps=   0.03

2026-05-06T21:05:04.835Z  INFO 1 --- [lab8-additional-service] [   scheduling-1] r.h.l.a.o.ObservabilityService           : [lab8-additional-service] observability refresh
window 10s
  calc.additional.maxViewersSummary             n=  170 err=   0 errRate=  0.00% avg=   21.03 min=   12.85 max=  217.73 p50=   14.09 p95=   28.48 p99=  161.17 rps=  17.00
  controller.AnalyticsController.maxViewersSummary n=  170 err=   0 errRate=  0.00% avg=   21.21 min=   12.95 max=  217.85 p50=   14.29 p95=   28.67 p99=  161.41 rps=  17.00
  s2s.crud.fetchAllTickets                      n=  170 err=   0 errRate=  0.00% avg=   20.98 min=   12.82 max=  217.68 p50=   14.04 p95=   28.43 p99=  161.12 rps=  17.00
window 30s
  calc.additional.maxViewersSummary             n= 1870 err=   0 errRate=  0.00% avg=   20.28 min=   12.66 max=  814.17 p50=   13.63 p95=   41.07 p99=  157.67 rps=  62.33
  controller.AnalyticsController.maxViewersSummary n= 1870 err=   0 errRate=  0.00% avg=   20.43 min=   12.75 max=  814.49 p50=   13.77 p95=   41.19 p99=  157.89 rps=  62.33
  s2s.crud.fetchAllTickets                      n= 1870 err=   0 errRate=  0.00% avg=   19.79 min=   12.62 max=  217.68 p50=   13.59 p95=   41.04 p99=  157.61 rps=  62.33
  s2s.crud.fetchFilms                           n=    1 err=   0 errRate=  0.00% avg=  624.00 min=  624.00 max=  624.00 p50=  624.00 p95=  624.00 p99=  624.00 rps=   0.03
window 1m
  calc.additional.maxViewersSummary             n= 7564 err=   0 errRate=  0.00% avg=   18.86 min=   12.65 max=  846.59 p50=   13.73 p95=   31.09 p99=  147.01 rps= 126.07
  controller.AnalyticsController.maxViewersSummary n= 7564 err=   0 errRate=  0.00% avg=   19.02 min=   12.75 max=  846.68 p50=   13.88 p95=   31.49 p99=  147.14 rps= 126.07
  s2s.crud.fetchAllTickets                      n= 7564 err=   0 errRate=  0.00% avg=   18.56 min=   12.62 max=  846.55 p50=   13.69 p95=   30.97 p99=  144.92 rps= 126.07
  s2s.crud.fetchFilms                           n=    2 err=   0 errRate=  0.00% avg=  359.98 min=   95.95 max=  624.00 p50=  359.98 p95=  597.60 p99=  618.72 rps=   0.03

2026-05-06T21:05:05.839Z  INFO 1 --- [lab8-additional-service] [   scheduling-1] r.h.l.a.o.ObservabilityService           : [lab8-additional-service] observability refresh
window 10s
  calc.additional.maxViewersSummary             n=  153 err=   0 errRate=  0.00% avg=   24.94 min=   12.85 max=  217.73 p50=   14.24 p95=   70.72 p99=  207.31 rps=  15.30
  controller.AnalyticsController.maxViewersSummary n=  153 err=   0 errRate=  0.00% avg=   25.12 min=   12.95 max=  217.85 p50=   14.37 p95=   70.86 p99=  207.47 rps=  15.30
  s2s.crud.fetchAllTickets                      n=  153 err=   0 errRate=  0.00% avg=   24.89 min=   12.82 max=  217.68 p50=   14.20 p95=   70.67 p99=  207.26 rps=  15.30
window 30s
  calc.additional.maxViewersSummary             n= 1660 err=   0 errRate=  0.00% avg=   21.39 min=   12.66 max=  814.17 p50=   13.64 p95=   56.67 p99=  160.32 rps=  55.33
  controller.AnalyticsController.maxViewersSummary n= 1660 err=   0 errRate=  0.00% avg=   21.54 min=   12.75 max=  814.49 p50=   13.78 p95=   56.76 p99=  160.45 rps=  55.33
  s2s.crud.fetchAllTickets                      n= 1660 err=   0 errRate=  0.00% avg=   20.84 min=   12.62 max=  217.68 p50=   13.61 p95=   56.64 p99=  160.28 rps=  55.33
  s2s.crud.fetchFilms                           n=    1 err=   0 errRate=  0.00% avg=  624.00 min=  624.00 max=  624.00 p50=  624.00 p95=  624.00 p99=  624.00 rps=   0.03
window 1m
  calc.additional.maxViewersSummary             n= 7403 err=   0 errRate=  0.00% avg=   18.84 min=   12.65 max=  846.59 p50=   13.71 p95=   31.01 p99=  148.33 rps= 123.38
  controller.AnalyticsController.maxViewersSummary n= 7403 err=   0 errRate=  0.00% avg=   19.00 min=   12.75 max=  846.68 p50=   13.86 p95=   31.40 p99=  148.53 rps= 123.38
  s2s.crud.fetchAllTickets                      n= 7403 err=   0 errRate=  0.00% avg=   18.54 min=   12.62 max=  846.55 p50=   13.67 p95=   30.91 p99=  146.74 rps= 123.38
  s2s.crud.fetchFilms                           n=    2 err=   0 errRate=  0.00% avg=  359.98 min=   95.95 max=  624.00 p50=  359.98 p95=  597.60 p99=  618.72 rps=   0.03

2026-05-06T21:05:06.793Z  INFO 1 --- [lab8-additional-service] [   scheduling-1] r.h.l.a.service.FilmCacheService         : film-cache stats: size=310 ttlMs=30000 lastRefreshAtMs=1778101485020 hits=35273 misses=7 refreshes=7
2026-05-06T21:05:06.843Z  INFO 1 --- [lab8-additional-service] [   scheduling-1] r.h.l.a.o.ObservabilityService           : [lab8-additional-service] observability refresh
window 10s
  calc.additional.maxViewersSummary             n=  141 err=   0 errRate=  0.00% avg=   31.76 min=   12.97 max=  226.97 p50=   19.48 p95=  128.76 p99=  223.17 rps=  14.10
  controller.AnalyticsController.maxViewersSummary n=  141 err=   0 errRate=  0.00% avg=   31.95 min=   13.06 max=  227.26 p50=   19.60 p95=  129.03 p99=  223.29 rps=  14.10
  s2s.crud.fetchAllTickets                      n=  141 err=   0 errRate=  0.00% avg=   31.70 min=   12.92 max=  226.91 p50=   19.44 p95=  128.71 p99=  223.13 rps=  14.10
window 30s
  calc.additional.maxViewersSummary             n= 1472 err=   0 errRate=  0.00% avg=   22.83 min=   12.66 max=  814.17 p50=   13.66 p95=   84.04 p99=  165.45 rps=  49.07
  controller.AnalyticsController.maxViewersSummary n= 1472 err=   0 errRate=  0.00% avg=   22.98 min=   12.75 max=  814.49 p50=   13.80 p95=   84.19 p99=  165.59 rps=  49.07
  s2s.crud.fetchAllTickets                      n= 1472 err=   0 errRate=  0.00% avg=   22.21 min=   12.62 max=  226.91 p50=   13.62 p95=   83.99 p99=  165.40 rps=  49.07
  s2s.crud.fetchFilms                           n=    1 err=   0 errRate=  0.00% avg=  624.00 min=  624.00 max=  624.00 p50=  624.00 p95=  624.00 p99=  624.00 rps=   0.03
window 1m
  calc.additional.maxViewersSummary             n= 7221 err=   0 errRate=  0.00% avg=   19.01 min=   12.65 max=  846.59 p50=   13.71 p95=   31.55 p99=  152.36 rps= 120.35
  controller.AnalyticsController.maxViewersSummary n= 7221 err=   0 errRate=  0.00% avg=   19.17 min=   12.75 max=  846.68 p50=   13.86 p95=   31.93 p99=  152.58 rps= 120.35
  s2s.crud.fetchAllTickets                      n= 7221 err=   0 errRate=  0.00% avg=   18.70 min=   12.62 max=  846.55 p50=   13.67 p95=   31.49 p99=  148.62 rps= 120.35
  s2s.crud.fetchFilms                           n=    2 err=   0 errRate=  0.00% avg=  359.98 min=   95.95 max=  624.00 p50=  359.98 p95=  597.60 p99=  618.72 rps=   0.03

2026-05-06T21:05:07.847Z  INFO 1 --- [lab8-additional-service] [   scheduling-1] r.h.l.a.o.ObservabilityService           : [lab8-additional-service] observability refresh
window 10s
  calc.additional.maxViewersSummary             n=  125 err=   0 errRate=  0.00% avg=   35.34 min=   12.97 max=  226.97 p50=   19.66 p95=  141.33 p99=  224.62 rps=  12.50
  controller.AnalyticsController.maxViewersSummary n=  125 err=   0 errRate=  0.00% avg=   35.52 min=   13.06 max=  227.26 p50=   19.79 p95=  141.60 p99=  224.74 rps=  12.50
  s2s.crud.fetchAllTickets                      n=  125 err=   0 errRate=  0.00% avg=   35.28 min=   12.92 max=  226.91 p50=   19.61 p95=  141.28 p99=  224.58 rps=  12.50
window 30s
  calc.additional.maxViewersSummary             n= 1307 err=   0 errRate=  0.00% avg=   23.99 min=   12.66 max=  814.17 p50=   13.67 p95=  105.74 p99=  167.79 rps=  43.57
  controller.AnalyticsController.maxViewersSummary n= 1307 err=   0 errRate=  0.00% avg=   24.14 min=   12.75 max=  814.49 p50=   13.82 p95=  105.93 p99=  168.14 rps=  43.57
  s2s.crud.fetchAllTickets                      n= 1307 err=   0 errRate=  0.00% avg=   23.30 min=   12.62 max=  226.91 p50=   13.63 p95=  105.69 p99=  167.75 rps=  43.57
  s2s.crud.fetchFilms                           n=    1 err=   0 errRate=  0.00% avg=  624.00 min=  624.00 max=  624.00 p50=  624.00 p95=  624.00 p99=  624.00 rps=   0.03
window 1m
  calc.additional.maxViewersSummary             n= 7013 err=   0 errRate=  0.00% avg=   19.15 min=   12.65 max=  846.59 p50=   13.70 p95=   32.34 p99=  153.29 rps= 116.88
  controller.AnalyticsController.maxViewersSummary n= 7013 err=   0 errRate=  0.00% avg=   19.31 min=   12.75 max=  846.68 p50=   13.85 p95=   32.73 p99=  153.48 rps= 116.88
  s2s.crud.fetchAllTickets                      n= 7013 err=   0 errRate=  0.00% avg=   18.83 min=   12.62 max=  846.55 p50=   13.66 p95=   32.25 p99=  152.88 rps= 116.88
  s2s.crud.fetchFilms                           n=    2 err=   0 errRate=  0.00% avg=  359.98 min=   95.95 max=  624.00 p50=  359.98 p95=  597.60 p99=  618.72 rps=   0.03

2026-05-06T21:05:08.851Z  INFO 1 --- [lab8-additional-service] [   scheduling-1] r.h.l.a.o.ObservabilityService           : [lab8-additional-service] observability refresh
window 10s
  calc.additional.maxViewersSummary             n=  113 err=   0 errRate=  0.00% avg=   42.18 min=   12.97 max=  226.97 p50=   20.25 p95=  166.02 p99=  225.71 rps=  11.30
  controller.AnalyticsController.maxViewersSummary n=  113 err=   0 errRate=  0.00% avg=   42.37 min=   13.06 max=  227.26 p50=   20.39 p95=  166.25 p99=  225.83 rps=  11.30
  s2s.crud.fetchAllTickets                      n=  113 err=   0 errRate=  0.00% avg=   42.12 min=   12.92 max=  226.91 p50=   20.20 p95=  165.97 p99=  225.67 rps=  11.30
window 30s
  calc.additional.maxViewersSummary             n= 1142 err=   0 errRate=  0.00% avg=   25.98 min=   12.66 max=  814.17 p50=   13.75 p95=  120.84 p99=  174.66 rps=  38.07
  controller.AnalyticsController.maxViewersSummary n= 1142 err=   0 errRate=  0.00% avg=   26.14 min=   12.75 max=  814.49 p50=   13.92 p95=  121.02 p99=  174.81 rps=  38.07
  s2s.crud.fetchAllTickets                      n= 1142 err=   0 errRate=  0.00% avg=   25.20 min=   12.62 max=  226.91 p50=   13.72 p95=  120.79 p99=  174.62 rps=  38.07
  s2s.crud.fetchFilms                           n=    1 err=   0 errRate=  0.00% avg=  624.00 min=  624.00 max=  624.00 p50=  624.00 p95=  624.00 p99=  624.00 rps=   0.03
window 1m
  calc.additional.maxViewersSummary             n= 6893 err=   0 errRate=  0.00% avg=   19.06 min=   12.65 max=  846.59 p50=   13.69 p95=   30.41 p99=  157.41 rps= 114.88
  controller.AnalyticsController.maxViewersSummary n= 6893 err=   0 errRate=  0.00% avg=   19.21 min=   12.75 max=  846.68 p50=   13.83 p95=   30.65 p99=  157.59 rps= 114.88
  s2s.crud.fetchAllTickets                      n= 6893 err=   0 errRate=  0.00% avg=   18.73 min=   12.62 max=  846.55 p50=   13.65 p95=   30.27 p99=  153.62 rps= 114.88
  s2s.crud.fetchFilms                           n=    2 err=   0 errRate=  0.00% avg=  359.98 min=   95.95 max=  624.00 p50=  359.98 p95=  597.60 p99=  618.72 rps=   0.03

2026-05-06T21:05:09.854Z  INFO 1 --- [lab8-additional-service] [   scheduling-1] r.h.l.a.o.ObservabilityService           : [lab8-additional-service] observability refresh
window 10s
  calc.additional.maxViewersSummary             n=  107 err=   0 errRate=  0.00% avg=   48.22 min=   12.97 max=  226.97 p50=   20.70 p95=  182.17 p99=  226.25 rps=  10.70
  controller.AnalyticsController.maxViewersSummary n=  107 err=   0 errRate=  0.00% avg=   48.42 min=   13.06 max=  227.26 p50=   20.97 p95=  182.38 p99=  226.38 rps=  10.70
  s2s.crud.fetchAllTickets                      n=  107 err=   0 errRate=  0.00% avg=   48.17 min=   12.92 max=  226.91 p50=   20.65 p95=  182.12 p99=  226.22 rps=  10.70
window 30s
  calc.additional.maxViewersSummary             n=  957 err=   0 errRate=  0.00% avg=   28.90 min=   12.66 max=  814.17 p50=   13.83 p95=  140.18 p99=  184.93 rps=  31.90
  controller.AnalyticsController.maxViewersSummary n=  957 err=   0 errRate=  0.00% avg=   29.06 min=   12.75 max=  814.49 p50=   13.98 p95=  140.35 p99=  185.19 rps=  31.90
  s2s.crud.fetchAllTickets                      n=  957 err=   0 errRate=  0.00% avg=   27.97 min=   12.62 max=  226.91 p50=   13.78 p95=  140.14 p99=  184.41 rps=  31.90
  s2s.crud.fetchFilms                           n=    1 err=   0 errRate=  0.00% avg=  624.00 min=  624.00 max=  624.00 p50=  624.00 p95=  624.00 p99=  624.00 rps=   0.03
window 1m
  calc.additional.maxViewersSummary             n= 6721 err=   0 errRate=  0.00% avg=   18.97 min=   12.65 max=  846.59 p50=   13.67 p95=   27.24 p99=  158.12 rps= 112.02
  controller.AnalyticsController.maxViewersSummary n= 6722 err=   0 errRate=  0.00% avg=   19.13 min=   12.75 max=  846.68 p50=   13.80 p95=   27.35 p99=  158.36 rps= 112.03
  s2s.crud.fetchAllTickets                      n= 6721 err=   0 errRate=  0.00% avg=   18.64 min=   12.62 max=  846.55 p50=   13.63 p95=   27.11 p99=  158.04 rps= 112.02
  s2s.crud.fetchFilms                           n=    2 err=   0 errRate=  0.00% avg=  359.98 min=   95.95 max=  624.00 p50=  359.98 p95=  597.60 p99=  618.72 rps=   0.03

2026-05-06T21:05:10.858Z  INFO 1 --- [lab8-additional-service] [   scheduling-1] r.h.l.a.o.ObservabilityService           : [lab8-additional-service] observability refresh
window 10s
  calc.additional.maxViewersSummary             n=   96 err=   0 errRate=  0.00% avg=   56.75 min=   12.97 max=  226.97 p50=   47.73 p95=  198.51 p99=  226.81 rps=   9.60
  controller.AnalyticsController.maxViewersSummary n=   96 err=   0 errRate=  0.00% avg=   56.96 min=   13.06 max=  227.26 p50=   48.02 p95=  198.68 p99=  226.94 rps=   9.60
  s2s.crud.fetchAllTickets                      n=   96 err=   0 errRate=  0.00% avg=   56.69 min=   12.92 max=  226.91 p50=   47.68 p95=  198.46 p99=  226.77 rps=   9.60
window 30s
  calc.additional.maxViewersSummary             n=  747 err=   0 errRate=  0.00% avg=   33.76 min=   12.66 max=  814.17 p50=   13.95 p95=  144.08 p99=  197.60 rps=  24.90
  controller.AnalyticsController.maxViewersSummary n=  747 err=   0 errRate=  0.00% avg=   33.92 min=   12.75 max=  814.49 p50=   14.10 p95=  144.19 p99=  197.79 rps=  24.90
  s2s.crud.fetchAllTickets                      n=  747 err=   0 errRate=  0.00% avg=   32.58 min=   12.62 max=  226.91 p50=   13.90 p95=  144.03 p99=  190.45 rps=  24.90
  s2s.crud.fetchFilms                           n=    1 err=   0 errRate=  0.00% avg=  624.00 min=  624.00 max=  624.00 p50=  624.00 p95=  624.00 p99=  624.00 rps=   0.03
window 1m
  calc.additional.maxViewersSummary             n= 6519 err=   0 errRate=  0.00% avg=   19.15 min=   12.65 max=  846.59 p50=   13.66 p95=   27.86 p99=  159.77 rps= 108.65
  controller.AnalyticsController.maxViewersSummary n= 6519 err=   0 errRate=  0.00% avg=   19.30 min=   12.75 max=  846.68 p50=   13.80 p95=   28.11 p99=  159.89 rps= 108.65
  s2s.crud.fetchAllTickets                      n= 6519 err=   0 errRate=  0.00% avg=   18.81 min=   12.62 max=  846.55 p50=   13.62 p95=   27.81 p99=  159.73 rps= 108.65
  s2s.crud.fetchFilms                           n=    2 err=   0 errRate=  0.00% avg=  359.98 min=   95.95 max=  624.00 p50=  359.98 p95=  597.60 p99=  618.72 rps=   0.03

2026-05-06T21:05:11.861Z  INFO 1 --- [lab8-additional-service] [   scheduling-1] r.h.l.a.o.ObservabilityService           : [lab8-additional-service] observability refresh
window 10s
  calc.additional.maxViewersSummary             n=   88 err=   0 errRate=  0.00% avg=   69.90 min=   13.02 max=  226.97 p50=   61.87 p95=  198.80 p99=  226.82 rps=   8.80
  controller.AnalyticsController.maxViewersSummary n=   88 err=   0 errRate=  0.00% avg=   70.12 min=   13.13 max=  227.26 p50=   62.07 p95=  198.95 p99=  226.97 rps=   8.80
  s2s.crud.fetchAllTickets                      n=   88 err=   0 errRate=  0.00% avg=   69.85 min=   12.99 max=  226.91 p50=   61.81 p95=  198.76 p99=  226.78 rps=   8.80
window 30s
  calc.additional.maxViewersSummary             n=  545 err=   0 errRate=  0.00% avg=   42.53 min=   12.66 max=  814.17 p50=   14.98 p95=  148.66 p99=  208.69 rps=  18.17
  controller.AnalyticsController.maxViewersSummary n=  545 err=   0 errRate=  0.00% avg=   42.70 min=   12.75 max=  814.49 p50=   15.41 p95=  148.85 p99=  208.86 rps=  18.17
  s2s.crud.fetchAllTickets                      n=  545 err=   0 errRate=  0.00% avg=   40.93 min=   12.62 max=  226.91 p50=   14.92 p95=  148.62 p99=  197.57 rps=  18.17
  s2s.crud.fetchFilms                           n=    1 err=   0 errRate=  0.00% avg=  624.00 min=  624.00 max=  624.00 p50=  624.00 p95=  624.00 p99=  624.00 rps=   0.03
window 1m
  calc.additional.maxViewersSummary             n= 6308 err=   0 errRate=  0.00% avg=   19.46 min=   12.65 max=  846.59 p50=   13.66 p95=   30.90 p99=  160.71 rps= 105.13
  controller.AnalyticsController.maxViewersSummary n= 6308 err=   0 errRate=  0.00% avg=   19.61 min=   12.75 max=  846.68 p50=   13.80 p95=   31.38 p99=  160.81 rps= 105.13
  s2s.crud.fetchAllTickets                      n= 6308 err=   0 errRate=  0.00% avg=   19.11 min=   12.62 max=  846.55 p50=   13.62 p95=   30.85 p99=  160.67 rps= 105.13
  s2s.crud.fetchFilms                           n=    2 err=   0 errRate=  0.00% avg=  359.98 min=   95.95 max=  624.00 p50=  359.98 p95=  597.60 p99=  618.72 rps=   0.03

2026-05-06T21:05:12.864Z  INFO 1 --- [lab8-additional-service] [   scheduling-1] r.h.l.a.o.ObservabilityService           : [lab8-additional-service] observability refresh
window 10s
  calc.additional.maxViewersSummary             n=   86 err=   0 errRate=  0.00% avg=   73.77 min=   13.26 max=  226.97 p50=   62.54 p95=  198.88 p99=  226.82 rps=   8.60
  controller.AnalyticsController.maxViewersSummary n=   86 err=   0 errRate=  0.00% avg=   73.99 min=   13.37 max=  227.26 p50=   62.68 p95=  199.02 p99=  226.97 rps=   8.60
  s2s.crud.fetchAllTickets                      n=   86 err=   0 errRate=  0.00% avg=   73.71 min=   13.22 max=  226.91 p50=   62.49 p95=  198.83 p99=  226.78 rps=   8.60
window 30s
  calc.additional.maxViewersSummary             n=  397 err=   0 errRate=  0.00% avg=   49.49 min=   12.66 max=  814.17 p50=   19.80 p95=  160.01 p99=  218.09 rps=  13.23
  controller.AnalyticsController.maxViewersSummary n=  397 err=   0 errRate=  0.00% avg=   49.67 min=   12.75 max=  814.49 p50=   19.94 p95=  160.12 p99=  218.21 rps=  13.23
  s2s.crud.fetchAllTickets                      n=  397 err=   0 errRate=  0.00% avg=   47.30 min=   12.62 max=  226.91 p50=   19.76 p95=  159.96 p99=  199.70 rps=  13.23
  s2s.crud.fetchFilms                           n=    1 err=   0 errRate=  0.00% avg=  624.00 min=  624.00 max=  624.00 p50=  624.00 p95=  624.00 p99=  624.00 rps=   0.03
window 1m
  calc.additional.maxViewersSummary             n= 6108 err=   0 errRate=  0.00% avg=   19.68 min=   12.65 max=  846.59 p50=   13.67 p95=   32.95 p99=  164.57 rps= 101.80
  controller.AnalyticsController.maxViewersSummary n= 6108 err=   0 errRate=  0.00% avg=   19.84 min=   12.75 max=  846.68 p50=   13.80 p95=   33.17 p99=  164.71 rps= 101.80
  s2s.crud.fetchAllTickets                      n= 6108 err=   0 errRate=  0.00% avg=   19.33 min=   12.62 max=  846.55 p50=   13.63 p95=   32.87 p99=  164.53 rps= 101.80
  s2s.crud.fetchFilms                           n=    2 err=   0 errRate=  0.00% avg=  359.98 min=   95.95 max=  624.00 p50=  359.98 p95=  597.60 p99=  618.72 rps=   0.03

2026-05-06T21:05:13.867Z  INFO 1 --- [lab8-additional-service] [   scheduling-1] r.h.l.a.o.ObservabilityService           : [lab8-additional-service] observability refresh
window 10s
  calc.additional.maxViewersSummary             n=   91 err=   0 errRate=  0.00% avg=   68.33 min=   13.31 max=  226.97 p50=   59.19 p95=  198.69 p99=  226.81 rps=   9.10
  controller.AnalyticsController.maxViewersSummary n=   91 err=   0 errRate=  0.00% avg=   68.54 min=   13.52 max=  227.26 p50=   59.44 p95=  198.85 p99=  226.96 rps=   9.10
  s2s.crud.fetchAllTickets                      n=   91 err=   0 errRate=  0.00% avg=   68.27 min=   13.28 max=  226.91 p50=   59.15 p95=  198.65 p99=  226.78 rps=   9.10
window 30s
  calc.additional.maxViewersSummary             n=  374 err=   0 errRate=  0.00% avg=   37.27 min=   12.66 max=  814.17 p50=   16.21 p95=  127.90 p99=  220.18 rps=  12.47
  controller.AnalyticsController.maxViewersSummary n=  374 err=   0 errRate=  0.00% avg=   37.46 min=   12.75 max=  814.49 p50=   16.83 p95=  128.07 p99=  220.30 rps=  12.47
  s2s.crud.fetchAllTickets                      n=  374 err=   0 errRate=  0.00% avg=   34.95 min=   12.62 max=  226.91 p50=   16.16 p95=  127.86 p99=  203.65 rps=  12.47
  s2s.crud.fetchFilms                           n=    1 err=   0 errRate=  0.00% avg=  624.00 min=  624.00 max=  624.00 p50=  624.00 p95=  624.00 p99=  624.00 rps=   0.03
window 1m
  calc.additional.maxViewersSummary             n= 5920 err=   0 errRate=  0.00% avg=   19.86 min=   12.65 max=  846.59 p50=   13.66 p95=   35.34 p99=  166.65 rps=  98.67
  controller.AnalyticsController.maxViewersSummary n= 5920 err=   0 errRate=  0.00% avg=   20.01 min=   12.75 max=  846.68 p50=   13.80 p95=   35.52 p99=  166.76 rps=  98.67
  s2s.crud.fetchAllTickets                      n= 5920 err=   0 errRate=  0.00% avg=   19.49 min=   12.62 max=  846.55 p50=   13.62 p95=   34.74 p99=  166.62 rps=  98.67
  s2s.crud.fetchFilms                           n=    2 err=   0 errRate=  0.00% avg=  359.98 min=   95.95 max=  624.00 p50=  359.98 p95=  597.60 p99=  618.72 rps=   0.03

2026-05-06T21:05:14.870Z  INFO 1 --- [lab8-additional-service] [   scheduling-1] r.h.l.a.o.ObservabilityService           : [lab8-additional-service] observability refresh
window 10s
  calc.additional.maxViewersSummary             n=  103 err=   0 errRate=  0.00% avg=   56.57 min=   12.93 max=  226.97 p50=   50.31 p95=  107.06 p99=  226.59 rps=  10.30
  controller.AnalyticsController.maxViewersSummary n=  103 err=   0 errRate=  0.00% avg=   56.78 min=   13.05 max=  227.26 p50=   50.47 p95=  107.21 p99=  226.71 rps=  10.30
  s2s.crud.fetchAllTickets                      n=  103 err=   0 errRate=  0.00% avg=   56.51 min=   12.90 max=  226.91 p50=   50.26 p95=  107.01 p99=  226.55 rps=  10.30
window 30s
  calc.additional.maxViewersSummary             n=  389 err=   0 errRate=  0.00% avg=   36.20 min=   12.66 max=  814.17 p50=   16.07 p95=  122.84 p99=  218.82 rps=  12.97
  controller.AnalyticsController.maxViewersSummary n=  389 err=   0 errRate=  0.00% avg=   36.38 min=   12.75 max=  814.49 p50=   16.60 p95=  122.99 p99=  218.94 rps=  12.97
  s2s.crud.fetchAllTickets                      n=  389 err=   0 errRate=  0.00% avg=   33.96 min=   12.62 max=  226.91 p50=   16.00 p95=  122.80 p99=  201.08 rps=  12.97
  s2s.crud.fetchFilms                           n=    1 err=   0 errRate=  0.00% avg=  624.00 min=  624.00 max=  624.00 p50=  624.00 p95=  624.00 p99=  624.00 rps=   0.03
window 1m
  calc.additional.maxViewersSummary             n= 5752 err=   0 errRate=  0.00% avg=   19.53 min=   12.65 max=  846.59 p50=   13.65 p95=   29.39 p99=  167.46 rps=  95.87
  controller.AnalyticsController.maxViewersSummary n= 5752 err=   0 errRate=  0.00% avg=   19.68 min=   12.75 max=  846.68 p50=   13.79 p95=   29.63 p99=  167.68 rps=  95.87
  s2s.crud.fetchAllTickets                      n= 5752 err=   0 errRate=  0.00% avg=   19.34 min=   12.62 max=  846.55 p50=   13.61 p95=   29.36 p99=  167.42 rps=  95.87
  s2s.crud.fetchFilms                           n=    1 err=   0 errRate=  0.00% avg=  624.00 min=  624.00 max=  624.00 p50=  624.00 p95=  624.00 p99=  624.00 rps=   0.02

2026-05-06T21:05:15.874Z  INFO 1 --- [lab8-additional-service] [   scheduling-1] r.h.l.a.o.ObservabilityService           : [lab8-additional-service] observability refresh
window 10s
  calc.additional.maxViewersSummary             n=  114 err=   0 errRate=  0.00% avg=   49.23 min=   12.93 max=  226.97 p50=   44.78 p95=  100.26 p99=  211.31 rps=  11.40
  controller.AnalyticsController.maxViewersSummary n=  114 err=   0 errRate=  0.00% avg=   49.44 min=   13.05 max=  227.26 p50=   45.10 p95=  100.42 p99=  211.43 rps=  11.40
  s2s.crud.fetchAllTickets                      n=  114 err=   0 errRate=  0.00% avg=   48.27 min=   12.90 max=  226.91 p50=   41.92 p95=  100.21 p99=  211.27 rps=  11.40
  s2s.crud.fetchFilms                           n=    1 err=   0 errRate=  0.00% avg=   67.30 min=   67.30 max=   67.30 p50=   67.30 p95=   67.30 p99=   67.30 rps=   0.10
window 30s
  calc.additional.maxViewersSummary             n=  401 err=   0 errRate=  0.00% avg=   32.87 min=   12.66 max=  226.97 p50=   15.40 p95=  109.71 p99=  199.06 rps=  13.37
  controller.AnalyticsController.maxViewersSummary n=  401 err=   0 errRate=  0.00% avg=   33.06 min=   12.75 max=  227.26 p50=   16.16 p95=  109.88 p99=  199.19 rps=  13.37
  s2s.crud.fetchAllTickets                      n=  401 err=   0 errRate=  0.00% avg=   32.57 min=   12.62 max=  226.91 p50=   15.34 p95=  109.66 p99=  199.01 rps=  13.37
  s2s.crud.fetchFilms                           n=    1 err=   0 errRate=  0.00% avg=   67.30 min=   67.30 max=   67.30 p50=   67.30 p95=   67.30 p99=   67.30 rps=   0.03
window 1m
  calc.additional.maxViewersSummary             n= 5574 err=   0 errRate=  0.00% avg=   19.66 min=   12.65 max=  846.59 p50=   13.64 p95=   29.27 p99=  170.20 rps=  92.90
  controller.AnalyticsController.maxViewersSummary n= 5574 err=   0 errRate=  0.00% avg=   19.81 min=   12.75 max=  846.68 p50=   13.78 p95=   29.39 p99=  170.42 rps=  92.90
  s2s.crud.fetchAllTickets                      n= 5574 err=   0 errRate=  0.00% avg=   19.45 min=   12.62 max=  846.55 p50=   13.61 p95=   29.06 p99=  170.16 rps=  92.90
  s2s.crud.fetchFilms                           n=    2 err=   0 errRate=  0.00% avg=  345.65 min=   67.30 max=  624.00 p50=  345.65 p95=  596.17 p99=  618.43 rps=   0.03

2026-05-06T21:05:16.793Z  INFO 1 --- [lab8-additional-service] [   scheduling-1] r.h.l.a.service.FilmCacheService         : film-cache stats: size=310 ttlMs=30000 lastRefreshAtMs=1778101515067 hits=35390 misses=8 refreshes=8
2026-05-06T21:05:16.880Z  INFO 1 --- [lab8-additional-service] [   scheduling-1] r.h.l.a.o.ObservabilityService           : [lab8-additional-service] observability refresh
window 10s
  calc.additional.maxViewersSummary             n=  121 err=   0 errRate=  0.00% avg=   40.25 min=   12.93 max=  107.63 p50=   20.67 p95=   97.31 p99=  101.78 rps=  12.10
  controller.AnalyticsController.maxViewersSummary n=  121 err=   0 errRate=  0.00% avg=   40.46 min=   13.05 max=  107.79 p50=   21.49 p95=   98.16 p99=  101.95 rps=  12.10
  s2s.crud.fetchAllTickets                      n=  121 err=   0 errRate=  0.00% avg=   39.33 min=   12.90 max=  107.59 p50=   20.36 p95=   97.05 p99=  101.73 rps=  12.10
  s2s.crud.fetchFilms                           n=    1 err=   0 errRate=  0.00% avg=   67.30 min=   67.30 max=   67.30 p50=   67.30 p95=   67.30 p99=   67.30 rps=   0.10
window 30s
  calc.additional.maxViewersSummary             n=  417 err=   0 errRate=  0.00% avg=   31.19 min=   12.66 max=  226.97 p50=   14.88 p95=  101.59 p99=  198.94 rps=  13.90
  controller.AnalyticsController.maxViewersSummary n=  417 err=   0 errRate=  0.00% avg=   31.38 min=   12.75 max=  227.26 p50=   15.05 p95=  101.74 p99=  199.08 rps=  13.90
  s2s.crud.fetchAllTickets                      n=  417 err=   0 errRate=  0.00% avg=   30.89 min=   12.62 max=  226.91 p50=   14.83 p95=  101.54 p99=  198.90 rps=  13.90
  s2s.crud.fetchFilms                           n=    1 err=   0 errRate=  0.00% avg=   67.30 min=   67.30 max=   67.30 p50=   67.30 p95=   67.30 p99=   67.30 rps=   0.03
window 1m
  calc.additional.maxViewersSummary             n= 5391 err=   0 errRate=  0.00% avg=   19.85 min=   12.65 max=  846.59 p50=   13.65 p95=   31.14 p99=  173.08 rps=  89.85
  controller.AnalyticsController.maxViewersSummary n= 5391 err=   0 errRate=  0.00% avg=   20.00 min=   12.75 max=  846.68 p50=   13.79 p95=   31.53 p99=  173.26 rps=  89.85
  s2s.crud.fetchAllTickets                      n= 5391 err=   0 errRate=  0.00% avg=   19.63 min=   12.62 max=  846.55 p50=   13.61 p95=   30.86 p99=  173.04 rps=  89.85
  s2s.crud.fetchFilms                           n=    2 err=   0 errRate=  0.00% avg=  345.65 min=   67.30 max=  624.00 p50=  345.65 p95=  596.17 p99=  618.43 rps=   0.03

2026-05-06T21:05:17.884Z  INFO 1 --- [lab8-additional-service] [   scheduling-1] r.h.l.a.o.ObservabilityService           : [lab8-additional-service] observability refresh
window 10s
  calc.additional.maxViewersSummary             n=  134 err=   0 errRate=  0.00% avg=   36.02 min=   12.93 max=  107.63 p50=   20.04 p95=   95.80 p99=  101.74 rps=  13.40
  controller.AnalyticsController.maxViewersSummary n=  134 err=   0 errRate=  0.00% avg=   36.22 min=   13.05 max=  107.79 p50=   20.19 p95=   96.00 p99=  101.91 rps=  13.40
  s2s.crud.fetchAllTickets                      n=  134 err=   0 errRate=  0.00% avg=   35.20 min=   12.90 max=  107.59 p50=   19.94 p95=   95.77 p99=  101.69 rps=  13.40
  s2s.crud.fetchFilms                           n=    1 err=   0 errRate=  0.00% avg=   67.30 min=   67.30 max=   67.30 p50=   67.30 p95=   67.30 p99=   67.30 rps=   0.10
window 30s
  calc.additional.maxViewersSummary             n=  432 err=   0 errRate=  0.00% avg=   30.25 min=   12.66 max=  226.97 p50=   14.71 p95=  100.32 p99=  198.83 rps=  14.40
  controller.AnalyticsController.maxViewersSummary n=  432 err=   0 errRate=  0.00% avg=   30.44 min=   12.75 max=  227.26 p50=   14.93 p95=  100.48 p99=  198.98 rps=  14.40
  s2s.crud.fetchAllTickets                      n=  432 err=   0 errRate=  0.00% avg=   29.96 min=   12.62 max=  226.91 p50=   14.65 p95=  100.27 p99=  198.79 rps=  14.40
  s2s.crud.fetchFilms                           n=    1 err=   0 errRate=  0.00% avg=   67.30 min=   67.30 max=   67.30 p50=   67.30 p95=   67.30 p99=   67.30 rps=   0.03
window 1m
  calc.additional.maxViewersSummary             n= 5217 err=   0 errRate=  0.00% avg=   20.03 min=   12.66 max=  846.59 p50=   13.64 p95=   32.79 p99=  175.53 rps=  86.95
  controller.AnalyticsController.maxViewersSummary n= 5217 err=   0 errRate=  0.00% avg=   20.18 min=   12.75 max=  846.68 p50=   13.77 p95=   33.06 p99=  175.70 rps=  86.95
  s2s.crud.fetchAllTickets                      n= 5217 err=   0 errRate=  0.00% avg=   19.81 min=   12.62 max=  846.55 p50=   13.60 p95=   32.53 p99=  175.49 rps=  86.95
  s2s.crud.fetchFilms                           n=    2 err=   0 errRate=  0.00% avg=  345.65 min=   67.30 max=  624.00 p50=  345.65 p95=  596.17 p99=  618.43 rps=   0.03

2026-05-06T21:05:18.887Z  INFO 1 --- [lab8-additional-service] [   scheduling-1] r.h.l.a.o.ObservabilityService           : [lab8-additional-service] observability refresh
window 10s
  calc.additional.maxViewersSummary             n=  145 err=   0 errRate=  0.00% avg=   31.22 min=   12.93 max=  107.63 p50=   19.39 p95=   94.90 p99=  101.70 rps=  14.50
  controller.AnalyticsController.maxViewersSummary n=  145 err=   0 errRate=  0.00% avg=   31.41 min=   13.05 max=  107.79 p50=   19.56 p95=   95.04 p99=  101.87 rps=  14.50
  s2s.crud.fetchAllTickets                      n=  145 err=   0 errRate=  0.00% avg=   30.45 min=   12.90 max=  107.59 p50=   17.69 p95=   94.86 p99=  101.65 rps=  14.50
  s2s.crud.fetchFilms                           n=    1 err=   0 errRate=  0.00% avg=   67.30 min=   67.30 max=   67.30 p50=   67.30 p95=   67.30 p99=   67.30 rps=   0.10
window 30s
  calc.additional.maxViewersSummary             n=  446 err=   0 errRate=  0.00% avg=   27.84 min=   12.66 max=  226.97 p50=   14.25 p95=   90.74 p99=  198.73 rps=  14.87
  controller.AnalyticsController.maxViewersSummary n=  446 err=   0 errRate=  0.00% avg=   28.03 min=   12.75 max=  227.26 p50=   14.42 p95=   90.99 p99=  198.88 rps=  14.87
  s2s.crud.fetchAllTickets                      n=  446 err=   0 errRate=  0.00% avg=   27.56 min=   12.62 max=  226.91 p50=   14.21 p95=   90.69 p99=  198.68 rps=  14.87
  s2s.crud.fetchFilms                           n=    1 err=   0 errRate=  0.00% avg=   67.30 min=   67.30 max=   67.30 p50=   67.30 p95=   67.30 p99=   67.30 rps=   0.03
window 1m
  calc.additional.maxViewersSummary             n= 5056 err=   0 errRate=  0.00% avg=   20.22 min=   12.66 max=  846.59 p50=   13.64 p95=   34.85 p99=  177.23 rps=  84.27
  controller.AnalyticsController.maxViewersSummary n= 5056 err=   0 errRate=  0.00% avg=   20.37 min=   12.75 max=  846.68 p50=   13.78 p95=   35.03 p99=  177.39 rps=  84.27
  s2s.crud.fetchAllTickets                      n= 5056 err=   0 errRate=  0.00% avg=   19.99 min=   12.62 max=  846.55 p50=   13.60 p95=   33.67 p99=  177.19 rps=  84.27
  s2s.crud.fetchFilms                           n=    2 err=   0 errRate=  0.00% avg=  345.65 min=   67.30 max=  624.00 p50=  345.65 p95=  596.17 p99=  618.43 rps=   0.03

2026-05-06T21:05:19.891Z  INFO 1 --- [lab8-additional-service] [   scheduling-1] r.h.l.a.o.ObservabilityService           : [lab8-additional-service] observability refresh
window 10s
  calc.additional.maxViewersSummary             n=  153 err=   0 errRate=  0.00% avg=   26.96 min=   12.93 max=  101.84 p50=   15.08 p95=   88.54 p99=  101.06 rps=  15.30
  controller.AnalyticsController.maxViewersSummary n=  153 err=   0 errRate=  0.00% avg=   27.15 min=   13.05 max=  102.03 p50=   15.21 p95=   88.91 p99=  101.21 rps=  15.30
  s2s.crud.fetchAllTickets                      n=  153 err=   0 errRate=  0.00% avg=   26.23 min=   12.90 max=  101.79 p50=   15.03 p95=   88.40 p99=  101.01 rps=  15.30
  s2s.crud.fetchFilms                           n=    1 err=   0 errRate=  0.00% avg=   67.30 min=   67.30 max=   67.30 p50=   67.30 p95=   67.30 p99=   67.30 rps=   0.10
window 30s
  calc.additional.maxViewersSummary             n=  456 err=   0 errRate=  0.00% avg=   27.11 min=   12.66 max=  226.97 p50=   14.25 p95=   89.74 p99=  198.66 rps=  15.20
  controller.AnalyticsController.maxViewersSummary n=  456 err=   0 errRate=  0.00% avg=   27.30 min=   12.75 max=  227.26 p50=   14.42 p95=   89.95 p99=  198.82 rps=  15.20
  s2s.crud.fetchAllTickets                      n=  456 err=   0 errRate=  0.00% avg=   26.84 min=   12.62 max=  226.91 p50=   14.21 p95=   89.68 p99=  198.61 rps=  15.20
  s2s.crud.fetchFilms                           n=    1 err=   0 errRate=  0.00% avg=   67.30 min=   67.30 max=   67.30 p50=   67.30 p95=   67.30 p99=   67.30 rps=   0.03
window 1m
  calc.additional.maxViewersSummary             n= 4864 err=   0 errRate=  0.00% avg=   20.43 min=   12.66 max=  846.59 p50=   13.65 p95=   39.31 p99=  178.64 rps=  81.07
  controller.AnalyticsController.maxViewersSummary n= 4864 err=   0 errRate=  0.00% avg=   20.58 min=   12.75 max=  846.68 p50=   13.79 p95=   39.42 p99=  178.84 rps=  81.07
  s2s.crud.fetchAllTickets                      n= 4864 err=   0 errRate=  0.00% avg=   20.19 min=   12.62 max=  846.55 p50=   13.61 p95=   37.81 p99=  178.61 rps=  81.07
  s2s.crud.fetchFilms                           n=    2 err=   0 errRate=  0.00% avg=  345.65 min=   67.30 max=  624.00 p50=  345.65 p95=  596.17 p99=  618.43 rps=   0.03

2026-05-06T21:05:20.893Z  INFO 1 --- [lab8-additional-service] [   scheduling-1] r.h.l.a.o.ObservabilityService           : [lab8-additional-service] observability refresh
window 10s
  calc.additional.maxViewersSummary             n=  164 err=   0 errRate=  0.00% avg=   23.36 min=   12.93 max=  101.84 p50=   14.28 p95=   70.85 p99=  100.96 rps=  16.40
  controller.AnalyticsController.maxViewersSummary n=  164 err=   0 errRate=  0.00% avg=   23.54 min=   13.05 max=  102.03 p50=   14.44 p95=   71.02 p99=  101.12 rps=  16.40
  s2s.crud.fetchAllTickets                      n=  164 err=   0 errRate=  0.00% avg=   22.68 min=   12.90 max=  101.79 p50=   14.22 p95=   66.07 p99=  100.91 rps=  16.40
  s2s.crud.fetchFilms                           n=    1 err=   0 errRate=  0.00% avg=   67.30 min=   67.30 max=   67.30 p50=   67.30 p95=   67.30 p99=   67.30 rps=   0.10
window 30s
  calc.additional.maxViewersSummary             n=  449 err=   0 errRate=  0.00% avg=   27.33 min=   12.66 max=  226.97 p50=   14.41 p95=   89.89 p99=  198.71 rps=  14.97
  controller.AnalyticsController.maxViewersSummary n=  450 err=   0 errRate=  0.00% avg=   27.48 min=   12.75 max=  227.26 p50=   14.63 p95=   90.14 p99=  198.86 rps=  15.00
  s2s.crud.fetchAllTickets                      n=  449 err=   0 errRate=  0.00% avg=   27.05 min=   12.62 max=  226.91 p50=   14.36 p95=   89.83 p99=  198.66 rps=  14.97
  s2s.crud.fetchFilms                           n=    1 err=   0 errRate=  0.00% avg=   67.30 min=   67.30 max=   67.30 p50=   67.30 p95=   67.30 p99=   67.30 rps=   0.03
window 1m
  calc.additional.maxViewersSummary             n= 4690 err=   0 errRate=  0.00% avg=   20.69 min=   12.66 max=  846.59 p50=   13.66 p95=   43.56 p99=  179.60 rps=  78.17
  controller.AnalyticsController.maxViewersSummary n= 4690 err=   0 errRate=  0.00% avg=   20.84 min=   12.75 max=  846.68 p50=   13.80 p95=   43.65 p99=  179.75 rps=  78.17
  s2s.crud.fetchAllTickets                      n= 4690 err=   0 errRate=  0.00% avg=   20.44 min=   12.62 max=  846.55 p50=   13.62 p95=   42.59 p99=  179.55 rps=  78.17
  s2s.crud.fetchFilms                           n=    2 err=   0 errRate=  0.00% avg=  345.65 min=   67.30 max=  624.00 p50=  345.65 p95=  596.17 p99=  618.43 rps=   0.03

2026-05-06T21:05:21.896Z  INFO 1 --- [lab8-additional-service] [   scheduling-1] r.h.l.a.o.ObservabilityService           : [lab8-additional-service] observability refresh
window 10s
  calc.additional.maxViewersSummary             n=  158 err=   0 errRate=  0.00% avg=   18.61 min=   12.93 max=   84.92 p50=   14.09 p95=   38.05 p99=   62.99 rps=  15.80
  controller.AnalyticsController.maxViewersSummary n=  158 err=   0 errRate=  0.00% avg=   18.79 min=   13.05 max=   85.19 p50=   14.30 p95=   38.18 p99=   63.15 rps=  15.80
  s2s.crud.fetchAllTickets                      n=  158 err=   0 errRate=  0.00% avg=   17.90 min=   12.90 max=   73.74 p50=   14.03 p95=   34.73 p99=   48.42 rps=  15.80
  s2s.crud.fetchFilms                           n=    1 err=   0 errRate=  0.00% avg=   67.30 min=   67.30 max=   67.30 p50=   67.30 p95=   67.30 p99=   67.30 rps=   0.10
window 30s
  calc.additional.maxViewersSummary             n=  444 err=   0 errRate=  0.00% avg=   27.51 min=   12.66 max=  226.97 p50=   14.50 p95=   90.00 p99=  198.75 rps=  14.80
  controller.AnalyticsController.maxViewersSummary n=  444 err=   0 errRate=  0.00% avg=   27.69 min=   12.75 max=  227.26 p50=   14.75 p95=   90.32 p99=  198.90 rps=  14.80
  s2s.crud.fetchAllTickets                      n=  444 err=   0 errRate=  0.00% avg=   27.22 min=   12.62 max=  226.91 p50=   14.46 p95=   89.93 p99=  198.70 rps=  14.80
  s2s.crud.fetchFilms                           n=    1 err=   0 errRate=  0.00% avg=   67.30 min=   67.30 max=   67.30 p50=   67.30 p95=   67.30 p99=   67.30 rps=   0.03
window 1m
  calc.additional.maxViewersSummary             n= 4486 err=   0 errRate=  0.00% avg=   21.01 min=   12.66 max=  846.59 p50=   13.66 p95=   48.72 p99=  182.65 rps=  74.77
  controller.AnalyticsController.maxViewersSummary n= 4486 err=   0 errRate=  0.00% avg=   21.16 min=   12.75 max=  846.68 p50=   13.80 p95=   48.85 p99=  182.81 rps=  74.77
  s2s.crud.fetchAllTickets                      n= 4486 err=   0 errRate=  0.00% avg=   20.76 min=   12.62 max=  846.55 p50=   13.62 p95=   48.24 p99=  182.61 rps=  74.77
  s2s.crud.fetchFilms                           n=    2 err=   0 errRate=  0.00% avg=  345.65 min=   67.30 max=  624.00 p50=  345.65 p95=  596.17 p99=  618.43 rps=   0.03

2026-05-06T21:05:22.899Z  INFO 1 --- [lab8-additional-service] [   scheduling-1] r.h.l.a.o.ObservabilityService           : [lab8-additional-service] observability refresh
window 10s
  calc.additional.maxViewersSummary             n=  157 err=   0 errRate=  0.00% avg=   17.07 min=   12.93 max=   84.92 p50=   14.04 p95=   21.28 p99=   49.32 rps=  15.70
  controller.AnalyticsController.maxViewersSummary n=  157 err=   0 errRate=  0.00% avg=   17.25 min=   13.05 max=   85.19 p50=   14.23 p95=   21.70 p99=   49.48 rps=  15.70
  s2s.crud.fetchAllTickets                      n=  157 err=   0 errRate=  0.00% avg=   16.36 min=   12.90 max=   44.58 p50=   13.94 p95=   21.08 p99=   27.91 rps=  15.70
  s2s.crud.fetchFilms                           n=    1 err=   0 errRate=  0.00% avg=   67.30 min=   67.30 max=   67.30 p50=   67.30 p95=   67.30 p99=   67.30 rps=   0.10
window 30s
  calc.additional.maxViewersSummary             n=  432 err=   0 errRate=  0.00% avg=   27.94 min=   12.66 max=  226.97 p50=   14.95 p95=   90.26 p99=  198.83 rps=  14.40
  controller.AnalyticsController.maxViewersSummary n=  432 err=   0 errRate=  0.00% avg=   28.12 min=   12.75 max=  227.26 p50=   15.14 p95=   90.52 p99=  198.98 rps=  14.40
  s2s.crud.fetchAllTickets                      n=  432 err=   0 errRate=  0.00% avg=   27.64 min=   12.62 max=  226.91 p50=   14.89 p95=   90.19 p99=  198.79 rps=  14.40
  s2s.crud.fetchFilms                           n=    1 err=   0 errRate=  0.00% avg=   67.30 min=   67.30 max=   67.30 p50=   67.30 p95=   67.30 p99=   67.30 rps=   0.03
window 1m
  calc.additional.maxViewersSummary             n= 4291 err=   0 errRate=  0.00% avg=   21.35 min=   12.66 max=  846.59 p50=   13.67 p95=   53.65 p99=  187.77 rps=  71.52
  controller.AnalyticsController.maxViewersSummary n= 4291 err=   0 errRate=  0.00% avg=   21.50 min=   12.75 max=  846.68 p50=   13.81 p95=   53.80 p99=  187.97 rps=  71.52
  s2s.crud.fetchAllTickets                      n= 4291 err=   0 errRate=  0.00% avg=   21.09 min=   12.62 max=  846.55 p50=   13.64 p95=   53.24 p99=  187.74 rps=  71.52
  s2s.crud.fetchFilms                           n=    2 err=   0 errRate=  0.00% avg=  345.65 min=   67.30 max=  624.00 p50=  345.65 p95=  596.17 p99=  618.43 rps=   0.03

2026-05-06T21:05:23.901Z  INFO 1 --- [lab8-additional-service] [   scheduling-1] r.h.l.a.o.ObservabilityService           : [lab8-additional-service] observability refresh
window 10s
  calc.additional.maxViewersSummary             n=  161 err=   0 errRate=  0.00% avg=   16.91 min=   12.93 max=   84.92 p50=   13.95 p95=   21.44 p99=   48.93 rps=  16.10
  controller.AnalyticsController.maxViewersSummary n=  161 err=   0 errRate=  0.00% avg=   17.09 min=   13.05 max=   85.19 p50=   14.11 p95=   21.77 p99=   49.09 rps=  16.10
  s2s.crud.fetchAllTickets                      n=  161 err=   0 errRate=  0.00% avg=   16.22 min=   12.90 max=   44.58 p50=   13.87 p95=   21.19 p99=   27.42 rps=  16.10
  s2s.crud.fetchFilms                           n=    1 err=   0 errRate=  0.00% avg=   67.30 min=   67.30 max=   67.30 p50=   67.30 p95=   67.30 p99=   67.30 rps=   0.10
window 30s
  calc.additional.maxViewersSummary             n=  437 err=   0 errRate=  0.00% avg=   27.78 min=   12.85 max=  226.97 p50=   14.88 p95=   90.15 p99=  198.80 rps=  14.57
  controller.AnalyticsController.maxViewersSummary n=  437 err=   0 errRate=  0.00% avg=   27.97 min=   12.95 max=  227.26 p50=   15.05 p95=   90.46 p99=  198.94 rps=  14.57
  s2s.crud.fetchAllTickets                      n=  437 err=   0 errRate=  0.00% avg=   27.49 min=   12.82 max=  226.91 p50=   14.83 p95=   90.09 p99=  198.75 rps=  14.57
  s2s.crud.fetchFilms                           n=    1 err=   0 errRate=  0.00% avg=   67.30 min=   67.30 max=   67.30 p50=   67.30 p95=   67.30 p99=   67.30 rps=   0.03
window 1m
  calc.additional.maxViewersSummary             n= 4092 err=   0 errRate=  0.00% avg=   21.72 min=   12.66 max=  846.59 p50=   13.68 p95=   56.63 p99=  190.86 rps=  68.20
  controller.AnalyticsController.maxViewersSummary n= 4092 err=   0 errRate=  0.00% avg=   21.87 min=   12.75 max=  846.68 p50=   13.83 p95=   56.81 p99=  191.03 rps=  68.20
  s2s.crud.fetchAllTickets                      n= 4092 err=   0 errRate=  0.00% avg=   21.45 min=   12.62 max=  846.55 p50=   13.65 p95=   56.21 p99=  189.74 rps=  68.20
  s2s.crud.fetchFilms                           n=    2 err=   0 errRate=  0.00% avg=  345.65 min=   67.30 max=  624.00 p50=  345.65 p95=  596.17 p99=  618.43 rps=   0.03

2026-05-06T21:05:24.904Z  INFO 1 --- [lab8-additional-service] [   scheduling-1] r.h.l.a.o.ObservabilityService           : [lab8-additional-service] observability refresh
window 10s
  calc.additional.maxViewersSummary             n=  164 err=   0 errRate=  0.00% avg=   16.53 min=   13.03 max=   84.92 p50=   13.85 p95=   20.66 p99=   48.63 rps=  16.40
  controller.AnalyticsController.maxViewersSummary n=  164 err=   0 errRate=  0.00% avg=   16.71 min=   13.17 max=   85.19 p50=   14.03 p95=   20.94 p99=   48.79 rps=  16.40
  s2s.crud.fetchAllTickets                      n=  164 err=   0 errRate=  0.00% avg=   15.85 min=   12.98 max=   44.58 p50=   13.79 p95=   20.55 p99=   22.43 rps=  16.40
  s2s.crud.fetchFilms                           n=    1 err=   0 errRate=  0.00% avg=   67.30 min=   67.30 max=   67.30 p50=   67.30 p95=   67.30 p99=   67.30 rps=   0.10
window 30s
  calc.additional.maxViewersSummary             n=  438 err=   0 errRate=  0.00% avg=   27.69 min=   12.85 max=  226.97 p50=   14.49 p95=   90.13 p99=  198.79 rps=  14.60
  controller.AnalyticsController.maxViewersSummary n=  438 err=   0 errRate=  0.00% avg=   27.88 min=   12.95 max=  227.26 p50=   14.75 p95=   90.45 p99=  198.94 rps=  14.60
  s2s.crud.fetchAllTickets                      n=  438 err=   0 errRate=  0.00% avg=   27.40 min=   12.82 max=  226.91 p50=   14.43 p95=   90.06 p99=  198.74 rps=  14.60
  s2s.crud.fetchFilms                           n=    1 err=   0 errRate=  0.00% avg=   67.30 min=   67.30 max=   67.30 p50=   67.30 p95=   67.30 p99=   67.30 rps=   0.03
window 1m
  calc.additional.maxViewersSummary             n= 4042 err=   0 errRate=  0.00% avg=   20.96 min=   12.66 max=  846.59 p50=   13.67 p95=   48.21 p99=  179.96 rps=  67.37
  controller.AnalyticsController.maxViewersSummary n= 4042 err=   0 errRate=  0.00% avg=   21.11 min=   12.75 max=  846.68 p50=   13.82 p95=   48.32 p99=  180.16 rps=  67.37
  s2s.crud.fetchAllTickets                      n= 4042 err=   0 errRate=  0.00% avg=   20.68 min=   12.62 max=  846.55 p50=   13.64 p95=   47.35 p99=  179.92 rps=  67.37
  s2s.crud.fetchFilms                           n=    2 err=   0 errRate=  0.00% avg=  345.65 min=   67.30 max=  624.00 p50=  345.65 p95=  596.17 p99=  618.43 rps=   0.03

2026-05-06T21:05:25.906Z  INFO 1 --- [lab8-additional-service] [   scheduling-1] r.h.l.a.o.ObservabilityService           : [lab8-additional-service] observability refresh
window 10s
  calc.additional.maxViewersSummary             n=  164 err=   0 errRate=  0.00% avg=   15.89 min=   13.02 max=   44.97 p50=   13.85 p95=   20.56 p99=   22.48 rps=  16.40
  controller.AnalyticsController.maxViewersSummary n=  164 err=   0 errRate=  0.00% avg=   16.07 min=   13.11 max=   45.12 p50=   14.03 p95=   20.74 p99=   22.65 rps=  16.40
  s2s.crud.fetchAllTickets                      n=  164 err=   0 errRate=  0.00% avg=   15.84 min=   12.98 max=   44.58 p50=   13.79 p95=   20.50 p99=   22.43 rps=  16.40
window 30s
  calc.additional.maxViewersSummary             n=  427 err=   0 errRate=  0.00% avg=   28.04 min=   12.89 max=  226.97 p50=   14.59 p95=   90.36 p99=  198.87 rps=  14.23
  controller.AnalyticsController.maxViewersSummary n=  427 err=   0 errRate=  0.00% avg=   28.23 min=   12.98 max=  227.26 p50=   14.96 p95=   90.59 p99=  199.01 rps=  14.23
  s2s.crud.fetchAllTickets                      n=  427 err=   0 errRate=  0.00% avg=   27.75 min=   12.86 max=  226.91 p50=   14.55 p95=   90.30 p99=  198.82 rps=  14.23
  s2s.crud.fetchFilms                           n=    1 err=   0 errRate=  0.00% avg=   67.30 min=   67.30 max=   67.30 p50=   67.30 p95=   67.30 p99=   67.30 rps=   0.03
window 1m
  calc.additional.maxViewersSummary             n= 3996 err=   0 errRate=  0.00% avg=   18.63 min=   12.66 max=  814.17 p50=   13.67 p95=   29.72 p99=  143.56 rps=  66.60
  controller.AnalyticsController.maxViewersSummary n= 3996 err=   0 errRate=  0.00% avg=   18.78 min=   12.75 max=  814.49 p50=   13.80 p95=   30.54 p99=  143.69 rps=  66.60
  s2s.crud.fetchAllTickets                      n= 3996 err=   0 errRate=  0.00% avg=   18.35 min=   12.62 max=  226.91 p50=   13.63 p95=   29.33 p99=  143.52 rps=  66.60
  s2s.crud.fetchFilms                           n=    2 err=   0 errRate=  0.00% avg=  345.65 min=   67.30 max=  624.00 p50=  345.65 p95=  596.17 p99=  618.43 rps=   0.03

2026-05-06T21:05:26.793Z  INFO 1 --- [lab8-additional-service] [   scheduling-1] r.h.l.a.service.FilmCacheService         : film-cache stats: size=310 ttlMs=30000 lastRefreshAtMs=1778101515067 hits=35554 misses=8 refreshes=8
2026-05-06T21:05:26.908Z  INFO 1 --- [lab8-additional-service] [   scheduling-1] r.h.l.a.o.ObservabilityService           : [lab8-additional-service] observability refresh
window 10s
  calc.additional.maxViewersSummary             n=  160 err=   0 errRate=  0.00% avg=   16.05 min=   13.02 max=   44.97 p50=   13.88 p95=   20.58 p99=   22.49 rps=  16.00
  controller.AnalyticsController.maxViewersSummary n=  160 err=   0 errRate=  0.00% avg=   16.22 min=   13.11 max=   45.12 p50=   14.06 p95=   20.74 p99=   22.66 rps=  16.00
  s2s.crud.fetchAllTickets                      n=  160 err=   0 errRate=  0.00% avg=   15.99 min=   12.98 max=   44.58 p50=   13.83 p95=   20.53 p99=   22.44 rps=  16.00
window 30s
  calc.additional.maxViewersSummary             n=  422 err=   0 errRate=  0.00% avg=   28.23 min=   12.93 max=  226.97 p50=   14.94 p95=   90.47 p99=  198.91 rps=  14.07
  controller.AnalyticsController.maxViewersSummary n=  422 err=   0 errRate=  0.00% avg=   28.42 min=   13.05 max=  227.26 p50=   15.14 p95=   90.65 p99=  199.05 rps=  14.07
  s2s.crud.fetchAllTickets                      n=  422 err=   0 errRate=  0.00% avg=   27.93 min=   12.90 max=  226.91 p50=   14.82 p95=   90.41 p99=  198.86 rps=  14.07
  s2s.crud.fetchFilms                           n=    1 err=   0 errRate=  0.00% avg=   67.30 min=   67.30 max=   67.30 p50=   67.30 p95=   67.30 p99=   67.30 rps=   0.03
window 1m
  calc.additional.maxViewersSummary             n= 3819 err=   0 errRate=  0.00% avg=   18.68 min=   12.66 max=  814.17 p50=   13.67 p95=   29.48 p99=  143.85 rps=  63.65
  controller.AnalyticsController.maxViewersSummary n= 3819 err=   0 errRate=  0.00% avg=   18.83 min=   12.75 max=  814.49 p50=   13.81 p95=   29.83 p99=  143.97 rps=  63.65
  s2s.crud.fetchAllTickets                      n= 3819 err=   0 errRate=  0.00% avg=   18.38 min=   12.62 max=  226.91 p50=   13.63 p95=   29.25 p99=  143.81 rps=  63.65
  s2s.crud.fetchFilms                           n=    2 err=   0 errRate=  0.00% avg=  345.65 min=   67.30 max=  624.00 p50=  345.65 p95=  596.17 p99=  618.43 rps=   0.03

2026-05-06T21:05:27.911Z  INFO 1 --- [lab8-additional-service] [   scheduling-1] r.h.l.a.o.ObservabilityService           : [lab8-additional-service] observability refresh
window 10s
  calc.additional.maxViewersSummary             n=  156 err=   0 errRate=  0.00% avg=   16.03 min=   12.88 max=   22.66 p50=   13.91 p95=   20.53 p99=   22.25 rps=  15.60
  controller.AnalyticsController.maxViewersSummary n=  156 err=   0 errRate=  0.00% avg=   16.20 min=   13.01 max=   22.82 p50=   14.10 p95=   20.74 p99=   22.41 rps=  15.60
  s2s.crud.fetchAllTickets                      n=  156 err=   0 errRate=  0.00% avg=   15.97 min=   12.84 max=   22.61 p50=   13.84 p95=   20.47 p99=   22.20 rps=  15.60
window 30s
  calc.additional.maxViewersSummary             n=  415 err=   0 errRate=  0.00% avg=   28.49 min=   12.88 max=  226.97 p50=   15.81 p95=   90.59 p99=  198.96 rps=  13.83
  controller.AnalyticsController.maxViewersSummary n=  415 err=   0 errRate=  0.00% avg=   28.68 min=   13.01 max=  227.26 p50=   15.99 p95=   90.79 p99=  199.09 rps=  13.83
  s2s.crud.fetchAllTickets                      n=  415 err=   0 errRate=  0.00% avg=   28.19 min=   12.84 max=  226.91 p50=   15.76 p95=   90.54 p99=  198.91 rps=  13.83
  s2s.crud.fetchFilms                           n=    1 err=   0 errRate=  0.00% avg=   67.30 min=   67.30 max=   67.30 p50=   67.30 p95=   67.30 p99=   67.30 rps=   0.03
window 1m
  calc.additional.maxViewersSummary             n= 3615 err=   0 errRate=  0.00% avg=   18.94 min=   12.66 max=  814.17 p50=   13.68 p95=   32.06 p99=  144.16 rps=  60.25
  controller.AnalyticsController.maxViewersSummary n= 3615 err=   0 errRate=  0.00% avg=   19.09 min=   12.75 max=  814.49 p50=   13.83 p95=   32.18 p99=  144.41 rps=  60.25
  s2s.crud.fetchAllTickets                      n= 3615 err=   0 errRate=  0.00% avg=   18.64 min=   12.62 max=  226.91 p50=   13.64 p95=   31.45 p99=  144.12 rps=  60.25
  s2s.crud.fetchFilms                           n=    2 err=   0 errRate=  0.00% avg=  345.65 min=   67.30 max=  624.00 p50=  345.65 p95=  596.17 p99=  618.43 rps=   0.03

2026-05-06T21:05:28.913Z  INFO 1 --- [lab8-additional-service] [   scheduling-1] r.h.l.a.o.ObservabilityService           : [lab8-additional-service] observability refresh
window 10s
  calc.additional.maxViewersSummary             n=  146 err=   0 errRate=  0.00% avg=   16.04 min=   12.88 max=   22.66 p50=   13.86 p95=   20.54 p99=   22.27 rps=  14.60
  controller.AnalyticsController.maxViewersSummary n=  146 err=   0 errRate=  0.00% avg=   16.21 min=   13.01 max=   22.82 p50=   14.04 p95=   20.72 p99=   22.44 rps=  14.60
  s2s.crud.fetchAllTickets                      n=  146 err=   0 errRate=  0.00% avg=   15.98 min=   12.84 max=   22.61 p50=   13.80 p95=   20.48 p99=   22.22 rps=  14.60
window 30s
  calc.additional.maxViewersSummary             n=  406 err=   0 errRate=  0.00% avg=   28.74 min=   12.88 max=  226.97 p50=   16.78 p95=   90.74 p99=  199.02 rps=  13.53
  controller.AnalyticsController.maxViewersSummary n=  406 err=   0 errRate=  0.00% avg=   28.92 min=   13.01 max=  227.26 p50=   16.94 p95=   90.99 p99=  199.15 rps=  13.53
  s2s.crud.fetchAllTickets                      n=  406 err=   0 errRate=  0.00% avg=   28.43 min=   12.84 max=  226.91 p50=   15.76 p95=   90.69 p99=  198.98 rps=  13.53
  s2s.crud.fetchFilms                           n=    1 err=   0 errRate=  0.00% avg=   67.30 min=   67.30 max=   67.30 p50=   67.30 p95=   67.30 p99=   67.30 rps=   0.03
window 1m
  calc.additional.maxViewersSummary             n= 3430 err=   0 errRate=  0.00% avg=   19.21 min=   12.66 max=  814.17 p50=   13.68 p95=   33.76 p99=  144.51 rps=  57.17
  controller.AnalyticsController.maxViewersSummary n= 3430 err=   0 errRate=  0.00% avg=   19.36 min=   12.75 max=  814.49 p50=   13.82 p95=   34.08 p99=  144.64 rps=  57.17
  s2s.crud.fetchAllTickets                      n= 3430 err=   0 errRate=  0.00% avg=   18.89 min=   12.62 max=  226.91 p50=   13.64 p95=   33.32 p99=  144.47 rps=  57.17
  s2s.crud.fetchFilms                           n=    2 err=   0 errRate=  0.00% avg=  345.65 min=   67.30 max=  624.00 p50=  345.65 p95=  596.17 p99=  618.43 rps=   0.03

2026-05-06T21:05:29.915Z  INFO 1 --- [lab8-additional-service] [   scheduling-1] r.h.l.a.o.ObservabilityService           : [lab8-additional-service] observability refresh
window 10s
  calc.additional.maxViewersSummary             n=  143 err=   0 errRate=  0.00% avg=   16.05 min=   12.88 max=   26.74 p50=   13.82 p95=   20.60 p99=   22.54 rps=  14.30
  controller.AnalyticsController.maxViewersSummary n=  143 err=   0 errRate=  0.00% avg=   16.22 min=   13.01 max=   27.08 p50=   14.02 p95=   20.81 p99=   22.71 rps=  14.30
  s2s.crud.fetchAllTickets                      n=  143 err=   0 errRate=  0.00% avg=   15.99 min=   12.84 max=   26.67 p50=   13.77 p95=   20.56 p99=   22.49 rps=  14.30
window 30s
  calc.additional.maxViewersSummary             n=  402 err=   0 errRate=  0.00% avg=   28.77 min=   12.88 max=  226.97 p50=   15.01 p95=   90.81 p99=  199.05 rps=  13.40
  controller.AnalyticsController.maxViewersSummary n=  402 err=   0 errRate=  0.00% avg=   28.96 min=   13.01 max=  227.26 p50=   15.17 p95=   91.08 p99=  199.18 rps=  13.40
  s2s.crud.fetchAllTickets                      n=  402 err=   0 errRate=  0.00% avg=   28.46 min=   12.84 max=  226.91 p50=   14.97 p95=   90.75 p99=  199.01 rps=  13.40
  s2s.crud.fetchFilms                           n=    1 err=   0 errRate=  0.00% avg=   67.30 min=   67.30 max=   67.30 p50=   67.30 p95=   67.30 p99=   67.30 rps=   0.03
window 1m
  calc.additional.maxViewersSummary             n= 3220 err=   0 errRate=  0.00% avg=   19.44 min=   12.66 max=  814.17 p50=   13.67 p95=   39.37 p99=  144.87 rps=  53.67
  controller.AnalyticsController.maxViewersSummary n= 3220 err=   0 errRate=  0.00% avg=   19.59 min=   12.75 max=  814.49 p50=   13.81 p95=   39.49 p99=  145.00 rps=  53.67
  s2s.crud.fetchAllTickets                      n= 3220 err=   0 errRate=  0.00% avg=   19.10 min=   12.62 max=  226.91 p50=   13.63 p95=   37.92 p99=  144.83 rps=  53.67
  s2s.crud.fetchFilms                           n=    2 err=   0 errRate=  0.00% avg=  345.65 min=   67.30 max=  624.00 p50=  345.65 p95=  596.17 p99=  618.43 rps=   0.03

2026-05-06T21:05:30.917Z  INFO 1 --- [lab8-additional-service] [   scheduling-1] r.h.l.a.o.ObservabilityService           : [lab8-additional-service] observability refresh
window 10s
  calc.additional.maxViewersSummary             n=  149 err=   0 errRate=  0.00% avg=   15.94 min=   12.88 max=   26.74 p50=   13.82 p95=   20.60 p99=   22.52 rps=  14.90
  controller.AnalyticsController.maxViewersSummary n=  149 err=   0 errRate=  0.00% avg=   16.10 min=   13.01 max=   27.08 p50=   13.96 p95=   20.79 p99=   22.69 rps=  14.90
  s2s.crud.fetchAllTickets                      n=  149 err=   0 errRate=  0.00% avg=   15.88 min=   12.84 max=   26.67 p50=   13.74 p95=   20.56 p99=   22.47 rps=  14.90
window 30s
  calc.additional.maxViewersSummary             n=  406 err=   0 errRate=  0.00% avg=   28.61 min=   12.88 max=  226.97 p50=   14.83 p95=   90.74 p99=  199.02 rps=  13.53
  controller.AnalyticsController.maxViewersSummary n=  406 err=   0 errRate=  0.00% avg=   28.79 min=   13.01 max=  227.26 p50=   15.04 p95=   90.99 p99=  199.15 rps=  13.53
  s2s.crud.fetchAllTickets                      n=  406 err=   0 errRate=  0.00% avg=   28.29 min=   12.84 max=  226.91 p50=   14.60 p95=   90.69 p99=  198.98 rps=  13.53
  s2s.crud.fetchFilms                           n=    1 err=   0 errRate=  0.00% avg=   67.30 min=   67.30 max=   67.30 p50=   67.30 p95=   67.30 p99=   67.30 rps=   0.03
window 1m
  calc.additional.maxViewersSummary             n= 3052 err=   0 errRate=  0.00% avg=   19.50 min=   12.66 max=  814.17 p50=   13.65 p95=   44.12 p99=  145.87 rps=  50.87
  controller.AnalyticsController.maxViewersSummary n= 3052 err=   0 errRate=  0.00% avg=   19.65 min=   12.75 max=  814.49 p50=   13.79 p95=   44.27 p99=  145.98 rps=  50.87
  s2s.crud.fetchAllTickets                      n= 3052 err=   0 errRate=  0.00% avg=   19.14 min=   12.62 max=  226.91 p50=   13.61 p95=   43.05 p99=  145.83 rps=  50.87
  s2s.crud.fetchFilms                           n=    2 err=   0 errRate=  0.00% avg=  345.65 min=   67.30 max=  624.00 p50=  345.65 p95=  596.17 p99=  618.43 rps=   0.03

2026-05-06T21:05:31.922Z  INFO 1 --- [lab8-additional-service] [   scheduling-1] r.h.l.a.o.ObservabilityService           : [lab8-additional-service] observability refresh
window 10s
  calc.additional.maxViewersSummary             n=  159 err=   0 errRate=  0.00% avg=   15.69 min=   12.88 max=   26.74 p50=   13.82 p95=   20.60 p99=   21.90 rps=  15.90
  controller.AnalyticsController.maxViewersSummary n=  159 err=   0 errRate=  0.00% avg=   15.85 min=   13.01 max=   27.08 p50=   13.98 p95=   20.75 p99=   22.07 rps=  15.90
  s2s.crud.fetchAllTickets                      n=  159 err=   0 errRate=  0.00% avg=   15.63 min=   12.84 max=   26.67 p50=   13.74 p95=   20.56 p99=   21.85 rps=  15.90
window 30s
  calc.additional.maxViewersSummary             n=  403 err=   0 errRate=  0.00% avg=   28.70 min=   12.88 max=  226.97 p50=   14.94 p95=   90.79 p99=  199.04 rps=  13.43
  controller.AnalyticsController.maxViewersSummary n=  403 err=   0 errRate=  0.00% avg=   28.89 min=   13.01 max=  227.26 p50=   15.12 p95=   91.06 p99=  199.17 rps=  13.43
  s2s.crud.fetchAllTickets                      n=  403 err=   0 errRate=  0.00% avg=   28.39 min=   12.84 max=  226.91 p50=   14.68 p95=   90.74 p99=  199.00 rps=  13.43
  s2s.crud.fetchFilms                           n=    1 err=   0 errRate=  0.00% avg=   67.30 min=   67.30 max=   67.30 p50=   67.30 p95=   67.30 p99=   67.30 rps=   0.03
window 1m
  calc.additional.maxViewersSummary             n= 2862 err=   0 errRate=  0.00% avg=   19.84 min=   12.66 max=  814.17 p50=   13.65 p95=   48.76 p99=  147.74 rps=  47.70
  controller.AnalyticsController.maxViewersSummary n= 2862 err=   0 errRate=  0.00% avg=   19.99 min=   12.75 max=  814.49 p50=   13.79 p95=   48.88 p99=  147.92 rps=  47.70
  s2s.crud.fetchAllTickets                      n= 2862 err=   0 errRate=  0.00% avg=   19.47 min=   12.62 max=  226.91 p50=   13.61 p95=   48.25 p99=  147.71 rps=  47.70
  s2s.crud.fetchFilms                           n=    2 err=   0 errRate=  0.00% avg=  345.65 min=   67.30 max=  624.00 p50=  345.65 p95=  596.17 p99=  618.43 rps=   0.03

2026-05-06T21:05:32.924Z  INFO 1 --- [lab8-additional-service] [   scheduling-1] r.h.l.a.o.ObservabilityService           : [lab8-additional-service] observability refresh
window 10s
  calc.additional.maxViewersSummary             n=  163 err=   0 errRate=  0.00% avg=   15.62 min=   12.88 max=   26.74 p50=   13.79 p95=   20.60 p99=   21.85 rps=  16.30
  controller.AnalyticsController.maxViewersSummary n=  163 err=   0 errRate=  0.00% avg=   15.78 min=   13.01 max=   27.08 p50=   13.98 p95=   20.80 p99=   22.02 rps=  16.30
  s2s.crud.fetchAllTickets                      n=  163 err=   0 errRate=  0.00% avg=   15.56 min=   12.84 max=   26.67 p50=   13.73 p95=   20.56 p99=   21.80 rps=  16.30
window 30s
  calc.additional.maxViewersSummary             n=  408 err=   0 errRate=  0.00% avg=   28.45 min=   12.88 max=  226.97 p50=   14.42 p95=   90.71 p99=  199.01 rps=  13.60
  controller.AnalyticsController.maxViewersSummary n=  408 err=   0 errRate=  0.00% avg=   28.63 min=   13.01 max=  227.26 p50=   14.64 p95=   90.95 p99=  199.14 rps=  13.60
  s2s.crud.fetchAllTickets                      n=  408 err=   0 errRate=  0.00% avg=   28.14 min=   12.84 max=  226.91 p50=   14.33 p95=   90.65 p99=  198.96 rps=  13.60
  s2s.crud.fetchFilms                           n=    1 err=   0 errRate=  0.00% avg=   67.30 min=   67.30 max=   67.30 p50=   67.30 p95=   67.30 p99=   67.30 rps=   0.03
window 1m
  calc.additional.maxViewersSummary             n= 2663 err=   0 errRate=  0.00% avg=   20.30 min=   12.66 max=  814.17 p50=   13.65 p95=   53.82 p99=  150.11 rps=  44.38
  controller.AnalyticsController.maxViewersSummary n= 2663 err=   0 errRate=  0.00% avg=   20.45 min=   12.75 max=  814.49 p50=   13.80 p95=   53.96 p99=  150.27 rps=  44.38
  s2s.crud.fetchAllTickets                      n= 2663 err=   0 errRate=  0.00% avg=   19.90 min=   12.62 max=  226.91 p50=   13.62 p95=   53.32 p99=  150.06 rps=  44.38
  s2s.crud.fetchFilms                           n=    2 err=   0 errRate=  0.00% avg=  345.65 min=   67.30 max=  624.00 p50=  345.65 p95=  596.17 p99=  618.43 rps=   0.03

2026-05-06T21:05:33.926Z  INFO 1 --- [lab8-additional-service] [   scheduling-1] r.h.l.a.o.ObservabilityService           : [lab8-additional-service] observability refresh
window 10s
  calc.additional.maxViewersSummary             n=  158 err=   0 errRate=  0.00% avg=   15.69 min=   12.88 max=   26.74 p50=   13.82 p95=   20.72 p99=   21.51 rps=  15.80
  controller.AnalyticsController.maxViewersSummary n=  158 err=   0 errRate=  0.00% avg=   15.86 min=   13.01 max=   27.08 p50=   13.99 p95=   20.85 p99=   21.67 rps=  15.80
  s2s.crud.fetchAllTickets                      n=  158 err=   0 errRate=  0.00% avg=   15.63 min=   12.84 max=   26.67 p50=   13.77 p95=   20.66 p99=   21.41 rps=  15.80
window 30s
  calc.additional.maxViewersSummary             n=  412 err=   0 errRate=  0.00% avg=   27.79 min=   12.88 max=  226.97 p50=   14.23 p95=   90.64 p99=  198.98 rps=  13.73
  controller.AnalyticsController.maxViewersSummary n=  412 err=   0 errRate=  0.00% avg=   27.97 min=   13.01 max=  227.26 p50=   14.42 p95=   90.86 p99=  199.11 rps=  13.73
  s2s.crud.fetchAllTickets                      n=  412 err=   0 errRate=  0.00% avg=   27.48 min=   12.84 max=  226.91 p50=   14.16 p95=   90.59 p99=  198.93 rps=  13.73
  s2s.crud.fetchFilms                           n=    1 err=   0 errRate=  0.00% avg=   67.30 min=   67.30 max=   67.30 p50=   67.30 p95=   67.30 p99=   67.30 rps=   0.03
window 1m
  calc.additional.maxViewersSummary             n= 2459 err=   0 errRate=  0.00% avg=   20.85 min=   12.66 max=  814.17 p50=   13.68 p95=   59.15 p99=  153.13 rps=  40.98
  controller.AnalyticsController.maxViewersSummary n= 2459 err=   0 errRate=  0.00% avg=   21.01 min=   12.75 max=  814.49 p50=   13.84 p95=   59.36 p99=  153.27 rps=  40.98
  s2s.crud.fetchAllTickets                      n= 2459 err=   0 errRate=  0.00% avg=   20.42 min=   12.62 max=  226.91 p50=   13.65 p95=   58.48 p99=  153.10 rps=  40.98
  s2s.crud.fetchFilms                           n=    2 err=   0 errRate=  0.00% avg=  345.65 min=   67.30 max=  624.00 p50=  345.65 p95=  596.17 p99=  618.43 rps=   0.03

2026-05-06T21:05:34.928Z  INFO 1 --- [lab8-additional-service] [   scheduling-1] r.h.l.a.o.ObservabilityService           : [lab8-additional-service] observability refresh
window 10s
  calc.additional.maxViewersSummary             n=  159 err=   0 errRate=  0.00% avg=   16.04 min=   12.88 max=   30.83 p50=   13.91 p95=   20.73 p99=   23.82 rps=  15.90
  controller.AnalyticsController.maxViewersSummary n=  159 err=   0 errRate=  0.00% avg=   16.21 min=   13.01 max=   31.00 p50=   14.08 p95=   20.91 p99=   24.06 rps=  15.90
  s2s.crud.fetchAllTickets                      n=  159 err=   0 errRate=  0.00% avg=   15.98 min=   12.84 max=   30.77 p50=   13.86 p95=   20.67 p99=   23.70 rps=  15.90
window 30s
  calc.additional.maxViewersSummary             n=  427 err=   0 errRate=  0.00% avg=   26.00 min=   12.88 max=  226.97 p50=   14.21 p95=   86.74 p99=  123.27 rps=  14.23
  controller.AnalyticsController.maxViewersSummary n=  427 err=   0 errRate=  0.00% avg=   26.18 min=   13.01 max=  227.26 p50=   14.37 p95=   86.90 p99=  123.51 rps=  14.23
  s2s.crud.fetchAllTickets                      n=  427 err=   0 errRate=  0.00% avg=   25.70 min=   12.84 max=  226.91 p50=   14.15 p95=   86.69 p99=  123.22 rps=  14.23
  s2s.crud.fetchFilms                           n=    1 err=   0 errRate=  0.00% avg=   67.30 min=   67.30 max=   67.30 p50=   67.30 p95=   67.30 p99=   67.30 rps=   0.03
window 1m
  calc.additional.maxViewersSummary             n= 2277 err=   0 errRate=  0.00% avg=   21.42 min=   12.66 max=  814.17 p50=   13.71 p95=   63.79 p99=  157.61 rps=  37.95
  controller.AnalyticsController.maxViewersSummary n= 2277 err=   0 errRate=  0.00% avg=   21.57 min=   12.75 max=  814.49 p50=   13.87 p95=   63.97 p99=  157.82 rps=  37.95
  s2s.crud.fetchAllTickets                      n= 2277 err=   0 errRate=  0.00% avg=   20.95 min=   12.62 max=  226.91 p50=   13.67 p95=   63.47 p99=  157.55 rps=  37.95
  s2s.crud.fetchFilms                           n=    2 err=   0 errRate=  0.00% avg=  345.65 min=   67.30 max=  624.00 p50=  345.65 p95=  596.17 p99=  618.43 rps=   0.03

2026-05-06T21:05:35.929Z  INFO 1 --- [lab8-additional-service] [   scheduling-1] r.h.l.a.o.ObservabilityService           : [lab8-additional-service] observability refresh
window 10s
  calc.additional.maxViewersSummary             n=  162 err=   0 errRate=  0.00% avg=   15.96 min=   12.88 max=   30.83 p50=   13.91 p95=   20.73 p99=   25.10 rps=  16.20
  controller.AnalyticsController.maxViewersSummary n=  162 err=   0 errRate=  0.00% avg=   16.13 min=   13.01 max=   31.00 p50=   14.09 p95=   20.93 p99=   25.35 rps=  16.20
  s2s.crud.fetchAllTickets                      n=  162 err=   0 errRate=  0.00% avg=   15.89 min=   12.84 max=   30.77 p50=   13.85 p95=   20.68 p99=   25.03 rps=  16.20
window 30s
  calc.additional.maxViewersSummary             n=  440 err=   0 errRate=  0.00% avg=   24.55 min=   12.88 max=  226.97 p50=   14.15 p95=   82.49 p99=  101.18 rps=  14.67
  controller.AnalyticsController.maxViewersSummary n=  440 err=   0 errRate=  0.00% avg=   24.74 min=   13.01 max=  227.26 p50=   14.33 p95=   82.63 p99=  101.33 rps=  14.67
  s2s.crud.fetchAllTickets                      n=  440 err=   0 errRate=  0.00% avg=   24.26 min=   12.84 max=  226.91 p50=   14.10 p95=   81.06 p99=  101.13 rps=  14.67
  s2s.crud.fetchFilms                           n=    1 err=   0 errRate=  0.00% avg=   67.30 min=   67.30 max=   67.30 p50=   67.30 p95=   67.30 p99=   67.30 rps=   0.03
window 1m
  calc.additional.maxViewersSummary             n= 2083 err=   0 errRate=  0.00% avg=   22.12 min=   12.66 max=  814.17 p50=   13.73 p95=   71.85 p99=  158.94 rps=  34.72
  controller.AnalyticsController.maxViewersSummary n= 2083 err=   0 errRate=  0.00% avg=   22.28 min=   12.75 max=  814.49 p50=   13.90 p95=   71.96 p99=  159.11 rps=  34.72
  s2s.crud.fetchAllTickets                      n= 2083 err=   0 errRate=  0.00% avg=   21.62 min=   12.62 max=  226.91 p50=   13.69 p95=   71.66 p99=  158.88 rps=  34.72
  s2s.crud.fetchFilms                           n=    2 err=   0 errRate=  0.00% avg=  345.65 min=   67.30 max=  624.00 p50=  345.65 p95=  596.17 p99=  618.43 rps=   0.03

2026-05-06T21:05:36.793Z  INFO 1 --- [lab8-additional-service] [   scheduling-1] r.h.l.a.service.FilmCacheService         : film-cache stats: size=310 ttlMs=30000 lastRefreshAtMs=1778101515067 hits=35712 misses=8 refreshes=8
2026-05-06T21:05:36.931Z  INFO 1 --- [lab8-additional-service] [   scheduling-1] r.h.l.a.o.ObservabilityService           : [lab8-additional-service] observability refresh
window 10s
  calc.additional.maxViewersSummary             n=  157 err=   0 errRate=  0.00% avg=   15.96 min=   12.88 max=   30.83 p50=   13.93 p95=   20.84 p99=   25.23 rps=  15.70
  controller.AnalyticsController.maxViewersSummary n=  157 err=   0 errRate=  0.00% avg=   16.14 min=   13.01 max=   31.00 p50=   14.12 p95=   20.99 p99=   25.49 rps=  15.70
  s2s.crud.fetchAllTickets                      n=  157 err=   0 errRate=  0.00% avg=   15.91 min=   12.84 max=   30.77 p50=   13.87 p95=   20.80 p99=   25.16 rps=  15.70
window 30s
  calc.additional.maxViewersSummary             n=  440 err=   0 errRate=  0.00% avg=   22.68 min=   12.88 max=  107.63 p50=   14.13 p95=   79.38 p99=   99.21 rps=  14.67
  controller.AnalyticsController.maxViewersSummary n=  440 err=   0 errRate=  0.00% avg=   22.87 min=   13.01 max=  107.79 p50=   14.30 p95=   79.55 p99=   99.78 rps=  14.67
  s2s.crud.fetchAllTickets                      n=  440 err=   0 errRate=  0.00% avg=   22.39 min=   12.84 max=  107.59 p50=   14.07 p95=   76.99 p99=   99.16 rps=  14.67
  s2s.crud.fetchFilms                           n=    1 err=   0 errRate=  0.00% avg=   67.30 min=   67.30 max=   67.30 p50=   67.30 p95=   67.30 p99=   67.30 rps=   0.03
window 1m
  calc.additional.maxViewersSummary             n= 1895 err=   0 errRate=  0.00% avg=   22.87 min=   12.66 max=  814.17 p50=   13.75 p95=   82.80 p99=  160.06 rps=  31.58
  controller.AnalyticsController.maxViewersSummary n= 1895 err=   0 errRate=  0.00% avg=   23.03 min=   12.75 max=  814.49 p50=   13.93 p95=   82.94 p99=  160.21 rps=  31.58
  s2s.crud.fetchAllTickets                      n= 1895 err=   0 errRate=  0.00% avg=   22.33 min=   12.62 max=  226.91 p50=   13.71 p95=   81.39 p99=  160.01 rps=  31.58
  s2s.crud.fetchFilms                           n=    2 err=   0 errRate=  0.00% avg=  345.65 min=   67.30 max=  624.00 p50=  345.65 p95=  596.17 p99=  618.43 rps=   0.03

2026-05-06T21:05:37.932Z  INFO 1 --- [lab8-additional-service] [   scheduling-1] r.h.l.a.o.ObservabilityService           : [lab8-additional-service] observability refresh
window 10s
  calc.additional.maxViewersSummary             n=  164 err=   0 errRate=  0.00% avg=   15.80 min=   12.95 max=   30.83 p50=   13.87 p95=   20.89 p99=   25.04 rps=  16.40
  controller.AnalyticsController.maxViewersSummary n=  164 err=   0 errRate=  0.00% avg=   15.98 min=   13.06 max=   31.00 p50=   14.05 p95=   21.03 p99=   25.30 rps=  16.40
  s2s.crud.fetchAllTickets                      n=  164 err=   0 errRate=  0.00% avg=   15.75 min=   12.92 max=   30.77 p50=   13.82 p95=   20.86 p99=   24.97 rps=  16.40
window 30s
  calc.additional.maxViewersSummary             n=  454 err=   0 errRate=  0.00% avg=   21.70 min=   12.88 max=  107.63 p50=   14.10 p95=   67.27 p99=   98.90 rps=  15.13
  controller.AnalyticsController.maxViewersSummary n=  454 err=   0 errRate=  0.00% avg=   21.88 min=   13.01 max=  107.79 p50=   14.28 p95=   67.48 p99=   99.13 rps=  15.13
  s2s.crud.fetchAllTickets                      n=  454 err=   0 errRate=  0.00% avg=   21.42 min=   12.84 max=  107.59 p50=   14.03 p95=   64.71 p99=   98.85 rps=  15.13
  s2s.crud.fetchFilms                           n=    1 err=   0 errRate=  0.00% avg=   67.30 min=   67.30 max=   67.30 p50=   67.30 p95=   67.30 p99=   67.30 rps=   0.03
window 1m
  calc.additional.maxViewersSummary             n= 1744 err=   0 errRate=  0.00% avg=   23.58 min=   12.66 max=  814.17 p50=   13.77 p95=   86.93 p99=  161.74 rps=  29.07
  controller.AnalyticsController.maxViewersSummary n= 1744 err=   0 errRate=  0.00% avg=   23.74 min=   12.75 max=  814.49 p50=   13.94 p95=   87.09 p99=  161.85 rps=  29.07
  s2s.crud.fetchAllTickets                      n= 1744 err=   0 errRate=  0.00% avg=   22.99 min=   12.62 max=  226.91 p50=   13.73 p95=   86.88 p99=  161.70 rps=  29.07
  s2s.crud.fetchFilms                           n=    2 err=   0 errRate=  0.00% avg=  345.65 min=   67.30 max=  624.00 p50=  345.65 p95=  596.17 p99=  618.43 rps=   0.03

2026-05-06T21:05:38.933Z  INFO 1 --- [lab8-additional-service] [   scheduling-1] r.h.l.a.o.ObservabilityService           : [lab8-additional-service] observability refresh
window 10s
  calc.additional.maxViewersSummary             n=  164 err=   0 errRate=  0.00% avg=   15.84 min=   12.95 max=   30.83 p50=   13.91 p95=   20.89 p99=   25.04 rps=  16.40
  controller.AnalyticsController.maxViewersSummary n=  164 err=   0 errRate=  0.00% avg=   16.03 min=   13.06 max=   31.00 p50=   14.07 p95=   21.10 p99=   25.30 rps=  16.40
  s2s.crud.fetchAllTickets                      n=  164 err=   0 errRate=  0.00% avg=   15.79 min=   12.92 max=   30.77 p50=   13.86 p95=   20.86 p99=   24.97 rps=  16.40
window 30s
  calc.additional.maxViewersSummary             n=  457 err=   0 errRate=  0.00% avg=   20.79 min=   12.88 max=  107.63 p50=   14.04 p95=   63.33 p99=   98.83 rps=  15.23
  controller.AnalyticsController.maxViewersSummary n=  457 err=   0 errRate=  0.00% avg=   20.97 min=   13.01 max=  107.79 p50=   14.23 p95=   63.54 p99=   99.07 rps=  15.23
  s2s.crud.fetchAllTickets                      n=  457 err=   0 errRate=  0.00% avg=   20.51 min=   12.84 max=  107.59 p50=   13.95 p95=   60.06 p99=   98.78 rps=  15.23
  s2s.crud.fetchFilms                           n=    1 err=   0 errRate=  0.00% avg=   67.30 min=   67.30 max=   67.30 p50=   67.30 p95=   67.30 p99=   67.30 rps=   0.03
window 1m
  calc.additional.maxViewersSummary             n= 1590 err=   0 errRate=  0.00% avg=   24.56 min=   12.66 max=  814.17 p50=   13.83 p95=   93.46 p99=  164.73 rps=  26.50
  controller.AnalyticsController.maxViewersSummary n= 1590 err=   0 errRate=  0.00% avg=   24.73 min=   12.75 max=  814.49 p50=   14.00 p95=   93.62 p99=  164.88 rps=  26.50
  s2s.crud.fetchAllTickets                      n= 1590 err=   0 errRate=  0.00% avg=   23.92 min=   12.62 max=  226.91 p50=   13.78 p95=   93.40 p99=  164.69 rps=  26.50
  s2s.crud.fetchFilms                           n=    2 err=   0 errRate=  0.00% avg=  345.65 min=   67.30 max=  624.00 p50=  345.65 p95=  596.17 p99=  618.43 rps=   0.03

2026-05-06T21:05:39.935Z  INFO 1 --- [lab8-additional-service] [   scheduling-1] r.h.l.a.o.ObservabilityService           : [lab8-additional-service] observability refresh
window 10s
  calc.additional.maxViewersSummary             n=  166 err=   0 errRate=  0.00% avg=   15.74 min=   12.95 max=   30.83 p50=   13.89 p95=   20.73 p99=   22.62 rps=  16.60
  controller.AnalyticsController.maxViewersSummary n=  166 err=   0 errRate=  0.00% avg=   15.92 min=   13.06 max=   31.00 p50=   14.05 p95=   20.97 p99=   22.81 rps=  16.60
  s2s.crud.fetchAllTickets                      n=  166 err=   0 errRate=  0.00% avg=   15.69 min=   12.92 max=   30.77 p50=   13.85 p95=   20.67 p99=   22.58 rps=  16.60
window 30s
  calc.additional.maxViewersSummary             n=  465 err=   0 errRate=  0.00% avg=   19.53 min=   12.88 max=  101.84 p50=   13.99 p95=   48.66 p99=   92.57 rps=  15.50
  controller.AnalyticsController.maxViewersSummary n=  465 err=   0 errRate=  0.00% avg=   19.71 min=   13.01 max=  102.03 p50=   14.19 p95=   48.85 p99=   92.80 rps=  15.50
  s2s.crud.fetchAllTickets                      n=  465 err=   0 errRate=  0.00% avg=   19.25 min=   12.84 max=  101.79 p50=   13.92 p95=   44.26 p99=   92.52 rps=  15.50
  s2s.crud.fetchFilms                           n=    1 err=   0 errRate=  0.00% avg=   67.30 min=   67.30 max=   67.30 p50=   67.30 p95=   67.30 p99=   67.30 rps=   0.03
window 1m
  calc.additional.maxViewersSummary             n= 1406 err=   0 errRate=  0.00% avg=   25.97 min=   12.66 max=  814.17 p50=   13.88 p95=  100.90 p99=  166.98 rps=  23.43
  controller.AnalyticsController.maxViewersSummary n= 1406 err=   0 errRate=  0.00% avg=   26.14 min=   12.75 max=  814.49 p50=   14.05 p95=  101.21 p99=  167.07 rps=  23.43
  s2s.crud.fetchAllTickets                      n= 1406 err=   0 errRate=  0.00% avg=   25.25 min=   12.62 max=  226.91 p50=   13.84 p95=  100.85 p99=  166.95 rps=  23.43
  s2s.crud.fetchFilms                           n=    2 err=   0 errRate=  0.00% avg=  345.65 min=   67.30 max=  624.00 p50=  345.65 p95=  596.17 p99=  618.43 rps=   0.03

2026-05-06T21:05:40.936Z  INFO 1 --- [lab8-additional-service] [   scheduling-1] r.h.l.a.o.ObservabilityService           : [lab8-additional-service] observability refresh
window 10s
  calc.additional.maxViewersSummary             n=  158 err=   0 errRate=  0.00% avg=   15.78 min=   13.06 max=   30.83 p50=   13.93 p95=   20.75 p99=   22.80 rps=  15.80
  controller.AnalyticsController.maxViewersSummary n=  158 err=   0 errRate=  0.00% avg=   15.97 min=   13.17 max=   31.00 p50=   14.11 p95=   20.99 p99=   22.99 rps=  15.80
  s2s.crud.fetchAllTickets                      n=  158 err=   0 errRate=  0.00% avg=   15.73 min=   13.03 max=   30.77 p50=   13.87 p95=   20.69 p99=   22.75 rps=  15.80
window 30s
  calc.additional.maxViewersSummary             n=  472 err=   0 errRate=  0.00% avg=   18.46 min=   12.88 max=  101.84 p50=   13.95 p95=   33.96 p99=   88.10 rps=  15.73
  controller.AnalyticsController.maxViewersSummary n=  472 err=   0 errRate=  0.00% avg=   18.64 min=   13.01 max=  102.03 p50=   14.15 p95=   34.13 p99=   88.27 rps=  15.73
  s2s.crud.fetchAllTickets                      n=  472 err=   0 errRate=  0.00% avg=   18.19 min=   12.84 max=  101.79 p50=   13.89 p95=   30.82 p99=   88.05 rps=  15.73
  s2s.crud.fetchFilms                           n=    1 err=   0 errRate=  0.00% avg=   67.30 min=   67.30 max=   67.30 p50=   67.30 p95=   67.30 p99=   67.30 rps=   0.03
window 1m
  calc.additional.maxViewersSummary             n= 1201 err=   0 errRate=  0.00% avg=   28.04 min=   12.66 max=  814.17 p50=   13.96 p95=  110.16 p99=  172.98 rps=  20.02
  controller.AnalyticsController.maxViewersSummary n= 1201 err=   0 errRate=  0.00% avg=   28.21 min=   12.75 max=  814.49 p50=   14.13 p95=  110.38 p99=  173.15 rps=  20.02
  s2s.crud.fetchAllTickets                      n= 1201 err=   0 errRate=  0.00% avg=   27.20 min=   12.62 max=  226.91 p50=   13.91 p95=  110.09 p99=  172.94 rps=  20.02
  s2s.crud.fetchFilms                           n=    2 err=   0 errRate=  0.00% avg=  345.65 min=   67.30 max=  624.00 p50=  345.65 p95=  596.17 p99=  618.43 rps=   0.03

2026-05-06T21:05:41.937Z  INFO 1 --- [lab8-additional-service] [   scheduling-1] r.h.l.a.o.ObservabilityService           : [lab8-additional-service] observability refresh
window 10s
  calc.additional.maxViewersSummary             n=  160 err=   0 errRate=  0.00% avg=   15.86 min=   13.06 max=   30.83 p50=   13.94 p95=   20.74 p99=   22.76 rps=  16.00
  controller.AnalyticsController.maxViewersSummary n=  160 err=   0 errRate=  0.00% avg=   16.05 min=   13.17 max=   31.00 p50=   14.13 p95=   20.99 p99=   22.94 rps=  16.00
  s2s.crud.fetchAllTickets                      n=  160 err=   0 errRate=  0.00% avg=   15.80 min=   13.03 max=   30.77 p50=   13.89 p95=   20.68 p99=   22.71 rps=  16.00
window 30s
  calc.additional.maxViewersSummary             n=  478 err=   0 errRate=  0.00% avg=   16.72 min=   12.88 max=   84.92 p50=   13.92 p95=   21.48 p99=   45.72 rps=  15.93
  controller.AnalyticsController.maxViewersSummary n=  478 err=   0 errRate=  0.00% avg=   16.90 min=   13.01 max=   85.19 p50=   14.10 p95=   21.79 p99=   45.86 rps=  15.93
  s2s.crud.fetchAllTickets                      n=  478 err=   0 errRate=  0.00% avg=   16.45 min=   12.84 max=   73.74 p50=   13.86 p95=   21.30 p99=   41.35 rps=  15.93
  s2s.crud.fetchFilms                           n=    1 err=   0 errRate=  0.00% avg=   67.30 min=   67.30 max=   67.30 p50=   67.30 p95=   67.30 p99=   67.30 rps=   0.03
window 1m
  calc.additional.maxViewersSummary             n= 1009 err=   0 errRate=  0.00% avg=   30.71 min=   12.66 max=  814.17 p50=   14.12 p95=  133.26 p99=  179.92 rps=  16.82
  controller.AnalyticsController.maxViewersSummary n= 1009 err=   0 errRate=  0.00% avg=   30.88 min=   12.75 max=  814.49 p50=   14.31 p95=  133.51 p99=  180.15 rps=  16.82
  s2s.crud.fetchAllTickets                      n= 1009 err=   0 errRate=  0.00% avg=   29.71 min=   12.62 max=  226.91 p50=   14.07 p95=  133.20 p99=  179.88 rps=  16.82
  s2s.crud.fetchFilms                           n=    2 err=   0 errRate=  0.00% avg=  345.65 min=   67.30 max=  624.00 p50=  345.65 p95=  596.17 p99=  618.43 rps=   0.03

2026-05-06T21:05:42.938Z  INFO 1 --- [lab8-additional-service] [   scheduling-1] r.h.l.a.o.ObservabilityService           : [lab8-additional-service] observability refresh
window 10s
  calc.additional.maxViewersSummary             n=  164 err=   0 errRate=  0.00% avg=   15.79 min=   13.06 max=   30.83 p50=   13.95 p95=   20.51 p99=   22.67 rps=  16.40
  controller.AnalyticsController.maxViewersSummary n=  164 err=   0 errRate=  0.00% avg=   15.98 min=   13.17 max=   31.00 p50=   14.13 p95=   20.99 p99=   22.86 rps=  16.40
  s2s.crud.fetchAllTickets                      n=  164 err=   0 errRate=  0.00% avg=   15.74 min=   13.03 max=   30.77 p50=   13.91 p95=   20.45 p99=   22.62 rps=  16.40
window 30s
  calc.additional.maxViewersSummary             n=  483 err=   0 errRate=  0.00% avg=   16.14 min=   12.88 max=   84.92 p50=   13.89 p95=   20.73 p99=   27.48 rps=  16.10
  controller.AnalyticsController.maxViewersSummary n=  483 err=   0 errRate=  0.00% avg=   16.32 min=   13.01 max=   85.19 p50=   14.07 p95=   20.98 p99=   27.78 rps=  16.10
  s2s.crud.fetchAllTickets                      n=  483 err=   0 errRate=  0.00% avg=   15.87 min=   12.84 max=   44.58 p50=   13.83 p95=   20.66 p99=   22.86 rps=  16.10
  s2s.crud.fetchFilms                           n=    1 err=   0 errRate=  0.00% avg=   67.30 min=   67.30 max=   67.30 p50=   67.30 p95=   67.30 p99=   67.30 rps=   0.03
window 1m
  calc.additional.maxViewersSummary             n=  878 err=   0 errRate=  0.00% avg=   30.69 min=   12.66 max=  814.17 p50=   14.15 p95=  142.07 p99=  192.21 rps=  14.63
  controller.AnalyticsController.maxViewersSummary n=  878 err=   0 errRate=  0.00% avg=   30.87 min=   12.75 max=  814.49 p50=   14.33 p95=  142.19 p99=  192.48 rps=  14.63
  s2s.crud.fetchAllTickets                      n=  878 err=   0 errRate=  0.00% avg=   29.55 min=   12.62 max=  226.91 p50=   14.09 p95=  142.04 p99=  189.79 rps=  14.63
  s2s.crud.fetchFilms                           n=    2 err=   0 errRate=  0.00% avg=  345.65 min=   67.30 max=  624.00 p50=  345.65 p95=  596.17 p99=  618.43 rps=   0.03

2026-05-06T21:05:43.939Z  INFO 1 --- [lab8-additional-service] [   scheduling-1] r.h.l.a.o.ObservabilityService           : [lab8-additional-service] observability refresh
window 10s
  calc.additional.maxViewersSummary             n=  163 err=   0 errRate=  0.00% avg=   15.75 min=   13.08 max=   30.83 p50=   13.94 p95=   20.41 p99=   22.69 rps=  16.30
  controller.AnalyticsController.maxViewersSummary n=  163 err=   0 errRate=  0.00% avg=   15.94 min=   13.21 max=   31.00 p50=   14.10 p95=   20.67 p99=   22.88 rps=  16.30
  s2s.crud.fetchAllTickets                      n=  163 err=   0 errRate=  0.00% avg=   15.70 min=   13.04 max=   30.77 p50=   13.89 p95=   20.37 p99=   22.64 rps=  16.30
window 30s
  calc.additional.maxViewersSummary             n=  483 err=   0 errRate=  0.00% avg=   16.12 min=   12.88 max=   84.92 p50=   13.88 p95=   20.73 p99=   27.48 rps=  16.10
  controller.AnalyticsController.maxViewersSummary n=  483 err=   0 errRate=  0.00% avg=   16.29 min=   13.01 max=   85.19 p50=   14.06 p95=   20.98 p99=   27.78 rps=  16.10
  s2s.crud.fetchAllTickets                      n=  483 err=   0 errRate=  0.00% avg=   15.85 min=   12.84 max=   44.58 p50=   13.83 p95=   20.66 p99=   22.86 rps=  16.10
  s2s.crud.fetchFilms                           n=    1 err=   0 errRate=  0.00% avg=   67.30 min=   67.30 max=   67.30 p50=   67.30 p95=   67.30 p99=   67.30 rps=   0.03
window 1m
  calc.additional.maxViewersSummary             n=  857 err=   0 errRate=  0.00% avg=   25.19 min=   12.66 max=  814.17 p50=   14.04 p95=   85.58 p99=  178.84 rps=  14.28
  controller.AnalyticsController.maxViewersSummary n=  857 err=   0 errRate=  0.00% avg=   25.37 min=   12.75 max=  814.49 p50=   14.25 p95=   85.75 p99=  179.02 rps=  14.28
  s2s.crud.fetchAllTickets                      n=  857 err=   0 errRate=  0.00% avg=   24.03 min=   12.62 max=  226.91 p50=   13.96 p95=   85.53 p99=  175.72 rps=  14.28
  s2s.crud.fetchFilms                           n=    2 err=   0 errRate=  0.00% avg=  345.65 min=   67.30 max=  624.00 p50=  345.65 p95=  596.17 p99=  618.43 rps=   0.03

2026-05-06T21:05:44.940Z  INFO 1 --- [lab8-additional-service] [   scheduling-1] r.h.l.a.o.ObservabilityService           : [lab8-additional-service] observability refresh
window 10s
  calc.additional.maxViewersSummary             n=  155 err=   0 errRate=  0.00% avg=   15.74 min=   13.08 max=   29.77 p50=   13.93 p95=   20.45 p99=   25.17 rps=  15.50
  controller.AnalyticsController.maxViewersSummary n=  155 err=   0 errRate=  0.00% avg=   15.93 min=   13.21 max=   30.03 p50=   14.07 p95=   20.77 p99=   25.33 rps=  15.50
  s2s.crud.fetchAllTickets                      n=  155 err=   0 errRate=  0.00% avg=   15.69 min=   13.04 max=   29.72 p50=   13.87 p95=   20.40 p99=   25.11 rps=  15.50
window 30s
  calc.additional.maxViewersSummary             n=  478 err=   0 errRate=  0.00% avg=   16.11 min=   12.88 max=   84.92 p50=   13.88 p95=   20.68 p99=   27.44 rps=  15.93
  controller.AnalyticsController.maxViewersSummary n=  478 err=   0 errRate=  0.00% avg=   16.29 min=   13.01 max=   85.19 p50=   14.05 p95=   20.93 p99=   27.76 rps=  15.93
  s2s.crud.fetchAllTickets                      n=  478 err=   0 errRate=  0.00% avg=   15.84 min=   12.84 max=   44.58 p50=   13.82 p95=   20.61 p99=   24.55 rps=  15.93
  s2s.crud.fetchFilms                           n=    1 err=   0 errRate=  0.00% avg=   67.30 min=   67.30 max=   67.30 p50=   67.30 p95=   67.30 p99=   67.30 rps=   0.03
window 1m
  calc.additional.maxViewersSummary             n=  868 err=   0 errRate=  0.00% avg=   25.11 min=   12.66 max=  814.17 p50=   14.05 p95=   85.31 p99=  175.32 rps=  14.47
  controller.AnalyticsController.maxViewersSummary n=  868 err=   0 errRate=  0.00% avg=   25.29 min=   12.75 max=  814.49 p50=   14.25 p95=   85.51 p99=  175.50 rps=  14.47
  s2s.crud.fetchAllTickets                      n=  868 err=   0 errRate=  0.00% avg=   23.96 min=   12.62 max=  226.91 p50=   13.98 p95=   85.13 p99=  172.97 rps=  14.47
  s2s.crud.fetchFilms                           n=    2 err=   0 errRate=  0.00% avg=  345.65 min=   67.30 max=  624.00 p50=  345.65 p95=  596.17 p99=  618.43 rps=   0.03

2026-05-06T21:05:45.942Z  INFO 1 --- [lab8-additional-service] [   scheduling-1] r.h.l.a.o.ObservabilityService           : [lab8-additional-service] observability refresh
window 10s
  calc.additional.maxViewersSummary             n=  151 err=   0 errRate=  0.00% avg=   16.82 min=   13.08 max=   87.52 p50=   13.94 p95=   20.67 p99=   55.09 rps=  15.10
  controller.AnalyticsController.maxViewersSummary n=  151 err=   0 errRate=  0.00% avg=   17.01 min=   13.21 max=   87.84 p50=   14.10 p95=   21.15 p99=   55.31 rps=  15.10
  s2s.crud.fetchAllTickets                      n=  151 err=   0 errRate=  0.00% avg=   15.82 min=   13.04 max=   29.72 p50=   13.89 p95=   20.41 p99=   24.13 rps=  15.10
  s2s.crud.fetchFilms                           n=    1 err=   0 errRate=  0.00% avg=   66.29 min=   66.29 max=   66.29 p50=   66.29 p95=   66.29 p99=   66.29 rps=   0.10
window 30s
  calc.additional.maxViewersSummary             n=  477 err=   0 errRate=  0.00% avg=   16.21 min=   12.88 max=   87.52 p50=   13.89 p95=   20.72 p99=   30.02 rps=  15.90
  controller.AnalyticsController.maxViewersSummary n=  477 err=   0 errRate=  0.00% avg=   16.39 min=   13.01 max=   87.84 p50=   14.06 p95=   20.97 p99=   30.26 rps=  15.90
  s2s.crud.fetchAllTickets                      n=  477 err=   0 errRate=  0.00% avg=   15.85 min=   12.84 max=   44.58 p50=   13.83 p95=   20.57 p99=   24.57 rps=  15.90
  s2s.crud.fetchFilms                           n=    1 err=   0 errRate=  0.00% avg=   66.29 min=   66.29 max=   66.29 p50=   66.29 p95=   66.29 p99=   66.29 rps=   0.03
window 1m
  calc.additional.maxViewersSummary             n=  878 err=   0 errRate=  0.00% avg=   23.82 min=   12.66 max=  226.97 p50=   14.07 p95=   84.62 p99=  158.37 rps=  14.63
  controller.AnalyticsController.maxViewersSummary n=  878 err=   0 errRate=  0.00% avg=   24.00 min=   12.75 max=  227.26 p50=   14.26 p95=   84.74 p99=  158.63 rps=  14.63
  s2s.crud.fetchAllTickets                      n=  878 err=   0 errRate=  0.00% avg=   23.49 min=   12.62 max=  226.91 p50=   13.99 p95=   81.19 p99=  158.31 rps=  14.63
  s2s.crud.fetchFilms                           n=    2 err=   0 errRate=  0.00% avg=   66.79 min=   66.29 max=   67.30 p50=   66.79 p95=   67.25 p99=   67.29 rps=   0.03

2026-05-06T21:05:46.793Z  INFO 1 --- [lab8-additional-service] [   scheduling-1] r.h.l.a.service.FilmCacheService         : film-cache stats: size=310 ttlMs=30000 lastRefreshAtMs=1778101545293 hits=35864 misses=9 refreshes=9
2026-05-06T21:05:46.943Z  INFO 1 --- [lab8-additional-service] [   scheduling-1] r.h.l.a.o.ObservabilityService           : [lab8-additional-service] observability refresh
window 10s
  calc.additional.maxViewersSummary             n=  154 err=   0 errRate=  0.00% avg=   16.78 min=   13.08 max=   87.52 p50=   13.93 p95=   20.50 p99=   54.71 rps=  15.40
  controller.AnalyticsController.maxViewersSummary n=  154 err=   0 errRate=  0.00% avg=   16.97 min=   13.21 max=   87.84 p50=   14.08 p95=   21.08 p99=   54.93 rps=  15.40
  s2s.crud.fetchAllTickets                      n=  154 err=   0 errRate=  0.00% avg=   15.80 min=   13.04 max=   29.72 p50=   13.88 p95=   20.38 p99=   23.99 rps=  15.40
  s2s.crud.fetchFilms                           n=    1 err=   0 errRate=  0.00% avg=   66.29 min=   66.29 max=   66.29 p50=   66.29 p95=   66.29 p99=   66.29 rps=   0.10
window 30s
  calc.additional.maxViewersSummary             n=  471 err=   0 errRate=  0.00% avg=   16.21 min=   12.88 max=   87.52 p50=   13.91 p95=   20.69 p99=   27.65 rps=  15.70
  controller.AnalyticsController.maxViewersSummary n=  471 err=   0 errRate=  0.00% avg=   16.38 min=   13.01 max=   87.84 p50=   14.09 p95=   20.92 p99=   27.96 rps=  15.70
  s2s.crud.fetchAllTickets                      n=  471 err=   0 errRate=  0.00% avg=   15.85 min=   12.84 max=   30.77 p50=   13.86 p95=   20.56 p99=   23.02 rps=  15.70
  s2s.crud.fetchFilms                           n=    1 err=   0 errRate=  0.00% avg=   66.29 min=   66.29 max=   66.29 p50=   66.29 p95=   66.29 p99=   66.29 rps=   0.03
window 1m
  calc.additional.maxViewersSummary             n=  890 err=   0 errRate=  0.00% avg=   23.26 min=   12.66 max=  226.97 p50=   14.04 p95=   78.23 p99=  157.49 rps=  14.83
  controller.AnalyticsController.maxViewersSummary n=  890 err=   0 errRate=  0.00% avg=   23.44 min=   12.75 max=  227.26 p50=   14.25 p95=   78.40 p99=  157.69 rps=  14.83
  s2s.crud.fetchAllTickets                      n=  890 err=   0 errRate=  0.00% avg=   22.93 min=   12.62 max=  226.91 p50=   13.98 p95=   73.58 p99=  157.44 rps=  14.83
  s2s.crud.fetchFilms                           n=    2 err=   0 errRate=  0.00% avg=   66.79 min=   66.29 max=   67.30 p50=   66.79 p95=   67.25 p99=   67.29 rps=   0.03

2026-05-06T21:05:47.944Z  INFO 1 --- [lab8-additional-service] [   scheduling-1] r.h.l.a.o.ObservabilityService           : [lab8-additional-service] observability refresh
window 10s
  calc.additional.maxViewersSummary             n=  146 err=   0 errRate=  0.00% avg=   16.90 min=   13.08 max=   87.52 p50=   13.94 p95=   20.43 p99=   55.72 rps=  14.60
  controller.AnalyticsController.maxViewersSummary n=  146 err=   0 errRate=  0.00% avg=   17.09 min=   13.21 max=   87.84 p50=   14.10 p95=   20.91 p99=   55.94 rps=  14.60
  s2s.crud.fetchAllTickets                      n=  146 err=   0 errRate=  0.00% avg=   15.87 min=   13.04 max=   29.72 p50=   13.89 p95=   20.31 p99=   23.89 rps=  14.60
  s2s.crud.fetchFilms                           n=    1 err=   0 errRate=  0.00% avg=   66.29 min=   66.29 max=   66.29 p50=   66.29 p95=   66.29 p99=   66.29 rps=   0.10
window 30s
  calc.additional.maxViewersSummary             n=  466 err=   0 errRate=  0.00% avg=   16.22 min=   12.88 max=   87.52 p50=   13.91 p95=   20.70 p99=   27.80 rps=  15.53
  controller.AnalyticsController.maxViewersSummary n=  466 err=   0 errRate=  0.00% avg=   16.40 min=   13.01 max=   87.84 p50=   14.09 p95=   20.92 p99=   28.11 rps=  15.53
  s2s.crud.fetchAllTickets                      n=  466 err=   0 errRate=  0.00% avg=   15.86 min=   12.84 max=   30.77 p50=   13.86 p95=   20.56 p99=   23.09 rps=  15.53
  s2s.crud.fetchFilms                           n=    1 err=   0 errRate=  0.00% avg=   66.29 min=   66.29 max=   66.29 p50=   66.29 p95=   66.29 p99=   66.29 rps=   0.03
window 1m
  calc.additional.maxViewersSummary             n=  898 err=   0 errRate=  0.00% avg=   22.81 min=   12.66 max=  226.97 p50=   14.03 p95=   73.04 p99=  144.86 rps=  14.97
  controller.AnalyticsController.maxViewersSummary n=  898 err=   0 errRate=  0.00% avg=   22.99 min=   12.75 max=  227.26 p50=   14.24 p95=   73.26 p99=  145.12 rps=  14.97
  s2s.crud.fetchAllTickets                      n=  898 err=   0 errRate=  0.00% avg=   22.48 min=   12.62 max=  226.91 p50=   13.97 p95=   68.88 p99=  144.81 rps=  14.97
  s2s.crud.fetchFilms                           n=    2 err=   0 errRate=  0.00% avg=   66.79 min=   66.29 max=   67.30 p50=   66.79 p95=   67.25 p99=   67.29 rps=   0.03

2026-05-06T21:05:48.945Z  INFO 1 --- [lab8-additional-service] [   scheduling-1] r.h.l.a.o.ObservabilityService           : [lab8-additional-service] observability refresh
window 10s
  calc.additional.maxViewersSummary             n=  145 err=   0 errRate=  0.00% avg=   16.87 min=   12.90 max=   87.52 p50=   13.90 p95=   20.42 p99=   55.85 rps=  14.50
  controller.AnalyticsController.maxViewersSummary n=  145 err=   0 errRate=  0.00% avg=   17.05 min=   13.00 max=   87.84 p50=   14.09 p95=   20.65 p99=   56.06 rps=  14.50
  s2s.crud.fetchAllTickets                      n=  145 err=   0 errRate=  0.00% avg=   15.84 min=   12.87 max=   29.72 p50=   13.87 p95=   20.19 p99=   23.94 rps=  14.50
  s2s.crud.fetchFilms                           n=    1 err=   0 errRate=  0.00% avg=   66.29 min=   66.29 max=   66.29 p50=   66.29 p95=   66.29 p99=   66.29 rps=   0.10
window 30s
  calc.additional.maxViewersSummary             n=  453 err=   0 errRate=  0.00% avg=   16.23 min=   12.88 max=   87.52 p50=   13.88 p95=   20.72 p99=   28.19 rps=  15.10
  controller.AnalyticsController.maxViewersSummary n=  453 err=   0 errRate=  0.00% avg=   16.41 min=   13.00 max=   87.84 p50=   14.06 p95=   20.94 p99=   28.50 rps=  15.10
  s2s.crud.fetchAllTickets                      n=  453 err=   0 errRate=  0.00% avg=   15.86 min=   12.84 max=   30.77 p50=   13.83 p95=   20.58 p99=   23.27 rps=  15.10
  s2s.crud.fetchFilms                           n=    1 err=   0 errRate=  0.00% avg=   66.29 min=   66.29 max=   66.29 p50=   66.29 p95=   66.29 p99=   66.29 rps=   0.03
window 1m
  calc.additional.maxViewersSummary             n=  903 err=   0 errRate=  0.00% avg=   21.97 min=   12.66 max=  226.97 p50=   13.99 p95=   63.16 p99=  123.95 rps=  15.05
  controller.AnalyticsController.maxViewersSummary n=  903 err=   0 errRate=  0.00% avg=   22.15 min=   12.75 max=  227.26 p50=   14.18 p95=   63.36 p99=  124.08 rps=  15.05
  s2s.crud.fetchAllTickets                      n=  903 err=   0 errRate=  0.00% avg=   21.64 min=   12.62 max=  226.91 p50=   13.93 p95=   62.44 p99=  123.92 rps=  15.05
  s2s.crud.fetchFilms                           n=    2 err=   0 errRate=  0.00% avg=   66.79 min=   66.29 max=   67.30 p50=   66.79 p95=   67.25 p99=   67.29 rps=   0.03

2026-05-06T21:05:49.946Z  INFO 1 --- [lab8-additional-service] [   scheduling-1] r.h.l.a.o.ObservabilityService           : [lab8-additional-service] observability refresh
window 10s
  calc.additional.maxViewersSummary             n=  150 err=   0 errRate=  0.00% avg=   16.69 min=   12.90 max=   87.52 p50=   13.82 p95=   20.30 p99=   55.22 rps=  15.00
  controller.AnalyticsController.maxViewersSummary n=  150 err=   0 errRate=  0.00% avg=   16.86 min=   13.00 max=   87.84 p50=   13.99 p95=   20.57 p99=   55.43 rps=  15.00
  s2s.crud.fetchAllTickets                      n=  150 err=   0 errRate=  0.00% avg=   15.69 min=   12.87 max=   29.72 p50=   13.79 p95=   20.18 p99=   23.66 rps=  15.00
  s2s.crud.fetchFilms                           n=    1 err=   0 errRate=  0.00% avg=   66.29 min=   66.29 max=   66.29 p50=   66.29 p95=   66.29 p99=   66.29 rps=   0.10
window 30s
  calc.additional.maxViewersSummary             n=  461 err=   0 errRate=  0.00% avg=   16.15 min=   12.88 max=   87.52 p50=   13.86 p95=   20.67 p99=   27.95 rps=  15.37
  controller.AnalyticsController.maxViewersSummary n=  461 err=   0 errRate=  0.00% avg=   16.32 min=   13.00 max=   87.84 p50=   14.04 p95=   20.91 p99=   28.26 rps=  15.37
  s2s.crud.fetchAllTickets                      n=  461 err=   0 errRate=  0.00% avg=   15.79 min=   12.84 max=   30.77 p50=   13.80 p95=   20.56 p99=   23.16 rps=  15.37
  s2s.crud.fetchFilms                           n=    1 err=   0 errRate=  0.00% avg=   66.29 min=   66.29 max=   66.29 p50=   66.29 p95=   66.29 p99=   66.29 rps=   0.03
window 1m
  calc.additional.maxViewersSummary             n=  917 err=   0 errRate=  0.00% avg=   21.59 min=   12.66 max=  226.97 p50=   13.97 p95=   62.30 p99=  106.71 rps=  15.28
  controller.AnalyticsController.maxViewersSummary n=  917 err=   0 errRate=  0.00% avg=   21.77 min=   12.75 max=  227.26 p50=   14.15 p95=   62.52 p99=  106.87 rps=  15.28
  s2s.crud.fetchAllTickets                      n=  917 err=   0 errRate=  0.00% avg=   21.27 min=   12.62 max=  226.91 p50=   13.92 p95=   59.71 p99=  106.66 rps=  15.28
  s2s.crud.fetchFilms                           n=    2 err=   0 errRate=  0.00% avg=   66.79 min=   66.29 max=   67.30 p50=   66.79 p95=   67.25 p99=   67.29 rps=   0.03

2026-05-06T21:05:50.947Z  INFO 1 --- [lab8-additional-service] [   scheduling-1] r.h.l.a.o.ObservabilityService           : [lab8-additional-service] observability refresh
window 10s
  calc.additional.maxViewersSummary             n=  149 err=   0 errRate=  0.00% avg=   16.87 min=   12.90 max=   87.52 p50=   13.84 p95=   20.30 p99=   55.34 rps=  14.90
  controller.AnalyticsController.maxViewersSummary n=  149 err=   0 errRate=  0.00% avg=   17.04 min=   13.00 max=   87.84 p50=   14.00 p95=   20.57 p99=   55.56 rps=  14.90
  s2s.crud.fetchAllTickets                      n=  149 err=   0 errRate=  0.00% avg=   15.86 min=   12.87 max=   29.72 p50=   13.80 p95=   20.18 p99=   23.72 rps=  14.90
  s2s.crud.fetchFilms                           n=    1 err=   0 errRate=  0.00% avg=   66.29 min=   66.29 max=   66.29 p50=   66.29 p95=   66.29 p99=   66.29 rps=   0.10
window 30s
  calc.additional.maxViewersSummary             n=  456 err=   0 errRate=  0.00% avg=   16.17 min=   12.88 max=   87.52 p50=   13.86 p95=   20.62 p99=   28.10 rps=  15.20
  controller.AnalyticsController.maxViewersSummary n=  456 err=   0 errRate=  0.00% avg=   16.34 min=   13.00 max=   87.84 p50=   14.04 p95=   20.85 p99=   28.41 rps=  15.20
  s2s.crud.fetchAllTickets                      n=  456 err=   0 errRate=  0.00% avg=   15.80 min=   12.84 max=   30.77 p50=   13.80 p95=   20.52 p99=   23.23 rps=  15.20
  s2s.crud.fetchFilms                           n=    1 err=   0 errRate=  0.00% avg=   66.29 min=   66.29 max=   66.29 p50=   66.29 p95=   66.29 p99=   66.29 rps=   0.03
window 1m
  calc.additional.maxViewersSummary             n=  906 err=   0 errRate=  0.00% avg=   21.71 min=   12.66 max=  226.97 p50=   14.00 p95=   62.45 p99=  107.35 rps=  15.10
  controller.AnalyticsController.maxViewersSummary n=  906 err=   0 errRate=  0.00% avg=   21.89 min=   12.75 max=  227.26 p50=   14.19 p95=   62.63 p99=  107.50 rps=  15.10
  s2s.crud.fetchAllTickets                      n=  906 err=   0 errRate=  0.00% avg=   21.38 min=   12.62 max=  226.91 p50=   13.94 p95=   60.90 p99=  107.30 rps=  15.10
  s2s.crud.fetchFilms                           n=    2 err=   0 errRate=  0.00% avg=   66.79 min=   66.29 max=   67.30 p50=   66.79 p95=   67.25 p99=   67.29 rps=   0.03

2026-05-06T21:05:51.948Z  INFO 1 --- [lab8-additional-service] [   scheduling-1] r.h.l.a.o.ObservabilityService           : [lab8-additional-service] observability refresh
window 10s
  calc.additional.maxViewersSummary             n=  143 err=   0 errRate=  0.00% avg=   16.97 min=   12.90 max=   87.52 p50=   13.81 p95=   20.33 p99=   56.10 rps=  14.30
  controller.AnalyticsController.maxViewersSummary n=  143 err=   0 errRate=  0.00% avg=   17.13 min=   13.00 max=   87.84 p50=   13.96 p95=   20.59 p99=   56.31 rps=  14.30
  s2s.crud.fetchAllTickets                      n=  143 err=   0 errRate=  0.00% avg=   15.92 min=   12.87 max=   29.72 p50=   13.77 p95=   20.19 p99=   27.32 rps=  14.30
  s2s.crud.fetchFilms                           n=    1 err=   0 errRate=  0.00% avg=   66.29 min=   66.29 max=   66.29 p50=   66.29 p95=   66.29 p99=   66.29 rps=   0.10
window 30s
  calc.additional.maxViewersSummary             n=  463 err=   0 errRate=  0.00% avg=   16.14 min=   12.88 max=   87.52 p50=   13.84 p95=   20.60 p99=   28.67 rps=  15.43
  controller.AnalyticsController.maxViewersSummary n=  463 err=   0 errRate=  0.00% avg=   16.31 min=   13.00 max=   87.84 p50=   14.02 p95=   20.83 p99=   28.85 rps=  15.43
  s2s.crud.fetchAllTickets                      n=  463 err=   0 errRate=  0.00% avg=   15.77 min=   12.84 max=   30.77 p50=   13.79 p95=   20.51 p99=   24.91 rps=  15.43
  s2s.crud.fetchFilms                           n=    1 err=   0 errRate=  0.00% avg=   66.29 min=   66.29 max=   66.29 p50=   66.29 p95=   66.29 p99=   66.29 rps=   0.03
window 1m
  calc.additional.maxViewersSummary             n=  905 err=   0 errRate=  0.00% avg=   21.73 min=   12.66 max=  226.97 p50=   14.00 p95=   62.47 p99=  107.40 rps=  15.08
  controller.AnalyticsController.maxViewersSummary n=  905 err=   0 errRate=  0.00% avg=   21.91 min=   12.75 max=  227.26 p50=   14.20 p95=   62.64 p99=  107.56 rps=  15.08
  s2s.crud.fetchAllTickets                      n=  905 err=   0 errRate=  0.00% avg=   21.41 min=   12.62 max=  226.91 p50=   13.94 p95=   61.01 p99=  107.35 rps=  15.08
  s2s.crud.fetchFilms                           n=    2 err=   0 errRate=  0.00% avg=   66.79 min=   66.29 max=   67.30 p50=   66.79 p95=   67.25 p99=   67.29 rps=   0.03

2026-05-06T21:05:52.949Z  INFO 1 --- [lab8-additional-service] [   scheduling-1] r.h.l.a.o.ObservabilityService           : [lab8-additional-service] observability refresh
window 10s
  calc.additional.maxViewersSummary             n=  141 err=   0 errRate=  0.00% avg=   17.05 min=   12.90 max=   87.52 p50=   13.72 p95=   20.87 p99=   56.35 rps=  14.10
  controller.AnalyticsController.maxViewersSummary n=  141 err=   0 errRate=  0.00% avg=   17.21 min=   13.00 max=   87.84 p50=   13.94 p95=   21.03 p99=   56.57 rps=  14.10
  s2s.crud.fetchAllTickets                      n=  141 err=   0 errRate=  0.00% avg=   15.98 min=   12.87 max=   29.72 p50=   13.68 p95=   20.31 p99=   27.35 rps=  14.10
  s2s.crud.fetchFilms                           n=    1 err=   0 errRate=  0.00% avg=   66.29 min=   66.29 max=   66.29 p50=   66.29 p95=   66.29 p99=   66.29 rps=   0.10
window 30s
  calc.additional.maxViewersSummary             n=  468 err=   0 errRate=  0.00% avg=   16.11 min=   12.88 max=   87.52 p50=   13.83 p95=   20.66 p99=   28.58 rps=  15.60
  controller.AnalyticsController.maxViewersSummary n=  468 err=   0 errRate=  0.00% avg=   16.28 min=   13.00 max=   87.84 p50=   14.00 p95=   20.89 p99=   28.76 rps=  15.60
  s2s.crud.fetchAllTickets                      n=  468 err=   0 errRate=  0.00% avg=   15.75 min=   12.84 max=   30.77 p50=   13.79 p95=   20.56 p99=   24.79 rps=  15.60
  s2s.crud.fetchFilms                           n=    1 err=   0 errRate=  0.00% avg=   66.29 min=   66.29 max=   66.29 p50=   66.29 p95=   66.29 p99=   66.29 rps=   0.03
window 1m
  calc.additional.maxViewersSummary             n=  899 err=   0 errRate=  0.00% avg=   21.79 min=   12.66 max=  226.97 p50=   14.04 p95=   62.52 p99=  107.90 rps=  14.98
  controller.AnalyticsController.maxViewersSummary n=  899 err=   0 errRate=  0.00% avg=   21.97 min=   12.75 max=  227.26 p50=   14.23 p95=   62.68 p99=  108.06 rps=  14.98
  s2s.crud.fetchAllTickets                      n=  899 err=   0 errRate=  0.00% avg=   21.47 min=   12.62 max=  226.91 p50=   13.98 p95=   61.51 p99=  107.86 rps=  14.98
  s2s.crud.fetchFilms                           n=    2 err=   0 errRate=  0.00% avg=   66.79 min=   66.29 max=   67.30 p50=   66.79 p95=   67.25 p99=   67.29 rps=   0.03

2026-05-06T21:05:53.950Z  INFO 1 --- [lab8-additional-service] [   scheduling-1] r.h.l.a.o.ObservabilityService           : [lab8-additional-service] observability refresh
window 10s
  calc.additional.maxViewersSummary             n=  143 err=   0 errRate=  0.00% avg=   17.11 min=   12.90 max=   87.52 p50=   13.79 p95=   20.84 p99=   56.10 rps=  14.30
  controller.AnalyticsController.maxViewersSummary n=  143 err=   0 errRate=  0.00% avg=   17.28 min=   13.00 max=   87.84 p50=   13.96 p95=   21.01 p99=   56.31 rps=  14.30
  s2s.crud.fetchAllTickets                      n=  143 err=   0 errRate=  0.00% avg=   16.07 min=   12.87 max=   29.72 p50=   13.74 p95=   20.58 p99=   27.32 rps=  14.30
  s2s.crud.fetchFilms                           n=    1 err=   0 errRate=  0.00% avg=   66.29 min=   66.29 max=   66.29 p50=   66.29 p95=   66.29 p99=   66.29 rps=   0.10
window 30s
  calc.additional.maxViewersSummary             n=  460 err=   0 errRate=  0.00% avg=   16.16 min=   12.88 max=   87.52 p50=   13.84 p95=   20.65 p99=   28.72 rps=  15.33
  controller.AnalyticsController.maxViewersSummary n=  460 err=   0 errRate=  0.00% avg=   16.33 min=   13.00 max=   87.84 p50=   14.02 p95=   20.86 p99=   28.91 rps=  15.33
  s2s.crud.fetchAllTickets                      n=  460 err=   0 errRate=  0.00% avg=   15.79 min=   12.84 max=   30.77 p50=   13.79 p95=   20.56 p99=   24.99 rps=  15.33
  s2s.crud.fetchFilms                           n=    1 err=   0 errRate=  0.00% avg=   66.29 min=   66.29 max=   66.29 p50=   66.29 p95=   66.29 p99=   66.29 rps=   0.03
window 1m
  calc.additional.maxViewersSummary             n=  901 err=   0 errRate=  0.00% avg=   21.79 min=   12.85 max=  226.97 p50=   14.04 p95=   62.52 p99=  107.63 rps=  15.02
  controller.AnalyticsController.maxViewersSummary n=  901 err=   0 errRate=  0.00% avg=   21.97 min=   12.95 max=  227.26 p50=   14.25 p95=   62.68 p99=  107.79 rps=  15.02
  s2s.crud.fetchAllTickets                      n=  901 err=   0 errRate=  0.00% avg=   21.47 min=   12.82 max=  226.91 p50=   13.99 p95=   61.44 p99=  107.59 rps=  15.02
  s2s.crud.fetchFilms                           n=    2 err=   0 errRate=  0.00% avg=   66.79 min=   66.29 max=   67.30 p50=   66.79 p95=   67.25 p99=   67.29 rps=   0.03

2026-05-06T21:05:54.952Z  INFO 1 --- [lab8-additional-service] [   scheduling-1] r.h.l.a.o.ObservabilityService           : [lab8-additional-service] observability refresh
window 10s
  calc.additional.maxViewersSummary             n=  152 err=   0 errRate=  0.00% avg=   16.76 min=   12.90 max=   87.52 p50=   13.73 p95=   20.60 p99=   54.96 rps=  15.20
  controller.AnalyticsController.maxViewersSummary n=  152 err=   0 errRate=  0.00% avg=   16.92 min=   13.00 max=   87.84 p50=   13.95 p95=   20.80 p99=   55.18 rps=  15.20
  s2s.crud.fetchAllTickets                      n=  152 err=   0 errRate=  0.00% avg=   15.77 min=   12.87 max=   27.96 p50=   13.68 p95=   20.28 p99=   21.93 rps=  15.20
  s2s.crud.fetchFilms                           n=    1 err=   0 errRate=  0.00% avg=   66.29 min=   66.29 max=   66.29 p50=   66.29 p95=   66.29 p99=   66.29 rps=   0.10
window 30s
  calc.additional.maxViewersSummary             n=  466 err=   0 errRate=  0.00% avg=   16.17 min=   12.88 max=   87.52 p50=   13.86 p95=   20.64 p99=   28.62 rps=  15.53
  controller.AnalyticsController.maxViewersSummary n=  466 err=   0 errRate=  0.00% avg=   16.35 min=   13.00 max=   87.84 p50=   14.04 p95=   20.85 p99=   28.79 rps=  15.53
  s2s.crud.fetchAllTickets                      n=  466 err=   0 errRate=  0.00% avg=   15.81 min=   12.84 max=   30.77 p50=   13.80 p95=   20.56 p99=   24.84 rps=  15.53
  s2s.crud.fetchFilms                           n=    1 err=   0 errRate=  0.00% avg=   66.29 min=   66.29 max=   66.29 p50=   66.29 p95=   66.29 p99=   66.29 rps=   0.03
window 1m
  calc.additional.maxViewersSummary             n=  903 err=   0 errRate=  0.00% avg=   21.76 min=   12.85 max=  226.97 p50=   14.04 p95=   62.49 p99=  107.52 rps=  15.05
  controller.AnalyticsController.maxViewersSummary n=  903 err=   0 errRate=  0.00% avg=   21.94 min=   12.95 max=  227.26 p50=   14.25 p95=   62.66 p99=  107.67 rps=  15.05
  s2s.crud.fetchAllTickets                      n=  903 err=   0 errRate=  0.00% avg=   21.44 min=   12.82 max=  226.91 p50=   13.99 p95=   61.22 p99=  107.47 rps=  15.05
  s2s.crud.fetchFilms                           n=    2 err=   0 errRate=  0.00% avg=   66.79 min=   66.29 max=   67.30 p50=   66.79 p95=   67.25 p99=   67.29 rps=   0.03

2026-05-06T21:05:55.953Z  INFO 1 --- [lab8-additional-service] [   scheduling-1] r.h.l.a.o.ObservabilityService           : [lab8-additional-service] observability refresh
window 10s
  calc.additional.maxViewersSummary             n=  162 err=   0 errRate=  0.00% avg=   15.52 min=   12.90 max=   28.00 p50=   13.68 p95=   20.29 p99=   21.75 rps=  16.20
  controller.AnalyticsController.maxViewersSummary n=  162 err=   0 errRate=  0.00% avg=   15.68 min=   13.00 max=   28.13 p50=   13.87 p95=   20.44 p99=   21.94 rps=  16.20
  s2s.crud.fetchAllTickets                      n=  162 err=   0 errRate=  0.00% avg=   15.47 min=   12.87 max=   27.96 p50=   13.64 p95=   20.26 p99=   21.70 rps=  16.20
window 30s
  calc.additional.maxViewersSummary             n=  475 err=   0 errRate=  0.00% avg=   16.08 min=   12.88 max=   87.52 p50=   13.83 p95=   20.64 p99=   28.46 rps=  15.83
  controller.AnalyticsController.maxViewersSummary n=  475 err=   0 errRate=  0.00% avg=   16.26 min=   13.00 max=   87.84 p50=   13.99 p95=   20.84 p99=   28.62 rps=  15.83
  s2s.crud.fetchAllTickets                      n=  475 err=   0 errRate=  0.00% avg=   15.73 min=   12.84 max=   30.77 p50=   13.78 p95=   20.56 p99=   24.62 rps=  15.83
  s2s.crud.fetchFilms                           n=    1 err=   0 errRate=  0.00% avg=   66.29 min=   66.29 max=   66.29 p50=   66.29 p95=   66.29 p99=   66.29 rps=   0.03
window 1m
  calc.additional.maxViewersSummary             n=  900 err=   0 errRate=  0.00% avg=   21.76 min=   12.88 max=  226.97 p50=   14.04 p95=   62.52 p99=  107.77 rps=  15.00
  controller.AnalyticsController.maxViewersSummary n=  900 err=   0 errRate=  0.00% avg=   21.94 min=   12.98 max=  227.26 p50=   14.23 p95=   62.68 p99=  107.92 rps=  15.00
  s2s.crud.fetchAllTickets                      n=  900 err=   0 errRate=  0.00% avg=   21.44 min=   12.84 max=  226.91 p50=   13.98 p95=   61.47 p99=  107.72 rps=  15.00
  s2s.crud.fetchFilms                           n=    2 err=   0 errRate=  0.00% avg=   66.79 min=   66.29 max=   67.30 p50=   66.79 p95=   67.25 p99=   67.29 rps=   0.03

2026-05-06T21:05:56.793Z  INFO 1 --- [lab8-additional-service] [   scheduling-1] r.h.l.a.service.FilmCacheService         : film-cache stats: size=310 ttlMs=30000 lastRefreshAtMs=1778101545293 hits=36023 misses=9 refreshes=9
2026-05-06T21:05:56.954Z  INFO 1 --- [lab8-additional-service] [   scheduling-1] r.h.l.a.o.ObservabilityService           : [lab8-additional-service] observability refresh
window 10s
  calc.additional.maxViewersSummary             n=  160 err=   0 errRate=  0.00% avg=   15.47 min=   12.90 max=   28.00 p50=   13.67 p95=   20.34 p99=   21.80 rps=  16.00
  controller.AnalyticsController.maxViewersSummary n=  160 err=   0 errRate=  0.00% avg=   15.63 min=   13.00 max=   28.13 p50=   13.83 p95=   20.60 p99=   21.99 rps=  16.00
  s2s.crud.fetchAllTickets                      n=  160 err=   0 errRate=  0.00% avg=   15.42 min=   12.87 max=   27.96 p50=   13.62 p95=   20.31 p99=   21.75 rps=  16.00
window 30s
  calc.additional.maxViewersSummary             n=  471 err=   0 errRate=  0.00% avg=   16.06 min=   12.88 max=   87.52 p50=   13.82 p95=   20.62 p99=   28.53 rps=  15.70
  controller.AnalyticsController.maxViewersSummary n=  471 err=   0 errRate=  0.00% avg=   16.23 min=   13.00 max=   87.84 p50=   13.99 p95=   20.84 p99=   28.70 rps=  15.70
  s2s.crud.fetchAllTickets                      n=  471 err=   0 errRate=  0.00% avg=   15.71 min=   12.84 max=   30.77 p50=   13.78 p95=   20.55 p99=   24.72 rps=  15.70
  s2s.crud.fetchFilms                           n=    1 err=   0 errRate=  0.00% avg=   66.29 min=   66.29 max=   66.29 p50=   66.29 p95=   66.29 p99=   66.29 rps=   0.03
window 1m
  calc.additional.maxViewersSummary             n=  894 err=   0 errRate=  0.00% avg=   21.81 min=   12.88 max=  226.97 p50=   14.04 p95=   62.53 p99=  108.58 rps=  14.90
  controller.AnalyticsController.maxViewersSummary n=  894 err=   0 errRate=  0.00% avg=   21.99 min=   13.00 max=  227.26 p50=   14.23 p95=   62.68 p99=  108.73 rps=  14.90
  s2s.crud.fetchAllTickets                      n=  894 err=   0 errRate=  0.00% avg=   21.48 min=   12.84 max=  226.91 p50=   13.98 p95=   61.70 p99=  108.53 rps=  14.90
  s2s.crud.fetchFilms                           n=    2 err=   0 errRate=  0.00% avg=   66.79 min=   66.29 max=   67.30 p50=   66.79 p95=   67.25 p99=   67.29 rps=   0.03

2026-05-06T21:05:57.955Z  INFO 1 --- [lab8-additional-service] [   scheduling-1] r.h.l.a.o.ObservabilityService           : [lab8-additional-service] observability refresh
window 10s
  calc.additional.maxViewersSummary             n=  155 err=   0 errRate=  0.00% avg=   15.49 min=   12.90 max=   28.00 p50=   13.67 p95=   20.47 p99=   22.50 rps=  15.50
  controller.AnalyticsController.maxViewersSummary n=  155 err=   0 errRate=  0.00% avg=   15.65 min=   13.00 max=   28.13 p50=   13.83 p95=   20.65 p99=   22.69 rps=  15.50
  s2s.crud.fetchAllTickets                      n=  155 err=   0 errRate=  0.00% avg=   15.44 min=   12.87 max=   27.96 p50=   13.63 p95=   20.42 p99=   22.44 rps=  15.50
window 30s
  calc.additional.maxViewersSummary             n=  465 err=   0 errRate=  0.00% avg=   16.04 min=   12.90 max=   87.52 p50=   13.82 p95=   20.64 p99=   28.64 rps=  15.50
  controller.AnalyticsController.maxViewersSummary n=  465 err=   0 errRate=  0.00% avg=   16.22 min=   13.00 max=   87.84 p50=   13.99 p95=   20.90 p99=   28.81 rps=  15.50
  s2s.crud.fetchAllTickets                      n=  465 err=   0 errRate=  0.00% avg=   15.69 min=   12.87 max=   30.77 p50=   13.78 p95=   20.56 p99=   24.87 rps=  15.50
  s2s.crud.fetchFilms                           n=    1 err=   0 errRate=  0.00% avg=   66.29 min=   66.29 max=   66.29 p50=   66.29 p95=   66.29 p99=   66.29 rps=   0.03
window 1m
  calc.additional.maxViewersSummary             n=  880 err=   0 errRate=  0.00% avg=   21.91 min=   12.88 max=  226.97 p50=   14.04 p95=   62.59 p99=  110.46 rps=  14.67
  controller.AnalyticsController.maxViewersSummary n=  880 err=   0 errRate=  0.00% avg=   22.09 min=   13.00 max=  227.26 p50=   14.22 p95=   62.73 p99=  110.62 rps=  14.67
  s2s.crud.fetchAllTickets                      n=  880 err=   0 errRate=  0.00% avg=   21.58 min=   12.84 max=  226.91 p50=   13.98 p95=   62.19 p99=  110.41 rps=  14.67
  s2s.crud.fetchFilms                           n=    2 err=   0 errRate=  0.00% avg=   66.79 min=   66.29 max=   67.30 p50=   66.79 p95=   67.25 p99=   67.29 rps=   0.03

2026-05-06T21:05:58.956Z  INFO 1 --- [lab8-additional-service] [   scheduling-1] r.h.l.a.o.ObservabilityService           : [lab8-additional-service] observability refresh
window 10s
  calc.additional.maxViewersSummary             n=  156 err=   0 errRate=  0.00% avg=   15.77 min=   12.93 max=   28.00 p50=   13.71 p95=   20.61 p99=   23.19 rps=  15.60
  controller.AnalyticsController.maxViewersSummary n=  156 err=   0 errRate=  0.00% avg=   15.93 min=   13.03 max=   28.13 p50=   13.94 p95=   20.80 p99=   23.39 rps=  15.60
  s2s.crud.fetchAllTickets                      n=  156 err=   0 errRate=  0.00% avg=   15.72 min=   12.90 max=   27.96 p50=   13.66 p95=   20.56 p99=   23.14 rps=  15.60
window 30s
  calc.additional.maxViewersSummary             n=  465 err=   0 errRate=  0.00% avg=   16.14 min=   12.90 max=   87.52 p50=   13.86 p95=   20.72 p99=   28.64 rps=  15.50
  controller.AnalyticsController.maxViewersSummary n=  465 err=   0 errRate=  0.00% avg=   16.31 min=   13.00 max=   87.84 p50=   14.02 p95=   20.97 p99=   28.81 rps=  15.50
  s2s.crud.fetchAllTickets                      n=  465 err=   0 errRate=  0.00% avg=   15.78 min=   12.87 max=   30.77 p50=   13.80 p95=   20.59 p99=   24.87 rps=  15.50
  s2s.crud.fetchFilms                           n=    1 err=   0 errRate=  0.00% avg=   66.29 min=   66.29 max=   66.29 p50=   66.29 p95=   66.29 p99=   66.29 rps=   0.03
window 1m
  calc.additional.maxViewersSummary             n=  869 err=   0 errRate=  0.00% avg=   22.01 min=   12.88 max=  226.97 p50=   14.05 p95=   62.95 p99=  111.94 rps=  14.48
  controller.AnalyticsController.maxViewersSummary n=  869 err=   0 errRate=  0.00% avg=   22.19 min=   13.00 max=  227.26 p50=   14.24 p95=   63.13 p99=  112.10 rps=  14.48
  s2s.crud.fetchAllTickets                      n=  869 err=   0 errRate=  0.00% avg=   21.67 min=   12.84 max=  226.91 p50=   13.99 p95=   62.35 p99=  111.89 rps=  14.48
  s2s.crud.fetchFilms                           n=    2 err=   0 errRate=  0.00% avg=   66.79 min=   66.29 max=   67.30 p50=   66.79 p95=   67.25 p99=   67.29 rps=   0.03

2026-05-06T21:05:59.957Z  INFO 1 --- [lab8-additional-service] [   scheduling-1] r.h.l.a.o.ObservabilityService           : [lab8-additional-service] observability refresh
window 10s
  calc.additional.maxViewersSummary             n=  160 err=   0 errRate=  0.00% avg=   15.80 min=   13.01 max=   28.06 p50=   13.78 p95=   20.64 p99=   25.20 rps=  16.00
  controller.AnalyticsController.maxViewersSummary n=  160 err=   0 errRate=  0.00% avg=   15.96 min=   13.10 max=   28.17 p50=   13.95 p95=   20.81 p99=   25.34 rps=  16.00
  s2s.crud.fetchAllTickets                      n=  160 err=   0 errRate=  0.00% avg=   15.75 min=   12.97 max=   28.02 p50=   13.72 p95=   20.59 p99=   25.15 rps=  16.00
window 30s
  calc.additional.maxViewersSummary             n=  476 err=   0 errRate=  0.00% avg=   16.06 min=   12.90 max=   87.52 p50=   13.84 p95=   20.65 p99=   28.49 rps=  15.87
  controller.AnalyticsController.maxViewersSummary n=  476 err=   0 errRate=  0.00% avg=   16.23 min=   13.00 max=   87.84 p50=   14.01 p95=   20.92 p99=   28.63 rps=  15.87
  s2s.crud.fetchAllTickets                      n=  476 err=   0 errRate=  0.00% avg=   15.71 min=   12.87 max=   30.77 p50=   13.79 p95=   20.57 p99=   24.60 rps=  15.87
  s2s.crud.fetchFilms                           n=    1 err=   0 errRate=  0.00% avg=   66.29 min=   66.29 max=   66.29 p50=   66.29 p95=   66.29 p99=   66.29 rps=   0.03
window 1m
  calc.additional.maxViewersSummary             n=  878 err=   0 errRate=  0.00% avg=   21.88 min=   12.88 max=  226.97 p50=   14.01 p95=   62.65 p99=  110.73 rps=  14.63
  controller.AnalyticsController.maxViewersSummary n=  878 err=   0 errRate=  0.00% avg=   22.06 min=   13.00 max=  227.26 p50=   14.19 p95=   62.80 p99=  110.89 rps=  14.63
  s2s.crud.fetchAllTickets                      n=  878 err=   0 errRate=  0.00% avg=   21.55 min=   12.84 max=  226.91 p50=   13.94 p95=   62.22 p99=  110.68 rps=  14.63
  s2s.crud.fetchFilms                           n=    2 err=   0 errRate=  0.00% avg=   66.79 min=   66.29 max=   67.30 p50=   66.79 p95=   67.25 p99=   67.29 rps=   0.03

2026-05-06T21:06:00.961Z  INFO 1 --- [lab8-additional-service] [   scheduling-1] r.h.l.a.o.ObservabilityService           : [lab8-additional-service] observability refresh
window 10s
  calc.additional.maxViewersSummary             n=  163 err=   0 errRate=  0.00% avg=   15.74 min=   13.01 max=   28.06 p50=   13.86 p95=   21.09 p99=   25.05 rps=  16.30
  controller.AnalyticsController.maxViewersSummary n=  163 err=   0 errRate=  0.00% avg=   15.91 min=   13.10 max=   28.17 p50=   14.02 p95=   21.20 p99=   25.20 rps=  16.30
  s2s.crud.fetchAllTickets                      n=  163 err=   0 errRate=  0.00% avg=   15.69 min=   12.97 max=   28.02 p50=   13.81 p95=   21.05 p99=   25.01 rps=  16.30
window 30s
  calc.additional.maxViewersSummary             n=  470 err=   0 errRate=  0.00% avg=   16.11 min=   12.90 max=   87.52 p50=   13.88 p95=   20.78 p99=   28.59 rps=  15.67
  controller.AnalyticsController.maxViewersSummary n=  470 err=   0 errRate=  0.00% avg=   16.28 min=   13.00 max=   87.84 p50=   14.05 p95=   21.01 p99=   28.75 rps=  15.67
  s2s.crud.fetchAllTickets                      n=  470 err=   0 errRate=  0.00% avg=   15.76 min=   12.87 max=   30.77 p50=   13.84 p95=   20.62 p99=   24.74 rps=  15.67
  s2s.crud.fetchFilms                           n=    1 err=   0 errRate=  0.00% avg=   66.29 min=   66.29 max=   66.29 p50=   66.29 p95=   66.29 p99=   66.29 rps=   0.03
window 1m
  calc.additional.maxViewersSummary             n=  876 err=   0 errRate=  0.00% avg=   21.89 min=   12.88 max=  226.97 p50=   14.05 p95=   62.72 p99=  111.00 rps=  14.60
  controller.AnalyticsController.maxViewersSummary n=  876 err=   0 errRate=  0.00% avg=   22.07 min=   13.00 max=  227.26 p50=   14.23 p95=   62.88 p99=  111.16 rps=  14.60
  s2s.crud.fetchAllTickets                      n=  876 err=   0 errRate=  0.00% avg=   21.56 min=   12.84 max=  226.91 p50=   13.99 p95=   62.25 p99=  110.95 rps=  14.60
  s2s.crud.fetchFilms                           n=    2 err=   0 errRate=  0.00% avg=   66.79 min=   66.29 max=   67.30 p50=   66.79 p95=   67.25 p99=   67.29 rps=   0.03

2026-05-06T21:06:01.962Z  INFO 1 --- [lab8-additional-service] [   scheduling-1] r.h.l.a.o.ObservabilityService           : [lab8-additional-service] observability refresh
window 10s
  calc.additional.maxViewersSummary             n=  170 err=   0 errRate=  0.00% avg=   15.68 min=   13.01 max=   28.06 p50=   13.87 p95=   20.77 p99=   23.17 rps=  17.00
  controller.AnalyticsController.maxViewersSummary n=  170 err=   0 errRate=  0.00% avg=   15.85 min=   13.10 max=   28.17 p50=   14.03 p95=   20.93 p99=   23.38 rps=  17.00
  s2s.crud.fetchAllTickets                      n=  170 err=   0 errRate=  0.00% avg=   15.63 min=   12.97 max=   28.02 p50=   13.82 p95=   20.71 p99=   23.13 rps=  17.00
window 30s
  calc.additional.maxViewersSummary             n=  473 err=   0 errRate=  0.00% avg=   16.13 min=   12.90 max=   87.52 p50=   13.88 p95=   20.68 p99=   28.54 rps=  15.77
  controller.AnalyticsController.maxViewersSummary n=  473 err=   0 errRate=  0.00% avg=   16.30 min=   13.00 max=   87.84 p50=   14.05 p95=   20.98 p99=   28.69 rps=  15.77
  s2s.crud.fetchAllTickets                      n=  473 err=   0 errRate=  0.00% avg=   15.78 min=   12.87 max=   30.77 p50=   13.84 p95=   20.57 p99=   24.67 rps=  15.77
  s2s.crud.fetchFilms                           n=    1 err=   0 errRate=  0.00% avg=   66.29 min=   66.29 max=   66.29 p50=   66.29 p95=   66.29 p99=   66.29 rps=   0.03
window 1m
  calc.additional.maxViewersSummary             n=  877 err=   0 errRate=  0.00% avg=   21.90 min=   12.88 max=  226.97 p50=   14.07 p95=   62.69 p99=  110.86 rps=  14.62
  controller.AnalyticsController.maxViewersSummary n=  877 err=   0 errRate=  0.00% avg=   22.08 min=   13.00 max=  227.26 p50=   14.25 p95=   62.84 p99=  111.02 rps=  14.62
  s2s.crud.fetchAllTickets                      n=  877 err=   0 errRate=  0.00% avg=   21.57 min=   12.84 max=  226.91 p50=   14.01 p95=   62.24 p99=  110.81 rps=  14.62
  s2s.crud.fetchFilms                           n=    2 err=   0 errRate=  0.00% avg=   66.79 min=   66.29 max=   67.30 p50=   66.79 p95=   67.25 p99=   67.29 rps=   0.03

2026-05-06T21:06:02.963Z  INFO 1 --- [lab8-additional-service] [   scheduling-1] r.h.l.a.o.ObservabilityService           : [lab8-additional-service] observability refresh
window 10s
  calc.additional.maxViewersSummary             n=  174 err=   0 errRate=  0.00% avg=   15.63 min=   13.01 max=   28.06 p50=   13.87 p95=   20.61 p99=   22.30 rps=  17.40
  controller.AnalyticsController.maxViewersSummary n=  174 err=   0 errRate=  0.00% avg=   15.79 min=   13.10 max=   28.17 p50=   14.03 p95=   20.90 p99=   22.47 rps=  17.40
  s2s.crud.fetchAllTickets                      n=  174 err=   0 errRate=  0.00% avg=   15.58 min=   12.97 max=   28.02 p50=   13.82 p95=   20.57 p99=   22.23 rps=  17.40
window 30s
  calc.additional.maxViewersSummary             n=  479 err=   0 errRate=  0.00% avg=   16.10 min=   12.90 max=   87.52 p50=   13.88 p95=   20.66 p99=   28.43 rps=  15.97
  controller.AnalyticsController.maxViewersSummary n=  479 err=   0 errRate=  0.00% avg=   16.27 min=   13.00 max=   87.84 p50=   14.05 p95=   21.03 p99=   28.58 rps=  15.97
  s2s.crud.fetchAllTickets                      n=  479 err=   0 errRate=  0.00% avg=   15.75 min=   12.87 max=   30.77 p50=   13.84 p95=   20.55 p99=   24.52 rps=  15.97
  s2s.crud.fetchFilms                           n=    1 err=   0 errRate=  0.00% avg=   66.29 min=   66.29 max=   66.29 p50=   66.29 p95=   66.29 p99=   66.29 rps=   0.03
window 1m
  calc.additional.maxViewersSummary             n=  886 err=   0 errRate=  0.00% avg=   21.78 min=   12.88 max=  226.97 p50=   14.04 p95=   62.55 p99=  109.65 rps=  14.77
  controller.AnalyticsController.maxViewersSummary n=  886 err=   0 errRate=  0.00% avg=   21.96 min=   13.00 max=  227.26 p50=   14.21 p95=   62.69 p99=  109.81 rps=  14.77
  s2s.crud.fetchAllTickets                      n=  886 err=   0 errRate=  0.00% avg=   21.45 min=   12.84 max=  226.91 p50=   13.98 p95=   61.99 p99=  109.60 rps=  14.77
  s2s.crud.fetchFilms                           n=    2 err=   0 errRate=  0.00% avg=   66.79 min=   66.29 max=   67.30 p50=   66.79 p95=   67.25 p99=   67.29 rps=   0.03

2026-05-06T21:06:03.965Z  INFO 1 --- [lab8-additional-service] [   scheduling-1] r.h.l.a.o.ObservabilityService           : [lab8-additional-service] observability refresh
window 10s
  calc.additional.maxViewersSummary             n=  166 err=   0 errRate=  0.00% avg=   15.63 min=   13.01 max=   28.06 p50=   13.94 p95=   20.59 p99=   22.40 rps=  16.60
  controller.AnalyticsController.maxViewersSummary n=  166 err=   0 errRate=  0.00% avg=   15.80 min=   13.10 max=   28.17 p50=   14.09 p95=   21.00 p99=   22.57 rps=  16.60
  s2s.crud.fetchAllTickets                      n=  166 err=   0 errRate=  0.00% avg=   15.58 min=   12.97 max=   28.02 p50=   13.89 p95=   20.54 p99=   22.34 rps=  16.60
window 30s
  calc.additional.maxViewersSummary             n=  471 err=   0 errRate=  0.00% avg=   16.12 min=   12.90 max=   87.52 p50=   13.88 p95=   20.58 p99=   28.57 rps=  15.70
  controller.AnalyticsController.maxViewersSummary n=  471 err=   0 errRate=  0.00% avg=   16.30 min=   13.00 max=   87.84 p50=   14.05 p95=   20.92 p99=   28.73 rps=  15.70
  s2s.crud.fetchAllTickets                      n=  471 err=   0 errRate=  0.00% avg=   15.77 min=   12.87 max=   30.77 p50=   13.84 p95=   20.48 p99=   24.72 rps=  15.70
  s2s.crud.fetchFilms                           n=    1 err=   0 errRate=  0.00% avg=   66.29 min=   66.29 max=   66.29 p50=   66.29 p95=   66.29 p99=   66.29 rps=   0.03
window 1m
  calc.additional.maxViewersSummary             n=  885 err=   0 errRate=  0.00% avg=   21.55 min=   12.88 max=  226.97 p50=   14.02 p95=   62.47 p99=  109.79 rps=  14.75
  controller.AnalyticsController.maxViewersSummary n=  885 err=   0 errRate=  0.00% avg=   21.73 min=   13.00 max=  227.26 p50=   14.20 p95=   62.64 p99=  109.95 rps=  14.75
  s2s.crud.fetchAllTickets                      n=  885 err=   0 errRate=  0.00% avg=   21.22 min=   12.84 max=  226.91 p50=   13.96 p95=   59.26 p99=  109.74 rps=  14.75
  s2s.crud.fetchFilms                           n=    2 err=   0 errRate=  0.00% avg=   66.79 min=   66.29 max=   67.30 p50=   66.79 p95=   67.25 p99=   67.29 rps=   0.03

2026-05-06T21:06:04.967Z  INFO 1 --- [lab8-additional-service] [   scheduling-1] r.h.l.a.o.ObservabilityService           : [lab8-additional-service] observability refresh
window 10s
  calc.additional.maxViewersSummary             n=  160 err=   0 errRate=  0.00% avg=   15.79 min=   13.01 max=   28.06 p50=   14.01 p95=   20.95 p99=   22.48 rps=  16.00
  controller.AnalyticsController.maxViewersSummary n=  160 err=   0 errRate=  0.00% avg=   15.97 min=   13.17 max=   28.17 p50=   14.18 p95=   21.12 p99=   22.65 rps=  16.00
  s2s.crud.fetchAllTickets                      n=  160 err=   0 errRate=  0.00% avg=   15.74 min=   12.97 max=   28.02 p50=   13.96 p95=   20.90 p99=   22.42 rps=  16.00
window 30s
  calc.additional.maxViewersSummary             n=  468 err=   0 errRate=  0.00% avg=   16.08 min=   12.90 max=   87.52 p50=   13.88 p95=   20.62 p99=   28.02 rps=  15.60
  controller.AnalyticsController.maxViewersSummary n=  468 err=   0 errRate=  0.00% avg=   16.26 min=   13.00 max=   87.84 p50=   14.05 p95=   20.98 p99=   28.14 rps=  15.60
  s2s.crud.fetchAllTickets                      n=  468 err=   0 errRate=  0.00% avg=   15.73 min=   12.87 max=   29.72 p50=   13.84 p95=   20.52 p99=   23.46 rps=  15.60
  s2s.crud.fetchFilms                           n=    1 err=   0 errRate=  0.00% avg=   66.29 min=   66.29 max=   66.29 p50=   66.29 p95=   66.29 p99=   66.29 rps=   0.03
window 1m
  calc.additional.maxViewersSummary             n=  895 err=   0 errRate=  0.00% avg=   20.81 min=   12.88 max=  226.97 p50=   14.04 p95=   59.16 p99=  100.10 rps=  14.92
  controller.AnalyticsController.maxViewersSummary n=  895 err=   0 errRate=  0.00% avg=   20.99 min=   13.00 max=  227.26 p50=   14.21 p95=   59.38 p99=  100.25 rps=  14.92
  s2s.crud.fetchAllTickets                      n=  895 err=   0 errRate=  0.00% avg=   20.49 min=   12.84 max=  226.91 p50=   13.98 p95=   56.87 p99=  100.05 rps=  14.92
  s2s.crud.fetchFilms                           n=    2 err=   0 errRate=  0.00% avg=   66.79 min=   66.29 max=   67.30 p50=   66.79 p95=   67.25 p99=   67.29 rps=   0.03

2026-05-06T21:06:05.968Z  INFO 1 --- [lab8-additional-service] [   scheduling-1] r.h.l.a.o.ObservabilityService           : [lab8-additional-service] observability refresh
window 10s
  calc.additional.maxViewersSummary             n=  150 err=   0 errRate=  0.00% avg=   16.07 min=   13.03 max=   28.06 p50=   14.13 p95=   21.02 p99=   22.61 rps=  15.00
  controller.AnalyticsController.maxViewersSummary n=  150 err=   0 errRate=  0.00% avg=   16.25 min=   13.18 max=   28.17 p50=   14.29 p95=   21.17 p99=   22.77 rps=  15.00
  s2s.crud.fetchAllTickets                      n=  150 err=   0 errRate=  0.00% avg=   16.02 min=   12.98 max=   28.02 p50=   14.06 p95=   20.97 p99=   22.55 rps=  15.00
window 30s
  calc.additional.maxViewersSummary             n=  463 err=   0 errRate=  0.00% avg=   16.12 min=   12.90 max=   87.52 p50=   13.88 p95=   20.63 p99=   28.02 rps=  15.43
  controller.AnalyticsController.maxViewersSummary n=  463 err=   0 errRate=  0.00% avg=   16.30 min=   13.00 max=   87.84 p50=   14.05 p95=   20.95 p99=   28.14 rps=  15.43
  s2s.crud.fetchAllTickets                      n=  463 err=   0 errRate=  0.00% avg=   15.76 min=   12.87 max=   29.72 p50=   13.84 p95=   20.52 p99=   23.13 rps=  15.43
  s2s.crud.fetchFilms                           n=    1 err=   0 errRate=  0.00% avg=   66.29 min=   66.29 max=   66.29 p50=   66.29 p95=   66.29 p99=   66.29 rps=   0.03
window 1m
  calc.additional.maxViewersSummary             n=  903 err=   0 errRate=  0.00% avg=   20.23 min=   12.88 max=  226.97 p50=   14.04 p95=   56.69 p99=   96.03 rps=  15.05
  controller.AnalyticsController.maxViewersSummary n=  903 err=   0 errRate=  0.00% avg=   20.41 min=   13.00 max=  227.26 p50=   14.21 p95=   56.97 p99=   96.35 rps=  15.05
  s2s.crud.fetchAllTickets                      n=  903 err=   0 errRate=  0.00% avg=   19.90 min=   12.84 max=  226.91 p50=   13.98 p95=   53.29 p99=   96.00 rps=  15.05
  s2s.crud.fetchFilms                           n=    2 err=   0 errRate=  0.00% avg=   66.79 min=   66.29 max=   67.30 p50=   66.79 p95=   67.25 p99=   67.29 rps=   0.03

2026-05-06T21:06:06.793Z  INFO 1 --- [lab8-additional-service] [   scheduling-1] r.h.l.a.service.FilmCacheService         : film-cache stats: size=310 ttlMs=30000 lastRefreshAtMs=1778101545293 hits=36176 misses=9 refreshes=9
2026-05-06T21:06:06.969Z  INFO 1 --- [lab8-additional-service] [   scheduling-1] r.h.l.a.o.ObservabilityService           : [lab8-additional-service] observability refresh
window 10s
  calc.additional.maxViewersSummary             n=  154 err=   0 errRate=  0.00% avg=   16.06 min=   13.03 max=   28.06 p50=   14.10 p95=   20.99 p99=   22.56 rps=  15.40
  controller.AnalyticsController.maxViewersSummary n=  154 err=   0 errRate=  0.00% avg=   16.24 min=   13.18 max=   28.17 p50=   14.29 p95=   21.15 p99=   22.72 rps=  15.40
  s2s.crud.fetchAllTickets                      n=  154 err=   0 errRate=  0.00% avg=   16.01 min=   12.98 max=   28.02 p50=   14.05 p95=   20.94 p99=   22.50 rps=  15.40
window 30s
  calc.additional.maxViewersSummary             n=  468 err=   0 errRate=  0.00% avg=   16.10 min=   12.90 max=   87.52 p50=   13.88 p95=   20.62 p99=   28.02 rps=  15.60
  controller.AnalyticsController.maxViewersSummary n=  468 err=   0 errRate=  0.00% avg=   16.27 min=   13.00 max=   87.84 p50=   14.05 p95=   20.88 p99=   28.14 rps=  15.60
  s2s.crud.fetchAllTickets                      n=  468 err=   0 errRate=  0.00% avg=   15.74 min=   12.87 max=   29.72 p50=   13.83 p95=   20.52 p99=   23.13 rps=  15.60
  s2s.crud.fetchFilms                           n=    1 err=   0 errRate=  0.00% avg=   66.29 min=   66.29 max=   66.29 p50=   66.29 p95=   66.29 p99=   66.29 rps=   0.03
window 1m
  calc.additional.maxViewersSummary             n=  908 err=   0 errRate=  0.00% avg=   19.29 min=   12.88 max=  107.63 p50=   13.99 p95=   48.77 p99=   94.61 rps=  15.13
  controller.AnalyticsController.maxViewersSummary n=  908 err=   0 errRate=  0.00% avg=   19.47 min=   13.00 max=  107.79 p50=   14.17 p95=   49.00 p99=   94.77 rps=  15.13
  s2s.crud.fetchAllTickets                      n=  908 err=   0 errRate=  0.00% avg=   18.96 min=   12.84 max=  107.59 p50=   13.93 p95=   42.24 p99=   94.55 rps=  15.13
  s2s.crud.fetchFilms                           n=    2 err=   0 errRate=  0.00% avg=   66.79 min=   66.29 max=   67.30 p50=   66.79 p95=   67.25 p99=   67.29 rps=   0.03

2026-05-06T21:06:07.970Z  INFO 1 --- [lab8-additional-service] [   scheduling-1] r.h.l.a.o.ObservabilityService           : [lab8-additional-service] observability refresh
window 10s
  calc.additional.maxViewersSummary             n=  172 err=   0 errRate=  0.00% avg=   15.93 min=   13.03 max=   28.06 p50=   14.04 p95=   20.86 p99=   22.30 rps=  17.20
  controller.AnalyticsController.maxViewersSummary n=  172 err=   0 errRate=  0.00% avg=   16.11 min=   13.18 max=   28.17 p50=   14.21 p95=   21.10 p99=   22.44 rps=  17.20
  s2s.crud.fetchAllTickets                      n=  172 err=   0 errRate=  0.00% avg=   15.88 min=   12.98 max=   28.02 p50=   13.99 p95=   20.79 p99=   22.25 rps=  17.20
window 30s
  calc.additional.maxViewersSummary             n=  474 err=   0 errRate=  0.00% avg=   16.08 min=   12.90 max=   87.52 p50=   13.87 p95=   20.61 p99=   28.01 rps=  15.80
  controller.AnalyticsController.maxViewersSummary n=  474 err=   0 errRate=  0.00% avg=   16.26 min=   13.00 max=   87.84 p50=   14.03 p95=   20.88 p99=   28.14 rps=  15.80
  s2s.crud.fetchAllTickets                      n=  474 err=   0 errRate=  0.00% avg=   15.73 min=   12.87 max=   29.72 p50=   13.82 p95=   20.52 p99=   23.12 rps=  15.80
  s2s.crud.fetchFilms                           n=    1 err=   0 errRate=  0.00% avg=   66.29 min=   66.29 max=   66.29 p50=   66.29 p95=   66.29 p99=   66.29 rps=   0.03
window 1m
  calc.additional.maxViewersSummary             n=  926 err=   0 errRate=  0.00% avg=   18.73 min=   12.88 max=  107.63 p50=   13.95 p95=   36.99 p99=   90.74 rps=  15.43
  controller.AnalyticsController.maxViewersSummary n=  926 err=   0 errRate=  0.00% avg=   18.90 min=   13.00 max=  107.79 p50=   14.14 p95=   37.13 p99=   90.99 rps=  15.43
  s2s.crud.fetchAllTickets                      n=  926 err=   0 errRate=  0.00% avg=   18.41 min=   12.84 max=  107.59 p50=   13.90 p95=   30.51 p99=   90.69 rps=  15.43
  s2s.crud.fetchFilms                           n=    2 err=   0 errRate=  0.00% avg=   66.79 min=   66.29 max=   67.30 p50=   66.79 p95=   67.25 p99=   67.29 rps=   0.03

2026-05-06T21:06:08.971Z  INFO 1 --- [lab8-additional-service] [   scheduling-1] r.h.l.a.o.ObservabilityService           : [lab8-additional-service] observability refresh
window 10s
  calc.additional.maxViewersSummary             n=  171 err=   0 errRate=  0.00% avg=   15.80 min=   13.03 max=   28.06 p50=   14.01 p95=   20.75 p99=   21.96 rps=  17.10
  controller.AnalyticsController.maxViewersSummary n=  171 err=   0 errRate=  0.00% avg=   15.97 min=   13.18 max=   28.17 p50=   14.19 p95=   21.02 p99=   22.09 rps=  17.10
  s2s.crud.fetchAllTickets                      n=  171 err=   0 errRate=  0.00% avg=   15.75 min=   12.98 max=   28.02 p50=   13.96 p95=   20.69 p99=   21.91 rps=  17.10
window 30s
  calc.additional.maxViewersSummary             n=  472 err=   0 errRate=  0.00% avg=   16.12 min=   12.90 max=   87.52 p50=   13.89 p95=   20.64 p99=   28.02 rps=  15.73
  controller.AnalyticsController.maxViewersSummary n=  472 err=   0 errRate=  0.00% avg=   16.29 min=   13.00 max=   87.84 p50=   14.05 p95=   20.88 p99=   28.14 rps=  15.73
  s2s.crud.fetchAllTickets                      n=  472 err=   0 errRate=  0.00% avg=   15.76 min=   12.87 max=   29.72 p50=   13.85 p95=   20.53 p99=   23.13 rps=  15.73
  s2s.crud.fetchFilms                           n=    1 err=   0 errRate=  0.00% avg=   66.29 min=   66.29 max=   66.29 p50=   66.29 p95=   66.29 p99=   66.29 rps=   0.03
window 1m
  calc.additional.maxViewersSummary             n=  928 err=   0 errRate=  0.00% avg=   18.34 min=   12.88 max=  107.63 p50=   13.94 p95=   27.67 p99=   90.73 rps=  15.47
  controller.AnalyticsController.maxViewersSummary n=  928 err=   0 errRate=  0.00% avg=   18.52 min=   13.00 max=  107.79 p50=   14.12 p95=   27.92 p99=   90.98 rps=  15.47
  s2s.crud.fetchAllTickets                      n=  928 err=   0 errRate=  0.00% avg=   18.02 min=   12.84 max=  107.59 p50=   13.89 p95=   23.77 p99=   90.68 rps=  15.47
  s2s.crud.fetchFilms                           n=    2 err=   0 errRate=  0.00% avg=   66.79 min=   66.29 max=   67.30 p50=   66.79 p95=   67.25 p99=   67.29 rps=   0.03

2026-05-06T21:06:09.972Z  INFO 1 --- [lab8-additional-service] [   scheduling-1] r.h.l.a.o.ObservabilityService           : [lab8-additional-service] observability refresh
window 10s
  calc.additional.maxViewersSummary             n=  163 err=   0 errRate=  0.00% avg=   15.88 min=   13.03 max=   22.62 p50=   14.04 p95=   20.72 p99=   21.51 rps=  16.30
  controller.AnalyticsController.maxViewersSummary n=  163 err=   0 errRate=  0.00% avg=   16.05 min=   13.18 max=   22.79 p50=   14.24 p95=   20.96 p99=   21.68 rps=  16.30
  s2s.crud.fetchAllTickets                      n=  163 err=   0 errRate=  0.00% avg=   15.83 min=   12.98 max=   22.54 p50=   13.99 p95=   20.66 p99=   21.47 rps=  16.30
window 30s
  calc.additional.maxViewersSummary             n=  473 err=   0 errRate=  0.00% avg=   16.11 min=   12.90 max=   87.52 p50=   13.90 p95=   20.64 p99=   28.01 rps=  15.77
  controller.AnalyticsController.maxViewersSummary n=  473 err=   0 errRate=  0.00% avg=   16.28 min=   13.00 max=   87.84 p50=   14.05 p95=   20.88 p99=   28.14 rps=  15.77
  s2s.crud.fetchAllTickets                      n=  473 err=   0 errRate=  0.00% avg=   15.76 min=   12.87 max=   29.72 p50=   13.87 p95=   20.53 p99=   23.12 rps=  15.77
  s2s.crud.fetchFilms                           n=    1 err=   0 errRate=  0.00% avg=   66.29 min=   66.29 max=   66.29 p50=   66.29 p95=   66.29 p99=   66.29 rps=   0.03
window 1m
  calc.additional.maxViewersSummary             n=  938 err=   0 errRate=  0.00% avg=   17.80 min=   12.88 max=  101.84 p50=   13.94 p95=   23.16 p99=   87.37 rps=  15.63
  controller.AnalyticsController.maxViewersSummary n=  938 err=   0 errRate=  0.00% avg=   17.98 min=   13.00 max=  102.03 p50=   14.11 p95=   23.37 p99=   87.64 rps=  15.63
  s2s.crud.fetchAllTickets                      n=  938 err=   0 errRate=  0.00% avg=   17.49 min=   12.84 max=  101.79 p50=   13.88 p95=   22.14 p99=   83.30 rps=  15.63
  s2s.crud.fetchFilms                           n=    2 err=   0 errRate=  0.00% avg=   66.79 min=   66.29 max=   67.30 p50=   66.79 p95=   67.25 p99=   67.29 rps=   0.03

2026-05-06T21:06:10.973Z  INFO 1 --- [lab8-additional-service] [   scheduling-1] r.h.l.a.o.ObservabilityService           : [lab8-additional-service] observability refresh
window 10s
  calc.additional.maxViewersSummary             n=  154 err=   0 errRate=  0.00% avg=   15.84 min=   13.03 max=   22.62 p50=   14.00 p95=   20.62 p99=   21.86 rps=  15.40
  controller.AnalyticsController.maxViewersSummary n=  154 err=   0 errRate=  0.00% avg=   16.02 min=   13.18 max=   22.79 p50=   14.18 p95=   20.88 p99=   22.10 rps=  15.40
  s2s.crud.fetchAllTickets                      n=  154 err=   0 errRate=  0.00% avg=   15.79 min=   12.98 max=   22.54 p50=   13.96 p95=   20.56 p99=   21.82 rps=  15.40
window 30s
  calc.additional.maxViewersSummary             n=  467 err=   0 errRate=  0.00% avg=   16.13 min=   12.90 max=   87.52 p50=   13.92 p95=   20.69 p99=   28.02 rps=  15.57
  controller.AnalyticsController.maxViewersSummary n=  467 err=   0 errRate=  0.00% avg=   16.30 min=   13.00 max=   87.84 p50=   14.06 p95=   20.94 p99=   28.14 rps=  15.57
  s2s.crud.fetchAllTickets                      n=  467 err=   0 errRate=  0.00% avg=   15.78 min=   12.87 max=   29.72 p50=   13.87 p95=   20.58 p99=   23.13 rps=  15.57
  s2s.crud.fetchFilms                           n=    1 err=   0 errRate=  0.00% avg=   66.29 min=   66.29 max=   66.29 p50=   66.29 p95=   66.29 p99=   66.29 rps=   0.03
window 1m
  calc.additional.maxViewersSummary             n=  937 err=   0 errRate=  0.00% avg=   17.21 min=   12.88 max=  101.84 p50=   13.93 p95=   21.87 p99=   69.81 rps=  15.62
  controller.AnalyticsController.maxViewersSummary n=  937 err=   0 errRate=  0.00% avg=   17.39 min=   13.00 max=  102.03 p50=   14.10 p95=   22.04 p99=   69.97 rps=  15.62
  s2s.crud.fetchAllTickets                      n=  937 err=   0 errRate=  0.00% avg=   16.90 min=   12.84 max=  101.79 p50=   13.87 p95=   21.32 p99=   60.01 rps=  15.62
  s2s.crud.fetchFilms                           n=    2 err=   0 errRate=  0.00% avg=   66.79 min=   66.29 max=   67.30 p50=   66.79 p95=   67.25 p99=   67.29 rps=   0.03

2026-05-06T21:06:11.975Z  INFO 1 --- [lab8-additional-service] [   scheduling-1] r.h.l.a.o.ObservabilityService           : [lab8-additional-service] observability refresh
window 10s
  calc.additional.maxViewersSummary             n=  153 err=   0 errRate=  0.00% avg=   15.94 min=   12.93 max=   22.62 p50=   14.05 p95=   20.71 p99=   22.01 rps=  15.30
  controller.AnalyticsController.maxViewersSummary n=  153 err=   0 errRate=  0.00% avg=   16.12 min=   13.05 max=   22.79 p50=   14.24 p95=   20.92 p99=   22.25 rps=  15.30
  s2s.crud.fetchAllTickets                      n=  153 err=   0 errRate=  0.00% avg=   15.89 min=   12.89 max=   22.54 p50=   14.00 p95=   20.66 p99=   21.96 rps=  15.30
window 30s
  calc.additional.maxViewersSummary             n=  465 err=   0 errRate=  0.00% avg=   16.17 min=   12.90 max=   87.52 p50=   13.93 p95=   20.70 p99=   28.02 rps=  15.50
  controller.AnalyticsController.maxViewersSummary n=  465 err=   0 errRate=  0.00% avg=   16.33 min=   13.00 max=   87.84 p50=   14.07 p95=   20.88 p99=   28.14 rps=  15.50
  s2s.crud.fetchAllTickets                      n=  465 err=   0 errRate=  0.00% avg=   15.81 min=   12.87 max=   29.72 p50=   13.88 p95=   20.58 p99=   23.13 rps=  15.50
  s2s.crud.fetchFilms                           n=    1 err=   0 errRate=  0.00% avg=   66.29 min=   66.29 max=   66.29 p50=   66.29 p95=   66.29 p99=   66.29 rps=   0.03
window 1m
  calc.additional.maxViewersSummary             n=  945 err=   0 errRate=  0.00% avg=   16.44 min=   12.88 max=   87.52 p50=   13.92 p95=   21.00 p99=   42.09 rps=  15.75
  controller.AnalyticsController.maxViewersSummary n=  945 err=   0 errRate=  0.00% avg=   16.62 min=   13.00 max=   87.84 p50=   14.09 p95=   21.32 p99=   42.25 rps=  15.75
  s2s.crud.fetchAllTickets                      n=  945 err=   0 errRate=  0.00% avg=   16.13 min=   12.84 max=   73.74 p50=   13.87 p95=   20.82 p99=   30.83 rps=  15.75
  s2s.crud.fetchFilms                           n=    2 err=   0 errRate=  0.00% avg=   66.79 min=   66.29 max=   67.30 p50=   66.79 p95=   67.25 p99=   67.29 rps=   0.03

2026-05-06T21:06:12.976Z  INFO 1 --- [lab8-additional-service] [   scheduling-1] r.h.l.a.o.ObservabilityService           : [lab8-additional-service] observability refresh
window 10s
  calc.additional.maxViewersSummary             n=  149 err=   0 errRate=  0.00% avg=   16.07 min=   12.93 max=   22.62 p50=   14.09 p95=   20.76 p99=   22.11 rps=  14.90
  controller.AnalyticsController.maxViewersSummary n=  149 err=   0 errRate=  0.00% avg=   16.24 min=   13.05 max=   22.79 p50=   14.26 p95=   20.94 p99=   22.47 rps=  14.90
  s2s.crud.fetchAllTickets                      n=  149 err=   0 errRate=  0.00% avg=   16.02 min=   12.89 max=   22.54 p50=   14.03 p95=   20.69 p99=   22.05 rps=  14.90
window 30s
  calc.additional.maxViewersSummary             n=  464 err=   0 errRate=  0.00% avg=   16.20 min=   12.90 max=   87.52 p50=   13.94 p95=   20.78 p99=   28.02 rps=  15.47
  controller.AnalyticsController.maxViewersSummary n=  464 err=   0 errRate=  0.00% avg=   16.37 min=   13.00 max=   87.84 p50=   14.09 p95=   21.02 p99=   28.14 rps=  15.47
  s2s.crud.fetchAllTickets                      n=  464 err=   0 errRate=  0.00% avg=   15.84 min=   12.87 max=   29.72 p50=   13.89 p95=   20.64 p99=   23.13 rps=  15.47
  s2s.crud.fetchFilms                           n=    1 err=   0 errRate=  0.00% avg=   66.29 min=   66.29 max=   66.29 p50=   66.29 p95=   66.29 p99=   66.29 rps=   0.03
window 1m
  calc.additional.maxViewersSummary             n=  947 err=   0 errRate=  0.00% avg=   16.17 min=   12.88 max=   87.52 p50=   13.91 p95=   20.73 p99=   28.03 rps=  15.78
  controller.AnalyticsController.maxViewersSummary n=  947 err=   0 errRate=  0.00% avg=   16.34 min=   13.00 max=   87.84 p50=   14.07 p95=   20.99 p99=   28.15 rps=  15.78
  s2s.crud.fetchAllTickets                      n=  947 err=   0 errRate=  0.00% avg=   15.86 min=   12.84 max=   44.58 p50=   13.86 p95=   20.66 p99=   23.15 rps=  15.78
  s2s.crud.fetchFilms                           n=    2 err=   0 errRate=  0.00% avg=   66.79 min=   66.29 max=   67.30 p50=   66.79 p95=   67.25 p99=   67.29 rps=   0.03

2026-05-06T21:06:13.977Z  INFO 1 --- [lab8-additional-service] [   scheduling-1] r.h.l.a.o.ObservabilityService           : [lab8-additional-service] observability refresh
window 10s
  calc.additional.maxViewersSummary             n=  149 err=   0 errRate=  0.00% avg=   16.27 min=   12.93 max=   23.26 p50=   14.10 p95=   21.45 p99=   22.50 rps=  14.90
  controller.AnalyticsController.maxViewersSummary n=  149 err=   0 errRate=  0.00% avg=   16.45 min=   13.05 max=   23.44 p50=   14.29 p95=   21.63 p99=   22.72 rps=  14.90
  s2s.crud.fetchAllTickets                      n=  149 err=   0 errRate=  0.00% avg=   16.22 min=   12.89 max=   23.21 p50=   14.05 p95=   21.40 p99=   22.44 rps=  14.90
window 30s
  calc.additional.maxViewersSummary             n=  459 err=   0 errRate=  0.00% avg=   16.30 min=   12.90 max=   87.52 p50=   13.97 p95=   21.08 p99=   28.02 rps=  15.30
  controller.AnalyticsController.maxViewersSummary n=  459 err=   0 errRate=  0.00% avg=   16.47 min=   13.00 max=   87.84 p50=   14.16 p95=   21.23 p99=   28.14 rps=  15.30
  s2s.crud.fetchAllTickets                      n=  459 err=   0 errRate=  0.00% avg=   15.94 min=   12.87 max=   29.72 p50=   13.94 p95=   20.81 p99=   23.20 rps=  15.30
  s2s.crud.fetchFilms                           n=    1 err=   0 errRate=  0.00% avg=   66.29 min=   66.29 max=   66.29 p50=   66.29 p95=   66.29 p99=   66.29 rps=   0.03
window 1m
  calc.additional.maxViewersSummary             n=  942 err=   0 errRate=  0.00% avg=   16.20 min=   12.88 max=   87.52 p50=   13.92 p95=   20.86 p99=   28.03 rps=  15.70
  controller.AnalyticsController.maxViewersSummary n=  942 err=   0 errRate=  0.00% avg=   16.38 min=   13.00 max=   87.84 p50=   14.08 p95=   21.08 p99=   28.15 rps=  15.70
  s2s.crud.fetchAllTickets                      n=  942 err=   0 errRate=  0.00% avg=   15.89 min=   12.84 max=   44.58 p50=   13.87 p95=   20.68 p99=   23.20 rps=  15.70
  s2s.crud.fetchFilms                           n=    2 err=   0 errRate=  0.00% avg=   66.79 min=   66.29 max=   67.30 p50=   66.79 p95=   67.25 p99=   67.29 rps=   0.03

2026-05-06T21:06:14.978Z  INFO 1 --- [lab8-additional-service] [   scheduling-1] r.h.l.a.o.ObservabilityService           : [lab8-additional-service] observability refresh
window 10s
  calc.additional.maxViewersSummary             n=  151 err=   0 errRate=  0.00% avg=   16.27 min=   12.93 max=   28.21 p50=   14.09 p95=   21.64 p99=   23.24 rps=  15.10
  controller.AnalyticsController.maxViewersSummary n=  151 err=   0 errRate=  0.00% avg=   16.44 min=   13.05 max=   28.49 p50=   14.24 p95=   21.94 p99=   23.41 rps=  15.10
  s2s.crud.fetchAllTickets                      n=  151 err=   0 errRate=  0.00% avg=   16.22 min=   12.89 max=   28.15 p50=   14.03 p95=   21.59 p99=   23.18 rps=  15.10
window 30s
  calc.additional.maxViewersSummary             n=  464 err=   0 errRate=  0.00% avg=   16.24 min=   12.90 max=   87.52 p50=   13.94 p95=   21.11 p99=   28.02 rps=  15.47
  controller.AnalyticsController.maxViewersSummary n=  464 err=   0 errRate=  0.00% avg=   16.42 min=   13.00 max=   87.84 p50=   14.13 p95=   21.32 p99=   28.14 rps=  15.47
  s2s.crud.fetchAllTickets                      n=  464 err=   0 errRate=  0.00% avg=   15.89 min=   12.87 max=   28.15 p50=   13.89 p95=   20.88 p99=   23.17 rps=  15.47
  s2s.crud.fetchFilms                           n=    1 err=   0 errRate=  0.00% avg=   66.29 min=   66.29 max=   66.29 p50=   66.29 p95=   66.29 p99=   66.29 rps=   0.03
window 1m
  calc.additional.maxViewersSummary             n=  943 err=   0 errRate=  0.00% avg=   16.18 min=   12.88 max=   87.52 p50=   13.91 p95=   20.85 p99=   28.03 rps=  15.72
  controller.AnalyticsController.maxViewersSummary n=  943 err=   0 errRate=  0.00% avg=   16.36 min=   13.00 max=   87.84 p50=   14.08 p95=   21.08 p99=   28.15 rps=  15.72
  s2s.crud.fetchAllTickets                      n=  943 err=   0 errRate=  0.00% avg=   15.87 min=   12.84 max=   44.58 p50=   13.86 p95=   20.68 p99=   23.20 rps=  15.72
  s2s.crud.fetchFilms                           n=    2 err=   0 errRate=  0.00% avg=   66.79 min=   66.29 max=   67.30 p50=   66.79 p95=   67.25 p99=   67.29 rps=   0.03

