Picked up JAVA_TOOL_OPTIONS: 

  .   ____          _            __ _ _
 /\\ / ___'_ __ _ _(_)_ __  __ _ \ \ \ \
( ( )\___ | '_ | '_| | '_ \/ _` | \ \ \ \
 \\/  ___)| |_)| | | | | || (_| |  ) ) ) )
  '  |____| .__|_| |_|_| |_\__, | / / / /
 =========|_|==============|___/=/_/_/_/

 :: Spring Boot ::                (v4.0.3)

2026-05-06T20:55:57.973Z  INFO 1 --- [lab8-additional-service] [           main] r.h.l.a.AdditionalServiceApplication     : Starting AdditionalServiceApplication v1.0-SNAPSHOT using Java 25.0.3 with PID 1 (/app/app.jar started by spring in /app)
2026-05-06T20:55:58.057Z  INFO 1 --- [lab8-additional-service] [           main] r.h.l.a.AdditionalServiceApplication     : No active profile set, falling back to 1 default profile: "default"
2026-05-06T20:56:04.054Z  INFO 1 --- [lab8-additional-service] [           main] o.s.boot.tomcat.TomcatWebServer          : Tomcat initialized with port 8081 (http)
2026-05-06T20:56:04.165Z  INFO 1 --- [lab8-additional-service] [           main] o.apache.catalina.core.StandardService   : Starting service [Tomcat]
2026-05-06T20:56:04.166Z  INFO 1 --- [lab8-additional-service] [           main] o.apache.catalina.core.StandardEngine    : Starting Servlet engine: [Apache Tomcat/11.0.18]
2026-05-06T20:56:04.571Z  INFO 1 --- [lab8-additional-service] [           main] b.w.c.s.WebApplicationContextInitializer : Root WebApplicationContext: initialization completed in 6201 ms
2026-05-06T20:56:09.055Z  INFO 1 --- [lab8-additional-service] [           main] o.s.boot.tomcat.TomcatWebServer          : Tomcat started on port 8081 (http) with context path '/'
2026-05-06T20:56:09.148Z  INFO 1 --- [lab8-additional-service] [   scheduling-1] r.h.l.a.service.FilmCacheService         : film-cache stats: size=0 ttlMs=30000 lastRefreshAtMs=0 hits=0 misses=0 refreshes=0
2026-05-06T20:56:09.154Z  INFO 1 --- [lab8-additional-service] [           main] r.h.l.a.AdditionalServiceApplication     : Started AdditionalServiceApplication in 13.603 seconds (process running for 16.841)
2026-05-06T20:56:19.064Z  INFO 1 --- [lab8-additional-service] [   scheduling-1] r.h.l.a.service.FilmCacheService         : film-cache stats: size=0 ttlMs=30000 lastRefreshAtMs=0 hits=0 misses=0 refreshes=0
2026-05-06T20:56:29.064Z  INFO 1 --- [lab8-additional-service] [   scheduling-1] r.h.l.a.service.FilmCacheService         : film-cache stats: size=0 ttlMs=30000 lastRefreshAtMs=0 hits=0 misses=0 refreshes=0
2026-05-06T20:56:39.064Z  INFO 1 --- [lab8-additional-service] [   scheduling-1] r.h.l.a.service.FilmCacheService         : film-cache stats: size=0 ttlMs=30000 lastRefreshAtMs=0 hits=0 misses=0 refreshes=0
2026-05-06T20:56:39.867Z  INFO 1 --- [lab8-additional-service] [nio-8081-exec-2] o.a.c.c.C.[Tomcat].[localhost].[/]       : Initializing Spring DispatcherServlet 'dispatcherServlet'
2026-05-06T20:56:39.868Z  INFO 1 --- [lab8-additional-service] [nio-8081-exec-2] o.s.web.servlet.DispatcherServlet        : Initializing Servlet 'dispatcherServlet'
2026-05-06T20:56:39.870Z  INFO 1 --- [lab8-additional-service] [nio-8081-exec-2] o.s.web.servlet.DispatcherServlet        : Completed initialization in 2 ms
2026-05-06T20:56:41.264Z  INFO 1 --- [lab8-additional-service] [   scheduling-1] r.h.l.a.o.ObservabilityService           : [lab8-additional-service] observability refresh
window 10s
  controller.ObservabilityController.getStats   n=    1 err=   0 errRate=  0.00% avg=  282.60 min=  282.60 max=  282.60 p50=  282.60 p95=  282.60 p99=  282.60 rps=   0.10
window 30s
  controller.ObservabilityController.getStats   n=    1 err=   0 errRate=  0.00% avg=  282.60 min=  282.60 max=  282.60 p50=  282.60 p95=  282.60 p99=  282.60 rps=   0.03
window 1m
  controller.ObservabilityController.getStats   n=    1 err=   0 errRate=  0.00% avg=  282.60 min=  282.60 max=  282.60 p50=  282.60 p95=  282.60 p99=  282.60 rps=   0.02

2026-05-06T20:56:42.265Z  INFO 1 --- [lab8-additional-service] [   scheduling-1] r.h.l.a.o.ObservabilityService           : [lab8-additional-service] observability refresh
window 10s
  controller.ObservabilityController.getStats   n=    1 err=   0 errRate=  0.00% avg=  282.60 min=  282.60 max=  282.60 p50=  282.60 p95=  282.60 p99=  282.60 rps=   0.10
window 30s
  controller.ObservabilityController.getStats   n=    1 err=   0 errRate=  0.00% avg=  282.60 min=  282.60 max=  282.60 p50=  282.60 p95=  282.60 p99=  282.60 rps=   0.03
window 1m
  controller.ObservabilityController.getStats   n=    1 err=   0 errRate=  0.00% avg=  282.60 min=  282.60 max=  282.60 p50=  282.60 p95=  282.60 p99=  282.60 rps=   0.02

2026-05-06T20:56:43.273Z  INFO 1 --- [lab8-additional-service] [   scheduling-1] r.h.l.a.o.ObservabilityService           : [lab8-additional-service] observability refresh
window 10s
  controller.ObservabilityController.getStats   n=    1 err=   0 errRate=  0.00% avg=  282.60 min=  282.60 max=  282.60 p50=  282.60 p95=  282.60 p99=  282.60 rps=   0.10
window 30s
  controller.ObservabilityController.getStats   n=    1 err=   0 errRate=  0.00% avg=  282.60 min=  282.60 max=  282.60 p50=  282.60 p95=  282.60 p99=  282.60 rps=   0.03
window 1m
  controller.ObservabilityController.getStats   n=    1 err=   0 errRate=  0.00% avg=  282.60 min=  282.60 max=  282.60 p50=  282.60 p95=  282.60 p99=  282.60 rps=   0.02

2026-05-06T20:56:44.350Z  INFO 1 --- [lab8-additional-service] [   scheduling-1] r.h.l.a.o.ObservabilityService           : [lab8-additional-service] observability refresh
window 10s
  calc.additional.maxViewersSummary             n=   30 err=   0 errRate=  0.00% avg= 2593.59 min= 2417.18 max= 2789.47 p50= 2598.42 p95= 2701.16 p99= 2764.06 rps=   3.00
  controller.AnalyticsController.maxViewersSummary n=   30 err=   0 errRate=  0.00% avg= 2918.67 min= 2716.39 max= 3120.05 p50= 2902.58 p95= 3023.07 p99= 3093.57 rps=   3.00
  controller.ObservabilityController.getStats   n=    1 err=   0 errRate=  0.00% avg=  282.60 min=  282.60 max=  282.60 p50=  282.60 p95=  282.60 p99=  282.60 rps=   0.10
  s2s.crud.fetchAllTickets                      n=   30 err=   0 errRate=  0.00% avg=  200.10 min=   38.64 max=  372.23 p50=  197.96 p95=  300.76 p99=  351.51 rps=   3.00
  s2s.crud.fetchFilms                           n=    1 err=   0 errRate=  0.00% avg= 2296.25 min= 2296.25 max= 2296.25 p50= 2296.25 p95= 2296.25 p99= 2296.25 rps=   0.10
window 30s
  calc.additional.maxViewersSummary             n=   30 err=   0 errRate=  0.00% avg= 2593.59 min= 2417.18 max= 2789.47 p50= 2598.42 p95= 2701.16 p99= 2764.06 rps=   1.00
  controller.AnalyticsController.maxViewersSummary n=   30 err=   0 errRate=  0.00% avg= 2918.67 min= 2716.39 max= 3120.05 p50= 2902.58 p95= 3023.07 p99= 3093.57 rps=   1.00
  controller.ObservabilityController.getStats   n=    1 err=   0 errRate=  0.00% avg=  282.60 min=  282.60 max=  282.60 p50=  282.60 p95=  282.60 p99=  282.60 rps=   0.03
  s2s.crud.fetchAllTickets                      n=   30 err=   0 errRate=  0.00% avg=  200.10 min=   38.64 max=  372.23 p50=  197.96 p95=  300.76 p99=  351.51 rps=   1.00
  s2s.crud.fetchFilms                           n=    1 err=   0 errRate=  0.00% avg= 2296.25 min= 2296.25 max= 2296.25 p50= 2296.25 p95= 2296.25 p99= 2296.25 rps=   0.03
window 1m
  calc.additional.maxViewersSummary             n=   30 err=   0 errRate=  0.00% avg= 2593.59 min= 2417.18 max= 2789.47 p50= 2598.42 p95= 2701.16 p99= 2764.06 rps=   0.50
  controller.AnalyticsController.maxViewersSummary n=   30 err=   0 errRate=  0.00% avg= 2918.67 min= 2716.39 max= 3120.05 p50= 2902.58 p95= 3023.07 p99= 3093.57 rps=   0.50
  controller.ObservabilityController.getStats   n=    1 err=   0 errRate=  0.00% avg=  282.60 min=  282.60 max=  282.60 p50=  282.60 p95=  282.60 p99=  282.60 rps=   0.02
  s2s.crud.fetchAllTickets                      n=   30 err=   0 errRate=  0.00% avg=  200.10 min=   38.64 max=  372.23 p50=  197.96 p95=  300.76 p99=  351.51 rps=   0.50
  s2s.crud.fetchFilms                           n=    1 err=   0 errRate=  0.00% avg= 2296.25 min= 2296.25 max= 2296.25 p50= 2296.25 p95= 2296.25 p99= 2296.25 rps=   0.02

2026-05-06T20:56:45.377Z  INFO 1 --- [lab8-additional-service] [   scheduling-1] r.h.l.a.o.ObservabilityService           : [lab8-additional-service] observability refresh
window 10s
  calc.additional.maxViewersSummary             n=   98 err=   0 errRate=  0.00% avg=  983.45 min=  109.30 max= 2789.47 p50=  292.54 p95= 2695.88 p99= 2704.48 rps=   9.80
  controller.AnalyticsController.maxViewersSummary n=   98 err=   0 errRate=  0.00% avg= 1085.20 min=  111.36 max= 3120.05 p50=  293.27 p95= 2989.05 p99= 3031.49 rps=   9.80
  controller.ObservabilityController.getStats   n=    1 err=   0 errRate=  0.00% avg=  282.60 min=  282.60 max=  282.60 p50=  282.60 p95=  282.60 p99=  282.60 rps=   0.10
  s2s.crud.fetchAllTickets                      n=   98 err=   0 errRate=  0.00% avg=  250.21 min=   38.64 max=  700.05 p50=  223.31 p95=  472.18 p99=  676.43 rps=   9.80
  s2s.crud.fetchFilms                           n=    1 err=   0 errRate=  0.00% avg= 2296.25 min= 2296.25 max= 2296.25 p50= 2296.25 p95= 2296.25 p99= 2296.25 rps=   0.10
window 30s
  calc.additional.maxViewersSummary             n=   98 err=   0 errRate=  0.00% avg=  983.45 min=  109.30 max= 2789.47 p50=  292.54 p95= 2695.88 p99= 2704.48 rps=   3.27
  controller.AnalyticsController.maxViewersSummary n=   98 err=   0 errRate=  0.00% avg= 1085.20 min=  111.36 max= 3120.05 p50=  293.27 p95= 2989.05 p99= 3031.49 rps=   3.27
  controller.ObservabilityController.getStats   n=    1 err=   0 errRate=  0.00% avg=  282.60 min=  282.60 max=  282.60 p50=  282.60 p95=  282.60 p99=  282.60 rps=   0.03
  s2s.crud.fetchAllTickets                      n=   98 err=   0 errRate=  0.00% avg=  250.21 min=   38.64 max=  700.05 p50=  223.31 p95=  472.18 p99=  676.43 rps=   3.27
  s2s.crud.fetchFilms                           n=    1 err=   0 errRate=  0.00% avg= 2296.25 min= 2296.25 max= 2296.25 p50= 2296.25 p95= 2296.25 p99= 2296.25 rps=   0.03
window 1m
  calc.additional.maxViewersSummary             n=   98 err=   0 errRate=  0.00% avg=  983.45 min=  109.30 max= 2789.47 p50=  292.54 p95= 2695.88 p99= 2704.48 rps=   1.63
  controller.AnalyticsController.maxViewersSummary n=   98 err=   0 errRate=  0.00% avg= 1085.20 min=  111.36 max= 3120.05 p50=  293.27 p95= 2989.05 p99= 3031.49 rps=   1.63
  controller.ObservabilityController.getStats   n=    1 err=   0 errRate=  0.00% avg=  282.60 min=  282.60 max=  282.60 p50=  282.60 p95=  282.60 p99=  282.60 rps=   0.02
  s2s.crud.fetchAllTickets                      n=   98 err=   0 errRate=  0.00% avg=  250.21 min=   38.64 max=  700.05 p50=  223.31 p95=  472.18 p99=  676.43 rps=   1.63
  s2s.crud.fetchFilms                           n=    1 err=   0 errRate=  0.00% avg= 2296.25 min= 2296.25 max= 2296.25 p50= 2296.25 p95= 2296.25 p99= 2296.25 rps=   0.02

2026-05-06T20:56:46.387Z  INFO 1 --- [lab8-additional-service] [   scheduling-1] r.h.l.a.o.ObservabilityService           : [lab8-additional-service] observability refresh
window 10s
  calc.additional.maxViewersSummary             n=  167 err=   0 errRate=  0.00% avg=  678.86 min=   97.82 max= 2789.47 p50=  278.28 p95= 2692.86 p99= 2700.84 rps=  16.70
  controller.AnalyticsController.maxViewersSummary n=  167 err=   0 errRate=  0.00% avg=  739.71 min=  105.25 max= 3120.05 p50=  280.15 p95= 2967.56 p99= 3020.42 rps=  16.70
  controller.ObservabilityController.getStats   n=    1 err=   0 errRate=  0.00% avg=  282.60 min=  282.60 max=  282.60 p50=  282.60 p95=  282.60 p99=  282.60 rps=   0.10
  s2s.crud.fetchAllTickets                      n=  167 err=   0 errRate=  0.00% avg=  248.34 min=   38.64 max=  700.05 p50=  221.77 p95=  446.74 p99=  554.09 rps=  16.70
  s2s.crud.fetchFilms                           n=    1 err=   0 errRate=  0.00% avg= 2296.25 min= 2296.25 max= 2296.25 p50= 2296.25 p95= 2296.25 p99= 2296.25 rps=   0.10
window 30s
  calc.additional.maxViewersSummary             n=  167 err=   0 errRate=  0.00% avg=  678.86 min=   97.82 max= 2789.47 p50=  278.28 p95= 2692.86 p99= 2700.84 rps=   5.57
  controller.AnalyticsController.maxViewersSummary n=  167 err=   0 errRate=  0.00% avg=  739.71 min=  105.25 max= 3120.05 p50=  280.15 p95= 2967.56 p99= 3020.42 rps=   5.57
  controller.ObservabilityController.getStats   n=    1 err=   0 errRate=  0.00% avg=  282.60 min=  282.60 max=  282.60 p50=  282.60 p95=  282.60 p99=  282.60 rps=   0.03
  s2s.crud.fetchAllTickets                      n=  167 err=   0 errRate=  0.00% avg=  248.34 min=   38.64 max=  700.05 p50=  221.77 p95=  446.74 p99=  554.09 rps=   5.57
  s2s.crud.fetchFilms                           n=    1 err=   0 errRate=  0.00% avg= 2296.25 min= 2296.25 max= 2296.25 p50= 2296.25 p95= 2296.25 p99= 2296.25 rps=   0.03
window 1m
  calc.additional.maxViewersSummary             n=  167 err=   0 errRate=  0.00% avg=  678.86 min=   97.82 max= 2789.47 p50=  278.28 p95= 2692.86 p99= 2700.84 rps=   2.78
  controller.AnalyticsController.maxViewersSummary n=  167 err=   0 errRate=  0.00% avg=  739.71 min=  105.25 max= 3120.05 p50=  280.15 p95= 2967.56 p99= 3020.42 rps=   2.78
  controller.ObservabilityController.getStats   n=    1 err=   0 errRate=  0.00% avg=  282.60 min=  282.60 max=  282.60 p50=  282.60 p95=  282.60 p99=  282.60 rps=   0.02
  s2s.crud.fetchAllTickets                      n=  167 err=   0 errRate=  0.00% avg=  248.34 min=   38.64 max=  700.05 p50=  221.77 p95=  446.74 p99=  554.09 rps=   2.78
  s2s.crud.fetchFilms                           n=    1 err=   0 errRate=  0.00% avg= 2296.25 min= 2296.25 max= 2296.25 p50= 2296.25 p95= 2296.25 p99= 2296.25 rps=   0.02

2026-05-06T20:56:47.396Z  INFO 1 --- [lab8-additional-service] [   scheduling-1] r.h.l.a.o.ObservabilityService           : [lab8-additional-service] observability refresh
window 10s
  calc.additional.maxViewersSummary             n=  235 err=   0 errRate=  0.00% avg=  559.72 min=   97.82 max= 2789.47 p50=  278.28 p95= 2689.39 p99= 2699.83 rps=  23.50
  controller.AnalyticsController.maxViewersSummary n=  235 err=   0 errRate=  0.00% avg=  603.52 min=  105.25 max= 3120.05 p50=  280.15 p95= 2920.69 p99= 3007.32 rps=  23.50
  controller.ObservabilityController.getStats   n=    1 err=   0 errRate=  0.00% avg=  282.60 min=  282.60 max=  282.60 p50=  282.60 p95=  282.60 p99=  282.60 rps=   0.10
  s2s.crud.fetchAllTickets                      n=  235 err=   0 errRate=  0.00% avg=  253.59 min=   38.64 max=  700.05 p50=  241.60 p95=  396.23 p99=  490.88 rps=  23.50
  s2s.crud.fetchFilms                           n=    1 err=   0 errRate=  0.00% avg= 2296.25 min= 2296.25 max= 2296.25 p50= 2296.25 p95= 2296.25 p99= 2296.25 rps=   0.10
window 30s
  calc.additional.maxViewersSummary             n=  235 err=   0 errRate=  0.00% avg=  559.72 min=   97.82 max= 2789.47 p50=  278.28 p95= 2689.39 p99= 2699.83 rps=   7.83
  controller.AnalyticsController.maxViewersSummary n=  235 err=   0 errRate=  0.00% avg=  603.52 min=  105.25 max= 3120.05 p50=  280.15 p95= 2920.69 p99= 3007.32 rps=   7.83
  controller.ObservabilityController.getStats   n=    1 err=   0 errRate=  0.00% avg=  282.60 min=  282.60 max=  282.60 p50=  282.60 p95=  282.60 p99=  282.60 rps=   0.03
  s2s.crud.fetchAllTickets                      n=  235 err=   0 errRate=  0.00% avg=  253.59 min=   38.64 max=  700.05 p50=  241.60 p95=  396.23 p99=  490.88 rps=   7.83
  s2s.crud.fetchFilms                           n=    1 err=   0 errRate=  0.00% avg= 2296.25 min= 2296.25 max= 2296.25 p50= 2296.25 p95= 2296.25 p99= 2296.25 rps=   0.03
window 1m
  calc.additional.maxViewersSummary             n=  235 err=   0 errRate=  0.00% avg=  559.72 min=   97.82 max= 2789.47 p50=  278.28 p95= 2689.39 p99= 2699.83 rps=   3.92
  controller.AnalyticsController.maxViewersSummary n=  235 err=   0 errRate=  0.00% avg=  603.52 min=  105.25 max= 3120.05 p50=  280.15 p95= 2920.69 p99= 3007.32 rps=   3.92
  controller.ObservabilityController.getStats   n=    1 err=   0 errRate=  0.00% avg=  282.60 min=  282.60 max=  282.60 p50=  282.60 p95=  282.60 p99=  282.60 rps=   0.02
  s2s.crud.fetchAllTickets                      n=  235 err=   0 errRate=  0.00% avg=  253.59 min=   38.64 max=  700.05 p50=  241.60 p95=  396.23 p99=  490.88 rps=   3.92
  s2s.crud.fetchFilms                           n=    1 err=   0 errRate=  0.00% avg= 2296.25 min= 2296.25 max= 2296.25 p50= 2296.25 p95= 2296.25 p99= 2296.25 rps=   0.02

2026-05-06T20:56:48.406Z  INFO 1 --- [lab8-additional-service] [   scheduling-1] r.h.l.a.o.ObservabilityService           : [lab8-additional-service] observability refresh
window 10s
  calc.additional.maxViewersSummary             n=  298 err=   0 errRate=  0.00% avg=  500.83 min=   97.82 max= 2789.47 p50=  281.97 p95= 2597.77 p99= 2698.93 rps=  29.80
  controller.AnalyticsController.maxViewersSummary n=  298 err=   0 errRate=  0.00% avg=  535.78 min=  105.25 max= 3120.05 p50=  283.27 p95= 2902.29 p99= 2990.98 rps=  29.80
  controller.ObservabilityController.getStats   n=    1 err=   0 errRate=  0.00% avg=  282.60 min=  282.60 max=  282.60 p50=  282.60 p95=  282.60 p99=  282.60 rps=   0.10
  s2s.crud.fetchAllTickets                      n=  298 err=   0 errRate=  0.00% avg=  259.22 min=   38.64 max=  700.05 p50=  266.21 p95=  407.49 p99=  489.83 rps=  29.80
  s2s.crud.fetchFilms                           n=    1 err=   0 errRate=  0.00% avg= 2296.25 min= 2296.25 max= 2296.25 p50= 2296.25 p95= 2296.25 p99= 2296.25 rps=   0.10
window 30s
  calc.additional.maxViewersSummary             n=  298 err=   0 errRate=  0.00% avg=  500.83 min=   97.82 max= 2789.47 p50=  281.97 p95= 2597.77 p99= 2698.93 rps=   9.93
  controller.AnalyticsController.maxViewersSummary n=  298 err=   0 errRate=  0.00% avg=  535.78 min=  105.25 max= 3120.05 p50=  283.27 p95= 2902.29 p99= 2990.98 rps=   9.93
  controller.ObservabilityController.getStats   n=    1 err=   0 errRate=  0.00% avg=  282.60 min=  282.60 max=  282.60 p50=  282.60 p95=  282.60 p99=  282.60 rps=   0.03
  s2s.crud.fetchAllTickets                      n=  298 err=   0 errRate=  0.00% avg=  259.22 min=   38.64 max=  700.05 p50=  266.21 p95=  407.49 p99=  489.83 rps=   9.93
  s2s.crud.fetchFilms                           n=    1 err=   0 errRate=  0.00% avg= 2296.25 min= 2296.25 max= 2296.25 p50= 2296.25 p95= 2296.25 p99= 2296.25 rps=   0.03
window 1m
  calc.additional.maxViewersSummary             n=  298 err=   0 errRate=  0.00% avg=  500.83 min=   97.82 max= 2789.47 p50=  281.97 p95= 2597.77 p99= 2698.93 rps=   4.97
  controller.AnalyticsController.maxViewersSummary n=  298 err=   0 errRate=  0.00% avg=  535.78 min=  105.25 max= 3120.05 p50=  283.27 p95= 2902.29 p99= 2990.98 rps=   4.97
  controller.ObservabilityController.getStats   n=    1 err=   0 errRate=  0.00% avg=  282.60 min=  282.60 max=  282.60 p50=  282.60 p95=  282.60 p99=  282.60 rps=   0.02
  s2s.crud.fetchAllTickets                      n=  298 err=   0 errRate=  0.00% avg=  259.22 min=   38.64 max=  700.05 p50=  266.21 p95=  407.49 p99=  489.83 rps=   4.97
  s2s.crud.fetchFilms                           n=    1 err=   0 errRate=  0.00% avg= 2296.25 min= 2296.25 max= 2296.25 p50= 2296.25 p95= 2296.25 p99= 2296.25 rps=   0.02

2026-05-06T20:56:49.064Z  INFO 1 --- [lab8-additional-service] [   scheduling-1] r.h.l.a.service.FilmCacheService         : film-cache stats: size=310 ttlMs=30000 lastRefreshAtMs=1778101001454 hits=356 misses=1 refreshes=1
2026-05-06T20:56:49.414Z  INFO 1 --- [lab8-additional-service] [   scheduling-1] r.h.l.a.o.ObservabilityService           : [lab8-additional-service] observability refresh
window 10s
  calc.additional.maxViewersSummary             n=  357 err=   0 errRate=  0.00% avg=  474.55 min=   97.82 max= 2789.47 p50=  287.52 p95= 2592.05 p99= 2697.98 rps=  35.70
  controller.AnalyticsController.maxViewersSummary n=  357 err=   0 errRate=  0.00% avg=  503.93 min=  105.25 max= 3120.05 p50=  290.14 p95= 2897.97 p99= 2989.70 rps=  35.70
  controller.ObservabilityController.getStats   n=    1 err=   0 errRate=  0.00% avg=  282.60 min=  282.60 max=  282.60 p50=  282.60 p95=  282.60 p99=  282.60 rps=   0.10
  s2s.crud.fetchAllTickets                      n=  357 err=   0 errRate=  0.00% avg=  272.84 min=   38.64 max=  700.05 p50=  276.07 p95=  474.82 p99=  591.98 rps=  35.70
  s2s.crud.fetchFilms                           n=    1 err=   0 errRate=  0.00% avg= 2296.25 min= 2296.25 max= 2296.25 p50= 2296.25 p95= 2296.25 p99= 2296.25 rps=   0.10
window 30s
  calc.additional.maxViewersSummary             n=  357 err=   0 errRate=  0.00% avg=  474.55 min=   97.82 max= 2789.47 p50=  287.52 p95= 2592.05 p99= 2697.98 rps=  11.90
  controller.AnalyticsController.maxViewersSummary n=  357 err=   0 errRate=  0.00% avg=  503.93 min=  105.25 max= 3120.05 p50=  290.14 p95= 2897.97 p99= 2989.70 rps=  11.90
  controller.ObservabilityController.getStats   n=    1 err=   0 errRate=  0.00% avg=  282.60 min=  282.60 max=  282.60 p50=  282.60 p95=  282.60 p99=  282.60 rps=   0.03
  s2s.crud.fetchAllTickets                      n=  357 err=   0 errRate=  0.00% avg=  272.84 min=   38.64 max=  700.05 p50=  276.07 p95=  474.82 p99=  591.98 rps=  11.90
  s2s.crud.fetchFilms                           n=    1 err=   0 errRate=  0.00% avg= 2296.25 min= 2296.25 max= 2296.25 p50= 2296.25 p95= 2296.25 p99= 2296.25 rps=   0.03
window 1m
  calc.additional.maxViewersSummary             n=  357 err=   0 errRate=  0.00% avg=  474.55 min=   97.82 max= 2789.47 p50=  287.52 p95= 2592.05 p99= 2697.98 rps=   5.95
  controller.AnalyticsController.maxViewersSummary n=  357 err=   0 errRate=  0.00% avg=  503.93 min=  105.25 max= 3120.05 p50=  290.14 p95= 2897.97 p99= 2989.70 rps=   5.95
  controller.ObservabilityController.getStats   n=    1 err=   0 errRate=  0.00% avg=  282.60 min=  282.60 max=  282.60 p50=  282.60 p95=  282.60 p99=  282.60 rps=   0.02
  s2s.crud.fetchAllTickets                      n=  357 err=   0 errRate=  0.00% avg=  272.84 min=   38.64 max=  700.05 p50=  276.07 p95=  474.82 p99=  591.98 rps=   5.95
  s2s.crud.fetchFilms                           n=    1 err=   0 errRate=  0.00% avg= 2296.25 min= 2296.25 max= 2296.25 p50= 2296.25 p95= 2296.25 p99= 2296.25 rps=   0.02

2026-05-06T20:56:50.448Z  INFO 1 --- [lab8-additional-service] [   scheduling-1] r.h.l.a.o.ObservabilityService           : [lab8-additional-service] observability refresh
window 10s
  calc.additional.maxViewersSummary             n=  416 err=   0 errRate=  0.00% avg=  455.41 min=   97.82 max= 2789.47 p50=  292.85 p95= 2493.67 p99= 2697.02 rps=  41.60
  controller.AnalyticsController.maxViewersSummary n=  414 err=   0 errRate=  0.00% avg=  481.53 min=  105.25 max= 3120.05 p50=  295.13 p95= 2891.31 p99= 2989.27 rps=  41.40
  s2s.crud.fetchAllTickets                      n=  416 err=   0 errRate=  0.00% avg=  282.27 min=   38.64 max=  700.05 p50=  284.03 p95=  489.29 p99=  595.32 rps=  41.60
  s2s.crud.fetchFilms                           n=    1 err=   0 errRate=  0.00% avg= 2296.25 min= 2296.25 max= 2296.25 p50= 2296.25 p95= 2296.25 p99= 2296.25 rps=   0.10
window 30s
  calc.additional.maxViewersSummary             n=  416 err=   0 errRate=  0.00% avg=  455.41 min=   97.82 max= 2789.47 p50=  292.85 p95= 2493.67 p99= 2697.02 rps=  13.87
  controller.AnalyticsController.maxViewersSummary n=  414 err=   0 errRate=  0.00% avg=  481.53 min=  105.25 max= 3120.05 p50=  295.13 p95= 2891.31 p99= 2989.27 rps=  13.80
  controller.ObservabilityController.getStats   n=    1 err=   0 errRate=  0.00% avg=  282.60 min=  282.60 max=  282.60 p50=  282.60 p95=  282.60 p99=  282.60 rps=   0.03
  s2s.crud.fetchAllTickets                      n=  416 err=   0 errRate=  0.00% avg=  282.27 min=   38.64 max=  700.05 p50=  284.03 p95=  489.29 p99=  595.32 rps=  13.87
  s2s.crud.fetchFilms                           n=    1 err=   0 errRate=  0.00% avg= 2296.25 min= 2296.25 max= 2296.25 p50= 2296.25 p95= 2296.25 p99= 2296.25 rps=   0.03
window 1m
  calc.additional.maxViewersSummary             n=  416 err=   0 errRate=  0.00% avg=  455.41 min=   97.82 max= 2789.47 p50=  292.85 p95= 2493.67 p99= 2697.02 rps=   6.93
  controller.AnalyticsController.maxViewersSummary n=  414 err=   0 errRate=  0.00% avg=  481.53 min=  105.25 max= 3120.05 p50=  295.13 p95= 2891.31 p99= 2989.27 rps=   6.90
  controller.ObservabilityController.getStats   n=    1 err=   0 errRate=  0.00% avg=  282.60 min=  282.60 max=  282.60 p50=  282.60 p95=  282.60 p99=  282.60 rps=   0.02
  s2s.crud.fetchAllTickets                      n=  416 err=   0 errRate=  0.00% avg=  282.27 min=   38.64 max=  700.05 p50=  284.03 p95=  489.29 p99=  595.32 rps=   6.93
  s2s.crud.fetchFilms                           n=    1 err=   0 errRate=  0.00% avg= 2296.25 min= 2296.25 max= 2296.25 p50= 2296.25 p95= 2296.25 p99= 2296.25 rps=   0.02

2026-05-06T20:56:51.457Z  INFO 1 --- [lab8-additional-service] [   scheduling-1] r.h.l.a.o.ObservabilityService           : [lab8-additional-service] observability refresh
window 10s
  calc.additional.maxViewersSummary             n=  476 err=   0 errRate=  0.00% avg=  436.56 min=   97.45 max= 2789.47 p50=  294.48 p95= 2443.66 p99= 2696.04 rps=  47.60
  controller.AnalyticsController.maxViewersSummary n=  476 err=   0 errRate=  0.00% avg=  459.39 min=   97.81 max= 3120.05 p50=  296.71 p95= 2888.91 p99= 2989.08 rps=  47.60
  s2s.crud.fetchAllTickets                      n=  476 err=   0 errRate=  0.00% avg=  285.23 min=   38.64 max=  700.05 p50=  286.08 p95=  489.29 p99=  596.90 rps=  47.60
  s2s.crud.fetchFilms                           n=    1 err=   0 errRate=  0.00% avg= 2296.25 min= 2296.25 max= 2296.25 p50= 2296.25 p95= 2296.25 p99= 2296.25 rps=   0.10
window 30s
  calc.additional.maxViewersSummary             n=  476 err=   0 errRate=  0.00% avg=  436.56 min=   97.45 max= 2789.47 p50=  294.48 p95= 2443.66 p99= 2696.04 rps=  15.87
  controller.AnalyticsController.maxViewersSummary n=  476 err=   0 errRate=  0.00% avg=  459.39 min=   97.81 max= 3120.05 p50=  296.71 p95= 2888.91 p99= 2989.08 rps=  15.87
  controller.ObservabilityController.getStats   n=    1 err=   0 errRate=  0.00% avg=  282.60 min=  282.60 max=  282.60 p50=  282.60 p95=  282.60 p99=  282.60 rps=   0.03
  s2s.crud.fetchAllTickets                      n=  476 err=   0 errRate=  0.00% avg=  285.23 min=   38.64 max=  700.05 p50=  286.08 p95=  489.29 p99=  596.90 rps=  15.87
  s2s.crud.fetchFilms                           n=    1 err=   0 errRate=  0.00% avg= 2296.25 min= 2296.25 max= 2296.25 p50= 2296.25 p95= 2296.25 p99= 2296.25 rps=   0.03
window 1m
  calc.additional.maxViewersSummary             n=  476 err=   0 errRate=  0.00% avg=  436.56 min=   97.45 max= 2789.47 p50=  294.48 p95= 2443.66 p99= 2696.04 rps=   7.93
  controller.AnalyticsController.maxViewersSummary n=  476 err=   0 errRate=  0.00% avg=  459.39 min=   97.81 max= 3120.05 p50=  296.71 p95= 2888.91 p99= 2989.08 rps=   7.93
  controller.ObservabilityController.getStats   n=    1 err=   0 errRate=  0.00% avg=  282.60 min=  282.60 max=  282.60 p50=  282.60 p95=  282.60 p99=  282.60 rps=   0.02
  s2s.crud.fetchAllTickets                      n=  476 err=   0 errRate=  0.00% avg=  285.23 min=   38.64 max=  700.05 p50=  286.08 p95=  489.29 p99=  596.90 rps=   7.93
  s2s.crud.fetchFilms                           n=    1 err=   0 errRate=  0.00% avg= 2296.25 min= 2296.25 max= 2296.25 p50= 2296.25 p95= 2296.25 p99= 2296.25 rps=   0.02

2026-05-06T20:56:52.467Z  INFO 1 --- [lab8-additional-service] [   scheduling-1] r.h.l.a.o.ObservabilityService           : [lab8-additional-service] observability refresh
window 10s
  calc.additional.maxViewersSummary             n=  541 err=   0 errRate=  0.00% avg=  419.10 min=   97.45 max= 2789.47 p50=  294.11 p95= 2423.99 p99= 2695.18 rps=  54.10
  controller.AnalyticsController.maxViewersSummary n=  541 err=   0 errRate=  0.00% avg=  439.38 min=   97.81 max= 3120.05 p50=  295.53 p95= 2799.07 p99= 2987.77 rps=  54.10
  s2s.crud.fetchAllTickets                      n=  541 err=   0 errRate=  0.00% avg=  285.93 min=   38.64 max=  700.05 p50=  286.11 p95=  491.44 p99=  597.86 rps=  54.10
  s2s.crud.fetchFilms                           n=    1 err=   0 errRate=  0.00% avg= 2296.25 min= 2296.25 max= 2296.25 p50= 2296.25 p95= 2296.25 p99= 2296.25 rps=   0.10
window 30s
  calc.additional.maxViewersSummary             n=  541 err=   0 errRate=  0.00% avg=  419.10 min=   97.45 max= 2789.47 p50=  294.11 p95= 2423.99 p99= 2695.18 rps=  18.03
  controller.AnalyticsController.maxViewersSummary n=  541 err=   0 errRate=  0.00% avg=  439.38 min=   97.81 max= 3120.05 p50=  295.53 p95= 2799.07 p99= 2987.77 rps=  18.03
  controller.ObservabilityController.getStats   n=    1 err=   0 errRate=  0.00% avg=  282.60 min=  282.60 max=  282.60 p50=  282.60 p95=  282.60 p99=  282.60 rps=   0.03
  s2s.crud.fetchAllTickets                      n=  541 err=   0 errRate=  0.00% avg=  285.93 min=   38.64 max=  700.05 p50=  286.11 p95=  491.44 p99=  597.86 rps=  18.03
  s2s.crud.fetchFilms                           n=    1 err=   0 errRate=  0.00% avg= 2296.25 min= 2296.25 max= 2296.25 p50= 2296.25 p95= 2296.25 p99= 2296.25 rps=   0.03
window 1m
  calc.additional.maxViewersSummary             n=  541 err=   0 errRate=  0.00% avg=  419.10 min=   97.45 max= 2789.47 p50=  294.11 p95= 2423.99 p99= 2695.18 rps=   9.02
  controller.AnalyticsController.maxViewersSummary n=  541 err=   0 errRate=  0.00% avg=  439.38 min=   97.81 max= 3120.05 p50=  295.53 p95= 2799.07 p99= 2987.77 rps=   9.02
  controller.ObservabilityController.getStats   n=    1 err=   0 errRate=  0.00% avg=  282.60 min=  282.60 max=  282.60 p50=  282.60 p95=  282.60 p99=  282.60 rps=   0.02
  s2s.crud.fetchAllTickets                      n=  541 err=   0 errRate=  0.00% avg=  285.93 min=   38.64 max=  700.05 p50=  286.11 p95=  491.44 p99=  597.86 rps=   9.02
  s2s.crud.fetchFilms                           n=    1 err=   0 errRate=  0.00% avg= 2296.25 min= 2296.25 max= 2296.25 p50= 2296.25 p95= 2296.25 p99= 2296.25 rps=   0.02

2026-05-06T20:56:53.476Z  INFO 1 --- [lab8-additional-service] [   scheduling-1] r.h.l.a.o.ObservabilityService           : [lab8-additional-service] observability refresh
window 10s
  calc.additional.maxViewersSummary             n=  606 err=   0 errRate=  0.00% avg=  411.07 min=   97.45 max= 2789.47 p50=  294.19 p95=  704.01 p99= 2694.48 rps=  60.60
  controller.AnalyticsController.maxViewersSummary n=  606 err=   0 errRate=  0.00% avg=  429.27 min=   97.81 max= 3120.05 p50=  295.62 p95=  741.62 p99= 2985.93 rps=  60.60
  s2s.crud.fetchAllTickets                      n=  606 err=   0 errRate=  0.00% avg=  292.16 min=   38.64 max=  705.11 p50=  287.00 p95=  502.84 p99=  675.33 rps=  60.60
  s2s.crud.fetchFilms                           n=    1 err=   0 errRate=  0.00% avg= 2296.25 min= 2296.25 max= 2296.25 p50= 2296.25 p95= 2296.25 p99= 2296.25 rps=   0.10
window 30s
  calc.additional.maxViewersSummary             n=  606 err=   0 errRate=  0.00% avg=  411.07 min=   97.45 max= 2789.47 p50=  294.19 p95=  704.01 p99= 2694.48 rps=  20.20
  controller.AnalyticsController.maxViewersSummary n=  606 err=   0 errRate=  0.00% avg=  429.27 min=   97.81 max= 3120.05 p50=  295.62 p95=  741.62 p99= 2985.93 rps=  20.20
  controller.ObservabilityController.getStats   n=    1 err=   0 errRate=  0.00% avg=  282.60 min=  282.60 max=  282.60 p50=  282.60 p95=  282.60 p99=  282.60 rps=   0.03
  s2s.crud.fetchAllTickets                      n=  606 err=   0 errRate=  0.00% avg=  292.16 min=   38.64 max=  705.11 p50=  287.00 p95=  502.84 p99=  675.33 rps=  20.20
  s2s.crud.fetchFilms                           n=    1 err=   0 errRate=  0.00% avg= 2296.25 min= 2296.25 max= 2296.25 p50= 2296.25 p95= 2296.25 p99= 2296.25 rps=   0.03
window 1m
  calc.additional.maxViewersSummary             n=  606 err=   0 errRate=  0.00% avg=  411.07 min=   97.45 max= 2789.47 p50=  294.19 p95=  704.01 p99= 2694.48 rps=  10.10
  controller.AnalyticsController.maxViewersSummary n=  606 err=   0 errRate=  0.00% avg=  429.27 min=   97.81 max= 3120.05 p50=  295.62 p95=  741.62 p99= 2985.93 rps=  10.10
  controller.ObservabilityController.getStats   n=    1 err=   0 errRate=  0.00% avg=  282.60 min=  282.60 max=  282.60 p50=  282.60 p95=  282.60 p99=  282.60 rps=   0.02
  s2s.crud.fetchAllTickets                      n=  606 err=   0 errRate=  0.00% avg=  292.16 min=   38.64 max=  705.11 p50=  287.00 p95=  502.84 p99=  675.33 rps=  10.10
  s2s.crud.fetchFilms                           n=    1 err=   0 errRate=  0.00% avg= 2296.25 min= 2296.25 max= 2296.25 p50= 2296.25 p95= 2296.25 p99= 2296.25 rps=   0.02

2026-05-06T20:56:54.489Z  INFO 1 --- [lab8-additional-service] [   scheduling-1] r.h.l.a.o.ObservabilityService           : [lab8-additional-service] observability refresh
window 10s
  calc.additional.maxViewersSummary             n=  639 err=   0 errRate=  0.00% avg=  300.24 min=   97.45 max=  705.23 p50=  291.34 p95=  521.32 p99=  681.02 rps=  63.90
  controller.AnalyticsController.maxViewersSummary n=  639 err=   0 errRate=  0.00% avg=  302.34 min=   97.81 max=  753.12 p50=  293.35 p95=  531.19 p99=  684.37 rps=  63.90
  s2s.crud.fetchAllTickets                      n=  639 err=   0 errRate=  0.00% avg=  299.82 min=   97.36 max=  705.11 p50=  291.22 p95=  521.22 p99=  680.89 rps=  63.90
window 30s
  calc.additional.maxViewersSummary             n=  674 err=   0 errRate=  0.00% avg=  401.57 min=   97.45 max= 2789.47 p50=  294.19 p95=  689.76 p99= 2694.21 rps=  22.47
  controller.AnalyticsController.maxViewersSummary n=  674 err=   0 errRate=  0.00% avg=  418.04 min=   97.81 max= 3120.05 p50=  295.70 p95=  698.23 p99= 2985.86 rps=  22.47
  controller.ObservabilityController.getStats   n=    1 err=   0 errRate=  0.00% avg=  282.60 min=  282.60 max=  282.60 p50=  282.60 p95=  282.60 p99=  282.60 rps=   0.03
  s2s.crud.fetchAllTickets                      n=  674 err=   0 errRate=  0.00% avg=  294.63 min=   38.64 max=  705.11 p50=  287.57 p95=  514.45 p99=  679.56 rps=  22.47
  s2s.crud.fetchFilms                           n=    1 err=   0 errRate=  0.00% avg= 2296.25 min= 2296.25 max= 2296.25 p50= 2296.25 p95= 2296.25 p99= 2296.25 rps=   0.03
window 1m
  calc.additional.maxViewersSummary             n=  674 err=   0 errRate=  0.00% avg=  401.57 min=   97.45 max= 2789.47 p50=  294.19 p95=  689.76 p99= 2694.21 rps=  11.23
  controller.AnalyticsController.maxViewersSummary n=  674 err=   0 errRate=  0.00% avg=  418.04 min=   97.81 max= 3120.05 p50=  295.70 p95=  698.23 p99= 2985.86 rps=  11.23
  controller.ObservabilityController.getStats   n=    1 err=   0 errRate=  0.00% avg=  282.60 min=  282.60 max=  282.60 p50=  282.60 p95=  282.60 p99=  282.60 rps=   0.02
  s2s.crud.fetchAllTickets                      n=  674 err=   0 errRate=  0.00% avg=  294.63 min=   38.64 max=  705.11 p50=  287.57 p95=  514.45 p99=  679.56 rps=  11.23
  s2s.crud.fetchFilms                           n=    1 err=   0 errRate=  0.00% avg= 2296.25 min= 2296.25 max= 2296.25 p50= 2296.25 p95= 2296.25 p99= 2296.25 rps=   0.02

2026-05-06T20:56:55.549Z  INFO 1 --- [lab8-additional-service] [   scheduling-1] r.h.l.a.o.ObservabilityService           : [lab8-additional-service] observability refresh
window 10s
  calc.additional.maxViewersSummary             n=  642 err=   0 errRate=  0.00% avg=  301.14 min=   97.45 max=  705.23 p50=  294.19 p95=  520.78 p99=  674.49 rps=  64.20
  controller.AnalyticsController.maxViewersSummary n=  642 err=   0 errRate=  0.00% avg=  302.98 min=   97.81 max=  707.11 p50=  295.70 p95=  530.88 p99=  675.68 rps=  64.20
  s2s.crud.fetchAllTickets                      n=  642 err=   0 errRate=  0.00% avg=  300.81 min=   97.36 max=  705.11 p50=  293.33 p95=  520.69 p99=  674.34 rps=  64.20
window 30s
  calc.additional.maxViewersSummary             n=  745 err=   0 errRate=  0.00% avg=  390.25 min=   97.45 max= 2789.47 p50=  293.40 p95=  678.16 p99= 2693.56 rps=  24.83
  controller.AnalyticsController.maxViewersSummary n=  745 err=   0 errRate=  0.00% avg=  405.23 min=   97.81 max= 3120.05 p50=  295.42 p95=  683.10 p99= 2983.80 rps=  24.83
  controller.ObservabilityController.getStats   n=    1 err=   0 errRate=  0.00% avg=  282.60 min=  282.60 max=  282.60 p50=  282.60 p95=  282.60 p99=  282.60 rps=   0.03
  s2s.crud.fetchAllTickets                      n=  745 err=   0 errRate=  0.00% avg=  293.49 min=   38.64 max=  705.11 p50=  286.82 p95=  512.06 p99=  677.29 rps=  24.83
  s2s.crud.fetchFilms                           n=    1 err=   0 errRate=  0.00% avg= 2296.25 min= 2296.25 max= 2296.25 p50= 2296.25 p95= 2296.25 p99= 2296.25 rps=   0.03
window 1m
  calc.additional.maxViewersSummary             n=  745 err=   0 errRate=  0.00% avg=  390.25 min=   97.45 max= 2789.47 p50=  293.40 p95=  678.16 p99= 2693.56 rps=  12.42
  controller.AnalyticsController.maxViewersSummary n=  745 err=   0 errRate=  0.00% avg=  405.23 min=   97.81 max= 3120.05 p50=  295.42 p95=  683.10 p99= 2983.80 rps=  12.42
  controller.ObservabilityController.getStats   n=    1 err=   0 errRate=  0.00% avg=  282.60 min=  282.60 max=  282.60 p50=  282.60 p95=  282.60 p99=  282.60 rps=   0.02
  s2s.crud.fetchAllTickets                      n=  745 err=   0 errRate=  0.00% avg=  293.49 min=   38.64 max=  705.11 p50=  286.82 p95=  512.06 p99=  677.29 rps=  12.42
  s2s.crud.fetchFilms                           n=    1 err=   0 errRate=  0.00% avg= 2296.25 min= 2296.25 max= 2296.25 p50= 2296.25 p95= 2296.25 p99= 2296.25 rps=   0.02

2026-05-06T20:56:56.557Z  INFO 1 --- [lab8-additional-service] [   scheduling-1] r.h.l.a.o.ObservabilityService           : [lab8-additional-service] observability refresh
window 10s
  calc.additional.maxViewersSummary             n=  644 err=   0 errRate=  0.00% avg=  303.15 min=   87.48 max=  705.23 p50=  295.98 p95=  521.97 p99=  674.28 rps=  64.40
  controller.AnalyticsController.maxViewersSummary n=  644 err=   0 errRate=  0.00% avg=  304.81 min=   88.05 max=  707.11 p50=  297.08 p95=  530.34 p99=  675.49 rps=  64.40
  s2s.crud.fetchAllTickets                      n=  644 err=   0 errRate=  0.00% avg=  302.79 min=   87.33 max=  705.11 p50=  295.13 p95=  521.80 p99=  674.14 rps=  64.40
window 30s
  calc.additional.maxViewersSummary             n=  823 err=   0 errRate=  0.00% avg=  378.59 min=   87.48 max= 2789.47 p50=  292.25 p95=  614.60 p99= 2692.86 rps=  27.43
  controller.AnalyticsController.maxViewersSummary n=  823 err=   0 errRate=  0.00% avg=  392.26 min=   88.05 max= 3120.05 p50=  293.78 p95=  615.13 p99= 2971.20 rps=  27.43
  controller.ObservabilityController.getStats   n=    1 err=   0 errRate=  0.00% avg=  282.60 min=  282.60 max=  282.60 p50=  282.60 p95=  282.60 p99=  282.60 rps=   0.03
  s2s.crud.fetchAllTickets                      n=  823 err=   0 errRate=  0.00% avg=  290.94 min=   38.64 max=  705.11 p50=  286.10 p95=  504.65 p99=  674.07 rps=  27.43
  s2s.crud.fetchFilms                           n=    1 err=   0 errRate=  0.00% avg= 2296.25 min= 2296.25 max= 2296.25 p50= 2296.25 p95= 2296.25 p99= 2296.25 rps=   0.03
window 1m
  calc.additional.maxViewersSummary             n=  823 err=   0 errRate=  0.00% avg=  378.59 min=   87.48 max= 2789.47 p50=  292.25 p95=  614.60 p99= 2692.86 rps=  13.72
  controller.AnalyticsController.maxViewersSummary n=  823 err=   0 errRate=  0.00% avg=  392.26 min=   88.05 max= 3120.05 p50=  293.78 p95=  615.13 p99= 2971.20 rps=  13.72
  controller.ObservabilityController.getStats   n=    1 err=   0 errRate=  0.00% avg=  282.60 min=  282.60 max=  282.60 p50=  282.60 p95=  282.60 p99=  282.60 rps=   0.02
  s2s.crud.fetchAllTickets                      n=  823 err=   0 errRate=  0.00% avg=  290.94 min=   38.64 max=  705.11 p50=  286.10 p95=  504.65 p99=  674.07 rps=  13.72
  s2s.crud.fetchFilms                           n=    1 err=   0 errRate=  0.00% avg= 2296.25 min= 2296.25 max= 2296.25 p50= 2296.25 p95= 2296.25 p99= 2296.25 rps=   0.02

2026-05-06T20:56:57.564Z  INFO 1 --- [lab8-additional-service] [   scheduling-1] r.h.l.a.o.ObservabilityService           : [lab8-additional-service] observability refresh
window 10s
  calc.additional.maxViewersSummary             n=  655 err=   0 errRate=  0.00% avg=  297.45 min=   37.27 max=  705.23 p50=  292.81 p95=  521.28 p99=  673.16 rps=  65.50
  controller.AnalyticsController.maxViewersSummary n=  655 err=   0 errRate=  0.00% avg=  298.98 min=   37.79 max=  707.11 p50=  293.78 p95=  527.33 p99=  674.46 rps=  65.50
  s2s.crud.fetchAllTickets                      n=  655 err=   0 errRate=  0.00% avg=  297.16 min=   37.09 max=  705.11 p50=  292.69 p95=  521.15 p99=  673.01 rps=  65.50
window 30s
  calc.additional.maxViewersSummary             n=  905 err=   0 errRate=  0.00% avg=  365.35 min=   37.27 max= 2789.47 p50=  289.12 p95=  603.10 p99= 2692.75 rps=  30.17
  controller.AnalyticsController.maxViewersSummary n=  905 err=   0 errRate=  0.00% avg=  377.86 min=   37.79 max= 3120.05 p50=  290.87 p95=  604.09 p99= 2935.53 rps=  30.17
  controller.ObservabilityController.getStats   n=    1 err=   0 errRate=  0.00% avg=  282.60 min=  282.60 max=  282.60 p50=  282.60 p95=  282.60 p99=  282.60 rps=   0.03
  s2s.crud.fetchAllTickets                      n=  905 err=   0 errRate=  0.00% avg=  285.64 min=   37.09 max=  705.11 p50=  285.16 p95=  501.12 p99=  666.39 rps=  30.17
  s2s.crud.fetchFilms                           n=    1 err=   0 errRate=  0.00% avg= 2296.25 min= 2296.25 max= 2296.25 p50= 2296.25 p95= 2296.25 p99= 2296.25 rps=   0.03
window 1m
  calc.additional.maxViewersSummary             n=  905 err=   0 errRate=  0.00% avg=  365.35 min=   37.27 max= 2789.47 p50=  289.12 p95=  603.10 p99= 2692.75 rps=  15.08
  controller.AnalyticsController.maxViewersSummary n=  905 err=   0 errRate=  0.00% avg=  377.86 min=   37.79 max= 3120.05 p50=  290.87 p95=  604.09 p99= 2935.53 rps=  15.08
  controller.ObservabilityController.getStats   n=    1 err=   0 errRate=  0.00% avg=  282.60 min=  282.60 max=  282.60 p50=  282.60 p95=  282.60 p99=  282.60 rps=   0.02
  s2s.crud.fetchAllTickets                      n=  905 err=   0 errRate=  0.00% avg=  285.64 min=   37.09 max=  705.11 p50=  285.16 p95=  501.12 p99=  666.39 rps=  15.08
  s2s.crud.fetchFilms                           n=    1 err=   0 errRate=  0.00% avg= 2296.25 min= 2296.25 max= 2296.25 p50= 2296.25 p95= 2296.25 p99= 2296.25 rps=   0.02

2026-05-06T20:56:58.568Z  INFO 1 --- [lab8-additional-service] [   scheduling-1] r.h.l.a.o.ObservabilityService           : [lab8-additional-service] observability refresh
window 10s
  calc.additional.maxViewersSummary             n=  674 err=   0 errRate=  0.00% avg=  289.94 min=   37.27 max=  705.23 p50=  287.75 p95=  519.40 p99=  671.21 rps=  67.40
  controller.AnalyticsController.maxViewersSummary n=  674 err=   0 errRate=  0.00% avg=  291.38 min=   37.79 max=  707.11 p50=  288.54 p95=  523.69 p99=  672.67 rps=  67.40
  s2s.crud.fetchAllTickets                      n=  674 err=   0 errRate=  0.00% avg=  289.71 min=   37.09 max=  705.11 p50=  287.35 p95=  519.30 p99=  671.06 rps=  67.40
window 30s
  calc.additional.maxViewersSummary             n=  985 err=   0 errRate=  0.00% avg=  353.97 min=   37.27 max= 2789.47 p50=  286.18 p95=  597.70 p99= 2691.32 rps=  32.83
  controller.AnalyticsController.maxViewersSummary n=  985 err=   0 errRate=  0.00% avg=  365.56 min=   37.79 max= 3120.05 p50=  287.74 p95=  599.08 p99= 2932.05 rps=  32.83
  controller.ObservabilityController.getStats   n=    1 err=   0 errRate=  0.00% avg=  282.60 min=  282.60 max=  282.60 p50=  282.60 p95=  282.60 p99=  282.60 rps=   0.03
  s2s.crud.fetchAllTickets                      n=  985 err=   0 errRate=  0.00% avg=  280.72 min=   37.09 max=  705.11 p50=  281.08 p95=  498.81 p99=  628.27 rps=  32.83
  s2s.crud.fetchFilms                           n=    1 err=   0 errRate=  0.00% avg= 2296.25 min= 2296.25 max= 2296.25 p50= 2296.25 p95= 2296.25 p99= 2296.25 rps=   0.03
window 1m
  calc.additional.maxViewersSummary             n=  985 err=   0 errRate=  0.00% avg=  353.97 min=   37.27 max= 2789.47 p50=  286.18 p95=  597.70 p99= 2691.32 rps=  16.42
  controller.AnalyticsController.maxViewersSummary n=  985 err=   0 errRate=  0.00% avg=  365.56 min=   37.79 max= 3120.05 p50=  287.74 p95=  599.08 p99= 2932.05 rps=  16.42
  controller.ObservabilityController.getStats   n=    1 err=   0 errRate=  0.00% avg=  282.60 min=  282.60 max=  282.60 p50=  282.60 p95=  282.60 p99=  282.60 rps=   0.02
  s2s.crud.fetchAllTickets                      n=  985 err=   0 errRate=  0.00% avg=  280.72 min=   37.09 max=  705.11 p50=  281.08 p95=  498.81 p99=  628.27 rps=  16.42
  s2s.crud.fetchFilms                           n=    1 err=   0 errRate=  0.00% avg= 2296.25 min= 2296.25 max= 2296.25 p50= 2296.25 p95= 2296.25 p99= 2296.25 rps=   0.02

2026-05-06T20:56:59.064Z  INFO 1 --- [lab8-additional-service] [   scheduling-1] r.h.l.a.service.FilmCacheService         : film-cache stats: size=310 ttlMs=30000 lastRefreshAtMs=1778101001454 hits=1041 misses=1 refreshes=1
2026-05-06T20:56:59.574Z  INFO 1 --- [lab8-additional-service] [   scheduling-1] r.h.l.a.o.ObservabilityService           : [lab8-additional-service] observability refresh
window 10s
  calc.additional.maxViewersSummary             n=  691 err=   0 errRate=  0.00% avg=  281.12 min=   37.27 max=  705.23 p50=  279.94 p95=  504.97 p99=  669.47 rps=  69.10
  controller.AnalyticsController.maxViewersSummary n=  691 err=   0 errRate=  0.00% avg=  282.54 min=   37.79 max=  707.11 p50=  281.52 p95=  513.26 p99=  671.08 rps=  69.10
  s2s.crud.fetchAllTickets                      n=  691 err=   0 errRate=  0.00% avg=  280.86 min=   37.09 max=  705.11 p50=  279.80 p95=  504.86 p99=  669.32 rps=  69.10
window 30s
  calc.additional.maxViewersSummary             n= 1062 err=   0 errRate=  0.00% avg=  345.83 min=   37.27 max= 2789.47 p50=  283.85 p95=  590.31 p99= 2690.06 rps=  35.40
  controller.AnalyticsController.maxViewersSummary n= 1062 err=   0 errRate=  0.00% avg=  356.64 min=   37.79 max= 3120.05 p50=  285.16 p95=  591.02 p99= 2930.47 rps=  35.40
  controller.ObservabilityController.getStats   n=    1 err=   0 errRate=  0.00% avg=  282.60 min=  282.60 max=  282.60 p50=  282.60 p95=  282.60 p99=  282.60 rps=   0.03
  s2s.crud.fetchAllTickets                      n= 1062 err=   0 errRate=  0.00% avg=  277.85 min=   37.09 max=  705.11 p50=  277.44 p95=  498.74 p99=  617.03 rps=  35.40
  s2s.crud.fetchFilms                           n=    1 err=   0 errRate=  0.00% avg= 2296.25 min= 2296.25 max= 2296.25 p50= 2296.25 p95= 2296.25 p99= 2296.25 rps=   0.03
window 1m
  calc.additional.maxViewersSummary             n= 1062 err=   0 errRate=  0.00% avg=  345.83 min=   37.27 max= 2789.47 p50=  283.85 p95=  590.31 p99= 2690.06 rps=  17.70
  controller.AnalyticsController.maxViewersSummary n= 1062 err=   0 errRate=  0.00% avg=  356.64 min=   37.79 max= 3120.05 p50=  285.16 p95=  591.02 p99= 2930.47 rps=  17.70
  controller.ObservabilityController.getStats   n=    1 err=   0 errRate=  0.00% avg=  282.60 min=  282.60 max=  282.60 p50=  282.60 p95=  282.60 p99=  282.60 rps=   0.02
  s2s.crud.fetchAllTickets                      n= 1062 err=   0 errRate=  0.00% avg=  277.85 min=   37.09 max=  705.11 p50=  277.44 p95=  498.74 p99=  617.03 rps=  17.70
  s2s.crud.fetchFilms                           n=    1 err=   0 errRate=  0.00% avg= 2296.25 min= 2296.25 max= 2296.25 p50= 2296.25 p95= 2296.25 p99= 2296.25 rps=   0.02

2026-05-06T20:57:00.580Z  INFO 1 --- [lab8-additional-service] [   scheduling-1] r.h.l.a.o.ObservabilityService           : [lab8-additional-service] observability refresh
window 10s
  calc.additional.maxViewersSummary             n=  716 err=   0 errRate=  0.00% avg=  270.22 min=   37.27 max=  705.23 p50=  260.37 p95=  500.54 p99=  661.30 rps=  71.60
  controller.AnalyticsController.maxViewersSummary n=  716 err=   0 errRate=  0.00% avg=  271.42 min=   37.79 max=  707.11 p50=  262.10 p95=  502.01 p99=  662.92 rps=  71.60
  s2s.crud.fetchAllTickets                      n=  716 err=   0 errRate=  0.00% avg=  269.97 min=   37.09 max=  705.11 p50=  260.22 p95=  500.39 p99=  661.15 rps=  71.60
window 30s
  calc.additional.maxViewersSummary             n= 1142 err=   0 errRate=  0.00% avg=  338.15 min=   37.27 max= 2789.47 p50=  281.83 p95=  579.27 p99= 2689.41 rps=  38.07
  controller.AnalyticsController.maxViewersSummary n= 1142 err=   0 errRate=  0.00% avg=  348.28 min=   37.79 max= 3120.05 p50=  282.85 p95=  579.96 p99= 2924.51 rps=  38.07
  controller.ObservabilityController.getStats   n=    1 err=   0 errRate=  0.00% avg=  282.60 min=  282.60 max=  282.60 p50=  282.60 p95=  282.60 p99=  282.60 rps=   0.03
  s2s.crud.fetchAllTickets                      n= 1142 err=   0 errRate=  0.00% avg=  274.93 min=   37.09 max=  705.11 p50=  275.39 p95=  496.43 p99=  613.69 rps=  38.07
  s2s.crud.fetchFilms                           n=    1 err=   0 errRate=  0.00% avg= 2296.25 min= 2296.25 max= 2296.25 p50= 2296.25 p95= 2296.25 p99= 2296.25 rps=   0.03
window 1m
  calc.additional.maxViewersSummary             n= 1142 err=   0 errRate=  0.00% avg=  338.15 min=   37.27 max= 2789.47 p50=  281.83 p95=  579.27 p99= 2689.41 rps=  19.03
  controller.AnalyticsController.maxViewersSummary n= 1142 err=   0 errRate=  0.00% avg=  348.28 min=   37.79 max= 3120.05 p50=  282.85 p95=  579.96 p99= 2924.51 rps=  19.03
  controller.ObservabilityController.getStats   n=    1 err=   0 errRate=  0.00% avg=  282.60 min=  282.60 max=  282.60 p50=  282.60 p95=  282.60 p99=  282.60 rps=   0.02
  s2s.crud.fetchAllTickets                      n= 1142 err=   0 errRate=  0.00% avg=  274.93 min=   37.09 max=  705.11 p50=  275.39 p95=  496.43 p99=  613.69 rps=  19.03
  s2s.crud.fetchFilms                           n=    1 err=   0 errRate=  0.00% avg= 2296.25 min= 2296.25 max= 2296.25 p50= 2296.25 p95= 2296.25 p99= 2296.25 rps=   0.02

2026-05-06T20:57:01.584Z  INFO 1 --- [lab8-additional-service] [   scheduling-1] r.h.l.a.o.ObservabilityService           : [lab8-additional-service] observability refresh
window 10s
  calc.additional.maxViewersSummary             n=  746 err=   0 errRate=  0.00% avg=  262.37 min=   37.27 max=  705.23 p50=  226.26 p95=  498.31 p99=  618.11 rps=  74.60
  controller.AnalyticsController.maxViewersSummary n=  746 err=   0 errRate=  0.00% avg=  263.38 min=   37.79 max=  707.11 p50=  226.94 p95=  499.27 p99=  619.03 rps=  74.60
  s2s.crud.fetchAllTickets                      n=  746 err=   0 errRate=  0.00% avg=  262.12 min=   37.09 max=  705.11 p50=  226.17 p95=  498.19 p99=  617.98 rps=  74.60
window 30s
  calc.additional.maxViewersSummary             n= 1230 err=   0 errRate=  0.00% avg=  330.41 min=   37.27 max= 2789.47 p50=  278.62 p95=  565.28 p99= 2663.70 rps=  41.00
  controller.AnalyticsController.maxViewersSummary n= 1230 err=   0 errRate=  0.00% avg=  339.87 min=   37.79 max= 3120.05 p50=  280.22 p95=  566.55 p99= 2914.61 rps=  41.00
  controller.ObservabilityController.getStats   n=    1 err=   0 errRate=  0.00% avg=  282.60 min=  282.60 max=  282.60 p50=  282.60 p95=  282.60 p99=  282.60 rps=   0.03
  s2s.crud.fetchAllTickets                      n= 1230 err=   0 errRate=  0.00% avg=  271.70 min=   37.09 max=  705.11 p50=  273.02 p95=  492.10 p99=  611.42 rps=  41.00
  s2s.crud.fetchFilms                           n=    1 err=   0 errRate=  0.00% avg= 2296.25 min= 2296.25 max= 2296.25 p50= 2296.25 p95= 2296.25 p99= 2296.25 rps=   0.03
window 1m
  calc.additional.maxViewersSummary             n= 1230 err=   0 errRate=  0.00% avg=  330.41 min=   37.27 max= 2789.47 p50=  278.62 p95=  565.28 p99= 2663.70 rps=  20.50
  controller.AnalyticsController.maxViewersSummary n= 1230 err=   0 errRate=  0.00% avg=  339.87 min=   37.79 max= 3120.05 p50=  280.22 p95=  566.55 p99= 2914.61 rps=  20.50
  controller.ObservabilityController.getStats   n=    1 err=   0 errRate=  0.00% avg=  282.60 min=  282.60 max=  282.60 p50=  282.60 p95=  282.60 p99=  282.60 rps=   0.02
  s2s.crud.fetchAllTickets                      n= 1230 err=   0 errRate=  0.00% avg=  271.70 min=   37.09 max=  705.11 p50=  273.02 p95=  492.10 p99=  611.42 rps=  20.50
  s2s.crud.fetchFilms                           n=    1 err=   0 errRate=  0.00% avg= 2296.25 min= 2296.25 max= 2296.25 p50= 2296.25 p95= 2296.25 p99= 2296.25 rps=   0.02

2026-05-06T20:57:02.587Z  INFO 1 --- [lab8-additional-service] [   scheduling-1] r.h.l.a.o.ObservabilityService           : [lab8-additional-service] observability refresh
window 10s
  calc.additional.maxViewersSummary             n=  760 err=   0 errRate=  0.00% avg=  256.84 min=   37.27 max=  705.23 p50=  220.24 p95=  491.73 p99=  613.36 rps=  76.00
  controller.AnalyticsController.maxViewersSummary n=  760 err=   0 errRate=  0.00% avg=  257.78 min=   37.79 max=  707.11 p50=  221.84 p95=  492.46 p99=  613.89 rps=  76.00
  s2s.crud.fetchAllTickets                      n=  760 err=   0 errRate=  0.00% avg=  256.60 min=   37.09 max=  705.11 p50=  220.15 p95=  491.50 p99=  613.23 rps=  76.00
window 30s
  calc.additional.maxViewersSummary             n= 1308 err=   0 errRate=  0.00% avg=  324.31 min=   37.27 max= 2789.47 p50=  274.69 p95=  524.09 p99= 2600.74 rps=  43.60
  controller.AnalyticsController.maxViewersSummary n= 1308 err=   0 errRate=  0.00% avg=  333.25 min=   37.79 max= 3120.05 p50=  275.34 p95=  531.37 p99= 2908.94 rps=  43.60
  controller.ObservabilityController.getStats   n=    1 err=   0 errRate=  0.00% avg=  282.60 min=  282.60 max=  282.60 p50=  282.60 p95=  282.60 p99=  282.60 rps=   0.03
  s2s.crud.fetchAllTickets                      n= 1308 err=   0 errRate=  0.00% avg=  269.08 min=   37.09 max=  705.11 p50=  268.51 p95=  491.48 p99=  609.28 rps=  43.60
  s2s.crud.fetchFilms                           n=    1 err=   0 errRate=  0.00% avg= 2296.25 min= 2296.25 max= 2296.25 p50= 2296.25 p95= 2296.25 p99= 2296.25 rps=   0.03
window 1m
  calc.additional.maxViewersSummary             n= 1308 err=   0 errRate=  0.00% avg=  324.31 min=   37.27 max= 2789.47 p50=  274.69 p95=  524.09 p99= 2600.74 rps=  21.80
  controller.AnalyticsController.maxViewersSummary n= 1308 err=   0 errRate=  0.00% avg=  333.25 min=   37.79 max= 3120.05 p50=  275.34 p95=  531.37 p99= 2908.94 rps=  21.80
  controller.ObservabilityController.getStats   n=    1 err=   0 errRate=  0.00% avg=  282.60 min=  282.60 max=  282.60 p50=  282.60 p95=  282.60 p99=  282.60 rps=   0.02
  s2s.crud.fetchAllTickets                      n= 1308 err=   0 errRate=  0.00% avg=  269.08 min=   37.09 max=  705.11 p50=  268.51 p95=  491.48 p99=  609.28 rps=  21.80
  s2s.crud.fetchFilms                           n=    1 err=   0 errRate=  0.00% avg= 2296.25 min= 2296.25 max= 2296.25 p50= 2296.25 p95= 2296.25 p99= 2296.25 rps=   0.02

2026-05-06T20:57:03.597Z  INFO 1 --- [lab8-additional-service] [   scheduling-1] r.h.l.a.o.ObservabilityService           : [lab8-additional-service] observability refresh
window 10s
  calc.additional.maxViewersSummary             n=  783 err=   0 errRate=  0.00% avg=  246.16 min=   37.27 max=  699.44 p50=  217.86 p95=  422.82 p99=  594.75 rps=  78.30
  controller.AnalyticsController.maxViewersSummary n=  783 err=   0 errRate=  0.00% avg=  247.06 min=   37.79 max=  700.62 p50=  218.71 p95=  423.17 p99=  596.70 rps=  78.30
  s2s.crud.fetchAllTickets                      n=  783 err=   0 errRate=  0.00% avg=  245.92 min=   37.09 max=  699.28 p50=  217.76 p95=  422.74 p99=  594.64 rps=  78.30
window 30s
  calc.additional.maxViewersSummary             n= 1396 err=   0 errRate=  0.00% avg=  317.59 min=   37.27 max= 2789.47 p50=  271.33 p95=  515.16 p99= 2599.42 rps=  46.53
  controller.AnalyticsController.maxViewersSummary n= 1396 err=   0 errRate=  0.00% avg=  326.01 min=   37.79 max= 3120.05 p50=  271.89 p95=  519.62 p99= 2903.32 rps=  46.53
  controller.ObservabilityController.getStats   n=    1 err=   0 errRate=  0.00% avg=  282.60 min=  282.60 max=  282.60 p50=  282.60 p95=  282.60 p99=  282.60 rps=   0.03
  s2s.crud.fetchAllTickets                      n= 1396 err=   0 errRate=  0.00% avg=  265.84 min=   37.09 max=  705.11 p50=  260.22 p95=  489.29 p99=  606.26 rps=  46.53
  s2s.crud.fetchFilms                           n=    1 err=   0 errRate=  0.00% avg= 2296.25 min= 2296.25 max= 2296.25 p50= 2296.25 p95= 2296.25 p99= 2296.25 rps=   0.03
window 1m
  calc.additional.maxViewersSummary             n= 1396 err=   0 errRate=  0.00% avg=  317.59 min=   37.27 max= 2789.47 p50=  271.33 p95=  515.16 p99= 2599.42 rps=  23.27
  controller.AnalyticsController.maxViewersSummary n= 1396 err=   0 errRate=  0.00% avg=  326.01 min=   37.79 max= 3120.05 p50=  271.89 p95=  519.62 p99= 2903.32 rps=  23.27
  controller.ObservabilityController.getStats   n=    1 err=   0 errRate=  0.00% avg=  282.60 min=  282.60 max=  282.60 p50=  282.60 p95=  282.60 p99=  282.60 rps=   0.02
  s2s.crud.fetchAllTickets                      n= 1396 err=   0 errRate=  0.00% avg=  265.84 min=   37.09 max=  705.11 p50=  260.22 p95=  489.29 p99=  606.26 rps=  23.27
  s2s.crud.fetchFilms                           n=    1 err=   0 errRate=  0.00% avg= 2296.25 min= 2296.25 max= 2296.25 p50= 2296.25 p95= 2296.25 p99= 2296.25 rps=   0.02

2026-05-06T20:57:04.600Z  INFO 1 --- [lab8-additional-service] [   scheduling-1] r.h.l.a.o.ObservabilityService           : [lab8-additional-service] observability refresh
window 10s
  calc.additional.maxViewersSummary             n=  791 err=   0 errRate=  0.00% avg=  240.80 min=   37.27 max=  603.33 p50=  217.56 p95=  407.92 p99=  501.59 rps=  79.10
  controller.AnalyticsController.maxViewersSummary n=  791 err=   0 errRate=  0.00% avg=  241.80 min=   37.79 max=  604.10 p50=  218.12 p95=  411.57 p99=  502.19 rps=  79.10
  s2s.crud.fetchAllTickets                      n=  791 err=   0 errRate=  0.00% avg=  240.56 min=   37.09 max=  603.25 p50=  217.44 p95=  407.84 p99=  501.40 rps=  79.10
window 30s
  calc.additional.maxViewersSummary             n= 1469 err=   0 errRate=  0.00% avg=  314.78 min=   37.27 max= 2789.47 p50=  271.38 p95=  509.23 p99= 2598.09 rps=  48.97
  controller.AnalyticsController.maxViewersSummary n= 1469 err=   0 errRate=  0.00% avg=  322.88 min=   37.79 max= 3120.05 p50=  272.10 p95=  514.11 p99= 2902.43 rps=  48.97
  controller.ObservabilityController.getStats   n=    1 err=   0 errRate=  0.00% avg=  282.60 min=  282.60 max=  282.60 p50=  282.60 p95=  282.60 p99=  282.60 rps=   0.03
  s2s.crud.fetchAllTickets                      n= 1469 err=   0 errRate=  0.00% avg=  265.59 min=   37.09 max=  705.11 p50=  262.91 p95=  488.24 p99=  604.16 rps=  48.97
  s2s.crud.fetchFilms                           n=    1 err=   0 errRate=  0.00% avg= 2296.25 min= 2296.25 max= 2296.25 p50= 2296.25 p95= 2296.25 p99= 2296.25 rps=   0.03
window 1m
  calc.additional.maxViewersSummary             n= 1469 err=   0 errRate=  0.00% avg=  314.78 min=   37.27 max= 2789.47 p50=  271.38 p95=  509.23 p99= 2598.09 rps=  24.48
  controller.AnalyticsController.maxViewersSummary n= 1469 err=   0 errRate=  0.00% avg=  322.88 min=   37.79 max= 3120.05 p50=  272.10 p95=  514.11 p99= 2902.43 rps=  24.48
  controller.ObservabilityController.getStats   n=    1 err=   0 errRate=  0.00% avg=  282.60 min=  282.60 max=  282.60 p50=  282.60 p95=  282.60 p99=  282.60 rps=   0.02
  s2s.crud.fetchAllTickets                      n= 1469 err=   0 errRate=  0.00% avg=  265.59 min=   37.09 max=  705.11 p50=  262.91 p95=  488.24 p99=  604.16 rps=  24.48
  s2s.crud.fetchFilms                           n=    1 err=   0 errRate=  0.00% avg= 2296.25 min= 2296.25 max= 2296.25 p50= 2296.25 p95= 2296.25 p99= 2296.25 rps=   0.02

2026-05-06T20:57:05.602Z  INFO 1 --- [lab8-additional-service] [   scheduling-1] r.h.l.a.o.ObservabilityService           : [lab8-additional-service] observability refresh
window 10s
  calc.additional.maxViewersSummary             n=  801 err=   0 errRate=  0.00% avg=  235.51 min=   31.91 max=  603.33 p50=  215.73 p95=  404.12 p99=  488.76 rps=  80.10
  controller.AnalyticsController.maxViewersSummary n=  801 err=   0 errRate=  0.00% avg=  236.47 min=   32.21 max=  604.10 p50=  216.65 p95=  405.55 p99=  489.06 rps=  80.10
  s2s.crud.fetchAllTickets                      n=  801 err=   0 errRate=  0.00% avg=  235.29 min=   31.82 max=  603.25 p50=  215.62 p95=  404.05 p99=  488.67 rps=  80.10
window 30s
  calc.additional.maxViewersSummary             n= 1555 err=   0 errRate=  0.00% avg=  309.81 min=   31.91 max= 2789.47 p50=  268.46 p95=  503.18 p99= 2596.62 rps=  51.83
  controller.AnalyticsController.maxViewersSummary n= 1555 err=   0 errRate=  0.00% avg=  317.49 min=   32.21 max= 3120.05 p50=  269.38 p95=  507.02 p99= 2901.41 rps=  51.83
  controller.ObservabilityController.getStats   n=    1 err=   0 errRate=  0.00% avg=  282.60 min=  282.60 max=  282.60 p50=  282.60 p95=  282.60 p99=  282.60 rps=   0.03
  s2s.crud.fetchAllTickets                      n= 1555 err=   0 errRate=  0.00% avg=  263.34 min=   31.82 max=  705.11 p50=  258.67 p95=  486.46 p99=  603.17 rps=  51.83
  s2s.crud.fetchFilms                           n=    1 err=   0 errRate=  0.00% avg= 2296.25 min= 2296.25 max= 2296.25 p50= 2296.25 p95= 2296.25 p99= 2296.25 rps=   0.03
window 1m
  calc.additional.maxViewersSummary             n= 1555 err=   0 errRate=  0.00% avg=  309.81 min=   31.91 max= 2789.47 p50=  268.46 p95=  503.18 p99= 2596.62 rps=  25.92
  controller.AnalyticsController.maxViewersSummary n= 1555 err=   0 errRate=  0.00% avg=  317.49 min=   32.21 max= 3120.05 p50=  269.38 p95=  507.02 p99= 2901.41 rps=  25.92
  controller.ObservabilityController.getStats   n=    1 err=   0 errRate=  0.00% avg=  282.60 min=  282.60 max=  282.60 p50=  282.60 p95=  282.60 p99=  282.60 rps=   0.02
  s2s.crud.fetchAllTickets                      n= 1555 err=   0 errRate=  0.00% avg=  263.34 min=   31.82 max=  705.11 p50=  258.67 p95=  486.46 p99=  603.17 rps=  25.92
  s2s.crud.fetchFilms                           n=    1 err=   0 errRate=  0.00% avg= 2296.25 min= 2296.25 max= 2296.25 p50= 2296.25 p95= 2296.25 p99= 2296.25 rps=   0.02

2026-05-06T20:57:06.605Z  INFO 1 --- [lab8-additional-service] [   scheduling-1] r.h.l.a.o.ObservabilityService           : [lab8-additional-service] observability refresh
window 10s
  calc.additional.maxViewersSummary             n=  827 err=   0 errRate=  0.00% avg=  228.90 min=   22.49 max=  603.33 p50=  208.54 p95=  403.74 p99=  490.21 rps=  82.70
  controller.AnalyticsController.maxViewersSummary n=  827 err=   0 errRate=  0.00% avg=  229.78 min=   22.72 max=  604.10 p50=  211.38 p95=  405.27 p99=  490.77 rps=  82.70
  s2s.crud.fetchAllTickets                      n=  827 err=   0 errRate=  0.00% avg=  228.72 min=   22.39 max=  603.25 p50=  208.32 p95=  403.65 p99=  490.01 rps=  82.70
window 30s
  calc.additional.maxViewersSummary             n= 1650 err=   0 errRate=  0.00% avg=  303.56 min=   22.49 max= 2789.47 p50=  237.66 p95=  501.21 p99= 2595.00 rps=  55.00
  controller.AnalyticsController.maxViewersSummary n= 1650 err=   0 errRate=  0.00% avg=  310.82 min=   22.72 max= 3120.05 p50=  238.12 p95=  503.76 p99= 2900.16 rps=  55.00
  controller.ObservabilityController.getStats   n=    1 err=   0 errRate=  0.00% avg=  282.60 min=  282.60 max=  282.60 p50=  282.60 p95=  282.60 p99=  282.60 rps=   0.03
  s2s.crud.fetchAllTickets                      n= 1650 err=   0 errRate=  0.00% avg=  259.76 min=   22.39 max=  705.11 p50=  229.60 p95=  484.48 p99=  602.81 rps=  55.00
  s2s.crud.fetchFilms                           n=    1 err=   0 errRate=  0.00% avg= 2296.25 min= 2296.25 max= 2296.25 p50= 2296.25 p95= 2296.25 p99= 2296.25 rps=   0.03
window 1m
  calc.additional.maxViewersSummary             n= 1650 err=   0 errRate=  0.00% avg=  303.56 min=   22.49 max= 2789.47 p50=  237.66 p95=  501.21 p99= 2595.00 rps=  27.50
  controller.AnalyticsController.maxViewersSummary n= 1650 err=   0 errRate=  0.00% avg=  310.82 min=   22.72 max= 3120.05 p50=  238.12 p95=  503.76 p99= 2900.16 rps=  27.50
  controller.ObservabilityController.getStats   n=    1 err=   0 errRate=  0.00% avg=  282.60 min=  282.60 max=  282.60 p50=  282.60 p95=  282.60 p99=  282.60 rps=   0.02
  s2s.crud.fetchAllTickets                      n= 1650 err=   0 errRate=  0.00% avg=  259.76 min=   22.39 max=  705.11 p50=  229.60 p95=  484.48 p99=  602.81 rps=  27.50
  s2s.crud.fetchFilms                           n=    1 err=   0 errRate=  0.00% avg= 2296.25 min= 2296.25 max= 2296.25 p50= 2296.25 p95= 2296.25 p99= 2296.25 rps=   0.02

2026-05-06T20:57:07.612Z  INFO 1 --- [lab8-additional-service] [   scheduling-1] r.h.l.a.o.ObservabilityService           : [lab8-additional-service] observability refresh
window 10s
  calc.additional.maxViewersSummary             n=  837 err=   0 errRate=  0.00% avg=  223.70 min=   22.49 max=  603.33 p50=  206.05 p95=  402.61 p99=  490.01 rps=  83.70
  controller.AnalyticsController.maxViewersSummary n=  837 err=   0 errRate=  0.00% avg=  224.57 min=   22.72 max=  604.10 p50=  207.52 p95=  403.20 p99=  490.54 rps=  83.70
  s2s.crud.fetchAllTickets                      n=  837 err=   0 errRate=  0.00% avg=  223.53 min=   22.39 max=  603.25 p50=  205.99 p95=  402.51 p99=  489.83 rps=  83.70
window 30s
  calc.additional.maxViewersSummary             n= 1742 err=   0 errRate=  0.00% avg=  297.29 min=   22.49 max= 2789.47 p50=  228.73 p95=  498.87 p99= 2593.04 rps=  58.07
  controller.AnalyticsController.maxViewersSummary n= 1742 err=   0 errRate=  0.00% avg=  304.20 min=   22.72 max= 3120.05 p50=  229.48 p95=  501.49 p99= 2898.73 rps=  58.07
  controller.ObservabilityController.getStats   n=    1 err=   0 errRate=  0.00% avg=  282.60 min=  282.60 max=  282.60 p50=  282.60 p95=  282.60 p99=  282.60 rps=   0.03
  s2s.crud.fetchAllTickets                      n= 1742 err=   0 errRate=  0.00% avg=  255.79 min=   22.39 max=  705.11 p50=  225.54 p95=  481.71 p99=  601.06 rps=  58.07
  s2s.crud.fetchFilms                           n=    1 err=   0 errRate=  0.00% avg= 2296.25 min= 2296.25 max= 2296.25 p50= 2296.25 p95= 2296.25 p99= 2296.25 rps=   0.03
window 1m
  calc.additional.maxViewersSummary             n= 1742 err=   0 errRate=  0.00% avg=  297.29 min=   22.49 max= 2789.47 p50=  228.73 p95=  498.87 p99= 2593.04 rps=  29.03
  controller.AnalyticsController.maxViewersSummary n= 1742 err=   0 errRate=  0.00% avg=  304.20 min=   22.72 max= 3120.05 p50=  229.48 p95=  501.49 p99= 2898.73 rps=  29.03
  controller.ObservabilityController.getStats   n=    1 err=   0 errRate=  0.00% avg=  282.60 min=  282.60 max=  282.60 p50=  282.60 p95=  282.60 p99=  282.60 rps=   0.02
  s2s.crud.fetchAllTickets                      n= 1742 err=   0 errRate=  0.00% avg=  255.79 min=   22.39 max=  705.11 p50=  225.54 p95=  481.71 p99=  601.06 rps=  29.03
  s2s.crud.fetchFilms                           n=    1 err=   0 errRate=  0.00% avg= 2296.25 min= 2296.25 max= 2296.25 p50= 2296.25 p95= 2296.25 p99= 2296.25 rps=   0.02

2026-05-06T20:57:08.618Z  INFO 1 --- [lab8-additional-service] [   scheduling-1] r.h.l.a.o.ObservabilityService           : [lab8-additional-service] observability refresh
window 10s
  calc.additional.maxViewersSummary             n=  852 err=   0 errRate=  0.00% avg=  221.93 min=   22.49 max=  603.33 p50=  204.52 p95=  401.58 p99=  489.72 rps=  85.20
  controller.AnalyticsController.maxViewersSummary n=  852 err=   0 errRate=  0.00% avg=  222.72 min=   22.72 max=  604.10 p50=  205.74 p95=  402.97 p99=  490.19 rps=  85.20
  s2s.crud.fetchAllTickets                      n=  852 err=   0 errRate=  0.00% avg=  221.77 min=   22.39 max=  603.25 p50=  204.44 p95=  401.48 p99=  489.56 rps=  85.20
window 30s
  calc.additional.maxViewersSummary             n= 1837 err=   0 errRate=  0.00% avg=  292.73 min=   22.49 max= 2789.47 p50=  225.71 p95=  494.39 p99= 2590.85 rps=  61.23
  controller.AnalyticsController.maxViewersSummary n= 1837 err=   0 errRate=  0.00% avg=  299.31 min=   22.72 max= 3120.05 p50=  227.07 p95=  497.22 p99= 2897.39 rps=  61.23
  controller.ObservabilityController.getStats   n=    1 err=   0 errRate=  0.00% avg=  282.60 min=  282.60 max=  282.60 p50=  282.60 p95=  282.60 p99=  282.60 rps=   0.03
  s2s.crud.fetchAllTickets                      n= 1837 err=   0 errRate=  0.00% avg=  253.38 min=   22.39 max=  705.11 p50=  222.27 p95=  476.74 p99=  598.67 rps=  61.23
  s2s.crud.fetchFilms                           n=    1 err=   0 errRate=  0.00% avg= 2296.25 min= 2296.25 max= 2296.25 p50= 2296.25 p95= 2296.25 p99= 2296.25 rps=   0.03
window 1m
  calc.additional.maxViewersSummary             n= 1837 err=   0 errRate=  0.00% avg=  292.73 min=   22.49 max= 2789.47 p50=  225.71 p95=  494.39 p99= 2590.85 rps=  30.62
  controller.AnalyticsController.maxViewersSummary n= 1837 err=   0 errRate=  0.00% avg=  299.31 min=   22.72 max= 3120.05 p50=  227.07 p95=  497.22 p99= 2897.39 rps=  30.62
  controller.ObservabilityController.getStats   n=    1 err=   0 errRate=  0.00% avg=  282.60 min=  282.60 max=  282.60 p50=  282.60 p95=  282.60 p99=  282.60 rps=   0.02
  s2s.crud.fetchAllTickets                      n= 1837 err=   0 errRate=  0.00% avg=  253.38 min=   22.39 max=  705.11 p50=  222.27 p95=  476.74 p99=  598.67 rps=  30.62
  s2s.crud.fetchFilms                           n=    1 err=   0 errRate=  0.00% avg= 2296.25 min= 2296.25 max= 2296.25 p50= 2296.25 p95= 2296.25 p99= 2296.25 rps=   0.02

2026-05-06T20:57:09.064Z  INFO 1 --- [lab8-additional-service] [   scheduling-1] r.h.l.a.service.FilmCacheService         : film-cache stats: size=310 ttlMs=30000 lastRefreshAtMs=1778101001454 hits=1897 misses=1 refreshes=1
2026-05-06T20:57:09.625Z  INFO 1 --- [lab8-additional-service] [   scheduling-1] r.h.l.a.o.ObservabilityService           : [lab8-additional-service] observability refresh
window 10s
  calc.additional.maxViewersSummary             n=  864 err=   0 errRate=  0.00% avg=  219.14 min=   22.49 max=  588.88 p50=  203.15 p95=  397.74 p99=  475.63 rps=  86.40
  controller.AnalyticsController.maxViewersSummary n=  864 err=   0 errRate=  0.00% avg=  219.89 min=   22.72 max=  593.52 p50=  204.17 p95=  398.01 p99=  477.01 rps=  86.40
  s2s.crud.fetchAllTickets                      n=  864 err=   0 errRate=  0.00% avg=  219.01 min=   22.39 max=  588.78 p50=  202.92 p95=  397.67 p99=  475.53 rps=  86.40
window 30s
  calc.additional.maxViewersSummary             n= 1926 err=   0 errRate=  0.00% avg=  288.99 min=   22.49 max= 2789.47 p50=  223.33 p95=  491.99 p99= 2565.84 rps=  64.20
  controller.AnalyticsController.maxViewersSummary n= 1926 err=   0 errRate=  0.00% avg=  295.30 min=   22.72 max= 3120.05 p50=  224.15 p95=  493.01 p99= 2895.69 rps=  64.20
  controller.ObservabilityController.getStats   n=    1 err=   0 errRate=  0.00% avg=  282.60 min=  282.60 max=  282.60 p50=  282.60 p95=  282.60 p99=  282.60 rps=   0.03
  s2s.crud.fetchAllTickets                      n= 1926 err=   0 errRate=  0.00% avg=  251.45 min=   22.39 max=  705.11 p50=  219.93 p95=  473.33 p99=  598.06 rps=  64.20
  s2s.crud.fetchFilms                           n=    1 err=   0 errRate=  0.00% avg= 2296.25 min= 2296.25 max= 2296.25 p50= 2296.25 p95= 2296.25 p99= 2296.25 rps=   0.03
window 1m
  calc.additional.maxViewersSummary             n= 1926 err=   0 errRate=  0.00% avg=  288.99 min=   22.49 max= 2789.47 p50=  223.33 p95=  491.99 p99= 2565.84 rps=  32.10
  controller.AnalyticsController.maxViewersSummary n= 1926 err=   0 errRate=  0.00% avg=  295.30 min=   22.72 max= 3120.05 p50=  224.15 p95=  493.01 p99= 2895.69 rps=  32.10
  controller.ObservabilityController.getStats   n=    1 err=   0 errRate=  0.00% avg=  282.60 min=  282.60 max=  282.60 p50=  282.60 p95=  282.60 p99=  282.60 rps=   0.02
  s2s.crud.fetchAllTickets                      n= 1926 err=   0 errRate=  0.00% avg=  251.45 min=   22.39 max=  705.11 p50=  219.93 p95=  473.33 p99=  598.06 rps=  32.10
  s2s.crud.fetchFilms                           n=    1 err=   0 errRate=  0.00% avg= 2296.25 min= 2296.25 max= 2296.25 p50= 2296.25 p95= 2296.25 p99= 2296.25 rps=   0.02

2026-05-06T20:57:10.630Z  INFO 1 --- [lab8-additional-service] [   scheduling-1] r.h.l.a.o.ObservabilityService           : [lab8-additional-service] observability refresh
window 10s
  calc.additional.maxViewersSummary             n=  877 err=   0 errRate=  0.00% avg=  214.50 min=   20.27 max=  507.28 p50=  201.05 p95=  391.08 p99=  472.11 rps=  87.70
  controller.AnalyticsController.maxViewersSummary n=  877 err=   0 errRate=  0.00% avg=  215.20 min=   20.47 max=  507.85 p50=  201.62 p95=  391.77 p99=  473.50 rps=  87.70
  s2s.crud.fetchAllTickets                      n=  877 err=   0 errRate=  0.00% avg=  214.38 min=   20.22 max=  507.22 p50=  200.96 p95=  391.01 p99=  472.04 rps=  87.70
window 30s
  calc.additional.maxViewersSummary             n= 2021 err=   0 errRate=  0.00% avg=  284.54 min=   20.27 max= 2789.47 p50=  219.99 p95=  491.67 p99= 2494.24 rps=  67.37
  controller.AnalyticsController.maxViewersSummary n= 2021 err=   0 errRate=  0.00% avg=  290.56 min=   20.47 max= 3120.05 p50=  221.51 p95=  492.49 p99= 2891.49 rps=  67.37
  s2s.crud.fetchAllTickets                      n= 2021 err=   0 errRate=  0.00% avg=  248.75 min=   20.22 max=  705.11 p50=  218.02 p95=  469.25 p99=  597.51 rps=  67.37
  s2s.crud.fetchFilms                           n=    1 err=   0 errRate=  0.00% avg= 2296.25 min= 2296.25 max= 2296.25 p50= 2296.25 p95= 2296.25 p99= 2296.25 rps=   0.03
window 1m
  calc.additional.maxViewersSummary             n= 2021 err=   0 errRate=  0.00% avg=  284.54 min=   20.27 max= 2789.47 p50=  219.99 p95=  491.67 p99= 2494.24 rps=  33.68
  controller.AnalyticsController.maxViewersSummary n= 2021 err=   0 errRate=  0.00% avg=  290.56 min=   20.47 max= 3120.05 p50=  221.51 p95=  492.49 p99= 2891.49 rps=  33.68
  controller.ObservabilityController.getStats   n=    1 err=   0 errRate=  0.00% avg=  282.60 min=  282.60 max=  282.60 p50=  282.60 p95=  282.60 p99=  282.60 rps=   0.02
  s2s.crud.fetchAllTickets                      n= 2021 err=   0 errRate=  0.00% avg=  248.75 min=   20.22 max=  705.11 p50=  218.02 p95=  469.25 p99=  597.51 rps=  33.68
  s2s.crud.fetchFilms                           n=    1 err=   0 errRate=  0.00% avg= 2296.25 min= 2296.25 max= 2296.25 p50= 2296.25 p95= 2296.25 p99= 2296.25 rps=   0.02

2026-05-06T20:57:11.635Z  INFO 1 --- [lab8-additional-service] [   scheduling-1] r.h.l.a.o.ObservabilityService           : [lab8-additional-service] observability refresh
window 10s
  calc.additional.maxViewersSummary             n=  885 err=   0 errRate=  0.00% avg=  213.17 min=   20.27 max=  507.28 p50=  199.82 p95=  390.96 p99=  483.25 rps=  88.50
  controller.AnalyticsController.maxViewersSummary n=  885 err=   0 errRate=  0.00% avg=  213.83 min=   20.47 max=  507.85 p50=  200.59 p95=  391.71 p99=  483.50 rps=  88.50
  s2s.crud.fetchAllTickets                      n=  885 err=   0 errRate=  0.00% avg=  213.05 min=   20.22 max=  507.22 p50=  199.76 p95=  390.88 p99=  483.16 rps=  88.50
window 30s
  calc.additional.maxViewersSummary             n= 2118 err=   0 errRate=  0.00% avg=  281.27 min=   20.27 max= 2789.47 p50=  218.53 p95=  489.32 p99= 2493.21 rps=  70.60
  controller.AnalyticsController.maxViewersSummary n= 2118 err=   0 errRate=  0.00% avg=  287.04 min=   20.47 max= 3120.05 p50=  219.35 p95=  490.77 p99= 2891.08 rps=  70.60
  s2s.crud.fetchAllTickets                      n= 2118 err=   0 errRate=  0.00% avg=  247.13 min=   20.22 max=  705.11 p50=  217.35 p95=  466.85 p99=  595.83 rps=  70.60
  s2s.crud.fetchFilms                           n=    1 err=   0 errRate=  0.00% avg= 2296.25 min= 2296.25 max= 2296.25 p50= 2296.25 p95= 2296.25 p99= 2296.25 rps=   0.03
window 1m
  calc.additional.maxViewersSummary             n= 2118 err=   0 errRate=  0.00% avg=  281.27 min=   20.27 max= 2789.47 p50=  218.53 p95=  489.32 p99= 2493.21 rps=  35.30
  controller.AnalyticsController.maxViewersSummary n= 2118 err=   0 errRate=  0.00% avg=  287.04 min=   20.47 max= 3120.05 p50=  219.35 p95=  490.77 p99= 2891.08 rps=  35.30
  controller.ObservabilityController.getStats   n=    1 err=   0 errRate=  0.00% avg=  282.60 min=  282.60 max=  282.60 p50=  282.60 p95=  282.60 p99=  282.60 rps=   0.02
  s2s.crud.fetchAllTickets                      n= 2118 err=   0 errRate=  0.00% avg=  247.13 min=   20.22 max=  705.11 p50=  217.35 p95=  466.85 p99=  595.83 rps=  35.30
  s2s.crud.fetchFilms                           n=    1 err=   0 errRate=  0.00% avg= 2296.25 min= 2296.25 max= 2296.25 p50= 2296.25 p95= 2296.25 p99= 2296.25 rps=   0.02

2026-05-06T20:57:12.646Z  INFO 1 --- [lab8-additional-service] [   scheduling-1] r.h.l.a.o.ObservabilityService           : [lab8-additional-service] observability refresh
window 10s
  calc.additional.maxViewersSummary             n=  861 err=   0 errRate=  0.00% avg=  223.64 min=   20.27 max=  813.90 p50=  200.06 p95=  414.33 p99=  689.73 rps=  86.10
  controller.AnalyticsController.maxViewersSummary n=  861 err=   0 errRate=  0.00% avg=  224.27 min=   20.47 max=  814.45 p50=  201.56 p95=  417.53 p99=  690.55 rps=  86.10
  s2s.crud.fetchAllTickets                      n=  861 err=   0 errRate=  0.00% avg=  211.86 min=   20.22 max=  507.22 p50=  199.35 p95=  394.85 p99=  483.42 rps=  86.10
  s2s.crud.fetchFilms                           n=    1 err=   0 errRate=  0.00% avg=  442.02 min=  442.02 max=  442.02 p50=  442.02 p95=  442.02 p99=  442.02 rps=   0.10
window 30s
  calc.additional.maxViewersSummary             n= 2177 err=   0 errRate=  0.00% avg=  284.27 min=   20.27 max= 2789.47 p50=  219.15 p95=  500.50 p99= 2492.52 rps=  72.57
  controller.AnalyticsController.maxViewersSummary n= 2177 err=   0 errRate=  0.00% avg=  289.89 min=   20.47 max= 3120.05 p50=  220.37 p95=  503.41 p99= 2890.78 rps=  72.57
  s2s.crud.fetchAllTickets                      n= 2177 err=   0 errRate=  0.00% avg=  246.43 min=   20.22 max=  705.11 p50=  217.16 p95=  465.03 p99=  594.49 rps=  72.57
  s2s.crud.fetchFilms                           n=    2 err=   0 errRate=  0.00% avg= 1369.13 min=  442.02 max= 2296.25 p50= 1369.13 p95= 2203.54 p99= 2277.71 rps=   0.07
window 1m
  calc.additional.maxViewersSummary             n= 2177 err=   0 errRate=  0.00% avg=  284.27 min=   20.27 max= 2789.47 p50=  219.15 p95=  500.50 p99= 2492.52 rps=  36.28
  controller.AnalyticsController.maxViewersSummary n= 2177 err=   0 errRate=  0.00% avg=  289.89 min=   20.47 max= 3120.05 p50=  220.37 p95=  503.41 p99= 2890.78 rps=  36.28
  controller.ObservabilityController.getStats   n=    1 err=   0 errRate=  0.00% avg=  282.60 min=  282.60 max=  282.60 p50=  282.60 p95=  282.60 p99=  282.60 rps=   0.02
  s2s.crud.fetchAllTickets                      n= 2177 err=   0 errRate=  0.00% avg=  246.43 min=   20.22 max=  705.11 p50=  217.16 p95=  465.03 p99=  594.49 rps=  36.28
  s2s.crud.fetchFilms                           n=    2 err=   0 errRate=  0.00% avg= 1369.13 min=  442.02 max= 2296.25 p50= 1369.13 p95= 2203.54 p99= 2277.71 rps=   0.03

2026-05-06T20:57:13.649Z  INFO 1 --- [lab8-additional-service] [   scheduling-1] r.h.l.a.o.ObservabilityService           : [lab8-additional-service] observability refresh
window 10s
  calc.additional.maxViewersSummary             n=  872 err=   0 errRate=  0.00% avg=  218.85 min=   20.27 max=  813.90 p50=  198.83 p95=  413.03 p99=  689.28 rps=  87.20
  controller.AnalyticsController.maxViewersSummary n=  872 err=   0 errRate=  0.00% avg=  219.46 min=   20.47 max=  814.45 p50=  199.44 p95=  414.50 p99=  690.20 rps=  87.20
  s2s.crud.fetchAllTickets                      n=  871 err=   0 errRate=  0.00% avg=  207.30 min=   20.22 max=  507.22 p50=  197.82 p95=  388.88 p99=  483.31 rps=  87.10
  s2s.crud.fetchFilms                           n=    1 err=   0 errRate=  0.00% avg=  442.02 min=  442.02 max=  442.02 p50=  442.02 p95=  442.02 p99=  442.02 rps=   0.10
window 30s
  calc.additional.maxViewersSummary             n= 2277 err=   0 errRate=  0.00% avg=  279.66 min=   20.27 max= 2789.47 p50=  217.56 p95=  497.60 p99= 2490.42 rps=  75.90
  controller.AnalyticsController.maxViewersSummary n= 2277 err=   0 errRate=  0.00% avg=  285.05 min=   20.47 max= 3120.05 p50=  218.12 p95=  499.92 p99= 2889.70 rps=  75.90
  s2s.crud.fetchAllTickets                      n= 2277 err=   0 errRate=  0.00% avg=  243.48 min=   20.22 max=  705.11 p50=  215.36 p95=  454.52 p99=  591.15 rps=  75.90
  s2s.crud.fetchFilms                           n=    2 err=   0 errRate=  0.00% avg= 1369.13 min=  442.02 max= 2296.25 p50= 1369.13 p95= 2203.54 p99= 2277.71 rps=   0.07
window 1m
  calc.additional.maxViewersSummary             n= 2277 err=   0 errRate=  0.00% avg=  279.66 min=   20.27 max= 2789.47 p50=  217.56 p95=  497.60 p99= 2490.42 rps=  37.95
  controller.AnalyticsController.maxViewersSummary n= 2277 err=   0 errRate=  0.00% avg=  285.05 min=   20.47 max= 3120.05 p50=  218.12 p95=  499.92 p99= 2889.70 rps=  37.95
  controller.ObservabilityController.getStats   n=    1 err=   0 errRate=  0.00% avg=  282.60 min=  282.60 max=  282.60 p50=  282.60 p95=  282.60 p99=  282.60 rps=   0.02
  s2s.crud.fetchAllTickets                      n= 2277 err=   0 errRate=  0.00% avg=  243.48 min=   20.22 max=  705.11 p50=  215.36 p95=  454.52 p99=  591.15 rps=  37.95
  s2s.crud.fetchFilms                           n=    2 err=   0 errRate=  0.00% avg= 1369.13 min=  442.02 max= 2296.25 p50= 1369.13 p95= 2203.54 p99= 2277.71 rps=   0.03

2026-05-06T20:57:14.652Z  INFO 1 --- [lab8-additional-service] [   scheduling-1] r.h.l.a.o.ObservabilityService           : [lab8-additional-service] observability refresh
window 10s
  calc.additional.maxViewersSummary             n=  893 err=   0 errRate=  0.00% avg=  215.09 min=   20.27 max=  813.90 p50=  197.45 p95=  410.89 p99=  688.41 rps=  89.30
  controller.AnalyticsController.maxViewersSummary n=  893 err=   0 errRate=  0.00% avg=  215.56 min=   20.47 max=  814.45 p50=  197.90 p95=  411.20 p99=  689.52 rps=  89.30
  s2s.crud.fetchAllTickets                      n=  893 err=   0 errRate=  0.00% avg=  203.74 min=   20.22 max=  507.22 p50=  196.42 p95=  386.44 p99=  483.07 rps=  89.30
  s2s.crud.fetchFilms                           n=    1 err=   0 errRate=  0.00% avg=  442.02 min=  442.02 max=  442.02 p50=  442.02 p95=  442.02 p99=  442.02 rps=   0.10
window 30s
  calc.additional.maxViewersSummary             n= 2321 err=   0 errRate=  0.00% avg=  247.23 min=   20.27 max=  813.90 p50=  215.40 p95=  483.08 p99=  614.35 rps=  77.37
  controller.AnalyticsController.maxViewersSummary n= 2322 err=   0 errRate=  0.00% avg=  248.34 min=   20.47 max=  814.45 p50=  216.11 p95=  483.36 p99=  614.85 rps=  77.40
  s2s.crud.fetchAllTickets                      n= 2321 err=   0 errRate=  0.00% avg=  242.66 min=   20.22 max=  705.11 p50=  213.86 p95=  448.15 p99=  589.96 rps=  77.37
  s2s.crud.fetchFilms                           n=    1 err=   0 errRate=  0.00% avg=  442.02 min=  442.02 max=  442.02 p50=  442.02 p95=  442.02 p99=  442.02 rps=   0.03
window 1m
  calc.additional.maxViewersSummary             n= 2367 err=   0 errRate=  0.00% avg=  276.94 min=   20.27 max= 2789.47 p50=  216.29 p95=  494.17 p99= 2449.20 rps=  39.45
  controller.AnalyticsController.maxViewersSummary n= 2367 err=   0 errRate=  0.00% avg=  282.15 min=   20.47 max= 3120.05 p50=  217.10 p95=  496.40 p99= 2888.97 rps=  39.45
  controller.ObservabilityController.getStats   n=    1 err=   0 errRate=  0.00% avg=  282.60 min=  282.60 max=  282.60 p50=  282.60 p95=  282.60 p99=  282.60 rps=   0.02
  s2s.crud.fetchAllTickets                      n= 2367 err=   0 errRate=  0.00% avg=  242.13 min=   20.22 max=  705.11 p50=  213.75 p95=  433.13 p99=  589.28 rps=  39.45
  s2s.crud.fetchFilms                           n=    2 err=   0 errRate=  0.00% avg= 1369.13 min=  442.02 max= 2296.25 p50= 1369.13 p95= 2203.54 p99= 2277.71 rps=   0.03

2026-05-06T20:57:15.658Z  INFO 1 --- [lab8-additional-service] [   scheduling-1] r.h.l.a.o.ObservabilityService           : [lab8-additional-service] observability refresh
window 10s
  calc.additional.maxViewersSummary             n=  905 err=   0 errRate=  0.00% avg=  209.99 min=   20.27 max=  813.90 p50=  196.11 p95=  407.92 p99=  685.58 rps=  90.50
  controller.AnalyticsController.maxViewersSummary n=  905 err=   0 errRate=  0.00% avg=  210.45 min=   20.47 max=  814.45 p50=  196.28 p95=  408.12 p99=  686.72 rps=  90.50
  s2s.crud.fetchAllTickets                      n=  905 err=   0 errRate=  0.00% avg=  198.79 min=   20.22 max=  507.22 p50=  194.76 p95=  383.67 p99=  461.05 rps=  90.50
  s2s.crud.fetchFilms                           n=    1 err=   0 errRate=  0.00% avg=  442.02 min=  442.02 max=  442.02 p50=  442.02 p95=  442.02 p99=  442.02 rps=   0.10
window 30s
  calc.additional.maxViewersSummary             n= 2354 err=   0 errRate=  0.00% avg=  243.44 min=   20.27 max=  813.90 p50=  213.39 p95=  477.16 p99=  610.50 rps=  78.47
  controller.AnalyticsController.maxViewersSummary n= 2354 err=   0 errRate=  0.00% avg=  244.42 min=   20.47 max=  814.45 p50=  214.31 p95=  478.72 p99=  611.72 rps=  78.47
  s2s.crud.fetchAllTickets                      n= 2354 err=   0 errRate=  0.00% avg=  238.96 min=   20.22 max=  705.11 p50=  212.13 p95=  425.04 p99=  588.52 rps=  78.47
  s2s.crud.fetchFilms                           n=    1 err=   0 errRate=  0.00% avg=  442.02 min=  442.02 max=  442.02 p50=  442.02 p95=  442.02 p99=  442.02 rps=   0.03
window 1m
  calc.additional.maxViewersSummary             n= 2471 err=   0 errRate=  0.00% avg=  272.69 min=   20.27 max= 2789.47 p50=  214.53 p95=  491.92 p99= 2426.94 rps=  41.18
  controller.AnalyticsController.maxViewersSummary n= 2471 err=   0 errRate=  0.00% avg=  277.69 min=   20.47 max= 3120.05 p50=  215.76 p95=  492.99 p99= 2887.00 rps=  41.18
  controller.ObservabilityController.getStats   n=    1 err=   0 errRate=  0.00% avg=  282.60 min=  282.60 max=  282.60 p50=  282.60 p95=  282.60 p99=  282.60 rps=   0.02
  s2s.crud.fetchAllTickets                      n= 2471 err=   0 errRate=  0.00% avg=  239.34 min=   20.22 max=  705.11 p50=  212.26 p95=  429.22 p99=  588.69 rps=  41.18
  s2s.crud.fetchFilms                           n=    2 err=   0 errRate=  0.00% avg= 1369.13 min=  442.02 max= 2296.25 p50= 1369.13 p95= 2203.54 p99= 2277.71 rps=   0.03

2026-05-06T20:57:16.662Z  INFO 1 --- [lab8-additional-service] [   scheduling-1] r.h.l.a.o.ObservabilityService           : [lab8-additional-service] observability refresh
window 10s
  calc.additional.maxViewersSummary             n=  917 err=   0 errRate=  0.00% avg=  205.92 min=   20.27 max=  813.90 p50=  194.43 p95=  400.36 p99=  678.10 rps=  91.70
  controller.AnalyticsController.maxViewersSummary n=  917 err=   0 errRate=  0.00% avg=  206.36 min=   20.47 max=  814.45 p50=  194.85 p95=  400.59 p99=  679.12 rps=  91.70
  s2s.crud.fetchAllTickets                      n=  917 err=   0 errRate=  0.00% avg=  194.86 min=   20.22 max=  507.22 p50=  193.38 p95=  377.53 p99=  443.41 rps=  91.70
  s2s.crud.fetchFilms                           n=    1 err=   0 errRate=  0.00% avg=  442.02 min=  442.02 max=  442.02 p50=  442.02 p95=  442.02 p99=  442.02 rps=   0.10
window 30s
  calc.additional.maxViewersSummary             n= 2386 err=   0 errRate=  0.00% avg=  239.98 min=   20.27 max=  813.90 p50=  210.25 p95=  475.54 p99=  609.92 rps=  79.53
  controller.AnalyticsController.maxViewersSummary n= 2386 err=   0 errRate=  0.00% avg=  240.91 min=   20.47 max=  814.45 p50=  211.21 p95=  476.38 p99=  611.68 rps=  79.53
  s2s.crud.fetchAllTickets                      n= 2386 err=   0 errRate=  0.00% avg=  235.58 min=   20.22 max=  705.11 p50=  208.44 p95=  423.97 p99=  588.44 rps=  79.53
  s2s.crud.fetchFilms                           n=    1 err=   0 errRate=  0.00% avg=  442.02 min=  442.02 max=  442.02 p50=  442.02 p95=  442.02 p99=  442.02 rps=   0.03
window 1m
  calc.additional.maxViewersSummary             n= 2574 err=   0 errRate=  0.00% avg=  268.49 min=   20.27 max= 2789.47 p50=  212.59 p95=  491.04 p99= 2425.69 rps=  42.90
  controller.AnalyticsController.maxViewersSummary n= 2574 err=   0 errRate=  0.00% avg=  273.31 min=   20.47 max= 3120.05 p50=  213.60 p95=  492.28 p99= 2824.00 rps=  42.90
  controller.ObservabilityController.getStats   n=    1 err=   0 errRate=  0.00% avg=  282.60 min=  282.60 max=  282.60 p50=  282.60 p95=  282.60 p99=  282.60 rps=   0.02
  s2s.crud.fetchAllTickets                      n= 2574 err=   0 errRate=  0.00% avg=  236.47 min=   20.22 max=  705.11 p50=  210.15 p95=  423.92 p99=  588.47 rps=  42.90
  s2s.crud.fetchFilms                           n=    2 err=   0 errRate=  0.00% avg= 1369.13 min=  442.02 max= 2296.25 p50= 1369.13 p95= 2203.54 p99= 2277.71 rps=   0.03

2026-05-06T20:57:17.665Z  INFO 1 --- [lab8-additional-service] [   scheduling-1] r.h.l.a.o.ObservabilityService           : [lab8-additional-service] observability refresh
window 10s
  calc.additional.maxViewersSummary             n=  933 err=   0 errRate=  0.00% avg=  204.19 min=   20.27 max=  813.90 p50=  194.42 p95=  397.82 p99=  668.12 rps=  93.30
  controller.AnalyticsController.maxViewersSummary n=  933 err=   0 errRate=  0.00% avg=  204.62 min=   20.47 max=  814.45 p50=  194.74 p95=  398.01 p99=  668.98 rps=  93.30
  s2s.crud.fetchAllTickets                      n=  933 err=   0 errRate=  0.00% avg=  193.32 min=   20.22 max=  507.22 p50=  193.36 p95=  375.72 p99=  438.66 rps=  93.30
  s2s.crud.fetchFilms                           n=    1 err=   0 errRate=  0.00% avg=  442.02 min=  442.02 max=  442.02 p50=  442.02 p95=  442.02 p99=  442.02 rps=   0.10
window 30s
  calc.additional.maxViewersSummary             n= 2429 err=   0 errRate=  0.00% avg=  236.01 min=   20.27 max=  813.90 p50=  207.16 p95=  474.30 p99=  609.49 rps=  80.97
  controller.AnalyticsController.maxViewersSummary n= 2429 err=   0 errRate=  0.00% avg=  236.89 min=   20.47 max=  814.45 p50=  207.94 p95=  475.24 p99=  611.14 rps=  80.97
  s2s.crud.fetchAllTickets                      n= 2429 err=   0 errRate=  0.00% avg=  231.70 min=   20.22 max=  705.11 p50=  206.50 p95=  423.07 p99=  585.83 rps=  80.97
  s2s.crud.fetchFilms                           n=    1 err=   0 errRate=  0.00% avg=  442.02 min=  442.02 max=  442.02 p50=  442.02 p95=  442.02 p99=  442.02 rps=   0.03
window 1m
  calc.additional.maxViewersSummary             n= 2683 err=   0 errRate=  0.00% avg=  264.70 min=   20.27 max= 2789.47 p50=  211.42 p95=  488.00 p99= 2424.25 rps=  44.72
  controller.AnalyticsController.maxViewersSummary n= 2683 err=   0 errRate=  0.00% avg=  269.34 min=   20.47 max= 3120.05 p50=  212.34 p95=  488.99 p99= 2799.41 rps=  44.72
  controller.ObservabilityController.getStats   n=    1 err=   0 errRate=  0.00% avg=  282.60 min=  282.60 max=  282.60 p50=  282.60 p95=  282.60 p99=  282.60 rps=   0.02
  s2s.crud.fetchAllTickets                      n= 2683 err=   0 errRate=  0.00% avg=  233.98 min=   20.22 max=  705.11 p50=  208.42 p95=  422.74 p99=  580.88 rps=  44.72
  s2s.crud.fetchFilms                           n=    2 err=   0 errRate=  0.00% avg= 1369.13 min=  442.02 max= 2296.25 p50= 1369.13 p95= 2203.54 p99= 2277.71 rps=   0.03

2026-05-06T20:57:18.670Z  INFO 1 --- [lab8-additional-service] [   scheduling-1] r.h.l.a.o.ObservabilityService           : [lab8-additional-service] observability refresh
window 10s
  calc.additional.maxViewersSummary             n=  946 err=   0 errRate=  0.00% avg=  198.85 min=   20.27 max=  813.90 p50=  192.97 p95=  388.08 p99=  660.01 rps=  94.60
  controller.AnalyticsController.maxViewersSummary n=  946 err=   0 errRate=  0.00% avg=  199.28 min=   20.47 max=  814.45 p50=  193.55 p95=  388.68 p99=  660.74 rps=  94.60
  s2s.crud.fetchAllTickets                      n=  946 err=   0 errRate=  0.00% avg=  188.14 min=   20.22 max=  507.22 p50=  191.22 p95=  361.39 p99=  417.86 rps=  94.60
  s2s.crud.fetchFilms                           n=    1 err=   0 errRate=  0.00% avg=  442.02 min=  442.02 max=  442.02 p50=  442.02 p95=  442.02 p99=  442.02 rps=   0.10
window 30s
  calc.additional.maxViewersSummary             n= 2476 err=   0 errRate=  0.00% avg=  231.55 min=   20.27 max=  813.90 p50=  205.00 p95=  467.04 p99=  609.22 rps=  82.53
  controller.AnalyticsController.maxViewersSummary n= 2476 err=   0 errRate=  0.00% avg=  232.38 min=   20.47 max=  814.45 p50=  205.46 p95=  467.26 p99=  610.27 rps=  82.53
  s2s.crud.fetchAllTickets                      n= 2476 err=   0 errRate=  0.00% avg=  227.34 min=   20.22 max=  705.11 p50=  204.14 p95=  418.85 p99=  581.52 rps=  82.53
  s2s.crud.fetchFilms                           n=    1 err=   0 errRate=  0.00% avg=  442.02 min=  442.02 max=  442.02 p50=  442.02 p95=  442.02 p99=  442.02 rps=   0.03
window 1m
  calc.additional.maxViewersSummary             n= 2789 err=   0 errRate=  0.00% avg=  260.74 min=   20.27 max= 2789.47 p50=  208.54 p95=  486.14 p99= 2420.52 rps=  46.48
  controller.AnalyticsController.maxViewersSummary n= 2789 err=   0 errRate=  0.00% avg=  265.22 min=   20.47 max= 3120.05 p50=  209.77 p95=  487.33 p99= 2796.52 rps=  46.48
  controller.ObservabilityController.getStats   n=    1 err=   0 errRate=  0.00% avg=  282.60 min=  282.60 max=  282.60 p50=  282.60 p95=  282.60 p99=  282.60 rps=   0.02
  s2s.crud.fetchAllTickets                      n= 2789 err=   0 errRate=  0.00% avg=  231.18 min=   20.22 max=  705.11 p50=  207.06 p95=  419.36 p99=  577.38 rps=  46.48
  s2s.crud.fetchFilms                           n=    2 err=   0 errRate=  0.00% avg= 1369.13 min=  442.02 max= 2296.25 p50= 1369.13 p95= 2203.54 p99= 2277.71 rps=   0.03

2026-05-06T20:57:19.064Z  INFO 1 --- [lab8-additional-service] [   scheduling-1] r.h.l.a.service.FilmCacheService         : film-cache stats: size=310 ttlMs=30000 lastRefreshAtMs=1778101031514 hits=2837 misses=2 refreshes=2
2026-05-06T20:57:19.673Z  INFO 1 --- [lab8-additional-service] [   scheduling-1] r.h.l.a.o.ObservabilityService           : [lab8-additional-service] observability refresh
window 10s
  calc.additional.maxViewersSummary             n=  947 err=   0 errRate=  0.00% avg=  197.16 min=   20.27 max=  813.90 p50=  192.25 p95=  387.01 p99=  659.38 rps=  94.70
  controller.AnalyticsController.maxViewersSummary n=  947 err=   0 errRate=  0.00% avg=  197.71 min=   20.47 max=  814.45 p50=  192.57 p95=  387.26 p99=  660.11 rps=  94.70
  s2s.crud.fetchAllTickets                      n=  947 err=   0 errRate=  0.00% avg=  186.42 min=   20.22 max=  507.22 p50=  189.95 p95=  342.80 p99=  422.76 rps=  94.70
  s2s.crud.fetchFilms                           n=    1 err=   0 errRate=  0.00% avg=  442.02 min=  442.02 max=  442.02 p50=  442.02 p95=  442.02 p99=  442.02 rps=   0.10
window 30s
  calc.additional.maxViewersSummary             n= 2500 err=   0 errRate=  0.00% avg=  227.58 min=   20.27 max=  813.90 p50=  203.56 p95=  424.38 p99=  609.09 rps=  83.33
  controller.AnalyticsController.maxViewersSummary n= 2500 err=   0 errRate=  0.00% avg=  228.44 min=   20.47 max=  814.45 p50=  204.31 p95=  426.67 p99=  609.83 rps=  83.33
  s2s.crud.fetchAllTickets                      n= 2500 err=   0 errRate=  0.00% avg=  223.40 min=   20.22 max=  705.11 p50=  202.83 p95=  412.71 p99=  530.70 rps=  83.33
  s2s.crud.fetchFilms                           n=    1 err=   0 errRate=  0.00% avg=  442.02 min=  442.02 max=  442.02 p50=  442.02 p95=  442.02 p99=  442.02 rps=   0.03
window 1m
  calc.additional.maxViewersSummary             n= 2877 err=   0 errRate=  0.00% avg=  258.58 min=   20.27 max= 2789.47 p50=  207.79 p95=  484.24 p99= 2417.87 rps=  47.95
  controller.AnalyticsController.maxViewersSummary n= 2877 err=   0 errRate=  0.00% avg=  262.98 min=   20.47 max= 3120.05 p50=  208.79 p95=  485.07 p99= 2735.54 rps=  47.95
  controller.ObservabilityController.getStats   n=    1 err=   0 errRate=  0.00% avg=  282.60 min=  282.60 max=  282.60 p50=  282.60 p95=  282.60 p99=  282.60 rps=   0.02
  s2s.crud.fetchAllTickets                      n= 2877 err=   0 errRate=  0.00% avg=  229.91 min=   20.22 max=  705.11 p50=  206.24 p95=  418.17 p99=  576.47 rps=  47.95
  s2s.crud.fetchFilms                           n=    2 err=   0 errRate=  0.00% avg= 1369.13 min=  442.02 max= 2296.25 p50= 1369.13 p95= 2203.54 p99= 2277.71 rps=   0.03

2026-05-06T20:57:20.677Z  INFO 1 --- [lab8-additional-service] [   scheduling-1] r.h.l.a.o.ObservabilityService           : [lab8-additional-service] observability refresh
window 10s
  calc.additional.maxViewersSummary             n=  959 err=   0 errRate=  0.00% avg=  193.45 min=   17.50 max=  813.90 p50=  189.83 p95=  384.71 p99=  651.90 rps=  95.90
  controller.AnalyticsController.maxViewersSummary n=  959 err=   0 errRate=  0.00% avg=  194.00 min=   17.69 max=  814.45 p50=  190.18 p95=  385.54 p99=  652.51 rps=  95.90
  s2s.crud.fetchAllTickets                      n=  959 err=   0 errRate=  0.00% avg=  182.85 min=   17.45 max=  506.79 p50=  187.04 p95=  325.68 p99=  417.68 rps=  95.90
  s2s.crud.fetchFilms                           n=    1 err=   0 errRate=  0.00% avg=  442.02 min=  442.02 max=  442.02 p50=  442.02 p95=  442.02 p99=  442.02 rps=   0.10
window 30s
  calc.additional.maxViewersSummary             n= 2555 err=   0 errRate=  0.00% avg=  222.25 min=   17.50 max=  813.90 p50=  201.82 p95=  417.17 p99=  604.65 rps=  85.17
  controller.AnalyticsController.maxViewersSummary n= 2555 err=   0 errRate=  0.00% avg=  223.03 min=   17.69 max=  814.45 p50=  202.43 p95=  417.88 p99=  606.10 rps=  85.17
  s2s.crud.fetchAllTickets                      n= 2555 err=   0 errRate=  0.00% avg=  218.16 min=   17.45 max=  705.11 p50=  201.20 p95=  404.97 p99=  518.01 rps=  85.17
  s2s.crud.fetchFilms                           n=    1 err=   0 errRate=  0.00% avg=  442.02 min=  442.02 max=  442.02 p50=  442.02 p95=  442.02 p99=  442.02 rps=   0.03
window 1m
  calc.additional.maxViewersSummary             n= 2985 err=   0 errRate=  0.00% avg=  255.17 min=   17.50 max= 2789.47 p50=  206.47 p95=  481.61 p99= 1070.42 rps=  49.75
  controller.AnalyticsController.maxViewersSummary n= 2985 err=   0 errRate=  0.00% avg=  259.43 min=   17.69 max= 3120.05 p50=  207.50 p95=  482.81 p99= 1118.76 rps=  49.75
  controller.ObservabilityController.getStats   n=    1 err=   0 errRate=  0.00% avg=  282.60 min=  282.60 max=  282.60 p50=  282.60 p95=  282.60 p99=  282.60 rps=   0.02
  s2s.crud.fetchAllTickets                      n= 2985 err=   0 errRate=  0.00% avg=  227.54 min=   17.45 max=  705.11 p50=  205.10 p95=  416.46 p99=  574.62 rps=  49.75
  s2s.crud.fetchFilms                           n=    2 err=   0 errRate=  0.00% avg= 1369.13 min=  442.02 max= 2296.25 p50= 1369.13 p95= 2203.54 p99= 2277.71 rps=   0.03

2026-05-06T20:57:21.680Z  INFO 1 --- [lab8-additional-service] [   scheduling-1] r.h.l.a.o.ObservabilityService           : [lab8-additional-service] observability refresh
window 10s
  calc.additional.maxViewersSummary             n=  978 err=   0 errRate=  0.00% avg=  188.57 min=   17.50 max=  813.90 p50=  186.86 p95=  380.62 p99=  640.04 rps=  97.80
  controller.AnalyticsController.maxViewersSummary n=  978 err=   0 errRate=  0.00% avg=  189.11 min=   17.69 max=  814.45 p50=  187.58 p95=  380.98 p99=  640.47 rps=  97.80
  s2s.crud.fetchAllTickets                      n=  978 err=   0 errRate=  0.00% avg=  178.17 min=   17.45 max=  584.97 p50=  184.36 p95=  316.54 p99=  397.75 rps=  97.80
  s2s.crud.fetchFilms                           n=    1 err=   0 errRate=  0.00% avg=  442.02 min=  442.02 max=  442.02 p50=  442.02 p95=  442.02 p99=  442.02 rps=   0.10
window 30s
  calc.additional.maxViewersSummary             n= 2605 err=   0 errRate=  0.00% avg=  217.95 min=   17.50 max=  813.90 p50=  200.10 p95=  411.74 p99=  603.18 rps=  86.83
  controller.AnalyticsController.maxViewersSummary n= 2605 err=   0 errRate=  0.00% avg=  218.67 min=   17.69 max=  814.45 p50=  200.94 p95=  412.77 p99=  604.07 rps=  86.83
  s2s.crud.fetchAllTickets                      n= 2605 err=   0 errRate=  0.00% avg=  213.94 min=   17.45 max=  705.11 p50=  199.73 p95=  402.59 p99=  517.46 rps=  86.83
  s2s.crud.fetchFilms                           n=    1 err=   0 errRate=  0.00% avg=  442.02 min=  442.02 max=  442.02 p50=  442.02 p95=  442.02 p99=  442.02 rps=   0.03
window 1m
  calc.additional.maxViewersSummary             n= 3096 err=   0 errRate=  0.00% avg=  251.99 min=   17.50 max= 2789.47 p50=  205.29 p95=  476.06 p99=  803.24 rps=  51.60
  controller.AnalyticsController.maxViewersSummary n= 3096 err=   0 errRate=  0.00% avg=  256.11 min=   17.69 max= 3120.05 p50=  206.30 p95=  476.91 p99=  803.51 rps=  51.60
  controller.ObservabilityController.getStats   n=    1 err=   0 errRate=  0.00% avg=  282.60 min=  282.60 max=  282.60 p50=  282.60 p95=  282.60 p99=  282.60 rps=   0.02
  s2s.crud.fetchAllTickets                      n= 3096 err=   0 errRate=  0.00% avg=  225.34 min=   17.45 max=  705.11 p50=  204.03 p95=  412.16 p99=  574.40 rps=  51.60
  s2s.crud.fetchFilms                           n=    2 err=   0 errRate=  0.00% avg= 1369.13 min=  442.02 max= 2296.25 p50= 1369.13 p95= 2203.54 p99= 2277.71 rps=   0.03

2026-05-06T20:57:22.688Z  INFO 1 --- [lab8-additional-service] [   scheduling-1] r.h.l.a.o.ObservabilityService           : [lab8-additional-service] observability refresh
window 10s
  calc.additional.maxViewersSummary             n= 1025 err=   0 errRate=  0.00% avg=  174.92 min=   17.50 max=  585.11 p50=  181.90 p95=  311.62 p99=  390.93 rps= 102.50
  controller.AnalyticsController.maxViewersSummary n= 1025 err=   0 errRate=  0.00% avg=  175.45 min=   17.69 max=  585.59 p50=  182.50 p95=  312.06 p99=  391.13 rps= 102.50
  s2s.crud.fetchAllTickets                      n= 1025 err=   0 errRate=  0.00% avg=  174.80 min=   17.45 max=  584.97 p50=  181.83 p95=  311.56 p99=  390.86 rps= 102.50
window 30s
  calc.additional.maxViewersSummary             n= 2650 err=   0 errRate=  0.00% avg=  214.05 min=   17.50 max=  813.90 p50=  199.35 p95=  406.06 p99=  602.44 rps=  88.33
  controller.AnalyticsController.maxViewersSummary n= 2650 err=   0 errRate=  0.00% avg=  214.73 min=   17.69 max=  814.45 p50=  199.84 p95=  406.99 p99=  603.20 rps=  88.33
  s2s.crud.fetchAllTickets                      n= 2650 err=   0 errRate=  0.00% avg=  210.10 min=   17.45 max=  705.11 p50=  198.93 p95=  399.87 p99=  512.53 rps=  88.33
  s2s.crud.fetchFilms                           n=    1 err=   0 errRate=  0.00% avg=  442.02 min=  442.02 max=  442.02 p50=  442.02 p95=  442.02 p99=  442.02 rps=   0.03
window 1m
  calc.additional.maxViewersSummary             n= 3204 err=   0 errRate=  0.00% avg=  249.13 min=   17.50 max= 2789.47 p50=  204.61 p95=  470.19 p99=  801.50 rps=  53.40
  controller.AnalyticsController.maxViewersSummary n= 3204 err=   0 errRate=  0.00% avg=  253.12 min=   17.69 max= 3120.05 p50=  205.36 p95=  472.46 p99=  802.49 rps=  53.40
  controller.ObservabilityController.getStats   n=    1 err=   0 errRate=  0.00% avg=  282.60 min=  282.60 max=  282.60 p50=  282.60 p95=  282.60 p99=  282.60 rps=   0.02
  s2s.crud.fetchAllTickets                      n= 3204 err=   0 errRate=  0.00% avg=  223.38 min=   17.45 max=  705.11 p50=  203.55 p95=  410.42 p99=  568.48 rps=  53.40
  s2s.crud.fetchFilms                           n=    2 err=   0 errRate=  0.00% avg= 1369.13 min=  442.02 max= 2296.25 p50= 1369.13 p95= 2203.54 p99= 2277.71 rps=   0.03

2026-05-06T20:57:23.692Z  INFO 1 --- [lab8-additional-service] [   scheduling-1] r.h.l.a.o.ObservabilityService           : [lab8-additional-service] observability refresh
window 10s
  calc.additional.maxViewersSummary             n= 1036 err=   0 errRate=  0.00% avg=  172.36 min=   17.50 max=  585.11 p50=  179.97 p95=  305.68 p99=  390.84 rps= 103.60
  controller.AnalyticsController.maxViewersSummary n= 1036 err=   0 errRate=  0.00% avg=  172.89 min=   17.69 max=  585.59 p50=  180.85 p95=  306.93 p99=  391.03 rps= 103.60
  s2s.crud.fetchAllTickets                      n= 1036 err=   0 errRate=  0.00% avg=  172.25 min=   17.45 max=  584.97 p50=  179.92 p95=  305.54 p99=  390.77 rps= 103.60
window 30s
  calc.additional.maxViewersSummary             n= 2697 err=   0 errRate=  0.00% avg=  209.01 min=   17.50 max=  813.90 p50=  197.93 p95=  398.83 p99=  585.26 rps=  89.90
  controller.AnalyticsController.maxViewersSummary n= 2697 err=   0 errRate=  0.00% avg=  209.67 min=   17.69 max=  814.45 p50=  198.62 p95=  399.60 p99=  585.81 rps=  89.90
  s2s.crud.fetchAllTickets                      n= 2697 err=   0 errRate=  0.00% avg=  205.14 min=   17.45 max=  699.28 p50=  197.56 p95=  392.41 p99=  492.03 rps=  89.90
  s2s.crud.fetchFilms                           n=    1 err=   0 errRate=  0.00% avg=  442.02 min=  442.02 max=  442.02 p50=  442.02 p95=  442.02 p99=  442.02 rps=   0.03
window 1m
  calc.additional.maxViewersSummary             n= 3313 err=   0 errRate=  0.00% avg=  246.11 min=   17.50 max= 2789.47 p50=  203.56 p95=  465.64 p99=  797.59 rps=  55.22
  controller.AnalyticsController.maxViewersSummary n= 3313 err=   0 errRate=  0.00% avg=  249.98 min=   17.69 max= 3120.05 p50=  204.30 p95=  467.21 p99=  797.81 rps=  55.22
  controller.ObservabilityController.getStats   n=    1 err=   0 errRate=  0.00% avg=  282.60 min=  282.60 max=  282.60 p50=  282.60 p95=  282.60 p99=  282.60 rps=   0.02
  s2s.crud.fetchAllTickets                      n= 3313 err=   0 errRate=  0.00% avg=  221.20 min=   17.45 max=  705.11 p50=  202.46 p95=  409.40 p99=  557.27 rps=  55.22
  s2s.crud.fetchFilms                           n=    2 err=   0 errRate=  0.00% avg= 1369.13 min=  442.02 max= 2296.25 p50= 1369.13 p95= 2203.54 p99= 2277.71 rps=   0.03

2026-05-06T20:57:24.696Z  INFO 1 --- [lab8-additional-service] [   scheduling-1] r.h.l.a.o.ObservabilityService           : [lab8-additional-service] observability refresh
window 10s
  calc.additional.maxViewersSummary             n= 1060 err=   0 errRate=  0.00% avg=  165.87 min=   17.50 max=  585.11 p50=  164.17 p95=  300.09 p99=  347.66 rps= 106.00
  controller.AnalyticsController.maxViewersSummary n= 1060 err=   0 errRate=  0.00% avg=  166.42 min=   17.69 max=  585.59 p50=  166.47 p95=  300.64 p99=  348.55 rps= 106.00
  s2s.crud.fetchAllTickets                      n= 1060 err=   0 errRate=  0.00% avg=  165.72 min=   17.45 max=  584.97 p50=  164.10 p95=  300.05 p99=  347.59 rps= 106.00
window 30s
  calc.additional.maxViewersSummary             n= 2740 err=   0 errRate=  0.00% avg=  203.14 min=   17.50 max=  813.90 p50=  196.21 p95=  391.15 p99=  511.32 rps=  91.33
  controller.AnalyticsController.maxViewersSummary n= 2740 err=   0 errRate=  0.00% avg=  203.79 min=   17.69 max=  814.45 p50=  196.83 p95=  391.76 p99=  511.61 rps=  91.33
  s2s.crud.fetchAllTickets                      n= 2740 err=   0 errRate=  0.00% avg=  199.31 min=   17.45 max=  603.25 p50=  195.93 p95=  384.14 p99=  472.51 rps=  91.33
  s2s.crud.fetchFilms                           n=    1 err=   0 errRate=  0.00% avg=  442.02 min=  442.02 max=  442.02 p50=  442.02 p95=  442.02 p99=  442.02 rps=   0.03
window 1m
  calc.additional.maxViewersSummary             n= 3427 err=   0 errRate=  0.00% avg=  242.59 min=   17.50 max= 2789.47 p50=  202.34 p95=  439.02 p99=  767.13 rps=  57.12
  controller.AnalyticsController.maxViewersSummary n= 3427 err=   0 errRate=  0.00% avg=  246.35 min=   17.69 max= 3120.05 p50=  203.22 p95=  441.10 p99=  776.48 rps=  57.12
  controller.ObservabilityController.getStats   n=    1 err=   0 errRate=  0.00% avg=  282.60 min=  282.60 max=  282.60 p50=  282.60 p95=  282.60 p99=  282.60 rps=   0.02
  s2s.crud.fetchAllTickets                      n= 3427 err=   0 errRate=  0.00% avg=  218.50 min=   17.45 max=  705.11 p50=  201.30 p95=  406.30 p99=  530.97 rps=  57.12
  s2s.crud.fetchFilms                           n=    2 err=   0 errRate=  0.00% avg= 1369.13 min=  442.02 max= 2296.25 p50= 1369.13 p95= 2203.54 p99= 2277.71 rps=   0.03

2026-05-06T20:57:25.749Z  INFO 1 --- [lab8-additional-service] [   scheduling-1] r.h.l.a.o.ObservabilityService           : [lab8-additional-service] observability refresh
window 10s
  calc.additional.maxViewersSummary             n= 1055 err=   0 errRate=  0.00% avg=  162.09 min=   17.50 max=  585.11 p50=  135.45 p95=  295.37 p99=  327.50 rps= 105.50
  controller.AnalyticsController.maxViewersSummary n= 1055 err=   0 errRate=  0.00% avg=  162.62 min=   17.69 max=  585.59 p50=  135.98 p95=  296.27 p99=  327.65 rps= 105.50
  s2s.crud.fetchAllTickets                      n= 1055 err=   0 errRate=  0.00% avg=  161.93 min=   17.45 max=  584.97 p50=  135.39 p95=  295.32 p99=  327.45 rps= 105.50
window 30s
  calc.additional.maxViewersSummary             n= 2767 err=   0 errRate=  0.00% avg=  198.54 min=   17.50 max=  813.90 p50=  194.56 p95=  385.64 p99=  507.29 rps=  92.23
  controller.AnalyticsController.maxViewersSummary n= 2767 err=   0 errRate=  0.00% avg=  199.17 min=   17.69 max=  814.45 p50=  195.06 p95=  386.72 p99=  507.82 rps=  92.23
  s2s.crud.fetchAllTickets                      n= 2767 err=   0 errRate=  0.00% avg=  194.75 min=   17.45 max=  603.25 p50=  194.32 p95=  374.12 p99=  464.64 rps=  92.23
  s2s.crud.fetchFilms                           n=    1 err=   0 errRate=  0.00% avg=  442.02 min=  442.02 max=  442.02 p50=  442.02 p95=  442.02 p99=  442.02 rps=   0.03
window 1m
  calc.additional.maxViewersSummary             n= 3535 err=   0 errRate=  0.00% avg=  239.46 min=   17.50 max= 2789.47 p50=  201.16 p95=  428.91 p99=  716.90 rps=  58.92
  controller.AnalyticsController.maxViewersSummary n= 3535 err=   0 errRate=  0.00% avg=  243.12 min=   17.69 max= 3120.05 p50=  201.73 p95=  429.40 p99=  741.30 rps=  58.92
  controller.ObservabilityController.getStats   n=    1 err=   0 errRate=  0.00% avg=  282.60 min=  282.60 max=  282.60 p50=  282.60 p95=  282.60 p99=  282.60 rps=   0.02
  s2s.crud.fetchAllTickets                      n= 3535 err=   0 errRate=  0.00% avg=  216.10 min=   17.45 max=  705.11 p50=  199.99 p95=  405.16 p99=  528.77 rps=  58.92
  s2s.crud.fetchFilms                           n=    2 err=   0 errRate=  0.00% avg= 1369.13 min=  442.02 max= 2296.25 p50= 1369.13 p95= 2203.54 p99= 2277.71 rps=   0.03

2026-05-06T20:57:26.757Z  INFO 1 --- [lab8-additional-service] [   scheduling-1] r.h.l.a.o.ObservabilityService           : [lab8-additional-service] observability refresh
window 10s
  calc.additional.maxViewersSummary             n= 1045 err=   0 errRate=  0.00% avg=  160.54 min=   17.50 max=  585.11 p50=  133.48 p95=  294.65 p99=  320.03 rps= 104.50
  controller.AnalyticsController.maxViewersSummary n= 1044 err=   0 errRate=  0.00% avg=  161.20 min=   17.69 max=  585.59 p50=  133.73 p95=  295.37 p99=  321.09 rps= 104.40
  s2s.crud.fetchAllTickets                      n= 1045 err=   0 errRate=  0.00% avg=  160.39 min=   17.45 max=  584.97 p50=  133.41 p95=  294.59 p99=  319.98 rps= 104.50
window 30s
  calc.additional.maxViewersSummary             n= 2793 err=   0 errRate=  0.00% avg=  195.18 min=   17.50 max=  813.90 p50=  193.47 p95=  380.68 p99=  507.28 rps=  93.10
  controller.AnalyticsController.maxViewersSummary n= 2792 err=   0 errRate=  0.00% avg=  195.85 min=   17.69 max=  814.45 p50=  194.29 p95=  381.09 p99=  507.81 rps=  93.07
  s2s.crud.fetchAllTickets                      n= 2793 err=   0 errRate=  0.00% avg=  191.44 min=   17.45 max=  603.25 p50=  193.12 p95=  365.18 p99=  461.60 rps=  93.10
  s2s.crud.fetchFilms                           n=    1 err=   0 errRate=  0.00% avg=  442.02 min=  442.02 max=  442.02 p50=  442.02 p95=  442.02 p99=  442.02 rps=   0.03
window 1m
  calc.additional.maxViewersSummary             n= 3631 err=   0 errRate=  0.00% avg=  237.14 min=   17.50 max= 2789.47 p50=  200.09 p95=  424.21 p99=  714.47 rps=  60.52
  controller.AnalyticsController.maxViewersSummary n= 3630 err=   0 errRate=  0.00% avg=  240.77 min=   17.69 max= 3120.05 p50=  200.97 p95=  425.75 p99=  717.48 rps=  60.50
  controller.ObservabilityController.getStats   n=    1 err=   0 errRate=  0.00% avg=  282.60 min=  282.60 max=  282.60 p50=  282.60 p95=  282.60 p99=  282.60 rps=   0.02
  s2s.crud.fetchAllTickets                      n= 3631 err=   0 errRate=  0.00% avg=  214.40 min=   17.45 max=  705.11 p50=  199.39 p95=  404.57 p99=  524.11 rps=  60.52
  s2s.crud.fetchFilms                           n=    2 err=   0 errRate=  0.00% avg= 1369.13 min=  442.02 max= 2296.25 p50= 1369.13 p95= 2203.54 p99= 2277.71 rps=   0.03

2026-05-06T20:57:27.764Z  INFO 1 --- [lab8-additional-service] [   scheduling-1] r.h.l.a.o.ObservabilityService           : [lab8-additional-service] observability refresh
window 10s
  calc.additional.maxViewersSummary             n= 1063 err=   0 errRate=  0.00% avg=  155.00 min=   17.50 max=  585.11 p50=  126.14 p95=  290.15 p99=  319.44 rps= 106.30
  controller.AnalyticsController.maxViewersSummary n= 1063 err=   0 errRate=  0.00% avg=  155.59 min=   17.69 max=  585.59 p50=  126.52 p95=  290.52 p99=  320.82 rps= 106.30
  s2s.crud.fetchAllTickets                      n= 1063 err=   0 errRate=  0.00% avg=  154.85 min=   17.45 max=  584.97 p50=  125.89 p95=  290.10 p99=  319.39 rps= 106.30
window 30s
  calc.additional.maxViewersSummary             n= 2832 err=   0 errRate=  0.00% avg=  191.36 min=   17.50 max=  813.90 p50=  191.33 p95=  378.21 p99=  507.27 rps=  94.40
  controller.AnalyticsController.maxViewersSummary n= 2832 err=   0 errRate=  0.00% avg=  191.97 min=   17.69 max=  814.45 p50=  192.11 p95=  378.90 p99=  507.72 rps=  94.40
  s2s.crud.fetchAllTickets                      n= 2832 err=   0 errRate=  0.00% avg=  187.67 min=   17.45 max=  603.25 p50=  190.45 p95=  334.02 p99=  458.96 rps=  94.40
  s2s.crud.fetchFilms                           n=    1 err=   0 errRate=  0.00% avg=  442.02 min=  442.02 max=  442.02 p50=  442.02 p95=  442.02 p99=  442.02 rps=   0.03
window 1m
  calc.additional.maxViewersSummary             n= 3753 err=   0 errRate=  0.00% avg=  233.49 min=   17.50 max= 2789.47 p50=  199.10 p95=  423.09 p99=  708.94 rps=  62.55
  controller.AnalyticsController.maxViewersSummary n= 3753 err=   0 errRate=  0.00% avg=  236.97 min=   17.69 max= 3120.05 p50=  199.64 p95=  423.77 p99=  714.38 rps=  62.55
  controller.ObservabilityController.getStats   n=    1 err=   0 errRate=  0.00% avg=  282.60 min=  282.60 max=  282.60 p50=  282.60 p95=  282.60 p99=  282.60 rps=   0.02
  s2s.crud.fetchAllTickets                      n= 3753 err=   0 errRate=  0.00% avg=  211.48 min=   17.45 max=  705.11 p50=  198.35 p95=  402.63 p99=  521.36 rps=  62.55
  s2s.crud.fetchFilms                           n=    2 err=   0 errRate=  0.00% avg= 1369.13 min=  442.02 max= 2296.25 p50= 1369.13 p95= 2203.54 p99= 2277.71 rps=   0.03

2026-05-06T20:57:28.769Z  INFO 1 --- [lab8-additional-service] [   scheduling-1] r.h.l.a.o.ObservabilityService           : [lab8-additional-service] observability refresh
window 10s
  calc.additional.maxViewersSummary             n= 1083 err=   0 errRate=  0.00% avg=  151.28 min=   17.50 max=  585.11 p50=  122.83 p95=  286.97 p99=  317.76 rps= 108.30
  controller.AnalyticsController.maxViewersSummary n= 1083 err=   0 errRate=  0.00% avg=  151.85 min=   17.69 max=  585.59 p50=  123.14 p95=  288.24 p99=  318.69 rps= 108.30
  s2s.crud.fetchAllTickets                      n= 1083 err=   0 errRate=  0.00% avg=  151.13 min=   17.45 max=  584.97 p50=  122.78 p95=  286.84 p99=  317.71 rps= 108.30
window 30s
  calc.additional.maxViewersSummary             n= 2875 err=   0 errRate=  0.00% avg=  187.52 min=   17.50 max=  813.90 p50=  188.07 p95=  374.78 p99=  507.26 rps=  95.83
  controller.AnalyticsController.maxViewersSummary n= 2875 err=   0 errRate=  0.00% avg=  188.10 min=   17.69 max=  814.45 p50=  188.79 p95=  375.84 p99=  507.60 rps=  95.83
  s2s.crud.fetchAllTickets                      n= 2875 err=   0 errRate=  0.00% avg=  183.90 min=   17.45 max=  603.25 p50=  187.46 p95=  328.60 p99=  449.57 rps=  95.83
  s2s.crud.fetchFilms                           n=    1 err=   0 errRate=  0.00% avg=  442.02 min=  442.02 max=  442.02 p50=  442.02 p95=  442.02 p99=  442.02 rps=   0.03
window 1m
  calc.additional.maxViewersSummary             n= 3880 err=   0 errRate=  0.00% avg=  229.99 min=   17.50 max= 2789.47 p50=  197.98 p95=  419.85 p99=  701.37 rps=  64.67
  controller.AnalyticsController.maxViewersSummary n= 3880 err=   0 errRate=  0.00% avg=  233.37 min=   17.69 max= 3120.05 p50=  198.72 p95=  420.42 p99=  708.45 rps=  64.67
  controller.ObservabilityController.getStats   n=    1 err=   0 errRate=  0.00% avg=  282.60 min=  282.60 max=  282.60 p50=  282.60 p95=  282.60 p99=  282.60 rps=   0.02
  s2s.crud.fetchAllTickets                      n= 3880 err=   0 errRate=  0.00% avg=  208.70 min=   17.45 max=  705.11 p50=  197.32 p95=  401.36 p99=  518.98 rps=  64.67
  s2s.crud.fetchFilms                           n=    2 err=   0 errRate=  0.00% avg= 1369.13 min=  442.02 max= 2296.25 p50= 1369.13 p95= 2203.54 p99= 2277.71 rps=   0.03

2026-05-06T20:57:29.064Z  INFO 1 --- [lab8-additional-service] [   scheduling-1] r.h.l.a.service.FilmCacheService         : film-cache stats: size=310 ttlMs=30000 lastRefreshAtMs=1778101031514 hits=3926 misses=2 refreshes=2
2026-05-06T20:57:29.773Z  INFO 1 --- [lab8-additional-service] [   scheduling-1] r.h.l.a.o.ObservabilityService           : [lab8-additional-service] observability refresh
window 10s
  calc.additional.maxViewersSummary             n= 1119 err=   0 errRate=  0.00% avg=  145.14 min=   16.95 max=  585.11 p50=  119.22 p95=  282.19 p99=  312.64 rps= 111.90
  controller.AnalyticsController.maxViewersSummary n= 1119 err=   0 errRate=  0.00% avg=  145.57 min=   17.41 max=  585.59 p50=  119.50 p95=  282.38 p99=  312.85 rps= 111.90
  s2s.crud.fetchAllTickets                      n= 1119 err=   0 errRate=  0.00% avg=  145.03 min=   16.90 max=  584.97 p50=  119.17 p95=  282.13 p99=  312.59 rps= 111.90
window 30s
  calc.additional.maxViewersSummary             n= 2929 err=   0 errRate=  0.00% avg=  183.38 min=   16.95 max=  813.90 p50=  184.87 p95=  333.72 p99=  503.26 rps=  97.63
  controller.AnalyticsController.maxViewersSummary n= 2929 err=   0 errRate=  0.00% avg=  183.95 min=   17.41 max=  814.45 p50=  185.68 p95=  333.97 p99=  503.76 rps=  97.63
  s2s.crud.fetchAllTickets                      n= 2929 err=   0 errRate=  0.00% avg=  179.83 min=   16.90 max=  588.78 p50=  184.24 p95=  324.91 p99=  418.35 rps=  97.63
  s2s.crud.fetchFilms                           n=    1 err=   0 errRate=  0.00% avg=  442.02 min=  442.02 max=  442.02 p50=  442.02 p95=  442.02 p99=  442.02 rps=   0.03
window 1m
  calc.additional.maxViewersSummary             n= 4007 err=   0 errRate=  0.00% avg=  226.60 min=   16.95 max= 2789.47 p50=  197.19 p95=  417.50 p99=  699.27 rps=  66.78
  controller.AnalyticsController.maxViewersSummary n= 4007 err=   0 errRate=  0.00% avg=  229.89 min=   17.41 max= 3120.05 p50=  197.93 p95=  418.81 p99=  700.95 rps=  66.78
  controller.ObservabilityController.getStats   n=    1 err=   0 errRate=  0.00% avg=  282.60 min=  282.60 max=  282.60 p50=  282.60 p95=  282.60 p99=  282.60 rps=   0.02
  s2s.crud.fetchAllTickets                      n= 4007 err=   0 errRate=  0.00% avg=  205.99 min=   16.90 max=  705.11 p50=  196.57 p95=  400.25 p99=  517.40 rps=  66.78
  s2s.crud.fetchFilms                           n=    2 err=   0 errRate=  0.00% avg= 1369.13 min=  442.02 max= 2296.25 p50= 1369.13 p95= 2203.54 p99= 2277.71 rps=   0.03

2026-05-06T20:57:30.777Z  INFO 1 --- [lab8-additional-service] [   scheduling-1] r.h.l.a.o.ObservabilityService           : [lab8-additional-service] observability refresh
window 10s
  calc.additional.maxViewersSummary             n= 1144 err=   0 errRate=  0.00% avg=  138.93 min=   16.95 max=  409.77 p50=  116.36 p95=  234.38 p99=  305.05 rps= 114.40
  controller.AnalyticsController.maxViewersSummary n= 1144 err=   0 errRate=  0.00% avg=  139.35 min=   17.41 max=  409.95 p50=  116.53 p95=  234.55 p99=  306.39 rps= 114.40
  s2s.crud.fetchAllTickets                      n= 1144 err=   0 errRate=  0.00% avg=  138.82 min=   16.90 max=  409.71 p50=  116.31 p95=  231.55 p99=  305.00 rps= 114.40
window 30s
  calc.additional.maxViewersSummary             n= 2980 err=   0 errRate=  0.00% avg=  178.68 min=   16.95 max=  813.90 p50=  178.40 p95=  327.50 p99=  494.94 rps=  99.33
  controller.AnalyticsController.maxViewersSummary n= 2980 err=   0 errRate=  0.00% avg=  179.23 min=   17.41 max=  814.45 p50=  179.32 p95=  327.79 p99=  495.73 rps=  99.33
  s2s.crud.fetchAllTickets                      n= 2980 err=   0 errRate=  0.00% avg=  175.19 min=   16.90 max=  584.97 p50=  176.52 p95=  320.25 p99=  414.86 rps=  99.33
  s2s.crud.fetchFilms                           n=    1 err=   0 errRate=  0.00% avg=  442.02 min=  442.02 max=  442.02 p50=  442.02 p95=  442.02 p99=  442.02 rps=   0.03
window 1m
  calc.additional.maxViewersSummary             n= 4140 err=   0 errRate=  0.00% avg=  222.91 min=   16.95 max= 2789.47 p50=  196.03 p95=  412.77 p99=  694.85 rps=  69.00
  controller.AnalyticsController.maxViewersSummary n= 4140 err=   0 errRate=  0.00% avg=  226.10 min=   17.41 max= 3120.05 p50=  196.74 p95=  415.26 p99=  699.18 rps=  69.00
  controller.ObservabilityController.getStats   n=    1 err=   0 errRate=  0.00% avg=  282.60 min=  282.60 max=  282.60 p50=  282.60 p95=  282.60 p99=  282.60 rps=   0.02
  s2s.crud.fetchAllTickets                      n= 4140 err=   0 errRate=  0.00% avg=  202.96 min=   16.90 max=  705.11 p50=  195.33 p95=  399.70 p99=  513.67 rps=  69.00
  s2s.crud.fetchFilms                           n=    2 err=   0 errRate=  0.00% avg= 1369.13 min=  442.02 max= 2296.25 p50= 1369.13 p95= 2203.54 p99= 2277.71 rps=   0.03

2026-05-06T20:57:31.784Z  INFO 1 --- [lab8-additional-service] [   scheduling-1] r.h.l.a.o.ObservabilityService           : [lab8-additional-service] observability refresh
window 10s
  calc.additional.maxViewersSummary             n= 1178 err=   0 errRate=  0.00% avg=  132.87 min=   16.95 max=  409.77 p50=  113.80 p95=  221.95 p99=  300.87 rps= 117.80
  controller.AnalyticsController.maxViewersSummary n= 1178 err=   0 errRate=  0.00% avg=  133.28 min=   17.41 max=  409.95 p50=  114.10 p95=  223.03 p99=  301.03 rps= 117.80
  s2s.crud.fetchAllTickets                      n= 1178 err=   0 errRate=  0.00% avg=  132.76 min=   16.90 max=  409.71 p50=  113.73 p95=  221.04 p99=  300.37 rps= 117.80
window 30s
  calc.additional.maxViewersSummary             n= 3036 err=   0 errRate=  0.00% avg=  174.14 min=   16.95 max=  813.90 p50=  160.35 p95=  321.57 p99=  494.32 rps= 101.20
  controller.AnalyticsController.maxViewersSummary n= 3036 err=   0 errRate=  0.00% avg=  174.67 min=   17.41 max=  814.45 p50=  161.22 p95=  322.10 p99=  494.94 rps= 101.20
  s2s.crud.fetchAllTickets                      n= 3036 err=   0 errRate=  0.00% avg=  170.72 min=   16.90 max=  584.97 p50=  150.16 p95=  316.15 p99=  411.68 rps= 101.20
  s2s.crud.fetchFilms                           n=    1 err=   0 errRate=  0.00% avg=  442.02 min=  442.02 max=  442.02 p50=  442.02 p95=  442.02 p99=  442.02 rps=   0.03
window 1m
  calc.additional.maxViewersSummary             n= 4280 err=   0 errRate=  0.00% avg=  219.18 min=   16.95 max= 2789.47 p50=  194.59 p95=  410.49 p99=  688.95 rps=  71.33
  controller.AnalyticsController.maxViewersSummary n= 4280 err=   0 errRate=  0.00% avg=  222.27 min=   17.41 max= 3120.05 p50=  195.19 p95=  411.95 p99=  693.42 rps=  71.33
  controller.ObservabilityController.getStats   n=    1 err=   0 errRate=  0.00% avg=  282.60 min=  282.60 max=  282.60 p50=  282.60 p95=  282.60 p99=  282.60 rps=   0.02
  s2s.crud.fetchAllTickets                      n= 4280 err=   0 errRate=  0.00% avg=  199.88 min=   16.90 max=  705.11 p50=  194.16 p95=  398.37 p99=  512.38 rps=  71.33
  s2s.crud.fetchFilms                           n=    2 err=   0 errRate=  0.00% avg= 1369.13 min=  442.02 max= 2296.25 p50= 1369.13 p95= 2203.54 p99= 2277.71 rps=   0.03

2026-05-06T20:57:32.790Z  INFO 1 --- [lab8-additional-service] [   scheduling-1] r.h.l.a.o.ObservabilityService           : [lab8-additional-service] observability refresh
window 10s
  calc.additional.maxViewersSummary             n= 1213 err=   0 errRate=  0.00% avg=  125.94 min=   16.95 max=  318.19 p50=  111.27 p95=  214.45 p99=  284.62 rps= 121.30
  controller.AnalyticsController.maxViewersSummary n= 1213 err=   0 errRate=  0.00% avg=  126.36 min=   17.41 max=  318.33 p50=  111.48 p95=  214.89 p99=  285.09 rps= 121.30
  s2s.crud.fetchAllTickets                      n= 1213 err=   0 errRate=  0.00% avg=  125.83 min=   16.90 max=  318.14 p50=  111.22 p95=  214.18 p99=  284.55 rps= 121.30
window 30s
  calc.additional.maxViewersSummary             n= 3100 err=   0 errRate=  0.00% avg=  169.13 min=   16.95 max=  813.90 p50=  127.61 p95=  318.24 p99=  494.12 rps= 103.33
  controller.AnalyticsController.maxViewersSummary n= 3100 err=   0 errRate=  0.00% avg=  169.65 min=   17.41 max=  814.45 p50=  128.06 p95=  319.86 p99=  494.63 rps= 103.33
  s2s.crud.fetchAllTickets                      n= 3100 err=   0 errRate=  0.00% avg=  165.78 min=   16.90 max=  584.97 p50=  127.50 p95=  312.90 p99=  410.43 rps= 103.33
  s2s.crud.fetchFilms                           n=    1 err=   0 errRate=  0.00% avg=  442.02 min=  442.02 max=  442.02 p50=  442.02 p95=  442.02 p99=  442.02 rps=   0.03
window 1m
  calc.additional.maxViewersSummary             n= 4427 err=   0 errRate=  0.00% avg=  215.18 min=   16.95 max= 2789.47 p50=  193.06 p95=  407.80 p99=  685.54 rps=  73.78
  controller.AnalyticsController.maxViewersSummary n= 4427 err=   0 errRate=  0.00% avg=  218.19 min=   17.41 max= 3120.05 p50=  193.94 p95=  409.92 p99=  688.57 rps=  73.78
  controller.ObservabilityController.getStats   n=    1 err=   0 errRate=  0.00% avg=  282.60 min=  282.60 max=  282.60 p50=  282.60 p95=  282.60 p99=  282.60 rps=   0.02
  s2s.crud.fetchAllTickets                      n= 4427 err=   0 errRate=  0.00% avg=  196.51 min=   16.90 max=  705.11 p50=  192.33 p95=  397.14 p99=  510.18 rps=  73.78
  s2s.crud.fetchFilms                           n=    2 err=   0 errRate=  0.00% avg= 1369.13 min=  442.02 max= 2296.25 p50= 1369.13 p95= 2203.54 p99= 2277.71 rps=   0.03

2026-05-06T20:57:33.799Z  INFO 1 --- [lab8-additional-service] [   scheduling-1] r.h.l.a.o.ObservabilityService           : [lab8-additional-service] observability refresh
window 10s
  calc.additional.maxViewersSummary             n= 1244 err=   0 errRate=  0.00% avg=  121.18 min=   16.95 max=  318.19 p50=  109.95 p95=  209.56 p99=  279.98 rps= 124.40
  controller.AnalyticsController.maxViewersSummary n= 1244 err=   0 errRate=  0.00% avg=  121.60 min=   17.41 max=  318.33 p50=  110.19 p95=  210.23 p99=  280.36 rps= 124.40
  s2s.crud.fetchAllTickets                      n= 1244 err=   0 errRate=  0.00% avg=  121.11 min=   16.90 max=  318.14 p50=  109.90 p95=  209.51 p99=  279.93 rps= 124.40
window 30s
  calc.additional.maxViewersSummary             n= 3153 err=   0 errRate=  0.00% avg=  164.99 min=   16.95 max=  813.90 p50=  123.76 p95=  314.08 p99=  487.60 rps= 105.10
  controller.AnalyticsController.maxViewersSummary n= 3153 err=   0 errRate=  0.00% avg=  165.50 min=   17.41 max=  814.45 p50=  124.22 p95=  315.06 p99=  487.78 rps= 105.10
  s2s.crud.fetchAllTickets                      n= 3153 err=   0 errRate=  0.00% avg=  161.70 min=   16.90 max=  584.97 p50=  123.68 p95=  310.07 p99=  409.24 rps= 105.10
  s2s.crud.fetchFilms                           n=    1 err=   0 errRate=  0.00% avg=  442.02 min=  442.02 max=  442.02 p50=  442.02 p95=  442.02 p99=  442.02 rps=   0.03
window 1m
  calc.additional.maxViewersSummary             n= 4565 err=   0 errRate=  0.00% avg=  211.98 min=   16.95 max= 2789.47 p50=  191.18 p95=  405.45 p99=  682.97 rps=  76.08
  controller.AnalyticsController.maxViewersSummary n= 4565 err=   0 errRate=  0.00% avg=  214.90 min=   17.41 max= 3120.05 p50=  192.01 p95=  407.09 p99=  685.32 rps=  76.08
  controller.ObservabilityController.getStats   n=    1 err=   0 errRate=  0.00% avg=  282.60 min=  282.60 max=  282.60 p50=  282.60 p95=  282.60 p99=  282.60 rps=   0.02
  s2s.crud.fetchAllTickets                      n= 4565 err=   0 errRate=  0.00% avg=  193.87 min=   16.90 max=  705.11 p50=  190.16 p95=  396.28 p99=  507.19 rps=  76.08
  s2s.crud.fetchFilms                           n=    2 err=   0 errRate=  0.00% avg= 1369.13 min=  442.02 max= 2296.25 p50= 1369.13 p95= 2203.54 p99= 2277.71 rps=   0.03

2026-05-06T20:57:34.803Z  INFO 1 --- [lab8-additional-service] [   scheduling-1] r.h.l.a.o.ObservabilityService           : [lab8-additional-service] observability refresh
window 10s
  calc.additional.maxViewersSummary             n= 1267 err=   0 errRate=  0.00% avg=  117.74 min=   16.87 max=  311.51 p50=  108.85 p95=  207.43 p99=  270.21 rps= 126.70
  controller.AnalyticsController.maxViewersSummary n= 1267 err=   0 errRate=  0.00% avg=  118.15 min=   17.00 max=  311.70 p50=  109.21 p95=  207.76 p99=  270.37 rps= 126.70
  s2s.crud.fetchAllTickets                      n= 1267 err=   0 errRate=  0.00% avg=  117.67 min=   16.82 max=  311.47 p50=  108.79 p95=  207.38 p99=  270.15 rps= 126.70
window 30s
  calc.additional.maxViewersSummary             n= 3224 err=   0 errRate=  0.00% avg=  160.16 min=   16.87 max=  813.90 p50=  120.98 p95=  309.93 p99=  486.88 rps= 107.47
  controller.AnalyticsController.maxViewersSummary n= 3224 err=   0 errRate=  0.00% avg=  160.62 min=   17.00 max=  814.45 p50=  121.32 p95=  310.41 p99=  487.07 rps= 107.47
  s2s.crud.fetchAllTickets                      n= 3224 err=   0 errRate=  0.00% avg=  156.93 min=   16.82 max=  584.97 p50=  120.89 p95=  305.84 p99=  403.87 rps= 107.47
  s2s.crud.fetchFilms                           n=    1 err=   0 errRate=  0.00% avg=  442.02 min=  442.02 max=  442.02 p50=  442.02 p95=  442.02 p99=  442.02 rps=   0.03
window 1m
  calc.additional.maxViewersSummary             n= 4707 err=   0 errRate=  0.00% avg=  208.62 min=   16.87 max= 2789.47 p50=  188.59 p95=  404.43 p99=  678.53 rps=  78.45
  controller.AnalyticsController.maxViewersSummary n= 4707 err=   0 errRate=  0.00% avg=  211.47 min=   17.00 max= 3120.05 p50=  189.58 p95=  405.60 p99=  683.72 rps=  78.45
  controller.ObservabilityController.getStats   n=    1 err=   0 errRate=  0.00% avg=  282.60 min=  282.60 max=  282.60 p50=  282.60 p95=  282.60 p99=  282.60 rps=   0.02
  s2s.crud.fetchAllTickets                      n= 4707 err=   0 errRate=  0.00% avg=  191.07 min=   16.82 max=  705.11 p50=  187.39 p95=  394.84 p99=  506.73 rps=  78.45
  s2s.crud.fetchFilms                           n=    2 err=   0 errRate=  0.00% avg= 1369.13 min=  442.02 max= 2296.25 p50= 1369.13 p95= 2203.54 p99= 2277.71 rps=   0.03

2026-05-06T20:57:35.812Z  INFO 1 --- [lab8-additional-service] [   scheduling-1] r.h.l.a.o.ObservabilityService           : [lab8-additional-service] observability refresh
window 10s
  calc.additional.maxViewersSummary             n= 1329 err=   0 errRate=  0.00% avg=  112.73 min=   16.87 max=  311.51 p50=  107.43 p95=  206.25 p99=  254.71 rps= 132.90
  controller.AnalyticsController.maxViewersSummary n= 1329 err=   0 errRate=  0.00% avg=  113.14 min=   17.00 max=  311.70 p50=  107.97 p95=  206.96 p99=  254.89 rps= 132.90
  s2s.crud.fetchAllTickets                      n= 1329 err=   0 errRate=  0.00% avg=  112.66 min=   16.82 max=  311.47 p50=  107.34 p95=  206.20 p99=  254.65 rps= 132.90
window 30s
  calc.additional.maxViewersSummary             n= 3289 err=   0 errRate=  0.00% avg=  155.10 min=   16.87 max=  813.90 p50=  118.92 p95=  305.92 p99=  483.22 rps= 109.63
  controller.AnalyticsController.maxViewersSummary n= 3289 err=   0 errRate=  0.00% avg=  155.56 min=   17.00 max=  814.45 p50=  119.24 p95=  306.82 p99=  483.47 rps= 109.63
  s2s.crud.fetchAllTickets                      n= 3289 err=   0 errRate=  0.00% avg=  151.94 min=   16.82 max=  584.97 p50=  118.79 p95=  303.38 p99=  398.37 rps= 109.63
  s2s.crud.fetchFilms                           n=    1 err=   0 errRate=  0.00% avg=  442.02 min=  442.02 max=  442.02 p50=  442.02 p95=  442.02 p99=  442.02 rps=   0.03
window 1m
  calc.additional.maxViewersSummary             n= 4865 err=   0 errRate=  0.00% avg=  204.83 min=   16.87 max= 2789.47 p50=  184.76 p95=  402.10 p99=  671.18 rps=  81.08
  controller.AnalyticsController.maxViewersSummary n= 4865 err=   0 errRate=  0.00% avg=  207.60 min=   17.00 max= 3120.05 p50=  185.49 p95=  403.10 p99=  673.52 rps=  81.08
  controller.ObservabilityController.getStats   n=    1 err=   0 errRate=  0.00% avg=  282.60 min=  282.60 max=  282.60 p50=  282.60 p95=  282.60 p99=  282.60 rps=   0.02
  s2s.crud.fetchAllTickets                      n= 4865 err=   0 errRate=  0.00% avg=  187.84 min=   16.82 max=  705.11 p50=  183.40 p95=  393.65 p99=  505.72 rps=  81.08
  s2s.crud.fetchFilms                           n=    2 err=   0 errRate=  0.00% avg= 1369.13 min=  442.02 max= 2296.25 p50= 1369.13 p95= 2203.54 p99= 2277.71 rps=   0.03

2026-05-06T20:57:36.820Z  INFO 1 --- [lab8-additional-service] [   scheduling-1] r.h.l.a.o.ObservabilityService           : [lab8-additional-service] observability refresh
window 10s
  calc.additional.maxViewersSummary             n= 1384 err=   0 errRate=  0.00% avg=  108.58 min=   16.87 max=  311.51 p50=  106.09 p95=  204.12 p99=  221.40 rps= 138.40
  controller.AnalyticsController.maxViewersSummary n= 1384 err=   0 errRate=  0.00% avg=  108.92 min=   17.00 max=  311.70 p50=  106.41 p95=  205.01 p99=  221.55 rps= 138.40
  s2s.crud.fetchAllTickets                      n= 1384 err=   0 errRate=  0.00% avg=  108.51 min=   16.82 max=  311.47 p50=  106.00 p95=  204.07 p99=  221.35 rps= 138.40
window 30s
  calc.additional.maxViewersSummary             n= 3349 err=   0 errRate=  0.00% avg=  151.35 min=   16.87 max=  813.90 p50=  117.22 p95=  304.48 p99=  423.28 rps= 111.63
  controller.AnalyticsController.maxViewersSummary n= 3349 err=   0 errRate=  0.00% avg=  151.80 min=   17.00 max=  814.45 p50=  117.52 p95=  304.73 p99=  423.62 rps= 111.63
  s2s.crud.fetchAllTickets                      n= 3349 err=   0 errRate=  0.00% avg=  148.25 min=   16.82 max=  584.97 p50=  117.14 p95=  300.67 p99=  388.45 rps= 111.63
  s2s.crud.fetchFilms                           n=    1 err=   0 errRate=  0.00% avg=  442.02 min=  442.02 max=  442.02 p50=  442.02 p95=  442.02 p99=  442.02 rps=   0.03
window 1m
  calc.additional.maxViewersSummary             n= 5017 err=   0 errRate=  0.00% avg=  201.62 min=   16.87 max= 2789.47 p50=  181.23 p95=  400.77 p99=  624.91 rps=  83.62
  controller.AnalyticsController.maxViewersSummary n= 5017 err=   0 errRate=  0.00% avg=  204.31 min=   17.00 max= 3120.05 p50=  182.11 p95=  401.84 p99=  625.27 rps=  83.62
  controller.ObservabilityController.getStats   n=    1 err=   0 errRate=  0.00% avg=  282.60 min=  282.60 max=  282.60 p50=  282.60 p95=  282.60 p99=  282.60 rps=   0.02
  s2s.crud.fetchAllTickets                      n= 5017 err=   0 errRate=  0.00% avg=  185.14 min=   16.82 max=  705.11 p50=  179.67 p95=  392.00 p99=  504.90 rps=  83.62
  s2s.crud.fetchFilms                           n=    2 err=   0 errRate=  0.00% avg= 1369.13 min=  442.02 max= 2296.25 p50= 1369.13 p95= 2203.54 p99= 2277.71 rps=   0.03

2026-05-06T20:57:37.830Z  INFO 1 --- [lab8-additional-service] [   scheduling-1] r.h.l.a.o.ObservabilityService           : [lab8-additional-service] observability refresh
window 10s
  calc.additional.maxViewersSummary             n= 1415 err=   0 errRate=  0.00% avg=  105.43 min=   16.87 max=  311.51 p50=  105.17 p95=  201.00 p99=  220.75 rps= 141.50
  controller.AnalyticsController.maxViewersSummary n= 1415 err=   0 errRate=  0.00% avg=  105.77 min=   17.00 max=  311.70 p50=  105.39 p95=  201.54 p99=  220.89 rps= 141.50
  s2s.crud.fetchAllTickets                      n= 1415 err=   0 errRate=  0.00% avg=  105.35 min=   16.82 max=  311.47 p50=  105.09 p95=  200.94 p99=  220.37 rps= 141.50
window 30s
  calc.additional.maxViewersSummary             n= 3406 err=   0 errRate=  0.00% avg=  147.61 min=   16.87 max=  813.90 p50=  115.56 p95=  301.94 p99=  418.47 rps= 113.53
  controller.AnalyticsController.maxViewersSummary n= 3406 err=   0 errRate=  0.00% avg=  148.05 min=   17.00 max=  814.45 p50=  115.98 p95=  302.69 p99=  418.65 rps= 113.53
  s2s.crud.fetchAllTickets                      n= 3406 err=   0 errRate=  0.00% avg=  144.55 min=   16.82 max=  584.97 p50=  115.47 p95=  299.60 p99=  385.96 rps= 113.53
  s2s.crud.fetchFilms                           n=    1 err=   0 errRate=  0.00% avg=  442.02 min=  442.02 max=  442.02 p50=  442.02 p95=  442.02 p99=  442.02 rps=   0.03
window 1m
  calc.additional.maxViewersSummary             n= 5171 err=   0 errRate=  0.00% avg=  198.37 min=   16.87 max= 2789.47 p50=  175.34 p95=  400.11 p99=  617.12 rps=  86.18
  controller.AnalyticsController.maxViewersSummary n= 5171 err=   0 errRate=  0.00% avg=  200.99 min=   17.00 max= 3120.05 p50=  176.51 p95=  400.76 p99=  617.63 rps=  86.18
  controller.ObservabilityController.getStats   n=    1 err=   0 errRate=  0.00% avg=  282.60 min=  282.60 max=  282.60 p50=  282.60 p95=  282.60 p99=  282.60 rps=   0.02
  s2s.crud.fetchAllTickets                      n= 5171 err=   0 errRate=  0.00% avg=  182.38 min=   16.82 max=  705.11 p50=  172.44 p95=  390.26 p99=  503.77 rps=  86.18
  s2s.crud.fetchFilms                           n=    2 err=   0 errRate=  0.00% avg= 1369.13 min=  442.02 max= 2296.25 p50= 1369.13 p95= 2203.54 p99= 2277.71 rps=   0.03

2026-05-06T20:57:38.850Z  INFO 1 --- [lab8-additional-service] [   scheduling-1] r.h.l.a.o.ObservabilityService           : [lab8-additional-service] observability refresh
window 10s
  calc.additional.maxViewersSummary             n= 1443 err=   0 errRate=  0.00% avg=  102.19 min=   16.87 max=  311.51 p50=  104.04 p95=  195.76 p99=  218.84 rps= 144.30
  controller.AnalyticsController.maxViewersSummary n= 1443 err=   0 errRate=  0.00% avg=  102.53 min=   17.00 max=  311.70 p50=  104.39 p95=  195.96 p99=  219.22 rps= 144.30
  s2s.crud.fetchAllTickets                      n= 1443 err=   0 errRate=  0.00% avg=  102.11 min=   16.82 max=  311.47 p50=  103.99 p95=  195.71 p99=  218.76 rps= 144.30
window 30s
  calc.additional.maxViewersSummary             n= 3476 err=   0 errRate=  0.00% avg=  143.68 min=   16.87 max=  813.90 p50=  113.84 p95=  299.85 p99=  417.51 rps= 115.87
  controller.AnalyticsController.maxViewersSummary n= 3476 err=   0 errRate=  0.00% avg=  144.12 min=   17.00 max=  814.45 p50=  114.24 p95=  300.38 p99=  417.74 rps= 115.87
  s2s.crud.fetchAllTickets                      n= 3476 err=   0 errRate=  0.00% avg=  140.68 min=   16.82 max=  584.97 p50=  113.74 p95=  296.06 p99=  383.39 rps= 115.87
  s2s.crud.fetchFilms                           n=    1 err=   0 errRate=  0.00% avg=  442.02 min=  442.02 max=  442.02 p50=  442.02 p95=  442.02 p99=  442.02 rps=   0.03
window 1m
  calc.additional.maxViewersSummary             n= 5329 err=   0 errRate=  0.00% avg=  195.23 min=   16.87 max= 2789.47 p50=  162.52 p95=  398.58 p99=  614.14 rps=  88.82
  controller.AnalyticsController.maxViewersSummary n= 5329 err=   0 errRate=  0.00% avg=  197.79 min=   17.00 max= 3120.05 p50=  163.65 p95=  399.42 p99=  614.68 rps=  88.82
  controller.ObservabilityController.getStats   n=    1 err=   0 errRate=  0.00% avg=  282.60 min=  282.60 max=  282.60 p50=  282.60 p95=  282.60 p99=  282.60 rps=   0.02
  s2s.crud.fetchAllTickets                      n= 5329 err=   0 errRate=  0.00% avg=  179.71 min=   16.82 max=  705.11 p50=  142.98 p95=  388.48 p99=  502.84 rps=  88.82
  s2s.crud.fetchFilms                           n=    2 err=   0 errRate=  0.00% avg= 1369.13 min=  442.02 max= 2296.25 p50= 1369.13 p95= 2203.54 p99= 2277.71 rps=   0.03

2026-05-06T20:57:39.064Z  INFO 1 --- [lab8-additional-service] [   scheduling-1] r.h.l.a.service.FilmCacheService         : film-cache stats: size=310 ttlMs=30000 lastRefreshAtMs=1778101031514 hits=5378 misses=2 refreshes=2
2026-05-06T20:57:39.858Z  INFO 1 --- [lab8-additional-service] [   scheduling-1] r.h.l.a.o.ObservabilityService           : [lab8-additional-service] observability refresh
window 10s
  calc.additional.maxViewersSummary             n= 1467 err=   0 errRate=  0.00% avg=   99.42 min=   16.36 max=  291.87 p50=  103.15 p95=  190.35 p99=  212.65 rps= 146.70
  controller.AnalyticsController.maxViewersSummary n= 1467 err=   0 errRate=  0.00% avg=   99.80 min=   16.91 max=  292.01 p50=  103.57 p95=  190.50 p99=  212.79 rps= 146.70
  s2s.crud.fetchAllTickets                      n= 1467 err=   0 errRate=  0.00% avg=   99.33 min=   16.31 max=  291.83 p50=  103.09 p95=  190.30 p99=  212.60 rps= 146.70
window 30s
  calc.additional.maxViewersSummary             n= 3536 err=   0 errRate=  0.00% avg=  139.63 min=   16.36 max=  813.90 p50=  112.40 p95=  295.22 p99=  414.58 rps= 117.87
  controller.AnalyticsController.maxViewersSummary n= 3536 err=   0 errRate=  0.00% avg=  140.07 min=   16.91 max=  814.45 p50=  112.81 p95=  295.77 p99=  414.80 rps= 117.87
  s2s.crud.fetchAllTickets                      n= 3536 err=   0 errRate=  0.00% avg=  136.68 min=   16.31 max=  584.97 p50=  112.34 p95=  291.17 p99=  379.86 rps= 117.87
  s2s.crud.fetchFilms                           n=    1 err=   0 errRate=  0.00% avg=  442.02 min=  442.02 max=  442.02 p50=  442.02 p95=  442.02 p99=  442.02 rps=   0.03
window 1m
  calc.additional.maxViewersSummary             n= 5486 err=   0 errRate=  0.00% avg=  192.34 min=   16.36 max= 2789.47 p50=  131.36 p95=  397.21 p99=  611.58 rps=  91.43
  controller.AnalyticsController.maxViewersSummary n= 5486 err=   0 errRate=  0.00% avg=  194.84 min=   16.91 max= 3120.05 p50=  132.11 p95=  398.67 p99=  611.94 rps=  91.43
  controller.ObservabilityController.getStats   n=    1 err=   0 errRate=  0.00% avg=  282.60 min=  282.60 max=  282.60 p50=  282.60 p95=  282.60 p99=  282.60 rps=   0.02
  s2s.crud.fetchAllTickets                      n= 5486 err=   0 errRate=  0.00% avg=  177.26 min=   16.31 max=  705.11 p50=  130.07 p95=  387.20 p99=  501.42 rps=  91.43
  s2s.crud.fetchFilms                           n=    2 err=   0 errRate=  0.00% avg= 1369.13 min=  442.02 max= 2296.25 p50= 1369.13 p95= 2203.54 p99= 2277.71 rps=   0.03

2026-05-06T20:57:40.862Z  INFO 1 --- [lab8-additional-service] [   scheduling-1] r.h.l.a.o.ObservabilityService           : [lab8-additional-service] observability refresh
window 10s
  calc.additional.maxViewersSummary             n= 1426 err=   0 errRate=  0.00% avg=  101.24 min=   16.36 max=  291.87 p50=  103.00 p95=  193.67 p99=  208.35 rps= 142.60
  controller.AnalyticsController.maxViewersSummary n= 1426 err=   0 errRate=  0.00% avg=  101.62 min=   16.91 max=  292.01 p50=  103.51 p95=  193.97 p99=  209.02 rps= 142.60
  s2s.crud.fetchAllTickets                      n= 1426 err=   0 errRate=  0.00% avg=  101.15 min=   16.31 max=  291.83 p50=  102.89 p95=  193.62 p99=  208.30 rps= 142.60
window 30s
  calc.additional.maxViewersSummary             n= 3537 err=   0 errRate=  0.00% avg=  138.19 min=   16.36 max=  813.90 p50=  112.35 p95=  290.97 p99=  402.42 rps= 117.90
  controller.AnalyticsController.maxViewersSummary n= 3537 err=   0 errRate=  0.00% avg=  138.63 min=   16.91 max=  814.45 p50=  112.68 p95=  291.42 p99=  402.60 rps= 117.90
  s2s.crud.fetchAllTickets                      n= 3537 err=   0 errRate=  0.00% avg=  135.24 min=   16.31 max=  584.97 p50=  112.28 p95=  286.82 p99=  374.99 rps= 117.90
  s2s.crud.fetchFilms                           n=    1 err=   0 errRate=  0.00% avg=  442.02 min=  442.02 max=  442.02 p50=  442.02 p95=  442.02 p99=  442.02 rps=   0.03
window 1m
  calc.additional.maxViewersSummary             n= 5579 err=   0 errRate=  0.00% avg=  191.59 min=   16.36 max= 2789.47 p50=  131.90 p95=  396.60 p99=  610.05 rps=  92.98
  controller.AnalyticsController.maxViewersSummary n= 5579 err=   0 errRate=  0.00% avg=  194.05 min=   16.91 max= 3120.05 p50=  132.46 p95=  397.73 p99=  611.69 rps=  92.98
  s2s.crud.fetchAllTickets                      n= 5579 err=   0 errRate=  0.00% avg=  176.76 min=   16.31 max=  705.11 p50=  130.75 p95=  386.70 p99=  500.97 rps=  92.98
  s2s.crud.fetchFilms                           n=    2 err=   0 errRate=  0.00% avg= 1369.13 min=  442.02 max= 2296.25 p50= 1369.13 p95= 2203.54 p99= 2277.71 rps=   0.03

2026-05-06T20:57:41.867Z  INFO 1 --- [lab8-additional-service] [   scheduling-1] r.h.l.a.o.ObservabilityService           : [lab8-additional-service] observability refresh
window 10s
  calc.additional.maxViewersSummary             n= 1394 err=   0 errRate=  0.00% avg=  102.38 min=   16.36 max=  320.85 p50=  102.90 p95=  196.47 p99=  217.38 rps= 139.40
  controller.AnalyticsController.maxViewersSummary n= 1394 err=   0 errRate=  0.00% avg=  102.76 min=   16.91 max=  321.43 p50=  103.49 p95=  196.65 p99=  217.57 rps= 139.40
  s2s.crud.fetchAllTickets                      n= 1394 err=   0 errRate=  0.00% avg=  100.98 min=   16.31 max=  293.09 p50=  102.59 p95=  194.10 p99=  208.43 rps= 139.40
  s2s.crud.fetchFilms                           n=    1 err=   0 errRate=  0.00% avg=  230.02 min=  230.02 max=  230.02 p50=  230.02 p95=  230.02 p99=  230.02 rps=   0.10
window 30s
  calc.additional.maxViewersSummary             n= 3576 err=   0 errRate=  0.00% avg=  136.18 min=   16.36 max=  813.90 p50=  111.72 p95=  289.15 p99=  395.42 rps= 119.20
  controller.AnalyticsController.maxViewersSummary n= 3576 err=   0 errRate=  0.00% avg=  136.62 min=   16.91 max=  814.45 p50=  112.08 p95=  290.26 p99=  395.60 rps= 119.20
  s2s.crud.fetchAllTickets                      n= 3576 err=   0 errRate=  0.00% avg=  132.76 min=   16.31 max=  584.97 p50=  111.54 p95=  282.83 p99=  353.85 rps= 119.20
  s2s.crud.fetchFilms                           n=    2 err=   0 errRate=  0.00% avg=  336.02 min=  230.02 max=  442.02 p50=  336.02 p95=  431.42 p99=  439.90 rps=   0.07
window 1m
  calc.additional.maxViewersSummary             n= 5694 err=   0 errRate=  0.00% avg=  190.15 min=   16.36 max= 2789.47 p50=  129.83 p95=  395.65 p99=  609.12 rps=  94.90
  controller.AnalyticsController.maxViewersSummary n= 5694 err=   0 errRate=  0.00% avg=  192.57 min=   16.91 max= 3120.05 p50=  130.19 p95=  397.28 p99=  609.94 rps=  94.90
  s2s.crud.fetchAllTickets                      n= 5694 err=   0 errRate=  0.00% avg=  175.30 min=   16.31 max=  705.11 p50=  128.88 p95=  385.83 p99=  500.27 rps=  94.90
  s2s.crud.fetchFilms                           n=    3 err=   0 errRate=  0.00% avg=  989.43 min=  230.02 max= 2296.25 p50=  442.02 p95= 2110.83 p99= 2259.16 rps=   0.05

2026-05-06T20:57:42.872Z  INFO 1 --- [lab8-additional-service] [   scheduling-1] r.h.l.a.o.ObservabilityService           : [lab8-additional-service] observability refresh
window 10s
  calc.additional.maxViewersSummary             n= 1402 err=   0 errRate=  0.00% avg=  105.46 min=   16.36 max=  422.19 p50=  103.44 p95=  199.24 p99=  313.74 rps= 140.20
  controller.AnalyticsController.maxViewersSummary n= 1402 err=   0 errRate=  0.00% avg=  105.83 min=   16.91 max=  422.38 p50=  103.87 p95=  199.46 p99=  313.88 rps= 140.20
  s2s.crud.fetchAllTickets                      n= 1402 err=   0 errRate=  0.00% avg=  102.18 min=   16.31 max=  293.09 p50=  103.19 p95=  195.95 p99=  217.20 rps= 140.20
  s2s.crud.fetchFilms                           n=    1 err=   0 errRate=  0.00% avg=  230.02 min=  230.02 max=  230.02 p50=  230.02 p95=  230.02 p99=  230.02 rps=   0.10
window 30s
  calc.additional.maxViewersSummary             n= 3654 err=   0 errRate=  0.00% avg=  131.41 min=   16.36 max=  585.11 p50=  111.15 p95=  282.99 p99=  327.70 rps= 121.80
  controller.AnalyticsController.maxViewersSummary n= 3654 err=   0 errRate=  0.00% avg=  131.85 min=   16.91 max=  585.59 p50=  111.42 p95=  283.36 p99=  327.89 rps= 121.80
  s2s.crud.fetchAllTickets                      n= 3654 err=   0 errRate=  0.00% avg=  130.09 min=   16.31 max=  584.97 p50=  110.97 p95=  269.71 p99=  320.16 rps= 121.80
  s2s.crud.fetchFilms                           n=    1 err=   0 errRate=  0.00% avg=  230.02 min=  230.02 max=  230.02 p50=  230.02 p95=  230.02 p99=  230.02 rps=   0.03
window 1m
  calc.additional.maxViewersSummary             n= 5847 err=   0 errRate=  0.00% avg=  188.50 min=   16.36 max= 2789.47 p50=  127.75 p95=  395.43 p99=  604.88 rps=  97.45
  controller.AnalyticsController.maxViewersSummary n= 5847 err=   0 errRate=  0.00% avg=  190.86 min=   16.91 max= 3120.05 p50=  128.48 p95=  396.87 p99=  606.42 rps=  97.45
  s2s.crud.fetchAllTickets                      n= 5847 err=   0 errRate=  0.00% avg=  173.58 min=   16.31 max=  705.11 p50=  126.97 p95=  383.62 p99=  499.06 rps=  97.45
  s2s.crud.fetchFilms                           n=    3 err=   0 errRate=  0.00% avg=  989.43 min=  230.02 max= 2296.25 p50=  442.02 p95= 2110.83 p99= 2259.16 rps=   0.05

2026-05-06T20:57:43.877Z  INFO 1 --- [lab8-additional-service] [   scheduling-1] r.h.l.a.o.ObservabilityService           : [lab8-additional-service] observability refresh
window 10s
  calc.additional.maxViewersSummary             n= 1419 err=   0 errRate=  0.00% avg=  103.29 min=   15.02 max=  422.19 p50=  102.18 p95=  199.53 p99=  313.27 rps= 141.90
  controller.AnalyticsController.maxViewersSummary n= 1419 err=   0 errRate=  0.00% avg=  103.64 min=   15.16 max=  422.38 p50=  102.60 p95=  199.66 p99=  313.45 rps= 141.90
  s2s.crud.fetchAllTickets                      n= 1419 err=   0 errRate=  0.00% avg=  100.04 min=   14.98 max=  293.09 p50=  101.91 p95=  196.32 p99=  217.97 rps= 141.90
  s2s.crud.fetchFilms                           n=    1 err=   0 errRate=  0.00% avg=  230.02 min=  230.02 max=  230.02 p50=  230.02 p95=  230.02 p99=  230.02 rps=   0.10
window 30s
  calc.additional.maxViewersSummary             n= 3703 err=   0 errRate=  0.00% avg=  128.44 min=   15.02 max=  585.11 p50=  109.97 p95=  277.62 p99=  323.46 rps= 123.43
  controller.AnalyticsController.maxViewersSummary n= 3703 err=   0 errRate=  0.00% avg=  128.87 min=   15.16 max=  585.59 p50=  110.37 p95=  278.55 p99=  323.65 rps= 123.43
  s2s.crud.fetchAllTickets                      n= 3703 err=   0 errRate=  0.00% avg=  127.13 min=   14.98 max=  584.97 p50=  109.82 p95=  237.72 p99=  315.62 rps= 123.43
  s2s.crud.fetchFilms                           n=    1 err=   0 errRate=  0.00% avg=  230.02 min=  230.02 max=  230.02 p50=  230.02 p95=  230.02 p99=  230.02 rps=   0.03
window 1m
  calc.additional.maxViewersSummary             n= 6000 err=   0 errRate=  0.00% avg=  185.61 min=   15.02 max= 2789.47 p50=  125.45 p95=  394.53 p99=  602.69 rps= 100.00
  controller.AnalyticsController.maxViewersSummary n= 6001 err=   0 errRate=  0.00% avg=  188.29 min=   15.16 max= 3120.05 p50=  125.91 p95=  395.83 p99=  604.10 rps= 100.02
  s2s.crud.fetchAllTickets                      n= 5999 err=   0 errRate=  0.00% avg=  171.47 min=   14.98 max=  705.11 p50=  124.92 p95=  380.64 p99=  498.76 rps=  99.98
  s2s.crud.fetchFilms                           n=    2 err=   0 errRate=  0.00% avg=  336.02 min=  230.02 max=  442.02 p50=  336.02 p95=  431.42 p99=  439.90 rps=   0.03

2026-05-06T20:57:44.884Z  INFO 1 --- [lab8-additional-service] [   scheduling-1] r.h.l.a.o.ObservabilityService           : [lab8-additional-service] observability refresh
window 10s
  calc.additional.maxViewersSummary             n= 1409 err=   0 errRate=  0.00% avg=  105.34 min=   15.02 max=  422.19 p50=  102.18 p95=  200.58 p99=  313.61 rps= 140.90
  controller.AnalyticsController.maxViewersSummary n= 1409 err=   0 errRate=  0.00% avg=  105.70 min=   15.16 max=  422.38 p50=  102.62 p95=  200.77 p99=  313.74 rps= 140.90
  s2s.crud.fetchAllTickets                      n= 1409 err=   0 errRate=  0.00% avg=  102.08 min=   14.98 max=  311.70 p50=  101.92 p95=  198.16 p99=  246.15 rps= 140.90
  s2s.crud.fetchFilms                           n=    1 err=   0 errRate=  0.00% avg=  230.02 min=  230.02 max=  230.02 p50=  230.02 p95=  230.02 p99=  230.02 rps=   0.10
window 30s
  calc.additional.maxViewersSummary             n= 3745 err=   0 errRate=  0.00% avg=  126.31 min=   15.02 max=  585.11 p50=  109.53 p95=  232.38 p99=  313.77 rps= 124.83
  controller.AnalyticsController.maxViewersSummary n= 3745 err=   0 errRate=  0.00% avg=  126.73 min=   15.16 max=  585.59 p50=  109.83 p95=  234.10 p99=  314.27 rps= 124.83
  s2s.crud.fetchAllTickets                      n= 3745 err=   0 errRate=  0.00% avg=  125.01 min=   14.98 max=  584.97 p50=  109.39 p95=  225.03 p99=  306.42 rps= 124.83
  s2s.crud.fetchFilms                           n=    1 err=   0 errRate=  0.00% avg=  230.02 min=  230.02 max=  230.02 p50=  230.02 p95=  230.02 p99=  230.02 rps=   0.03
window 1m
  calc.additional.maxViewersSummary             n= 6071 err=   0 errRate=  0.00% avg=  172.27 min=   15.02 max=  813.90 p50=  123.83 p95=  387.16 p99=  514.21 rps= 101.18
  controller.AnalyticsController.maxViewersSummary n= 6071 err=   0 errRate=  0.00% avg=  172.94 min=   15.16 max=  814.45 p50=  124.40 p95=  388.72 p99=  518.97 rps= 101.18
  s2s.crud.fetchAllTickets                      n= 6071 err=   0 errRate=  0.00% avg=  169.73 min=   14.98 max=  705.11 p50=  123.49 p95=  378.67 p99=  498.59 rps= 101.18
  s2s.crud.fetchFilms                           n=    2 err=   0 errRate=  0.00% avg=  336.02 min=  230.02 max=  442.02 p50=  336.02 p95=  431.42 p99=  439.90 rps=   0.03

2026-05-06T20:57:45.895Z  INFO 1 --- [lab8-additional-service] [   scheduling-1] r.h.l.a.o.ObservabilityService           : [lab8-additional-service] observability refresh
window 10s
  calc.additional.maxViewersSummary             n= 1359 err=   0 errRate=  0.00% avg=  110.23 min=   15.02 max=  422.19 p50=  103.15 p95=  212.16 p99=  314.72 rps= 135.90
  controller.AnalyticsController.maxViewersSummary n= 1359 err=   0 errRate=  0.00% avg=  110.62 min=   15.16 max=  422.38 p50=  103.53 p95=  212.81 p99=  315.03 rps= 135.90
  s2s.crud.fetchAllTickets                      n= 1359 err=   0 errRate=  0.00% avg=  106.85 min=   14.98 max=  319.56 p50=  102.83 p95=  202.16 p99=  259.73 rps= 135.90
  s2s.crud.fetchFilms                           n=    1 err=   0 errRate=  0.00% avg=  230.02 min=  230.02 max=  230.02 p50=  230.02 p95=  230.02 p99=  230.02 rps=   0.10
window 30s
  calc.additional.maxViewersSummary             n= 3746 err=   0 errRate=  0.00% avg=  125.49 min=   15.02 max=  585.11 p50=  109.47 p95=  228.48 p99=  311.83 rps= 124.87
  controller.AnalyticsController.maxViewersSummary n= 3746 err=   0 errRate=  0.00% avg=  125.93 min=   15.16 max=  585.59 p50=  109.78 p95=  228.67 p99=  312.20 rps= 124.87
  s2s.crud.fetchAllTickets                      n= 3746 err=   0 errRate=  0.00% avg=  124.20 min=   14.98 max=  584.97 p50=  109.33 p95=  224.17 p99=  303.80 rps= 124.87
  s2s.crud.fetchFilms                           n=    1 err=   0 errRate=  0.00% avg=  230.02 min=  230.02 max=  230.02 p50=  230.02 p95=  230.02 p99=  230.02 rps=   0.03
window 1m
  calc.additional.maxViewersSummary             n= 6106 err=   0 errRate=  0.00% avg=  170.80 min=   15.02 max=  813.90 p50=  123.29 p95=  386.12 p99=  512.42 rps= 101.77
  controller.AnalyticsController.maxViewersSummary n= 6106 err=   0 errRate=  0.00% avg=  171.44 min=   15.16 max=  814.45 p50=  123.89 p95=  387.45 p99=  515.84 rps= 101.77
  s2s.crud.fetchAllTickets                      n= 6106 err=   0 errRate=  0.00% avg=  168.28 min=   14.98 max=  705.11 p50=  122.97 p95=  375.60 p99=  496.75 rps= 101.77
  s2s.crud.fetchFilms                           n=    2 err=   0 errRate=  0.00% avg=  336.02 min=  230.02 max=  442.02 p50=  336.02 p95=  431.42 p99=  439.90 rps=   0.03

2026-05-06T20:57:46.901Z  INFO 1 --- [lab8-additional-service] [   scheduling-1] r.h.l.a.o.ObservabilityService           : [lab8-additional-service] observability refresh
window 10s
  calc.additional.maxViewersSummary             n= 1346 err=   0 errRate=  0.00% avg=  112.74 min=   15.02 max=  422.19 p50=  103.84 p95=  216.97 p99=  314.83 rps= 134.60
  controller.AnalyticsController.maxViewersSummary n= 1346 err=   0 errRate=  0.00% avg=  113.13 min=   15.16 max=  422.38 p50=  104.15 p95=  218.08 p99=  315.19 rps= 134.60
  s2s.crud.fetchAllTickets                      n= 1346 err=   0 errRate=  0.00% avg=  109.32 min=   14.98 max=  319.56 p50=  103.30 p95=  208.59 p99=  289.78 rps= 134.60
  s2s.crud.fetchFilms                           n=    1 err=   0 errRate=  0.00% avg=  230.02 min=  230.02 max=  230.02 p50=  230.02 p95=  230.02 p99=  230.02 rps=   0.10
window 30s
  calc.additional.maxViewersSummary             n= 3780 err=   0 errRate=  0.00% avg=  124.11 min=   15.02 max=  585.11 p50=  109.06 p95=  225.78 p99=  311.10 rps= 126.00
  controller.AnalyticsController.maxViewersSummary n= 3780 err=   0 errRate=  0.00% avg=  124.55 min=   15.16 max=  585.59 p50=  109.42 p95=  226.61 p99=  311.73 rps= 126.00
  s2s.crud.fetchAllTickets                      n= 3780 err=   0 errRate=  0.00% avg=  122.83 min=   14.98 max=  584.97 p50=  108.91 p95=  223.04 p99=  300.77 rps= 126.00
  s2s.crud.fetchFilms                           n=    1 err=   0 errRate=  0.00% avg=  230.02 min=  230.02 max=  230.02 p50=  230.02 p95=  230.02 p99=  230.02 rps=   0.03
window 1m
  calc.additional.maxViewersSummary             n= 6174 err=   0 errRate=  0.00% avg=  168.79 min=   15.02 max=  813.90 p50=  121.92 p95=  384.28 p99=  511.64 rps= 102.90
  controller.AnalyticsController.maxViewersSummary n= 6174 err=   0 errRate=  0.00% avg=  169.41 min=   15.16 max=  814.45 p50=  122.39 p95=  386.91 p99=  514.98 rps= 102.90
  s2s.crud.fetchAllTickets                      n= 6174 err=   0 errRate=  0.00% avg=  166.31 min=   14.98 max=  705.11 p50=  121.59 p95=  373.37 p99=  496.57 rps= 102.90
  s2s.crud.fetchFilms                           n=    2 err=   0 errRate=  0.00% avg=  336.02 min=  230.02 max=  442.02 p50=  336.02 p95=  431.42 p99=  439.90 rps=   0.03

2026-05-06T20:57:47.954Z  INFO 1 --- [lab8-additional-service] [   scheduling-1] r.h.l.a.o.ObservabilityService           : [lab8-additional-service] observability refresh
window 10s
  calc.additional.maxViewersSummary             n= 1337 err=   0 errRate=  0.00% avg=  113.96 min=   15.02 max=  422.19 p50=  104.24 p95=  217.43 p99=  314.90 rps= 133.70
  controller.AnalyticsController.maxViewersSummary n= 1337 err=   0 errRate=  0.00% avg=  114.35 min=   15.16 max=  422.38 p50=  104.59 p95=  220.00 p99=  315.29 rps= 133.70
  s2s.crud.fetchAllTickets                      n= 1337 err=   0 errRate=  0.00% avg=  110.53 min=   14.98 max=  319.56 p50=  104.04 p95=  210.56 p99=  291.44 rps= 133.70
  s2s.crud.fetchFilms                           n=    1 err=   0 errRate=  0.00% avg=  230.02 min=  230.02 max=  230.02 p50=  230.02 p95=  230.02 p99=  230.02 rps=   0.10
window 30s
  calc.additional.maxViewersSummary             n= 3819 err=   0 errRate=  0.00% avg=  122.01 min=   15.02 max=  585.11 p50=  108.44 p95=  223.28 p99=  309.87 rps= 127.30
  controller.AnalyticsController.maxViewersSummary n= 3819 err=   0 errRate=  0.00% avg=  122.44 min=   15.16 max=  585.59 p50=  108.74 p95=  224.17 p99=  311.15 rps= 127.30
  s2s.crud.fetchAllTickets                      n= 3819 err=   0 errRate=  0.00% avg=  120.74 min=   14.98 max=  584.97 p50=  108.25 p95=  219.08 p99=  299.44 rps= 127.30
  s2s.crud.fetchFilms                           n=    1 err=   0 errRate=  0.00% avg=  230.02 min=  230.02 max=  230.02 p50=  230.02 p95=  230.02 p99=  230.02 rps=   0.03
window 1m
  calc.additional.maxViewersSummary             n= 6253 err=   0 errRate=  0.00% avg=  166.03 min=   15.02 max=  813.90 p50=  120.28 p95=  380.11 p99=  510.07 rps= 104.22
  controller.AnalyticsController.maxViewersSummary n= 6253 err=   0 errRate=  0.00% avg=  166.64 min=   15.16 max=  814.45 p50=  120.70 p95=  381.14 p99=  513.95 rps= 104.22
  s2s.crud.fetchAllTickets                      n= 6253 err=   0 errRate=  0.00% avg=  163.58 min=   14.98 max=  705.11 p50=  120.04 p95=  367.45 p99=  495.73 rps= 104.22
  s2s.crud.fetchFilms                           n=    2 err=   0 errRate=  0.00% avg=  336.02 min=  230.02 max=  442.02 p50=  336.02 p95=  431.42 p99=  439.90 rps=   0.03

2026-05-06T20:57:48.963Z  INFO 1 --- [lab8-additional-service] [   scheduling-1] r.h.l.a.o.ObservabilityService           : [lab8-additional-service] observability refresh
window 10s
  calc.additional.maxViewersSummary             n= 1309 err=   0 errRate=  0.00% avg=  116.60 min=   15.02 max=  422.19 p50=  104.61 p95=  225.55 p99=  315.14 rps= 130.90
  controller.AnalyticsController.maxViewersSummary n= 1309 err=   0 errRate=  0.00% avg=  117.03 min=   15.16 max=  422.38 p50=  105.18 p95=  225.93 p99=  315.63 rps= 130.90
  s2s.crud.fetchAllTickets                      n= 1309 err=   0 errRate=  0.00% avg=  113.11 min=   14.98 max=  319.56 p50=  104.35 p95=  213.98 p99=  291.61 rps= 130.90
  s2s.crud.fetchFilms                           n=    1 err=   0 errRate=  0.00% avg=  230.02 min=  230.02 max=  230.02 p50=  230.02 p95=  230.02 p99=  230.02 rps=   0.10
window 30s
  calc.additional.maxViewersSummary             n= 3843 err=   0 errRate=  0.00% avg=  120.28 min=   15.02 max=  585.11 p50=  107.93 p95=  220.33 p99=  308.88 rps= 128.10
  controller.AnalyticsController.maxViewersSummary n= 3843 err=   0 errRate=  0.00% avg=  120.72 min=   15.16 max=  585.59 p50=  108.25 p95=  221.91 p99=  309.51 rps= 128.10
  s2s.crud.fetchAllTickets                      n= 3843 err=   0 errRate=  0.00% avg=  119.03 min=   14.98 max=  584.97 p50=  107.71 p95=  217.19 p99=  295.69 rps= 128.10
  s2s.crud.fetchFilms                           n=    1 err=   0 errRate=  0.00% avg=  230.02 min=  230.02 max=  230.02 p50=  230.02 p95=  230.02 p99=  230.02 rps=   0.03
window 1m
  calc.additional.maxViewersSummary             n= 6332 err=   0 errRate=  0.00% avg=  163.47 min=   15.02 max=  813.90 p50=  119.34 p95=  372.92 p99=  507.27 rps= 105.53
  controller.AnalyticsController.maxViewersSummary n= 6332 err=   0 errRate=  0.00% avg=  164.06 min=   15.16 max=  814.45 p50=  119.76 p95=  375.86 p99=  508.80 rps= 105.53
  s2s.crud.fetchAllTickets                      n= 6332 err=   0 errRate=  0.00% avg=  161.06 min=   14.98 max=  705.11 p50=  119.08 p95=  333.59 p99=  492.14 rps= 105.53
  s2s.crud.fetchFilms                           n=    2 err=   0 errRate=  0.00% avg=  336.02 min=  230.02 max=  442.02 p50=  336.02 p95=  431.42 p99=  439.90 rps=   0.03

2026-05-06T20:57:49.064Z  INFO 1 --- [lab8-additional-service] [   scheduling-1] r.h.l.a.service.FilmCacheService         : film-cache stats: size=310 ttlMs=30000 lastRefreshAtMs=1778101061514 hits=6680 misses=3 refreshes=3
2026-05-06T20:57:49.971Z  INFO 1 --- [lab8-additional-service] [   scheduling-1] r.h.l.a.o.ObservabilityService           : [lab8-additional-service] observability refresh
window 10s
  calc.additional.maxViewersSummary             n= 1300 err=   0 errRate=  0.00% avg=  117.17 min=   15.02 max=  422.19 p50=  105.66 p95=  229.54 p99=  315.22 rps= 130.00
  controller.AnalyticsController.maxViewersSummary n= 1300 err=   0 errRate=  0.00% avg=  117.56 min=   15.16 max=  422.38 p50=  106.05 p95=  229.69 p99=  315.74 rps= 130.00
  s2s.crud.fetchAllTickets                      n= 1300 err=   0 errRate=  0.00% avg=  113.65 min=   14.98 max=  319.56 p50=  105.04 p95=  215.25 p99=  291.66 rps= 130.00
  s2s.crud.fetchFilms                           n=    1 err=   0 errRate=  0.00% avg=  230.02 min=  230.02 max=  230.02 p50=  230.02 p95=  230.02 p99=  230.02 rps=   0.10
window 30s
  calc.additional.maxViewersSummary             n= 3884 err=   0 errRate=  0.00% avg=  118.02 min=   15.02 max=  585.11 p50=  107.15 p95=  216.97 p99=  301.56 rps= 129.47
  controller.AnalyticsController.maxViewersSummary n= 3884 err=   0 errRate=  0.00% avg=  118.42 min=   15.16 max=  585.59 p50=  107.58 p95=  217.54 p99=  303.16 rps= 129.47
  s2s.crud.fetchAllTickets                      n= 3884 err=   0 errRate=  0.00% avg=  116.78 min=   14.98 max=  584.97 p50=  107.01 p95=  214.28 p99=  293.52 rps= 129.47
  s2s.crud.fetchFilms                           n=    1 err=   0 errRate=  0.00% avg=  230.02 min=  230.02 max=  230.02 p50=  230.02 p95=  230.02 p99=  230.02 rps=   0.03
window 1m
  calc.additional.maxViewersSummary             n= 6401 err=   0 errRate=  0.00% avg=  160.43 min=   15.02 max=  813.90 p50=  118.23 p95=  334.43 p99=  503.42 rps= 106.68
  controller.AnalyticsController.maxViewersSummary n= 6401 err=   0 errRate=  0.00% avg=  161.00 min=   15.16 max=  814.45 p50=  118.69 p95=  335.95 p99=  506.69 rps= 106.68
  s2s.crud.fetchAllTickets                      n= 6401 err=   0 errRate=  0.00% avg=  158.05 min=   14.98 max=  705.11 p50=  118.03 p95=  327.10 p99=  488.67 rps= 106.68
  s2s.crud.fetchFilms                           n=    2 err=   0 errRate=  0.00% avg=  336.02 min=  230.02 max=  442.02 p50=  336.02 p95=  431.42 p99=  439.90 rps=   0.03

2026-05-06T20:57:50.976Z  INFO 1 --- [lab8-additional-service] [   scheduling-1] r.h.l.a.o.ObservabilityService           : [lab8-additional-service] observability refresh
window 10s
  calc.additional.maxViewersSummary             n= 1359 err=   0 errRate=  0.00% avg=  111.82 min=   15.02 max=  422.19 p50=  104.20 p95=  225.03 p99=  314.72 rps= 135.90
  controller.AnalyticsController.maxViewersSummary n= 1359 err=   0 errRate=  0.00% avg=  112.21 min=   15.16 max=  422.38 p50=  104.59 p95=  225.83 p99=  315.03 rps= 135.90
  s2s.crud.fetchAllTickets                      n= 1359 err=   0 errRate=  0.00% avg=  108.46 min=   14.98 max=  319.56 p50=  103.91 p95=  213.42 p99=  291.31 rps= 135.90
  s2s.crud.fetchFilms                           n=    1 err=   0 errRate=  0.00% avg=  230.02 min=  230.02 max=  230.02 p50=  230.02 p95=  230.02 p99=  230.02 rps=   0.10
window 30s
  calc.additional.maxViewersSummary             n= 3933 err=   0 errRate=  0.00% avg=  115.82 min=   15.02 max=  422.19 p50=  106.64 p95=  214.07 p99=  301.05 rps= 131.10
  controller.AnalyticsController.maxViewersSummary n= 3933 err=   0 errRate=  0.00% avg=  116.21 min=   15.16 max=  422.38 p50=  106.99 p95=  214.43 p99=  301.20 rps= 131.10
  s2s.crud.fetchAllTickets                      n= 3933 err=   0 errRate=  0.00% avg=  114.59 min=   14.98 max=  409.71 p50=  106.50 p95=  212.01 p99=  291.24 rps= 131.10
  s2s.crud.fetchFilms                           n=    1 err=   0 errRate=  0.00% avg=  230.02 min=  230.02 max=  230.02 p50=  230.02 p95=  230.02 p99=  230.02 rps=   0.03
window 1m
  calc.additional.maxViewersSummary             n= 6505 err=   0 errRate=  0.00% avg=  157.36 min=   15.02 max=  813.90 p50=  117.18 p95=  327.21 p99=  499.38 rps= 108.42
  controller.AnalyticsController.maxViewersSummary n= 6505 err=   0 errRate=  0.00% avg=  157.89 min=   15.16 max=  814.45 p50=  117.71 p95=  327.64 p99=  501.50 rps= 108.42
  s2s.crud.fetchAllTickets                      n= 6505 err=   0 errRate=  0.00% avg=  155.01 min=   14.98 max=  705.11 p50=  117.05 p95=  321.01 p99=  481.91 rps= 108.42
  s2s.crud.fetchFilms                           n=    2 err=   0 errRate=  0.00% avg=  336.02 min=  230.02 max=  442.02 p50=  336.02 p95=  431.42 p99=  439.90 rps=   0.03

2026-05-06T20:57:51.986Z  INFO 1 --- [lab8-additional-service] [   scheduling-1] r.h.l.a.o.ObservabilityService           : [lab8-additional-service] observability refresh
window 10s
  calc.additional.maxViewersSummary             n= 1374 err=   0 errRate=  0.00% avg=  110.02 min=   15.02 max=  422.19 p50=  104.59 p95=  215.06 p99=  295.69 rps= 137.40
  controller.AnalyticsController.maxViewersSummary n= 1374 err=   0 errRate=  0.00% avg=  110.40 min=   15.16 max=  422.38 p50=  105.02 p95=  215.92 p99=  295.95 rps= 137.40
  s2s.crud.fetchAllTickets                      n= 1374 err=   0 errRate=  0.00% avg=  109.40 min=   14.98 max=  319.56 p50=  104.54 p95=  215.01 p99=  291.76 rps= 137.40
window 30s
  calc.additional.maxViewersSummary             n= 3961 err=   0 errRate=  0.00% avg=  114.23 min=   15.02 max=  422.19 p50=  106.29 p95=  211.10 p99=  297.61 rps= 132.03
  controller.AnalyticsController.maxViewersSummary n= 3961 err=   0 errRate=  0.00% avg=  114.62 min=   15.16 max=  422.38 p50=  106.71 p95=  212.02 p99=  297.79 rps= 132.03
  s2s.crud.fetchAllTickets                      n= 3961 err=   0 errRate=  0.00% avg=  113.01 min=   14.98 max=  409.71 p50=  106.11 p95=  209.29 p99=  288.41 rps= 132.03
  s2s.crud.fetchFilms                           n=    1 err=   0 errRate=  0.00% avg=  230.02 min=  230.02 max=  230.02 p50=  230.02 p95=  230.02 p99=  230.02 rps=   0.03
window 1m
  calc.additional.maxViewersSummary             n= 6574 err=   0 errRate=  0.00% avg=  155.06 min=   15.02 max=  813.90 p50=  116.59 p95=  321.26 p99=  495.02 rps= 109.57
  controller.AnalyticsController.maxViewersSummary n= 6574 err=   0 errRate=  0.00% avg=  155.58 min=   15.16 max=  814.45 p50=  117.00 p95=  321.88 p99=  495.61 rps= 109.57
  s2s.crud.fetchAllTickets                      n= 6574 err=   0 errRate=  0.00% avg=  152.74 min=   14.98 max=  705.11 p50=  116.37 p95=  316.40 p99=  468.46 rps= 109.57
  s2s.crud.fetchFilms                           n=    2 err=   0 errRate=  0.00% avg=  336.02 min=  230.02 max=  442.02 p50=  336.02 p95=  431.42 p99=  439.90 rps=   0.03

2026-05-06T20:57:53.052Z  INFO 1 --- [lab8-additional-service] [   scheduling-1] r.h.l.a.o.ObservabilityService           : [lab8-additional-service] observability refresh
window 10s
  calc.additional.maxViewersSummary             n= 1365 err=   0 errRate=  0.00% avg=  108.47 min=   15.02 max=  319.60 p50=  104.08 p95=  211.08 p99=  291.85 rps= 136.50
  controller.AnalyticsController.maxViewersSummary n= 1365 err=   0 errRate=  0.00% avg=  108.89 min=   15.16 max=  319.74 p50=  104.55 p95=  212.09 p99=  292.31 rps= 136.50
  s2s.crud.fetchAllTickets                      n= 1365 err=   0 errRate=  0.00% avg=  108.41 min=   14.98 max=  319.56 p50=  104.04 p95=  211.04 p99=  291.80 rps= 136.50
window 30s
  calc.additional.maxViewersSummary             n= 3988 err=   0 errRate=  0.00% avg=  112.26 min=   15.02 max=  422.19 p50=  105.42 p95=  208.88 p99=  295.67 rps= 132.93
  controller.AnalyticsController.maxViewersSummary n= 3988 err=   0 errRate=  0.00% avg=  112.66 min=   15.16 max=  422.38 p50=  105.92 p95=  209.76 p99=  295.94 rps= 132.93
  s2s.crud.fetchAllTickets                      n= 3988 err=   0 errRate=  0.00% avg=  111.05 min=   14.98 max=  319.56 p50=  105.32 p95=  206.49 p99=  281.98 rps= 132.93
  s2s.crud.fetchFilms                           n=    1 err=   0 errRate=  0.00% avg=  230.02 min=  230.02 max=  230.02 p50=  230.02 p95=  230.02 p99=  230.02 rps=   0.03
window 1m
  calc.additional.maxViewersSummary             n= 6653 err=   0 errRate=  0.00% avg=  152.31 min=   15.02 max=  813.90 p50=  115.58 p95=  317.79 p99=  488.38 rps= 110.88
  controller.AnalyticsController.maxViewersSummary n= 6653 err=   0 errRate=  0.00% avg=  152.82 min=   15.16 max=  814.45 p50=  116.11 p95=  318.34 p99=  488.61 rps= 110.88
  s2s.crud.fetchAllTickets                      n= 6653 err=   0 errRate=  0.00% avg=  150.01 min=   14.98 max=  705.11 p50=  115.39 p95=  313.80 p99=  425.16 rps= 110.88
  s2s.crud.fetchFilms                           n=    2 err=   0 errRate=  0.00% avg=  336.02 min=  230.02 max=  442.02 p50=  336.02 p95=  431.42 p99=  439.90 rps=   0.03

2026-05-06T20:57:54.057Z  INFO 1 --- [lab8-additional-service] [   scheduling-1] r.h.l.a.o.ObservabilityService           : [lab8-additional-service] observability refresh
window 10s
  calc.additional.maxViewersSummary             n= 1369 err=   0 errRate=  0.00% avg=  108.96 min=   15.29 max=  319.60 p50=  103.89 p95=  212.65 p99=  291.83 rps= 136.90
  controller.AnalyticsController.maxViewersSummary n= 1369 err=   0 errRate=  0.00% avg=  109.37 min=   15.46 max=  319.74 p50=  104.38 p95=  213.29 p99=  292.30 rps= 136.90
  s2s.crud.fetchAllTickets                      n= 1369 err=   0 errRate=  0.00% avg=  108.90 min=   15.25 max=  319.56 p50=  103.85 p95=  212.59 p99=  291.78 rps= 136.90
window 30s
  calc.additional.maxViewersSummary             n= 4035 err=   0 errRate=  0.00% avg=  110.31 min=   15.02 max=  422.19 p50=  104.78 p95=  206.19 p99=  293.31 rps= 134.50
  controller.AnalyticsController.maxViewersSummary n= 4035 err=   0 errRate=  0.00% avg=  110.71 min=   15.16 max=  422.38 p50=  105.23 p95=  206.94 p99=  293.46 rps= 134.50
  s2s.crud.fetchAllTickets                      n= 4035 err=   0 errRate=  0.00% avg=  109.13 min=   14.98 max=  319.56 p50=  104.65 p95=  204.43 p99=  272.17 rps= 134.50
  s2s.crud.fetchFilms                           n=    1 err=   0 errRate=  0.00% avg=  230.02 min=  230.02 max=  230.02 p50=  230.02 p95=  230.02 p99=  230.02 rps=   0.03
window 1m
  calc.additional.maxViewersSummary             n= 6737 err=   0 errRate=  0.00% avg=  149.13 min=   15.02 max=  813.90 p50=  114.72 p95=  313.71 p99=  425.63 rps= 112.28
  controller.AnalyticsController.maxViewersSummary n= 6737 err=   0 errRate=  0.00% avg=  149.63 min=   15.16 max=  814.45 p50=  115.08 p95=  314.51 p99=  427.84 rps= 112.28
  s2s.crud.fetchAllTickets                      n= 6737 err=   0 errRate=  0.00% avg=  146.87 min=   14.98 max=  603.25 p50=  114.46 p95=  309.48 p99=  410.65 rps= 112.28
  s2s.crud.fetchFilms                           n=    2 err=   0 errRate=  0.00% avg=  336.02 min=  230.02 max=  442.02 p50=  336.02 p95=  431.42 p99=  439.90 rps=   0.03

2026-05-06T20:57:55.062Z  INFO 1 --- [lab8-additional-service] [   scheduling-1] r.h.l.a.o.ObservabilityService           : [lab8-additional-service] observability refresh
window 10s
  calc.additional.maxViewersSummary             n= 1366 err=   0 errRate=  0.00% avg=  108.05 min=   15.29 max=  319.60 p50=  103.79 p95=  207.00 p99=  283.38 rps= 136.60
  controller.AnalyticsController.maxViewersSummary n= 1366 err=   0 errRate=  0.00% avg=  108.46 min=   15.46 max=  319.74 p50=  104.20 p95=  207.72 p99=  283.69 rps= 136.60
  s2s.crud.fetchAllTickets                      n= 1366 err=   0 errRate=  0.00% avg=  107.98 min=   15.25 max=  319.56 p50=  103.74 p95=  206.96 p99=  283.31 rps= 136.60
window 30s
  calc.additional.maxViewersSummary             n= 4051 err=   0 errRate=  0.00% avg=  109.89 min=   15.02 max=  422.19 p50=  104.49 p95=  205.90 p99=  293.27 rps= 135.03
  controller.AnalyticsController.maxViewersSummary n= 4051 err=   0 errRate=  0.00% avg=  110.28 min=   15.16 max=  422.38 p50=  104.91 p95=  206.35 p99=  293.41 rps= 135.03
  s2s.crud.fetchAllTickets                      n= 4051 err=   0 errRate=  0.00% avg=  108.71 min=   14.98 max=  319.56 p50=  104.35 p95=  203.79 p99=  270.11 rps= 135.03
  s2s.crud.fetchFilms                           n=    1 err=   0 errRate=  0.00% avg=  230.02 min=  230.02 max=  230.02 p50=  230.02 p95=  230.02 p99=  230.02 rps=   0.03
window 1m
  calc.additional.maxViewersSummary             n= 6806 err=   0 errRate=  0.00% avg=  146.86 min=   15.02 max=  813.90 p50=  113.97 p95=  310.66 p99=  420.05 rps= 113.43
  controller.AnalyticsController.maxViewersSummary n= 6807 err=   0 errRate=  0.00% avg=  147.35 min=   15.16 max=  814.45 p50=  114.36 p95=  311.70 p99=  421.45 rps= 113.45
  s2s.crud.fetchAllTickets                      n= 6806 err=   0 errRate=  0.00% avg=  144.62 min=   14.98 max=  603.25 p50=  113.73 p95=  305.87 p99=  406.01 rps= 113.43
  s2s.crud.fetchFilms                           n=    2 err=   0 errRate=  0.00% avg=  336.02 min=  230.02 max=  442.02 p50=  336.02 p95=  431.42 p99=  439.90 rps=   0.03

2026-05-06T20:57:56.067Z  INFO 1 --- [lab8-additional-service] [   scheduling-1] r.h.l.a.o.ObservabilityService           : [lab8-additional-service] observability refresh
window 10s
  calc.additional.maxViewersSummary             n= 1401 err=   0 errRate=  0.00% avg=  103.86 min=   15.29 max=  302.97 p50=  102.54 p95=  200.11 p99=  278.02 rps= 140.10
  controller.AnalyticsController.maxViewersSummary n= 1401 err=   0 errRate=  0.00% avg=  104.26 min=   15.46 max=  304.03 p50=  102.89 p95=  200.46 p99=  278.14 rps= 140.10
  s2s.crud.fetchAllTickets                      n= 1401 err=   0 errRate=  0.00% avg=  103.80 min=   15.25 max=  302.93 p50=  102.50 p95=  200.07 p99=  277.97 rps= 140.10
window 30s
  calc.additional.maxViewersSummary             n= 4099 err=   0 errRate=  0.00% avg=  108.75 min=   15.02 max=  422.19 p50=  104.32 p95=  205.57 p99=  292.14 rps= 136.63
  controller.AnalyticsController.maxViewersSummary n= 4099 err=   0 errRate=  0.00% avg=  109.15 min=   15.16 max=  422.38 p50=  104.72 p95=  206.01 p99=  292.41 rps= 136.63
  s2s.crud.fetchAllTickets                      n= 4099 err=   0 errRate=  0.00% avg=  107.59 min=   14.98 max=  319.56 p50=  104.17 p95=  202.90 p99=  266.84 rps= 136.63
  s2s.crud.fetchFilms                           n=    1 err=   0 errRate=  0.00% avg=  230.02 min=  230.02 max=  230.02 p50=  230.02 p95=  230.02 p99=  230.02 rps=   0.03
window 1m
  calc.additional.maxViewersSummary             n= 6867 err=   0 errRate=  0.00% avg=  144.63 min=   15.02 max=  813.90 p50=  113.40 p95=  307.16 p99=  417.78 rps= 114.45
  controller.AnalyticsController.maxViewersSummary n= 6867 err=   0 errRate=  0.00% avg=  145.12 min=   15.16 max=  814.45 p50=  113.81 p95=  308.91 p99=  418.89 rps= 114.45
  s2s.crud.fetchAllTickets                      n= 6867 err=   0 errRate=  0.00% avg=  142.40 min=   14.98 max=  603.25 p50=  113.25 p95=  303.69 p99=  403.54 rps= 114.45
  s2s.crud.fetchFilms                           n=    2 err=   0 errRate=  0.00% avg=  336.02 min=  230.02 max=  442.02 p50=  336.02 p95=  431.42 p99=  439.90 rps=   0.03

2026-05-06T20:57:57.075Z  INFO 1 --- [lab8-additional-service] [   scheduling-1] r.h.l.a.o.ObservabilityService           : [lab8-additional-service] observability refresh
window 10s
  calc.additional.maxViewersSummary             n= 1395 err=   0 errRate=  0.00% avg=  103.47 min=   15.29 max=  298.02 p50=  102.29 p95=  201.50 p99=  266.65 rps= 139.50
  controller.AnalyticsController.maxViewersSummary n= 1395 err=   0 errRate=  0.00% avg=  103.87 min=   15.46 max=  298.16 p50=  102.69 p95=  202.09 p99=  266.82 rps= 139.50
  s2s.crud.fetchAllTickets                      n= 1395 err=   0 errRate=  0.00% avg=  103.41 min=   15.25 max=  297.98 p50=  102.25 p95=  201.45 p99=  266.59 rps= 139.50
window 30s
  calc.additional.maxViewersSummary             n= 4139 err=   0 errRate=  0.00% avg=  107.95 min=   15.02 max=  422.19 p50=  104.11 p95=  206.05 p99=  293.30 rps= 137.97
  controller.AnalyticsController.maxViewersSummary n= 4139 err=   0 errRate=  0.00% avg=  108.32 min=   15.16 max=  422.38 p50=  104.49 p95=  206.78 p99=  293.45 rps= 137.97
  s2s.crud.fetchAllTickets                      n= 4139 err=   0 errRate=  0.00% avg=  106.79 min=   14.98 max=  319.56 p50=  103.98 p95=  203.96 p99=  266.73 rps= 137.97
  s2s.crud.fetchFilms                           n=    1 err=   0 errRate=  0.00% avg=  230.02 min=  230.02 max=  230.02 p50=  230.02 p95=  230.02 p99=  230.02 rps=   0.03
window 1m
  calc.additional.maxViewersSummary             n= 6936 err=   0 errRate=  0.00% avg=  142.79 min=   15.02 max=  813.90 p50=  112.88 p95=  305.56 p99=  414.25 rps= 115.60
  controller.AnalyticsController.maxViewersSummary n= 6936 err=   0 errRate=  0.00% avg=  143.27 min=   15.16 max=  814.45 p50=  113.23 p95=  306.16 p99=  416.90 rps= 115.60
  s2s.crud.fetchAllTickets                      n= 6936 err=   0 errRate=  0.00% avg=  140.60 min=   14.98 max=  603.25 p50=  112.74 p95=  301.89 p99=  400.85 rps= 115.60
  s2s.crud.fetchFilms                           n=    2 err=   0 errRate=  0.00% avg=  336.02 min=  230.02 max=  442.02 p50=  336.02 p95=  431.42 p99=  439.90 rps=   0.03

2026-05-06T20:57:58.081Z  INFO 1 --- [lab8-additional-service] [   scheduling-1] r.h.l.a.o.ObservabilityService           : [lab8-additional-service] observability refresh
window 10s
  calc.additional.maxViewersSummary             n= 1401 err=   0 errRate=  0.00% avg=  104.55 min=   15.29 max=  303.37 p50=  102.61 p95=  202.72 p99=  270.09 rps= 140.10
  controller.AnalyticsController.maxViewersSummary n= 1401 err=   0 errRate=  0.00% avg=  104.94 min=   15.46 max=  303.65 p50=  103.06 p95=  203.03 p99=  270.25 rps= 140.10
  s2s.crud.fetchAllTickets                      n= 1401 err=   0 errRate=  0.00% avg=  104.48 min=   15.25 max=  303.03 p50=  102.57 p95=  202.68 p99=  270.05 rps= 140.10
window 30s
  calc.additional.maxViewersSummary             n= 4161 err=   0 errRate=  0.00% avg=  107.62 min=   15.02 max=  422.19 p50=  104.01 p95=  205.66 p99=  294.09 rps= 138.70
  controller.AnalyticsController.maxViewersSummary n= 4161 err=   0 errRate=  0.00% avg=  108.00 min=   15.16 max=  422.38 p50=  104.40 p95=  206.30 p99=  294.29 rps= 138.70
  s2s.crud.fetchAllTickets                      n= 4161 err=   0 errRate=  0.00% avg=  106.47 min=   14.98 max=  319.56 p50=  103.85 p95=  203.96 p99=  270.10 rps= 138.70
  s2s.crud.fetchFilms                           n=    1 err=   0 errRate=  0.00% avg=  230.02 min=  230.02 max=  230.02 p50=  230.02 p95=  230.02 p99=  230.02 rps=   0.03
window 1m
  calc.additional.maxViewersSummary             n= 7000 err=   0 errRate=  0.00% avg=  141.29 min=   15.02 max=  813.90 p50=  112.44 p95=  303.71 p99=  412.75 rps= 116.67
  controller.AnalyticsController.maxViewersSummary n= 7000 err=   0 errRate=  0.00% avg=  141.76 min=   15.16 max=  814.45 p50=  112.83 p95=  304.49 p99=  413.68 rps= 116.67
  s2s.crud.fetchAllTickets                      n= 7000 err=   0 errRate=  0.00% avg=  139.12 min=   14.98 max=  603.25 p50=  112.31 p95=  300.65 p99=  400.18 rps= 116.67
  s2s.crud.fetchFilms                           n=    2 err=   0 errRate=  0.00% avg=  336.02 min=  230.02 max=  442.02 p50=  336.02 p95=  431.42 p99=  439.90 rps=   0.03

2026-05-06T20:57:59.064Z  INFO 1 --- [lab8-additional-service] [   scheduling-1] r.h.l.a.service.FilmCacheService         : film-cache stats: size=310 ttlMs=30000 lastRefreshAtMs=1778101061514 hits=8110 misses=3 refreshes=3
2026-05-06T20:57:59.086Z  INFO 1 --- [lab8-additional-service] [   scheduling-1] r.h.l.a.o.ObservabilityService           : [lab8-additional-service] observability refresh
window 10s
  calc.additional.maxViewersSummary             n= 1421 err=   0 errRate=  0.00% avg=  101.88 min=   14.53 max=  303.37 p50=  102.23 p95=  200.11 p99=  240.57 rps= 142.10
  controller.AnalyticsController.maxViewersSummary n= 1421 err=   0 errRate=  0.00% avg=  102.23 min=   14.97 max=  303.65 p50=  102.53 p95=  200.92 p99=  240.71 rps= 142.10
  s2s.crud.fetchAllTickets                      n= 1421 err=   0 errRate=  0.00% avg=  101.82 min=   14.49 max=  303.03 p50=  102.19 p95=  200.07 p99=  240.53 rps= 142.10
window 30s
  calc.additional.maxViewersSummary             n= 4181 err=   0 errRate=  0.00% avg=  106.29 min=   14.53 max=  422.19 p50=  103.41 p95=  204.69 p99=  294.01 rps= 139.37
  controller.AnalyticsController.maxViewersSummary n= 4181 err=   0 errRate=  0.00% avg=  106.66 min=   14.97 max=  422.38 p50=  103.80 p95=  205.32 p99=  294.19 rps= 139.37
  s2s.crud.fetchAllTickets                      n= 4181 err=   0 errRate=  0.00% avg=  105.14 min=   14.49 max=  319.56 p50=  103.24 p95=  202.18 p99=  267.43 rps= 139.37
  s2s.crud.fetchFilms                           n=    1 err=   0 errRate=  0.00% avg=  230.02 min=  230.02 max=  230.02 p50=  230.02 p95=  230.02 p99=  230.02 rps=   0.03
window 1m
  calc.additional.maxViewersSummary             n= 7072 err=   0 errRate=  0.00% avg=  139.23 min=   14.53 max=  813.90 p50=  111.78 p95=  302.28 p99=  411.57 rps= 117.87
  controller.AnalyticsController.maxViewersSummary n= 7072 err=   0 errRate=  0.00% avg=  139.69 min=   14.97 max=  814.45 p50=  112.15 p95=  303.27 p99=  411.97 rps= 117.87
  s2s.crud.fetchAllTickets                      n= 7072 err=   0 errRate=  0.00% avg=  137.09 min=   14.49 max=  603.25 p50=  111.66 p95=  299.27 p99=  398.46 rps= 117.87
  s2s.crud.fetchFilms                           n=    2 err=   0 errRate=  0.00% avg=  336.02 min=  230.02 max=  442.02 p50=  336.02 p95=  431.42 p99=  439.90 rps=   0.03

2026-05-06T20:58:00.091Z  INFO 1 --- [lab8-additional-service] [   scheduling-1] r.h.l.a.o.ObservabilityService           : [lab8-additional-service] observability refresh
window 10s
  calc.additional.maxViewersSummary             n= 1403 err=   0 errRate=  0.00% avg=  106.10 min=   14.53 max=  410.32 p50=  102.69 p95=  208.43 p99=  293.89 rps= 140.30
  controller.AnalyticsController.maxViewersSummary n= 1403 err=   0 errRate=  0.00% avg=  106.46 min=   14.97 max=  410.46 p50=  103.06 p95=  209.55 p99=  294.06 rps= 140.30
  s2s.crud.fetchAllTickets                      n= 1403 err=   0 errRate=  0.00% avg=  106.04 min=   14.49 max=  410.28 p50=  102.60 p95=  208.32 p99=  293.74 rps= 140.30
window 30s
  calc.additional.maxViewersSummary             n= 4166 err=   0 errRate=  0.00% avg=  107.27 min=   14.53 max=  422.19 p50=  103.53 p95=  206.53 p99=  296.11 rps= 138.87
  controller.AnalyticsController.maxViewersSummary n= 4166 err=   0 errRate=  0.00% avg=  107.64 min=   14.97 max=  422.38 p50=  103.89 p95=  207.22 p99=  296.66 rps= 138.87
  s2s.crud.fetchAllTickets                      n= 4166 err=   0 errRate=  0.00% avg=  106.12 min=   14.49 max=  410.28 p50=  103.38 p95=  204.26 p99=  283.31 rps= 138.87
  s2s.crud.fetchFilms                           n=    1 err=   0 errRate=  0.00% avg=  230.02 min=  230.02 max=  230.02 p50=  230.02 p95=  230.02 p99=  230.02 rps=   0.03
window 1m
  calc.additional.maxViewersSummary             n= 7110 err=   0 errRate=  0.00% avg=  138.26 min=   14.53 max=  813.90 p50=  111.60 p95=  300.76 p99=  405.37 rps= 118.50
  controller.AnalyticsController.maxViewersSummary n= 7110 err=   0 errRate=  0.00% avg=  138.71 min=   14.97 max=  814.45 p50=  111.95 p95=  301.33 p99=  406.28 rps= 118.50
  s2s.crud.fetchAllTickets                      n= 7110 err=   0 errRate=  0.00% avg=  136.12 min=   14.49 max=  588.78 p50=  111.46 p95=  298.00 p99=  390.91 rps= 118.50
  s2s.crud.fetchFilms                           n=    2 err=   0 errRate=  0.00% avg=  336.02 min=  230.02 max=  442.02 p50=  336.02 p95=  431.42 p99=  439.90 rps=   0.03

2026-05-06T20:58:01.099Z  INFO 1 --- [lab8-additional-service] [   scheduling-1] r.h.l.a.o.ObservabilityService           : [lab8-additional-service] observability refresh
window 10s
  calc.additional.maxViewersSummary             n= 1395 err=   0 errRate=  0.00% avg=  108.10 min=   14.53 max=  410.32 p50=  103.31 p95=  209.48 p99=  295.22 rps= 139.50
  controller.AnalyticsController.maxViewersSummary n= 1395 err=   0 errRate=  0.00% avg=  108.46 min=   14.97 max=  410.46 p50=  103.68 p95=  210.15 p99=  295.40 rps= 139.50
  s2s.crud.fetchAllTickets                      n= 1395 err=   0 errRate=  0.00% avg=  108.03 min=   14.49 max=  410.28 p50=  103.27 p95=  209.41 p99=  295.18 rps= 139.50
window 30s
  calc.additional.maxViewersSummary             n= 4171 err=   0 errRate=  0.00% avg=  107.17 min=   14.53 max=  422.19 p50=  103.48 p95=  205.79 p99=  296.27 rps= 139.03
  controller.AnalyticsController.maxViewersSummary n= 4171 err=   0 errRate=  0.00% avg=  107.54 min=   14.97 max=  422.38 p50=  103.86 p95=  206.46 p99=  296.73 rps= 139.03
  s2s.crud.fetchAllTickets                      n= 4171 err=   0 errRate=  0.00% avg=  106.02 min=   14.49 max=  410.28 p50=  103.35 p95=  203.91 p99=  285.56 rps= 139.03
  s2s.crud.fetchFilms                           n=    1 err=   0 errRate=  0.00% avg=  230.02 min=  230.02 max=  230.02 p50=  230.02 p95=  230.02 p99=  230.02 rps=   0.03
window 1m
  calc.additional.maxViewersSummary             n= 7169 err=   0 errRate=  0.00% avg=  136.50 min=   14.53 max=  813.90 p50=  111.34 p95=  298.88 p99=  403.85 rps= 119.48
  controller.AnalyticsController.maxViewersSummary n= 7169 err=   0 errRate=  0.00% avg=  136.95 min=   14.97 max=  814.45 p50=  111.65 p95=  299.32 p99=  404.74 rps= 119.48
  s2s.crud.fetchAllTickets                      n= 7169 err=   0 errRate=  0.00% avg=  134.38 min=   14.49 max=  584.97 p50=  111.22 p95=  295.60 p99=  388.41 rps= 119.48
  s2s.crud.fetchFilms                           n=    2 err=   0 errRate=  0.00% avg=  336.02 min=  230.02 max=  442.02 p50=  336.02 p95=  431.42 p99=  439.90 rps=   0.03

2026-05-06T20:58:02.105Z  INFO 1 --- [lab8-additional-service] [   scheduling-1] r.h.l.a.o.ObservabilityService           : [lab8-additional-service] observability refresh
window 10s
  calc.additional.maxViewersSummary             n= 1416 err=   0 errRate=  0.00% avg=  104.57 min=   14.53 max=  410.32 p50=  102.23 p95=  207.37 p99=  293.70 rps= 141.60
  controller.AnalyticsController.maxViewersSummary n= 1416 err=   0 errRate=  0.00% avg=  104.94 min=   14.97 max=  410.46 p50=  102.61 p95=  209.18 p99=  293.88 rps= 141.60
  s2s.crud.fetchAllTickets                      n= 1416 err=   0 errRate=  0.00% avg=  104.50 min=   14.49 max=  410.28 p50=  102.19 p95=  207.33 p99=  293.57 rps= 141.60
window 30s
  calc.additional.maxViewersSummary             n= 4197 err=   0 errRate=  0.00% avg=  106.32 min=   14.53 max=  422.19 p50=  103.26 p95=  205.50 p99=  296.22 rps= 139.90
  controller.AnalyticsController.maxViewersSummary n= 4197 err=   0 errRate=  0.00% avg=  106.70 min=   14.97 max=  422.38 p50=  103.61 p95=  205.84 p99=  296.73 rps= 139.90
  s2s.crud.fetchAllTickets                      n= 4197 err=   0 errRate=  0.00% avg=  105.19 min=   14.49 max=  410.28 p50=  103.13 p95=  203.22 p99=  285.22 rps= 139.90
  s2s.crud.fetchFilms                           n=    1 err=   0 errRate=  0.00% avg=  230.02 min=  230.02 max=  230.02 p50=  230.02 p95=  230.02 p99=  230.02 rps=   0.03
window 1m
  calc.additional.maxViewersSummary             n= 7252 err=   0 errRate=  0.00% avg=  134.15 min=   14.53 max=  813.90 p50=  110.66 p95=  296.98 p99=  400.52 rps= 120.87
  controller.AnalyticsController.maxViewersSummary n= 7252 err=   0 errRate=  0.00% avg=  134.58 min=   14.97 max=  814.45 p50=  110.94 p95=  297.58 p99=  400.80 rps= 120.87
  s2s.crud.fetchAllTickets                      n= 7252 err=   0 errRate=  0.00% avg=  132.05 min=   14.49 max=  584.97 p50=  110.47 p95=  292.81 p99=  382.25 rps= 120.87
  s2s.crud.fetchFilms                           n=    2 err=   0 errRate=  0.00% avg=  336.02 min=  230.02 max=  442.02 p50=  336.02 p95=  431.42 p99=  439.90 rps=   0.03

2026-05-06T20:58:03.110Z  INFO 1 --- [lab8-additional-service] [   scheduling-1] r.h.l.a.o.ObservabilityService           : [lab8-additional-service] observability refresh
window 10s
  calc.additional.maxViewersSummary             n= 1440 err=   0 errRate=  0.00% avg=  104.03 min=   14.53 max=  410.32 p50=  102.50 p95=  208.57 p99=  293.36 rps= 144.00
  controller.AnalyticsController.maxViewersSummary n= 1440 err=   0 errRate=  0.00% avg=  104.36 min=   14.69 max=  410.46 p50=  102.88 p95=  209.58 p99=  293.54 rps= 144.00
  s2s.crud.fetchAllTickets                      n= 1440 err=   0 errRate=  0.00% avg=  103.97 min=   14.49 max=  410.28 p50=  102.46 p95=  208.46 p99=  293.25 rps= 144.00
window 30s
  calc.additional.maxViewersSummary             n= 4205 err=   0 errRate=  0.00% avg=  105.86 min=   14.53 max=  422.19 p50=  103.18 p95=  205.11 p99=  296.21 rps= 140.17
  controller.AnalyticsController.maxViewersSummary n= 4205 err=   0 errRate=  0.00% avg=  106.23 min=   14.69 max=  422.38 p50=  103.57 p95=  205.63 p99=  296.72 rps= 140.17
  s2s.crud.fetchAllTickets                      n= 4205 err=   0 errRate=  0.00% avg=  104.73 min=   14.49 max=  410.28 p50=  103.02 p95=  202.82 p99=  285.05 rps= 140.17
  s2s.crud.fetchFilms                           n=    1 err=   0 errRate=  0.00% avg=  230.02 min=  230.02 max=  230.02 p50=  230.02 p95=  230.02 p99=  230.02 rps=   0.03
window 1m
  calc.additional.maxViewersSummary             n= 7321 err=   0 errRate=  0.00% avg=  132.12 min=   14.53 max=  813.90 p50=  109.99 p95=  295.54 p99=  399.53 rps= 122.02
  controller.AnalyticsController.maxViewersSummary n= 7321 err=   0 errRate=  0.00% avg=  132.55 min=   14.69 max=  814.45 p50=  110.33 p95=  295.96 p99=  399.99 rps= 122.02
  s2s.crud.fetchAllTickets                      n= 7321 err=   0 errRate=  0.00% avg=  130.05 min=   14.49 max=  584.97 p50=  109.84 p95=  291.05 p99=  379.57 rps= 122.02
  s2s.crud.fetchFilms                           n=    2 err=   0 errRate=  0.00% avg=  336.02 min=  230.02 max=  442.02 p50=  336.02 p95=  431.42 p99=  439.90 rps=   0.03

2026-05-06T20:58:04.158Z  INFO 1 --- [lab8-additional-service] [   scheduling-1] r.h.l.a.o.ObservabilityService           : [lab8-additional-service] observability refresh
window 10s
  calc.additional.maxViewersSummary             n= 1394 err=   0 errRate=  0.00% avg=  105.42 min=   14.53 max=  410.32 p50=  102.47 p95=  207.08 p99=  294.04 rps= 139.40
  controller.AnalyticsController.maxViewersSummary n= 1395 err=   0 errRate=  0.00% avg=  105.84 min=   14.69 max=  410.46 p50=  102.94 p95=  207.92 p99=  294.24 rps= 139.50
  s2s.crud.fetchAllTickets                      n= 1394 err=   0 errRate=  0.00% avg=  105.36 min=   14.49 max=  410.28 p50=  102.41 p95=  207.04 p99=  293.90 rps= 139.40
window 30s
  calc.additional.maxViewersSummary             n= 4168 err=   0 errRate=  0.00% avg=  106.07 min=   14.53 max=  422.19 p50=  102.85 p95=  205.10 p99=  296.28 rps= 138.93
  controller.AnalyticsController.maxViewersSummary n= 4168 err=   0 errRate=  0.00% avg=  106.46 min=   14.69 max=  422.38 p50=  103.29 p95=  205.58 p99=  296.73 rps= 138.93
  s2s.crud.fetchAllTickets                      n= 4168 err=   0 errRate=  0.00% avg=  104.92 min=   14.49 max=  410.28 p50=  102.66 p95=  202.80 p99=  283.26 rps= 138.93
  s2s.crud.fetchFilms                           n=    1 err=   0 errRate=  0.00% avg=  230.02 min=  230.02 max=  230.02 p50=  230.02 p95=  230.02 p99=  230.02 rps=   0.03
window 1m
  calc.additional.maxViewersSummary             n= 7350 err=   0 errRate=  0.00% avg=  130.71 min=   14.53 max=  813.90 p50=  109.59 p95=  292.31 p99=  397.86 rps= 122.50
  controller.AnalyticsController.maxViewersSummary n= 7350 err=   0 errRate=  0.00% avg=  131.14 min=   14.69 max=  814.45 p50=  109.86 p95=  292.91 p99=  398.58 rps= 122.50
  s2s.crud.fetchAllTickets                      n= 7350 err=   0 errRate=  0.00% avg=  128.65 min=   14.49 max=  584.97 p50=  109.44 p95=  287.95 p99=  378.00 rps= 122.50
  s2s.crud.fetchFilms                           n=    2 err=   0 errRate=  0.00% avg=  336.02 min=  230.02 max=  442.02 p50=  336.02 p95=  431.42 p99=  439.90 rps=   0.03

2026-05-06T20:58:05.163Z  INFO 1 --- [lab8-additional-service] [   scheduling-1] r.h.l.a.o.ObservabilityService           : [lab8-additional-service] observability refresh
window 10s
  calc.additional.maxViewersSummary             n= 1400 err=   0 errRate=  0.00% avg=  103.46 min=   13.89 max=  410.32 p50=  101.79 p95=  206.47 p99=  293.94 rps= 140.00
  controller.AnalyticsController.maxViewersSummary n= 1400 err=   0 errRate=  0.00% avg=  103.90 min=   14.01 max=  410.46 p50=  102.10 p95=  207.19 p99=  294.11 rps= 140.00
  s2s.crud.fetchAllTickets                      n= 1400 err=   0 errRate=  0.00% avg=  103.40 min=   13.85 max=  410.28 p50=  101.74 p95=  206.43 p99=  293.79 rps= 140.00
window 30s
  calc.additional.maxViewersSummary             n= 4176 err=   0 errRate=  0.00% avg=  105.62 min=   13.89 max=  422.19 p50=  102.50 p95=  205.27 p99=  296.26 rps= 139.20
  controller.AnalyticsController.maxViewersSummary n= 4176 err=   0 errRate=  0.00% avg=  106.02 min=   14.01 max=  422.38 p50=  102.93 p95=  206.04 p99=  296.73 rps= 139.20
  s2s.crud.fetchAllTickets                      n= 4176 err=   0 errRate=  0.00% avg=  104.48 min=   13.85 max=  410.28 p50=  102.38 p95=  203.13 p99=  283.03 rps= 139.20
  s2s.crud.fetchFilms                           n=    1 err=   0 errRate=  0.00% avg=  230.02 min=  230.02 max=  230.02 p50=  230.02 p95=  230.02 p99=  230.02 rps=   0.03
window 1m
  calc.additional.maxViewersSummary             n= 7421 err=   0 errRate=  0.00% avg=  128.73 min=   13.89 max=  813.90 p50=  108.96 p95=  289.96 p99=  390.65 rps= 123.68
  controller.AnalyticsController.maxViewersSummary n= 7421 err=   0 errRate=  0.00% avg=  129.16 min=   14.01 max=  814.45 p50=  109.29 p95=  290.39 p99=  390.99 rps= 123.68
  s2s.crud.fetchAllTickets                      n= 7421 err=   0 errRate=  0.00% avg=  126.69 min=   13.85 max=  584.97 p50=  108.75 p95=  283.34 p99=  366.81 rps= 123.68
  s2s.crud.fetchFilms                           n=    2 err=   0 errRate=  0.00% avg=  336.02 min=  230.02 max=  442.02 p50=  336.02 p95=  431.42 p99=  439.90 rps=   0.03

2026-05-06T20:58:06.169Z  INFO 1 --- [lab8-additional-service] [   scheduling-1] r.h.l.a.o.ObservabilityService           : [lab8-additional-service] observability refresh
window 10s
  calc.additional.maxViewersSummary             n= 1429 err=   0 errRate=  0.00% avg=  102.04 min=   13.89 max=  410.32 p50=  101.52 p95=  205.67 p99=  293.52 rps= 142.90
  controller.AnalyticsController.maxViewersSummary n= 1429 err=   0 errRate=  0.00% avg=  102.46 min=   14.01 max=  410.46 p50=  101.92 p95=  206.21 p99=  293.69 rps= 142.90
  s2s.crud.fetchAllTickets                      n= 1429 err=   0 errRate=  0.00% avg=  101.98 min=   13.85 max=  410.28 p50=  101.47 p95=  205.62 p99=  293.40 rps= 142.90
window 30s
  calc.additional.maxViewersSummary             n= 4169 err=   0 errRate=  0.00% avg=  105.64 min=   13.89 max=  422.19 p50=  102.50 p95=  205.52 p99=  296.28 rps= 138.97
  controller.AnalyticsController.maxViewersSummary n= 4169 err=   0 errRate=  0.00% avg=  106.05 min=   14.01 max=  422.38 p50=  102.92 p95=  206.21 p99=  296.73 rps= 138.97
  s2s.crud.fetchAllTickets                      n= 4169 err=   0 errRate=  0.00% avg=  104.50 min=   13.85 max=  410.28 p50=  102.37 p95=  203.92 p99=  283.23 rps= 138.97
  s2s.crud.fetchFilms                           n=    1 err=   0 errRate=  0.00% avg=  230.02 min=  230.02 max=  230.02 p50=  230.02 p95=  230.02 p99=  230.02 rps=   0.03
window 1m
  calc.additional.maxViewersSummary             n= 7482 err=   0 errRate=  0.00% avg=  126.95 min=   13.89 max=  813.90 p50=  108.39 p95=  286.38 p99=  384.83 rps= 124.70
  controller.AnalyticsController.maxViewersSummary n= 7482 err=   0 errRate=  0.00% avg=  127.38 min=   14.01 max=  814.45 p50=  108.74 p95=  286.76 p99=  385.57 rps= 124.70
  s2s.crud.fetchAllTickets                      n= 7482 err=   0 errRate=  0.00% avg=  124.93 min=   13.85 max=  584.97 p50=  108.25 p95=  277.95 p99=  327.62 rps= 124.70
  s2s.crud.fetchFilms                           n=    2 err=   0 errRate=  0.00% avg=  336.02 min=  230.02 max=  442.02 p50=  336.02 p95=  431.42 p99=  439.90 rps=   0.03

2026-05-06T20:58:07.175Z  INFO 1 --- [lab8-additional-service] [   scheduling-1] r.h.l.a.o.ObservabilityService           : [lab8-additional-service] observability refresh
window 10s
  calc.additional.maxViewersSummary             n= 1445 err=   0 errRate=  0.00% avg=   99.31 min=   13.89 max=  410.32 p50=  101.15 p95=  202.72 p99=  288.81 rps= 144.50
  controller.AnalyticsController.maxViewersSummary n= 1445 err=   0 errRate=  0.00% avg=   99.72 min=   14.01 max=  410.46 p50=  101.54 p95=  203.08 p99=  289.25 rps= 144.50
  s2s.crud.fetchAllTickets                      n= 1445 err=   0 errRate=  0.00% avg=   99.25 min=   13.85 max=  410.28 p50=  101.11 p95=  202.68 p99=  288.76 rps= 144.50
window 30s
  calc.additional.maxViewersSummary             n= 4178 err=   0 errRate=  0.00% avg=  105.17 min=   13.89 max=  422.19 p50=  102.28 p95=  205.51 p99=  296.26 rps= 139.27
  controller.AnalyticsController.maxViewersSummary n= 4178 err=   0 errRate=  0.00% avg=  105.57 min=   14.01 max=  422.38 p50=  102.73 p95=  206.13 p99=  296.73 rps= 139.27
  s2s.crud.fetchAllTickets                      n= 4178 err=   0 errRate=  0.00% avg=  104.03 min=   13.85 max=  410.28 p50=  102.19 p95=  203.89 p99=  282.97 rps= 139.27
  s2s.crud.fetchFilms                           n=    1 err=   0 errRate=  0.00% avg=  230.02 min=  230.02 max=  230.02 p50=  230.02 p95=  230.02 p99=  230.02 rps=   0.03
window 1m
  calc.additional.maxViewersSummary             n= 7546 err=   0 errRate=  0.00% avg=  125.28 min=   13.89 max=  813.90 p50=  107.95 p95=  282.95 p99=  381.24 rps= 125.77
  controller.AnalyticsController.maxViewersSummary n= 7546 err=   0 errRate=  0.00% avg=  125.70 min=   14.01 max=  814.45 p50=  108.30 p95=  283.29 p99=  381.82 rps= 125.77
  s2s.crud.fetchAllTickets                      n= 7546 err=   0 errRate=  0.00% avg=  123.27 min=   13.85 max=  584.97 p50=  107.78 p95=  266.74 p99=  323.72 rps= 125.77
  s2s.crud.fetchFilms                           n=    2 err=   0 errRate=  0.00% avg=  336.02 min=  230.02 max=  442.02 p50=  336.02 p95=  431.42 p99=  439.90 rps=   0.03

2026-05-06T20:58:08.181Z  INFO 1 --- [lab8-additional-service] [   scheduling-1] r.h.l.a.o.ObservabilityService           : [lab8-additional-service] observability refresh
window 10s
  calc.additional.maxViewersSummary             n= 1449 err=   0 errRate=  0.00% avg=   96.75 min=   13.89 max=  410.32 p50=  100.30 p95=  200.12 p99=  283.49 rps= 144.90
  controller.AnalyticsController.maxViewersSummary n= 1449 err=   0 errRate=  0.00% avg=   97.16 min=   14.01 max=  410.46 p50=  100.74 p95=  200.76 p99=  283.87 rps= 144.90
  s2s.crud.fetchAllTickets                      n= 1449 err=   0 errRate=  0.00% avg=   96.69 min=   13.85 max=  410.28 p50=  100.27 p95=  200.06 p99=  283.44 rps= 144.90
window 30s
  calc.additional.maxViewersSummary             n= 4180 err=   0 errRate=  0.00% avg=  104.80 min=   13.89 max=  422.19 p50=  102.17 p95=  205.27 p99=  296.25 rps= 139.33
  controller.AnalyticsController.maxViewersSummary n= 4180 err=   0 errRate=  0.00% avg=  105.20 min=   14.01 max=  422.38 p50=  102.55 p95=  205.72 p99=  296.73 rps= 139.33
  s2s.crud.fetchAllTickets                      n= 4180 err=   0 errRate=  0.00% avg=  103.66 min=   13.85 max=  410.28 p50=  102.00 p95=  203.24 p99=  282.91 rps= 139.33
  s2s.crud.fetchFilms                           n=    1 err=   0 errRate=  0.00% avg=  230.02 min=  230.02 max=  230.02 p50=  230.02 p95=  230.02 p99=  230.02 rps=   0.03
window 1m
  calc.additional.maxViewersSummary             n= 7610 err=   0 errRate=  0.00% avg=  123.50 min=   13.89 max=  813.90 p50=  107.32 p95=  275.72 p99=  380.67 rps= 126.83
  controller.AnalyticsController.maxViewersSummary n= 7610 err=   0 errRate=  0.00% avg=  123.92 min=   14.01 max=  814.45 p50=  107.69 p95=  276.33 p99=  381.27 rps= 126.83
  s2s.crud.fetchAllTickets                      n= 7610 err=   0 errRate=  0.00% avg=  121.51 min=   13.85 max=  584.97 p50=  107.15 p95=  241.73 p99=  320.65 rps= 126.83
  s2s.crud.fetchFilms                           n=    2 err=   0 errRate=  0.00% avg=  336.02 min=  230.02 max=  442.02 p50=  336.02 p95=  431.42 p99=  439.90 rps=   0.03

2026-05-06T20:58:09.064Z  INFO 1 --- [lab8-additional-service] [   scheduling-1] r.h.l.a.service.FilmCacheService         : film-cache stats: size=310 ttlMs=30000 lastRefreshAtMs=1778101061514 hits=9565 misses=3 refreshes=3
2026-05-06T20:58:09.189Z  INFO 1 --- [lab8-additional-service] [   scheduling-1] r.h.l.a.o.ObservabilityService           : [lab8-additional-service] observability refresh
window 10s
  calc.additional.maxViewersSummary             n= 1475 err=   0 errRate=  0.00% avg=   95.49 min=   13.89 max=  410.32 p50=  100.13 p95=  200.11 p99=  281.85 rps= 147.50
  controller.AnalyticsController.maxViewersSummary n= 1475 err=   0 errRate=  0.00% avg=   95.88 min=   14.01 max=  410.46 p50=  100.42 p95=  200.44 p99=  282.37 rps= 147.50
  s2s.crud.fetchAllTickets                      n= 1475 err=   0 errRate=  0.00% avg=   95.43 min=   13.85 max=  410.28 p50=  100.10 p95=  200.06 p99=  281.81 rps= 147.50
window 30s
  calc.additional.maxViewersSummary             n= 4189 err=   0 errRate=  0.00% avg=  104.35 min=   13.89 max=  422.19 p50=  101.94 p95=  205.24 p99=  296.24 rps= 139.63
  controller.AnalyticsController.maxViewersSummary n= 4189 err=   0 errRate=  0.00% avg=  104.75 min=   14.01 max=  422.38 p50=  102.40 p95=  205.71 p99=  296.73 rps= 139.63
  s2s.crud.fetchAllTickets                      n= 4189 err=   0 errRate=  0.00% avg=  103.22 min=   13.85 max=  410.28 p50=  101.83 p95=  203.45 p99=  282.66 rps= 139.63
  s2s.crud.fetchFilms                           n=    1 err=   0 errRate=  0.00% avg=  230.02 min=  230.02 max=  230.02 p50=  230.02 p95=  230.02 p99=  230.02 rps=   0.03
window 1m
  calc.additional.maxViewersSummary             n= 7684 err=   0 errRate=  0.00% avg=  121.57 min=   13.89 max=  813.90 p50=  106.80 p95=  240.63 p99=  377.76 rps= 128.07
  controller.AnalyticsController.maxViewersSummary n= 7684 err=   0 errRate=  0.00% avg=  121.98 min=   14.01 max=  814.45 p50=  107.14 p95=  240.77 p99=  378.02 rps= 128.07
  s2s.crud.fetchAllTickets                      n= 7684 err=   0 errRate=  0.00% avg=  119.60 min=   13.85 max=  584.97 p50=  106.64 p95=  228.63 p99=  316.29 rps= 128.07
  s2s.crud.fetchFilms                           n=    2 err=   0 errRate=  0.00% avg=  336.02 min=  230.02 max=  442.02 p50=  336.02 p95=  431.42 p99=  439.90 rps=   0.03

2026-05-06T20:58:10.194Z  INFO 1 --- [lab8-additional-service] [   scheduling-1] r.h.l.a.o.ObservabilityService           : [lab8-additional-service] observability refresh
window 10s
  calc.additional.maxViewersSummary             n= 1520 err=   0 errRate=  0.00% avg=   89.86 min=   13.89 max=  296.58 p50=   99.22 p95=  193.05 p99=  206.09 rps= 152.00
  controller.AnalyticsController.maxViewersSummary n= 1520 err=   0 errRate=  0.00% avg=   90.27 min=   14.01 max=  296.73 p50=   99.61 p95=  193.51 p99=  206.25 rps= 152.00
  s2s.crud.fetchAllTickets                      n= 1520 err=   0 errRate=  0.00% avg=   89.80 min=   13.85 max=  296.52 p50=   99.18 p95=  193.01 p99=  206.05 rps= 152.00
window 30s
  calc.additional.maxViewersSummary             n= 4229 err=   0 errRate=  0.00% avg=  103.56 min=   13.89 max=  422.19 p50=  101.89 p95=  205.08 p99=  296.17 rps= 140.97
  controller.AnalyticsController.maxViewersSummary n= 4229 err=   0 errRate=  0.00% avg=  103.95 min=   14.01 max=  422.38 p50=  102.34 p95=  205.39 p99=  296.70 rps= 140.97
  s2s.crud.fetchAllTickets                      n= 4229 err=   0 errRate=  0.00% avg=  102.44 min=   13.85 max=  410.28 p50=  101.79 p95=  203.18 p99=  281.84 rps= 140.97
  s2s.crud.fetchFilms                           n=    1 err=   0 errRate=  0.00% avg=  230.02 min=  230.02 max=  230.02 p50=  230.02 p95=  230.02 p99=  230.02 rps=   0.03
window 1m
  calc.additional.maxViewersSummary             n= 7760 err=   0 errRate=  0.00% avg=  119.76 min=   13.89 max=  813.90 p50=  106.25 p95=  228.94 p99=  349.60 rps= 129.33
  controller.AnalyticsController.maxViewersSummary n= 7760 err=   0 errRate=  0.00% avg=  120.18 min=   14.01 max=  814.45 p50=  106.68 p95=  229.16 p99=  350.32 rps= 129.33
  s2s.crud.fetchAllTickets                      n= 7760 err=   0 errRate=  0.00% avg=  117.81 min=   13.85 max=  584.97 p50=  106.10 p95=  223.89 p99=  313.84 rps= 129.33
  s2s.crud.fetchFilms                           n=    2 err=   0 errRate=  0.00% avg=  336.02 min=  230.02 max=  442.02 p50=  336.02 p95=  431.42 p99=  439.90 rps=   0.03

2026-05-06T20:58:11.201Z  INFO 1 --- [lab8-additional-service] [   scheduling-1] r.h.l.a.o.ObservabilityService           : [lab8-additional-service] observability refresh
window 10s
  calc.additional.maxViewersSummary             n= 1452 err=   0 errRate=  0.00% avg=   87.79 min=   13.89 max=  221.94 p50=   98.14 p95=  189.31 p99=  205.17 rps= 145.20
  controller.AnalyticsController.maxViewersSummary n= 1452 err=   0 errRate=  0.00% avg=   88.20 min=   14.01 max=  222.15 p50=   98.34 p95=  190.31 p99=  205.49 rps= 145.20
  s2s.crud.fetchAllTickets                      n= 1452 err=   0 errRate=  0.00% avg=   87.73 min=   13.85 max=  221.74 p50=   98.09 p95=  189.27 p99=  205.13 rps= 145.20
window 30s
  calc.additional.maxViewersSummary             n= 4203 err=   0 errRate=  0.00% avg=  102.06 min=   13.89 max=  422.19 p50=  101.48 p95=  204.33 p99=  296.21 rps= 140.10
  controller.AnalyticsController.maxViewersSummary n= 4203 err=   0 errRate=  0.00% avg=  102.44 min=   14.01 max=  422.38 p50=  101.87 p95=  204.89 p99=  296.73 rps= 140.10
  s2s.crud.fetchAllTickets                      n= 4203 err=   0 errRate=  0.00% avg=  100.93 min=   13.85 max=  410.28 p50=  101.36 p95=  202.57 p99=  280.59 rps= 140.10
  s2s.crud.fetchFilms                           n=    1 err=   0 errRate=  0.00% avg=  230.02 min=  230.02 max=  230.02 p50=  230.02 p95=  230.02 p99=  230.02 rps=   0.03
window 1m
  calc.additional.maxViewersSummary             n= 7755 err=   0 errRate=  0.00% avg=  118.29 min=   13.89 max=  813.90 p50=  105.85 p95=  224.30 p99=  322.26 rps= 129.25
  controller.AnalyticsController.maxViewersSummary n= 7755 err=   0 errRate=  0.00% avg=  118.70 min=   14.01 max=  814.45 p50=  106.19 p95=  224.95 p99=  322.63 rps= 129.25
  s2s.crud.fetchAllTickets                      n= 7755 err=   0 errRate=  0.00% avg=  116.33 min=   13.85 max=  584.97 p50=  105.71 p95=  220.94 p99=  309.94 rps= 129.25
  s2s.crud.fetchFilms                           n=    2 err=   0 errRate=  0.00% avg=  336.02 min=  230.02 max=  442.02 p50=  336.02 p95=  431.42 p99=  439.90 rps=   0.03

2026-05-06T20:58:12.216Z  INFO 1 --- [lab8-additional-service] [   scheduling-1] r.h.l.a.o.ObservabilityService           : [lab8-additional-service] observability refresh
window 10s
  calc.additional.maxViewersSummary             n= 1395 err=   0 errRate=  0.00% avg=   90.42 min=   13.89 max=  426.22 p50=   97.85 p95=  196.89 p99=  301.80 rps= 139.50
  controller.AnalyticsController.maxViewersSummary n= 1395 err=   0 errRate=  0.00% avg=   90.83 min=   14.01 max=  426.35 p50=   98.09 p95=  197.51 p99=  301.92 rps= 139.50
  s2s.crud.fetchAllTickets                      n= 1395 err=   0 errRate=  0.00% avg=   87.11 min=   13.85 max=  221.74 p50=   97.52 p95=  190.00 p99=  204.40 rps= 139.50
  s2s.crud.fetchFilms                           n=    1 err=   0 errRate=  0.00% avg=  222.27 min=  222.27 max=  222.27 p50=  222.27 p95=  222.27 p99=  222.27 rps=   0.10
window 30s
  calc.additional.maxViewersSummary             n= 4188 err=   0 errRate=  0.00% avg=  101.23 min=   13.89 max=  426.22 p50=  101.33 p95=  204.26 p99=  294.78 rps= 139.60
  controller.AnalyticsController.maxViewersSummary n= 4188 err=   0 errRate=  0.00% avg=  101.62 min=   14.01 max=  426.35 p50=  101.67 p95=  204.80 p99=  295.38 rps= 139.60
  s2s.crud.fetchAllTickets                      n= 4188 err=   0 errRate=  0.00% avg=  100.09 min=   13.85 max=  410.28 p50=  101.11 p95=  202.25 p99=  280.83 rps= 139.60
  s2s.crud.fetchFilms                           n=    1 err=   0 errRate=  0.00% avg=  222.27 min=  222.27 max=  222.27 p50=  222.27 p95=  222.27 p99=  222.27 rps=   0.03
window 1m
  calc.additional.maxViewersSummary             n= 7801 err=   0 errRate=  0.00% avg=  117.24 min=   13.89 max=  813.90 p50=  105.43 p95=  224.24 p99=  319.13 rps= 130.02
  controller.AnalyticsController.maxViewersSummary n= 7801 err=   0 errRate=  0.00% avg=  117.64 min=   14.01 max=  814.45 p50=  105.91 p95=  224.94 p99=  319.74 rps= 130.02
  s2s.crud.fetchAllTickets                      n= 7801 err=   0 errRate=  0.00% avg=  115.19 min=   13.85 max=  584.97 p50=  105.23 p95=  219.77 p99=  308.17 rps= 130.02
  s2s.crud.fetchFilms                           n=    2 err=   0 errRate=  0.00% avg=  226.14 min=  222.27 max=  230.02 p50=  226.14 p95=  229.63 p99=  229.94 rps=   0.03

2026-05-06T20:58:13.230Z  INFO 1 --- [lab8-additional-service] [   scheduling-1] r.h.l.a.o.ObservabilityService           : [lab8-additional-service] observability refresh
window 10s
  calc.additional.maxViewersSummary             n= 1377 err=   0 errRate=  0.00% avg=   86.04 min=   13.89 max=  426.22 p50=   96.06 p95=  196.17 p99=  301.86 rps= 137.70
  controller.AnalyticsController.maxViewersSummary n= 1377 err=   0 errRate=  0.00% avg=   86.45 min=   14.01 max=  426.35 p50=   96.28 p95=  196.52 p99=  301.98 rps= 137.70
  s2s.crud.fetchAllTickets                      n= 1377 err=   0 errRate=  0.00% avg=   82.69 min=   13.85 max=  216.00 p50=   95.42 p95=  186.66 p99=  203.31 rps= 137.70
  s2s.crud.fetchFilms                           n=    1 err=   0 errRate=  0.00% avg=  222.27 min=  222.27 max=  222.27 p50=  222.27 p95=  222.27 p99=  222.27 rps=   0.10
window 30s
  calc.additional.maxViewersSummary             n= 4177 err=   0 errRate=  0.00% avg=   99.58 min=   13.89 max=  426.22 p50=  100.80 p95=  204.13 p99=  294.83 rps= 139.23
  controller.AnalyticsController.maxViewersSummary n= 4177 err=   0 errRate=  0.00% avg=   99.96 min=   14.01 max=  426.35 p50=  101.27 p95=  204.55 p99=  295.43 rps= 139.23
  s2s.crud.fetchAllTickets                      n= 4177 err=   0 errRate=  0.00% avg=   98.43 min=   13.85 max=  410.28 p50=  100.56 p95=  202.18 p99=  281.01 rps= 139.23
  s2s.crud.fetchFilms                           n=    1 err=   0 errRate=  0.00% avg=  222.27 min=  222.27 max=  222.27 p50=  222.27 p95=  222.27 p99=  222.27 rps=   0.03
window 1m
  calc.additional.maxViewersSummary             n= 7846 err=   0 errRate=  0.00% avg=  113.85 min=   13.89 max=  585.11 p50=  104.72 p95=  219.86 p99=  309.62 rps= 130.77
  controller.AnalyticsController.maxViewersSummary n= 7846 err=   0 errRate=  0.00% avg=  114.25 min=   14.01 max=  585.59 p50=  105.09 p95=  220.71 p99=  310.00 rps= 130.77
  s2s.crud.fetchAllTickets                      n= 7846 err=   0 errRate=  0.00% avg=  112.62 min=   13.85 max=  584.97 p50=  104.45 p95=  216.23 p99=  301.01 rps= 130.77
  s2s.crud.fetchFilms                           n=    2 err=   0 errRate=  0.00% avg=  226.14 min=  222.27 max=  230.02 p50=  226.14 p95=  229.63 p99=  229.94 rps=   0.03

2026-05-06T20:58:14.238Z  INFO 1 --- [lab8-additional-service] [   scheduling-1] r.h.l.a.o.ObservabilityService           : [lab8-additional-service] observability refresh
window 10s
  calc.additional.maxViewersSummary             n= 1397 err=   0 errRate=  0.00% avg=   81.39 min=   13.71 max=  426.22 p50=   93.86 p95=  189.04 p99=  301.80 rps= 139.70
  controller.AnalyticsController.maxViewersSummary n= 1398 err=   0 errRate=  0.00% avg=   81.78 min=   14.01 max=  426.35 p50=   94.28 p95=  189.58 p99=  301.91 rps= 139.80
  s2s.crud.fetchAllTickets                      n= 1397 err=   0 errRate=  0.00% avg=   78.09 min=   13.67 max=  216.00 p50=   93.28 p95=  178.24 p99=  204.05 rps= 139.70
  s2s.crud.fetchFilms                           n=    1 err=   0 errRate=  0.00% avg=  222.27 min=  222.27 max=  222.27 p50=  222.27 p95=  222.27 p99=  222.27 rps=   0.10
window 30s
  calc.additional.maxViewersSummary             n= 4151 err=   0 errRate=  0.00% avg=   98.06 min=   13.71 max=  426.22 p50=  100.35 p95=  202.72 p99=  294.24 rps= 138.37
  controller.AnalyticsController.maxViewersSummary n= 4152 err=   0 errRate=  0.00% avg=   98.47 min=   14.01 max=  426.35 p50=  100.79 p95=  203.48 p99=  294.39 rps= 138.40
  s2s.crud.fetchAllTickets                      n= 4151 err=   0 errRate=  0.00% avg=   96.90 min=   13.67 max=  410.28 p50=  100.10 p95=  200.98 p99=  272.22 rps= 138.37
  s2s.crud.fetchFilms                           n=    1 err=   0 errRate=  0.00% avg=  222.27 min=  222.27 max=  222.27 p50=  222.27 p95=  222.27 p99=  222.27 rps=   0.03
window 1m
  calc.additional.maxViewersSummary             n= 7866 err=   0 errRate=  0.00% avg=  112.25 min=   13.71 max=  585.11 p50=  104.29 p95=  217.66 p99=  306.77 rps= 131.10
  controller.AnalyticsController.maxViewersSummary n= 7866 err=   0 errRate=  0.00% avg=  112.65 min=   14.01 max=  585.59 p50=  104.67 p95=  218.53 p99=  308.09 rps= 131.10
  s2s.crud.fetchAllTickets                      n= 7866 err=   0 errRate=  0.00% avg=  111.02 min=   13.67 max=  584.97 p50=  104.08 p95=  214.78 p99=  299.75 rps= 131.10
  s2s.crud.fetchFilms                           n=    2 err=   0 errRate=  0.00% avg=  226.14 min=  222.27 max=  230.02 p50=  226.14 p95=  229.63 p99=  229.94 rps=   0.03

2026-05-06T20:58:15.245Z  INFO 1 --- [lab8-additional-service] [   scheduling-1] r.h.l.a.o.ObservabilityService           : [lab8-additional-service] observability refresh
window 10s
  calc.additional.maxViewersSummary             n= 1382 err=   0 errRate=  0.00% avg=   77.52 min=   13.71 max=  426.22 p50=   91.14 p95=  179.99 p99=  301.85 rps= 138.20
  controller.AnalyticsController.maxViewersSummary n= 1382 err=   0 errRate=  0.00% avg=   77.80 min=   14.39 max=  426.35 p50=   91.40 p95=  180.63 p99=  301.96 rps= 138.20
  s2s.crud.fetchAllTickets                      n= 1382 err=   0 errRate=  0.00% avg=   74.18 min=   13.67 max=  216.00 p50=   90.17 p95=  136.48 p99=  202.37 rps= 138.20
  s2s.crud.fetchFilms                           n=    1 err=   0 errRate=  0.00% avg=  222.27 min=  222.27 max=  222.27 p50=  222.27 p95=  222.27 p99=  222.27 rps=   0.10
window 30s
  calc.additional.maxViewersSummary             n= 4154 err=   0 errRate=  0.00% avg=   96.25 min=   13.71 max=  426.22 p50=   99.61 p95=  202.58 p99=  294.22 rps= 138.47
  controller.AnalyticsController.maxViewersSummary n= 4154 err=   0 errRate=  0.00% avg=   96.63 min=   14.01 max=  426.35 p50=   99.95 p95=  202.90 p99=  294.38 rps= 138.47
  s2s.crud.fetchAllTickets                      n= 4154 err=   0 errRate=  0.00% avg=   95.10 min=   13.67 max=  410.28 p50=   99.41 p95=  200.51 p99=  270.67 rps= 138.47
  s2s.crud.fetchFilms                           n=    1 err=   0 errRate=  0.00% avg=  222.27 min=  222.27 max=  222.27 p50=  222.27 p95=  222.27 p99=  222.27 rps=   0.03
window 1m
  calc.additional.maxViewersSummary             n= 7905 err=   0 errRate=  0.00% avg=  110.20 min=   13.71 max=  585.11 p50=  103.71 p95=  216.00 p99=  302.10 rps= 131.75
  controller.AnalyticsController.maxViewersSummary n= 7905 err=   0 errRate=  0.00% avg=  110.60 min=   14.01 max=  585.59 p50=  104.07 p95=  216.55 p99=  303.27 rps= 131.75
  s2s.crud.fetchAllTickets                      n= 7905 err=   0 errRate=  0.00% avg=  108.98 min=   13.67 max=  584.97 p50=  103.49 p95=  213.29 p99=  296.52 rps= 131.75
  s2s.crud.fetchFilms                           n=    2 err=   0 errRate=  0.00% avg=  226.14 min=  222.27 max=  230.02 p50=  226.14 p95=  229.63 p99=  229.94 rps=   0.03

2026-05-06T20:58:16.251Z  INFO 1 --- [lab8-additional-service] [   scheduling-1] r.h.l.a.o.ObservabilityService           : [lab8-additional-service] observability refresh
window 10s
  calc.additional.maxViewersSummary             n= 1354 err=   0 errRate=  0.00% avg=   73.51 min=   13.71 max=  426.22 p50=   84.23 p95=  162.41 p99=  301.94 rps= 135.40
  controller.AnalyticsController.maxViewersSummary n= 1354 err=   0 errRate=  0.00% avg=   73.79 min=   13.90 max=  426.35 p50=   84.61 p95=  162.56 p99=  302.06 rps= 135.40
  s2s.crud.fetchAllTickets                      n= 1354 err=   0 errRate=  0.00% avg=   70.10 min=   13.67 max=  216.00 p50=   83.25 p95=  126.34 p99=  199.97 rps= 135.40
  s2s.crud.fetchFilms                           n=    1 err=   0 errRate=  0.00% avg=  222.27 min=  222.27 max=  222.27 p50=  222.27 p95=  222.27 p99=  222.27 rps=   0.10
window 30s
  calc.additional.maxViewersSummary             n= 4180 err=   0 errRate=  0.00% avg=   92.85 min=   13.71 max=  426.22 p50=   98.54 p95=  199.82 p99=  289.48 rps= 139.33
  controller.AnalyticsController.maxViewersSummary n= 4180 err=   0 errRate=  0.00% avg=   93.22 min=   13.90 max=  426.35 p50=   98.86 p95=  200.00 p99=  289.79 rps= 139.33
  s2s.crud.fetchAllTickets                      n= 4180 err=   0 errRate=  0.00% avg=   91.71 min=   13.67 max=  410.28 p50=   98.35 p95=  197.89 p99=  253.00 rps= 139.33
  s2s.crud.fetchFilms                           n=    1 err=   0 errRate=  0.00% avg=  222.27 min=  222.27 max=  222.27 p50=  222.27 p95=  222.27 p99=  222.27 rps=   0.03
window 1m
  calc.additional.maxViewersSummary             n= 7933 err=   0 errRate=  0.00% avg=  108.32 min=   13.71 max=  585.11 p50=  103.16 p95=  214.05 p99=  301.36 rps= 132.22
  controller.AnalyticsController.maxViewersSummary n= 7933 err=   0 errRate=  0.00% avg=  108.72 min=   13.90 max=  585.59 p50=  103.52 p95=  214.50 p99=  302.04 rps= 132.22
  s2s.crud.fetchAllTickets                      n= 7933 err=   0 errRate=  0.00% avg=  107.10 min=   13.67 max=  584.97 p50=  102.96 p95=  210.72 p99=  295.12 rps= 132.22
  s2s.crud.fetchFilms                           n=    2 err=   0 errRate=  0.00% avg=  226.14 min=  222.27 max=  230.02 p50=  226.14 p95=  229.63 p99=  229.94 rps=   0.03

2026-05-06T20:58:17.269Z  INFO 1 --- [lab8-additional-service] [   scheduling-1] r.h.l.a.o.ObservabilityService           : [lab8-additional-service] observability refresh
window 10s
  calc.additional.maxViewersSummary             n= 1325 err=   0 errRate=  0.00% avg=   69.86 min=   13.71 max=  426.22 p50=   68.26 p95=  133.75 p99=  302.03 rps= 132.50
  controller.AnalyticsController.maxViewersSummary n= 1325 err=   0 errRate=  0.00% avg=   70.15 min=   13.90 max=  426.35 p50=   68.73 p95=  134.16 p99=  302.15 rps= 132.50
  s2s.crud.fetchAllTickets                      n= 1325 err=   0 errRate=  0.00% avg=   66.38 min=   13.67 max=  209.17 p50=   68.22 p95=  122.95 p99=  199.10 rps= 132.50
  s2s.crud.fetchFilms                           n=    1 err=   0 errRate=  0.00% avg=  222.27 min=  222.27 max=  222.27 p50=  222.27 p95=  222.27 p99=  222.27 rps=   0.10
window 30s
  calc.additional.maxViewersSummary             n= 4162 err=   0 errRate=  0.00% avg=   91.33 min=   13.71 max=  426.22 p50=   97.88 p95=  199.60 p99=  288.63 rps= 138.73
  controller.AnalyticsController.maxViewersSummary n= 4162 err=   0 errRate=  0.00% avg=   91.70 min=   13.90 max=  426.35 p50=   98.18 p95=  199.88 p99=  289.10 rps= 138.73
  s2s.crud.fetchAllTickets                      n= 4162 err=   0 errRate=  0.00% avg=   90.18 min=   13.67 max=  410.28 p50=   97.68 p95=  197.35 p99=  245.41 rps= 138.73
  s2s.crud.fetchFilms                           n=    1 err=   0 errRate=  0.00% avg=  222.27 min=  222.27 max=  222.27 p50=  222.27 p95=  222.27 p99=  222.27 rps=   0.03
window 1m
  calc.additional.maxViewersSummary             n= 7954 err=   0 errRate=  0.00% avg=  106.60 min=   13.71 max=  585.11 p50=  102.53 p95=  212.39 p99=  300.58 rps= 132.57
  controller.AnalyticsController.maxViewersSummary n= 7954 err=   0 errRate=  0.00% avg=  107.00 min=   13.90 max=  585.59 p50=  102.94 p95=  212.95 p99=  301.11 rps= 132.57
  s2s.crud.fetchAllTickets                      n= 7954 err=   0 errRate=  0.00% avg=  105.39 min=   13.67 max=  584.97 p50=  102.33 p95=  209.20 p99=  292.05 rps= 132.57
  s2s.crud.fetchFilms                           n=    2 err=   0 errRate=  0.00% avg=  226.14 min=  222.27 max=  230.02 p50=  226.14 p95=  229.63 p99=  229.94 rps=   0.03

2026-05-06T20:58:18.277Z  INFO 1 --- [lab8-additional-service] [   scheduling-1] r.h.l.a.o.ObservabilityService           : [lab8-additional-service] observability refresh
window 10s
  calc.additional.maxViewersSummary             n= 1297 err=   0 errRate=  0.00% avg=   65.68 min=   13.56 max=  426.22 p50=   34.40 p95=  125.12 p99=  302.15 rps= 129.70
  controller.AnalyticsController.maxViewersSummary n= 1297 err=   0 errRate=  0.00% avg=   65.97 min=   13.68 max=  426.35 p50=   34.84 p95=  125.95 p99=  302.30 rps= 129.70
  s2s.crud.fetchAllTickets                      n= 1297 err=   0 errRate=  0.00% avg=   62.13 min=   13.52 max=  209.17 p50=   34.36 p95=  119.02 p99=  197.43 rps= 129.70
  s2s.crud.fetchFilms                           n=    1 err=   0 errRate=  0.00% avg=  222.27 min=  222.27 max=  222.27 p50=  222.27 p95=  222.27 p99=  222.27 rps=   0.10
window 30s
  calc.additional.maxViewersSummary             n= 4161 err=   0 errRate=  0.00% avg=   89.54 min=   13.56 max=  426.22 p50=   97.23 p95=  198.95 p99=  287.52 rps= 138.70
  controller.AnalyticsController.maxViewersSummary n= 4161 err=   0 errRate=  0.00% avg=   89.90 min=   13.68 max=  426.35 p50=   97.56 p95=  199.44 p99=  287.82 rps= 138.70
  s2s.crud.fetchAllTickets                      n= 4161 err=   0 errRate=  0.00% avg=   88.39 min=   13.52 max=  410.28 p50=   97.05 p95=  196.67 p99=  240.14 rps= 138.70
  s2s.crud.fetchFilms                           n=    1 err=   0 errRate=  0.00% avg=  222.27 min=  222.27 max=  222.27 p50=  222.27 p95=  222.27 p99=  222.27 rps=   0.03
window 1m
  calc.additional.maxViewersSummary             n= 7978 err=   0 errRate=  0.00% avg=  104.64 min=   13.56 max=  585.11 p50=  101.90 p95=  210.12 p99=  298.95 rps= 132.97
  controller.AnalyticsController.maxViewersSummary n= 7978 err=   0 errRate=  0.00% avg=  105.04 min=   13.68 max=  585.59 p50=  102.33 p95=  210.48 p99=  299.58 rps= 132.97
  s2s.crud.fetchAllTickets                      n= 7978 err=   0 errRate=  0.00% avg=  103.44 min=   13.52 max=  584.97 p50=  101.74 p95=  206.99 p99=  290.87 rps= 132.97
  s2s.crud.fetchFilms                           n=    2 err=   0 errRate=  0.00% avg=  226.14 min=  222.27 max=  230.02 p50=  226.14 p95=  229.63 p99=  229.94 rps=   0.03

2026-05-06T20:58:19.064Z  INFO 1 --- [lab8-additional-service] [   scheduling-1] r.h.l.a.service.FilmCacheService         : film-cache stats: size=310 ttlMs=30000 lastRefreshAtMs=1778101091514 hits=10811 misses=4 refreshes=4
2026-05-06T20:58:19.288Z  INFO 1 --- [lab8-additional-service] [   scheduling-1] r.h.l.a.o.ObservabilityService           : [lab8-additional-service] observability refresh
window 10s
  calc.additional.maxViewersSummary             n= 1241 err=   0 errRate=  0.00% avg=   65.26 min=   13.56 max=  426.22 p50=   34.73 p95=  130.26 p99=  302.69 rps= 124.10
  controller.AnalyticsController.maxViewersSummary n= 1241 err=   0 errRate=  0.00% avg=   65.68 min=   13.68 max=  426.35 p50=   35.06 p95=  131.63 p99=  303.32 rps= 124.10
  s2s.crud.fetchAllTickets                      n= 1241 err=   0 errRate=  0.00% avg=   61.52 min=   13.52 max=  209.17 p50=   34.69 p95=  119.93 p99=  194.91 rps= 124.10
  s2s.crud.fetchFilms                           n=    1 err=   0 errRate=  0.00% avg=  222.27 min=  222.27 max=  222.27 p50=  222.27 p95=  222.27 p99=  222.27 rps=   0.10
window 30s
  calc.additional.maxViewersSummary             n= 4132 err=   0 errRate=  0.00% avg=   88.62 min=   13.56 max=  426.22 p50=   96.94 p95=  198.27 p99=  287.85 rps= 137.73
  controller.AnalyticsController.maxViewersSummary n= 4132 err=   0 errRate=  0.00% avg=   89.01 min=   13.68 max=  426.35 p50=   97.36 p95=  198.64 p99=  288.27 rps= 137.73
  s2s.crud.fetchAllTickets                      n= 4132 err=   0 errRate=  0.00% avg=   87.46 min=   13.52 max=  410.28 p50=   96.80 p95=  196.10 p99=  224.55 rps= 137.73
  s2s.crud.fetchFilms                           n=    1 err=   0 errRate=  0.00% avg=  222.27 min=  222.27 max=  222.27 p50=  222.27 p95=  222.27 p99=  222.27 rps=   0.03
window 1m
  calc.additional.maxViewersSummary             n= 7990 err=   0 errRate=  0.00% avg=  103.58 min=   13.56 max=  585.11 p50=  101.53 p95=  208.17 p99=  297.66 rps= 133.17
  controller.AnalyticsController.maxViewersSummary n= 7990 err=   0 errRate=  0.00% avg=  103.98 min=   13.68 max=  585.59 p50=  101.98 p95=  208.76 p99=  297.79 rps= 133.17
  s2s.crud.fetchAllTickets                      n= 7990 err=   0 errRate=  0.00% avg=  102.38 min=   13.52 max=  584.97 p50=  101.35 p95=  205.62 p99=  289.25 rps= 133.17
  s2s.crud.fetchFilms                           n=    2 err=   0 errRate=  0.00% avg=  226.14 min=  222.27 max=  230.02 p50=  226.14 p95=  229.63 p99=  229.94 rps=   0.03

2026-05-06T20:58:20.296Z  INFO 1 --- [lab8-additional-service] [   scheduling-1] r.h.l.a.o.ObservabilityService           : [lab8-additional-service] observability refresh
window 10s
  calc.additional.maxViewersSummary             n= 1195 err=   0 errRate=  0.00% avg=   63.13 min=   13.56 max=  426.22 p50=   32.78 p95=  123.16 p99=  303.13 rps= 119.50
  controller.AnalyticsController.maxViewersSummary n= 1195 err=   0 errRate=  0.00% avg=   63.54 min=   13.68 max=  426.35 p50=   33.10 p95=  123.28 p99=  304.06 rps= 119.50
  s2s.crud.fetchAllTickets                      n= 1195 err=   0 errRate=  0.00% avg=   59.25 min=   13.52 max=  209.17 p50=   32.72 p95=  117.09 p99=  191.21 rps= 119.50
  s2s.crud.fetchFilms                           n=    1 err=   0 errRate=  0.00% avg=  222.27 min=  222.27 max=  222.27 p50=  222.27 p95=  222.27 p99=  222.27 rps=   0.10
window 30s
  calc.additional.maxViewersSummary             n= 4104 err=   0 errRate=  0.00% avg=   87.47 min=   13.56 max=  426.22 p50=   96.69 p95=  197.39 p99=  287.03 rps= 136.80
  controller.AnalyticsController.maxViewersSummary n= 4104 err=   0 errRate=  0.00% avg=   87.86 min=   13.68 max=  426.35 p50=   97.03 p95=  198.11 p99=  287.19 rps= 136.80
  s2s.crud.fetchAllTickets                      n= 4104 err=   0 errRate=  0.00% avg=   86.30 min=   13.52 max=  410.28 p50=   96.57 p95=  195.46 p99=  222.33 rps= 136.80
  s2s.crud.fetchFilms                           n=    1 err=   0 errRate=  0.00% avg=  222.27 min=  222.27 max=  222.27 p50=  222.27 p95=  222.27 p99=  222.27 rps=   0.03
window 1m
  calc.additional.maxViewersSummary             n= 8002 err=   0 errRate=  0.00% avg=  102.29 min=   13.56 max=  585.11 p50=  101.24 p95=  206.85 p99=  296.89 rps= 133.37
  controller.AnalyticsController.maxViewersSummary n= 8002 err=   0 errRate=  0.00% avg=  102.68 min=   13.68 max=  585.59 p50=  101.61 p95=  207.51 p99=  297.33 rps= 133.37
  s2s.crud.fetchAllTickets                      n= 8002 err=   0 errRate=  0.00% avg=  101.08 min=   13.52 max=  584.97 p50=  101.09 p95=  204.62 p99=  287.45 rps= 133.37
  s2s.crud.fetchFilms                           n=    2 err=   0 errRate=  0.00% avg=  226.14 min=  222.27 max=  230.02 p50=  226.14 p95=  229.63 p99=  229.94 rps=   0.03

2026-05-06T20:58:21.302Z  INFO 1 --- [lab8-additional-service] [   scheduling-1] r.h.l.a.o.ObservabilityService           : [lab8-additional-service] observability refresh
window 10s
  calc.additional.maxViewersSummary             n= 1234 err=   0 errRate=  0.00% avg=   63.51 min=   13.56 max=  426.22 p50=   32.25 p95=  123.95 p99=  302.76 rps= 123.40
  controller.AnalyticsController.maxViewersSummary n= 1234 err=   0 errRate=  0.00% avg=   63.92 min=   13.68 max=  426.35 p50=   32.54 p95=  124.07 p99=  303.45 rps= 123.40
  s2s.crud.fetchAllTickets                      n= 1234 err=   0 errRate=  0.00% avg=   59.76 min=   13.52 max=  213.39 p50=   32.21 p95=  116.98 p99=  194.72 rps= 123.40
  s2s.crud.fetchFilms                           n=    1 err=   0 errRate=  0.00% avg=  222.27 min=  222.27 max=  222.27 p50=  222.27 p95=  222.27 p99=  222.27 rps=   0.10
window 30s
  calc.additional.maxViewersSummary             n= 4082 err=   0 errRate=  0.00% avg=   86.89 min=   13.56 max=  426.22 p50=   96.51 p95=  197.39 p99=  287.27 rps= 136.07
  controller.AnalyticsController.maxViewersSummary n= 4082 err=   0 errRate=  0.00% avg=   87.29 min=   13.68 max=  426.35 p50=   96.81 p95=  198.11 p99=  287.50 rps= 136.07
  s2s.crud.fetchAllTickets                      n= 4082 err=   0 errRate=  0.00% avg=   85.71 min=   13.52 max=  410.28 p50=   96.22 p95=  195.32 p99=  221.86 rps= 136.07
  s2s.crud.fetchFilms                           n=    1 err=   0 errRate=  0.00% avg=  222.27 min=  222.27 max=  222.27 p50=  222.27 p95=  222.27 p99=  222.27 rps=   0.03
window 1m
  calc.additional.maxViewersSummary             n= 8014 err=   0 errRate=  0.00% avg=  100.99 min=   13.56 max=  426.22 p50=  100.99 p95=  205.29 p99=  296.28 rps= 133.57
  controller.AnalyticsController.maxViewersSummary n= 8014 err=   0 errRate=  0.00% avg=  101.39 min=   13.68 max=  426.35 p50=  101.40 p95=  205.71 p99=  296.71 rps= 133.57
  s2s.crud.fetchAllTickets                      n= 8014 err=   0 errRate=  0.00% avg=   99.79 min=   13.52 max=  410.28 p50=  100.76 p95=  202.99 p99=  282.74 rps= 133.57
  s2s.crud.fetchFilms                           n=    2 err=   0 errRate=  0.00% avg=  226.14 min=  222.27 max=  230.02 p50=  226.14 p95=  229.63 p99=  229.94 rps=   0.03

2026-05-06T20:58:22.308Z  INFO 1 --- [lab8-additional-service] [   scheduling-1] r.h.l.a.o.ObservabilityService           : [lab8-additional-service] observability refresh
window 10s
  calc.additional.maxViewersSummary             n= 1271 err=   0 errRate=  0.00% avg=   57.81 min=   13.56 max=  213.44 p50=   31.59 p95=  113.50 p99=  193.24 rps= 127.10
  controller.AnalyticsController.maxViewersSummary n= 1271 err=   0 errRate=  0.00% avg=   58.22 min=   13.68 max=  213.56 p50=   31.85 p95=  114.01 p99=  193.92 rps= 127.10
  s2s.crud.fetchAllTickets                      n= 1271 err=   0 errRate=  0.00% avg=   57.74 min=   13.52 max=  213.39 p50=   31.45 p95=  113.47 p99=  193.20 rps= 127.10
window 30s
  calc.additional.maxViewersSummary             n= 4084 err=   0 errRate=  0.00% avg=   85.11 min=   13.56 max=  426.22 p50=   95.57 p95=  196.40 p99=  286.44 rps= 136.13
  controller.AnalyticsController.maxViewersSummary n= 4084 err=   0 errRate=  0.00% avg=   85.50 min=   13.68 max=  426.35 p50=   95.96 p95=  197.15 p99=  286.66 rps= 136.13
  s2s.crud.fetchAllTickets                      n= 4084 err=   0 errRate=  0.00% avg=   83.93 min=   13.52 max=  410.28 p50=   95.21 p95=  194.60 p99=  220.79 rps= 136.13
  s2s.crud.fetchFilms                           n=    1 err=   0 errRate=  0.00% avg=  222.27 min=  222.27 max=  222.27 p50=  222.27 p95=  222.27 p99=  222.27 rps=   0.03
window 1m
  calc.additional.maxViewersSummary             n= 8059 err=   0 errRate=  0.00% avg=   99.17 min=   13.56 max=  426.22 p50=  100.35 p95=  203.49 p99=  294.92 rps= 134.32
  controller.AnalyticsController.maxViewersSummary n= 8059 err=   0 errRate=  0.00% avg=   99.56 min=   13.68 max=  426.35 p50=  100.78 p95=  204.17 p99=  295.52 rps= 134.32
  s2s.crud.fetchAllTickets                      n= 8059 err=   0 errRate=  0.00% avg=   97.97 min=   13.52 max=  410.28 p50=  100.15 p95=  201.44 p99=  277.38 rps= 134.32
  s2s.crud.fetchFilms                           n=    2 err=   0 errRate=  0.00% avg=  226.14 min=  222.27 max=  230.02 p50=  226.14 p95=  229.63 p99=  229.94 rps=   0.03

2026-05-06T20:58:23.320Z  INFO 1 --- [lab8-additional-service] [   scheduling-1] r.h.l.a.o.ObservabilityService           : [lab8-additional-service] observability refresh
window 10s
  calc.additional.maxViewersSummary             n= 1260 err=   0 errRate=  0.00% avg=   58.58 min=   13.56 max=  213.44 p50=   32.17 p95=  113.99 p99=  193.26 rps= 126.00
  controller.AnalyticsController.maxViewersSummary n= 1260 err=   0 errRate=  0.00% avg=   58.99 min=   13.68 max=  213.56 p50=   32.47 p95=  114.35 p99=  194.01 rps= 126.00
  s2s.crud.fetchAllTickets                      n= 1260 err=   0 errRate=  0.00% avg=   58.50 min=   13.52 max=  213.39 p50=   32.13 p95=  113.95 p99=  193.22 rps= 126.00
window 30s
  calc.additional.maxViewersSummary             n= 4088 err=   0 errRate=  0.00% avg=   83.59 min=   13.56 max=  426.22 p50=   94.73 p95=  196.40 p99=  286.43 rps= 136.27
  controller.AnalyticsController.maxViewersSummary n= 4088 err=   0 errRate=  0.00% avg=   83.97 min=   13.68 max=  426.35 p50=   95.11 p95=  197.12 p99=  286.66 rps= 136.27
  s2s.crud.fetchAllTickets                      n= 4088 err=   0 errRate=  0.00% avg=   82.41 min=   13.52 max=  410.28 p50=   94.48 p95=  194.59 p99=  220.79 rps= 136.27
  s2s.crud.fetchFilms                           n=    1 err=   0 errRate=  0.00% avg=  222.27 min=  222.27 max=  222.27 p50=  222.27 p95=  222.27 p99=  222.27 rps=   0.03
window 1m
  calc.additional.maxViewersSummary             n= 8074 err=   0 errRate=  0.00% avg=   97.62 min=   13.56 max=  426.22 p50=   99.91 p95=  202.21 p99=  292.65 rps= 134.57
  controller.AnalyticsController.maxViewersSummary n= 8074 err=   0 errRate=  0.00% avg=   98.01 min=   13.68 max=  426.35 p50=  100.34 p95=  202.76 p99=  292.84 rps= 134.57
  s2s.crud.fetchAllTickets                      n= 8074 err=   0 errRate=  0.00% avg=   96.43 min=   13.52 max=  410.28 p50=   99.71 p95=  200.30 p99=  263.20 rps= 134.57
  s2s.crud.fetchFilms                           n=    2 err=   0 errRate=  0.00% avg=  226.14 min=  222.27 max=  230.02 p50=  226.14 p95=  229.63 p99=  229.94 rps=   0.03

2026-05-06T20:58:24.357Z  INFO 1 --- [lab8-additional-service] [   scheduling-1] r.h.l.a.o.ObservabilityService           : [lab8-additional-service] observability refresh
window 10s
  calc.additional.maxViewersSummary             n= 1279 err=   0 errRate=  0.00% avg=   59.97 min=   13.56 max=  310.22 p50=   34.17 p95=  115.34 p99=  188.27 rps= 127.90
  controller.AnalyticsController.maxViewersSummary n= 1279 err=   0 errRate=  0.00% avg=   60.38 min=   13.68 max=  310.37 p50=   34.61 p95=  116.07 p99=  191.32 rps= 127.90
  s2s.crud.fetchAllTickets                      n= 1279 err=   0 errRate=  0.00% avg=   59.89 min=   13.52 max=  310.18 p50=   34.13 p95=  115.30 p99=  188.23 rps= 127.90
window 30s
  calc.additional.maxViewersSummary             n= 4048 err=   0 errRate=  0.00% avg=   82.80 min=   13.56 max=  426.22 p50=   94.26 p95=  195.88 p99=  286.79 rps= 134.93
  controller.AnalyticsController.maxViewersSummary n= 4048 err=   0 errRate=  0.00% avg=   83.18 min=   13.68 max=  426.35 p50=   94.79 p95=  196.49 p99=  286.96 rps= 134.93
  s2s.crud.fetchAllTickets                      n= 4048 err=   0 errRate=  0.00% avg=   81.61 min=   13.52 max=  410.28 p50=   93.92 p95=  193.45 p99=  220.82 rps= 134.93
  s2s.crud.fetchFilms                           n=    1 err=   0 errRate=  0.00% avg=  222.27 min=  222.27 max=  222.27 p50=  222.27 p95=  222.27 p99=  222.27 rps=   0.03
window 1m
  calc.additional.maxViewersSummary             n= 8095 err=   0 errRate=  0.00% avg=   96.45 min=   13.56 max=  426.22 p50=   99.65 p95=  201.10 p99=  291.14 rps= 134.92
  controller.AnalyticsController.maxViewersSummary n= 8095 err=   0 errRate=  0.00% avg=   96.83 min=   13.68 max=  426.35 p50=  100.03 p95=  201.57 p99=  291.32 rps= 134.92
  s2s.crud.fetchAllTickets                      n= 8095 err=   0 errRate=  0.00% avg=   95.26 min=   13.52 max=  410.28 p50=   99.48 p95=  199.54 p99=  257.30 rps= 134.92
  s2s.crud.fetchFilms                           n=    2 err=   0 errRate=  0.00% avg=  226.14 min=  222.27 max=  230.02 p50=  226.14 p95=  229.63 p99=  229.94 rps=   0.03

2026-05-06T20:58:25.365Z  INFO 1 --- [lab8-additional-service] [   scheduling-1] r.h.l.a.o.ObservabilityService           : [lab8-additional-service] observability refresh
window 10s
  calc.additional.maxViewersSummary             n= 1276 err=   0 errRate=  0.00% avg=   61.37 min=   13.56 max=  310.22 p50=   33.83 p95=  117.47 p99=  192.59 rps= 127.60
  controller.AnalyticsController.maxViewersSummary n= 1276 err=   0 errRate=  0.00% avg=   61.78 min=   13.68 max=  310.37 p50=   34.08 p95=  117.76 p99=  193.71 rps= 127.60
  s2s.crud.fetchAllTickets                      n= 1276 err=   0 errRate=  0.00% avg=   61.29 min=   13.52 max=  310.18 p50=   33.78 p95=  117.43 p99=  192.53 rps= 127.60
window 30s
  calc.additional.maxViewersSummary             n= 4055 err=   0 errRate=  0.00% avg=   81.12 min=   13.56 max=  426.22 p50=   93.31 p95=  195.00 p99=  286.75 rps= 135.17
  controller.AnalyticsController.maxViewersSummary n= 4055 err=   0 errRate=  0.00% avg=   81.49 min=   13.68 max=  426.35 p50=   93.71 p95=  195.52 p99=  286.92 rps= 135.17
  s2s.crud.fetchAllTickets                      n= 4055 err=   0 errRate=  0.00% avg=   79.93 min=   13.52 max=  410.28 p50=   93.01 p95=  192.60 p99=  221.27 rps= 135.17
  s2s.crud.fetchFilms                           n=    1 err=   0 errRate=  0.00% avg=  222.27 min=  222.27 max=  222.27 p50=  222.27 p95=  222.27 p99=  222.27 rps=   0.03
window 1m
  calc.additional.maxViewersSummary             n= 8111 err=   0 errRate=  0.00% avg=   95.36 min=   13.56 max=  426.22 p50=   99.21 p95=  200.49 p99=  291.09 rps= 135.18
  controller.AnalyticsController.maxViewersSummary n= 8111 err=   0 errRate=  0.00% avg=   95.75 min=   13.68 max=  426.35 p50=   99.62 p95=  200.94 p99=  291.27 rps= 135.18
  s2s.crud.fetchAllTickets                      n= 8111 err=   0 errRate=  0.00% avg=   94.18 min=   13.52 max=  410.28 p50=   99.04 p95=  199.16 p99=  251.04 rps= 135.18
  s2s.crud.fetchFilms                           n=    2 err=   0 errRate=  0.00% avg=  226.14 min=  222.27 max=  230.02 p50=  226.14 p95=  229.63 p99=  229.94 rps=   0.03

2026-05-06T20:58:26.370Z  INFO 1 --- [lab8-additional-service] [   scheduling-1] r.h.l.a.o.ObservabilityService           : [lab8-additional-service] observability refresh
window 10s
  calc.additional.maxViewersSummary             n= 1260 err=   0 errRate=  0.00% avg=   62.89 min=   13.56 max=  310.22 p50=   36.90 p95=  118.70 p99=  193.35 rps= 126.00
  controller.AnalyticsController.maxViewersSummary n= 1260 err=   0 errRate=  0.00% avg=   63.31 min=   13.68 max=  310.37 p50=   37.02 p95=  119.09 p99=  193.83 rps= 126.00
  s2s.crud.fetchAllTickets                      n= 1260 err=   0 errRate=  0.00% avg=   62.81 min=   13.52 max=  310.18 p50=   36.86 p95=  118.44 p99=  193.31 rps= 126.00
window 30s
  calc.additional.maxViewersSummary             n= 4044 err=   0 errRate=  0.00% avg=   79.66 min=   13.56 max=  426.22 p50=   92.83 p95=  193.57 p99=  286.81 rps= 134.80
  controller.AnalyticsController.maxViewersSummary n= 4044 err=   0 errRate=  0.00% avg=   80.03 min=   13.68 max=  426.35 p50=   93.29 p95=  194.15 p99=  286.98 rps= 134.80
  s2s.crud.fetchAllTickets                      n= 4044 err=   0 errRate=  0.00% avg=   78.48 min=   13.52 max=  410.28 p50=   92.60 p95=  191.56 p99=  215.63 rps= 134.80
  s2s.crud.fetchFilms                           n=    1 err=   0 errRate=  0.00% avg=  222.27 min=  222.27 max=  222.27 p50=  222.27 p95=  222.27 p99=  222.27 rps=   0.03
window 1m
  calc.additional.maxViewersSummary             n= 8144 err=   0 errRate=  0.00% avg=   94.26 min=   13.56 max=  426.22 p50=   98.94 p95=  199.84 p99=  290.86 rps= 135.73
  controller.AnalyticsController.maxViewersSummary n= 8144 err=   0 errRate=  0.00% avg=   94.64 min=   13.68 max=  426.35 p50=   99.32 p95=  200.21 p99=  291.03 rps= 135.73
  s2s.crud.fetchAllTickets                      n= 8144 err=   0 errRate=  0.00% avg=   93.08 min=   13.52 max=  410.28 p50=   98.76 p95=  198.18 p99=  240.30 rps= 135.73
  s2s.crud.fetchFilms                           n=    2 err=   0 errRate=  0.00% avg=  226.14 min=  222.27 max=  230.02 p50=  226.14 p95=  229.63 p99=  229.94 rps=   0.03

2026-05-06T20:58:27.376Z  INFO 1 --- [lab8-additional-service] [   scheduling-1] r.h.l.a.o.ObservabilityService           : [lab8-additional-service] observability refresh
window 10s
  calc.additional.maxViewersSummary             n= 1218 err=   0 errRate=  0.00% avg=   66.12 min=   14.05 max=  310.22 p50=   76.30 p95=  121.00 p99=  193.51 rps= 121.80
  controller.AnalyticsController.maxViewersSummary n= 1218 err=   0 errRate=  0.00% avg=   66.56 min=   14.19 max=  310.37 p50=   77.36 p95=  121.27 p99=  193.89 rps= 121.80
  s2s.crud.fetchAllTickets                      n= 1218 err=   0 errRate=  0.00% avg=   66.04 min=   14.00 max=  310.18 p50=   76.22 p95=  120.89 p99=  193.46 rps= 121.80
window 30s
  calc.additional.maxViewersSummary             n= 3995 err=   0 errRate=  0.00% avg=   78.61 min=   13.56 max=  426.22 p50=   92.64 p95=  190.93 p99=  233.58 rps= 133.17
  controller.AnalyticsController.maxViewersSummary n= 3995 err=   0 errRate=  0.00% avg=   78.99 min=   13.68 max=  426.35 p50=   92.96 p95=  191.92 p99=  233.97 rps= 133.17
  s2s.crud.fetchAllTickets                      n= 3995 err=   0 errRate=  0.00% avg=   77.41 min=   13.52 max=  410.28 p50=   92.31 p95=  187.33 p99=  212.04 rps= 133.17
  s2s.crud.fetchFilms                           n=    1 err=   0 errRate=  0.00% avg=  222.27 min=  222.27 max=  222.27 p50=  222.27 p95=  222.27 p99=  222.27 rps=   0.03
window 1m
  calc.additional.maxViewersSummary             n= 8130 err=   0 errRate=  0.00% avg=   93.66 min=   13.56 max=  426.22 p50=   98.81 p95=  199.61 p99=  290.58 rps= 135.50
  controller.AnalyticsController.maxViewersSummary n= 8130 err=   0 errRate=  0.00% avg=   94.04 min=   13.68 max=  426.35 p50=   99.21 p95=  199.86 p99=  290.77 rps= 135.50
  s2s.crud.fetchAllTickets                      n= 8130 err=   0 errRate=  0.00% avg=   92.48 min=   13.52 max=  410.28 p50=   98.65 p95=  197.90 p99=  236.40 rps= 135.50
  s2s.crud.fetchFilms                           n=    2 err=   0 errRate=  0.00% avg=  226.14 min=  222.27 max=  230.02 p50=  226.14 p95=  229.63 p99=  229.94 rps=   0.03

2026-05-06T20:58:28.381Z  INFO 1 --- [lab8-additional-service] [   scheduling-1] r.h.l.a.o.ObservabilityService           : [lab8-additional-service] observability refresh
window 10s
  calc.additional.maxViewersSummary             n= 1216 err=   0 errRate=  0.00% avg=   67.89 min=   14.05 max=  310.22 p50=   81.03 p95=  122.44 p99=  193.52 rps= 121.60
  controller.AnalyticsController.maxViewersSummary n= 1216 err=   0 errRate=  0.00% avg=   68.34 min=   14.19 max=  310.37 p50=   82.03 p95=  122.66 p99=  193.89 rps= 121.60
  s2s.crud.fetchAllTickets                      n= 1216 err=   0 errRate=  0.00% avg=   67.81 min=   14.00 max=  310.18 p50=   80.92 p95=  122.39 p99=  193.47 rps= 121.60
window 30s
  calc.additional.maxViewersSummary             n= 3964 err=   0 errRate=  0.00% avg=   77.58 min=   13.56 max=  426.22 p50=   91.70 p95=  189.25 p99=  229.91 rps= 132.13
  controller.AnalyticsController.maxViewersSummary n= 3964 err=   0 errRate=  0.00% avg=   77.96 min=   13.68 max=  426.35 p50=   92.18 p95=  189.73 p99=  230.14 rps= 132.13
  s2s.crud.fetchAllTickets                      n= 3964 err=   0 errRate=  0.00% avg=   76.37 min=   13.52 max=  410.28 p50=   91.28 p95=  185.53 p99=  211.18 rps= 132.13
  s2s.crud.fetchFilms                           n=    1 err=   0 errRate=  0.00% avg=  222.27 min=  222.27 max=  222.27 p50=  222.27 p95=  222.27 p99=  222.27 rps=   0.03
window 1m
  calc.additional.maxViewersSummary             n= 8132 err=   0 errRate=  0.00% avg=   92.75 min=   13.56 max=  426.22 p50=   98.48 p95=  199.06 p99=  290.57 rps= 135.53
  controller.AnalyticsController.maxViewersSummary n= 8132 err=   0 errRate=  0.00% avg=   93.13 min=   13.68 max=  426.35 p50=   98.83 p95=  199.59 p99=  290.77 rps= 135.53
  s2s.crud.fetchAllTickets                      n= 8132 err=   0 errRate=  0.00% avg=   91.57 min=   13.52 max=  410.28 p50=   98.27 p95=  197.05 p99=  235.54 rps= 135.53
  s2s.crud.fetchFilms                           n=    2 err=   0 errRate=  0.00% avg=  226.14 min=  222.27 max=  230.02 p50=  226.14 p95=  229.63 p99=  229.94 rps=   0.03

2026-05-06T20:58:29.064Z  INFO 1 --- [lab8-additional-service] [   scheduling-1] r.h.l.a.service.FilmCacheService         : film-cache stats: size=310 ttlMs=30000 lastRefreshAtMs=1778101091514 hits=12039 misses=4 refreshes=4
2026-05-06T20:58:29.386Z  INFO 1 --- [lab8-additional-service] [   scheduling-1] r.h.l.a.o.ObservabilityService           : [lab8-additional-service] observability refresh
window 10s
  calc.additional.maxViewersSummary             n= 1229 err=   0 errRate=  0.00% avg=   69.27 min=   14.05 max=  395.11 p50=   79.17 p95=  128.68 p99=  199.04 rps= 122.90
  controller.AnalyticsController.maxViewersSummary n= 1229 err=   0 errRate=  0.00% avg=   69.58 min=   14.19 max=  395.28 p50=   80.01 p95=  128.92 p99=  199.35 rps= 122.90
  s2s.crud.fetchAllTickets                      n= 1229 err=   0 errRate=  0.00% avg=   69.20 min=   14.00 max=  395.06 p50=   79.12 p95=  128.63 p99=  199.00 rps= 122.90
window 30s
  calc.additional.maxViewersSummary             n= 3952 err=   0 errRate=  0.00% avg=   77.17 min=   13.56 max=  426.22 p50=   91.37 p95=  187.56 p99=  221.41 rps= 131.73
  controller.AnalyticsController.maxViewersSummary n= 3952 err=   0 errRate=  0.00% avg=   77.55 min=   13.68 max=  426.35 p50=   91.92 p95=  188.76 p99=  221.61 rps= 131.73
  s2s.crud.fetchAllTickets                      n= 3952 err=   0 errRate=  0.00% avg=   75.95 min=   13.52 max=  410.28 p50=   91.11 p95=  182.13 p99=  207.55 rps= 131.73
  s2s.crud.fetchFilms                           n=    1 err=   0 errRate=  0.00% avg=  222.27 min=  222.27 max=  222.27 p50=  222.27 p95=  222.27 p99=  222.27 rps=   0.03
window 1m
  calc.additional.maxViewersSummary             n= 8117 err=   0 errRate=  0.00% avg=   92.17 min=   13.56 max=  426.22 p50=   98.32 p95=  198.33 p99=  290.30 rps= 135.28
  controller.AnalyticsController.maxViewersSummary n= 8117 err=   0 errRate=  0.00% avg=   92.55 min=   13.68 max=  426.35 p50=   98.71 p95=  198.64 p99=  290.63 rps= 135.28
  s2s.crud.fetchAllTickets                      n= 8117 err=   0 errRate=  0.00% avg=   90.99 min=   13.52 max=  410.28 p50=   98.13 p95=  196.32 p99=  234.57 rps= 135.28
  s2s.crud.fetchFilms                           n=    2 err=   0 errRate=  0.00% avg=  226.14 min=  222.27 max=  230.02 p50=  226.14 p95=  229.63 p99=  229.94 rps=   0.03

2026-05-06T20:58:30.392Z  INFO 1 --- [lab8-additional-service] [   scheduling-1] r.h.l.a.o.ObservabilityService           : [lab8-additional-service] observability refresh
window 10s
  calc.additional.maxViewersSummary             n= 1246 err=   0 errRate=  0.00% avg=   66.64 min=   13.80 max=  395.11 p50=   71.87 p95=  127.14 p99=  199.02 rps= 124.60
  controller.AnalyticsController.maxViewersSummary n= 1246 err=   0 errRate=  0.00% avg=   66.96 min=   13.98 max=  395.28 p50=   72.17 p95=  127.28 p99=  199.31 rps= 124.60
  s2s.crud.fetchAllTickets                      n= 1246 err=   0 errRate=  0.00% avg=   66.58 min=   13.75 max=  395.06 p50=   71.74 p95=  127.10 p99=  198.98 rps= 124.60
window 30s
  calc.additional.maxViewersSummary             n= 3958 err=   0 errRate=  0.00% avg=   74.15 min=   13.56 max=  426.22 p50=   88.96 p95=  166.63 p99=  210.59 rps= 131.93
  controller.AnalyticsController.maxViewersSummary n= 3958 err=   0 errRate=  0.00% avg=   74.53 min=   13.68 max=  426.35 p50=   89.61 p95=  168.89 p99=  210.72 rps= 131.93
  s2s.crud.fetchAllTickets                      n= 3958 err=   0 errRate=  0.00% avg=   72.94 min=   13.52 max=  395.06 p50=   88.67 p95=  160.63 p99=  202.57 rps= 131.93
  s2s.crud.fetchFilms                           n=    1 err=   0 errRate=  0.00% avg=  222.27 min=  222.27 max=  222.27 p50=  222.27 p95=  222.27 p99=  222.27 rps=   0.03
window 1m
  calc.additional.maxViewersSummary             n= 8123 err=   0 errRate=  0.00% avg=   91.21 min=   13.56 max=  426.22 p50=   97.83 p95=  198.21 p99=  290.29 rps= 135.38
  controller.AnalyticsController.maxViewersSummary n= 8123 err=   0 errRate=  0.00% avg=   91.59 min=   13.68 max=  426.35 p50=   98.17 p95=  198.47 p99=  290.61 rps= 135.38
  s2s.crud.fetchAllTickets                      n= 8123 err=   0 errRate=  0.00% avg=   90.04 min=   13.52 max=  410.28 p50=   97.64 p95=  196.28 p99=  234.51 rps= 135.38
  s2s.crud.fetchFilms                           n=    2 err=   0 errRate=  0.00% avg=  226.14 min=  222.27 max=  230.02 p50=  226.14 p95=  229.63 p99=  229.94 rps=   0.03

2026-05-06T20:58:31.400Z  INFO 1 --- [lab8-additional-service] [   scheduling-1] r.h.l.a.o.ObservabilityService           : [lab8-additional-service] observability refresh
window 10s
  calc.additional.maxViewersSummary             n= 1256 err=   0 errRate=  0.00% avg=   64.45 min=   13.80 max=  395.11 p50=   49.65 p95=  122.35 p99=  198.66 rps= 125.60
  controller.AnalyticsController.maxViewersSummary n= 1256 err=   0 errRate=  0.00% avg=   64.76 min=   13.98 max=  395.28 p50=   50.11 p95=  122.52 p99=  198.85 rps= 125.60
  s2s.crud.fetchAllTickets                      n= 1256 err=   0 errRate=  0.00% avg=   64.38 min=   13.75 max=  395.06 p50=   49.60 p95=  122.31 p99=  198.60 rps= 125.60
window 30s
  calc.additional.maxViewersSummary             n= 3937 err=   0 errRate=  0.00% avg=   72.34 min=   13.56 max=  426.22 p50=   86.12 p95=  158.32 p99=  210.03 rps= 131.23
  controller.AnalyticsController.maxViewersSummary n= 3937 err=   0 errRate=  0.00% avg=   72.72 min=   13.68 max=  426.35 p50=   86.58 p95=  159.05 p99=  210.19 rps= 131.23
  s2s.crud.fetchAllTickets                      n= 3937 err=   0 errRate=  0.00% avg=   71.13 min=   13.52 max=  395.06 p50=   85.55 p95=  135.78 p99=  201.99 rps= 131.23
  s2s.crud.fetchFilms                           n=    1 err=   0 errRate=  0.00% avg=  222.27 min=  222.27 max=  222.27 p50=  222.27 p95=  222.27 p99=  222.27 rps=   0.03
window 1m
  calc.additional.maxViewersSummary             n= 8111 err=   0 errRate=  0.00% avg=   90.26 min=   13.56 max=  426.22 p50=   97.40 p95=  197.92 p99=  290.30 rps= 135.18
  controller.AnalyticsController.maxViewersSummary n= 8111 err=   0 errRate=  0.00% avg=   90.64 min=   13.68 max=  426.35 p50=   97.84 p95=  198.30 p99=  290.64 rps= 135.18
  s2s.crud.fetchAllTickets                      n= 8111 err=   0 errRate=  0.00% avg=   89.08 min=   13.52 max=  410.28 p50=   97.21 p95=  195.99 p99=  234.63 rps= 135.18
  s2s.crud.fetchFilms                           n=    2 err=   0 errRate=  0.00% avg=  226.14 min=  222.27 max=  230.02 p50=  226.14 p95=  229.63 p99=  229.94 rps=   0.03

2026-05-06T20:58:32.406Z  INFO 1 --- [lab8-additional-service] [   scheduling-1] r.h.l.a.o.ObservabilityService           : [lab8-additional-service] observability refresh
window 10s
  calc.additional.maxViewersSummary             n= 1235 err=   0 errRate=  0.00% avg=   66.06 min=   13.80 max=  395.11 p50=   73.40 p95=  122.79 p99=  198.77 rps= 123.50
  controller.AnalyticsController.maxViewersSummary n= 1235 err=   0 errRate=  0.00% avg=   66.37 min=   13.98 max=  395.28 p50=   73.97 p95=  123.16 p99=  198.97 rps= 123.50
  s2s.crud.fetchAllTickets                      n= 1235 err=   0 errRate=  0.00% avg=   65.99 min=   13.75 max=  395.06 p50=   73.34 p95=  122.74 p99=  198.73 rps= 123.50
window 30s
  calc.additional.maxViewersSummary             n= 3897 err=   0 errRate=  0.00% avg=   71.71 min=   13.56 max=  426.22 p50=   84.05 p95=  150.59 p99=  209.26 rps= 129.90
  controller.AnalyticsController.maxViewersSummary n= 3897 err=   0 errRate=  0.00% avg=   72.09 min=   13.68 max=  426.35 p50=   84.79 p95=  150.96 p99=  209.44 rps= 129.90
  s2s.crud.fetchAllTickets                      n= 3897 err=   0 errRate=  0.00% avg=   70.48 min=   13.52 max=  395.06 p50=   83.60 p95=  135.33 p99=  201.66 rps= 129.90
  s2s.crud.fetchFilms                           n=    1 err=   0 errRate=  0.00% avg=  222.27 min=  222.27 max=  222.27 p50=  222.27 p95=  222.27 p99=  222.27 rps=   0.03
window 1m
  calc.additional.maxViewersSummary             n= 8098 err=   0 errRate=  0.00% avg=   89.53 min=   13.56 max=  426.22 p50=   97.11 p95=  197.21 p99=  290.32 rps= 134.97
  controller.AnalyticsController.maxViewersSummary n= 8098 err=   0 errRate=  0.00% avg=   89.91 min=   13.68 max=  426.35 p50=   97.48 p95=  197.61 p99=  290.67 rps= 134.97
  s2s.crud.fetchAllTickets                      n= 8098 err=   0 errRate=  0.00% avg=   88.35 min=   13.52 max=  410.28 p50=   96.93 p95=  195.34 p99=  233.74 rps= 134.97
  s2s.crud.fetchFilms                           n=    2 err=   0 errRate=  0.00% avg=  226.14 min=  222.27 max=  230.02 p50=  226.14 p95=  229.63 p99=  229.94 rps=   0.03

2026-05-06T20:58:33.417Z  INFO 1 --- [lab8-additional-service] [   scheduling-1] r.h.l.a.o.ObservabilityService           : [lab8-additional-service] observability refresh
window 10s
  calc.additional.maxViewersSummary             n= 1233 err=   0 errRate=  0.00% avg=   67.63 min=   13.80 max=  395.11 p50=   77.49 p95=  126.47 p99=  199.04 rps= 123.30
  controller.AnalyticsController.maxViewersSummary n= 1233 err=   0 errRate=  0.00% avg=   67.96 min=   13.98 max=  395.28 p50=   77.78 p95=  126.62 p99=  199.34 rps= 123.30
  s2s.crud.fetchAllTickets                      n= 1233 err=   0 errRate=  0.00% avg=   67.55 min=   13.75 max=  395.06 p50=   77.45 p95=  126.41 p99=  198.78 rps= 123.30
window 30s
  calc.additional.maxViewersSummary             n= 3877 err=   0 errRate=  0.00% avg=   71.02 min=   13.56 max=  426.22 p50=   82.14 p95=  143.36 p99=  206.88 rps= 129.23
  controller.AnalyticsController.maxViewersSummary n= 3877 err=   0 errRate=  0.00% avg=   71.40 min=   13.68 max=  426.35 p50=   82.52 p95=  144.56 p99=  207.51 rps= 129.23
  s2s.crud.fetchAllTickets                      n= 3877 err=   0 errRate=  0.00% avg=   69.78 min=   13.52 max=  395.06 p50=   81.81 p95=  134.35 p99=  200.06 rps= 129.23
  s2s.crud.fetchFilms                           n=    1 err=   0 errRate=  0.00% avg=  222.27 min=  222.27 max=  222.27 p50=  222.27 p95=  222.27 p99=  222.27 rps=   0.03
window 1m
  calc.additional.maxViewersSummary             n= 8084 err=   0 errRate=  0.00% avg=   89.05 min=   13.56 max=  426.22 p50=   96.92 p95=  197.22 p99=  290.37 rps= 134.73
  controller.AnalyticsController.maxViewersSummary n= 8084 err=   0 errRate=  0.00% avg=   89.43 min=   13.68 max=  426.35 p50=   97.26 p95=  197.63 p99=  290.69 rps= 134.73
  s2s.crud.fetchAllTickets                      n= 8084 err=   0 errRate=  0.00% avg=   87.87 min=   13.52 max=  410.28 p50=   96.71 p95=  195.42 p99=  233.88 rps= 134.73
  s2s.crud.fetchFilms                           n=    2 err=   0 errRate=  0.00% avg=  226.14 min=  222.27 max=  230.02 p50=  226.14 p95=  229.63 p99=  229.94 rps=   0.03

2026-05-06T20:58:34.426Z  INFO 1 --- [lab8-additional-service] [   scheduling-1] r.h.l.a.o.ObservabilityService           : [lab8-additional-service] observability refresh
window 10s
  calc.additional.maxViewersSummary             n= 1249 err=   0 errRate=  0.00% avg=   64.78 min=   13.80 max=  395.11 p50=   64.70 p95=  122.06 p99=  198.69 rps= 124.90
  controller.AnalyticsController.maxViewersSummary n= 1249 err=   0 errRate=  0.00% avg=   65.10 min=   13.98 max=  395.28 p50=   64.88 p95=  122.24 p99=  198.89 rps= 124.90
  s2s.crud.fetchAllTickets                      n= 1249 err=   0 errRate=  0.00% avg=   64.70 min=   13.75 max=  395.06 p50=   64.64 p95=  122.01 p99=  198.41 rps= 124.90
window 30s
  calc.additional.maxViewersSummary             n= 3914 err=   0 errRate=  0.00% avg=   68.89 min=   13.56 max=  426.22 p50=   77.67 p95=  126.20 p99=  206.20 rps= 130.47
  controller.AnalyticsController.maxViewersSummary n= 3914 err=   0 errRate=  0.00% avg=   69.23 min=   13.68 max=  426.35 p50=   78.13 p95=  126.52 p99=  206.38 rps= 130.47
  s2s.crud.fetchAllTickets                      n= 3914 err=   0 errRate=  0.00% avg=   67.66 min=   13.52 max=  395.06 p50=   77.43 p95=  123.65 p99=  197.72 rps= 130.47
  s2s.crud.fetchFilms                           n=    1 err=   0 errRate=  0.00% avg=  222.27 min=  222.27 max=  222.27 p50=  222.27 p95=  222.27 p99=  222.27 rps=   0.03
window 1m
  calc.additional.maxViewersSummary             n= 8078 err=   0 errRate=  0.00% avg=   88.11 min=   13.56 max=  426.22 p50=   96.44 p95=  196.99 p99=  290.25 rps= 134.63
  controller.AnalyticsController.maxViewersSummary n= 8078 err=   0 errRate=  0.00% avg=   88.48 min=   13.68 max=  426.35 p50=   96.79 p95=  197.45 p99=  290.46 rps= 134.63
  s2s.crud.fetchAllTickets                      n= 8078 err=   0 errRate=  0.00% avg=   86.92 min=   13.52 max=  410.28 p50=   96.27 p95=  195.17 p99=  232.98 rps= 134.63
  s2s.crud.fetchFilms                           n=    2 err=   0 errRate=  0.00% avg=  226.14 min=  222.27 max=  230.02 p50=  226.14 p95=  229.63 p99=  229.94 rps=   0.03

2026-05-06T20:58:35.452Z  INFO 1 --- [lab8-additional-service] [   scheduling-1] r.h.l.a.o.ObservabilityService           : [lab8-additional-service] observability refresh
window 10s
  calc.additional.maxViewersSummary             n= 1222 err=   0 errRate=  0.00% avg=   66.66 min=   13.80 max=  395.11 p50=   77.30 p95=  122.91 p99=  197.17 rps= 122.20
  controller.AnalyticsController.maxViewersSummary n= 1222 err=   0 errRate=  0.00% avg=   67.03 min=   13.98 max=  395.28 p50=   78.02 p95=  124.02 p99=  197.52 rps= 122.20
  s2s.crud.fetchAllTickets                      n= 1222 err=   0 errRate=  0.00% avg=   66.57 min=   13.75 max=  395.06 p50=   77.25 p95=  122.84 p99=  197.11 rps= 122.20
window 30s
  calc.additional.maxViewersSummary             n= 3864 err=   0 errRate=  0.00% avg=   68.31 min=   13.56 max=  426.22 p50=   77.14 p95=  124.08 p99=  205.40 rps= 128.80
  controller.AnalyticsController.maxViewersSummary n= 3864 err=   0 errRate=  0.00% avg=   68.66 min=   13.68 max=  426.35 p50=   77.74 p95=  124.57 p99=  205.60 rps= 128.80
  s2s.crud.fetchAllTickets                      n= 3864 err=   0 errRate=  0.00% avg=   67.06 min=   13.52 max=  395.06 p50=   77.02 p95=  122.40 p99=  195.88 rps= 128.80
  s2s.crud.fetchFilms                           n=    1 err=   0 errRate=  0.00% avg=  222.27 min=  222.27 max=  222.27 p50=  222.27 p95=  222.27 p99=  222.27 rps=   0.03
window 1m
  calc.additional.maxViewersSummary             n= 8032 err=   0 errRate=  0.00% avg=   87.74 min=   13.56 max=  426.22 p50=   96.30 p95=  196.97 p99=  290.28 rps= 133.87
  controller.AnalyticsController.maxViewersSummary n= 8032 err=   0 errRate=  0.00% avg=   88.12 min=   13.68 max=  426.35 p50=   96.65 p95=  197.41 p99=  290.58 rps= 133.87
  s2s.crud.fetchAllTickets                      n= 8032 err=   0 errRate=  0.00% avg=   86.55 min=   13.52 max=  410.28 p50=   96.09 p95=  195.10 p99=  233.41 rps= 133.87
  s2s.crud.fetchFilms                           n=    2 err=   0 errRate=  0.00% avg=  226.14 min=  222.27 max=  230.02 p50=  226.14 p95=  229.63 p99=  229.94 rps=   0.03

2026-05-06T20:58:36.461Z  INFO 1 --- [lab8-additional-service] [   scheduling-1] r.h.l.a.o.ObservabilityService           : [lab8-additional-service] observability refresh
window 10s
  calc.additional.maxViewersSummary             n= 1204 err=   0 errRate=  0.00% avg=   68.61 min=   13.80 max=  395.11 p50=   80.02 p95=  134.13 p99=  201.66 rps= 120.40
  controller.AnalyticsController.maxViewersSummary n= 1204 err=   0 errRate=  0.00% avg=   69.00 min=   13.98 max=  395.28 p50=   80.80 p95=  134.26 p99=  201.93 rps= 120.40
  s2s.crud.fetchAllTickets                      n= 1204 err=   0 errRate=  0.00% avg=   68.50 min=   13.75 max=  395.06 p50=   79.96 p95=  133.58 p99=  199.22 rps= 120.40
window 30s
  calc.additional.maxViewersSummary             n= 3808 err=   0 errRate=  0.00% avg=   67.98 min=   13.56 max=  426.22 p50=   75.28 p95=  126.05 p99=  208.05 rps= 126.93
  controller.AnalyticsController.maxViewersSummary n= 3808 err=   0 errRate=  0.00% avg=   68.34 min=   13.68 max=  426.35 p50=   76.05 p95=  126.40 p99=  208.26 rps= 126.93
  s2s.crud.fetchAllTickets                      n= 3808 err=   0 errRate=  0.00% avg=   66.71 min=   13.52 max=  395.06 p50=   75.11 p95=  123.13 p99=  197.33 rps= 126.93
  s2s.crud.fetchFilms                           n=    1 err=   0 errRate=  0.00% avg=  222.27 min=  222.27 max=  222.27 p50=  222.27 p95=  222.27 p99=  222.27 rps=   0.03
window 1m
  calc.additional.maxViewersSummary             n= 7977 err=   0 errRate=  0.00% avg=   87.66 min=   13.56 max=  426.22 p50=   96.12 p95=  197.31 p99=  290.79 rps= 132.95
  controller.AnalyticsController.maxViewersSummary n= 7977 err=   0 errRate=  0.00% avg=   88.04 min=   13.68 max=  426.35 p50=   96.49 p95=  197.76 p99=  290.93 rps= 132.95
  s2s.crud.fetchAllTickets                      n= 7977 err=   0 errRate=  0.00% avg=   86.45 min=   13.52 max=  410.28 p50=   95.98 p95=  195.49 p99=  234.87 rps= 132.95
  s2s.crud.fetchFilms                           n=    2 err=   0 errRate=  0.00% avg=  226.14 min=  222.27 max=  230.02 p50=  226.14 p95=  229.63 p99=  229.94 rps=   0.03

2026-05-06T20:58:37.466Z  INFO 1 --- [lab8-additional-service] [   scheduling-1] r.h.l.a.o.ObservabilityService           : [lab8-additional-service] observability refresh
window 10s
  calc.additional.maxViewersSummary             n= 1210 err=   0 errRate=  0.00% avg=   68.73 min=   13.80 max=  395.11 p50=   79.13 p95=  137.28 p99=  203.88 rps= 121.00
  controller.AnalyticsController.maxViewersSummary n= 1210 err=   0 errRate=  0.00% avg=   69.15 min=   13.98 max=  395.28 p50=   80.07 p95=  137.57 p99=  205.72 rps= 121.00
  s2s.crud.fetchAllTickets                      n= 1210 err=   0 errRate=  0.00% avg=   68.61 min=   13.75 max=  395.06 p50=   79.08 p95=  137.24 p99=  203.25 rps= 121.00
window 30s
  calc.additional.maxViewersSummary             n= 3760 err=   0 errRate=  0.00% avg=   67.96 min=   13.56 max=  426.22 p50=   74.88 p95=  127.45 p99=  207.05 rps= 125.33
  controller.AnalyticsController.maxViewersSummary n= 3760 err=   0 errRate=  0.00% avg=   68.34 min=   13.68 max=  426.35 p50=   75.55 p95=  127.77 p99=  207.95 rps= 125.33
  s2s.crud.fetchAllTickets                      n= 3760 err=   0 errRate=  0.00% avg=   66.67 min=   13.52 max=  395.06 p50=   74.71 p95=  124.70 p99=  198.25 rps= 125.33
  s2s.crud.fetchFilms                           n=    1 err=   0 errRate=  0.00% avg=  222.27 min=  222.27 max=  222.27 p50=  222.27 p95=  222.27 p99=  222.27 rps=   0.03
window 1m
  calc.additional.maxViewersSummary             n= 7931 err=   0 errRate=  0.00% avg=   87.57 min=   13.56 max=  426.22 p50=   96.06 p95=  197.50 p99=  290.98 rps= 132.18
  controller.AnalyticsController.maxViewersSummary n= 7931 err=   0 errRate=  0.00% avg=   87.96 min=   13.68 max=  426.35 p50=   96.44 p95=  198.14 p99=  291.14 rps= 132.18
  s2s.crud.fetchAllTickets                      n= 7931 err=   0 errRate=  0.00% avg=   86.36 min=   13.52 max=  410.28 p50=   95.93 p95=  195.70 p99=  235.12 rps= 132.18
  s2s.crud.fetchFilms                           n=    2 err=   0 errRate=  0.00% avg=  226.14 min=  222.27 max=  230.02 p50=  226.14 p95=  229.63 p99=  229.94 rps=   0.03

2026-05-06T20:58:38.473Z  INFO 1 --- [lab8-additional-service] [   scheduling-1] r.h.l.a.o.ObservabilityService           : [lab8-additional-service] observability refresh
window 10s
  calc.additional.maxViewersSummary             n= 1217 err=   0 errRate=  0.00% avg=   67.02 min=   13.80 max=  395.11 p50=   73.18 p95=  132.52 p99=  203.85 rps= 121.70
  controller.AnalyticsController.maxViewersSummary n= 1217 err=   0 errRate=  0.00% avg=   67.43 min=   13.98 max=  395.28 p50=   73.77 p95=  132.64 p99=  205.61 rps= 121.70
  s2s.crud.fetchAllTickets                      n= 1217 err=   0 errRate=  0.00% avg=   66.91 min=   13.75 max=  395.06 p50=   73.12 p95=  132.49 p99=  203.13 rps= 121.70
window 30s
  calc.additional.maxViewersSummary             n= 3726 err=   0 errRate=  0.00% avg=   66.95 min=   13.56 max=  426.22 p50=   68.68 p95=  126.42 p99=  206.18 rps= 124.20
  controller.AnalyticsController.maxViewersSummary n= 3726 err=   0 errRate=  0.00% avg=   67.33 min=   13.68 max=  426.35 p50=   69.20 p95=  126.66 p99=  207.51 rps= 124.20
  s2s.crud.fetchAllTickets                      n= 3726 err=   0 errRate=  0.00% avg=   65.65 min=   13.52 max=  395.06 p50=   68.46 p95=  123.83 p99=  198.16 rps= 124.20
  s2s.crud.fetchFilms                           n=    1 err=   0 errRate=  0.00% avg=  222.27 min=  222.27 max=  222.27 p50=  222.27 p95=  222.27 p99=  222.27 rps=   0.03
window 1m
  calc.additional.maxViewersSummary             n= 7915 err=   0 errRate=  0.00% avg=   86.86 min=   13.56 max=  426.22 p50=   95.70 p95=  197.37 p99=  291.05 rps= 131.92
  controller.AnalyticsController.maxViewersSummary n= 7915 err=   0 errRate=  0.00% avg=   87.25 min=   13.68 max=  426.35 p50=   96.15 p95=  198.03 p99=  291.21 rps= 131.92
  s2s.crud.fetchAllTickets                      n= 7915 err=   0 errRate=  0.00% avg=   85.65 min=   13.52 max=  410.28 p50=   95.54 p95=  195.59 p99=  235.21 rps= 131.92
  s2s.crud.fetchFilms                           n=    2 err=   0 errRate=  0.00% avg=  226.14 min=  222.27 max=  230.02 p50=  226.14 p95=  229.63 p99=  229.94 rps=   0.03

2026-05-06T20:58:39.064Z  INFO 1 --- [lab8-additional-service] [   scheduling-1] r.h.l.a.service.FilmCacheService         : film-cache stats: size=310 ttlMs=30000 lastRefreshAtMs=1778101091514 hits=13271 misses=4 refreshes=4
2026-05-06T20:58:39.481Z  INFO 1 --- [lab8-additional-service] [   scheduling-1] r.h.l.a.o.ObservabilityService           : [lab8-additional-service] observability refresh
window 10s
  calc.additional.maxViewersSummary             n= 1249 err=   0 errRate=  0.00% avg=   62.49 min=   13.80 max=  295.27 p50=   41.79 p95=  119.49 p99=  196.52 rps= 124.90
  controller.AnalyticsController.maxViewersSummary n= 1249 err=   0 errRate=  0.00% avg=   62.89 min=   13.98 max=  295.39 p50=   42.19 p95=  119.83 p99=  197.66 rps= 124.90
  s2s.crud.fetchAllTickets                      n= 1249 err=   0 errRate=  0.00% avg=   62.38 min=   13.75 max=  295.24 p50=   41.74 p95=  119.23 p99=  195.90 rps= 124.90
window 30s
  calc.additional.maxViewersSummary             n= 3704 err=   0 errRate=  0.00% avg=   65.44 min=   13.56 max=  426.22 p50=   51.07 p95=  124.41 p99=  206.26 rps= 123.47
  controller.AnalyticsController.maxViewersSummary n= 3704 err=   0 errRate=  0.00% avg=   65.83 min=   13.68 max=  426.35 p50=   51.25 p95=  124.87 p99=  207.67 rps= 123.47
  s2s.crud.fetchAllTickets                      n= 3704 err=   0 errRate=  0.00% avg=   64.14 min=   13.52 max=  395.06 p50=   51.03 p95=  122.34 p99=  196.92 rps= 123.47
  s2s.crud.fetchFilms                           n=    1 err=   0 errRate=  0.00% avg=  222.27 min=  222.27 max=  222.27 p50=  222.27 p95=  222.27 p99=  222.27 rps=   0.03
window 1m
  calc.additional.maxViewersSummary             n= 7896 err=   0 errRate=  0.00% avg=   86.08 min=   13.56 max=  426.22 p50=   95.23 p95=  197.37 p99=  291.13 rps= 131.60
  controller.AnalyticsController.maxViewersSummary n= 7896 err=   0 errRate=  0.00% avg=   86.47 min=   13.68 max=  426.35 p50=   95.68 p95=  198.03 p99=  291.32 rps= 131.60
  s2s.crud.fetchAllTickets                      n= 7896 err=   0 errRate=  0.00% avg=   84.87 min=   13.52 max=  410.28 p50=   94.95 p95=  195.59 p99=  235.31 rps= 131.60
  s2s.crud.fetchFilms                           n=    2 err=   0 errRate=  0.00% avg=  226.14 min=  222.27 max=  230.02 p50=  226.14 p95=  229.63 p99=  229.94 rps=   0.03

2026-05-06T20:58:40.487Z  INFO 1 --- [lab8-additional-service] [   scheduling-1] r.h.l.a.o.ObservabilityService           : [lab8-additional-service] observability refresh
window 10s
  calc.additional.maxViewersSummary             n= 1229 err=   0 errRate=  0.00% avg=   66.70 min=   13.89 max=  295.27 p50=   74.82 p95=  127.85 p99=  203.79 rps= 122.90
  controller.AnalyticsController.maxViewersSummary n= 1229 err=   0 errRate=  0.00% avg=   67.11 min=   14.14 max=  295.39 p50=   75.57 p95=  127.97 p99=  204.19 rps= 122.90
  s2s.crud.fetchAllTickets                      n= 1229 err=   0 errRate=  0.00% avg=   66.59 min=   13.86 max=  295.24 p50=   74.78 p95=  127.81 p99=  203.15 rps= 122.90
window 30s
  calc.additional.maxViewersSummary             n= 3671 err=   0 errRate=  0.00% avg=   65.32 min=   13.56 max=  426.22 p50=   44.21 p95=  125.73 p99=  212.39 rps= 122.37
  controller.AnalyticsController.maxViewersSummary n= 3671 err=   0 errRate=  0.00% avg=   65.70 min=   13.68 max=  426.35 p50=   44.39 p95=  125.92 p99=  213.24 rps= 122.37
  s2s.crud.fetchAllTickets                      n= 3671 err=   0 errRate=  0.00% avg=   64.00 min=   13.52 max=  395.06 p50=   44.17 p95=  122.96 p99=  198.61 rps= 122.37
  s2s.crud.fetchFilms                           n=    1 err=   0 errRate=  0.00% avg=  222.27 min=  222.27 max=  222.27 p50=  222.27 p95=  222.27 p99=  222.27 rps=   0.03
window 1m
  calc.additional.maxViewersSummary             n= 7906 err=   0 errRate=  0.00% avg=   85.56 min=   13.56 max=  426.22 p50=   94.99 p95=  196.94 p99=  291.08 rps= 131.77
  controller.AnalyticsController.maxViewersSummary n= 7906 err=   0 errRate=  0.00% avg=   85.94 min=   13.68 max=  426.35 p50=   95.45 p95=  197.43 p99=  291.25 rps= 131.77
  s2s.crud.fetchAllTickets                      n= 7906 err=   0 errRate=  0.00% avg=   84.35 min=   13.52 max=  410.28 p50=   94.79 p95=  194.91 p99=  235.64 rps= 131.77
  s2s.crud.fetchFilms                           n=    2 err=   0 errRate=  0.00% avg=  226.14 min=  222.27 max=  230.02 p50=  226.14 p95=  229.63 p99=  229.94 rps=   0.03

2026-05-06T20:58:41.492Z  INFO 1 --- [lab8-additional-service] [   scheduling-1] r.h.l.a.o.ObservabilityService           : [lab8-additional-service] observability refresh
window 10s
  calc.additional.maxViewersSummary             n= 1212 err=   0 errRate=  0.00% avg=   69.03 min=   13.89 max=  295.27 p50=   80.08 p95=  136.99 p99=  203.87 rps= 121.20
  controller.AnalyticsController.maxViewersSummary n= 1212 err=   0 errRate=  0.00% avg=   69.44 min=   14.14 max=  295.39 p50=   80.72 p95=  137.27 p99=  204.22 rps= 121.20
  s2s.crud.fetchAllTickets                      n= 1212 err=   0 errRate=  0.00% avg=   68.92 min=   13.86 max=  295.24 p50=   80.03 p95=  136.96 p99=  203.31 rps= 121.20
window 30s
  calc.additional.maxViewersSummary             n= 3702 err=   0 errRate=  0.00% avg=   65.50 min=   13.56 max=  426.22 p50=   48.20 p95=  126.39 p99=  211.93 rps= 123.40
  controller.AnalyticsController.maxViewersSummary n= 3702 err=   0 errRate=  0.00% avg=   65.87 min=   13.68 max=  426.35 p50=   48.40 p95=  126.55 p99=  213.08 rps= 123.40
  s2s.crud.fetchAllTickets                      n= 3702 err=   0 errRate=  0.00% avg=   64.19 min=   13.52 max=  395.06 p50=   48.14 p95=  123.14 p99=  199.03 rps= 123.40
  s2s.crud.fetchFilms                           n=    1 err=   0 errRate=  0.00% avg=  222.27 min=  222.27 max=  222.27 p50=  222.27 p95=  222.27 p99=  222.27 rps=   0.03
window 1m
  calc.additional.maxViewersSummary             n= 7898 err=   0 errRate=  0.00% avg=   84.81 min=   13.56 max=  426.22 p50=   94.77 p95=  196.41 p99=  290.71 rps= 131.63
  controller.AnalyticsController.maxViewersSummary n= 7898 err=   0 errRate=  0.00% avg=   85.20 min=   13.68 max=  426.35 p50=   95.13 p95=  196.93 p99=  290.83 rps= 131.63
  s2s.crud.fetchAllTickets                      n= 7898 err=   0 errRate=  0.00% avg=   83.60 min=   13.52 max=  410.28 p50=   94.61 p95=  194.36 p99=  234.75 rps= 131.63
  s2s.crud.fetchFilms                           n=    2 err=   0 errRate=  0.00% avg=  226.14 min=  222.27 max=  230.02 p50=  226.14 p95=  229.63 p99=  229.94 rps=   0.03

2026-05-06T20:58:42.499Z  INFO 1 --- [lab8-additional-service] [   scheduling-1] r.h.l.a.o.ObservabilityService           : [lab8-additional-service] observability refresh
window 10s
  calc.additional.maxViewersSummary             n= 1203 err=   0 errRate=  0.00% avg=   71.11 min=   13.89 max=  295.27 p50=   81.36 p95=  165.58 p99=  205.31 rps= 120.30
  controller.AnalyticsController.maxViewersSummary n= 1203 err=   0 errRate=  0.00% avg=   71.52 min=   14.14 max=  295.39 p50=   81.74 p95=  166.98 p99=  206.12 rps= 120.30
  s2s.crud.fetchAllTickets                      n= 1203 err=   0 errRate=  0.00% avg=   69.86 min=   13.86 max=  295.24 p50=   80.97 p95=  138.74 p99=  204.75 rps= 120.30
  s2s.crud.fetchFilms                           n=    1 err=   0 errRate=  0.00% avg=  123.48 min=  123.48 max=  123.48 p50=  123.48 p95=  123.48 p99=  123.48 rps=   0.10
window 30s
  calc.additional.maxViewersSummary             n= 3717 err=   0 errRate=  0.00% avg=   65.08 min=   13.56 max=  395.11 p50=   58.20 p95=  124.80 p99=  201.07 rps= 123.90
  controller.AnalyticsController.maxViewersSummary n= 3717 err=   0 errRate=  0.00% avg=   65.46 min=   13.68 max=  395.28 p50=   60.20 p95=  125.21 p99=  201.38 rps= 123.90
  s2s.crud.fetchAllTickets                      n= 3717 err=   0 errRate=  0.00% avg=   64.63 min=   13.52 max=  395.06 p50=   58.13 p95=  122.46 p99=  199.21 rps= 123.90
  s2s.crud.fetchFilms                           n=    1 err=   0 errRate=  0.00% avg=  123.48 min=  123.48 max=  123.48 p50=  123.48 p95=  123.48 p99=  123.48 rps=   0.03
window 1m
  calc.additional.maxViewersSummary             n= 7902 err=   0 errRate=  0.00% avg=   83.90 min=   13.56 max=  426.22 p50=   94.71 p95=  195.70 p99=  262.91 rps= 131.70
  controller.AnalyticsController.maxViewersSummary n= 7902 err=   0 errRate=  0.00% avg=   84.28 min=   13.68 max=  426.35 p50=   95.05 p95=  196.27 p99=  263.04 rps= 131.70
  s2s.crud.fetchAllTickets                      n= 7902 err=   0 errRate=  0.00% avg=   83.08 min=   13.52 max=  410.28 p50=   94.49 p95=  194.00 p99=  229.49 rps= 131.70
  s2s.crud.fetchFilms                           n=    2 err=   0 errRate=  0.00% avg=  172.88 min=  123.48 max=  222.27 p50=  172.88 p95=  217.33 p99=  221.28 rps=   0.03

2026-05-06T20:58:43.509Z  INFO 1 --- [lab8-additional-service] [   scheduling-1] r.h.l.a.o.ObservabilityService           : [lab8-additional-service] observability refresh
window 10s
  calc.additional.maxViewersSummary             n= 1224 err=   0 errRate=  0.00% avg=   69.41 min=   13.89 max=  295.27 p50=   76.16 p95=  164.45 p99=  205.59 rps= 122.40
  controller.AnalyticsController.maxViewersSummary n= 1224 err=   0 errRate=  0.00% avg=   69.81 min=   14.14 max=  295.39 p50=   77.13 p95=  165.92 p99=  206.25 rps= 122.40
  s2s.crud.fetchAllTickets                      n= 1224 err=   0 errRate=  0.00% avg=   68.19 min=   13.86 max=  295.24 p50=   74.94 p95=  138.09 p99=  205.23 rps= 122.40
  s2s.crud.fetchFilms                           n=    1 err=   0 errRate=  0.00% avg=  123.48 min=  123.48 max=  123.48 p50=  123.48 p95=  123.48 p99=  123.48 rps=   0.10
window 30s
  calc.additional.maxViewersSummary             n= 3716 err=   0 errRate=  0.00% avg=   65.50 min=   13.56 max=  395.11 p50=   62.51 p95=  125.55 p99=  201.56 rps= 123.87
  controller.AnalyticsController.maxViewersSummary n= 3716 err=   0 errRate=  0.00% avg=   65.88 min=   13.68 max=  395.28 p50=   62.90 p95=  125.85 p99=  201.93 rps= 123.87
  s2s.crud.fetchAllTickets                      n= 3716 err=   0 errRate=  0.00% avg=   65.05 min=   13.52 max=  395.06 p50=   62.45 p95=  123.19 p99=  200.85 rps= 123.87
  s2s.crud.fetchFilms                           n=    1 err=   0 errRate=  0.00% avg=  123.48 min=  123.48 max=  123.48 p50=  123.48 p95=  123.48 p99=  123.48 rps=   0.03
window 1m
  calc.additional.maxViewersSummary             n= 7884 err=   0 errRate=  0.00% avg=   83.34 min=   13.56 max=  426.22 p50=   94.31 p95=  195.68 p99=  263.13 rps= 131.40
  controller.AnalyticsController.maxViewersSummary n= 7884 err=   0 errRate=  0.00% avg=   83.72 min=   13.68 max=  426.35 p50=   94.79 p95=  196.26 p99=  263.25 rps= 131.40
  s2s.crud.fetchAllTickets                      n= 7884 err=   0 errRate=  0.00% avg=   82.52 min=   13.52 max=  410.28 p50=   94.10 p95=  193.95 p99=  229.49 rps= 131.40
  s2s.crud.fetchFilms                           n=    2 err=   0 errRate=  0.00% avg=  172.88 min=  123.48 max=  222.27 p50=  172.88 p95=  217.33 p99=  221.28 rps=   0.03

2026-05-06T20:58:44.515Z  INFO 1 --- [lab8-additional-service] [   scheduling-1] r.h.l.a.o.ObservabilityService           : [lab8-additional-service] observability refresh
window 10s
  calc.additional.maxViewersSummary             n= 1175 err=   0 errRate=  0.00% avg=   73.67 min=   14.20 max=  295.27 p50=   85.67 p95=  189.04 p99=  206.45 rps= 117.50
  controller.AnalyticsController.maxViewersSummary n= 1175 err=   0 errRate=  0.00% avg=   74.11 min=   14.55 max=  295.39 p50=   86.51 p95=  190.07 p99=  207.27 rps= 117.50
  s2s.crud.fetchAllTickets                      n= 1175 err=   0 errRate=  0.00% avg=   72.39 min=   14.16 max=  295.24 p50=   84.13 p95=  165.35 p99=  205.95 rps= 117.50
  s2s.crud.fetchFilms                           n=    1 err=   0 errRate=  0.00% avg=  123.48 min=  123.48 max=  123.48 p50=  123.48 p95=  123.48 p99=  123.48 rps=   0.10
window 30s
  calc.additional.maxViewersSummary             n= 3694 err=   0 errRate=  0.00% avg=   66.10 min=   13.56 max=  395.11 p50=   70.84 p95=  126.55 p99=  201.98 rps= 123.13
  controller.AnalyticsController.maxViewersSummary n= 3694 err=   0 errRate=  0.00% avg=   66.50 min=   13.68 max=  395.28 p50=   71.74 p95=  126.70 p99=  202.65 rps= 123.13
  s2s.crud.fetchAllTickets                      n= 3694 err=   0 errRate=  0.00% avg=   65.65 min=   13.52 max=  395.06 p50=   70.68 p95=  123.86 p99=  201.60 rps= 123.13
  s2s.crud.fetchFilms                           n=    1 err=   0 errRate=  0.00% avg=  123.48 min=  123.48 max=  123.48 p50=  123.48 p95=  123.48 p99=  123.48 rps=   0.03
window 1m
  calc.additional.maxViewersSummary             n= 7846 err=   0 errRate=  0.00% avg=   82.73 min=   13.56 max=  426.22 p50=   94.12 p95=  194.60 p99=  247.60 rps= 130.77
  controller.AnalyticsController.maxViewersSummary n= 7846 err=   0 errRate=  0.00% avg=   83.11 min=   13.68 max=  426.35 p50=   94.51 p95=  195.33 p99=  247.75 rps= 130.77
  s2s.crud.fetchAllTickets                      n= 7846 err=   0 errRate=  0.00% avg=   81.90 min=   13.52 max=  410.28 p50=   93.84 p95=  193.13 p99=  225.38 rps= 130.77
  s2s.crud.fetchFilms                           n=    2 err=   0 errRate=  0.00% avg=  172.88 min=  123.48 max=  222.27 p50=  172.88 p95=  217.33 p99=  221.28 rps=   0.03

2026-05-06T20:58:45.529Z  INFO 1 --- [lab8-additional-service] [   scheduling-1] r.h.l.a.o.ObservabilityService           : [lab8-additional-service] observability refresh
window 10s
  calc.additional.maxViewersSummary             n= 1221 err=   0 errRate=  0.00% avg=   69.94 min=   14.20 max=  295.27 p50=   77.10 p95=  184.82 p99=  206.21 rps= 122.10
  controller.AnalyticsController.maxViewersSummary n= 1221 err=   0 errRate=  0.00% avg=   70.35 min=   14.55 max=  295.39 p50=   77.28 p95=  185.15 p99=  207.15 rps= 122.10
  s2s.crud.fetchAllTickets                      n= 1221 err=   0 errRate=  0.00% avg=   68.73 min=   14.16 max=  295.24 p50=   75.94 p95=  164.39 p99=  205.84 rps= 122.10
  s2s.crud.fetchFilms                           n=    1 err=   0 errRate=  0.00% avg=  123.48 min=  123.48 max=  123.48 p50=  123.48 p95=  123.48 p99=  123.48 rps=   0.10
window 30s
  calc.additional.maxViewersSummary             n= 3710 err=   0 errRate=  0.00% avg=   65.91 min=   13.56 max=  395.11 p50=   69.64 p95=  126.49 p99=  201.95 rps= 123.67
  controller.AnalyticsController.maxViewersSummary n= 3710 err=   0 errRate=  0.00% avg=   66.30 min=   13.68 max=  395.28 p50=   69.96 p95=  126.64 p99=  202.60 rps= 123.67
  s2s.crud.fetchAllTickets                      n= 3710 err=   0 errRate=  0.00% avg=   65.45 min=   13.52 max=  395.06 p50=   69.44 p95=  123.78 p99=  201.55 rps= 123.67
  s2s.crud.fetchFilms                           n=    1 err=   0 errRate=  0.00% avg=  123.48 min=  123.48 max=  123.48 p50=  123.48 p95=  123.48 p99=  123.48 rps=   0.03
window 1m
  calc.additional.maxViewersSummary             n= 7867 err=   0 errRate=  0.00% avg=   81.57 min=   13.56 max=  426.22 p50=   93.48 p95=  193.93 p99=  242.06 rps= 131.12
  controller.AnalyticsController.maxViewersSummary n= 7867 err=   0 errRate=  0.00% avg=   81.96 min=   13.68 max=  426.35 p50=   93.91 p95=  194.66 p99=  242.47 rps= 131.12
  s2s.crud.fetchAllTickets                      n= 7867 err=   0 errRate=  0.00% avg=   80.75 min=   13.52 max=  410.28 p50=   93.21 p95=  192.44 p99=  224.92 rps= 131.12
  s2s.crud.fetchFilms                           n=    2 err=   0 errRate=  0.00% avg=  172.88 min=  123.48 max=  222.27 p50=  172.88 p95=  217.33 p99=  221.28 rps=   0.03

2026-05-06T20:58:46.537Z  INFO 1 --- [lab8-additional-service] [   scheduling-1] r.h.l.a.o.ObservabilityService           : [lab8-additional-service] observability refresh
window 10s
  calc.additional.maxViewersSummary             n= 1258 err=   0 errRate=  0.00% avg=   66.36 min=   14.33 max=  280.39 p50=   66.11 p95=  132.72 p99=  205.89 rps= 125.80
  controller.AnalyticsController.maxViewersSummary n= 1259 err=   0 errRate=  0.00% avg=   66.81 min=   14.55 max=  281.19 p50=   66.93 p95=  133.13 p99=  206.30 rps= 125.90
  s2s.crud.fetchAllTickets                      n= 1258 err=   0 errRate=  0.00% avg=   65.20 min=   14.28 max=  280.33 p50=   66.06 p95=  124.53 p99=  205.25 rps= 125.80
  s2s.crud.fetchFilms                           n=    1 err=   0 errRate=  0.00% avg=  123.48 min=  123.48 max=  123.48 p50=  123.48 p95=  123.48 p99=  123.48 rps=   0.10
window 30s
  calc.additional.maxViewersSummary             n= 3711 err=   0 errRate=  0.00% avg=   65.80 min=   13.56 max=  395.11 p50=   68.84 p95=  126.48 p99=  201.95 rps= 123.70
  controller.AnalyticsController.maxViewersSummary n= 3711 err=   0 errRate=  0.00% avg=   66.19 min=   13.68 max=  395.28 p50=   69.74 p95=  126.63 p99=  202.59 rps= 123.70
  s2s.crud.fetchAllTickets                      n= 3711 err=   0 errRate=  0.00% avg=   65.34 min=   13.52 max=  395.06 p50=   68.71 p95=  123.77 p99=  201.54 rps= 123.70
  s2s.crud.fetchFilms                           n=    1 err=   0 errRate=  0.00% avg=  123.48 min=  123.48 max=  123.48 p50=  123.48 p95=  123.48 p99=  123.48 rps=   0.03
window 1m
  calc.additional.maxViewersSummary             n= 7883 err=   0 errRate=  0.00% avg=   79.91 min=   13.56 max=  426.22 p50=   92.87 p95=  192.23 p99=  229.04 rps= 131.38
  controller.AnalyticsController.maxViewersSummary n= 7883 err=   0 errRate=  0.00% avg=   80.29 min=   13.68 max=  426.35 p50=   93.28 p95=  193.06 p99=  229.18 rps= 131.38
  s2s.crud.fetchAllTickets                      n= 7883 err=   0 errRate=  0.00% avg=   79.09 min=   13.52 max=  410.28 p50=   92.63 p95=  189.98 p99=  216.90 rps= 131.38
  s2s.crud.fetchFilms                           n=    2 err=   0 errRate=  0.00% avg=  172.88 min=  123.48 max=  222.27 p50=  172.88 p95=  217.33 p99=  221.28 rps=   0.03

2026-05-06T20:58:47.546Z  INFO 1 --- [lab8-additional-service] [   scheduling-1] r.h.l.a.o.ObservabilityService           : [lab8-additional-service] observability refresh
window 10s
  calc.additional.maxViewersSummary             n= 1288 err=   0 errRate=  0.00% avg=   62.44 min=   14.33 max=  309.17 p50=   35.28 p95=  125.45 p99=  206.18 rps= 128.80
  controller.AnalyticsController.maxViewersSummary n= 1288 err=   0 errRate=  0.00% avg=   62.76 min=   14.55 max=  309.27 p50=   35.69 p95=  125.72 p99=  206.30 rps= 128.80
  s2s.crud.fetchAllTickets                      n= 1288 err=   0 errRate=  0.00% avg=   61.31 min=   14.28 max=  309.13 p50=   35.24 p95=  121.05 p99=  205.22 rps= 128.80
  s2s.crud.fetchFilms                           n=    1 err=   0 errRate=  0.00% avg=  123.48 min=  123.48 max=  123.48 p50=  123.48 p95=  123.48 p99=  123.48 rps=   0.10
window 30s
  calc.additional.maxViewersSummary             n= 3715 err=   0 errRate=  0.00% avg=   65.92 min=   13.80 max=  395.11 p50=   69.87 p95=  126.45 p99=  202.02 rps= 123.83
  controller.AnalyticsController.maxViewersSummary n= 3715 err=   0 errRate=  0.00% avg=   66.31 min=   13.98 max=  395.28 p50=   70.24 p95=  126.61 p99=  202.93 rps= 123.83
  s2s.crud.fetchAllTickets                      n= 3715 err=   0 errRate=  0.00% avg=   65.46 min=   13.75 max=  395.06 p50=   69.69 p95=  123.81 p99=  201.64 rps= 123.83
  s2s.crud.fetchFilms                           n=    1 err=   0 errRate=  0.00% avg=  123.48 min=  123.48 max=  123.48 p50=  123.48 p95=  123.48 p99=  123.48 rps=   0.03
window 1m
  calc.additional.maxViewersSummary             n= 7870 err=   0 errRate=  0.00% avg=   78.99 min=   13.56 max=  426.22 p50=   92.24 p95=  191.65 p99=  228.56 rps= 131.17
  controller.AnalyticsController.maxViewersSummary n= 7870 err=   0 errRate=  0.00% avg=   79.37 min=   13.68 max=  426.35 p50=   92.67 p95=  192.43 p99=  228.77 rps= 131.17
  s2s.crud.fetchAllTickets                      n= 7870 err=   0 errRate=  0.00% avg=   78.17 min=   13.52 max=  410.28 p50=   91.88 p95=  188.99 p99=  216.87 rps= 131.17
  s2s.crud.fetchFilms                           n=    2 err=   0 errRate=  0.00% avg=  172.88 min=  123.48 max=  222.27 p50=  172.88 p95=  217.33 p99=  221.28 rps=   0.03

2026-05-06T20:58:48.556Z  INFO 1 --- [lab8-additional-service] [   scheduling-1] r.h.l.a.o.ObservabilityService           : [lab8-additional-service] observability refresh
window 10s
  calc.additional.maxViewersSummary             n= 1257 err=   0 errRate=  0.00% avg=   64.48 min=   14.42 max=  309.17 p50=   37.11 p95=  130.83 p99=  206.87 rps= 125.70
  controller.AnalyticsController.maxViewersSummary n= 1257 err=   0 errRate=  0.00% avg=   64.80 min=   14.56 max=  309.27 p50=   37.47 p95=  130.98 p99=  206.97 rps= 125.70
  s2s.crud.fetchAllTickets                      n= 1257 err=   0 errRate=  0.00% avg=   63.32 min=   14.37 max=  309.13 p50=   37.07 p95=  124.79 p99=  206.15 rps= 125.70
  s2s.crud.fetchFilms                           n=    1 err=   0 errRate=  0.00% avg=  123.48 min=  123.48 max=  123.48 p50=  123.48 p95=  123.48 p99=  123.48 rps=   0.10
window 30s
  calc.additional.maxViewersSummary             n= 3701 err=   0 errRate=  0.00% avg=   66.58 min=   13.80 max=  395.11 p50=   72.33 p95=  127.98 p99=  202.52 rps= 123.37
  controller.AnalyticsController.maxViewersSummary n= 3703 err=   0 errRate=  0.00% avg=   66.99 min=   13.98 max=  395.28 p50=   73.29 p95=  128.25 p99=  203.60 rps= 123.43
  s2s.crud.fetchAllTickets                      n= 3701 err=   0 errRate=  0.00% avg=   66.12 min=   13.75 max=  395.06 p50=   72.02 p95=  125.89 p99=  201.99 rps= 123.37
  s2s.crud.fetchFilms                           n=    1 err=   0 errRate=  0.00% avg=  123.48 min=  123.48 max=  123.48 p50=  123.48 p95=  123.48 p99=  123.48 rps=   0.03
window 1m
  calc.additional.maxViewersSummary             n= 7857 err=   0 errRate=  0.00% avg=   78.27 min=   13.56 max=  426.22 p50=   91.87 p95=  191.06 p99=  221.22 rps= 130.95
  controller.AnalyticsController.maxViewersSummary n= 7857 err=   0 errRate=  0.00% avg=   78.65 min=   13.68 max=  426.35 p50=   92.37 p95=  191.71 p99=  221.37 rps= 130.95
  s2s.crud.fetchAllTickets                      n= 7857 err=   0 errRate=  0.00% avg=   77.44 min=   13.52 max=  410.28 p50=   91.55 p95=  188.25 p99=  214.52 rps= 130.95
  s2s.crud.fetchFilms                           n=    2 err=   0 errRate=  0.00% avg=  172.88 min=  123.48 max=  222.27 p50=  172.88 p95=  217.33 p99=  221.28 rps=   0.03

2026-05-06T20:58:49.065Z  INFO 1 --- [lab8-additional-service] [   scheduling-1] r.h.l.a.service.FilmCacheService         : film-cache stats: size=310 ttlMs=30000 lastRefreshAtMs=1778101121514 hits=14526 misses=5 refreshes=5
2026-05-06T20:58:49.561Z  INFO 1 --- [lab8-additional-service] [   scheduling-1] r.h.l.a.o.ObservabilityService           : [lab8-additional-service] observability refresh
window 10s
  calc.additional.maxViewersSummary             n= 1262 err=   0 errRate=  0.00% avg=   64.78 min=   14.42 max=  309.17 p50=   36.88 p95=  133.11 p99=  206.84 rps= 126.20
  controller.AnalyticsController.maxViewersSummary n= 1262 err=   0 errRate=  0.00% avg=   65.11 min=   14.56 max=  309.27 p50=   37.45 p95=  133.30 p99=  206.95 rps= 126.20
  s2s.crud.fetchAllTickets                      n= 1262 err=   0 errRate=  0.00% avg=   63.63 min=   14.37 max=  309.13 p50=   36.84 p95=  125.39 p99=  206.15 rps= 126.20
  s2s.crud.fetchFilms                           n=    1 err=   0 errRate=  0.00% avg=  123.48 min=  123.48 max=  123.48 p50=  123.48 p95=  123.48 p99=  123.48 rps=   0.10
window 30s
  calc.additional.maxViewersSummary             n= 3725 err=   0 errRate=  0.00% avg=   65.53 min=   13.80 max=  395.11 p50=   62.04 p95=  127.53 p99=  202.46 rps= 124.17
  controller.AnalyticsController.maxViewersSummary n= 3725 err=   0 errRate=  0.00% avg=   65.88 min=   13.98 max=  395.28 p50=   62.64 p95=  127.68 p99=  203.53 rps= 124.17
  s2s.crud.fetchAllTickets                      n= 3725 err=   0 errRate=  0.00% avg=   65.08 min=   13.75 max=  395.06 p50=   61.99 p95=  125.35 p99=  201.98 rps= 124.17
  s2s.crud.fetchFilms                           n=    1 err=   0 errRate=  0.00% avg=  123.48 min=  123.48 max=  123.48 p50=  123.48 p95=  123.48 p99=  123.48 rps=   0.03
window 1m
  calc.additional.maxViewersSummary             n= 7847 err=   0 errRate=  0.00% avg=   77.63 min=   13.56 max=  426.22 p50=   91.33 p95=  191.08 p99=  221.29 rps= 130.78
  controller.AnalyticsController.maxViewersSummary n= 7847 err=   0 errRate=  0.00% avg=   78.00 min=   13.68 max=  426.35 p50=   91.75 p95=  191.76 p99=  221.43 rps= 130.78
  s2s.crud.fetchAllTickets                      n= 7847 err=   0 errRate=  0.00% avg=   76.81 min=   13.52 max=  410.28 p50=   90.97 p95=  188.28 p99=  214.54 rps= 130.78
  s2s.crud.fetchFilms                           n=    2 err=   0 errRate=  0.00% avg=  172.88 min=  123.48 max=  222.27 p50=  172.88 p95=  217.33 p99=  221.28 rps=   0.03

2026-05-06T20:58:50.568Z  INFO 1 --- [lab8-additional-service] [   scheduling-1] r.h.l.a.o.ObservabilityService           : [lab8-additional-service] observability refresh
window 10s
  calc.additional.maxViewersSummary             n= 1256 err=   0 errRate=  0.00% avg=   62.75 min=   14.42 max=  309.17 p50=   34.98 p95=  127.98 p99=  202.00 rps= 125.60
  controller.AnalyticsController.maxViewersSummary n= 1256 err=   0 errRate=  0.00% avg=   63.08 min=   14.56 max=  309.27 p50=   35.33 p95=  128.44 p99=  202.57 rps= 125.60
  s2s.crud.fetchAllTickets                      n= 1256 err=   0 errRate=  0.00% avg=   61.59 min=   14.37 max=  309.13 p50=   34.94 p95=  121.95 p99=  201.75 rps= 125.60
  s2s.crud.fetchFilms                           n=    1 err=   0 errRate=  0.00% avg=  123.48 min=  123.48 max=  123.48 p50=  123.48 p95=  123.48 p99=  123.48 rps=   0.10
window 30s
  calc.additional.maxViewersSummary             n= 3740 err=   0 errRate=  0.00% avg=   65.19 min=   13.80 max=  395.11 p50=   57.62 p95=  127.35 p99=  202.42 rps= 124.67
  controller.AnalyticsController.maxViewersSummary n= 3740 err=   0 errRate=  0.00% avg=   65.54 min=   13.98 max=  395.28 p50=   57.90 p95=  127.61 p99=  203.48 rps= 124.67
  s2s.crud.fetchAllTickets                      n= 3740 err=   0 errRate=  0.00% avg=   64.74 min=   13.75 max=  395.06 p50=   57.56 p95=  125.13 p99=  201.97 rps= 124.67
  s2s.crud.fetchFilms                           n=    1 err=   0 errRate=  0.00% avg=  123.48 min=  123.48 max=  123.48 p50=  123.48 p95=  123.48 p99=  123.48 rps=   0.03
window 1m
  calc.additional.maxViewersSummary             n= 7832 err=   0 errRate=  0.00% avg=   76.84 min=   13.56 max=  426.22 p50=   90.58 p95=  189.38 p99=  219.40 rps= 130.53
  controller.AnalyticsController.maxViewersSummary n= 7832 err=   0 errRate=  0.00% avg=   77.22 min=   13.68 max=  426.35 p50=   91.06 p95=  190.76 p99=  219.93 rps= 130.53
  s2s.crud.fetchAllTickets                      n= 7832 err=   0 errRate=  0.00% avg=   76.02 min=   13.52 max=  410.28 p50=   90.06 p95=  186.35 p99=  213.44 rps= 130.53
  s2s.crud.fetchFilms                           n=    2 err=   0 errRate=  0.00% avg=  172.88 min=  123.48 max=  222.27 p50=  172.88 p95=  217.33 p99=  221.28 rps=   0.03

2026-05-06T20:58:51.574Z  INFO 1 --- [lab8-additional-service] [   scheduling-1] r.h.l.a.o.ObservabilityService           : [lab8-additional-service] observability refresh
window 10s
  calc.additional.maxViewersSummary             n= 1267 err=   0 errRate=  0.00% avg=   60.39 min=   14.42 max=  309.17 p50=   33.30 p95=  124.27 p99=  199.15 rps= 126.70
  controller.AnalyticsController.maxViewersSummary n= 1267 err=   0 errRate=  0.00% avg=   60.71 min=   14.56 max=  309.27 p50=   33.42 p95=  124.78 p99=  199.87 rps= 126.70
  s2s.crud.fetchAllTickets                      n= 1267 err=   0 errRate=  0.00% avg=   59.25 min=   14.37 max=  309.13 p50=   33.25 p95=  117.14 p99=  193.22 rps= 126.70
  s2s.crud.fetchFilms                           n=    1 err=   0 errRate=  0.00% avg=  123.48 min=  123.48 max=  123.48 p50=  123.48 p95=  123.48 p99=  123.48 rps=   0.10
window 30s
  calc.additional.maxViewersSummary             n= 3736 err=   0 errRate=  0.00% avg=   64.84 min=   13.80 max=  395.11 p50=   49.35 p95=  126.00 p99=  202.19 rps= 124.53
  controller.AnalyticsController.maxViewersSummary n= 3736 err=   0 errRate=  0.00% avg=   65.18 min=   13.98 max=  395.28 p50=   49.82 p95=  126.32 p99=  203.18 rps= 124.53
  s2s.crud.fetchAllTickets                      n= 3736 err=   0 errRate=  0.00% avg=   64.39 min=   13.75 max=  395.06 p50=   49.29 p95=  124.02 p99=  201.84 rps= 124.53
  s2s.crud.fetchFilms                           n=    1 err=   0 errRate=  0.00% avg=  123.48 min=  123.48 max=  123.48 p50=  123.48 p95=  123.48 p99=  123.48 rps=   0.03
window 1m
  calc.additional.maxViewersSummary             n= 7821 err=   0 errRate=  0.00% avg=   76.03 min=   13.56 max=  426.22 p50=   89.20 p95=  188.27 p99=  218.41 rps= 130.35
  controller.AnalyticsController.maxViewersSummary n= 7821 err=   0 errRate=  0.00% avg=   76.40 min=   13.68 max=  426.35 p50=   89.78 p95=  189.11 p99=  218.84 rps= 130.35
  s2s.crud.fetchAllTickets                      n= 7821 err=   0 errRate=  0.00% avg=   75.20 min=   13.52 max=  410.28 p50=   88.73 p95=  184.77 p99=  212.61 rps= 130.35
  s2s.crud.fetchFilms                           n=    2 err=   0 errRate=  0.00% avg=  172.88 min=  123.48 max=  222.27 p50=  172.88 p95=  217.33 p99=  221.28 rps=   0.03

2026-05-06T20:58:52.582Z  INFO 1 --- [lab8-additional-service] [   scheduling-1] r.h.l.a.o.ObservabilityService           : [lab8-additional-service] observability refresh
window 10s
  calc.additional.maxViewersSummary             n= 1233 err=   0 errRate=  0.00% avg=   61.38 min=   14.42 max=  309.17 p50=   35.61 p95=  120.13 p99=  198.36 rps= 123.30
  controller.AnalyticsController.maxViewersSummary n= 1233 err=   0 errRate=  0.00% avg=   61.74 min=   14.56 max=  309.27 p50=   35.83 p95=  120.64 p99=  198.95 rps= 123.30
  s2s.crud.fetchAllTickets                      n= 1233 err=   0 errRate=  0.00% avg=   61.31 min=   14.37 max=  309.13 p50=   35.56 p95=  120.08 p99=  198.02 rps= 123.30
window 30s
  calc.additional.maxViewersSummary             n= 3678 err=   0 errRate=  0.00% avg=   66.41 min=   13.80 max=  395.11 p50=   71.76 p95=  127.98 p99=  203.12 rps= 122.60
  controller.AnalyticsController.maxViewersSummary n= 3678 err=   0 errRate=  0.00% avg=   66.78 min=   13.98 max=  395.28 p50=   72.12 p95=  128.43 p99=  203.71 rps= 122.60
  s2s.crud.fetchAllTickets                      n= 3678 err=   0 errRate=  0.00% avg=   65.96 min=   13.75 max=  395.06 p50=   71.70 p95=  125.75 p99=  202.30 rps= 122.60
  s2s.crud.fetchFilms                           n=    1 err=   0 errRate=  0.00% avg=  123.48 min=  123.48 max=  123.48 p50=  123.48 p95=  123.48 p99=  123.48 rps=   0.03
window 1m
  calc.additional.maxViewersSummary             n= 7753 err=   0 errRate=  0.00% avg=   76.00 min=   13.56 max=  426.22 p50=   89.20 p95=  188.26 p99=  218.59 rps= 129.22
  controller.AnalyticsController.maxViewersSummary n= 7753 err=   0 errRate=  0.00% avg=   76.38 min=   13.68 max=  426.35 p50=   89.81 p95=  189.07 p99=  219.10 rps= 129.22
  s2s.crud.fetchAllTickets                      n= 7753 err=   0 errRate=  0.00% avg=   75.16 min=   13.52 max=  410.28 p50=   88.73 p95=  184.65 p99=  212.85 rps= 129.22
  s2s.crud.fetchFilms                           n=    2 err=   0 errRate=  0.00% avg=  172.88 min=  123.48 max=  222.27 p50=  172.88 p95=  217.33 p99=  221.28 rps=   0.03

2026-05-06T20:58:53.588Z  INFO 1 --- [lab8-additional-service] [   scheduling-1] r.h.l.a.o.ObservabilityService           : [lab8-additional-service] observability refresh
window 10s
  calc.additional.maxViewersSummary             n= 1201 err=   0 errRate=  0.00% avg=   66.06 min=   14.42 max=  309.17 p50=   71.85 p95=  129.89 p99=  203.02 rps= 120.10
  controller.AnalyticsController.maxViewersSummary n= 1201 err=   0 errRate=  0.00% avg=   66.50 min=   14.56 max=  309.27 p50=   72.23 p95=  130.03 p99=  204.99 rps= 120.10
  s2s.crud.fetchAllTickets                      n= 1201 err=   0 errRate=  0.00% avg=   65.96 min=   14.37 max=  309.13 p50=   71.50 p95=  129.85 p99=  202.98 rps= 120.10
window 30s
  calc.additional.maxViewersSummary             n= 3645 err=   0 errRate=  0.00% avg=   67.86 min=   13.80 max=  395.11 p50=   75.96 p95=  134.38 p99=  204.18 rps= 121.50
  controller.AnalyticsController.maxViewersSummary n= 3645 err=   0 errRate=  0.00% avg=   68.26 min=   13.98 max=  395.28 p50=   76.57 p95=  134.50 p99=  205.20 rps= 121.50
  s2s.crud.fetchAllTickets                      n= 3645 err=   0 errRate=  0.00% avg=   67.39 min=   13.75 max=  395.06 p50=   75.66 p95=  130.42 p99=  203.76 rps= 121.50
  s2s.crud.fetchFilms                           n=    1 err=   0 errRate=  0.00% avg=  123.48 min=  123.48 max=  123.48 p50=  123.48 p95=  123.48 p99=  123.48 rps=   0.03
window 1m
  calc.additional.maxViewersSummary             n= 7717 err=   0 errRate=  0.00% avg=   76.07 min=   13.56 max=  426.22 p50=   89.15 p95=  189.34 p99=  219.09 rps= 128.62
  controller.AnalyticsController.maxViewersSummary n= 7717 err=   0 errRate=  0.00% avg=   76.46 min=   13.68 max=  426.35 p50=   89.79 p95=  190.50 p99=  219.60 rps= 128.62
  s2s.crud.fetchAllTickets                      n= 7717 err=   0 errRate=  0.00% avg=   75.22 min=   13.52 max=  410.28 p50=   88.72 p95=  186.21 p99=  213.40 rps= 128.62
  s2s.crud.fetchFilms                           n=    2 err=   0 errRate=  0.00% avg=  172.88 min=  123.48 max=  222.27 p50=  172.88 p95=  217.33 p99=  221.28 rps=   0.03

2026-05-06T20:58:54.595Z  INFO 1 --- [lab8-additional-service] [   scheduling-1] r.h.l.a.o.ObservabilityService           : [lab8-additional-service] observability refresh
window 10s
  calc.additional.maxViewersSummary             n= 1227 err=   0 errRate=  0.00% avg=   63.13 min=   13.46 max=  309.17 p50=   37.54 p95=  125.35 p99=  198.96 rps= 122.70
  controller.AnalyticsController.maxViewersSummary n= 1227 err=   0 errRate=  0.00% avg=   63.60 min=   13.55 max=  309.27 p50=   38.11 p95=  125.85 p99=  203.04 rps= 122.70
  s2s.crud.fetchAllTickets                      n= 1227 err=   0 errRate=  0.00% avg=   63.03 min=   13.43 max=  309.13 p50=   37.39 p95=  125.31 p99=  198.88 rps= 122.70
window 30s
  calc.additional.maxViewersSummary             n= 3648 err=   0 errRate=  0.00% avg=   66.85 min=   13.46 max=  395.11 p50=   73.44 p95=  131.99 p99=  203.78 rps= 121.60
  controller.AnalyticsController.maxViewersSummary n= 3648 err=   0 errRate=  0.00% avg=   67.26 min=   13.55 max=  395.28 p50=   74.15 p95=  132.45 p99=  205.01 rps= 121.60
  s2s.crud.fetchAllTickets                      n= 3648 err=   0 errRate=  0.00% avg=   66.38 min=   13.43 max=  395.06 p50=   73.10 p95=  128.44 p99=  203.21 rps= 121.60
  s2s.crud.fetchFilms                           n=    1 err=   0 errRate=  0.00% avg=  123.48 min=  123.48 max=  123.48 p50=  123.48 p95=  123.48 p99=  123.48 rps=   0.03
window 1m
  calc.additional.maxViewersSummary             n= 7702 err=   0 errRate=  0.00% avg=   75.19 min=   13.46 max=  426.22 p50=   88.09 p95=  187.67 p99=  218.58 rps= 128.37
  controller.AnalyticsController.maxViewersSummary n= 7702 err=   0 errRate=  0.00% avg=   75.59 min=   13.55 max=  426.35 p50=   88.74 p95=  188.83 p99=  218.87 rps= 128.37
  s2s.crud.fetchAllTickets                      n= 7702 err=   0 errRate=  0.00% avg=   74.34 min=   13.43 max=  410.28 p50=   87.59 p95=  183.27 p99=  212.35 rps= 128.37
  s2s.crud.fetchFilms                           n=    2 err=   0 errRate=  0.00% avg=  172.88 min=  123.48 max=  222.27 p50=  172.88 p95=  217.33 p99=  221.28 rps=   0.03

2026-05-06T20:58:55.600Z  INFO 1 --- [lab8-additional-service] [   scheduling-1] r.h.l.a.o.ObservabilityService           : [lab8-additional-service] observability refresh
window 10s
  calc.additional.maxViewersSummary             n= 1206 err=   0 errRate=  0.00% avg=   64.29 min=   13.46 max=  309.17 p50=   58.15 p95=  127.53 p99=  198.96 rps= 120.60
  controller.AnalyticsController.maxViewersSummary n= 1206 err=   0 errRate=  0.00% avg=   64.75 min=   13.55 max=  309.27 p50=   58.78 p95=  128.65 p99=  203.12 rps= 120.60
  s2s.crud.fetchAllTickets                      n= 1206 err=   0 errRate=  0.00% avg=   64.19 min=   13.43 max=  309.13 p50=   58.10 p95=  127.48 p99=  198.90 rps= 120.60
window 30s
  calc.additional.maxViewersSummary             n= 3654 err=   0 errRate=  0.00% avg=   66.83 min=   13.46 max=  395.11 p50=   72.97 p95=  132.23 p99=  203.76 rps= 121.80
  controller.AnalyticsController.maxViewersSummary n= 3654 err=   0 errRate=  0.00% avg=   67.24 min=   13.55 max=  395.28 p50=   73.60 p95=  132.56 p99=  205.01 rps= 121.80
  s2s.crud.fetchAllTickets                      n= 3654 err=   0 errRate=  0.00% avg=   66.36 min=   13.43 max=  395.06 p50=   72.69 p95=  128.95 p99=  203.18 rps= 121.80
  s2s.crud.fetchFilms                           n=    1 err=   0 errRate=  0.00% avg=  123.48 min=  123.48 max=  123.48 p50=  123.48 p95=  123.48 p99=  123.48 rps=   0.03
window 1m
  calc.additional.maxViewersSummary             n= 7691 err=   0 errRate=  0.00% avg=   74.17 min=   13.46 max=  426.22 p50=   86.41 p95=  185.35 p99=  218.59 rps= 128.18
  controller.AnalyticsController.maxViewersSummary n= 7691 err=   0 errRate=  0.00% avg=   74.57 min=   13.55 max=  426.35 p50=   87.08 p95=  186.51 p99=  218.72 rps= 128.18
  s2s.crud.fetchAllTickets                      n= 7691 err=   0 errRate=  0.00% avg=   73.33 min=   13.43 max=  410.28 p50=   85.87 p95=  178.10 p99=  211.91 rps= 128.18
  s2s.crud.fetchFilms                           n=    2 err=   0 errRate=  0.00% avg=  172.88 min=  123.48 max=  222.27 p50=  172.88 p95=  217.33 p99=  221.28 rps=   0.03

2026-05-06T20:58:56.654Z  INFO 1 --- [lab8-additional-service] [   scheduling-1] r.h.l.a.o.ObservabilityService           : [lab8-additional-service] observability refresh
window 10s
  calc.additional.maxViewersSummary             n= 1203 err=   0 errRate=  0.00% avg=   63.73 min=   13.46 max=  309.17 p50=   45.50 p95=  127.79 p99=  198.96 rps= 120.30
  controller.AnalyticsController.maxViewersSummary n= 1203 err=   0 errRate=  0.00% avg=   64.19 min=   13.55 max=  309.27 p50=   45.76 p95=  128.69 p99=  203.13 rps= 120.30
  s2s.crud.fetchAllTickets                      n= 1203 err=   0 errRate=  0.00% avg=   63.64 min=   13.43 max=  309.13 p50=   45.47 p95=  127.75 p99=  198.90 rps= 120.30
window 30s
  calc.additional.maxViewersSummary             n= 3667 err=   0 errRate=  0.00% avg=   66.31 min=   13.46 max=  395.11 p50=   71.52 p95=  131.21 p99=  203.72 rps= 122.23
  controller.AnalyticsController.maxViewersSummary n= 3667 err=   0 errRate=  0.00% avg=   66.72 min=   13.55 max=  395.28 p50=   71.85 p95=  132.04 p99=  205.00 rps= 122.23
  s2s.crud.fetchAllTickets                      n= 3667 err=   0 errRate=  0.00% avg=   65.85 min=   13.43 max=  395.06 p50=   71.40 p95=  128.38 p99=  203.13 rps= 122.23
  s2s.crud.fetchFilms                           n=    1 err=   0 errRate=  0.00% avg=  123.48 min=  123.48 max=  123.48 p50=  123.48 p95=  123.48 p99=  123.48 rps=   0.03
window 1m
  calc.additional.maxViewersSummary             n= 7700 err=   0 errRate=  0.00% avg=   73.06 min=   13.46 max=  426.22 p50=   84.79 p95=  178.78 p99=  213.70 rps= 128.33
  controller.AnalyticsController.maxViewersSummary n= 7700 err=   0 errRate=  0.00% avg=   73.45 min=   13.55 max=  426.35 p50=   85.40 p95=  180.70 p99=  213.93 rps= 128.33
  s2s.crud.fetchAllTickets                      n= 7700 err=   0 errRate=  0.00% avg=   72.22 min=   13.43 max=  410.28 p50=   84.15 p95=  169.41 p99=  207.31 rps= 128.33
  s2s.crud.fetchFilms                           n=    2 err=   0 errRate=  0.00% avg=  172.88 min=  123.48 max=  222.27 p50=  172.88 p95=  217.33 p99=  221.28 rps=   0.03

2026-05-06T20:58:57.665Z  INFO 1 --- [lab8-additional-service] [   scheduling-1] r.h.l.a.o.ObservabilityService           : [lab8-additional-service] observability refresh
window 10s
  calc.additional.maxViewersSummary             n= 1172 err=   0 errRate=  0.00% avg=   67.48 min=   13.46 max=  300.18 p50=   76.63 p95=  133.50 p99=  199.56 rps= 117.20
  controller.AnalyticsController.maxViewersSummary n= 1172 err=   0 errRate=  0.00% avg=   67.99 min=   13.55 max=  300.26 p50=   77.76 p95=  133.78 p99=  203.36 rps= 117.20
  s2s.crud.fetchAllTickets                      n= 1172 err=   0 errRate=  0.00% avg=   67.38 min=   13.43 max=  300.15 p50=   76.14 p95=  133.46 p99=  199.51 rps= 117.20
window 30s
  calc.additional.maxViewersSummary             n= 3675 err=   0 errRate=  0.00% avg=   66.28 min=   13.46 max=  395.11 p50=   70.89 p95=  131.57 p99=  203.93 rps= 122.50
  controller.AnalyticsController.maxViewersSummary n= 3675 err=   0 errRate=  0.00% avg=   66.70 min=   13.55 max=  395.28 p50=   71.43 p95=  132.21 p99=  205.05 rps= 122.50
  s2s.crud.fetchAllTickets                      n= 3675 err=   0 errRate=  0.00% avg=   65.82 min=   13.43 max=  395.06 p50=   70.61 p95=  128.30 p99=  203.45 rps= 122.50
  s2s.crud.fetchFilms                           n=    1 err=   0 errRate=  0.00% avg=  123.48 min=  123.48 max=  123.48 p50=  123.48 p95=  123.48 p99=  123.48 rps=   0.03
window 1m
  calc.additional.maxViewersSummary             n= 7656 err=   0 errRate=  0.00% avg=   72.58 min=   13.46 max=  426.22 p50=   84.07 p95=  169.76 p99=  212.55 rps= 127.60
  controller.AnalyticsController.maxViewersSummary n= 7656 err=   0 errRate=  0.00% avg=   72.98 min=   13.55 max=  426.35 p50=   84.82 p95=  171.72 p99=  213.02 rps= 127.60
  s2s.crud.fetchAllTickets                      n= 7656 err=   0 errRate=  0.00% avg=   71.73 min=   13.43 max=  410.28 p50=   83.65 p95=  164.84 p99=  206.47 rps= 127.60
  s2s.crud.fetchFilms                           n=    2 err=   0 errRate=  0.00% avg=  172.88 min=  123.48 max=  222.27 p50=  172.88 p95=  217.33 p99=  221.28 rps=   0.03

2026-05-06T20:58:58.670Z  INFO 1 --- [lab8-additional-service] [   scheduling-1] r.h.l.a.o.ObservabilityService           : [lab8-additional-service] observability refresh
window 10s
  calc.additional.maxViewersSummary             n= 1243 err=   0 errRate=  0.00% avg=   61.23 min=   13.07 max=  300.18 p50=   38.44 p95=  125.70 p99=  198.66 rps= 124.30
  controller.AnalyticsController.maxViewersSummary n= 1243 err=   0 errRate=  0.00% avg=   61.72 min=   13.16 max=  300.26 p50=   38.67 p95=  125.95 p99=  202.03 rps= 124.30
  s2s.crud.fetchAllTickets                      n= 1243 err=   0 errRate=  0.00% avg=   61.14 min=   13.03 max=  300.15 p50=   38.40 p95=  125.66 p99=  198.62 rps= 124.30
window 30s
  calc.additional.maxViewersSummary             n= 3714 err=   0 errRate=  0.00% avg=   63.93 min=   13.07 max=  395.11 p50=   42.76 p95=  129.90 p99=  203.88 rps= 123.80
  controller.AnalyticsController.maxViewersSummary n= 3714 err=   0 errRate=  0.00% avg=   64.34 min=   13.16 max=  395.28 p50=   42.92 p95=  130.24 p99=  205.02 rps= 123.80
  s2s.crud.fetchAllTickets                      n= 3714 err=   0 errRate=  0.00% avg=   63.47 min=   13.03 max=  395.06 p50=   42.70 p95=  127.79 p99=  203.35 rps= 123.80
  s2s.crud.fetchFilms                           n=    1 err=   0 errRate=  0.00% avg=  123.48 min=  123.48 max=  123.48 p50=  123.48 p95=  123.48 p99=  123.48 rps=   0.03
window 1m
  calc.additional.maxViewersSummary             n= 7674 err=   0 errRate=  0.00% avg=   71.01 min=   13.07 max=  426.22 p50=   80.43 p95=  167.76 p99=  212.49 rps= 127.90
  controller.AnalyticsController.maxViewersSummary n= 7674 err=   0 errRate=  0.00% avg=   71.40 min=   13.16 max=  426.35 p50=   81.12 p95=  169.65 p99=  212.99 rps= 127.90
  s2s.crud.fetchAllTickets                      n= 7674 err=   0 errRate=  0.00% avg=   70.16 min=   13.03 max=  410.28 p50=   79.96 p95=  163.87 p99=  206.45 rps= 127.90
  s2s.crud.fetchFilms                           n=    2 err=   0 errRate=  0.00% avg=  172.88 min=  123.48 max=  222.27 p50=  172.88 p95=  217.33 p99=  221.28 rps=   0.03

2026-05-06T20:58:59.064Z  INFO 1 --- [lab8-additional-service] [   scheduling-1] r.h.l.a.service.FilmCacheService         : film-cache stats: size=310 ttlMs=30000 lastRefreshAtMs=1778101121514 hits=15746 misses=5 refreshes=5
2026-05-06T20:58:59.676Z  INFO 1 --- [lab8-additional-service] [   scheduling-1] r.h.l.a.o.ObservabilityService           : [lab8-additional-service] observability refresh
window 10s
  calc.additional.maxViewersSummary             n= 1216 err=   0 errRate=  0.00% avg=   60.76 min=   13.07 max=  300.18 p50=   36.26 p95=  129.28 p99=  198.69 rps= 121.60
  controller.AnalyticsController.maxViewersSummary n= 1216 err=   0 errRate=  0.00% avg=   61.25 min=   13.16 max=  300.26 p50=   36.82 p95=  129.96 p99=  202.03 rps= 121.60
  s2s.crud.fetchAllTickets                      n= 1216 err=   0 errRate=  0.00% avg=   60.67 min=   13.03 max=  300.15 p50=   36.23 p95=  129.25 p99=  198.66 rps= 121.60
window 30s
  calc.additional.maxViewersSummary             n= 3723 err=   0 errRate=  0.00% avg=   62.84 min=   13.07 max=  309.17 p50=   37.97 p95=  127.04 p99=  201.84 rps= 124.10
  controller.AnalyticsController.maxViewersSummary n= 3723 err=   0 errRate=  0.00% avg=   63.25 min=   13.16 max=  309.27 p50=   38.34 p95=  127.61 p99=  203.26 rps= 124.10
  s2s.crud.fetchAllTickets                      n= 3723 err=   0 errRate=  0.00% avg=   62.39 min=   13.03 max=  309.13 p50=   37.93 p95=  124.36 p99=  201.25 rps= 124.10
  s2s.crud.fetchFilms                           n=    1 err=   0 errRate=  0.00% avg=  123.48 min=  123.48 max=  123.48 p50=  123.48 p95=  123.48 p99=  123.48 rps=   0.03
window 1m
  calc.additional.maxViewersSummary             n= 7673 err=   0 errRate=  0.00% avg=   69.53 min=   13.07 max=  426.22 p50=   78.09 p95=  158.32 p99=  206.00 rps= 127.88
  controller.AnalyticsController.maxViewersSummary n= 7673 err=   0 errRate=  0.00% avg=   69.92 min=   13.16 max=  426.35 p50=   78.85 p95=  158.78 p99=  206.30 rps= 127.88
  s2s.crud.fetchAllTickets                      n= 7673 err=   0 errRate=  0.00% avg=   68.68 min=   13.03 max=  395.06 p50=   77.69 p95=  135.70 p99=  202.69 rps= 127.88
  s2s.crud.fetchFilms                           n=    2 err=   0 errRate=  0.00% avg=  172.88 min=  123.48 max=  222.27 p50=  172.88 p95=  217.33 p99=  221.28 rps=   0.03

2026-05-06T20:59:00.681Z  INFO 1 --- [lab8-additional-service] [   scheduling-1] r.h.l.a.o.ObservabilityService           : [lab8-additional-service] observability refresh
window 10s
  calc.additional.maxViewersSummary             n= 1205 err=   0 errRate=  0.00% avg=   61.36 min=   13.07 max=  300.18 p50=   43.17 p95=  121.87 p99=  198.71 rps= 120.50
  controller.AnalyticsController.maxViewersSummary n= 1205 err=   0 errRate=  0.00% avg=   61.87 min=   13.16 max=  300.26 p50=   43.62 p95=  122.97 p99=  202.03 rps= 120.50
  s2s.crud.fetchAllTickets                      n= 1205 err=   0 errRate=  0.00% avg=   61.27 min=   13.03 max=  300.15 p50=   43.13 p95=  121.83 p99=  198.68 rps= 120.50
window 30s
  calc.additional.maxViewersSummary             n= 3695 err=   0 errRate=  0.00% avg=   63.64 min=   13.07 max=  309.17 p50=   43.63 p95=  127.47 p99=  201.90 rps= 123.17
  controller.AnalyticsController.maxViewersSummary n= 3695 err=   0 errRate=  0.00% avg=   64.05 min=   13.16 max=  309.27 p50=   43.78 p95=  127.76 p99=  203.31 rps= 123.17
  s2s.crud.fetchAllTickets                      n= 3695 err=   0 errRate=  0.00% avg=   63.18 min=   13.03 max=  309.13 p50=   43.58 p95=  124.80 p99=  201.31 rps= 123.17
  s2s.crud.fetchFilms                           n=    1 err=   0 errRate=  0.00% avg=  123.48 min=  123.48 max=  123.48 p50=  123.48 p95=  123.48 p99=  123.48 rps=   0.03
window 1m
  calc.additional.maxViewersSummary             n= 7642 err=   0 errRate=  0.00% avg=   68.74 min=   13.07 max=  426.22 p50=   77.29 p95=  134.26 p99=  205.18 rps= 127.37
  controller.AnalyticsController.maxViewersSummary n= 7642 err=   0 errRate=  0.00% avg=   69.13 min=   13.16 max=  426.35 p50=   78.02 p95=  134.38 p99=  205.52 rps= 127.37
  s2s.crud.fetchAllTickets                      n= 7642 err=   0 errRate=  0.00% avg=   67.89 min=   13.03 max=  395.06 p50=   77.03 p95=  129.88 p99=  201.97 rps= 127.37
  s2s.crud.fetchFilms                           n=    2 err=   0 errRate=  0.00% avg=  172.88 min=  123.48 max=  222.27 p50=  172.88 p95=  217.33 p99=  221.28 rps=   0.03

2026-05-06T20:59:01.688Z  INFO 1 --- [lab8-additional-service] [   scheduling-1] r.h.l.a.o.ObservabilityService           : [lab8-additional-service] observability refresh
window 10s
  calc.additional.maxViewersSummary             n= 1214 err=   0 errRate=  0.00% avg=   61.95 min=   13.07 max=  300.18 p50=   46.69 p95=  121.24 p99=  198.57 rps= 121.40
  controller.AnalyticsController.maxViewersSummary n= 1214 err=   0 errRate=  0.00% avg=   62.47 min=   13.16 max=  300.26 p50=   46.92 p95=  122.05 p99=  202.03 rps= 121.40
  s2s.crud.fetchAllTickets                      n= 1214 err=   0 errRate=  0.00% avg=   61.83 min=   13.03 max=  300.15 p50=   46.65 p95=  120.56 p99=  198.52 rps= 121.40
window 30s
  calc.additional.maxViewersSummary             n= 3690 err=   0 errRate=  0.00% avg=   64.21 min=   13.07 max=  309.17 p50=   53.88 p95=  127.50 p99=  201.90 rps= 123.00
  controller.AnalyticsController.maxViewersSummary n= 3690 err=   0 errRate=  0.00% avg=   64.63 min=   13.16 max=  309.27 p50=   54.37 p95=  127.82 p99=  203.33 rps= 123.00
  s2s.crud.fetchAllTickets                      n= 3690 err=   0 errRate=  0.00% avg=   63.74 min=   13.03 max=  309.13 p50=   53.85 p95=  124.89 p99=  201.33 rps= 123.00
  s2s.crud.fetchFilms                           n=    1 err=   0 errRate=  0.00% avg=  123.48 min=  123.48 max=  123.48 p50=  123.48 p95=  123.48 p99=  123.48 rps=   0.03
window 1m
  calc.additional.maxViewersSummary             n= 7624 err=   0 errRate=  0.00% avg=   68.21 min=   13.07 max=  426.22 p50=   76.05 p95=  132.55 p99=  204.71 rps= 127.07
  controller.AnalyticsController.maxViewersSummary n= 7624 err=   0 errRate=  0.00% avg=   68.60 min=   13.16 max=  426.35 p50=   76.80 p95=  132.83 p99=  205.25 rps= 127.07
  s2s.crud.fetchAllTickets                      n= 7624 err=   0 errRate=  0.00% avg=   67.35 min=   13.03 max=  395.06 p50=   75.85 p95=  128.40 p99=  201.52 rps= 127.07
  s2s.crud.fetchFilms                           n=    2 err=   0 errRate=  0.00% avg=  172.88 min=  123.48 max=  222.27 p50=  172.88 p95=  217.33 p99=  221.28 rps=   0.03

2026-05-06T20:59:02.693Z  INFO 1 --- [lab8-additional-service] [   scheduling-1] r.h.l.a.o.ObservabilityService           : [lab8-additional-service] observability refresh
window 10s
  calc.additional.maxViewersSummary             n= 1265 err=   0 errRate=  0.00% avg=   57.60 min=   13.07 max=  300.18 p50=   32.47 p95=  114.15 p99=  198.48 rps= 126.50
  controller.AnalyticsController.maxViewersSummary n= 1265 err=   0 errRate=  0.00% avg=   58.05 min=   13.16 max=  300.26 p50=   32.73 p95=  114.60 p99=  201.68 rps= 126.50
  s2s.crud.fetchAllTickets                      n= 1265 err=   0 errRate=  0.00% avg=   57.49 min=   13.03 max=  300.15 p50=   32.41 p95=  113.97 p99=  198.43 rps= 126.50
window 30s
  calc.additional.maxViewersSummary             n= 3708 err=   0 errRate=  0.00% avg=   63.10 min=   13.07 max=  309.17 p50=   39.79 p95=  125.50 p99=  201.88 rps= 123.60
  controller.AnalyticsController.maxViewersSummary n= 3708 err=   0 errRate=  0.00% avg=   63.51 min=   13.16 max=  309.27 p50=   39.96 p95=  125.86 p99=  203.28 rps= 123.60
  s2s.crud.fetchAllTickets                      n= 3708 err=   0 errRate=  0.00% avg=   62.64 min=   13.03 max=  309.13 p50=   39.75 p95=  122.98 p99=  201.28 rps= 123.60
  s2s.crud.fetchFilms                           n=    1 err=   0 errRate=  0.00% avg=  123.48 min=  123.48 max=  123.48 p50=  123.48 p95=  123.48 p99=  123.48 rps=   0.03
window 1m
  calc.additional.maxViewersSummary             n= 7590 err=   0 errRate=  0.00% avg=   67.64 min=   13.07 max=  426.22 p50=   73.76 p95=  132.29 p99=  204.81 rps= 126.50
  controller.AnalyticsController.maxViewersSummary n= 7590 err=   0 errRate=  0.00% avg=   68.03 min=   13.16 max=  426.35 p50=   74.64 p95=  132.73 p99=  205.26 rps= 126.50
  s2s.crud.fetchAllTickets                      n= 7590 err=   0 errRate=  0.00% avg=   66.78 min=   13.03 max=  395.06 p50=   73.56 p95=  128.08 p99=  201.60 rps= 126.50
  s2s.crud.fetchFilms                           n=    2 err=   0 errRate=  0.00% avg=  172.88 min=  123.48 max=  222.27 p50=  172.88 p95=  217.33 p99=  221.28 rps=   0.03

2026-05-06T20:59:03.698Z  INFO 1 --- [lab8-additional-service] [   scheduling-1] r.h.l.a.o.ObservabilityService           : [lab8-additional-service] observability refresh
window 10s
  calc.additional.maxViewersSummary             n= 1313 err=   0 errRate=  0.00% avg=   52.15 min=   13.07 max=  211.45 p50=   28.92 p95=  109.55 p99=  171.20 rps= 131.30
  controller.AnalyticsController.maxViewersSummary n= 1313 err=   0 errRate=  0.00% avg=   52.47 min=   13.16 max=  211.63 p50=   29.07 p95=  110.06 p99=  171.48 rps= 131.30
  s2s.crud.fetchAllTickets                      n= 1313 err=   0 errRate=  0.00% avg=   52.07 min=   13.03 max=  211.42 p50=   28.87 p95=  109.22 p99=  170.98 rps= 131.30
window 30s
  calc.additional.maxViewersSummary             n= 3733 err=   0 errRate=  0.00% avg=   62.39 min=   13.07 max=  309.17 p50=   36.66 p95=  125.19 p99=  201.81 rps= 124.43
  controller.AnalyticsController.maxViewersSummary n= 3733 err=   0 errRate=  0.00% avg=   62.79 min=   13.16 max=  309.27 p50=   37.43 p95=  125.54 p99=  203.24 rps= 124.43
  s2s.crud.fetchAllTickets                      n= 3733 err=   0 errRate=  0.00% avg=   61.93 min=   13.03 max=  309.13 p50=   36.61 p95=  122.47 p99=  201.23 rps= 124.43
  s2s.crud.fetchFilms                           n=    1 err=   0 errRate=  0.00% avg=  123.48 min=  123.48 max=  123.48 p50=  123.48 p95=  123.48 p99=  123.48 rps=   0.03
window 1m
  calc.additional.maxViewersSummary             n= 7608 err=   0 errRate=  0.00% avg=   66.59 min=   13.07 max=  426.22 p50=   69.21 p95=  128.48 p99=  204.09 rps= 126.80
  controller.AnalyticsController.maxViewersSummary n= 7608 err=   0 errRate=  0.00% avg=   66.98 min=   13.16 max=  426.35 p50=   69.94 p95=  129.10 p99=  205.02 rps= 126.80
  s2s.crud.fetchAllTickets                      n= 7608 err=   0 errRate=  0.00% avg=   65.73 min=   13.03 max=  395.06 p50=   68.86 p95=  126.08 p99=  200.87 rps= 126.80
  s2s.crud.fetchFilms                           n=    2 err=   0 errRate=  0.00% avg=  172.88 min=  123.48 max=  222.27 p50=  172.88 p95=  217.33 p99=  221.28 rps=   0.03

2026-05-06T20:59:04.703Z  INFO 1 --- [lab8-additional-service] [   scheduling-1] r.h.l.a.o.ObservabilityService           : [lab8-additional-service] observability refresh
window 10s
  calc.additional.maxViewersSummary             n= 1311 err=   0 errRate=  0.00% avg=   53.93 min=   13.07 max=  211.45 p50=   30.05 p95=  111.01 p99=  177.25 rps= 131.10
  controller.AnalyticsController.maxViewersSummary n= 1311 err=   0 errRate=  0.00% avg=   54.24 min=   13.16 max=  211.63 p50=   30.29 p95=  111.28 p99=  177.34 rps= 131.10
  s2s.crud.fetchAllTickets                      n= 1311 err=   0 errRate=  0.00% avg=   53.85 min=   13.03 max=  211.42 p50=   30.02 p95=  110.38 p99=  177.21 rps= 131.10
window 30s
  calc.additional.maxViewersSummary             n= 3713 err=   0 errRate=  0.00% avg=   63.20 min=   13.07 max=  309.17 p50=   39.39 p95=  125.69 p99=  201.86 rps= 123.77
  controller.AnalyticsController.maxViewersSummary n= 3713 err=   0 errRate=  0.00% avg=   63.60 min=   13.16 max=  309.27 p50=   39.71 p95=  126.09 p99=  203.27 rps= 123.77
  s2s.crud.fetchAllTickets                      n= 3713 err=   0 errRate=  0.00% avg=   62.73 min=   13.03 max=  309.13 p50=   39.33 p95=  123.28 p99=  201.27 rps= 123.77
  s2s.crud.fetchFilms                           n=    1 err=   0 errRate=  0.00% avg=  123.48 min=  123.48 max=  123.48 p50=  123.48 p95=  123.48 p99=  123.48 rps=   0.03
window 1m
  calc.additional.maxViewersSummary             n= 7619 err=   0 errRate=  0.00% avg=   65.90 min=   13.07 max=  426.22 p50=   66.78 p95=  125.43 p99=  203.59 rps= 126.98
  controller.AnalyticsController.maxViewersSummary n= 7619 err=   0 errRate=  0.00% avg=   66.27 min=   13.16 max=  426.35 p50=   67.14 p95=  125.76 p99=  204.52 rps= 126.98
  s2s.crud.fetchAllTickets                      n= 7619 err=   0 errRate=  0.00% avg=   65.04 min=   13.03 max=  395.06 p50=   66.71 p95=  122.76 p99=  199.02 rps= 126.98
  s2s.crud.fetchFilms                           n=    2 err=   0 errRate=  0.00% avg=  172.88 min=  123.48 max=  222.27 p50=  172.88 p95=  217.33 p99=  221.28 rps=   0.03

2026-05-06T20:59:05.712Z  INFO 1 --- [lab8-additional-service] [   scheduling-1] r.h.l.a.o.ObservabilityService           : [lab8-additional-service] observability refresh
window 10s
  calc.additional.maxViewersSummary             n= 1314 err=   0 errRate=  0.00% avg=   53.94 min=   13.07 max=  211.45 p50=   29.45 p95=  112.58 p99=  177.24 rps= 131.40
  controller.AnalyticsController.maxViewersSummary n= 1314 err=   0 errRate=  0.00% avg=   54.25 min=   13.16 max=  211.63 p50=   29.74 p95=  112.71 p99=  177.33 rps= 131.40
  s2s.crud.fetchAllTickets                      n= 1314 err=   0 errRate=  0.00% avg=   53.86 min=   13.03 max=  211.42 p50=   29.41 p95=  111.71 p99=  177.20 rps= 131.40
window 30s
  calc.additional.maxViewersSummary             n= 3740 err=   0 errRate=  0.00% avg=   62.22 min=   13.07 max=  309.17 p50=   36.09 p95=  125.08 p99=  201.52 rps= 124.67
  controller.AnalyticsController.maxViewersSummary n= 3740 err=   0 errRate=  0.00% avg=   62.61 min=   13.16 max=  309.27 p50=   36.44 p95=  125.47 p99=  203.07 rps= 124.67
  s2s.crud.fetchAllTickets                      n= 3740 err=   0 errRate=  0.00% avg=   61.76 min=   13.03 max=  309.13 p50=   36.03 p95=  122.49 p99=  201.08 rps= 124.67
  s2s.crud.fetchFilms                           n=    1 err=   0 errRate=  0.00% avg=  123.48 min=  123.48 max=  123.48 p50=  123.48 p95=  123.48 p99=  123.48 rps=   0.03
window 1m
  calc.additional.maxViewersSummary             n= 7605 err=   0 errRate=  0.00% avg=   65.29 min=   13.07 max=  426.22 p50=   57.62 p95=  124.55 p99=  202.53 rps= 126.75
  controller.AnalyticsController.maxViewersSummary n= 7605 err=   0 errRate=  0.00% avg=   65.66 min=   13.16 max=  426.35 p50=   58.04 p95=  125.07 p99=  203.97 rps= 126.75
  s2s.crud.fetchAllTickets                      n= 7605 err=   0 errRate=  0.00% avg=   64.43 min=   13.03 max=  395.06 p50=   57.54 p95=  122.43 p99=  198.68 rps= 126.75
  s2s.crud.fetchFilms                           n=    2 err=   0 errRate=  0.00% avg=  172.88 min=  123.48 max=  222.27 p50=  172.88 p95=  217.33 p99=  221.28 rps=   0.03

2026-05-06T20:59:06.721Z  INFO 1 --- [lab8-additional-service] [   scheduling-1] r.h.l.a.o.ObservabilityService           : [lab8-additional-service] observability refresh
window 10s
  calc.additional.maxViewersSummary             n= 1339 err=   0 errRate=  0.00% avg=   53.91 min=   13.07 max=  329.47 p50=   29.31 p95=  112.96 p99=  179.06 rps= 133.90
  controller.AnalyticsController.maxViewersSummary n= 1339 err=   0 errRate=  0.00% avg=   54.19 min=   13.16 max=  329.67 p50=   29.53 p95=  113.15 p99=  179.22 rps= 133.90
  s2s.crud.fetchAllTickets                      n= 1339 err=   0 errRate=  0.00% avg=   53.83 min=   13.03 max=  329.44 p50=   29.26 p95=  112.69 p99=  179.03 rps= 133.90
window 30s
  calc.additional.maxViewersSummary             n= 3795 err=   0 errRate=  0.00% avg=   60.81 min=   13.07 max=  329.47 p50=   34.70 p95=  122.26 p99=  200.22 rps= 126.50
  controller.AnalyticsController.maxViewersSummary n= 3795 err=   0 errRate=  0.00% avg=   61.18 min=   13.16 max=  329.67 p50=   35.10 p95=  122.45 p99=  202.04 rps= 126.50
  s2s.crud.fetchAllTickets                      n= 3795 err=   0 errRate=  0.00% avg=   60.37 min=   13.03 max=  329.44 p50=   34.67 p95=  120.01 p99=  198.81 rps= 126.50
  s2s.crud.fetchFilms                           n=    1 err=   0 errRate=  0.00% avg=  123.48 min=  123.48 max=  123.48 p50=  123.48 p95=  123.48 p99=  123.48 rps=   0.03
window 1m
  calc.additional.maxViewersSummary             n= 7597 err=   0 errRate=  0.00% avg=   64.51 min=   13.07 max=  426.22 p50=   44.35 p95=  123.90 p99=  202.55 rps= 126.62
  controller.AnalyticsController.maxViewersSummary n= 7597 err=   0 errRate=  0.00% avg=   64.88 min=   13.16 max=  426.35 p50=   44.66 p95=  124.37 p99=  203.97 rps= 126.62
  s2s.crud.fetchAllTickets                      n= 7597 err=   0 errRate=  0.00% avg=   63.65 min=   13.03 max=  395.06 p50=   44.29 p95=  122.28 p99=  198.53 rps= 126.62
  s2s.crud.fetchFilms                           n=    2 err=   0 errRate=  0.00% avg=  172.88 min=  123.48 max=  222.27 p50=  172.88 p95=  217.33 p99=  221.28 rps=   0.03

2026-05-06T20:59:07.730Z  INFO 1 --- [lab8-additional-service] [   scheduling-1] r.h.l.a.o.ObservabilityService           : [lab8-additional-service] observability refresh
window 10s
  calc.additional.maxViewersSummary             n= 1345 err=   0 errRate=  0.00% avg=   52.43 min=   13.07 max=  329.47 p50=   28.63 p95=  112.49 p99=  177.75 rps= 134.50
  controller.AnalyticsController.maxViewersSummary n= 1345 err=   0 errRate=  0.00% avg=   52.68 min=   13.16 max=  329.67 p50=   28.88 p95=  112.59 p99=  177.85 rps= 134.50
  s2s.crud.fetchAllTickets                      n= 1345 err=   0 errRate=  0.00% avg=   52.34 min=   13.03 max=  329.44 p50=   28.59 p95=  111.42 p99=  177.71 rps= 134.50
window 30s
  calc.additional.maxViewersSummary             n= 3803 err=   0 errRate=  0.00% avg=   60.42 min=   13.07 max=  329.47 p50=   33.92 p95=  121.91 p99=  200.20 rps= 126.77
  controller.AnalyticsController.maxViewersSummary n= 3803 err=   0 errRate=  0.00% avg=   60.78 min=   13.16 max=  329.67 p50=   34.14 p95=  122.38 p99=  202.03 rps= 126.77
  s2s.crud.fetchAllTickets                      n= 3803 err=   0 errRate=  0.00% avg=   59.98 min=   13.03 max=  329.44 p50=   33.89 p95=  119.74 p99=  198.80 rps= 126.77
  s2s.crud.fetchFilms                           n=    1 err=   0 errRate=  0.00% avg=  123.48 min=  123.48 max=  123.48 p50=  123.48 p95=  123.48 p99=  123.48 rps=   0.03
window 1m
  calc.additional.maxViewersSummary             n= 7554 err=   0 errRate=  0.00% avg=   64.12 min=   13.07 max=  426.22 p50=   41.14 p95=  123.82 p99=  202.52 rps= 125.90
  controller.AnalyticsController.maxViewersSummary n= 7554 err=   0 errRate=  0.00% avg=   64.49 min=   13.16 max=  426.35 p50=   41.84 p95=  124.24 p99=  203.94 rps= 125.90
  s2s.crud.fetchAllTickets                      n= 7554 err=   0 errRate=  0.00% avg=   63.25 min=   13.03 max=  395.06 p50=   41.09 p95=  122.19 p99=  198.51 rps= 125.90
  s2s.crud.fetchFilms                           n=    2 err=   0 errRate=  0.00% avg=  172.88 min=  123.48 max=  222.27 p50=  172.88 p95=  217.33 p99=  221.28 rps=   0.03

2026-05-06T20:59:08.739Z  INFO 1 --- [lab8-additional-service] [   scheduling-1] r.h.l.a.o.ObservabilityService           : [lab8-additional-service] observability refresh
window 10s
  calc.additional.maxViewersSummary             n= 1341 err=   0 errRate=  0.00% avg=   54.43 min=   13.27 max=  329.47 p50=   30.11 p95=  112.86 p99=  177.75 rps= 134.10
  controller.AnalyticsController.maxViewersSummary n= 1341 err=   0 errRate=  0.00% avg=   54.70 min=   13.36 max=  329.67 p50=   30.41 p95=  113.07 p99=  177.85 rps= 134.10
  s2s.crud.fetchAllTickets                      n= 1341 err=   0 errRate=  0.00% avg=   54.35 min=   13.24 max=  329.44 p50=   30.08 p95=  112.62 p99=  177.72 rps= 134.10
window 30s
  calc.additional.maxViewersSummary             n= 3840 err=   0 errRate=  0.00% avg=   59.66 min=   13.07 max=  329.47 p50=   33.15 p95=  121.86 p99=  199.94 rps= 128.00
  controller.AnalyticsController.maxViewersSummary n= 3840 err=   0 errRate=  0.00% avg=   60.01 min=   13.16 max=  329.67 p50=   33.29 p95=  122.20 p99=  202.03 rps= 128.00
  s2s.crud.fetchAllTickets                      n= 3840 err=   0 errRate=  0.00% avg=   59.22 min=   13.03 max=  329.44 p50=   33.11 p95=  119.65 p99=  198.76 rps= 128.00
  s2s.crud.fetchFilms                           n=    1 err=   0 errRate=  0.00% avg=  123.48 min=  123.48 max=  123.48 p50=  123.48 p95=  123.48 p99=  123.48 rps=   0.03
window 1m
  calc.additional.maxViewersSummary             n= 7557 err=   0 errRate=  0.00% avg=   63.16 min=   13.07 max=  426.22 p50=   36.38 p95=  123.53 p99=  202.52 rps= 125.95
  controller.AnalyticsController.maxViewersSummary n= 7557 err=   0 errRate=  0.00% avg=   63.53 min=   13.16 max=  426.35 p50=   36.86 p95=  123.94 p99=  203.94 rps= 125.95
  s2s.crud.fetchAllTickets                      n= 7557 err=   0 errRate=  0.00% avg=   62.30 min=   13.03 max=  395.06 p50=   36.34 p95=  121.95 p99=  198.51 rps= 125.95
  s2s.crud.fetchFilms                           n=    2 err=   0 errRate=  0.00% avg=  172.88 min=  123.48 max=  222.27 p50=  172.88 p95=  217.33 p99=  221.28 rps=   0.03

2026-05-06T20:59:09.064Z  INFO 1 --- [lab8-additional-service] [   scheduling-1] r.h.l.a.service.FilmCacheService         : film-cache stats: size=310 ttlMs=30000 lastRefreshAtMs=1778101121514 hits=17094 misses=5 refreshes=5
2026-05-06T20:59:09.744Z  INFO 1 --- [lab8-additional-service] [   scheduling-1] r.h.l.a.o.ObservabilityService           : [lab8-additional-service] observability refresh
window 10s
  calc.additional.maxViewersSummary             n= 1292 err=   0 errRate=  0.00% avg=   55.91 min=   13.27 max=  329.47 p50=   31.63 p95=  116.33 p99=  164.03 rps= 129.20
  controller.AnalyticsController.maxViewersSummary n= 1292 err=   0 errRate=  0.00% avg=   56.17 min=   13.36 max=  329.67 p50=   31.86 p95=  116.43 p99=  164.14 rps= 129.20
  s2s.crud.fetchAllTickets                      n= 1292 err=   0 errRate=  0.00% avg=   55.83 min=   13.24 max=  329.44 p50=   31.59 p95=  116.29 p99=  163.99 rps= 129.20
window 30s
  calc.additional.maxViewersSummary             n= 3775 err=   0 errRate=  0.00% avg=   60.00 min=   13.07 max=  329.47 p50=   33.76 p95=  122.50 p99=  198.55 rps= 125.83
  controller.AnalyticsController.maxViewersSummary n= 3775 err=   0 errRate=  0.00% avg=   60.36 min=   13.16 max=  329.67 p50=   34.03 p95=  122.80 p99=  199.81 rps= 125.83
  s2s.crud.fetchAllTickets                      n= 3775 err=   0 errRate=  0.00% avg=   59.56 min=   13.03 max=  329.44 p50=   33.72 p95=  120.24 p99=  198.21 rps= 125.83
  s2s.crud.fetchFilms                           n=    1 err=   0 errRate=  0.00% avg=  123.48 min=  123.48 max=  123.48 p50=  123.48 p95=  123.48 p99=  123.48 rps=   0.03
window 1m
  calc.additional.maxViewersSummary             n= 7460 err=   0 errRate=  0.00% avg=   62.83 min=   13.07 max=  426.22 p50=   36.32 p95=  123.90 p99=  202.13 rps= 124.33
  controller.AnalyticsController.maxViewersSummary n= 7460 err=   0 errRate=  0.00% avg=   63.20 min=   13.16 max=  426.35 p50=   36.66 p95=  124.42 p99=  203.51 rps= 124.33
  s2s.crud.fetchAllTickets                      n= 7460 err=   0 errRate=  0.00% avg=   61.96 min=   13.03 max=  395.06 p50=   36.27 p95=  122.18 p99=  198.37 rps= 124.33
  s2s.crud.fetchFilms                           n=    2 err=   0 errRate=  0.00% avg=  172.88 min=  123.48 max=  222.27 p50=  172.88 p95=  217.33 p99=  221.28 rps=   0.03

2026-05-06T20:59:10.749Z  INFO 1 --- [lab8-additional-service] [   scheduling-1] r.h.l.a.o.ObservabilityService           : [lab8-additional-service] observability refresh
window 10s
  calc.additional.maxViewersSummary             n= 1308 err=   0 errRate=  0.00% avg=   53.94 min=   13.13 max=  360.77 p50=   30.04 p95=  117.10 p99=  181.46 rps= 130.80
  controller.AnalyticsController.maxViewersSummary n= 1308 err=   0 errRate=  0.00% avg=   54.17 min=   13.22 max=  361.09 p50=   30.28 p95=  117.21 p99=  181.79 rps= 130.80
  s2s.crud.fetchAllTickets                      n= 1308 err=   0 errRate=  0.00% avg=   53.85 min=   13.10 max=  360.73 p50=   30.01 p95=  117.07 p99=  181.41 rps= 130.80
window 30s
  calc.additional.maxViewersSummary             n= 3764 err=   0 errRate=  0.00% avg=   59.25 min=   13.07 max=  360.77 p50=   33.39 p95=  122.17 p99=  198.52 rps= 125.47
  controller.AnalyticsController.maxViewersSummary n= 3764 err=   0 errRate=  0.00% avg=   59.60 min=   13.16 max=  361.09 p50=   33.52 p95=  122.40 p99=  199.43 rps= 125.47
  s2s.crud.fetchAllTickets                      n= 3764 err=   0 errRate=  0.00% avg=   58.81 min=   13.03 max=  360.73 p50=   33.36 p95=  119.89 p99=  198.07 rps= 125.47
  s2s.crud.fetchFilms                           n=    1 err=   0 errRate=  0.00% avg=  123.48 min=  123.48 max=  123.48 p50=  123.48 p95=  123.48 p99=  123.48 rps=   0.03
window 1m
  calc.additional.maxViewersSummary             n= 7480 err=   0 errRate=  0.00% avg=   62.22 min=   13.07 max=  426.22 p50=   35.35 p95=  123.39 p99=  202.08 rps= 124.67
  controller.AnalyticsController.maxViewersSummary n= 7480 err=   0 errRate=  0.00% avg=   62.58 min=   13.16 max=  426.35 p50=   35.69 p95=  123.75 p99=  203.93 rps= 124.67
  s2s.crud.fetchAllTickets                      n= 7480 err=   0 errRate=  0.00% avg=   61.35 min=   13.03 max=  395.06 p50=   35.21 p95=  121.57 p99=  198.35 rps= 124.67
  s2s.crud.fetchFilms                           n=    2 err=   0 errRate=  0.00% avg=  172.88 min=  123.48 max=  222.27 p50=  172.88 p95=  217.33 p99=  221.28 rps=   0.03

2026-05-06T20:59:11.756Z  INFO 1 --- [lab8-additional-service] [   scheduling-1] r.h.l.a.o.ObservabilityService           : [lab8-additional-service] observability refresh
window 10s
  calc.additional.maxViewersSummary             n= 1312 err=   0 errRate=  0.00% avg=   51.32 min=   13.13 max=  360.77 p50=   28.64 p95=  119.65 p99=  187.79 rps= 131.20
  controller.AnalyticsController.maxViewersSummary n= 1312 err=   0 errRate=  0.00% avg=   51.54 min=   13.22 max=  361.09 p50=   28.90 p95=  119.75 p99=  188.42 rps= 131.20
  s2s.crud.fetchAllTickets                      n= 1312 err=   0 errRate=  0.00% avg=   50.32 min=   13.10 max=  360.73 p50=   28.60 p95=  115.31 p99=  181.32 rps= 131.20
  s2s.crud.fetchFilms                           n=    1 err=   0 errRate=  0.00% avg=  131.82 min=  131.82 max=  131.82 p50=  131.82 p95=  131.82 p99=  131.82 rps=   0.10
window 30s
  calc.additional.maxViewersSummary             n= 3791 err=   0 errRate=  0.00% avg=   57.25 min=   13.07 max=  360.77 p50=   31.88 p95=  119.84 p99=  196.89 rps= 126.37
  controller.AnalyticsController.maxViewersSummary n= 3791 err=   0 errRate=  0.00% avg=   57.60 min=   13.16 max=  361.09 p50=   32.11 p95=  120.12 p99=  197.16 rps= 126.37
  s2s.crud.fetchAllTickets                      n= 3791 err=   0 errRate=  0.00% avg=   56.84 min=   13.03 max=  360.73 p50=   31.85 p95=  117.14 p99=  194.17 rps= 126.37
  s2s.crud.fetchFilms                           n=    1 err=   0 errRate=  0.00% avg=  131.82 min=  131.82 max=  131.82 p50=  131.82 p95=  131.82 p99=  131.82 rps=   0.03
window 1m
  calc.additional.maxViewersSummary             n= 7524 err=   0 errRate=  0.00% avg=   61.72 min=   13.07 max=  426.22 p50=   34.71 p95=  123.76 p99=  202.22 rps= 125.40
  controller.AnalyticsController.maxViewersSummary n= 7524 err=   0 errRate=  0.00% avg=   62.09 min=   13.16 max=  426.35 p50=   35.07 p95=  124.08 p99=  203.96 rps= 125.40
  s2s.crud.fetchAllTickets                      n= 7524 err=   0 errRate=  0.00% avg=   60.69 min=   13.03 max=  395.06 p50=   34.67 p95=  121.16 p99=  198.31 rps= 125.40
  s2s.crud.fetchFilms                           n=    2 err=   0 errRate=  0.00% avg=  127.65 min=  123.48 max=  131.82 p50=  127.65 p95=  131.40 p99=  131.73 rps=   0.03

2026-05-06T20:59:12.761Z  INFO 1 --- [lab8-additional-service] [   scheduling-1] r.h.l.a.o.ObservabilityService           : [lab8-additional-service] observability refresh
window 10s
  calc.additional.maxViewersSummary             n= 1313 err=   0 errRate=  0.00% avg=   52.87 min=   13.13 max=  360.77 p50=   29.49 p95=  122.92 p99=  195.38 rps= 131.30
  controller.AnalyticsController.maxViewersSummary n= 1313 err=   0 errRate=  0.00% avg=   53.09 min=   13.22 max=  361.09 p50=   29.71 p95=  123.02 p99=  195.65 rps= 131.30
  s2s.crud.fetchAllTickets                      n= 1313 err=   0 errRate=  0.00% avg=   51.55 min=   13.10 max=  360.73 p50=   29.45 p95=  118.26 p99=  181.29 rps= 131.30
  s2s.crud.fetchFilms                           n=    1 err=   0 errRate=  0.00% avg=  131.82 min=  131.82 max=  131.82 p50=  131.82 p95=  131.82 p99=  131.82 rps=   0.10
window 30s
  calc.additional.maxViewersSummary             n= 3804 err=   0 errRate=  0.00% avg=   57.39 min=   13.07 max=  360.77 p50=   31.97 p95=  120.11 p99=  198.23 rps= 126.80
  controller.AnalyticsController.maxViewersSummary n= 3804 err=   0 errRate=  0.00% avg=   57.73 min=   13.16 max=  361.09 p50=   32.20 p95=  120.57 p99=  199.00 rps= 126.80
  s2s.crud.fetchAllTickets                      n= 3804 err=   0 errRate=  0.00% avg=   56.87 min=   13.03 max=  360.73 p50=   31.91 p95=  118.15 p99=  194.04 rps= 126.80
  s2s.crud.fetchFilms                           n=    1 err=   0 errRate=  0.00% avg=  131.82 min=  131.82 max=  131.82 p50=  131.82 p95=  131.82 p99=  131.82 rps=   0.03
window 1m
  calc.additional.maxViewersSummary             n= 7515 err=   0 errRate=  0.00% avg=   61.11 min=   13.07 max=  395.11 p50=   34.77 p95=  122.52 p99=  198.98 rps= 125.25
  controller.AnalyticsController.maxViewersSummary n= 7515 err=   0 errRate=  0.00% avg=   61.47 min=   13.16 max=  395.28 p50=   35.11 p95=  122.92 p99=  200.89 rps= 125.25
  s2s.crud.fetchAllTickets                      n= 7515 err=   0 errRate=  0.00% avg=   60.62 min=   13.03 max=  395.06 p50=   34.73 p95=  120.91 p99=  198.18 rps= 125.25
  s2s.crud.fetchFilms                           n=    2 err=   0 errRate=  0.00% avg=  127.65 min=  123.48 max=  131.82 p50=  127.65 p95=  131.40 p99=  131.73 rps=   0.03

2026-05-06T20:59:13.769Z  INFO 1 --- [lab8-additional-service] [   scheduling-1] r.h.l.a.o.ObservabilityService           : [lab8-additional-service] observability refresh
window 10s
  calc.additional.maxViewersSummary             n= 1314 err=   0 errRate=  0.00% avg=   52.02 min=   13.13 max=  360.77 p50=   29.24 p95=  122.68 p99=  195.38 rps= 131.40
  controller.AnalyticsController.maxViewersSummary n= 1314 err=   0 errRate=  0.00% avg=   52.25 min=   13.22 max=  361.09 p50=   29.44 p95=  122.78 p99=  195.64 rps= 131.40
  s2s.crud.fetchAllTickets                      n= 1314 err=   0 errRate=  0.00% avg=   50.71 min=   13.10 max=  360.73 p50=   29.20 p95=  117.66 p99=  181.27 rps= 131.40
  s2s.crud.fetchFilms                           n=    1 err=   0 errRate=  0.00% avg=  131.82 min=  131.82 max=  131.82 p50=  131.82 p95=  131.82 p99=  131.82 rps=   0.10
window 30s
  calc.additional.maxViewersSummary             n= 3842 err=   0 errRate=  0.00% avg=   56.38 min=   13.07 max=  360.77 p50=   31.38 p95=  118.31 p99=  197.54 rps= 128.07
  controller.AnalyticsController.maxViewersSummary n= 3842 err=   0 errRate=  0.00% avg=   56.72 min=   13.16 max=  361.09 p50=   31.63 p95=  119.25 p99=  198.24 rps= 128.07
  s2s.crud.fetchAllTickets                      n= 3842 err=   0 errRate=  0.00% avg=   55.87 min=   13.03 max=  360.73 p50=   31.34 p95=  117.01 p99=  193.04 rps= 128.07
  s2s.crud.fetchFilms                           n=    1 err=   0 errRate=  0.00% avg=  131.82 min=  131.82 max=  131.82 p50=  131.82 p95=  131.82 p99=  131.82 rps=   0.03
window 1m
  calc.additional.maxViewersSummary             n= 7537 err=   0 errRate=  0.00% avg=   60.96 min=   13.07 max=  395.11 p50=   34.69 p95=  122.50 p99=  198.98 rps= 125.62
  controller.AnalyticsController.maxViewersSummary n= 7537 err=   0 errRate=  0.00% avg=   61.32 min=   13.16 max=  395.28 p50=   35.07 p95=  122.83 p99=  200.87 rps= 125.62
  s2s.crud.fetchAllTickets                      n= 7537 err=   0 errRate=  0.00% avg=   60.47 min=   13.03 max=  395.06 p50=   34.66 p95=  120.77 p99=  198.17 rps= 125.62
  s2s.crud.fetchFilms                           n=    2 err=   0 errRate=  0.00% avg=  127.65 min=  123.48 max=  131.82 p50=  127.65 p95=  131.40 p99=  131.73 rps=   0.03

2026-05-06T20:59:14.775Z  INFO 1 --- [lab8-additional-service] [   scheduling-1] r.h.l.a.o.ObservabilityService           : [lab8-additional-service] observability refresh
window 10s
  calc.additional.maxViewersSummary             n= 1333 err=   0 errRate=  0.00% avg=   47.61 min=   12.85 max=  360.77 p50=   27.34 p95=  119.96 p99=  195.33 rps= 133.30
  controller.AnalyticsController.maxViewersSummary n= 1333 err=   0 errRate=  0.00% avg=   47.82 min=   12.93 max=  361.09 p50=   27.54 p95=  120.30 p99=  195.62 rps= 133.30
  s2s.crud.fetchAllTickets                      n= 1333 err=   0 errRate=  0.00% avg=   46.32 min=   12.82 max=  360.73 p50=   27.29 p95=  114.22 p99=  167.75 rps= 133.30
  s2s.crud.fetchFilms                           n=    1 err=   0 errRate=  0.00% avg=  131.82 min=  131.82 max=  131.82 p50=  131.82 p95=  131.82 p99=  131.82 rps=   0.10
window 30s
  calc.additional.maxViewersSummary             n= 3865 err=   0 errRate=  0.00% avg=   54.59 min=   12.85 max=  360.77 p50=   30.46 p95=  117.11 p99=  195.84 rps= 128.83
  controller.AnalyticsController.maxViewersSummary n= 3865 err=   0 errRate=  0.00% avg=   54.92 min=   12.93 max=  361.09 p50=   30.67 p95=  117.24 p99=  196.81 rps= 128.83
  s2s.crud.fetchAllTickets                      n= 3865 err=   0 errRate=  0.00% avg=   54.09 min=   12.82 max=  360.73 p50=   30.35 p95=  114.84 p99=  188.65 rps= 128.83
  s2s.crud.fetchFilms                           n=    1 err=   0 errRate=  0.00% avg=  131.82 min=  131.82 max=  131.82 p50=  131.82 p95=  131.82 p99=  131.82 rps=   0.03
window 1m
  calc.additional.maxViewersSummary             n= 7571 err=   0 errRate=  0.00% avg=   60.24 min=   12.85 max=  395.11 p50=   33.91 p95=  122.23 p99=  198.88 rps= 126.18
  controller.AnalyticsController.maxViewersSummary n= 7571 err=   0 errRate=  0.00% avg=   60.59 min=   12.93 max=  395.28 p50=   34.14 p95=  122.40 p99=  199.98 rps= 126.18
  s2s.crud.fetchAllTickets                      n= 7571 err=   0 errRate=  0.00% avg=   59.76 min=   12.82 max=  395.06 p50=   33.87 p95=  120.24 p99=  198.01 rps= 126.18
  s2s.crud.fetchFilms                           n=    2 err=   0 errRate=  0.00% avg=  127.65 min=  123.48 max=  131.82 p50=  127.65 p95=  131.40 p99=  131.73 rps=   0.03

2026-05-06T20:59:15.781Z  INFO 1 --- [lab8-additional-service] [   scheduling-1] r.h.l.a.o.ObservabilityService           : [lab8-additional-service] observability refresh
window 10s
  calc.additional.maxViewersSummary             n= 1350 err=   0 errRate=  0.00% avg=   45.65 min=   12.85 max=  360.77 p50=   25.80 p95=  116.78 p99=  195.29 rps= 135.00
  controller.AnalyticsController.maxViewersSummary n= 1350 err=   0 errRate=  0.00% avg=   45.85 min=   12.93 max=  361.09 p50=   25.94 p95=  116.88 p99=  195.59 rps= 135.00
  s2s.crud.fetchAllTickets                      n= 1350 err=   0 errRate=  0.00% avg=   44.37 min=   12.82 max=  360.73 p50=   25.75 p95=  113.01 p99=  167.66 rps= 135.00
  s2s.crud.fetchFilms                           n=    1 err=   0 errRate=  0.00% avg=  131.82 min=  131.82 max=  131.82 p50=  131.82 p95=  131.82 p99=  131.82 rps=   0.10
window 30s
  calc.additional.maxViewersSummary             n= 3871 err=   0 errRate=  0.00% avg=   54.25 min=   12.85 max=  360.77 p50=   29.87 p95=  117.13 p99=  195.77 rps= 129.03
  controller.AnalyticsController.maxViewersSummary n= 3871 err=   0 errRate=  0.00% avg=   54.57 min=   12.93 max=  361.09 p50=   30.21 p95=  117.25 p99=  196.79 rps= 129.03
  s2s.crud.fetchAllTickets                      n= 3871 err=   0 errRate=  0.00% avg=   53.75 min=   12.82 max=  360.73 p50=   29.82 p95=  115.04 p99=  188.50 rps= 129.03
  s2s.crud.fetchFilms                           n=    1 err=   0 errRate=  0.00% avg=  131.82 min=  131.82 max=  131.82 p50=  131.82 p95=  131.82 p99=  131.82 rps=   0.03
window 1m
  calc.additional.maxViewersSummary             n= 7582 err=   0 errRate=  0.00% avg=   59.86 min=   12.85 max=  395.11 p50=   33.53 p95=  122.24 p99=  198.87 rps= 126.37
  controller.AnalyticsController.maxViewersSummary n= 7582 err=   0 errRate=  0.00% avg=   60.21 min=   12.93 max=  395.28 p50=   33.82 p95=  122.40 p99=  199.93 rps= 126.37
  s2s.crud.fetchAllTickets                      n= 7582 err=   0 errRate=  0.00% avg=   59.38 min=   12.82 max=  395.06 p50=   33.49 p95=  120.25 p99=  198.01 rps= 126.37
  s2s.crud.fetchFilms                           n=    2 err=   0 errRate=  0.00% avg=  127.65 min=  123.48 max=  131.82 p50=  127.65 p95=  131.40 p99=  131.73 rps=   0.03

2026-05-06T20:59:16.789Z  INFO 1 --- [lab8-additional-service] [   scheduling-1] r.h.l.a.o.ObservabilityService           : [lab8-additional-service] observability refresh
window 10s
  calc.additional.maxViewersSummary             n= 1349 err=   0 errRate=  0.00% avg=   44.34 min=   12.85 max=  360.77 p50=   26.59 p95=  114.43 p99=  194.88 rps= 134.90
  controller.AnalyticsController.maxViewersSummary n= 1349 err=   0 errRate=  0.00% avg=   44.54 min=   12.93 max=  361.09 p50=   26.98 p95=  114.81 p99=  195.16 rps= 134.90
  s2s.crud.fetchAllTickets                      n= 1349 err=   0 errRate=  0.00% avg=   43.06 min=   12.82 max=  360.73 p50=   26.56 p95=  110.87 p99=  165.03 rps= 134.90
  s2s.crud.fetchFilms                           n=    1 err=   0 errRate=  0.00% avg=  131.82 min=  131.82 max=  131.82 p50=  131.82 p95=  131.82 p99=  131.82 rps=   0.10
window 30s
  calc.additional.maxViewersSummary             n= 3867 err=   0 errRate=  0.00% avg=   53.75 min=   12.85 max=  360.77 p50=   30.42 p95=  116.43 p99=  195.81 rps= 128.90
  controller.AnalyticsController.maxViewersSummary n= 3867 err=   0 errRate=  0.00% avg=   54.06 min=   12.93 max=  361.09 p50=   30.64 p95=  116.89 p99=  196.81 rps= 128.90
  s2s.crud.fetchAllTickets                      n= 3867 err=   0 errRate=  0.00% avg=   53.24 min=   12.82 max=  360.73 p50=   30.35 p95=  114.18 p99=  188.60 rps= 128.90
  s2s.crud.fetchFilms                           n=    1 err=   0 errRate=  0.00% avg=  131.82 min=  131.82 max=  131.82 p50=  131.82 p95=  131.82 p99=  131.82 rps=   0.03
window 1m
  calc.additional.maxViewersSummary             n= 7595 err=   0 errRate=  0.00% avg=   59.62 min=   12.85 max=  395.11 p50=   33.79 p95=  122.14 p99=  198.85 rps= 126.58
  controller.AnalyticsController.maxViewersSummary n= 7595 err=   0 errRate=  0.00% avg=   59.98 min=   12.93 max=  395.28 p50=   34.04 p95=  122.38 p99=  199.86 rps= 126.58
  s2s.crud.fetchAllTickets                      n= 7595 err=   0 errRate=  0.00% avg=   59.14 min=   12.82 max=  395.06 p50=   33.74 p95=  120.22 p99=  198.01 rps= 126.58
  s2s.crud.fetchFilms                           n=    2 err=   0 errRate=  0.00% avg=  127.65 min=  123.48 max=  131.82 p50=  127.65 p95=  131.40 p99=  131.73 rps=   0.03

2026-05-06T20:59:17.795Z  INFO 1 --- [lab8-additional-service] [   scheduling-1] r.h.l.a.o.ObservabilityService           : [lab8-additional-service] observability refresh
window 10s
  calc.additional.maxViewersSummary             n= 1368 err=   0 errRate=  0.00% avg=   42.03 min=   12.85 max=  360.77 p50=   25.74 p95=  110.75 p99=  193.84 rps= 136.80
  controller.AnalyticsController.maxViewersSummary n= 1368 err=   0 errRate=  0.00% avg=   42.23 min=   12.93 max=  361.09 p50=   25.89 p95=  110.99 p99=  193.97 rps= 136.80
  s2s.crud.fetchAllTickets                      n= 1368 err=   0 errRate=  0.00% avg=   40.77 min=   12.82 max=  360.73 p50=   25.69 p95=  106.73 p99=  155.48 rps= 136.80
  s2s.crud.fetchFilms                           n=    1 err=   0 errRate=  0.00% avg=  131.82 min=  131.82 max=  131.82 p50=  131.82 p95=  131.82 p99=  131.82 rps=   0.10
window 30s
  calc.additional.maxViewersSummary             n= 3896 err=   0 errRate=  0.00% avg=   53.29 min=   12.85 max=  360.77 p50=   30.25 p95=  115.52 p99=  195.18 rps= 129.87
  controller.AnalyticsController.maxViewersSummary n= 3896 err=   0 errRate=  0.00% avg=   53.60 min=   12.93 max=  361.09 p50=   30.46 p95=  116.14 p99=  195.72 rps= 129.87
  s2s.crud.fetchAllTickets                      n= 3896 err=   0 errRate=  0.00% avg=   52.79 min=   12.82 max=  360.73 p50=   30.21 p95=  113.94 p99=  187.34 rps= 129.87
  s2s.crud.fetchFilms                           n=    1 err=   0 errRate=  0.00% avg=  131.82 min=  131.82 max=  131.82 p50=  131.82 p95=  131.82 p99=  131.82 rps=   0.03
window 1m
  calc.additional.maxViewersSummary             n= 7611 err=   0 errRate=  0.00% avg=   59.64 min=   12.85 max=  395.11 p50=   33.92 p95=  122.25 p99=  198.84 rps= 126.85
  controller.AnalyticsController.maxViewersSummary n= 7611 err=   0 errRate=  0.00% avg=   59.99 min=   12.93 max=  395.28 p50=   34.17 p95=  122.42 p99=  199.81 rps= 126.85
  s2s.crud.fetchAllTickets                      n= 7611 err=   0 errRate=  0.00% avg=   59.16 min=   12.82 max=  395.06 p50=   33.89 p95=  120.37 p99=  198.01 rps= 126.85
  s2s.crud.fetchFilms                           n=    2 err=   0 errRate=  0.00% avg=  127.65 min=  123.48 max=  131.82 p50=  127.65 p95=  131.40 p99=  131.73 rps=   0.03

2026-05-06T20:59:18.800Z  INFO 1 --- [lab8-additional-service] [   scheduling-1] r.h.l.a.o.ObservabilityService           : [lab8-additional-service] observability refresh
window 10s
  calc.additional.maxViewersSummary             n= 1358 err=   0 errRate=  0.00% avg=   40.83 min=   12.85 max=  360.77 p50=   23.89 p95=  111.03 p99=  193.95 rps= 135.80
  controller.AnalyticsController.maxViewersSummary n= 1358 err=   0 errRate=  0.00% avg=   41.02 min=   12.93 max=  361.09 p50=   24.10 p95=  111.32 p99=  194.09 rps= 135.80
  s2s.crud.fetchAllTickets                      n= 1358 err=   0 errRate=  0.00% avg=   39.56 min=   12.82 max=  360.73 p50=   23.85 p95=  106.77 p99=  155.49 rps= 135.80
  s2s.crud.fetchFilms                           n=    1 err=   0 errRate=  0.00% avg=  131.82 min=  131.82 max=  131.82 p50=  131.82 p95=  131.82 p99=  131.82 rps=   0.10
window 30s
  calc.additional.maxViewersSummary             n= 3941 err=   0 errRate=  0.00% avg=   51.69 min=   12.85 max=  360.77 p50=   29.31 p95=  114.14 p99=  192.97 rps= 131.37
  controller.AnalyticsController.maxViewersSummary n= 3941 err=   0 errRate=  0.00% avg=   52.00 min=   12.93 max=  361.09 p50=   29.55 p95=  114.57 p99=  193.51 rps= 131.37
  s2s.crud.fetchAllTickets                      n= 3941 err=   0 errRate=  0.00% avg=   51.19 min=   12.82 max=  360.73 p50=   29.28 p95=  113.01 p99=  181.70 rps= 131.37
  s2s.crud.fetchFilms                           n=    1 err=   0 errRate=  0.00% avg=  131.82 min=  131.82 max=  131.82 p50=  131.82 p95=  131.82 p99=  131.82 rps=   0.03
window 1m
  calc.additional.maxViewersSummary             n= 7648 err=   0 errRate=  0.00% avg=   58.75 min=   12.85 max=  395.11 p50=   33.15 p95=  122.08 p99=  198.79 rps= 127.47
  controller.AnalyticsController.maxViewersSummary n= 7648 err=   0 errRate=  0.00% avg=   59.08 min=   12.93 max=  395.28 p50=   33.34 p95=  122.37 p99=  199.74 rps= 127.47
  s2s.crud.fetchAllTickets                      n= 7648 err=   0 errRate=  0.00% avg=   58.27 min=   12.82 max=  395.06 p50=   33.09 p95=  120.20 p99=  197.99 rps= 127.47
  s2s.crud.fetchFilms                           n=    2 err=   0 errRate=  0.00% avg=  127.65 min=  123.48 max=  131.82 p50=  127.65 p95=  131.40 p99=  131.73 rps=   0.03

2026-05-06T20:59:19.064Z  INFO 1 --- [lab8-additional-service] [   scheduling-1] r.h.l.a.service.FilmCacheService         : film-cache stats: size=310 ttlMs=30000 lastRefreshAtMs=1778101151515 hits=18461 misses=6 refreshes=6
2026-05-06T20:59:19.805Z  INFO 1 --- [lab8-additional-service] [   scheduling-1] r.h.l.a.o.ObservabilityService           : [lab8-additional-service] observability refresh
window 10s
  calc.additional.maxViewersSummary             n= 1396 err=   0 errRate=  0.00% avg=   41.89 min=   12.85 max=  288.00 p50=   24.13 p95=  110.05 p99=  197.22 rps= 139.60
  controller.AnalyticsController.maxViewersSummary n= 1396 err=   0 errRate=  0.00% avg=   42.10 min=   12.93 max=  288.21 p50=   24.29 p95=  110.15 p99=  197.43 rps= 139.60
  s2s.crud.fetchAllTickets                      n= 1396 err=   0 errRate=  0.00% avg=   40.66 min=   12.82 max=  221.30 p50=   24.10 p95=  106.78 p99=  175.66 rps= 139.60
  s2s.crud.fetchFilms                           n=    1 err=   0 errRate=  0.00% avg=  131.82 min=  131.82 max=  131.82 p50=  131.82 p95=  131.82 p99=  131.82 rps=   0.10
window 30s
  calc.additional.maxViewersSummary             n= 3916 err=   0 errRate=  0.00% avg=   52.68 min=   12.85 max=  360.77 p50=   29.69 p95=  116.83 p99=  196.83 rps= 130.53
  controller.AnalyticsController.maxViewersSummary n= 3916 err=   0 errRate=  0.00% avg=   53.00 min=   12.93 max=  361.09 p50=   29.97 p95=  117.11 p99=  197.11 rps= 130.53
  s2s.crud.fetchAllTickets                      n= 3916 err=   0 errRate=  0.00% avg=   52.19 min=   12.82 max=  360.73 p50=   29.65 p95=  114.68 p99=  190.96 rps= 130.53
  s2s.crud.fetchFilms                           n=    1 err=   0 errRate=  0.00% avg=  131.82 min=  131.82 max=  131.82 p50=  131.82 p95=  131.82 p99=  131.82 rps=   0.03
window 1m
  calc.additional.maxViewersSummary             n= 7642 err=   0 errRate=  0.00% avg=   58.90 min=   12.85 max=  395.11 p50=   33.17 p95=  122.55 p99=  199.04 rps= 127.37
  controller.AnalyticsController.maxViewersSummary n= 7642 err=   0 errRate=  0.00% avg=   59.23 min=   12.93 max=  395.28 p50=   33.37 p95=  122.96 p99=  200.91 rps= 127.37
  s2s.crud.fetchAllTickets                      n= 7642 err=   0 errRate=  0.00% avg=   58.43 min=   12.82 max=  395.06 p50=   33.12 p95=  121.06 p99=  198.35 rps= 127.37
  s2s.crud.fetchFilms                           n=    2 err=   0 errRate=  0.00% avg=  127.65 min=  123.48 max=  131.82 p50=  127.65 p95=  131.40 p99=  131.73 rps=   0.03

2026-05-06T20:59:20.813Z  INFO 1 --- [lab8-additional-service] [   scheduling-1] r.h.l.a.o.ObservabilityService           : [lab8-additional-service] observability refresh
window 10s
  calc.additional.maxViewersSummary             n= 1391 err=   0 errRate=  0.00% avg=   43.73 min=   12.85 max=  288.00 p50=   25.77 p95=  111.92 p99=  198.34 rps= 139.10
  controller.AnalyticsController.maxViewersSummary n= 1391 err=   0 errRate=  0.00% avg=   43.94 min=   12.93 max=  288.21 p50=   25.90 p95=  112.04 p99=  199.15 rps= 139.10
  s2s.crud.fetchAllTickets                      n= 1391 err=   0 errRate=  0.00% avg=   42.49 min=   12.82 max=  221.30 p50=   25.74 p95=  108.12 p99=  185.52 rps= 139.10
  s2s.crud.fetchFilms                           n=    1 err=   0 errRate=  0.00% avg=  131.82 min=  131.82 max=  131.82 p50=  131.82 p95=  131.82 p99=  131.82 rps=   0.10
window 30s
  calc.additional.maxViewersSummary             n= 3902 err=   0 errRate=  0.00% avg=   52.71 min=   12.85 max=  360.77 p50=   29.94 p95=  115.98 p99=  197.04 rps= 130.07
  controller.AnalyticsController.maxViewersSummary n= 3902 err=   0 errRate=  0.00% avg=   53.02 min=   12.93 max=  361.09 p50=   30.27 p95=  116.57 p99=  197.34 rps= 130.07
  s2s.crud.fetchAllTickets                      n= 3902 err=   0 errRate=  0.00% avg=   52.21 min=   12.82 max=  360.73 p50=   29.89 p95=  114.09 p99=  191.30 rps= 130.07
  s2s.crud.fetchFilms                           n=    1 err=   0 errRate=  0.00% avg=  131.82 min=  131.82 max=  131.82 p50=  131.82 p95=  131.82 p99=  131.82 rps=   0.03
window 1m
  calc.additional.maxViewersSummary             n= 7651 err=   0 errRate=  0.00% avg=   58.57 min=   12.85 max=  395.11 p50=   32.94 p95=  122.16 p99=  199.03 rps= 127.52
  controller.AnalyticsController.maxViewersSummary n= 7651 err=   0 errRate=  0.00% avg=   58.90 min=   12.93 max=  395.28 p50=   33.20 p95=  122.38 p99=  200.91 rps= 127.52
  s2s.crud.fetchAllTickets                      n= 7651 err=   0 errRate=  0.00% avg=   58.10 min=   12.82 max=  395.06 p50=   32.87 p95=  120.24 p99=  198.35 rps= 127.52
  s2s.crud.fetchFilms                           n=    2 err=   0 errRate=  0.00% avg=  127.65 min=  123.48 max=  131.82 p50=  127.65 p95=  131.40 p99=  131.73 rps=   0.03

2026-05-06T20:59:21.818Z  INFO 1 --- [lab8-additional-service] [   scheduling-1] r.h.l.a.o.ObservabilityService           : [lab8-additional-service] observability refresh
window 10s
  calc.additional.maxViewersSummary             n= 1400 err=   0 errRate=  0.00% avg=   43.11 min=   12.85 max=  288.00 p50=   26.20 p95=  108.97 p99=  194.70 rps= 140.00
  controller.AnalyticsController.maxViewersSummary n= 1400 err=   0 errRate=  0.00% avg=   43.33 min=   12.93 max=  288.21 p50=   26.42 p95=  109.52 p99=  194.88 rps= 140.00
  s2s.crud.fetchAllTickets                      n= 1400 err=   0 errRate=  0.00% avg=   42.83 min=   12.82 max=  221.30 p50=   26.16 p95=  108.93 p99=  185.31 rps= 140.00
window 30s
  calc.additional.maxViewersSummary             n= 3931 err=   0 errRate=  0.00% avg=   51.65 min=   12.85 max=  360.77 p50=   29.12 p95=  115.89 p99=  196.79 rps= 131.03
  controller.AnalyticsController.maxViewersSummary n= 3931 err=   0 errRate=  0.00% avg=   51.96 min=   12.93 max=  361.09 p50=   29.39 p95=  116.33 p99=  197.08 rps= 131.03
  s2s.crud.fetchAllTickets                      n= 3931 err=   0 errRate=  0.00% avg=   51.16 min=   12.82 max=  360.73 p50=   29.09 p95=  114.06 p99=  190.86 rps= 131.03
  s2s.crud.fetchFilms                           n=    1 err=   0 errRate=  0.00% avg=  131.82 min=  131.82 max=  131.82 p50=  131.82 p95=  131.82 p99=  131.82 rps=   0.03
window 1m
  calc.additional.maxViewersSummary             n= 7653 err=   0 errRate=  0.00% avg=   58.22 min=   12.85 max=  395.11 p50=   32.56 p95=  121.86 p99=  199.03 rps= 127.55
  controller.AnalyticsController.maxViewersSummary n= 7653 err=   0 errRate=  0.00% avg=   58.55 min=   12.93 max=  395.28 p50=   32.77 p95=  122.11 p99=  200.91 rps= 127.55
  s2s.crud.fetchAllTickets                      n= 7653 err=   0 errRate=  0.00% avg=   57.75 min=   12.82 max=  395.06 p50=   32.50 p95=  120.13 p99=  198.35 rps= 127.55
  s2s.crud.fetchFilms                           n=    2 err=   0 errRate=  0.00% avg=  127.65 min=  123.48 max=  131.82 p50=  127.65 p95=  131.40 p99=  131.73 rps=   0.03

2026-05-06T20:59:22.829Z  INFO 1 --- [lab8-additional-service] [   scheduling-1] r.h.l.a.o.ObservabilityService           : [lab8-additional-service] observability refresh
window 10s
  calc.additional.maxViewersSummary             n= 1425 err=   0 errRate=  0.00% avg=   39.99 min=   12.85 max=  221.34 p50=   24.96 p95=  106.19 p99=  182.61 rps= 142.50
  controller.AnalyticsController.maxViewersSummary n= 1425 err=   0 errRate=  0.00% avg=   40.20 min=   12.93 max=  221.48 p50=   25.14 p95=  106.57 p99=  183.27 rps= 142.50
  s2s.crud.fetchAllTickets                      n= 1425 err=   0 errRate=  0.00% avg=   39.94 min=   12.82 max=  221.30 p50=   24.86 p95=  106.15 p99=  182.57 rps= 142.50
window 30s
  calc.additional.maxViewersSummary             n= 4000 err=   0 errRate=  0.00% avg=   49.28 min=   12.85 max=  360.77 p50=   28.01 p95=  113.08 p99=  191.11 rps= 133.33
  controller.AnalyticsController.maxViewersSummary n= 4000 err=   0 errRate=  0.00% avg=   49.56 min=   12.93 max=  361.09 p50=   28.21 p95=  113.27 p99=  191.24 rps= 133.33
  s2s.crud.fetchAllTickets                      n= 4000 err=   0 errRate=  0.00% avg=   48.80 min=   12.82 max=  360.73 p50=   27.98 p95=  111.84 p99=  181.78 rps= 133.33
  s2s.crud.fetchFilms                           n=    1 err=   0 errRate=  0.00% avg=  131.82 min=  131.82 max=  131.82 p50=  131.82 p95=  131.82 p99=  131.82 rps=   0.03
window 1m
  calc.additional.maxViewersSummary             n= 7673 err=   0 errRate=  0.00% avg=   57.72 min=   12.85 max=  395.11 p50=   32.21 p95=  121.77 p99=  199.02 rps= 127.88
  controller.AnalyticsController.maxViewersSummary n= 7673 err=   0 errRate=  0.00% avg=   58.05 min=   12.93 max=  395.28 p50=   32.44 p95=  122.09 p99=  200.90 rps= 127.88
  s2s.crud.fetchAllTickets                      n= 7673 err=   0 errRate=  0.00% avg=   57.25 min=   12.82 max=  395.06 p50=   32.15 p95=  120.09 p99=  198.35 rps= 127.88
  s2s.crud.fetchFilms                           n=    2 err=   0 errRate=  0.00% avg=  127.65 min=  123.48 max=  131.82 p50=  127.65 p95=  131.40 p99=  131.73 rps=   0.03

2026-05-06T20:59:23.836Z  INFO 1 --- [lab8-additional-service] [   scheduling-1] r.h.l.a.o.ObservabilityService           : [lab8-additional-service] observability refresh
window 10s
  calc.additional.maxViewersSummary             n= 1449 err=   0 errRate=  0.00% avg=   37.26 min=   12.85 max=  221.34 p50=   23.24 p95=  104.87 p99=  179.90 rps= 144.90
  controller.AnalyticsController.maxViewersSummary n= 1449 err=   0 errRate=  0.00% avg=   37.47 min=   12.93 max=  221.48 p50=   23.36 p95=  105.59 p99=  180.64 rps= 144.90
  s2s.crud.fetchAllTickets                      n= 1449 err=   0 errRate=  0.00% avg=   37.21 min=   12.82 max=  221.30 p50=   23.18 p95=  104.83 p99=  179.86 rps= 144.90
window 30s
  calc.additional.maxViewersSummary             n= 4091 err=   0 errRate=  0.00% avg=   46.68 min=   12.85 max=  360.77 p50=   26.80 p95=  112.21 p99=  187.71 rps= 136.37
  controller.AnalyticsController.maxViewersSummary n= 4091 err=   0 errRate=  0.00% avg=   46.93 min=   12.93 max=  361.09 p50=   27.01 p95=  112.32 p99=  188.08 rps= 136.37
  s2s.crud.fetchAllTickets                      n= 4091 err=   0 errRate=  0.00% avg=   46.22 min=   12.82 max=  360.73 p50=   26.75 p95=  110.87 p99=  177.28 rps= 136.37
  s2s.crud.fetchFilms                           n=    1 err=   0 errRate=  0.00% avg=  131.82 min=  131.82 max=  131.82 p50=  131.82 p95=  131.82 p99=  131.82 rps=   0.03
window 1m
  calc.additional.maxViewersSummary             n= 7724 err=   0 errRate=  0.00% avg=   56.72 min=   12.85 max=  395.11 p50=   31.31 p95=  121.53 p99=  198.98 rps= 128.73
  controller.AnalyticsController.maxViewersSummary n= 7724 err=   0 errRate=  0.00% avg=   57.04 min=   12.93 max=  395.28 p50=   31.52 p95=  121.77 p99=  200.70 rps= 128.73
  s2s.crud.fetchAllTickets                      n= 7724 err=   0 errRate=  0.00% avg=   56.25 min=   12.82 max=  395.06 p50=   31.25 p95=  119.90 p99=  198.22 rps= 128.73
  s2s.crud.fetchFilms                           n=    2 err=   0 errRate=  0.00% avg=  127.65 min=  123.48 max=  131.82 p50=  127.65 p95=  131.40 p99=  131.73 rps=   0.03

2026-05-06T20:59:24.842Z  INFO 1 --- [lab8-additional-service] [   scheduling-1] r.h.l.a.o.ObservabilityService           : [lab8-additional-service] observability refresh
window 10s
  calc.additional.maxViewersSummary             n= 1467 err=   0 errRate=  0.00% avg=   36.81 min=   13.07 max=  221.34 p50=   22.48 p95=  104.70 p99=  177.87 rps= 146.70
  controller.AnalyticsController.maxViewersSummary n= 1467 err=   0 errRate=  0.00% avg=   37.02 min=   13.15 max=  221.48 p50=   22.71 p95=  105.31 p99=  178.67 rps= 146.70
  s2s.crud.fetchAllTickets                      n= 1467 err=   0 errRate=  0.00% avg=   36.75 min=   13.04 max=  221.30 p50=   22.42 p95=  104.67 p99=  177.82 rps= 146.70
window 30s
  calc.additional.maxViewersSummary             n= 4120 err=   0 errRate=  0.00% avg=   45.47 min=   12.85 max=  360.77 p50=   26.19 p95=  111.43 p99=  187.63 rps= 137.33
  controller.AnalyticsController.maxViewersSummary n= 4120 err=   0 errRate=  0.00% avg=   45.72 min=   12.93 max=  361.09 p50=   26.41 p95=  111.58 p99=  187.98 rps= 137.33
  s2s.crud.fetchAllTickets                      n= 4119 err=   0 errRate=  0.00% avg=   45.01 min=   12.82 max=  360.73 p50=   26.15 p95=  109.98 p99=  176.64 rps= 137.30
  s2s.crud.fetchFilms                           n=    1 err=   0 errRate=  0.00% avg=  131.82 min=  131.82 max=  131.82 p50=  131.82 p95=  131.82 p99=  131.82 rps=   0.03
window 1m
  calc.additional.maxViewersSummary             n= 7766 err=   0 errRate=  0.00% avg=   55.50 min=   12.85 max=  395.11 p50=   30.36 p95=  120.20 p99=  198.95 rps= 129.43
  controller.AnalyticsController.maxViewersSummary n= 7766 err=   0 errRate=  0.00% avg=   55.83 min=   12.93 max=  395.28 p50=   30.63 p95=  120.43 p99=  200.17 rps= 129.43
  s2s.crud.fetchAllTickets                      n= 7766 err=   0 errRate=  0.00% avg=   55.04 min=   12.82 max=  395.06 p50=   30.31 p95=  117.88 p99=  198.05 rps= 129.43
  s2s.crud.fetchFilms                           n=    2 err=   0 errRate=  0.00% avg=  127.65 min=  123.48 max=  131.82 p50=  127.65 p95=  131.40 p99=  131.73 rps=   0.03

2026-05-06T20:59:25.854Z  INFO 1 --- [lab8-additional-service] [   scheduling-1] r.h.l.a.o.ObservabilityService           : [lab8-additional-service] observability refresh
window 10s
  calc.additional.maxViewersSummary             n= 1485 err=   0 errRate=  0.00% avg=   34.95 min=   13.08 max=  221.34 p50=   22.19 p95=  102.69 p99=  175.84 rps= 148.50
  controller.AnalyticsController.maxViewersSummary n= 1485 err=   0 errRate=  0.00% avg=   35.17 min=   13.17 max=  221.48 p50=   22.39 p95=  103.81 p99=  176.70 rps= 148.50
  s2s.crud.fetchAllTickets                      n= 1485 err=   0 errRate=  0.00% avg=   34.89 min=   13.05 max=  221.30 p50=   22.14 p95=  102.66 p99=  175.78 rps= 148.50
window 30s
  calc.additional.maxViewersSummary             n= 4151 err=   0 errRate=  0.00% avg=   44.28 min=   12.85 max=  360.77 p50=   25.72 p95=  110.95 p99=  187.53 rps= 138.37
  controller.AnalyticsController.maxViewersSummary n= 4151 err=   0 errRate=  0.00% avg=   44.52 min=   12.93 max=  361.09 p50=   25.91 p95=  111.26 p99=  187.92 rps= 138.37
  s2s.crud.fetchAllTickets                      n= 4151 err=   0 errRate=  0.00% avg=   43.82 min=   12.82 max=  360.73 p50=   25.69 p95=  109.60 p99=  176.28 rps= 138.37
  s2s.crud.fetchFilms                           n=    1 err=   0 errRate=  0.00% avg=  131.82 min=  131.82 max=  131.82 p50=  131.82 p95=  131.82 p99=  131.82 rps=   0.03
window 1m
  calc.additional.maxViewersSummary             n= 7802 err=   0 errRate=  0.00% avg=   54.91 min=   12.85 max=  395.11 p50=   30.16 p95=  120.12 p99=  198.94 rps= 130.03
  controller.AnalyticsController.maxViewersSummary n= 7803 err=   0 errRate=  0.00% avg=   55.22 min=   12.93 max=  395.28 p50=   30.44 p95=  120.38 p99=  200.08 rps= 130.05
  s2s.crud.fetchAllTickets                      n= 7802 err=   0 errRate=  0.00% avg=   54.44 min=   12.82 max=  395.06 p50=   30.11 p95=  117.57 p99=  198.02 rps= 130.03
  s2s.crud.fetchFilms                           n=    2 err=   0 errRate=  0.00% avg=  127.65 min=  123.48 max=  131.82 p50=  127.65 p95=  131.40 p99=  131.73 rps=   0.03

2026-05-06T20:59:26.864Z  INFO 1 --- [lab8-additional-service] [   scheduling-1] r.h.l.a.o.ObservabilityService           : [lab8-additional-service] observability refresh
window 10s
  calc.additional.maxViewersSummary             n= 1473 err=   0 errRate=  0.00% avg=   35.50 min=   13.08 max=  221.34 p50=   22.10 p95=  103.18 p99=  177.19 rps= 147.30
  controller.AnalyticsController.maxViewersSummary n= 1473 err=   0 errRate=  0.00% avg=   35.72 min=   13.17 max=  221.48 p50=   22.29 p95=  103.87 p99=  178.02 rps= 147.30
  s2s.crud.fetchAllTickets                      n= 1473 err=   0 errRate=  0.00% avg=   35.44 min=   13.05 max=  221.30 p50=   22.06 p95=  103.15 p99=  177.14 rps= 147.30
window 30s
  calc.additional.maxViewersSummary             n= 4160 err=   0 errRate=  0.00% avg=   43.90 min=   12.85 max=  360.77 p50=   25.49 p95=  110.78 p99=  187.50 rps= 138.67
  controller.AnalyticsController.maxViewersSummary n= 4160 err=   0 errRate=  0.00% avg=   44.13 min=   12.93 max=  361.09 p50=   25.72 p95=  110.98 p99=  187.89 rps= 138.67
  s2s.crud.fetchAllTickets                      n= 4160 err=   0 errRate=  0.00% avg=   43.44 min=   12.82 max=  360.73 p50=   25.44 p95=  109.28 p99=  176.17 rps= 138.67
  s2s.crud.fetchFilms                           n=    1 err=   0 errRate=  0.00% avg=  131.82 min=  131.82 max=  131.82 p50=  131.82 p95=  131.82 p99=  131.82 rps=   0.03
window 1m
  calc.additional.maxViewersSummary             n= 7820 err=   0 errRate=  0.00% avg=   54.29 min=   12.85 max=  395.11 p50=   29.86 p95=  119.39 p99=  198.92 rps= 130.33
  controller.AnalyticsController.maxViewersSummary n= 7820 err=   0 errRate=  0.00% avg=   54.61 min=   12.93 max=  395.28 p50=   30.13 p95=  119.75 p99=  200.03 rps= 130.33
  s2s.crud.fetchAllTickets                      n= 7820 err=   0 errRate=  0.00% avg=   53.83 min=   12.82 max=  395.06 p50=   29.80 p95=  116.94 p99=  198.02 rps= 130.33
  s2s.crud.fetchFilms                           n=    2 err=   0 errRate=  0.00% avg=  127.65 min=  123.48 max=  131.82 p50=  127.65 p95=  131.40 p99=  131.73 rps=   0.03

2026-05-06T20:59:27.870Z  INFO 1 --- [lab8-additional-service] [   scheduling-1] r.h.l.a.o.ObservabilityService           : [lab8-additional-service] observability refresh
window 10s
  calc.additional.maxViewersSummary             n= 1503 err=   0 errRate=  0.00% avg=   33.95 min=   13.08 max=  221.34 p50=   22.47 p95=   99.90 p99=  173.15 rps= 150.30
  controller.AnalyticsController.maxViewersSummary n= 1503 err=   0 errRate=  0.00% avg=   34.17 min=   13.17 max=  221.48 p50=   22.65 p95=  100.56 p99=  174.06 rps= 150.30
  s2s.crud.fetchAllTickets                      n= 1503 err=   0 errRate=  0.00% avg=   33.89 min=   13.05 max=  221.30 p50=   22.42 p95=   99.85 p99=  173.10 rps= 150.30
window 30s
  calc.additional.maxViewersSummary             n= 4201 err=   0 errRate=  0.00% avg=   42.52 min=   12.85 max=  360.77 p50=   25.17 p95=  108.40 p99=  186.32 rps= 140.03
  controller.AnalyticsController.maxViewersSummary n= 4201 err=   0 errRate=  0.00% avg=   42.75 min=   12.93 max=  361.09 p50=   25.40 p95=  108.52 p99=  186.42 rps= 140.03
  s2s.crud.fetchAllTickets                      n= 4201 err=   0 errRate=  0.00% avg=   42.06 min=   12.82 max=  360.73 p50=   25.13 p95=  107.51 p99=  164.35 rps= 140.03
  s2s.crud.fetchFilms                           n=    1 err=   0 errRate=  0.00% avg=  131.82 min=  131.82 max=  131.82 p50=  131.82 p95=  131.82 p99=  131.82 rps=   0.03
window 1m
  calc.additional.maxViewersSummary             n= 7877 err=   0 errRate=  0.00% avg=   53.44 min=   12.85 max=  395.11 p50=   29.50 p95=  118.49 p99=  198.87 rps= 131.28
  controller.AnalyticsController.maxViewersSummary n= 7877 err=   0 errRate=  0.00% avg=   53.76 min=   12.93 max=  395.28 p50=   29.73 p95=  118.85 p99=  199.89 rps= 131.28
  s2s.crud.fetchAllTickets                      n= 7877 err=   0 errRate=  0.00% avg=   52.99 min=   12.82 max=  395.06 p50=   29.46 p95=  116.30 p99=  198.01 rps= 131.28
  s2s.crud.fetchFilms                           n=    2 err=   0 errRate=  0.00% avg=  127.65 min=  123.48 max=  131.82 p50=  127.65 p95=  131.40 p99=  131.73 rps=   0.03

2026-05-06T20:59:28.875Z  INFO 1 --- [lab8-additional-service] [   scheduling-1] r.h.l.a.o.ObservabilityService           : [lab8-additional-service] observability refresh
window 10s
  calc.additional.maxViewersSummary             n= 1482 err=   0 errRate=  0.00% avg=   34.30 min=   13.05 max=  221.34 p50=   22.85 p95=  100.01 p99=  176.18 rps= 148.20
  controller.AnalyticsController.maxViewersSummary n= 1482 err=   0 errRate=  0.00% avg=   34.52 min=   13.14 max=  221.48 p50=   23.12 p95=  100.63 p99=  177.03 rps= 148.20
  s2s.crud.fetchAllTickets                      n= 1482 err=   0 errRate=  0.00% avg=   34.24 min=   13.01 max=  221.30 p50=   22.80 p95=   99.97 p99=  176.12 rps= 148.20
window 30s
  calc.additional.maxViewersSummary             n= 4185 err=   0 errRate=  0.00% avg=   42.94 min=   12.85 max=  360.77 p50=   25.70 p95=  108.48 p99=  186.32 rps= 139.50
  controller.AnalyticsController.maxViewersSummary n= 4185 err=   0 errRate=  0.00% avg=   43.17 min=   12.93 max=  361.09 p50=   25.89 p95=  108.60 p99=  186.47 rps= 139.50
  s2s.crud.fetchAllTickets                      n= 4185 err=   0 errRate=  0.00% avg=   42.48 min=   12.82 max=  360.73 p50=   25.66 p95=  107.53 p99=  164.56 rps= 139.50
  s2s.crud.fetchFilms                           n=    1 err=   0 errRate=  0.00% avg=  131.82 min=  131.82 max=  131.82 p50=  131.82 p95=  131.82 p99=  131.82 rps=   0.03
window 1m
  calc.additional.maxViewersSummary             n= 7910 err=   0 errRate=  0.00% avg=   52.72 min=   12.85 max=  395.11 p50=   29.16 p95=  117.26 p99=  198.84 rps= 131.83
  controller.AnalyticsController.maxViewersSummary n= 7910 err=   0 errRate=  0.00% avg=   53.03 min=   12.93 max=  395.28 p50=   29.41 p95=  117.68 p99=  199.82 rps= 131.83
  s2s.crud.fetchAllTickets                      n= 7910 err=   0 errRate=  0.00% avg=   52.26 min=   12.82 max=  395.06 p50=   29.11 p95=  115.45 p99=  197.95 rps= 131.83
  s2s.crud.fetchFilms                           n=    2 err=   0 errRate=  0.00% avg=  127.65 min=  123.48 max=  131.82 p50=  127.65 p95=  131.40 p99=  131.73 rps=   0.03

2026-05-06T20:59:29.064Z  INFO 1 --- [lab8-additional-service] [   scheduling-1] r.h.l.a.service.FilmCacheService         : film-cache stats: size=310 ttlMs=30000 lastRefreshAtMs=1778101151515 hits=19937 misses=6 refreshes=6
2026-05-06T20:59:29.884Z  INFO 1 --- [lab8-additional-service] [   scheduling-1] r.h.l.a.o.ObservabilityService           : [lab8-additional-service] observability refresh
window 10s
  calc.additional.maxViewersSummary             n= 1541 err=   0 errRate=  0.00% avg=   30.44 min=   13.05 max=  201.97 p50=   21.33 p95=   93.79 p99=  116.85 rps= 154.10
  controller.AnalyticsController.maxViewersSummary n= 1541 err=   0 errRate=  0.00% avg=   30.64 min=   13.14 max=  202.66 p50=   21.50 p95=   94.31 p99=  116.94 rps= 154.10
  s2s.crud.fetchAllTickets                      n= 1541 err=   0 errRate=  0.00% avg=   30.38 min=   13.01 max=  201.94 p50=   21.28 p95=   93.75 p99=  116.82 rps= 154.10
window 30s
  calc.additional.maxViewersSummary             n= 4226 err=   0 errRate=  0.00% avg=   42.17 min=   12.85 max=  360.77 p50=   25.27 p95=  108.63 p99=  185.39 rps= 140.87
  controller.AnalyticsController.maxViewersSummary n= 4226 err=   0 errRate=  0.00% avg=   42.39 min=   12.93 max=  361.09 p50=   25.51 p95=  108.80 p99=  185.80 rps= 140.87
  s2s.crud.fetchAllTickets                      n= 4226 err=   0 errRate=  0.00% avg=   41.71 min=   12.82 max=  360.73 p50=   25.22 p95=  107.57 p99=  158.33 rps= 140.87
  s2s.crud.fetchFilms                           n=    1 err=   0 errRate=  0.00% avg=  131.82 min=  131.82 max=  131.82 p50=  131.82 p95=  131.82 p99=  131.82 rps=   0.03
window 1m
  calc.additional.maxViewersSummary             n= 7943 err=   0 errRate=  0.00% avg=   51.90 min=   12.85 max=  360.77 p50=   28.85 p95=  116.59 p99=  198.19 rps= 132.38
  controller.AnalyticsController.maxViewersSummary n= 7943 err=   0 errRate=  0.00% avg=   52.21 min=   12.93 max=  361.09 p50=   29.10 p95=  116.90 p99=  198.71 rps= 132.38
  s2s.crud.fetchAllTickets                      n= 7943 err=   0 errRate=  0.00% avg=   51.44 min=   12.82 max=  360.73 p50=   28.80 p95=  114.58 p99=  194.92 rps= 132.38
  s2s.crud.fetchFilms                           n=    2 err=   0 errRate=  0.00% avg=  127.65 min=  123.48 max=  131.82 p50=  127.65 p95=  131.40 p99=  131.73 rps=   0.03

2026-05-06T20:59:30.891Z  INFO 1 --- [lab8-additional-service] [   scheduling-1] r.h.l.a.o.ObservabilityService           : [lab8-additional-service] observability refresh
window 10s
  calc.additional.maxViewersSummary             n= 1553 err=   0 errRate=  0.00% avg=   28.90 min=   13.05 max=  163.97 p50=   21.27 p95=   79.92 p99=  114.78 rps= 155.30
  controller.AnalyticsController.maxViewersSummary n= 1553 err=   0 errRate=  0.00% avg=   29.10 min=   13.14 max=  164.09 p50=   21.48 p95=   80.06 p99=  115.18 rps= 155.30
  s2s.crud.fetchAllTickets                      n= 1553 err=   0 errRate=  0.00% avg=   28.85 min=   13.01 max=  163.78 p50=   21.22 p95=   79.88 p99=  114.75 rps= 155.30
window 30s
  calc.additional.maxViewersSummary             n= 4253 err=   0 errRate=  0.00% avg=   41.24 min=   12.85 max=  360.77 p50=   25.32 p95=  108.12 p99=  185.37 rps= 141.77
  controller.AnalyticsController.maxViewersSummary n= 4253 err=   0 errRate=  0.00% avg=   41.46 min=   12.93 max=  361.09 p50=   25.55 p95=  108.22 p99=  185.69 rps= 141.77
  s2s.crud.fetchAllTickets                      n= 4253 err=   0 errRate=  0.00% avg=   40.80 min=   12.82 max=  360.73 p50=   25.24 p95=  107.36 p99=  157.88 rps= 141.77
  s2s.crud.fetchFilms                           n=    1 err=   0 errRate=  0.00% avg=  131.82 min=  131.82 max=  131.82 p50=  131.82 p95=  131.82 p99=  131.82 rps=   0.03
window 1m
  calc.additional.maxViewersSummary             n= 7946 err=   0 errRate=  0.00% avg=   51.83 min=   12.85 max=  360.77 p50=   29.05 p95=  116.58 p99=  198.19 rps= 132.43
  controller.AnalyticsController.maxViewersSummary n= 7946 err=   0 errRate=  0.00% avg=   52.14 min=   12.93 max=  361.09 p50=   29.26 p95=  116.90 p99=  198.71 rps= 132.43
  s2s.crud.fetchAllTickets                      n= 7946 err=   0 errRate=  0.00% avg=   51.38 min=   12.82 max=  360.73 p50=   29.01 p95=  114.58 p99=  194.90 rps= 132.43
  s2s.crud.fetchFilms                           n=    2 err=   0 errRate=  0.00% avg=  127.65 min=  123.48 max=  131.82 p50=  127.65 p95=  131.40 p99=  131.73 rps=   0.03

2026-05-06T20:59:31.896Z  INFO 1 --- [lab8-additional-service] [   scheduling-1] r.h.l.a.o.ObservabilityService           : [lab8-additional-service] observability refresh
window 10s
  calc.additional.maxViewersSummary             n= 1523 err=   0 errRate=  0.00% avg=   30.27 min=   13.05 max=  163.97 p50=   22.19 p95=   84.10 p99=  101.09 rps= 152.30
  controller.AnalyticsController.maxViewersSummary n= 1523 err=   0 errRate=  0.00% avg=   30.47 min=   13.14 max=  164.09 p50=   22.33 p95=   84.21 p99=  101.20 rps= 152.30
  s2s.crud.fetchAllTickets                      n= 1523 err=   0 errRate=  0.00% avg=   30.22 min=   13.01 max=  163.78 p50=   22.14 p95=   84.07 p99=  101.06 rps= 152.30
window 30s
  calc.additional.maxViewersSummary             n= 4230 err=   0 errRate=  0.00% avg=   41.16 min=   12.85 max=  360.77 p50=   25.62 p95=  107.81 p99=  185.38 rps= 141.00
  controller.AnalyticsController.maxViewersSummary n= 4230 err=   0 errRate=  0.00% avg=   41.37 min=   12.93 max=  361.09 p50=   25.81 p95=  107.96 p99=  185.78 rps= 141.00
  s2s.crud.fetchAllTickets                      n= 4230 err=   0 errRate=  0.00% avg=   40.71 min=   12.82 max=  360.73 p50=   25.58 p95=  106.93 p99=  158.26 rps= 141.00
  s2s.crud.fetchFilms                           n=    1 err=   0 errRate=  0.00% avg=  131.82 min=  131.82 max=  131.82 p50=  131.82 p95=  131.82 p99=  131.82 rps=   0.03
window 1m
  calc.additional.maxViewersSummary             n= 7922 err=   0 errRate=  0.00% avg=   51.85 min=   12.85 max=  360.77 p50=   29.31 p95=  116.65 p99=  198.21 rps= 132.03
  controller.AnalyticsController.maxViewersSummary n= 7922 err=   0 errRate=  0.00% avg=   52.16 min=   12.93 max=  361.09 p50=   29.55 p95=  117.05 p99=  198.72 rps= 132.03
  s2s.crud.fetchAllTickets                      n= 7922 err=   0 errRate=  0.00% avg=   51.40 min=   12.82 max=  360.73 p50=   29.27 p95=  114.65 p99=  195.02 rps= 132.03
  s2s.crud.fetchFilms                           n=    2 err=   0 errRate=  0.00% avg=  127.65 min=  123.48 max=  131.82 p50=  127.65 p95=  131.40 p99=  131.73 rps=   0.03

2026-05-06T20:59:32.903Z  INFO 1 --- [lab8-additional-service] [   scheduling-1] r.h.l.a.o.ObservabilityService           : [lab8-additional-service] observability refresh
window 10s
  calc.additional.maxViewersSummary             n= 1473 err=   0 errRate=  0.00% avg=   32.70 min=   13.05 max=  163.97 p50=   22.71 p95=   93.65 p99=  129.02 rps= 147.30
  controller.AnalyticsController.maxViewersSummary n= 1473 err=   0 errRate=  0.00% avg=   32.90 min=   13.14 max=  164.09 p50=   22.94 p95=   93.84 p99=  129.18 rps= 147.30
  s2s.crud.fetchAllTickets                      n= 1473 err=   0 errRate=  0.00% avg=   32.65 min=   13.01 max=  163.78 p50=   22.61 p95=   93.61 p99=  128.99 rps= 147.30
window 30s
  calc.additional.maxViewersSummary             n= 4210 err=   0 errRate=  0.00% avg=   41.24 min=   12.85 max=  360.77 p50=   25.46 p95=  108.59 p99=  185.40 rps= 140.33
  controller.AnalyticsController.maxViewersSummary n= 4210 err=   0 errRate=  0.00% avg=   41.46 min=   12.93 max=  361.09 p50=   25.67 p95=  108.76 p99=  185.86 rps= 140.33
  s2s.crud.fetchAllTickets                      n= 4210 err=   0 errRate=  0.00% avg=   40.80 min=   12.82 max=  360.73 p50=   25.40 p95=  107.43 p99=  158.60 rps= 140.33
  s2s.crud.fetchFilms                           n=    1 err=   0 errRate=  0.00% avg=  131.82 min=  131.82 max=  131.82 p50=  131.82 p95=  131.82 p99=  131.82 rps=   0.03
window 1m
  calc.additional.maxViewersSummary             n= 7912 err=   0 errRate=  0.00% avg=   51.46 min=   12.85 max=  360.77 p50=   29.10 p95=  116.68 p99=  198.13 rps= 131.87
  controller.AnalyticsController.maxViewersSummary n= 7912 err=   0 errRate=  0.00% avg=   51.76 min=   12.93 max=  361.09 p50=   29.31 p95=  116.89 p99=  198.67 rps= 131.87
  s2s.crud.fetchAllTickets                      n= 7912 err=   0 errRate=  0.00% avg=   51.00 min=   12.82 max=  360.73 p50=   29.07 p95=  114.52 p99=  194.63 rps= 131.87
  s2s.crud.fetchFilms                           n=    2 err=   0 errRate=  0.00% avg=  127.65 min=  123.48 max=  131.82 p50=  127.65 p95=  131.40 p99=  131.73 rps=   0.03

2026-05-06T20:59:33.908Z  INFO 1 --- [lab8-additional-service] [   scheduling-1] r.h.l.a.o.ObservabilityService           : [lab8-additional-service] observability refresh
window 10s
  calc.additional.maxViewersSummary             n= 1419 err=   0 errRate=  0.00% avg=   35.52 min=   13.05 max=  163.97 p50=   24.66 p95=   96.33 p99=  129.40 rps= 141.90
  controller.AnalyticsController.maxViewersSummary n= 1419 err=   0 errRate=  0.00% avg=   35.72 min=   13.14 max=  164.09 p50=   24.86 p95=   96.76 p99=  129.58 rps= 141.90
  s2s.crud.fetchAllTickets                      n= 1419 err=   0 errRate=  0.00% avg=   35.47 min=   13.01 max=  163.78 p50=   24.56 p95=   96.28 p99=  129.37 rps= 141.90
window 30s
  calc.additional.maxViewersSummary             n= 4205 err=   0 errRate=  0.00% avg=   41.20 min=   12.85 max=  360.77 p50=   25.44 p95=  108.70 p99=  185.40 rps= 140.17
  controller.AnalyticsController.maxViewersSummary n= 4205 err=   0 errRate=  0.00% avg=   41.41 min=   12.93 max=  361.09 p50=   25.66 p95=  108.89 p99=  185.88 rps= 140.17
  s2s.crud.fetchAllTickets                      n= 4205 err=   0 errRate=  0.00% avg=   40.76 min=   12.82 max=  360.73 p50=   25.39 p95=  107.39 p99=  158.68 rps= 140.17
  s2s.crud.fetchFilms                           n=    1 err=   0 errRate=  0.00% avg=  131.82 min=  131.82 max=  131.82 p50=  131.82 p95=  131.82 p99=  131.82 rps=   0.03
window 1m
  calc.additional.maxViewersSummary             n= 7915 err=   0 errRate=  0.00% avg=   51.11 min=   12.85 max=  360.77 p50=   29.00 p95=  116.23 p99=  198.13 rps= 131.92
  controller.AnalyticsController.maxViewersSummary n= 7915 err=   0 errRate=  0.00% avg=   51.41 min=   12.93 max=  361.09 p50=   29.21 p95=  116.65 p99=  198.67 rps= 131.92
  s2s.crud.fetchAllTickets                      n= 7915 err=   0 errRate=  0.00% avg=   50.66 min=   12.82 max=  360.73 p50=   28.94 p95=  114.10 p99=  194.63 rps= 131.92
  s2s.crud.fetchFilms                           n=    2 err=   0 errRate=  0.00% avg=  127.65 min=  123.48 max=  131.82 p50=  127.65 p95=  131.40 p99=  131.73 rps=   0.03

2026-05-06T20:59:34.924Z  INFO 1 --- [lab8-additional-service] [   scheduling-1] r.h.l.a.o.ObservabilityService           : [lab8-additional-service] observability refresh
window 10s
  calc.additional.maxViewersSummary             n= 1379 err=   0 errRate=  0.00% avg=   40.67 min=   13.05 max=  193.67 p50=   27.61 p95=  103.05 p99=  139.40 rps= 137.90
  controller.AnalyticsController.maxViewersSummary n= 1379 err=   0 errRate=  0.00% avg=   40.89 min=   13.14 max=  193.76 p50=   27.90 p95=  103.38 p99=  139.60 rps= 137.90
  s2s.crud.fetchAllTickets                      n= 1379 err=   0 errRate=  0.00% avg=   40.63 min=   13.01 max=  193.64 p50=   27.51 p95=  103.02 p99=  139.36 rps= 137.90
window 30s
  calc.additional.maxViewersSummary             n= 4200 err=   0 errRate=  0.00% avg=   41.37 min=   12.85 max=  360.77 p50=   25.62 p95=  108.89 p99=  185.33 rps= 140.00
  controller.AnalyticsController.maxViewersSummary n= 4200 err=   0 errRate=  0.00% avg=   41.58 min=   12.93 max=  361.09 p50=   25.77 p95=  109.41 p99=  185.51 rps= 140.00
  s2s.crud.fetchAllTickets                      n= 4200 err=   0 errRate=  0.00% avg=   40.92 min=   12.82 max=  360.73 p50=   25.58 p95=  107.52 p99=  160.63 rps= 140.00
  s2s.crud.fetchFilms                           n=    1 err=   0 errRate=  0.00% avg=  131.82 min=  131.82 max=  131.82 p50=  131.82 p95=  131.82 p99=  131.82 rps=   0.03
window 1m
  calc.additional.maxViewersSummary             n= 7915 err=   0 errRate=  0.00% avg=   51.55 min=   12.85 max=  360.77 p50=   29.24 p95=  117.07 p99=  198.13 rps= 131.92
  controller.AnalyticsController.maxViewersSummary n= 7915 err=   0 errRate=  0.00% avg=   51.85 min=   12.93 max=  361.09 p50=   29.45 p95=  117.25 p99=  198.67 rps= 131.92
  s2s.crud.fetchAllTickets                      n= 7915 err=   0 errRate=  0.00% avg=   51.09 min=   12.82 max=  360.73 p50=   29.18 p95=  115.12 p99=  194.63 rps= 131.92
  s2s.crud.fetchFilms                           n=    2 err=   0 errRate=  0.00% avg=  127.65 min=  123.48 max=  131.82 p50=  127.65 p95=  131.40 p99=  131.73 rps=   0.03

2026-05-06T20:59:35.942Z  INFO 1 --- [lab8-additional-service] [   scheduling-1] r.h.l.a.o.ObservabilityService           : [lab8-additional-service] observability refresh
window 10s
  calc.additional.maxViewersSummary             n= 1367 err=   0 errRate=  0.00% avg=   43.28 min=   13.05 max=  193.67 p50=   28.72 p95=  103.91 p99=  139.74 rps= 136.70
  controller.AnalyticsController.maxViewersSummary n= 1367 err=   0 errRate=  0.00% avg=   43.52 min=   13.14 max=  193.76 p50=   29.10 p95=  104.09 p99=  139.92 rps= 136.70
  s2s.crud.fetchAllTickets                      n= 1367 err=   0 errRate=  0.00% avg=   43.23 min=   13.01 max=  193.64 p50=   28.69 p95=  103.88 p99=  139.70 rps= 136.70
window 30s
  calc.additional.maxViewersSummary             n= 4203 err=   0 errRate=  0.00% avg=   40.90 min=   12.85 max=  360.77 p50=   25.39 p95=  107.12 p99=  185.26 rps= 140.10
  controller.AnalyticsController.maxViewersSummary n= 4203 err=   0 errRate=  0.00% avg=   41.12 min=   12.93 max=  361.09 p50=   25.60 p95=  107.40 p99=  185.44 rps= 140.10
  s2s.crud.fetchAllTickets                      n= 4203 err=   0 errRate=  0.00% avg=   40.45 min=   12.82 max=  360.73 p50=   25.32 p95=  106.58 p99=  160.58 rps= 140.10
  s2s.crud.fetchFilms                           n=    1 err=   0 errRate=  0.00% avg=  131.82 min=  131.82 max=  131.82 p50=  131.82 p95=  131.82 p99=  131.82 rps=   0.03
window 1m
  calc.additional.maxViewersSummary             n= 7961 err=   0 errRate=  0.00% avg=   50.98 min=   12.85 max=  360.77 p50=   29.01 p95=  116.18 p99=  198.07 rps= 132.68
  controller.AnalyticsController.maxViewersSummary n= 7961 err=   0 errRate=  0.00% avg=   51.28 min=   12.93 max=  361.09 p50=   29.22 p95=  116.63 p99=  198.61 rps= 132.68
  s2s.crud.fetchAllTickets                      n= 7961 err=   0 errRate=  0.00% avg=   50.53 min=   12.82 max=  360.73 p50=   28.96 p95=  114.01 p99=  194.57 rps= 132.68
  s2s.crud.fetchFilms                           n=    2 err=   0 errRate=  0.00% avg=  127.65 min=  123.48 max=  131.82 p50=  127.65 p95=  131.40 p99=  131.73 rps=   0.03

2026-05-06T20:59:36.954Z  INFO 1 --- [lab8-additional-service] [   scheduling-1] r.h.l.a.o.ObservabilityService           : [lab8-additional-service] observability refresh
window 10s
  calc.additional.maxViewersSummary             n= 1367 err=   0 errRate=  0.00% avg=   42.66 min=   13.05 max=  193.67 p50=   27.49 p95=  104.23 p99=  139.74 rps= 136.70
  controller.AnalyticsController.maxViewersSummary n= 1367 err=   0 errRate=  0.00% avg=   42.89 min=   13.14 max=  193.76 p50=   27.78 p95=  104.74 p99=  139.92 rps= 136.70
  s2s.crud.fetchAllTickets                      n= 1367 err=   0 errRate=  0.00% avg=   42.61 min=   13.01 max=  193.64 p50=   27.41 p95=  104.19 p99=  139.70 rps= 136.70
window 30s
  calc.additional.maxViewersSummary             n= 4197 err=   0 errRate=  0.00% avg=   40.59 min=   12.85 max=  360.77 p50=   25.26 p95=  106.92 p99=  182.13 rps= 139.90
  controller.AnalyticsController.maxViewersSummary n= 4197 err=   0 errRate=  0.00% avg=   40.81 min=   12.93 max=  361.09 p50=   25.53 p95=  107.16 p99=  182.23 rps= 139.90
  s2s.crud.fetchAllTickets                      n= 4197 err=   0 errRate=  0.00% avg=   40.15 min=   12.82 max=  360.73 p50=   25.22 p95=  105.99 p99=  155.70 rps= 139.90
  s2s.crud.fetchFilms                           n=    1 err=   0 errRate=  0.00% avg=  131.82 min=  131.82 max=  131.82 p50=  131.82 p95=  131.82 p99=  131.82 rps=   0.03
window 1m
  calc.additional.maxViewersSummary             n= 7999 err=   0 errRate=  0.00% avg=   50.07 min=   12.85 max=  360.77 p50=   28.56 p95=  114.63 p99=  195.43 rps= 133.32
  controller.AnalyticsController.maxViewersSummary n= 7999 err=   0 errRate=  0.00% avg=   50.35 min=   12.93 max=  361.09 p50=   28.82 p95=  114.96 p99=  196.72 rps= 133.32
  s2s.crud.fetchAllTickets                      n= 7999 err=   0 errRate=  0.00% avg=   49.62 min=   12.82 max=  360.73 p50=   28.50 p95=  112.68 p99=  190.42 rps= 133.32
  s2s.crud.fetchFilms                           n=    2 err=   0 errRate=  0.00% avg=  127.65 min=  123.48 max=  131.82 p50=  127.65 p95=  131.40 p99=  131.73 rps=   0.03

2026-05-06T20:59:37.961Z  INFO 1 --- [lab8-additional-service] [   scheduling-1] r.h.l.a.o.ObservabilityService           : [lab8-additional-service] observability refresh
window 10s
  calc.additional.maxViewersSummary             n= 1407 err=   0 errRate=  0.00% avg=   41.49 min=   13.04 max=  193.67 p50=   26.24 p95=  104.12 p99=  138.72 rps= 140.70
  controller.AnalyticsController.maxViewersSummary n= 1407 err=   0 errRate=  0.00% avg=   41.72 min=   13.13 max=  193.76 p50=   26.62 p95=  104.45 p99=  138.95 rps= 140.70
  s2s.crud.fetchAllTickets                      n= 1407 err=   0 errRate=  0.00% avg=   41.44 min=   13.01 max=  193.64 p50=   26.20 p95=  104.09 p99=  138.69 rps= 140.70
window 30s
  calc.additional.maxViewersSummary             n= 4272 err=   0 errRate=  0.00% avg=   39.05 min=   12.85 max=  360.77 p50=   24.56 p95=  104.70 p99=  167.45 rps= 142.40
  controller.AnalyticsController.maxViewersSummary n= 4272 err=   0 errRate=  0.00% avg=   39.27 min=   12.93 max=  361.09 p50=   24.81 p95=  105.33 p99=  167.63 rps= 142.40
  s2s.crud.fetchAllTickets                      n= 4272 err=   0 errRate=  0.00% avg=   38.61 min=   12.82 max=  360.73 p50=   24.51 p95=  104.03 p99=  145.32 rps= 142.40
  s2s.crud.fetchFilms                           n=    1 err=   0 errRate=  0.00% avg=  131.82 min=  131.82 max=  131.82 p50=  131.82 p95=  131.82 p99=  131.82 rps=   0.03
window 1m
  calc.additional.maxViewersSummary             n= 8068 err=   0 errRate=  0.00% avg=   49.09 min=   12.85 max=  360.77 p50=   28.06 p95=  113.63 p99=  195.36 rps= 134.47
  controller.AnalyticsController.maxViewersSummary n= 8068 err=   0 errRate=  0.00% avg=   49.37 min=   12.93 max=  361.09 p50=   28.30 p95=  113.98 p99=  196.44 rps= 134.47
  s2s.crud.fetchAllTickets                      n= 8068 err=   0 errRate=  0.00% avg=   48.65 min=   12.82 max=  360.73 p50=   28.00 p95=  111.82 p99=  189.16 rps= 134.47
  s2s.crud.fetchFilms                           n=    2 err=   0 errRate=  0.00% avg=  127.65 min=  123.48 max=  131.82 p50=  127.65 p95=  131.40 p99=  131.73 rps=   0.03

2026-05-06T20:59:38.967Z  INFO 1 --- [lab8-additional-service] [   scheduling-1] r.h.l.a.o.ObservabilityService           : [lab8-additional-service] observability refresh
window 10s
  calc.additional.maxViewersSummary             n= 1436 err=   0 errRate=  0.00% avg=   39.82 min=   12.90 max=  193.67 p50=   24.60 p95=  104.05 p99=  138.44 rps= 143.60
  controller.AnalyticsController.maxViewersSummary n= 1436 err=   0 errRate=  0.00% avg=   40.05 min=   12.98 max=  193.76 p50=   24.88 p95=  104.25 p99=  138.68 rps= 143.60
  s2s.crud.fetchAllTickets                      n= 1436 err=   0 errRate=  0.00% avg=   39.78 min=   12.87 max=  193.64 p50=   24.57 p95=  104.01 p99=  138.40 rps= 143.60
window 30s
  calc.additional.maxViewersSummary             n= 4268 err=   0 errRate=  0.00% avg=   38.23 min=   12.85 max=  360.77 p50=   23.76 p95=  104.67 p99=  167.56 rps= 142.27
  controller.AnalyticsController.maxViewersSummary n= 4268 err=   0 errRate=  0.00% avg=   38.44 min=   12.93 max=  361.09 p50=   23.93 p95=  105.32 p99=  167.75 rps= 142.27
  s2s.crud.fetchAllTickets                      n= 4268 err=   0 errRate=  0.00% avg=   37.79 min=   12.82 max=  360.73 p50=   23.70 p95=  104.00 p99=  145.35 rps= 142.27
  s2s.crud.fetchFilms                           n=    1 err=   0 errRate=  0.00% avg=  131.82 min=  131.82 max=  131.82 p50=  131.82 p95=  131.82 p99=  131.82 rps=   0.03
window 1m
  calc.additional.maxViewersSummary             n= 8097 err=   0 errRate=  0.00% avg=   48.39 min=   12.85 max=  360.77 p50=   27.59 p95=  113.51 p99=  195.35 rps= 134.95
  controller.AnalyticsController.maxViewersSummary n= 8097 err=   0 errRate=  0.00% avg=   48.67 min=   12.93 max=  361.09 p50=   27.80 p95=  113.87 p99=  196.32 rps= 134.95
  s2s.crud.fetchAllTickets                      n= 8097 err=   0 errRate=  0.00% avg=   47.95 min=   12.82 max=  360.73 p50=   27.54 p95=  111.71 p99=  189.02 rps= 134.95
  s2s.crud.fetchFilms                           n=    2 err=   0 errRate=  0.00% avg=  127.65 min=  123.48 max=  131.82 p50=  127.65 p95=  131.40 p99=  131.73 rps=   0.03

2026-05-06T20:59:39.064Z  INFO 1 --- [lab8-additional-service] [   scheduling-1] r.h.l.a.service.FilmCacheService         : film-cache stats: size=310 ttlMs=30000 lastRefreshAtMs=1778101151515 hits=21374 misses=6 refreshes=6
2026-05-06T20:59:39.972Z  INFO 1 --- [lab8-additional-service] [   scheduling-1] r.h.l.a.o.ObservabilityService           : [lab8-additional-service] observability refresh
window 10s
  calc.additional.maxViewersSummary             n= 1449 err=   0 errRate=  0.00% avg=   38.40 min=   12.90 max=  193.67 p50=   23.57 p95=  102.64 p99=  133.35 rps= 144.90
  controller.AnalyticsController.maxViewersSummary n= 1449 err=   0 errRate=  0.00% avg=   38.63 min=   12.98 max=  193.76 p50=   23.87 p95=  103.08 p99=  133.55 rps= 144.90
  s2s.crud.fetchAllTickets                      n= 1449 err=   0 errRate=  0.00% avg=   38.35 min=   12.87 max=  193.64 p50=   23.51 p95=  102.56 p99=  133.31 rps= 144.90
window 30s
  calc.additional.maxViewersSummary             n= 4398 err=   0 errRate=  0.00% avg=   36.45 min=   12.85 max=  288.00 p50=   22.70 p95=  102.94 p99=  153.10 rps= 146.60
  controller.AnalyticsController.maxViewersSummary n= 4398 err=   0 errRate=  0.00% avg=   36.67 min=   12.93 max=  288.21 p50=   22.96 p95=  103.37 p99=  153.39 rps= 146.60
  s2s.crud.fetchAllTickets                      n= 4398 err=   0 errRate=  0.00% avg=   36.03 min=   12.82 max=  221.30 p50=   22.63 p95=  102.44 p99=  137.73 rps= 146.60
  s2s.crud.fetchFilms                           n=    1 err=   0 errRate=  0.00% avg=  131.82 min=  131.82 max=  131.82 p50=  131.82 p95=  131.82 p99=  131.82 rps=   0.03
window 1m
  calc.additional.maxViewersSummary             n= 8161 err=   0 errRate=  0.00% avg=   47.45 min=   12.85 max=  360.77 p50=   27.07 p95=  112.71 p99=  192.78 rps= 136.02
  controller.AnalyticsController.maxViewersSummary n= 8161 err=   0 errRate=  0.00% avg=   47.73 min=   12.93 max=  361.09 p50=   27.30 p95=  113.15 p99=  193.45 rps= 136.02
  s2s.crud.fetchAllTickets                      n= 8161 err=   0 errRate=  0.00% avg=   47.02 min=   12.82 max=  360.73 p50=   27.01 p95=  110.84 p99=  185.40 rps= 136.02
  s2s.crud.fetchFilms                           n=    2 err=   0 errRate=  0.00% avg=  127.65 min=  123.48 max=  131.82 p50=  127.65 p95=  131.40 p99=  131.73 rps=   0.03

2026-05-06T20:59:40.978Z  INFO 1 --- [lab8-additional-service] [   scheduling-1] r.h.l.a.o.ObservabilityService           : [lab8-additional-service] observability refresh
window 10s
  calc.additional.maxViewersSummary             n= 1436 err=   0 errRate=  0.00% avg=   37.89 min=   12.90 max=  193.67 p50=   21.90 p95=  103.24 p99=  133.39 rps= 143.60
  controller.AnalyticsController.maxViewersSummary n= 1436 err=   0 errRate=  0.00% avg=   38.12 min=   12.98 max=  193.76 p50=   22.24 p95=  103.52 p99=  133.62 rps= 143.60
  s2s.crud.fetchAllTickets                      n= 1436 err=   0 errRate=  0.00% avg=   37.84 min=   12.87 max=  193.64 p50=   21.82 p95=  103.21 p99=  133.36 rps= 143.60
window 30s
  calc.additional.maxViewersSummary             n= 4377 err=   0 errRate=  0.00% avg=   36.71 min=   12.85 max=  288.00 p50=   23.06 p95=  103.22 p99=  153.38 rps= 145.90
  controller.AnalyticsController.maxViewersSummary n= 4377 err=   0 errRate=  0.00% avg=   36.93 min=   12.93 max=  288.21 p50=   23.24 p95=  103.75 p99=  153.66 rps= 145.90
  s2s.crud.fetchAllTickets                      n= 4377 err=   0 errRate=  0.00% avg=   36.29 min=   12.82 max=  221.30 p50=   22.99 p95=  102.53 p99=  137.74 rps= 145.90
  s2s.crud.fetchFilms                           n=    1 err=   0 errRate=  0.00% avg=  131.82 min=  131.82 max=  131.82 p50=  131.82 p95=  131.82 p99=  131.82 rps=   0.03
window 1m
  calc.additional.maxViewersSummary             n= 8151 err=   0 errRate=  0.00% avg=   47.03 min=   12.85 max=  360.77 p50=   26.86 p95=  112.06 p99=  192.62 rps= 135.85
  controller.AnalyticsController.maxViewersSummary n= 8151 err=   0 errRate=  0.00% avg=   47.31 min=   12.93 max=  361.09 p50=   27.12 p95=  112.41 p99=  193.08 rps= 135.85
  s2s.crud.fetchAllTickets                      n= 8151 err=   0 errRate=  0.00% avg=   46.60 min=   12.82 max=  360.73 p50=   26.80 p95=  110.04 p99=  183.37 rps= 135.85
  s2s.crud.fetchFilms                           n=    2 err=   0 errRate=  0.00% avg=  127.65 min=  123.48 max=  131.82 p50=  127.65 p95=  131.40 p99=  131.73 rps=   0.03

2026-05-06T20:59:41.986Z  INFO 1 --- [lab8-additional-service] [   scheduling-1] r.h.l.a.o.ObservabilityService           : [lab8-additional-service] observability refresh
window 10s
  calc.additional.maxViewersSummary             n= 1356 err=   0 errRate=  0.00% avg=   35.98 min=   12.90 max=  193.67 p50=   20.58 p95=  103.42 p99=  133.73 rps= 135.60
  controller.AnalyticsController.maxViewersSummary n= 1356 err=   0 errRate=  0.00% avg=   36.22 min=   12.98 max=  193.76 p50=   20.81 p95=  104.00 p99=  133.98 rps= 135.60
  s2s.crud.fetchAllTickets                      n= 1356 err=   0 errRate=  0.00% avg=   35.87 min=   12.87 max=  193.64 p50=   20.53 p95=  103.25 p99=  133.69 rps= 135.60
  s2s.crud.fetchFilms                           n=    1 err=   0 errRate=  0.00% avg=   96.69 min=   96.69 max=   96.69 p50=   96.69 p95=   96.69 p99=   96.69 rps=   0.10
window 30s
  calc.additional.maxViewersSummary             n= 4256 err=   0 errRate=  0.00% avg=   36.11 min=   12.85 max=  221.34 p50=   22.91 p95=  102.46 p99=  130.80 rps= 141.87
  controller.AnalyticsController.maxViewersSummary n= 4256 err=   0 errRate=  0.00% avg=   36.33 min=   12.93 max=  221.48 p50=   23.16 p95=  102.75 p99=  130.91 rps= 141.87
  s2s.crud.fetchAllTickets                      n= 4256 err=   0 errRate=  0.00% avg=   36.04 min=   12.82 max=  221.30 p50=   22.87 p95=  102.42 p99=  130.30 rps= 141.87
  s2s.crud.fetchFilms                           n=    1 err=   0 errRate=  0.00% avg=   96.69 min=   96.69 max=   96.69 p50=   96.69 p95=   96.69 p99=   96.69 rps=   0.03
window 1m
  calc.additional.maxViewersSummary             n= 8052 err=   0 errRate=  0.00% avg=   46.18 min=   12.85 max=  360.77 p50=   26.60 p95=  110.24 p99=  187.15 rps= 134.20
  controller.AnalyticsController.maxViewersSummary n= 8052 err=   0 errRate=  0.00% avg=   46.46 min=   12.93 max=  361.09 p50=   26.88 p95=  110.45 p99=  187.91 rps= 134.20
  s2s.crud.fetchAllTickets                      n= 8052 err=   0 errRate=  0.00% avg=   45.90 min=   12.82 max=  360.73 p50=   26.54 p95=  109.72 p99=  176.95 rps= 134.20
  s2s.crud.fetchFilms                           n=    2 err=   0 errRate=  0.00% avg=  114.25 min=   96.69 max=  131.82 p50=  114.25 p95=  130.06 p99=  131.46 rps=   0.03

2026-05-06T20:59:42.992Z  INFO 1 --- [lab8-additional-service] [   scheduling-1] r.h.l.a.o.ObservabilityService           : [lab8-additional-service] observability refresh
window 10s
  calc.additional.maxViewersSummary             n= 1235 err=   0 errRate=  0.00% avg=   34.58 min=   12.90 max=  193.67 p50=   20.55 p95=  102.32 p99=  124.21 rps= 123.50
  controller.AnalyticsController.maxViewersSummary n= 1235 err=   0 errRate=  0.00% avg=   34.83 min=   12.98 max=  193.76 p50=   20.80 p95=  102.66 p99=  124.32 rps= 123.50
  s2s.crud.fetchAllTickets                      n= 1235 err=   0 errRate=  0.00% avg=   34.46 min=   12.87 max=  193.64 p50=   20.51 p95=  102.24 p99=  120.70 rps= 123.50
  s2s.crud.fetchFilms                           n=    1 err=   0 errRate=  0.00% avg=   96.69 min=   96.69 max=   96.69 p50=   96.69 p95=   96.69 p99=   96.69 rps=   0.10
window 30s
  calc.additional.maxViewersSummary             n= 4145 err=   0 errRate=  0.00% avg=   35.43 min=   12.85 max=  221.34 p50=   22.31 p95=  102.05 p99=  132.27 rps= 138.17
  controller.AnalyticsController.maxViewersSummary n= 4145 err=   0 errRate=  0.00% avg=   35.64 min=   12.93 max=  221.48 p50=   22.58 p95=  102.26 p99=  132.37 rps= 138.17
  s2s.crud.fetchAllTickets                      n= 4145 err=   0 errRate=  0.00% avg=   35.35 min=   12.82 max=  221.30 p50=   22.28 p95=  101.99 p99=  131.97 rps= 138.17
  s2s.crud.fetchFilms                           n=    1 err=   0 errRate=  0.00% avg=   96.69 min=   96.69 max=   96.69 p50=   96.69 p95=   96.69 p99=   96.69 rps=   0.03
window 1m
  calc.additional.maxViewersSummary             n= 7951 err=   0 errRate=  0.00% avg=   45.84 min=   12.85 max=  360.77 p50=   26.42 p95=  109.74 p99=  187.53 rps= 132.52
  controller.AnalyticsController.maxViewersSummary n= 7951 err=   0 errRate=  0.00% avg=   46.12 min=   12.93 max=  361.09 p50=   26.69 p95=  109.97 p99=  188.03 rps= 132.52
  s2s.crud.fetchAllTickets                      n= 7951 err=   0 errRate=  0.00% avg=   45.55 min=   12.82 max=  360.73 p50=   26.38 p95=  109.09 p99=  176.96 rps= 132.52
  s2s.crud.fetchFilms                           n=    2 err=   0 errRate=  0.00% avg=  114.25 min=   96.69 max=  131.82 p50=  114.25 p95=  130.06 p99=  131.46 rps=   0.03

2026-05-06T20:59:43.997Z  INFO 1 --- [lab8-additional-service] [   scheduling-1] r.h.l.a.o.ObservabilityService           : [lab8-additional-service] observability refresh
window 10s
  calc.additional.maxViewersSummary             n= 1123 err=   0 errRate=  0.00% avg=   33.14 min=   12.90 max=  193.67 p50=   19.74 p95=  102.00 p99=  128.38 rps= 112.30
  controller.AnalyticsController.maxViewersSummary n= 1123 err=   0 errRate=  0.00% avg=   33.38 min=   12.98 max=  193.76 p50=   19.97 p95=  102.38 p99=  128.48 rps= 112.30
  s2s.crud.fetchAllTickets                      n= 1123 err=   0 errRate=  0.00% avg=   33.02 min=   12.87 max=  193.64 p50=   19.71 p95=  101.82 p99=  124.48 rps= 112.30
  s2s.crud.fetchFilms                           n=    1 err=   0 errRate=  0.00% avg=   96.69 min=   96.69 max=   96.69 p50=   96.69 p95=   96.69 p99=   96.69 rps=   0.10
window 30s
  calc.additional.maxViewersSummary             n= 4003 err=   0 errRate=  0.00% avg=   35.38 min=   12.85 max=  221.34 p50=   22.07 p95=  102.04 p99=  133.51 rps= 133.43
  controller.AnalyticsController.maxViewersSummary n= 4003 err=   0 errRate=  0.00% avg=   35.60 min=   12.93 max=  221.48 p50=   22.29 p95=  102.26 p99=  133.80 rps= 133.43
  s2s.crud.fetchAllTickets                      n= 4003 err=   0 errRate=  0.00% avg=   35.31 min=   12.82 max=  221.30 p50=   22.03 p95=  101.98 p99=  133.47 rps= 133.43
  s2s.crud.fetchFilms                           n=    1 err=   0 errRate=  0.00% avg=   96.69 min=   96.69 max=   96.69 p50=   96.69 p95=   96.69 p99=   96.69 rps=   0.03
window 1m
  calc.additional.maxViewersSummary             n= 7849 err=   0 errRate=  0.00% avg=   45.44 min=   12.85 max=  360.77 p50=   26.25 p95=  109.37 p99=  186.29 rps= 130.82
  controller.AnalyticsController.maxViewersSummary n= 7849 err=   0 errRate=  0.00% avg=   45.71 min=   12.93 max=  361.09 p50=   26.53 p95=  109.66 p99=  186.60 rps= 130.82
  s2s.crud.fetchAllTickets                      n= 7849 err=   0 errRate=  0.00% avg=   45.15 min=   12.82 max=  360.73 p50=   26.22 p95=  108.87 p99=  172.61 rps= 130.82
  s2s.crud.fetchFilms                           n=    2 err=   0 errRate=  0.00% avg=  114.25 min=   96.69 max=  131.82 p50=  114.25 p95=  130.06 p99=  131.46 rps=   0.03

2026-05-06T20:59:45.004Z  INFO 1 --- [lab8-additional-service] [   scheduling-1] r.h.l.a.o.ObservabilityService           : [lab8-additional-service] observability refresh
window 10s
  calc.additional.maxViewersSummary             n= 1014 err=   0 errRate=  0.00% avg=   28.04 min=   12.90 max=  131.13 p50=   18.47 p95=   95.45 p99=  104.39 rps= 101.40
  controller.AnalyticsController.maxViewersSummary n= 1014 err=   0 errRate=  0.00% avg=   28.26 min=   12.98 max=  131.24 p50=   18.61 p95=   95.77 p99=  104.63 rps= 101.40
  s2s.crud.fetchAllTickets                      n= 1014 err=   0 errRate=  0.00% avg=   27.90 min=   12.87 max=  117.29 p50=   18.43 p95=   95.09 p99=  104.28 rps= 101.40
  s2s.crud.fetchFilms                           n=    1 err=   0 errRate=  0.00% avg=   96.69 min=   96.69 max=   96.69 p50=   96.69 p95=   96.69 p99=   96.69 rps=   0.10
window 30s
  calc.additional.maxViewersSummary             n= 3850 err=   0 errRate=  0.00% avg=   36.01 min=   12.90 max=  221.34 p50=   22.57 p95=  102.30 p99=  134.91 rps= 128.33
  controller.AnalyticsController.maxViewersSummary n= 3850 err=   0 errRate=  0.00% avg=   36.23 min=   12.98 max=  221.48 p50=   22.82 p95=  102.63 p99=  135.09 rps= 128.33
  s2s.crud.fetchAllTickets                      n= 3850 err=   0 errRate=  0.00% avg=   35.93 min=   12.87 max=  221.30 p50=   22.53 p95=  102.20 p99=  134.86 rps= 128.33
  s2s.crud.fetchFilms                           n=    1 err=   0 errRate=  0.00% avg=   96.69 min=   96.69 max=   96.69 p50=   96.69 p95=   96.69 p99=   96.69 rps=   0.03
window 1m
  calc.additional.maxViewersSummary             n= 7735 err=   0 errRate=  0.00% avg=   45.15 min=   12.85 max=  360.77 p50=   26.12 p95=  109.36 p99=  186.32 rps= 128.92
  controller.AnalyticsController.maxViewersSummary n= 7735 err=   0 errRate=  0.00% avg=   45.42 min=   12.93 max=  361.09 p50=   26.36 p95=  109.66 p99=  186.80 rps= 128.92
  s2s.crud.fetchAllTickets                      n= 7735 err=   0 errRate=  0.00% avg=   44.86 min=   12.82 max=  360.73 p50=   26.08 p95=  108.87 p99=  173.56 rps= 128.92
  s2s.crud.fetchFilms                           n=    2 err=   0 errRate=  0.00% avg=  114.25 min=   96.69 max=  131.82 p50=  114.25 p95=  130.06 p99=  131.46 rps=   0.03

2026-05-06T20:59:46.008Z  INFO 1 --- [lab8-additional-service] [   scheduling-1] r.h.l.a.o.ObservabilityService           : [lab8-additional-service] observability refresh
window 10s
  calc.additional.maxViewersSummary             n=  886 err=   0 errRate=  0.00% avg=   24.53 min=   12.90 max=  131.13 p50=   16.45 p95=   91.07 p99=  104.35 rps=  88.60
  controller.AnalyticsController.maxViewersSummary n=  886 err=   0 errRate=  0.00% avg=   24.72 min=   12.98 max=  131.24 p50=   16.74 p95=   91.52 p99=  104.43 rps=  88.60
  s2s.crud.fetchAllTickets                      n=  886 err=   0 errRate=  0.00% avg=   24.38 min=   12.87 max=  117.29 p50=   16.42 p95=   89.52 p99=  104.03 rps=  88.60
  s2s.crud.fetchFilms                           n=    1 err=   0 errRate=  0.00% avg=   96.69 min=   96.69 max=   96.69 p50=   96.69 p95=   96.69 p99=   96.69 rps=   0.10
window 30s
  calc.additional.maxViewersSummary             n= 3727 err=   0 errRate=  0.00% avg=   35.44 min=   12.90 max=  221.34 p50=   22.31 p95=  102.04 p99=  135.32 rps= 124.23
  controller.AnalyticsController.maxViewersSummary n= 3727 err=   0 errRate=  0.00% avg=   35.66 min=   12.98 max=  221.48 p50=   22.58 p95=  102.26 p99=  135.50 rps= 124.23
  s2s.crud.fetchAllTickets                      n= 3727 err=   0 errRate=  0.00% avg=   35.37 min=   12.87 max=  221.30 p50=   22.22 p95=  101.96 p99=  135.27 rps= 124.23
  s2s.crud.fetchFilms                           n=    1 err=   0 errRate=  0.00% avg=   96.69 min=   96.69 max=   96.69 p50=   96.69 p95=   96.69 p99=   96.69 rps=   0.03
window 1m
  calc.additional.maxViewersSummary             n= 7610 err=   0 errRate=  0.00% avg=   44.98 min=   12.85 max=  360.77 p50=   26.00 p95=  109.82 p99=  186.65 rps= 126.83
  controller.AnalyticsController.maxViewersSummary n= 7610 err=   0 errRate=  0.00% avg=   45.25 min=   12.93 max=  361.09 p50=   26.19 p95=  109.99 p99=  187.02 rps= 126.83
  s2s.crud.fetchAllTickets                      n= 7610 err=   0 errRate=  0.00% avg=   44.69 min=   12.82 max=  360.73 p50=   25.96 p95=  109.15 p99=  175.04 rps= 126.83
  s2s.crud.fetchFilms                           n=    2 err=   0 errRate=  0.00% avg=  114.25 min=   96.69 max=  131.82 p50=  114.25 p95=  130.06 p99=  131.46 rps=   0.03

2026-05-06T20:59:47.018Z  INFO 1 --- [lab8-additional-service] [   scheduling-1] r.h.l.a.o.ObservabilityService           : [lab8-additional-service] observability refresh
window 10s
  calc.additional.maxViewersSummary             n=  768 err=   0 errRate=  0.00% avg=   21.86 min=   12.90 max=  131.13 p50=   14.79 p95=   74.88 p99=   99.89 rps=  76.80
  controller.AnalyticsController.maxViewersSummary n=  768 err=   0 errRate=  0.00% avg=   22.04 min=   12.98 max=  131.24 p50=   14.93 p95=   74.99 p99=  100.18 rps=  76.80
  s2s.crud.fetchAllTickets                      n=  768 err=   0 errRate=  0.00% avg=   21.70 min=   12.87 max=  106.60 p50=   14.75 p95=   73.20 p99=   98.84 rps=  76.80
  s2s.crud.fetchFilms                           n=    1 err=   0 errRate=  0.00% avg=   96.69 min=   96.69 max=   96.69 p50=   96.69 p95=   96.69 p99=   96.69 rps=   0.10
window 30s
  calc.additional.maxViewersSummary             n= 3609 err=   0 errRate=  0.00% avg=   35.52 min=   12.90 max=  221.34 p50=   22.10 p95=  102.17 p99=  136.14 rps= 120.30
  controller.AnalyticsController.maxViewersSummary n= 3609 err=   0 errRate=  0.00% avg=   35.74 min=   12.98 max=  221.48 p50=   22.30 p95=  102.59 p99=  136.26 rps= 120.30
  s2s.crud.fetchAllTickets                      n= 3609 err=   0 errRate=  0.00% avg=   35.45 min=   12.87 max=  221.30 p50=   22.05 p95=  102.09 p99=  136.09 rps= 120.30
  s2s.crud.fetchFilms                           n=    1 err=   0 errRate=  0.00% avg=   96.69 min=   96.69 max=   96.69 p50=   96.69 p95=   96.69 p99=   96.69 rps=   0.03
window 1m
  calc.additional.maxViewersSummary             n= 7487 err=   0 errRate=  0.00% avg=   44.84 min=   12.85 max=  360.77 p50=   25.90 p95=  109.84 p99=  186.74 rps= 124.78
  controller.AnalyticsController.maxViewersSummary n= 7487 err=   0 errRate=  0.00% avg=   45.11 min=   12.93 max=  361.09 p50=   26.14 p95=  109.99 p99=  187.52 rps= 124.78
  s2s.crud.fetchAllTickets                      n= 7487 err=   0 errRate=  0.00% avg=   44.54 min=   12.82 max=  360.73 p50=   25.86 p95=  109.15 p99=  175.76 rps= 124.78
  s2s.crud.fetchFilms                           n=    2 err=   0 errRate=  0.00% avg=  114.25 min=   96.69 max=  131.82 p50=  114.25 p95=  130.06 p99=  131.46 rps=   0.03

2026-05-06T20:59:48.025Z  INFO 1 --- [lab8-additional-service] [   scheduling-1] r.h.l.a.o.ObservabilityService           : [lab8-additional-service] observability refresh
window 10s
  calc.additional.maxViewersSummary             n=  591 err=   0 errRate=  0.00% avg=   21.59 min=   12.90 max=  131.13 p50=   14.24 p95=   79.64 p99=  101.91 rps=  59.10
  controller.AnalyticsController.maxViewersSummary n=  591 err=   0 errRate=  0.00% avg=   21.77 min=   12.98 max=  131.24 p50=   14.40 p95=   79.81 p99=  102.20 rps=  59.10
  s2s.crud.fetchAllTickets                      n=  591 err=   0 errRate=  0.00% avg=   21.39 min=   12.87 max=  106.60 p50=   14.20 p95=   78.89 p99=  100.91 rps=  59.10
  s2s.crud.fetchFilms                           n=    1 err=   0 errRate=  0.00% avg=   96.69 min=   96.69 max=   96.69 p50=   96.69 p95=   96.69 p99=   96.69 rps=   0.10
window 30s
  calc.additional.maxViewersSummary             n= 3494 err=   0 errRate=  0.00% avg=   34.99 min=   12.90 max=  221.34 p50=   21.85 p95=  101.76 p99=  136.19 rps= 116.47
  controller.AnalyticsController.maxViewersSummary n= 3494 err=   0 errRate=  0.00% avg=   35.21 min=   12.98 max=  221.48 p50=   22.17 p95=  102.14 p99=  136.30 rps= 116.47
  s2s.crud.fetchAllTickets                      n= 3494 err=   0 errRate=  0.00% avg=   34.91 min=   12.87 max=  221.30 p50=   21.74 p95=  101.65 p99=  136.14 rps= 116.47
  s2s.crud.fetchFilms                           n=    1 err=   0 errRate=  0.00% avg=   96.69 min=   96.69 max=   96.69 p50=   96.69 p95=   96.69 p99=   96.69 rps=   0.03
window 1m
  calc.additional.maxViewersSummary             n= 7392 err=   0 errRate=  0.00% avg=   44.25 min=   12.85 max=  360.77 p50=   25.70 p95=  108.98 p99=  182.30 rps= 123.20
  controller.AnalyticsController.maxViewersSummary n= 7392 err=   0 errRate=  0.00% avg=   44.52 min=   12.93 max=  361.09 p50=   25.91 p95=  109.31 p99=  185.54 rps= 123.20
  s2s.crud.fetchAllTickets                      n= 7392 err=   0 errRate=  0.00% avg=   43.95 min=   12.82 max=  360.73 p50=   25.65 p95=  108.36 p99=  169.49 rps= 123.20
  s2s.crud.fetchFilms                           n=    2 err=   0 errRate=  0.00% avg=  114.25 min=   96.69 max=  131.82 p50=  114.25 p95=  130.06 p99=  131.46 rps=   0.03

2026-05-06T20:59:49.029Z  INFO 1 --- [lab8-additional-service] [   scheduling-1] r.h.l.a.o.ObservabilityService           : [lab8-additional-service] observability refresh
window 10s
  calc.additional.maxViewersSummary             n=  441 err=   0 errRate=  0.00% avg=   24.28 min=   12.95 max=  131.13 p50=   16.43 p95=   87.89 p99=  103.99 rps=  44.10
  controller.AnalyticsController.maxViewersSummary n=  441 err=   0 errRate=  0.00% avg=   24.46 min=   13.03 max=  131.24 p50=   16.74 p95=   88.02 p99=  104.09 rps=  44.10
  s2s.crud.fetchAllTickets                      n=  441 err=   0 errRate=  0.00% avg=   24.01 min=   12.91 max=  106.60 p50=   16.40 p95=   84.47 p99=  103.00 rps=  44.10
  s2s.crud.fetchFilms                           n=    1 err=   0 errRate=  0.00% avg=   96.69 min=   96.69 max=   96.69 p50=   96.69 p95=   96.69 p99=   96.69 rps=   0.10
window 30s
  calc.additional.maxViewersSummary             n= 3359 err=   0 errRate=  0.00% avg=   35.04 min=   12.90 max=  221.34 p50=   21.76 p95=  102.02 p99=  136.76 rps= 111.97
  controller.AnalyticsController.maxViewersSummary n= 3359 err=   0 errRate=  0.00% avg=   35.26 min=   12.98 max=  221.48 p50=   22.05 p95=  102.26 p99=  137.10 rps= 111.97
  s2s.crud.fetchAllTickets                      n= 3359 err=   0 errRate=  0.00% avg=   34.96 min=   12.87 max=  221.30 p50=   21.65 p95=  101.92 p99=  136.73 rps= 111.97
  s2s.crud.fetchFilms                           n=    1 err=   0 errRate=  0.00% avg=   96.69 min=   96.69 max=   96.69 p50=   96.69 p95=   96.69 p99=   96.69 rps=   0.03
window 1m
  calc.additional.maxViewersSummary             n= 7294 err=   0 errRate=  0.00% avg=   44.10 min=   12.85 max=  360.77 p50=   25.59 p95=  108.95 p99=  185.33 rps= 121.57
  controller.AnalyticsController.maxViewersSummary n= 7294 err=   0 errRate=  0.00% avg=   44.37 min=   12.93 max=  361.09 p50=   25.77 p95=  109.31 p99=  185.92 rps= 121.57
  s2s.crud.fetchAllTickets                      n= 7294 err=   0 errRate=  0.00% avg=   43.80 min=   12.82 max=  360.73 p50=   25.55 p95=  108.35 p99=  170.84 rps= 121.57
  s2s.crud.fetchFilms                           n=    2 err=   0 errRate=  0.00% avg=  114.25 min=   96.69 max=  131.82 p50=  114.25 p95=  130.06 p99=  131.46 rps=   0.03

2026-05-06T20:59:49.064Z  INFO 1 --- [lab8-additional-service] [   scheduling-1] r.h.l.a.service.FilmCacheService         : film-cache stats: size=310 ttlMs=30000 lastRefreshAtMs=1778101181527 hits=21804 misses=7 refreshes=7
2026-05-06T20:59:50.034Z  INFO 1 --- [lab8-additional-service] [   scheduling-1] r.h.l.a.o.ObservabilityService           : [lab8-additional-service] observability refresh
window 10s
  calc.additional.maxViewersSummary             n=  286 err=   0 errRate=  0.00% avg=   25.44 min=   12.85 max=  131.13 p50=   18.25 p95=   92.54 p99=  104.35 rps=  28.60
  controller.AnalyticsController.maxViewersSummary n=  286 err=   0 errRate=  0.00% avg=   25.62 min=   12.93 max=  131.24 p50=   18.42 p95=   93.06 p99=  104.43 rps=  28.60
  s2s.crud.fetchAllTickets                      n=  286 err=   0 errRate=  0.00% avg=   25.06 min=   12.82 max=  106.60 p50=   18.21 p95=   91.51 p99=  104.03 rps=  28.60
  s2s.crud.fetchFilms                           n=    1 err=   0 errRate=  0.00% avg=   96.69 min=   96.69 max=   96.69 p50=   96.69 p95=   96.69 p99=   96.69 rps=   0.10
window 30s
  calc.additional.maxViewersSummary             n= 3281 err=   0 errRate=  0.00% avg=   33.27 min=   12.85 max=  201.97 p50=   21.24 p95=   99.16 p99=  123.54 rps= 109.37
  controller.AnalyticsController.maxViewersSummary n= 3281 err=   0 errRate=  0.00% avg=   33.49 min=   12.93 max=  202.66 p50=   21.45 p95=   99.37 p99=  123.70 rps= 109.37
  s2s.crud.fetchAllTickets                      n= 3281 err=   0 errRate=  0.00% avg=   33.19 min=   12.82 max=  201.94 p50=   21.21 p95=   98.80 p99=  123.02 rps= 109.37
  s2s.crud.fetchFilms                           n=    1 err=   0 errRate=  0.00% avg=   96.69 min=   96.69 max=   96.69 p50=   96.69 p95=   96.69 p99=   96.69 rps=   0.03
window 1m
  calc.additional.maxViewersSummary             n= 7181 err=   0 errRate=  0.00% avg=   43.74 min=   12.85 max=  360.77 p50=   25.42 p95=  108.70 p99=  185.58 rps= 119.68
  controller.AnalyticsController.maxViewersSummary n= 7181 err=   0 errRate=  0.00% avg=   44.01 min=   12.93 max=  361.09 p50=   25.65 p95=  108.90 p99=  186.37 rps= 119.68
  s2s.crud.fetchAllTickets                      n= 7181 err=   0 errRate=  0.00% avg=   43.43 min=   12.82 max=  360.73 p50=   25.37 p95=  107.80 p99=  168.20 rps= 119.68
  s2s.crud.fetchFilms                           n=    2 err=   0 errRate=  0.00% avg=  114.25 min=   96.69 max=  131.82 p50=  114.25 p95=  130.06 p99=  131.46 rps=   0.03

2026-05-06T20:59:51.038Z  INFO 1 --- [lab8-additional-service] [   scheduling-1] r.h.l.a.o.ObservabilityService           : [lab8-additional-service] observability refresh
window 10s
  calc.additional.maxViewersSummary             n=  176 err=   0 errRate=  0.00% avg=   16.23 min=   12.85 max=  131.13 p50=   13.70 p95=   20.36 p99=   31.54 rps=  17.60
  controller.AnalyticsController.maxViewersSummary n=  176 err=   0 errRate=  0.00% avg=   16.38 min=   12.93 max=  131.24 p50=   13.85 p95=   20.56 p99=   31.72 rps=  17.60
  s2s.crud.fetchAllTickets                      n=  176 err=   0 errRate=  0.00% avg=   15.63 min=   12.82 max=   58.84 p50=   13.65 p95=   20.30 p99=   25.35 rps=  17.60
  s2s.crud.fetchFilms                           n=    1 err=   0 errRate=  0.00% avg=   96.69 min=   96.69 max=   96.69 p50=   96.69 p95=   96.69 p99=   96.69 rps=   0.10
window 30s
  calc.additional.maxViewersSummary             n= 3162 err=   0 errRate=  0.00% avg=   32.12 min=   12.85 max=  193.67 p50=   20.54 p95=   97.63 p99=  123.11 rps= 105.40
  controller.AnalyticsController.maxViewersSummary n= 3163 err=   0 errRate=  0.00% avg=   32.36 min=   12.93 max=  193.76 p50=   20.78 p95=   98.05 p99=  123.30 rps= 105.43
  s2s.crud.fetchAllTickets                      n= 3162 err=   0 errRate=  0.00% avg=   32.04 min=   12.82 max=  193.64 p50=   20.50 p95=   97.60 p99=  122.69 rps= 105.40
  s2s.crud.fetchFilms                           n=    1 err=   0 errRate=  0.00% avg=   96.69 min=   96.69 max=   96.69 p50=   96.69 p95=   96.69 p99=   96.69 rps=   0.03
window 1m
  calc.additional.maxViewersSummary             n= 7063 err=   0 errRate=  0.00% avg=   43.45 min=   12.85 max=  360.77 p50=   25.23 p95=  108.37 p99=  186.28 rps= 117.72
  controller.AnalyticsController.maxViewersSummary n= 7063 err=   0 errRate=  0.00% avg=   43.72 min=   12.93 max=  361.09 p50=   25.46 p95=  108.52 p99=  186.55 rps= 117.72
  s2s.crud.fetchAllTickets                      n= 7063 err=   0 errRate=  0.00% avg=   43.14 min=   12.82 max=  360.73 p50=   25.17 p95=  107.53 p99=  168.46 rps= 117.72
  s2s.crud.fetchFilms                           n=    2 err=   0 errRate=  0.00% avg=  114.25 min=   96.69 max=  131.82 p50=  114.25 p95=  130.06 p99=  131.46 rps=   0.03

2026-05-06T20:59:52.044Z  INFO 1 --- [lab8-additional-service] [   scheduling-1] r.h.l.a.o.ObservabilityService           : [lab8-additional-service] observability refresh
window 10s
  calc.additional.maxViewersSummary             n=  178 err=   0 errRate=  0.00% avg=   15.58 min=   12.85 max=   58.89 p50=   13.69 p95=   20.33 p99=   22.24 rps=  17.80
  controller.AnalyticsController.maxViewersSummary n=  178 err=   0 errRate=  0.00% avg=   15.72 min=   12.93 max=   59.16 p50=   13.85 p95=   20.48 p99=   22.36 rps=  17.80
  s2s.crud.fetchAllTickets                      n=  178 err=   0 errRate=  0.00% avg=   15.54 min=   12.82 max=   58.84 p50=   13.64 p95=   20.28 p99=   22.20 rps=  17.80
window 30s
  calc.additional.maxViewersSummary             n= 3044 err=   0 errRate=  0.00% avg=   31.88 min=   12.85 max=  193.67 p50=   20.20 p95=   97.63 p99=  123.99 rps= 101.47
  controller.AnalyticsController.maxViewersSummary n= 3044 err=   0 errRate=  0.00% avg=   32.09 min=   12.93 max=  193.76 p50=   20.43 p95=   97.93 p99=  124.12 rps= 101.47
  s2s.crud.fetchAllTickets                      n= 3044 err=   0 errRate=  0.00% avg=   31.80 min=   12.82 max=  193.64 p50=   20.15 p95=   97.57 p99=  123.12 rps= 101.47
  s2s.crud.fetchFilms                           n=    1 err=   0 errRate=  0.00% avg=   96.69 min=   96.69 max=   96.69 p50=   96.69 p95=   96.69 p99=   96.69 rps=   0.03
window 1m
  calc.additional.maxViewersSummary             n= 6974 err=   0 errRate=  0.00% avg=   42.88 min=   12.85 max=  360.77 p50=   24.96 p95=  107.90 p99=  185.64 rps= 116.23
  controller.AnalyticsController.maxViewersSummary n= 6975 err=   0 errRate=  0.00% avg=   43.15 min=   12.93 max=  361.09 p50=   25.20 p95=  108.18 p99=  186.38 rps= 116.25
  s2s.crud.fetchAllTickets                      n= 6974 err=   0 errRate=  0.00% avg=   42.56 min=   12.82 max=  360.73 p50=   24.88 p95=  107.37 p99=  167.54 rps= 116.23
  s2s.crud.fetchFilms                           n=    2 err=   0 errRate=  0.00% avg=  114.25 min=   96.69 max=  131.82 p50=  114.25 p95=  130.06 p99=  131.46 rps=   0.03

2026-05-06T20:59:53.048Z  INFO 1 --- [lab8-additional-service] [   scheduling-1] r.h.l.a.o.ObservabilityService           : [lab8-additional-service] observability refresh
window 10s
  calc.additional.maxViewersSummary             n=  187 err=   0 errRate=  0.00% avg=   15.51 min=   12.85 max=   58.89 p50=   13.71 p95=   20.34 p99=   22.22 rps=  18.70
  controller.AnalyticsController.maxViewersSummary n=  187 err=   0 errRate=  0.00% avg=   15.66 min=   12.93 max=   59.16 p50=   13.85 p95=   20.51 p99=   22.33 rps=  18.70
  s2s.crud.fetchAllTickets                      n=  187 err=   0 errRate=  0.00% avg=   15.46 min=   12.82 max=   58.84 p50=   13.66 p95=   20.28 p99=   22.18 rps=  18.70
window 30s
  calc.additional.maxViewersSummary             n= 2882 err=   0 errRate=  0.00% avg=   32.49 min=   12.85 max=  193.67 p50=   20.49 p95=   98.28 p99=  124.77 rps=  96.07
  controller.AnalyticsController.maxViewersSummary n= 2882 err=   0 errRate=  0.00% avg=   32.70 min=   12.93 max=  193.76 p50=   20.68 p95=   98.43 p99=  124.87 rps=  96.07
  s2s.crud.fetchAllTickets                      n= 2882 err=   0 errRate=  0.00% avg=   32.41 min=   12.82 max=  193.64 p50=   20.43 p95=   97.97 p99=  124.51 rps=  96.07
  s2s.crud.fetchFilms                           n=    1 err=   0 errRate=  0.00% avg=   96.69 min=   96.69 max=   96.69 p50=   96.69 p95=   96.69 p99=   96.69 rps=   0.03
window 1m
  calc.additional.maxViewersSummary             n= 6915 err=   0 errRate=  0.00% avg=   41.87 min=   12.85 max=  360.77 p50=   24.64 p95=  107.15 p99=  173.86 rps= 115.25
  controller.AnalyticsController.maxViewersSummary n= 6915 err=   0 errRate=  0.00% avg=   42.12 min=   12.93 max=  361.09 p50=   24.90 p95=  107.42 p99=  174.70 rps= 115.25
  s2s.crud.fetchAllTickets                      n= 6915 err=   0 errRate=  0.00% avg=   41.56 min=   12.82 max=  360.73 p50=   24.58 p95=  106.68 p99=  155.39 rps= 115.25
  s2s.crud.fetchFilms                           n=    2 err=   0 errRate=  0.00% avg=  114.25 min=   96.69 max=  131.82 p50=  114.25 p95=  130.06 p99=  131.46 rps=   0.03

2026-05-06T20:59:54.052Z  INFO 1 --- [lab8-additional-service] [   scheduling-1] r.h.l.a.o.ObservabilityService           : [lab8-additional-service] observability refresh
window 10s
  calc.additional.maxViewersSummary             n=  193 err=   0 errRate=  0.00% avg=   15.21 min=   12.85 max=   22.53 p50=   13.71 p95=   20.31 p99=   21.16 rps=  19.30
  controller.AnalyticsController.maxViewersSummary n=  193 err=   0 errRate=  0.00% avg=   15.36 min=   12.93 max=   22.75 p50=   13.85 p95=   20.44 p99=   21.37 rps=  19.30
  s2s.crud.fetchAllTickets                      n=  193 err=   0 errRate=  0.00% avg=   15.16 min=   12.82 max=   22.49 p50=   13.66 p95=   20.25 p99=   21.13 rps=  19.30
window 30s
  calc.additional.maxViewersSummary             n= 2724 err=   0 errRate=  0.00% avg=   33.23 min=   12.85 max=  193.67 p50=   20.59 p95=   98.53 p99=  127.97 rps=  90.80
  controller.AnalyticsController.maxViewersSummary n= 2724 err=   0 errRate=  0.00% avg=   33.45 min=   12.93 max=  193.76 p50=   20.81 p95=   98.92 p99=  128.10 rps=  90.80
  s2s.crud.fetchAllTickets                      n= 2724 err=   0 errRate=  0.00% avg=   33.15 min=   12.82 max=  193.64 p50=   20.54 p95=   98.48 p99=  124.96 rps=  90.80
  s2s.crud.fetchFilms                           n=    1 err=   0 errRate=  0.00% avg=   96.69 min=   96.69 max=   96.69 p50=   96.69 p95=   96.69 p99=   96.69 rps=   0.03
window 1m
  calc.additional.maxViewersSummary             n= 6820 err=   0 errRate=  0.00% avg=   41.10 min=   12.85 max=  360.77 p50=   24.35 p95=  107.12 p99=  168.90 rps= 113.67
  controller.AnalyticsController.maxViewersSummary n= 6820 err=   0 errRate=  0.00% avg=   41.34 min=   12.93 max=  361.09 p50=   24.65 p95=  107.33 p99=  169.16 rps= 113.67
  s2s.crud.fetchAllTickets                      n= 6820 err=   0 errRate=  0.00% avg=   40.79 min=   12.82 max=  360.73 p50=   24.31 p95=  106.65 p99=  152.02 rps= 113.67
  s2s.crud.fetchFilms                           n=    2 err=   0 errRate=  0.00% avg=  114.25 min=   96.69 max=  131.82 p50=  114.25 p95=  130.06 p99=  131.46 rps=   0.03

2026-05-06T20:59:55.057Z  INFO 1 --- [lab8-additional-service] [   scheduling-1] r.h.l.a.o.ObservabilityService           : [lab8-additional-service] observability refresh
window 10s
  calc.additional.maxViewersSummary             n=  190 err=   0 errRate=  0.00% avg=   15.19 min=   12.85 max=   22.53 p50=   13.70 p95=   20.31 p99=   21.20 rps=  19.00
  controller.AnalyticsController.maxViewersSummary n=  190 err=   0 errRate=  0.00% avg=   15.34 min=   12.93 max=   22.75 p50=   13.82 p95=   20.44 p99=   21.40 rps=  19.00
  s2s.crud.fetchAllTickets                      n=  190 err=   0 errRate=  0.00% avg=   15.15 min=   12.82 max=   22.49 p50=   13.65 p95=   20.26 p99=   21.16 rps=  19.00
window 30s
  calc.additional.maxViewersSummary             n= 2577 err=   0 errRate=  0.00% avg=   33.90 min=   12.85 max=  193.67 p50=   20.86 p95=   99.57 p99=  129.36 rps=  85.90
  controller.AnalyticsController.maxViewersSummary n= 2577 err=   0 errRate=  0.00% avg=   34.12 min=   12.93 max=  193.76 p50=   21.04 p95=  100.19 p99=  129.48 rps=  85.90
  s2s.crud.fetchAllTickets                      n= 2577 err=   0 errRate=  0.00% avg=   33.82 min=   12.82 max=  193.64 p50=   20.82 p95=   99.40 p99=  128.91 rps=  85.90
  s2s.crud.fetchFilms                           n=    1 err=   0 errRate=  0.00% avg=   96.69 min=   96.69 max=   96.69 p50=   96.69 p95=   96.69 p99=   96.69 rps=   0.03
window 1m
  calc.additional.maxViewersSummary             n= 6702 err=   0 errRate=  0.00% avg=   40.82 min=   12.85 max=  360.77 p50=   24.29 p95=  106.89 p99=  169.40 rps= 111.70
  controller.AnalyticsController.maxViewersSummary n= 6702 err=   0 errRate=  0.00% avg=   41.06 min=   12.93 max=  361.09 p50=   24.56 p95=  107.00 p99=  169.69 rps= 111.70
  s2s.crud.fetchAllTickets                      n= 6702 err=   0 errRate=  0.00% avg=   40.51 min=   12.82 max=  360.73 p50=   24.25 p95=  105.97 p99=  152.97 rps= 111.70
  s2s.crud.fetchFilms                           n=    2 err=   0 errRate=  0.00% avg=  114.25 min=   96.69 max=  131.82 p50=  114.25 p95=  130.06 p99=  131.46 rps=   0.03

2026-05-06T20:59:56.061Z  INFO 1 --- [lab8-additional-service] [   scheduling-1] r.h.l.a.o.ObservabilityService           : [lab8-additional-service] observability refresh
window 10s
  calc.additional.maxViewersSummary             n=  190 err=   0 errRate=  0.00% avg=   15.19 min=   12.85 max=   22.56 p50=   13.70 p95=   20.34 p99=   22.40 rps=  19.00
  controller.AnalyticsController.maxViewersSummary n=  190 err=   0 errRate=  0.00% avg=   15.34 min=   12.93 max=   22.75 p50=   13.84 p95=   20.53 p99=   22.58 rps=  19.00
  s2s.crud.fetchAllTickets                      n=  190 err=   0 errRate=  0.00% avg=   15.14 min=   12.82 max=   22.51 p50=   13.66 p95=   20.29 p99=   22.35 rps=  19.00
window 30s
  calc.additional.maxViewersSummary             n= 2433 err=   0 errRate=  0.00% avg=   34.29 min=   12.85 max=  193.67 p50=   20.81 p95=  100.62 p99=  130.21 rps=  81.10
  controller.AnalyticsController.maxViewersSummary n= 2433 err=   0 errRate=  0.00% avg=   34.50 min=   12.93 max=  193.76 p50=   20.99 p95=  100.89 p99=  130.34 rps=  81.10
  s2s.crud.fetchAllTickets                      n= 2433 err=   0 errRate=  0.00% avg=   34.20 min=   12.82 max=  193.64 p50=   20.76 p95=  100.46 p99=  129.42 rps=  81.10
  s2s.crud.fetchFilms                           n=    1 err=   0 errRate=  0.00% avg=   96.69 min=   96.69 max=   96.69 p50=   96.69 p95=   96.69 p99=   96.69 rps=   0.03
window 1m
  calc.additional.maxViewersSummary             n= 6578 err=   0 errRate=  0.00% avg=   40.58 min=   12.85 max=  360.77 p50=   24.08 p95=  106.91 p99=  170.60 rps= 109.63
  controller.AnalyticsController.maxViewersSummary n= 6578 err=   0 errRate=  0.00% avg=   40.81 min=   12.93 max=  361.09 p50=   24.33 p95=  107.16 p99=  170.75 rps= 109.63
  s2s.crud.fetchAllTickets                      n= 6578 err=   0 errRate=  0.00% avg=   40.26 min=   12.82 max=  360.73 p50=   24.03 p95=  106.36 p99=  154.53 rps= 109.63
  s2s.crud.fetchFilms                           n=    2 err=   0 errRate=  0.00% avg=  114.25 min=   96.69 max=  131.82 p50=  114.25 p95=  130.06 p99=  131.46 rps=   0.03

2026-05-06T20:59:57.065Z  INFO 1 --- [lab8-additional-service] [   scheduling-1] r.h.l.a.o.ObservabilityService           : [lab8-additional-service] observability refresh
window 10s
  calc.additional.maxViewersSummary             n=  192 err=   0 errRate=  0.00% avg=   15.18 min=   12.85 max=   23.69 p50=   13.70 p95=   20.45 p99=   22.53 rps=  19.20
  controller.AnalyticsController.maxViewersSummary n=  192 err=   0 errRate=  0.00% avg=   15.34 min=   12.93 max=   23.95 p50=   13.84 p95=   20.63 p99=   22.73 rps=  19.20
  s2s.crud.fetchAllTickets                      n=  192 err=   0 errRate=  0.00% avg=   15.14 min=   12.82 max=   23.62 p50=   13.66 p95=   20.41 p99=   22.49 rps=  19.20
window 30s
  calc.additional.maxViewersSummary             n= 2311 err=   0 errRate=  0.00% avg=   33.64 min=   12.85 max=  193.67 p50=   20.31 p95=  101.06 p99=  131.07 rps=  77.03
  controller.AnalyticsController.maxViewersSummary n= 2311 err=   0 errRate=  0.00% avg=   33.85 min=   12.93 max=  193.76 p50=   20.49 p95=  101.27 p99=  131.18 rps=  77.03
  s2s.crud.fetchAllTickets                      n= 2311 err=   0 errRate=  0.00% avg=   33.55 min=   12.82 max=  193.64 p50=   20.25 p95=  100.91 p99=  130.39 rps=  77.03
  s2s.crud.fetchFilms                           n=    1 err=   0 errRate=  0.00% avg=   96.69 min=   96.69 max=   96.69 p50=   96.69 p95=   96.69 p99=   96.69 rps=   0.03
window 1m
  calc.additional.maxViewersSummary             n= 6499 err=   0 errRate=  0.00% avg=   40.15 min=   12.85 max=  360.77 p50=   23.86 p95=  106.91 p99=  172.83 rps= 108.32
  controller.AnalyticsController.maxViewersSummary n= 6499 err=   0 errRate=  0.00% avg=   40.37 min=   12.93 max=  361.09 p50=   24.09 p95=  107.16 p99=  173.14 rps= 108.32
  s2s.crud.fetchAllTickets                      n= 6499 err=   0 errRate=  0.00% avg=   39.82 min=   12.82 max=  360.73 p50=   23.80 p95=  106.36 p99=  155.09 rps= 108.32
  s2s.crud.fetchFilms                           n=    2 err=   0 errRate=  0.00% avg=  114.25 min=   96.69 max=  131.82 p50=  114.25 p95=  130.06 p99=  131.46 rps=   0.03

2026-05-06T20:59:58.068Z  INFO 1 --- [lab8-additional-service] [   scheduling-1] r.h.l.a.o.ObservabilityService           : [lab8-additional-service] observability refresh
window 10s
  calc.additional.maxViewersSummary             n=  181 err=   0 errRate=  0.00% avg=   15.19 min=   12.85 max=   23.69 p50=   13.71 p95=   20.44 p99=   22.53 rps=  18.10
  controller.AnalyticsController.maxViewersSummary n=  181 err=   0 errRate=  0.00% avg=   15.34 min=   12.93 max=   23.95 p50=   13.87 p95=   20.61 p99=   22.73 rps=  18.10
  s2s.crud.fetchAllTickets                      n=  181 err=   0 errRate=  0.00% avg=   15.14 min=   12.82 max=   23.62 p50=   13.66 p95=   20.40 p99=   22.49 rps=  18.10
window 30s
  calc.additional.maxViewersSummary             n= 2178 err=   0 errRate=  0.00% avg=   33.69 min=   12.85 max=  193.67 p50=   19.93 p95=  101.42 p99=  133.25 rps=  72.60
  controller.AnalyticsController.maxViewersSummary n= 2178 err=   0 errRate=  0.00% avg=   33.90 min=   12.93 max=  193.76 p50=   20.11 p95=  101.90 p99=  133.39 rps=  72.60
  s2s.crud.fetchAllTickets                      n= 2178 err=   0 errRate=  0.00% avg=   33.60 min=   12.82 max=  193.64 p50=   19.88 p95=  101.35 p99=  133.21 rps=  72.60
  s2s.crud.fetchFilms                           n=    1 err=   0 errRate=  0.00% avg=   96.69 min=   96.69 max=   96.69 p50=   96.69 p95=   96.69 p99=   96.69 rps=   0.03
window 1m
  calc.additional.maxViewersSummary             n= 6368 err=   0 errRate=  0.00% avg=   39.63 min=   12.85 max=  360.77 p50=   23.74 p95=  105.98 p99=  163.10 rps= 106.13
  controller.AnalyticsController.maxViewersSummary n= 6368 err=   0 errRate=  0.00% avg=   39.86 min=   12.93 max=  361.09 p50=   23.93 p95=  106.54 p99=  163.22 rps= 106.13
  s2s.crud.fetchAllTickets                      n= 6368 err=   0 errRate=  0.00% avg=   39.30 min=   12.82 max=  360.73 p50=   23.65 p95=  105.21 p99=  142.64 rps= 106.13
  s2s.crud.fetchFilms                           n=    2 err=   0 errRate=  0.00% avg=  114.25 min=   96.69 max=  131.82 p50=  114.25 p95=  130.06 p99=  131.46 rps=   0.03

2026-05-06T20:59:59.064Z  INFO 1 --- [lab8-additional-service] [   scheduling-1] r.h.l.a.service.FilmCacheService         : film-cache stats: size=310 ttlMs=30000 lastRefreshAtMs=1778101181527 hits=21978 misses=7 refreshes=7
2026-05-06T20:59:59.073Z  INFO 1 --- [lab8-additional-service] [   scheduling-1] r.h.l.a.o.ObservabilityService           : [lab8-additional-service] observability refresh
window 10s
  calc.additional.maxViewersSummary             n=  174 err=   0 errRate=  0.00% avg=   15.81 min=   12.85 max=   65.67 p50=   13.74 p95=   21.07 p99=   32.94 rps=  17.40
  controller.AnalyticsController.maxViewersSummary n=  174 err=   0 errRate=  0.00% avg=   15.98 min=   12.93 max=   65.95 p50=   13.92 p95=   21.27 p99=   33.13 rps=  17.40
  s2s.crud.fetchAllTickets                      n=  174 err=   0 errRate=  0.00% avg=   15.76 min=   12.82 max=   65.61 p50=   13.70 p95=   21.02 p99=   32.89 rps=  17.40
window 30s
  calc.additional.maxViewersSummary             n= 2051 err=   0 errRate=  0.00% avg=   33.93 min=   12.85 max=  193.67 p50=   19.96 p95=  101.59 p99=  130.83 rps=  68.37
  controller.AnalyticsController.maxViewersSummary n= 2051 err=   0 errRate=  0.00% avg=   34.15 min=   12.93 max=  193.76 p50=   20.20 p95=  102.06 p99=  130.94 rps=  68.37
  s2s.crud.fetchAllTickets                      n= 2051 err=   0 errRate=  0.00% avg=   33.84 min=   12.82 max=  193.64 p50=   19.93 p95=  101.42 p99=  129.99 rps=  68.37
  s2s.crud.fetchFilms                           n=    1 err=   0 errRate=  0.00% avg=   96.69 min=   96.69 max=   96.69 p50=   96.69 p95=   96.69 p99=   96.69 rps=   0.03
window 1m
  calc.additional.maxViewersSummary             n= 6243 err=   0 errRate=  0.00% avg=   40.04 min=   12.85 max=  360.77 p50=   24.01 p95=  106.41 p99=  164.98 rps= 104.05
  controller.AnalyticsController.maxViewersSummary n= 6243 err=   0 errRate=  0.00% avg=   40.26 min=   12.93 max=  361.09 p50=   24.24 p95=  106.63 p99=  165.12 rps= 104.05
  s2s.crud.fetchAllTickets                      n= 6243 err=   0 errRate=  0.00% avg=   39.70 min=   12.82 max=  360.73 p50=   23.97 p95=  105.37 p99=  144.07 rps= 104.05
  s2s.crud.fetchFilms                           n=    2 err=   0 errRate=  0.00% avg=  114.25 min=   96.69 max=  131.82 p50=  114.25 p95=  130.06 p99=  131.46 rps=   0.03

2026-05-06T21:00:00.078Z  INFO 1 --- [lab8-additional-service] [   scheduling-1] r.h.l.a.o.ObservabilityService           : [lab8-additional-service] observability refresh
window 10s
  calc.additional.maxViewersSummary             n=  174 err=   0 errRate=  0.00% avg=   15.87 min=   12.91 max=   65.67 p50=   13.76 p95=   21.07 p99=   32.94 rps=  17.40
  controller.AnalyticsController.maxViewersSummary n=  174 err=   0 errRate=  0.00% avg=   16.05 min=   12.99 max=   65.95 p50=   13.99 p95=   21.27 p99=   33.13 rps=  17.40
  s2s.crud.fetchAllTickets                      n=  174 err=   0 errRate=  0.00% avg=   15.83 min=   12.88 max=   65.61 p50=   13.71 p95=   21.02 p99=   32.89 rps=  17.40
window 30s
  calc.additional.maxViewersSummary             n= 1894 err=   0 errRate=  0.00% avg=   34.50 min=   12.85 max=  193.67 p50=   20.24 p95=  101.69 p99=  128.86 rps=  63.13
  controller.AnalyticsController.maxViewersSummary n= 1894 err=   0 errRate=  0.00% avg=   34.72 min=   12.93 max=  193.76 p50=   20.45 p95=  102.12 p99=  129.01 rps=  63.13
  s2s.crud.fetchAllTickets                      n= 1894 err=   0 errRate=  0.00% avg=   34.40 min=   12.82 max=  193.64 p50=   20.20 p95=  101.53 p99=  125.31 rps=  63.13
  s2s.crud.fetchFilms                           n=    1 err=   0 errRate=  0.00% avg=   96.69 min=   96.69 max=   96.69 p50=   96.69 p95=   96.69 p99=   96.69 rps=   0.03
window 1m
  calc.additional.maxViewersSummary             n= 6128 err=   0 errRate=  0.00% avg=   39.62 min=   12.85 max=  360.77 p50=   23.81 p95=  106.07 p99=  154.05 rps= 102.13
  controller.AnalyticsController.maxViewersSummary n= 6128 err=   0 errRate=  0.00% avg=   39.84 min=   12.93 max=  361.09 p50=   24.02 p95=  106.56 p99=  154.29 rps= 102.13
  s2s.crud.fetchAllTickets                      n= 6128 err=   0 errRate=  0.00% avg=   39.28 min=   12.82 max=  360.73 p50=   23.76 p95=  105.19 p99=  140.01 rps= 102.13
  s2s.crud.fetchFilms                           n=    2 err=   0 errRate=  0.00% avg=  114.25 min=   96.69 max=  131.82 p50=  114.25 p95=  130.06 p99=  131.46 rps=   0.03

2026-05-06T21:00:01.081Z  INFO 1 --- [lab8-additional-service] [   scheduling-1] r.h.l.a.o.ObservabilityService           : [lab8-additional-service] observability refresh
window 10s
  calc.additional.maxViewersSummary             n=  168 err=   0 errRate=  0.00% avg=   16.18 min=   12.97 max=   65.67 p50=   13.86 p95=   22.48 p99=   32.95 rps=  16.80
  controller.AnalyticsController.maxViewersSummary n=  168 err=   0 errRate=  0.00% avg=   16.36 min=   13.09 max=   65.95 p50=   14.04 p95=   22.67 p99=   33.15 rps=  16.80
  s2s.crud.fetchAllTickets                      n=  168 err=   0 errRate=  0.00% avg=   16.13 min=   12.93 max=   65.61 p50=   13.81 p95=   22.43 p99=   32.90 rps=  16.80
window 30s
  calc.additional.maxViewersSummary             n= 1772 err=   0 errRate=  0.00% avg=   33.65 min=   12.85 max=  193.67 p50=   19.72 p95=  102.32 p99=  129.66 rps=  59.07
  controller.AnalyticsController.maxViewersSummary n= 1772 err=   0 errRate=  0.00% avg=   33.87 min=   12.93 max=  193.76 p50=   19.91 p95=  102.64 p99=  129.77 rps=  59.07
  s2s.crud.fetchAllTickets                      n= 1772 err=   0 errRate=  0.00% avg=   33.55 min=   12.82 max=  193.64 p50=   19.67 p95=  102.25 p99=  128.93 rps=  59.07
  s2s.crud.fetchFilms                           n=    1 err=   0 errRate=  0.00% avg=   96.69 min=   96.69 max=   96.69 p50=   96.69 p95=   96.69 p99=   96.69 rps=   0.03
window 1m
  calc.additional.maxViewersSummary             n= 6031 err=   0 errRate=  0.00% avg=   38.94 min=   12.85 max=  360.77 p50=   23.54 p95=  105.95 p99=  156.30 rps= 100.52
  controller.AnalyticsController.maxViewersSummary n= 6031 err=   0 errRate=  0.00% avg=   39.16 min=   12.93 max=  361.09 p50=   23.74 p95=  106.42 p99=  156.43 rps= 100.52
  s2s.crud.fetchAllTickets                      n= 6031 err=   0 errRate=  0.00% avg=   38.60 min=   12.82 max=  360.73 p50=   23.49 p95=  105.15 p99=  140.92 rps= 100.52
  s2s.crud.fetchFilms                           n=    2 err=   0 errRate=  0.00% avg=  114.25 min=   96.69 max=  131.82 p50=  114.25 p95=  130.06 p99=  131.46 rps=   0.03

2026-05-06T21:00:02.085Z  INFO 1 --- [lab8-additional-service] [   scheduling-1] r.h.l.a.o.ObservabilityService           : [lab8-additional-service] observability refresh
window 10s
  calc.additional.maxViewersSummary             n=  172 err=   0 errRate=  0.00% avg=   16.20 min=   12.97 max=   65.67 p50=   13.88 p95=   22.54 p99=   32.95 rps=  17.20
  controller.AnalyticsController.maxViewersSummary n=  172 err=   0 errRate=  0.00% avg=   16.37 min=   13.10 max=   65.95 p50=   14.06 p95=   22.74 p99=   33.14 rps=  17.20
  s2s.crud.fetchAllTickets                      n=  172 err=   0 errRate=  0.00% avg=   16.15 min=   12.93 max=   65.61 p50=   13.84 p95=   22.50 p99=   32.89 rps=  17.20
window 30s
  calc.additional.maxViewersSummary             n= 1702 err=   0 errRate=  0.00% avg=   31.50 min=   12.85 max=  193.67 p50=   18.94 p95=  101.87 p99=  130.52 rps=  56.73
  controller.AnalyticsController.maxViewersSummary n= 1702 err=   0 errRate=  0.00% avg=   31.72 min=   12.93 max=  193.76 p50=   19.18 p95=  102.15 p99=  130.63 rps=  56.73
  s2s.crud.fetchAllTickets                      n= 1702 err=   0 errRate=  0.00% avg=   31.40 min=   12.82 max=  193.64 p50=   18.89 p95=  101.66 p99=  129.27 rps=  56.73
  s2s.crud.fetchFilms                           n=    1 err=   0 errRate=  0.00% avg=   96.69 min=   96.69 max=   96.69 p50=   96.69 p95=   96.69 p99=   96.69 rps=   0.03
window 1m
  calc.additional.maxViewersSummary             n= 5911 err=   0 errRate=  0.00% avg=   38.42 min=   12.85 max=  360.77 p50=   23.17 p95=  105.64 p99=  161.88 rps=  98.52
  controller.AnalyticsController.maxViewersSummary n= 5911 err=   0 errRate=  0.00% avg=   38.64 min=   12.93 max=  361.09 p50=   23.41 p95=  106.13 p99=  162.19 rps=  98.52
  s2s.crud.fetchAllTickets                      n= 5911 err=   0 errRate=  0.00% avg=   38.07 min=   12.82 max=  360.73 p50=   23.10 p95=  104.78 p99=  141.50 rps=  98.52
  s2s.crud.fetchFilms                           n=    2 err=   0 errRate=  0.00% avg=  114.25 min=   96.69 max=  131.82 p50=  114.25 p95=  130.06 p99=  131.46 rps=   0.03

2026-05-06T21:00:03.088Z  INFO 1 --- [lab8-additional-service] [   scheduling-1] r.h.l.a.o.ObservabilityService           : [lab8-additional-service] observability refresh
window 10s
  calc.additional.maxViewersSummary             n=  174 err=   0 errRate=  0.00% avg=   16.22 min=   12.97 max=   65.67 p50=   13.95 p95=   22.54 p99=   32.94 rps=  17.40
  controller.AnalyticsController.maxViewersSummary n=  173 err=   0 errRate=  0.00% avg=   16.41 min=   13.10 max=   65.95 p50=   14.14 p95=   22.74 p99=   33.14 rps=  17.30
  s2s.crud.fetchAllTickets                      n=  174 err=   0 errRate=  0.00% avg=   16.17 min=   12.93 max=   65.61 p50=   13.90 p95=   22.49 p99=   32.89 rps=  17.40
window 30s
  calc.additional.maxViewersSummary             n= 1584 err=   0 errRate=  0.00% avg=   30.42 min=   12.85 max=  193.67 p50=   18.94 p95=  100.42 p99=  116.90 rps=  52.80
  controller.AnalyticsController.maxViewersSummary n= 1583 err=   0 errRate=  0.00% avg=   30.65 min=   12.93 max=  193.76 p50=   19.18 p95=  100.69 p99=  117.03 rps=  52.77
  s2s.crud.fetchAllTickets                      n= 1584 err=   0 errRate=  0.00% avg=   30.31 min=   12.82 max=  193.64 p50=   18.89 p95=  100.29 p99=  116.80 rps=  52.80
  s2s.crud.fetchFilms                           n=    1 err=   0 errRate=  0.00% avg=   96.69 min=   96.69 max=   96.69 p50=   96.69 p95=   96.69 p99=   96.69 rps=   0.03
window 1m
  calc.additional.maxViewersSummary             n= 5795 err=   0 errRate=  0.00% avg=   38.14 min=   12.85 max=  360.77 p50=   22.86 p95=  105.50 p99=  162.75 rps=  96.58
  controller.AnalyticsController.maxViewersSummary n= 5794 err=   0 errRate=  0.00% avg=   38.36 min=   12.93 max=  361.09 p50=   23.11 p95=  106.08 p99=  162.87 rps=  96.57
  s2s.crud.fetchAllTickets                      n= 5795 err=   0 errRate=  0.00% avg=   37.79 min=   12.82 max=  360.73 p50=   22.80 p95=  104.50 p99=  142.63 rps=  96.58
  s2s.crud.fetchFilms                           n=    2 err=   0 errRate=  0.00% avg=  114.25 min=   96.69 max=  131.82 p50=  114.25 p95=  130.06 p99=  131.46 rps=   0.03

2026-05-06T21:00:04.092Z  INFO 1 --- [lab8-additional-service] [   scheduling-1] r.h.l.a.o.ObservabilityService           : [lab8-additional-service] observability refresh
window 10s
  calc.additional.maxViewersSummary             n=  172 err=   0 errRate=  0.00% avg=   16.67 min=   12.97 max=   73.79 p50=   13.94 p95=   22.88 p99=   55.78 rps=  17.20
  controller.AnalyticsController.maxViewersSummary n=  172 err=   0 errRate=  0.00% avg=   16.84 min=   13.10 max=   74.06 p50=   14.13 p95=   23.09 p99=   56.00 rps=  17.20
  s2s.crud.fetchAllTickets                      n=  172 err=   0 errRate=  0.00% avg=   16.62 min=   12.93 max=   73.73 p50=   13.89 p95=   22.83 p99=   55.72 rps=  17.20
window 30s
  calc.additional.maxViewersSummary             n= 1474 err=   0 errRate=  0.00% avg=   28.76 min=   12.85 max=  193.67 p50=   17.71 p95=   99.33 p99=  117.04 rps=  49.13
  controller.AnalyticsController.maxViewersSummary n= 1474 err=   0 errRate=  0.00% avg=   28.98 min=   12.93 max=  193.76 p50=   18.03 p95=   99.50 p99=  117.19 rps=  49.13
  s2s.crud.fetchAllTickets                      n= 1474 err=   0 errRate=  0.00% avg=   28.65 min=   12.82 max=  193.64 p50=   17.67 p95=   98.96 p99=  116.87 rps=  49.13
  s2s.crud.fetchFilms                           n=    1 err=   0 errRate=  0.00% avg=   96.69 min=   96.69 max=   96.69 p50=   96.69 p95=   96.69 p99=   96.69 rps=   0.03
window 1m
  calc.additional.maxViewersSummary             n= 5673 err=   0 errRate=  0.00% avg=   37.77 min=   12.85 max=  360.77 p50=   22.52 p95=  105.07 p99=  164.46 rps=  94.55
  controller.AnalyticsController.maxViewersSummary n= 5673 err=   0 errRate=  0.00% avg=   37.99 min=   12.93 max=  361.09 p50=   22.76 p95=  105.46 p99=  164.59 rps=  94.55
  s2s.crud.fetchAllTickets                      n= 5673 err=   0 errRate=  0.00% avg=   37.42 min=   12.82 max=  360.73 p50=   22.49 p95=  104.24 p99=  143.34 rps=  94.55
  s2s.crud.fetchFilms                           n=    2 err=   0 errRate=  0.00% avg=  114.25 min=   96.69 max=  131.82 p50=  114.25 p95=  130.06 p99=  131.46 rps=   0.03

2026-05-06T21:00:05.098Z  INFO 1 --- [lab8-additional-service] [   scheduling-1] r.h.l.a.o.ObservabilityService           : [lab8-additional-service] observability refresh
window 10s
  calc.additional.maxViewersSummary             n=  163 err=   0 errRate=  0.00% avg=   20.43 min=   12.97 max=  181.82 p50=   13.99 p95=   32.05 p99=  176.76 rps=  16.30
  controller.AnalyticsController.maxViewersSummary n=  163 err=   0 errRate=  0.00% avg=   20.61 min=   13.10 max=  182.14 p50=   14.15 p95=   32.26 p99=  176.93 rps=  16.30
  s2s.crud.fetchAllTickets                      n=  163 err=   0 errRate=  0.00% avg=   20.38 min=   12.93 max=  181.77 p50=   13.92 p95=   32.00 p99=  176.70 rps=  16.30
window 30s
  calc.additional.maxViewersSummary             n= 1352 err=   0 errRate=  0.00% avg=   24.89 min=   12.85 max=  181.82 p50=   16.22 p95=   92.66 p99=  104.41 rps=  45.07
  controller.AnalyticsController.maxViewersSummary n= 1352 err=   0 errRate=  0.00% avg=   25.09 min=   12.93 max=  182.14 p50=   16.40 p95=   93.28 p99=  104.73 rps=  45.07
  s2s.crud.fetchAllTickets                      n= 1352 err=   0 errRate=  0.00% avg=   24.77 min=   12.82 max=  181.77 p50=   16.18 p95=   92.43 p99=  104.34 rps=  45.07
  s2s.crud.fetchFilms                           n=    1 err=   0 errRate=  0.00% avg=   96.69 min=   96.69 max=   96.69 p50=   96.69 p95=   96.69 p99=   96.69 rps=   0.03
window 1m
  calc.additional.maxViewersSummary             n= 5548 err=   0 errRate=  0.00% avg=   37.33 min=   12.85 max=  360.77 p50=   22.18 p95=  104.67 p99=  164.90 rps=  92.47
  controller.AnalyticsController.maxViewersSummary n= 5548 err=   0 errRate=  0.00% avg=   37.54 min=   12.93 max=  361.09 p50=   22.42 p95=  105.30 p99=  165.03 rps=  92.47
  s2s.crud.fetchAllTickets                      n= 5548 err=   0 errRate=  0.00% avg=   36.96 min=   12.82 max=  360.73 p50=   22.14 p95=  104.09 p99=  143.95 rps=  92.47
  s2s.crud.fetchFilms                           n=    2 err=   0 errRate=  0.00% avg=  114.25 min=   96.69 max=  131.82 p50=  114.25 p95=  130.06 p99=  131.46 rps=   0.03

2026-05-06T21:00:06.101Z  INFO 1 --- [lab8-additional-service] [   scheduling-1] r.h.l.a.o.ObservabilityService           : [lab8-additional-service] observability refresh
window 10s
  calc.additional.maxViewersSummary             n=  146 err=   0 errRate=  0.00% avg=   24.75 min=   12.97 max=  181.82 p50=   14.01 p95=  109.36 p99=  177.50 rps=  14.60
  controller.AnalyticsController.maxViewersSummary n=  146 err=   0 errRate=  0.00% avg=   24.93 min=   13.10 max=  182.14 p50=   14.18 p95=  109.61 p99=  177.67 rps=  14.60
  s2s.crud.fetchAllTickets                      n=  146 err=   0 errRate=  0.00% avg=   24.70 min=   12.93 max=  181.77 p50=   13.94 p95=  109.30 p99=  177.44 rps=  14.60
window 30s
  calc.additional.maxViewersSummary             n= 1210 err=   0 errRate=  0.00% avg=   23.04 min=   12.85 max=  181.82 p50=   14.84 p95=   80.48 p99=  109.15 rps=  40.33
  controller.AnalyticsController.maxViewersSummary n= 1210 err=   0 errRate=  0.00% avg=   23.22 min=   12.93 max=  182.14 p50=   15.04 p95=   80.83 p99=  109.25 rps=  40.33
  s2s.crud.fetchAllTickets                      n= 1210 err=   0 errRate=  0.00% avg=   22.92 min=   12.82 max=  181.77 p50=   14.79 p95=   80.02 p99=  108.52 rps=  40.33
  s2s.crud.fetchFilms                           n=    1 err=   0 errRate=  0.00% avg=   96.69 min=   96.69 max=   96.69 p50=   96.69 p95=   96.69 p99=   96.69 rps=   0.03
window 1m
  calc.additional.maxViewersSummary             n= 5408 err=   0 errRate=  0.00% avg=   36.64 min=   12.85 max=  360.77 p50=   21.84 p95=  103.99 p99=  166.58 rps=  90.13
  controller.AnalyticsController.maxViewersSummary n= 5408 err=   0 errRate=  0.00% avg=   36.85 min=   12.93 max=  361.09 p50=   22.16 p95=  104.31 p99=  166.72 rps=  90.13
  s2s.crud.fetchAllTickets                      n= 5408 err=   0 errRate=  0.00% avg=   36.26 min=   12.82 max=  360.73 p50=   21.78 p95=  103.26 p99=  145.84 rps=  90.13
  s2s.crud.fetchFilms                           n=    2 err=   0 errRate=  0.00% avg=  114.25 min=   96.69 max=  131.82 p50=  114.25 p95=  130.06 p99=  131.46 rps=   0.03

2026-05-06T21:00:07.104Z  INFO 1 --- [lab8-additional-service] [   scheduling-1] r.h.l.a.o.ObservabilityService           : [lab8-additional-service] observability refresh
window 10s
  calc.additional.maxViewersSummary             n=  129 err=   0 errRate=  0.00% avg=   29.68 min=   13.04 max=  181.82 p50=   14.36 p95=  133.57 p99=  178.23 rps=  12.90
  controller.AnalyticsController.maxViewersSummary n=  129 err=   0 errRate=  0.00% avg=   29.86 min=   13.16 max=  182.14 p50=   14.55 p95=  133.83 p99=  178.40 rps=  12.90
  s2s.crud.fetchAllTickets                      n=  129 err=   0 errRate=  0.00% avg=   29.63 min=   13.00 max=  181.77 p50=   14.31 p95=  133.51 p99=  178.17 rps=  12.90
window 30s
  calc.additional.maxViewersSummary             n= 1076 err=   0 errRate=  0.00% avg=   21.55 min=   12.85 max=  181.82 p50=   14.20 p95=   73.11 p99=  109.36 rps=  35.87
  controller.AnalyticsController.maxViewersSummary n= 1076 err=   0 errRate=  0.00% avg=   21.72 min=   12.93 max=  182.14 p50=   14.40 p95=   73.27 p99=  109.51 rps=  35.87
  s2s.crud.fetchAllTickets                      n= 1076 err=   0 errRate=  0.00% avg=   21.41 min=   12.82 max=  181.77 p50=   14.16 p95=   72.73 p99=  104.93 rps=  35.87
  s2s.crud.fetchFilms                           n=    1 err=   0 errRate=  0.00% avg=   96.69 min=   96.69 max=   96.69 p50=   96.69 p95=   96.69 p99=   96.69 rps=   0.03
window 1m
  calc.additional.maxViewersSummary             n= 5282 err=   0 errRate=  0.00% avg=   36.65 min=   12.85 max=  360.77 p50=   21.76 p95=  104.14 p99=  167.62 rps=  88.03
  controller.AnalyticsController.maxViewersSummary n= 5282 err=   0 errRate=  0.00% avg=   36.86 min=   12.93 max=  361.09 p50=   22.01 p95=  104.50 p99=  167.82 rps=  88.03
  s2s.crud.fetchAllTickets                      n= 5282 err=   0 errRate=  0.00% avg=   36.27 min=   12.82 max=  360.73 p50=   21.70 p95=  103.60 p99=  148.74 rps=  88.03
  s2s.crud.fetchFilms                           n=    2 err=   0 errRate=  0.00% avg=  114.25 min=   96.69 max=  131.82 p50=  114.25 p95=  130.06 p99=  131.46 rps=   0.03

2026-05-06T21:00:08.107Z  INFO 1 --- [lab8-additional-service] [   scheduling-1] r.h.l.a.o.ObservabilityService           : [lab8-additional-service] observability refresh
window 10s
  calc.additional.maxViewersSummary             n=  120 err=   0 errRate=  0.00% avg=   32.44 min=   13.11 max=  217.17 p50=   14.44 p95=  156.71 p99=  181.37 rps=  12.00
  controller.AnalyticsController.maxViewersSummary n=  120 err=   0 errRate=  0.00% avg=   32.62 min=   13.22 max=  217.45 p50=   14.65 p95=  156.87 p99=  181.66 rps=  12.00
  s2s.crud.fetchAllTickets                      n=  120 err=   0 errRate=  0.00% avg=   32.39 min=   13.07 max=  217.11 p50=   14.39 p95=  156.65 p99=  181.31 rps=  12.00
window 30s
  calc.additional.maxViewersSummary             n=  882 err=   0 errRate=  0.00% avg=   21.86 min=   12.85 max=  217.17 p50=   14.04 p95=   79.39 p99=  127.90 rps=  29.40
  controller.AnalyticsController.maxViewersSummary n=  882 err=   0 errRate=  0.00% avg=   22.04 min=   12.93 max=  217.45 p50=   14.23 p95=   79.56 p99=  128.14 rps=  29.40
  s2s.crud.fetchAllTickets                      n=  882 err=   0 errRate=  0.00% avg=   21.71 min=   12.82 max=  217.11 p50=   14.00 p95=   78.34 p99=  122.28 rps=  29.40
  s2s.crud.fetchFilms                           n=    1 err=   0 errRate=  0.00% avg=   96.69 min=   96.69 max=   96.69 p50=   96.69 p95=   96.69 p99=   96.69 rps=   0.03
window 1m
  calc.additional.maxViewersSummary             n= 5157 err=   0 errRate=  0.00% avg=   36.04 min=   12.85 max=  360.77 p50=   21.39 p95=  103.33 p99=  163.24 rps=  85.95
  controller.AnalyticsController.maxViewersSummary n= 5157 err=   0 errRate=  0.00% avg=   36.25 min=   12.93 max=  361.09 p50=   21.62 p95=  103.92 p99=  163.36 rps=  85.95
  s2s.crud.fetchAllTickets                      n= 5157 err=   0 errRate=  0.00% avg=   35.66 min=   12.82 max=  360.73 p50=   21.34 p95=  102.59 p99=  142.64 rps=  85.95
  s2s.crud.fetchFilms                           n=    2 err=   0 errRate=  0.00% avg=  114.25 min=   96.69 max=  131.82 p50=  114.25 p95=  130.06 p99=  131.46 rps=   0.03

2026-05-06T21:00:09.064Z  INFO 1 --- [lab8-additional-service] [   scheduling-1] r.h.l.a.service.FilmCacheService         : film-cache stats: size=310 ttlMs=30000 lastRefreshAtMs=1778101181527 hits=22086 misses=7 refreshes=7
2026-05-06T21:00:09.111Z  INFO 1 --- [lab8-additional-service] [   scheduling-1] r.h.l.a.o.ObservabilityService           : [lab8-additional-service] observability refresh
window 10s
  calc.additional.maxViewersSummary             n=  108 err=   0 errRate=  0.00% avg=   36.41 min=   13.11 max=  217.17 p50=   14.43 p95=  171.97 p99=  207.10 rps=  10.80
  controller.AnalyticsController.maxViewersSummary n=  108 err=   0 errRate=  0.00% avg=   36.58 min=   13.22 max=  217.45 p50=   14.64 p95=  172.14 p99=  207.25 rps=  10.80
  s2s.crud.fetchAllTickets                      n=  108 err=   0 errRate=  0.00% avg=   36.35 min=   13.07 max=  217.11 p50=   14.38 p95=  171.92 p99=  207.05 rps=  10.80
window 30s
  calc.additional.maxViewersSummary             n=  707 err=   0 errRate=  0.00% avg=   24.22 min=   12.85 max=  217.17 p50=   14.44 p95=   91.01 p99=  155.45 rps=  23.57
  controller.AnalyticsController.maxViewersSummary n=  707 err=   0 errRate=  0.00% avg=   24.41 min=   12.93 max=  217.45 p50=   14.64 p95=   91.43 p99=  155.62 rps=  23.57
  s2s.crud.fetchAllTickets                      n=  707 err=   0 errRate=  0.00% avg=   24.04 min=   12.82 max=  217.11 p50=   14.40 p95=   89.72 p99=  155.40 rps=  23.57
  s2s.crud.fetchFilms                           n=    1 err=   0 errRate=  0.00% avg=   96.69 min=   96.69 max=   96.69 p50=   96.69 p95=   96.69 p99=   96.69 rps=   0.03
window 1m
  calc.additional.maxViewersSummary             n= 4997 err=   0 errRate=  0.00% avg=   36.05 min=   12.85 max=  360.77 p50=   21.16 p95=  103.82 p99=  166.67 rps=  83.28
  controller.AnalyticsController.maxViewersSummary n= 4997 err=   0 errRate=  0.00% avg=   36.26 min=   12.93 max=  361.09 p50=   21.43 p95=  104.17 p99=  166.81 rps=  83.28
  s2s.crud.fetchAllTickets                      n= 4997 err=   0 errRate=  0.00% avg=   35.65 min=   12.82 max=  360.73 p50=   21.12 p95=  103.00 p99=  145.97 rps=  83.28
  s2s.crud.fetchFilms                           n=    2 err=   0 errRate=  0.00% avg=  114.25 min=   96.69 max=  131.82 p50=  114.25 p95=  130.06 p99=  131.46 rps=   0.03

2026-05-06T21:00:10.114Z  INFO 1 --- [lab8-additional-service] [   scheduling-1] r.h.l.a.o.ObservabilityService           : [lab8-additional-service] observability refresh
window 10s
  calc.additional.maxViewersSummary             n=   89 err=   0 errRate=  0.00% avg=   40.96 min=   13.11 max=  217.17 p50=   14.68 p95=  174.89 p99=  209.98 rps=   8.90
  controller.AnalyticsController.maxViewersSummary n=   89 err=   0 errRate=  0.00% avg=   41.13 min=   13.22 max=  217.45 p50=   14.91 p95=  175.06 p99=  210.14 rps=   8.90
  s2s.crud.fetchAllTickets                      n=   89 err=   0 errRate=  0.00% avg=   40.91 min=   13.07 max=  217.11 p50=   14.62 p95=  174.83 p99=  209.93 rps=   8.90
window 30s
  calc.additional.maxViewersSummary             n=  537 err=   0 errRate=  0.00% avg=   24.57 min=   12.85 max=  217.17 p50=   14.42 p95=   94.04 p99=  171.90 rps=  17.90
  controller.AnalyticsController.maxViewersSummary n=  537 err=   0 errRate=  0.00% avg=   24.75 min=   12.93 max=  217.45 p50=   14.62 p95=   94.20 p99=  172.07 rps=  17.90
  s2s.crud.fetchAllTickets                      n=  537 err=   0 errRate=  0.00% avg=   24.34 min=   12.82 max=  217.11 p50=   14.37 p95=   93.05 p99=  171.85 rps=  17.90
  s2s.crud.fetchFilms                           n=    1 err=   0 errRate=  0.00% avg=   96.69 min=   96.69 max=   96.69 p50=   96.69 p95=   96.69 p99=   96.69 rps=   0.03
window 1m
  calc.additional.maxViewersSummary             n= 4940 err=   0 errRate=  0.00% avg=   35.09 min=   12.85 max=  288.00 p50=   20.92 p95=  102.57 p99=  159.97 rps=  82.33
  controller.AnalyticsController.maxViewersSummary n= 4940 err=   0 errRate=  0.00% avg=   35.30 min=   12.93 max=  288.21 p50=   21.16 p95=  103.05 p99=  160.24 rps=  82.33
  s2s.crud.fetchAllTickets                      n= 4940 err=   0 errRate=  0.00% avg=   34.69 min=   12.82 max=  221.30 p50=   20.89 p95=  102.16 p99=  142.21 rps=  82.33
  s2s.crud.fetchFilms                           n=    2 err=   0 errRate=  0.00% avg=  114.25 min=   96.69 max=  131.82 p50=  114.25 p95=  130.06 p99=  131.46 rps=   0.03

2026-05-06T21:00:11.116Z  INFO 1 --- [lab8-additional-service] [   scheduling-1] r.h.l.a.o.ObservabilityService           : [lab8-additional-service] observability refresh
window 10s
  calc.additional.maxViewersSummary             n=   78 err=   0 errRate=  0.00% avg=   46.73 min=   13.11 max=  217.86 p50=   14.50 p95=  179.80 p99=  217.33 rps=   7.80
  controller.AnalyticsController.maxViewersSummary n=   78 err=   0 errRate=  0.00% avg=   46.91 min=   13.22 max=  218.16 p50=   14.71 p95=  179.99 p99=  217.61 rps=   7.80
  s2s.crud.fetchAllTickets                      n=   78 err=   0 errRate=  0.00% avg=   46.68 min=   13.07 max=  217.81 p50=   14.43 p95=  179.74 p99=  217.27 rps=   7.80
window 30s
  calc.additional.maxViewersSummary             n=  424 err=   0 errRate=  0.00% avg=   21.81 min=   12.85 max=  217.86 p50=   13.87 p95=   48.94 p99=  178.45 rps=  14.13
  controller.AnalyticsController.maxViewersSummary n=  424 err=   0 errRate=  0.00% avg=   21.97 min=   12.93 max=  218.16 p50=   14.03 p95=   49.14 p99=  178.62 rps=  14.13
  s2s.crud.fetchAllTickets                      n=  424 err=   0 errRate=  0.00% avg=   21.53 min=   12.82 max=  217.81 p50=   13.83 p95=   34.09 p99=  178.39 rps=  14.13
  s2s.crud.fetchFilms                           n=    1 err=   0 errRate=  0.00% avg=   96.69 min=   96.69 max=   96.69 p50=   96.69 p95=   96.69 p99=   96.69 rps=   0.03
window 1m
  calc.additional.maxViewersSummary             n= 4785 err=   0 errRate=  0.00% avg=   35.44 min=   12.85 max=  288.00 p50=   21.27 p95=  102.93 p99=  165.86 rps=  79.75
  controller.AnalyticsController.maxViewersSummary n= 4785 err=   0 errRate=  0.00% avg=   35.65 min=   12.93 max=  288.21 p50=   21.49 p95=  103.36 p99=  166.01 rps=  79.75
  s2s.crud.fetchAllTickets                      n= 4785 err=   0 errRate=  0.00% avg=   35.02 min=   12.82 max=  221.30 p50=   21.23 p95=  102.41 p99=  144.48 rps=  79.75
  s2s.crud.fetchFilms                           n=    2 err=   0 errRate=  0.00% avg=  114.25 min=   96.69 max=  131.82 p50=  114.25 p95=  130.06 p99=  131.46 rps=   0.03

2026-05-06T21:00:12.119Z  INFO 1 --- [lab8-additional-service] [   scheduling-1] r.h.l.a.o.ObservabilityService           : [lab8-additional-service] observability refresh
window 10s
  calc.additional.maxViewersSummary             n=   63 err=   0 errRate=  0.00% avg=  108.26 min=   13.17 max=  798.10 p50=   20.61 p95=  407.18 p99=  793.26 rps=   6.30
  controller.AnalyticsController.maxViewersSummary n=   63 err=   0 errRate=  0.00% avg=  108.44 min=   13.30 max=  798.19 p50=   20.73 p95=  407.50 p99=  793.45 rps=   6.30
  s2s.crud.fetchAllTickets                      n=   63 err=   0 errRate=  0.00% avg=  104.74 min=   13.13 max=  798.07 p50=   20.56 p95=  222.62 p99=  793.21 rps=   6.30
  s2s.crud.fetchFilms                           n=    1 err=   0 errRate=  0.00% avg=  218.42 min=  218.42 max=  218.42 p50=  218.42 p95=  218.42 p99=  218.42 rps=   0.10
window 30s
  calc.additional.maxViewersSummary             n=  415 err=   0 errRate=  0.00% avg=   29.90 min=   12.85 max=  798.10 p50=   13.90 p95=  122.99 p99=  222.54 rps=  13.83
  controller.AnalyticsController.maxViewersSummary n=  415 err=   0 errRate=  0.00% avg=   30.06 min=   12.93 max=  798.19 p50=   14.06 p95=  123.25 p99=  222.65 rps=  13.83
  s2s.crud.fetchAllTickets                      n=  415 err=   0 errRate=  0.00% avg=   29.32 min=   12.82 max=  798.07 p50=   13.84 p95=  122.93 p99=  219.76 rps=  13.83
  s2s.crud.fetchFilms                           n=    1 err=   0 errRate=  0.00% avg=  218.42 min=  218.42 max=  218.42 p50=  218.42 p95=  218.42 p99=  218.42 rps=   0.03
window 1m
  calc.additional.maxViewersSummary             n= 4661 err=   0 errRate=  0.00% avg=   35.43 min=   12.85 max=  798.10 p50=   21.07 p95=  102.45 p99=  143.39 rps=  77.68
  controller.AnalyticsController.maxViewersSummary n= 4661 err=   0 errRate=  0.00% avg=   35.65 min=   12.93 max=  798.19 p50=   21.34 p95=  102.71 p99=  143.64 rps=  77.68
  s2s.crud.fetchAllTickets                      n= 4661 err=   0 errRate=  0.00% avg=   35.32 min=   12.82 max=  798.07 p50=   21.03 p95=  102.38 p99=  143.34 rps=  77.68
  s2s.crud.fetchFilms                           n=    2 err=   0 errRate=  0.00% avg=  157.55 min=   96.69 max=  218.42 p50=  157.55 p95=  212.33 p99=  217.20 rps=   0.03

2026-05-06T21:00:13.121Z  INFO 1 --- [lab8-additional-service] [   scheduling-1] r.h.l.a.o.ObservabilityService           : [lab8-additional-service] observability refresh
window 10s
  calc.additional.maxViewersSummary             n=   40 err=   0 errRate=  0.00% avg=  164.94 min=   13.30 max=  798.10 p50=  137.86 p95=  600.82 p99=  795.05 rps=   4.00
  controller.AnalyticsController.maxViewersSummary n=   40 err=   0 errRate=  0.00% avg=  165.13 min=   13.41 max=  798.19 p50=  138.12 p95=  600.96 p99=  795.20 rps=   4.00
  s2s.crud.fetchAllTickets                      n=   40 err=   0 errRate=  0.00% avg=  159.42 min=   13.27 max=  798.07 p50=  137.80 p95=  600.77 p99=  795.01 rps=   4.00
  s2s.crud.fetchFilms                           n=    1 err=   0 errRate=  0.00% avg=  218.42 min=  218.42 max=  218.42 p50=  218.42 p95=  218.42 p99=  218.42 rps=   0.10
window 30s
  calc.additional.maxViewersSummary             n=  405 err=   0 errRate=  0.00% avg=   30.55 min=   12.85 max=  798.10 p50=   13.91 p95=  135.71 p99=  222.83 rps=  13.50
  controller.AnalyticsController.maxViewersSummary n=  405 err=   0 errRate=  0.00% avg=   30.72 min=   12.93 max=  798.19 p50=   14.08 p95=  135.97 p99=  222.93 rps=  13.50
  s2s.crud.fetchAllTickets                      n=  405 err=   0 errRate=  0.00% avg=   29.96 min=   12.82 max=  798.07 p50=   13.86 p95=  135.65 p99=  219.90 rps=  13.50
  s2s.crud.fetchFilms                           n=    1 err=   0 errRate=  0.00% avg=  218.42 min=  218.42 max=  218.42 p50=  218.42 p95=  218.42 p99=  218.42 rps=   0.03
window 1m
  calc.additional.maxViewersSummary             n= 4533 err=   0 errRate=  0.00% avg=   34.86 min=   12.85 max=  798.10 p50=   20.69 p95=  102.03 p99=  144.90 rps=  75.55
  controller.AnalyticsController.maxViewersSummary n= 4533 err=   0 errRate=  0.00% avg=   35.07 min=   12.93 max=  798.19 p50=   20.92 p95=  102.24 p99=  145.11 rps=  75.55
  s2s.crud.fetchAllTickets                      n= 4533 err=   0 errRate=  0.00% avg=   34.74 min=   12.82 max=  798.07 p50=   20.64 p95=  101.94 p99=  144.85 rps=  75.55
  s2s.crud.fetchFilms                           n=    2 err=   0 errRate=  0.00% avg=  157.55 min=   96.69 max=  218.42 p50=  157.55 p95=  212.33 p99=  217.20 rps=   0.03

2026-05-06T21:00:14.124Z  INFO 1 --- [lab8-additional-service] [   scheduling-1] r.h.l.a.o.ObservabilityService           : [lab8-additional-service] observability refresh
window 10s
  calc.additional.maxViewersSummary             n=   27 err=   0 errRate=  0.00% avg=  233.47 min=   88.95 max=  798.10 p50=  174.54 p95=  730.46 p99=  796.07 rps=   2.70
  controller.AnalyticsController.maxViewersSummary n=   27 err=   0 errRate=  0.00% avg=  233.69 min=   89.28 max=  798.19 p50=  174.71 p95=  730.67 p99=  796.20 rps=   2.70
  s2s.crud.fetchAllTickets                      n=   27 err=   0 errRate=  0.00% avg=  225.32 min=   88.87 max=  798.07 p50=  174.49 p95=  730.40 p99=  796.03 rps=   2.70
  s2s.crud.fetchFilms                           n=    1 err=   0 errRate=  0.00% avg=  218.42 min=  218.42 max=  218.42 p50=  218.42 p95=  218.42 p99=  218.42 rps=   0.10
window 30s
  calc.additional.maxViewersSummary             n=  390 err=   0 errRate=  0.00% avg=   30.97 min=   12.85 max=  798.10 p50=   13.89 p95=  137.86 p99=  245.47 rps=  13.00
  controller.AnalyticsController.maxViewersSummary n=  390 err=   0 errRate=  0.00% avg=   31.14 min=   12.93 max=  798.19 p50=   14.06 p95=  138.12 p99=  245.59 rps=  13.00
  s2s.crud.fetchAllTickets                      n=  390 err=   0 errRate=  0.00% avg=   30.37 min=   12.82 max=  798.07 p50=   13.84 p95=  137.80 p99=  220.29 rps=  13.00
  s2s.crud.fetchFilms                           n=    1 err=   0 errRate=  0.00% avg=  218.42 min=  218.42 max=  218.42 p50=  218.42 p95=  218.42 p99=  218.42 rps=   0.03
window 1m
  calc.additional.maxViewersSummary             n= 4379 err=   0 errRate=  0.00% avg=   34.92 min=   12.85 max=  798.10 p50=   20.52 p95=  102.15 p99=  146.28 rps=  72.98
  controller.AnalyticsController.maxViewersSummary n= 4379 err=   0 errRate=  0.00% avg=   35.14 min=   12.93 max=  798.19 p50=   20.73 p95=  102.55 p99=  146.51 rps=  72.98
  s2s.crud.fetchAllTickets                      n= 4379 err=   0 errRate=  0.00% avg=   34.80 min=   12.82 max=  798.07 p50=   20.48 p95=  102.09 p99=  146.24 rps=  72.98
  s2s.crud.fetchFilms                           n=    2 err=   0 errRate=  0.00% avg=  157.55 min=   96.69 max=  218.42 p50=  157.55 p95=  212.33 p99=  217.20 rps=   0.03

2026-05-06T21:00:15.126Z  INFO 1 --- [lab8-additional-service] [   scheduling-1] r.h.l.a.o.ObservabilityService           : [lab8-additional-service] observability refresh
window 10s
  calc.additional.maxViewersSummary             n=   26 err=   0 errRate=  0.00% avg=  246.32 min=   88.95 max=  798.10 p50=  183.54 p95=  740.43 p99=  796.15 rps=   2.60
  controller.AnalyticsController.maxViewersSummary n=   26 err=   0 errRate=  0.00% avg=  246.54 min=   89.28 max=  798.19 p50=  183.69 p95=  740.65 p99=  796.28 rps=   2.60
  s2s.crud.fetchAllTickets                      n=   26 err=   0 errRate=  0.00% avg=  237.86 min=   88.87 max=  798.07 p50=  183.48 p95=  740.38 p99=  796.11 rps=   2.60
  s2s.crud.fetchFilms                           n=    1 err=   0 errRate=  0.00% avg=  218.42 min=  218.42 max=  218.42 p50=  218.42 p95=  218.42 p99=  218.42 rps=   0.10
window 30s
  calc.additional.maxViewersSummary             n=  379 err=   0 errRate=  0.00% avg=   33.30 min=   12.85 max=  798.10 p50=   13.90 p95=  148.39 p99=  375.33 rps=  12.63
  controller.AnalyticsController.maxViewersSummary n=  379 err=   0 errRate=  0.00% avg=   33.47 min=   12.93 max=  798.19 p50=   14.06 p95=  148.54 p99=  375.76 rps=  12.63
  s2s.crud.fetchAllTickets                      n=  379 err=   0 errRate=  0.00% avg=   32.68 min=   12.82 max=  798.07 p50=   13.85 p95=  148.33 p99=  253.18 rps=  12.63
  s2s.crud.fetchFilms                           n=    1 err=   0 errRate=  0.00% avg=  218.42 min=  218.42 max=  218.42 p50=  218.42 p95=  218.42 p99=  218.42 rps=   0.03
window 1m
  calc.additional.maxViewersSummary             n= 4208 err=   0 errRate=  0.00% avg=   35.87 min=   12.85 max=  798.10 p50=   21.06 p95=  102.54 p99=  156.03 rps=  70.13
  controller.AnalyticsController.maxViewersSummary n= 4208 err=   0 errRate=  0.00% avg=   36.09 min=   12.93 max=  798.19 p50=   21.34 p95=  102.81 p99=  156.20 rps=  70.13
  s2s.crud.fetchAllTickets                      n= 4208 err=   0 errRate=  0.00% avg=   35.75 min=   12.82 max=  798.07 p50=   21.03 p95=  102.46 p99=  155.98 rps=  70.13
  s2s.crud.fetchFilms                           n=    2 err=   0 errRate=  0.00% avg=  157.55 min=   96.69 max=  218.42 p50=  157.55 p95=  212.33 p99=  217.20 rps=   0.03

2026-05-06T21:00:16.129Z  INFO 1 --- [lab8-additional-service] [   scheduling-1] r.h.l.a.o.ObservabilityService           : [lab8-additional-service] observability refresh
window 10s
  calc.additional.maxViewersSummary             n=   24 err=   0 errRate=  0.00% avg=  249.43 min=   38.92 max=  798.10 p50=  198.87 p95=  760.37 p99=  796.30 rps=   2.40
  controller.AnalyticsController.maxViewersSummary n=   24 err=   0 errRate=  0.00% avg=  249.68 min=   39.37 max=  798.19 p50=  199.04 p95=  760.60 p99=  796.43 rps=   2.40
  s2s.crud.fetchAllTickets                      n=   24 err=   0 errRate=  0.00% avg=  240.27 min=   38.85 max=  798.07 p50=  198.79 p95=  760.32 p99=  796.26 rps=   2.40
  s2s.crud.fetchFilms                           n=    1 err=   0 errRate=  0.00% avg=  218.42 min=  218.42 max=  218.42 p50=  218.42 p95=  218.42 p99=  218.42 rps=   0.10
window 30s
  calc.additional.maxViewersSummary             n=  360 err=   0 errRate=  0.00% avg=   34.71 min=   12.85 max=  798.10 p50=   13.91 p95=  167.25 p99=  388.07 rps=  12.00
  controller.AnalyticsController.maxViewersSummary n=  360 err=   0 errRate=  0.00% avg=   34.88 min=   12.93 max=  798.19 p50=   14.07 p95=  167.44 p99=  388.48 rps=  12.00
  s2s.crud.fetchAllTickets                      n=  360 err=   0 errRate=  0.00% avg=   34.06 min=   12.82 max=  798.07 p50=   13.87 p95=  167.19 p99=  279.32 rps=  12.00
  s2s.crud.fetchFilms                           n=    1 err=   0 errRate=  0.00% avg=  218.42 min=  218.42 max=  218.42 p50=  218.42 p95=  218.42 p99=  218.42 rps=   0.03
window 1m
  calc.additional.maxViewersSummary             n= 4075 err=   0 errRate=  0.00% avg=   35.33 min=   12.85 max=  798.10 p50=   20.84 p95=  102.34 p99=  162.82 rps=  67.92
  controller.AnalyticsController.maxViewersSummary n= 4075 err=   0 errRate=  0.00% avg=   35.54 min=   12.93 max=  798.19 p50=   21.03 p95=  102.67 p99=  163.10 rps=  67.92
  s2s.crud.fetchAllTickets                      n= 4075 err=   0 errRate=  0.00% avg=   35.20 min=   12.82 max=  798.07 p50=   20.80 p95=  102.29 p99=  162.74 rps=  67.92
  s2s.crud.fetchFilms                           n=    2 err=   0 errRate=  0.00% avg=  157.55 min=   96.69 max=  218.42 p50=  157.55 p95=  212.33 p99=  217.20 rps=   0.03

2026-05-06T21:00:17.134Z  INFO 1 --- [lab8-additional-service] [   scheduling-1] r.h.l.a.o.ObservabilityService           : [lab8-additional-service] observability refresh
window 10s
  calc.additional.maxViewersSummary             n=   23 err=   0 errRate=  0.00% avg=  273.99 min=   38.92 max=  798.10 p50=  217.17 p95=  770.35 p99=  796.38 rps=   2.30
  controller.AnalyticsController.maxViewersSummary n=   23 err=   0 errRate=  0.00% avg=  274.23 min=   39.37 max=  798.19 p50=  217.45 p95=  770.58 p99=  796.51 rps=   2.30
  s2s.crud.fetchAllTickets                      n=   23 err=   0 errRate=  0.00% avg=  264.43 min=   38.85 max=  798.07 p50=  209.08 p95=  770.29 p99=  796.34 rps=   2.30
  s2s.crud.fetchFilms                           n=    1 err=   0 errRate=  0.00% avg=  218.42 min=  218.42 max=  218.42 p50=  218.42 p95=  218.42 p99=  218.42 rps=   0.10
window 30s
  calc.additional.maxViewersSummary             n=  342 err=   0 errRate=  0.00% avg=   38.06 min=   12.85 max=  798.10 p50=   13.93 p95=  181.70 p99=  400.15 rps=  11.40
  controller.AnalyticsController.maxViewersSummary n=  342 err=   0 errRate=  0.00% avg=   38.23 min=   12.93 max=  798.19 p50=   14.08 p95=  182.01 p99=  400.54 rps=  11.40
  s2s.crud.fetchAllTickets                      n=  342 err=   0 errRate=  0.00% avg=   37.37 min=   12.82 max=  798.07 p50=   13.88 p95=  181.65 p99=  306.34 rps=  11.40
  s2s.crud.fetchFilms                           n=    1 err=   0 errRate=  0.00% avg=  218.42 min=  218.42 max=  218.42 p50=  218.42 p95=  218.42 p99=  218.42 rps=   0.03
window 1m
  calc.additional.maxViewersSummary             n= 3944 err=   0 errRate=  0.00% avg=   35.55 min=   12.85 max=  798.10 p50=   20.73 p95=  102.56 p99=  172.05 rps=  65.73
  controller.AnalyticsController.maxViewersSummary n= 3944 err=   0 errRate=  0.00% avg=   35.77 min=   12.93 max=  798.19 p50=   20.96 p95=  102.98 p99=  172.56 rps=  65.73
  s2s.crud.fetchAllTickets                      n= 3944 err=   0 errRate=  0.00% avg=   35.42 min=   12.82 max=  798.07 p50=   20.70 p95=  102.50 p99=  171.99 rps=  65.73
  s2s.crud.fetchFilms                           n=    2 err=   0 errRate=  0.00% avg=  157.55 min=   96.69 max=  218.42 p50=  157.55 p95=  212.33 p99=  217.20 rps=   0.03

2026-05-06T21:00:18.136Z  INFO 1 --- [lab8-additional-service] [   scheduling-1] r.h.l.a.o.ObservabilityService           : [lab8-additional-service] observability refresh
window 10s
  calc.additional.maxViewersSummary             n=   28 err=   0 errRate=  0.00% avg=  253.70 min=   38.92 max=  798.10 p50=  205.17 p95=  720.48 p99=  795.99 rps=   2.80
  controller.AnalyticsController.maxViewersSummary n=   28 err=   0 errRate=  0.00% avg=  253.94 min=   39.37 max=  798.19 p50=  205.36 p95=  720.69 p99=  796.12 rps=   2.80
  s2s.crud.fetchAllTickets                      n=   28 err=   0 errRate=  0.00% avg=  245.84 min=   38.85 max=  798.07 p50=  205.08 p95=  720.43 p99=  795.95 rps=   2.80
  s2s.crud.fetchFilms                           n=    1 err=   0 errRate=  0.00% avg=  218.42 min=  218.42 max=  218.42 p50=  218.42 p95=  218.42 p99=  218.42 rps=   0.10
window 30s
  calc.additional.maxViewersSummary             n=  328 err=   0 errRate=  0.00% avg=   41.87 min=   12.85 max=  798.10 p50=   13.96 p95=  196.45 p99=  409.54 rps=  10.93
  controller.AnalyticsController.maxViewersSummary n=  328 err=   0 errRate=  0.00% avg=   42.04 min=   12.93 max=  798.19 p50=   14.14 p95=  196.67 p99=  409.91 rps=  10.93
  s2s.crud.fetchAllTickets                      n=  328 err=   0 errRate=  0.00% avg=   41.15 min=   12.82 max=  798.07 p50=   13.92 p95=  196.38 p99=  329.43 rps=  10.93
  s2s.crud.fetchFilms                           n=    1 err=   0 errRate=  0.00% avg=  218.42 min=  218.42 max=  218.42 p50=  218.42 p95=  218.42 p99=  218.42 rps=   0.03
window 1m
  calc.additional.maxViewersSummary             n= 3804 err=   0 errRate=  0.00% avg=   35.66 min=   12.85 max=  798.10 p50=   20.81 p95=  102.57 p99=  181.75 rps=  63.40
  controller.AnalyticsController.maxViewersSummary n= 3804 err=   0 errRate=  0.00% avg=   35.88 min=   12.93 max=  798.19 p50=   21.01 p95=  103.05 p99=  182.07 rps=  63.40
  s2s.crud.fetchAllTickets                      n= 3804 err=   0 errRate=  0.00% avg=   35.53 min=   12.82 max=  798.07 p50=   20.77 p95=  102.52 p99=  181.70 rps=  63.40
  s2s.crud.fetchFilms                           n=    2 err=   0 errRate=  0.00% avg=  157.55 min=   96.69 max=  218.42 p50=  157.55 p95=  212.33 p99=  217.20 rps=   0.03

2026-05-06T21:00:19.064Z  INFO 1 --- [lab8-additional-service] [   scheduling-1] r.h.l.a.service.FilmCacheService         : film-cache stats: size=310 ttlMs=30000 lastRefreshAtMs=1778101211660 hits=22115 misses=8 refreshes=8
2026-05-06T21:00:19.138Z  INFO 1 --- [lab8-additional-service] [   scheduling-1] r.h.l.a.o.ObservabilityService           : [lab8-additional-service] observability refresh
window 10s
  calc.additional.maxViewersSummary             n=   30 err=   0 errRate=  0.00% avg=  244.50 min=   38.92 max=  798.10 p50=  201.85 p95=  700.54 p99=  795.83 rps=   3.00
  controller.AnalyticsController.maxViewersSummary n=   30 err=   0 errRate=  0.00% avg=  244.74 min=   39.37 max=  798.19 p50=  202.07 p95=  700.74 p99=  795.97 rps=   3.00
  s2s.crud.fetchAllTickets                      n=   30 err=   0 errRate=  0.00% avg=  237.16 min=   38.85 max=  798.07 p50=  201.76 p95=  700.49 p99=  795.80 rps=   3.00
  s2s.crud.fetchFilms                           n=    1 err=   0 errRate=  0.00% avg=  218.42 min=  218.42 max=  218.42 p50=  218.42 p95=  218.42 p99=  218.42 rps=   0.10
window 30s
  calc.additional.maxViewersSummary             n=  311 err=   0 errRate=  0.00% avg=   45.03 min=   12.85 max=  798.10 p50=   14.01 p95=  205.17 p99=  420.94 rps=  10.37
  controller.AnalyticsController.maxViewersSummary n=  311 err=   0 errRate=  0.00% avg=   45.21 min=   12.93 max=  798.19 p50=   14.18 p95=  205.36 p99=  421.30 rps=  10.37
  s2s.crud.fetchAllTickets                      n=  311 err=   0 errRate=  0.00% avg=   44.28 min=   12.82 max=  798.07 p50=   13.95 p95=  205.08 p99=  348.98 rps=  10.37
  s2s.crud.fetchFilms                           n=    1 err=   0 errRate=  0.00% avg=  218.42 min=  218.42 max=  218.42 p50=  218.42 p95=  218.42 p99=  218.42 rps=   0.03
window 1m
  calc.additional.maxViewersSummary             n= 3663 err=   0 errRate=  0.00% avg=   35.74 min=   12.85 max=  798.10 p50=   20.69 p95=  103.01 p99=  184.38 rps=  61.05
  controller.AnalyticsController.maxViewersSummary n= 3663 err=   0 errRate=  0.00% avg=   35.96 min=   12.93 max=  798.19 p50=   20.93 p95=  103.62 p99=  184.83 rps=  61.05
  s2s.crud.fetchAllTickets                      n= 3663 err=   0 errRate=  0.00% avg=   35.60 min=   12.82 max=  798.07 p50=   20.64 p95=  102.89 p99=  184.33 rps=  61.05
  s2s.crud.fetchFilms                           n=    2 err=   0 errRate=  0.00% avg=  157.55 min=   96.69 max=  218.42 p50=  157.55 p95=  212.33 p99=  217.20 rps=   0.03

2026-05-06T21:00:20.140Z  INFO 1 --- [lab8-additional-service] [   scheduling-1] r.h.l.a.o.ObservabilityService           : [lab8-additional-service] observability refresh
window 10s
  calc.additional.maxViewersSummary             n=   32 err=   0 errRate=  0.00% avg=  242.57 min=   38.92 max=  798.10 p50=  205.17 p95=  680.59 p99=  795.68 rps=   3.20
  controller.AnalyticsController.maxViewersSummary n=   32 err=   0 errRate=  0.00% avg=  242.80 min=   39.37 max=  798.19 p50=  205.36 p95=  680.78 p99=  795.82 rps=   3.20
  s2s.crud.fetchAllTickets                      n=   32 err=   0 errRate=  0.00% avg=  235.68 min=   38.85 max=  798.07 p50=  205.08 p95=  680.54 p99=  795.64 rps=   3.20
  s2s.crud.fetchFilms                           n=    1 err=   0 errRate=  0.00% avg=  218.42 min=  218.42 max=  218.42 p50=  218.42 p95=  218.42 p99=  218.42 rps=   0.10
window 30s
  calc.additional.maxViewersSummary             n=  294 err=   0 errRate=  0.00% avg=   48.15 min=   12.91 max=  798.10 p50=   14.09 p95=  209.98 p99=  439.07 rps=   9.80
  controller.AnalyticsController.maxViewersSummary n=  294 err=   0 errRate=  0.00% avg=   48.33 min=   12.99 max=  798.19 p50=   14.27 p95=  210.13 p99=  439.41 rps=   9.80
  s2s.crud.fetchAllTickets                      n=  294 err=   0 errRate=  0.00% avg=   47.35 min=   12.88 max=  798.07 p50=   14.02 p95=  209.00 p99=  376.60 rps=   9.80
  s2s.crud.fetchFilms                           n=    1 err=   0 errRate=  0.00% avg=  218.42 min=  218.42 max=  218.42 p50=  218.42 p95=  218.42 p99=  218.42 rps=   0.03
window 1m
  calc.additional.maxViewersSummary             n= 3563 err=   0 errRate=  0.00% avg=   34.50 min=   12.85 max=  798.10 p50=   20.39 p95=  101.67 p99=  164.99 rps=  59.38
  controller.AnalyticsController.maxViewersSummary n= 3564 err=   0 errRate=  0.00% avg=   34.71 min=   12.93 max=  798.19 p50=   20.64 p95=  102.10 p99=  165.09 rps=  59.40
  s2s.crud.fetchAllTickets                      n= 3563 err=   0 errRate=  0.00% avg=   34.36 min=   12.82 max=  798.07 p50=   20.34 p95=  101.45 p99=  164.85 rps=  59.38
  s2s.crud.fetchFilms                           n=    2 err=   0 errRate=  0.00% avg=  157.55 min=   96.69 max=  218.42 p50=  157.55 p95=  212.33 p99=  217.20 rps=   0.03

2026-05-06T21:00:21.142Z  INFO 1 --- [lab8-additional-service] [   scheduling-1] r.h.l.a.o.ObservabilityService           : [lab8-additional-service] observability refresh
window 10s
  calc.additional.maxViewersSummary             n=   33 err=   0 errRate=  0.00% avg=  240.55 min=   38.92 max=  798.10 p50=  205.14 p95=  670.62 p99=  795.60 rps=   3.30
  controller.AnalyticsController.maxViewersSummary n=   33 err=   0 errRate=  0.00% avg=  240.95 min=   39.37 max=  798.19 p50=  205.32 p95=  670.80 p99=  795.74 rps=   3.30
  s2s.crud.fetchAllTickets                      n=   33 err=   0 errRate=  0.00% avg=  233.87 min=   38.85 max=  798.07 p50=  205.04 p95=  670.57 p99=  795.56 rps=   3.30
  s2s.crud.fetchFilms                           n=    1 err=   0 errRate=  0.00% avg=  218.42 min=  218.42 max=  218.42 p50=  218.42 p95=  218.42 p99=  218.42 rps=   0.10
window 30s
  calc.additional.maxViewersSummary             n=  278 err=   0 errRate=  0.00% avg=   51.37 min=   12.97 max=  798.10 p50=   14.14 p95=  212.31 p99=  465.18 rps=   9.27
  controller.AnalyticsController.maxViewersSummary n=  278 err=   0 errRate=  0.00% avg=   51.57 min=   13.09 max=  798.19 p50=   14.36 p95=  213.71 p99=  465.48 rps=   9.27
  s2s.crud.fetchAllTickets                      n=  278 err=   0 errRate=  0.00% avg=   50.53 min=   12.93 max=  798.07 p50=   14.08 p95=  209.48 p99=  413.45 rps=   9.27
  s2s.crud.fetchFilms                           n=    1 err=   0 errRate=  0.00% avg=  218.42 min=  218.42 max=  218.42 p50=  218.42 p95=  218.42 p99=  218.42 rps=   0.03
window 1m
  calc.additional.maxViewersSummary             n= 3419 err=   0 errRate=  0.00% avg=   33.52 min=   12.85 max=  798.10 p50=   20.01 p95=  100.11 p99=  168.06 rps=  56.98
  controller.AnalyticsController.maxViewersSummary n= 3419 err=   0 errRate=  0.00% avg=   33.73 min=   12.93 max=  798.19 p50=   20.27 p95=  100.57 p99=  168.41 rps=  56.98
  s2s.crud.fetchAllTickets                      n= 3419 err=   0 errRate=  0.00% avg=   33.38 min=   12.82 max=  798.07 p50=   19.98 p95=   99.86 p99=  167.95 rps=  56.98
  s2s.crud.fetchFilms                           n=    2 err=   0 errRate=  0.00% avg=  157.55 min=   96.69 max=  218.42 p50=  157.55 p95=  212.33 p99=  217.20 rps=   0.03

2026-05-06T21:00:22.144Z  INFO 1 --- [lab8-additional-service] [   scheduling-1] r.h.l.a.o.ObservabilityService           : [lab8-additional-service] observability refresh
window 10s
  calc.additional.maxViewersSummary             n=   26 err=   0 errRate=  0.00% avg=  182.05 min=   38.92 max=  360.58 p50=  189.32 p95=  241.26 p99=  331.81 rps=   2.60
  controller.AnalyticsController.maxViewersSummary n=   26 err=   0 errRate=  0.00% avg=  182.51 min=   39.37 max=  361.02 p50=  189.50 p95=  241.48 p99=  332.20 rps=   2.60
  s2s.crud.fetchAllTickets                      n=   26 err=   0 errRate=  0.00% avg=  181.99 min=   38.85 max=  360.48 p50=  189.26 p95=  241.20 p99=  331.73 rps=   2.60
window 30s
  calc.additional.maxViewersSummary             n=  260 err=   0 errRate=  0.00% avg=   55.07 min=   12.97 max=  798.10 p50=   14.37 p95=  215.32 p99=  494.56 rps=   8.67
  controller.AnalyticsController.maxViewersSummary n=  260 err=   0 errRate=  0.00% avg=   55.28 min=   13.10 max=  798.19 p50=   14.58 p95=  215.49 p99=  494.82 rps=   8.67
  s2s.crud.fetchAllTickets                      n=  260 err=   0 errRate=  0.00% avg=   54.18 min=   12.93 max=  798.07 p50=   14.32 p95=  211.92 p99=  454.91 rps=   8.67
  s2s.crud.fetchFilms                           n=    1 err=   0 errRate=  0.00% avg=  218.42 min=  218.42 max=  218.42 p50=  218.42 p95=  218.42 p99=  218.42 rps=   0.03
window 1m
  calc.additional.maxViewersSummary             n= 3290 err=   0 errRate=  0.00% avg=   33.77 min=   12.85 max=  798.10 p50=   19.93 p95=  100.98 p99=  174.61 rps=  54.83
  controller.AnalyticsController.maxViewersSummary n= 3290 err=   0 errRate=  0.00% avg=   33.98 min=   12.93 max=  798.19 p50=   20.12 p95=  101.19 p99=  174.77 rps=  54.83
  s2s.crud.fetchAllTickets                      n= 3290 err=   0 errRate=  0.00% avg=   33.62 min=   12.82 max=  798.07 p50=   19.89 p95=  100.84 p99=  174.55 rps=  54.83
  s2s.crud.fetchFilms                           n=    2 err=   0 errRate=  0.00% avg=  157.55 min=   96.69 max=  218.42 p50=  157.55 p95=  212.33 p99=  217.20 rps=   0.03

2026-05-06T21:00:23.146Z  INFO 1 --- [lab8-additional-service] [   scheduling-1] r.h.l.a.o.ObservabilityService           : [lab8-additional-service] observability refresh
window 10s
  calc.additional.maxViewersSummary             n=   32 err=   0 errRate=  0.00% avg=  164.09 min=   38.92 max=  360.58 p50=  183.59 p95=  236.15 p99=  324.90 rps=   3.20
  controller.AnalyticsController.maxViewersSummary n=   32 err=   0 errRate=  0.00% avg=  164.50 min=   39.37 max=  361.02 p50=  183.90 p95=  236.35 p99=  325.29 rps=   3.20
  s2s.crud.fetchAllTickets                      n=   32 err=   0 errRate=  0.00% avg=  164.03 min=   38.85 max=  360.48 p50=  183.55 p95=  236.09 p99=  324.82 rps=   3.20
window 30s
  calc.additional.maxViewersSummary             n=  246 err=   0 errRate=  0.00% avg=   59.61 min=   12.97 max=  798.10 p50=   15.04 p95=  216.68 p99=  517.40 rps=   8.20
  controller.AnalyticsController.maxViewersSummary n=  246 err=   0 errRate=  0.00% avg=   59.82 min=   13.10 max=  798.19 p50=   15.19 p95=  216.93 p99=  517.64 rps=   8.20
  s2s.crud.fetchAllTickets                      n=  246 err=   0 errRate=  0.00% avg=   58.67 min=   12.93 max=  798.07 p50=   14.99 p95=  214.31 p99=  487.15 rps=   8.20
  s2s.crud.fetchFilms                           n=    1 err=   0 errRate=  0.00% avg=  218.42 min=  218.42 max=  218.42 p50=  218.42 p95=  218.42 p99=  218.42 rps=   0.03
window 1m
  calc.additional.maxViewersSummary             n= 3112 err=   0 errRate=  0.00% avg=   34.73 min=   12.85 max=  798.10 p50=   20.22 p95=  101.94 p99=  178.97 rps=  51.87
  controller.AnalyticsController.maxViewersSummary n= 3112 err=   0 errRate=  0.00% avg=   34.94 min=   12.93 max=  798.19 p50=   20.43 p95=  102.14 p99=  179.14 rps=  51.87
  s2s.crud.fetchAllTickets                      n= 3112 err=   0 errRate=  0.00% avg=   34.58 min=   12.82 max=  798.07 p50=   20.17 p95=  101.74 p99=  178.91 rps=  51.87
  s2s.crud.fetchFilms                           n=    2 err=   0 errRate=  0.00% avg=  157.55 min=   96.69 max=  218.42 p50=  157.55 p95=  212.33 p99=  217.20 rps=   0.03

2026-05-06T21:00:24.148Z  INFO 1 --- [lab8-additional-service] [   scheduling-1] r.h.l.a.o.ObservabilityService           : [lab8-additional-service] observability refresh
window 10s
  calc.additional.maxViewersSummary             n=   41 err=   0 errRate=  0.00% avg=  140.66 min=   25.90 max=  360.58 p50=  138.12 p95=  228.50 p99=  314.55 rps=   4.10
  controller.AnalyticsController.maxViewersSummary n=   41 err=   0 errRate=  0.00% avg=  141.02 min=   26.05 max=  361.02 p50=  138.30 p95=  228.66 p99=  314.91 rps=   4.10
  s2s.crud.fetchAllTickets                      n=   41 err=   0 errRate=  0.00% avg=  140.60 min=   25.85 max=  360.48 p50=  138.07 p95=  228.43 p99=  314.47 rps=   4.10
window 30s
  calc.additional.maxViewersSummary             n=  239 err=   0 errRate=  0.00% avg=   62.45 min=   12.97 max=  798.10 p50=   15.86 p95=  217.24 p99=  528.83 rps=   7.97
  controller.AnalyticsController.maxViewersSummary n=  239 err=   0 errRate=  0.00% avg=   62.66 min=   13.10 max=  798.19 p50=   16.04 p95=  217.52 p99=  529.05 rps=   7.97
  s2s.crud.fetchAllTickets                      n=  239 err=   0 errRate=  0.00% avg=   61.48 min=   12.93 max=  798.07 p50=   15.82 p95=  215.36 p99=  503.28 rps=   7.97
  s2s.crud.fetchFilms                           n=    1 err=   0 errRate=  0.00% avg=  218.42 min=  218.42 max=  218.42 p50=  218.42 p95=  218.42 p99=  218.42 rps=   0.03
window 1m
  calc.additional.maxViewersSummary             n= 2954 err=   0 errRate=  0.00% avg=   35.61 min=   12.85 max=  798.10 p50=   20.30 p95=  102.48 p99=  182.58 rps=  49.23
  controller.AnalyticsController.maxViewersSummary n= 2954 err=   0 errRate=  0.00% avg=   35.83 min=   12.93 max=  798.19 p50=   20.53 p95=  102.73 p99=  182.96 rps=  49.23
  s2s.crud.fetchAllTickets                      n= 2954 err=   0 errRate=  0.00% avg=   35.46 min=   12.82 max=  798.07 p50=   20.26 p95=  102.39 p99=  182.53 rps=  49.23
  s2s.crud.fetchFilms                           n=    2 err=   0 errRate=  0.00% avg=  157.55 min=   96.69 max=  218.42 p50=  157.55 p95=  212.33 p99=  217.20 rps=   0.03

2026-05-06T21:00:25.150Z  INFO 1 --- [lab8-additional-service] [   scheduling-1] r.h.l.a.o.ObservabilityService           : [lab8-additional-service] observability refresh
window 10s
  calc.additional.maxViewersSummary             n=   46 err=   0 errRate=  0.00% avg=  119.48 min=   25.90 max=  245.51 p50=  107.74 p95=  220.63 p99=  237.85 rps=   4.60
  controller.AnalyticsController.maxViewersSummary n=   46 err=   0 errRate=  0.00% avg=  119.80 min=   26.05 max=  245.75 p50=  107.96 p95=  220.86 p99=  238.06 rps=   4.60
  s2s.crud.fetchAllTickets                      n=   46 err=   0 errRate=  0.00% avg=  119.42 min=   25.85 max=  245.45 p50=  107.69 p95=  220.56 p99=  237.79 rps=   4.60
window 30s
  calc.additional.maxViewersSummary             n=  234 err=   0 errRate=  0.00% avg=   65.01 min=   12.97 max=  798.10 p50=   19.86 p95=  217.41 p99=  536.99 rps=   7.80
  controller.AnalyticsController.maxViewersSummary n=  234 err=   0 errRate=  0.00% avg=   65.22 min=   13.10 max=  798.19 p50=   19.98 p95=  217.70 p99=  537.20 rps=   7.80
  s2s.crud.fetchAllTickets                      n=  234 err=   0 errRate=  0.00% avg=   64.02 min=   12.93 max=  798.07 p50=   19.81 p95=  215.85 p99=  514.79 rps=   7.80
  s2s.crud.fetchFilms                           n=    1 err=   0 errRate=  0.00% avg=  218.42 min=  218.42 max=  218.42 p50=  218.42 p95=  218.42 p99=  218.42 rps=   0.03
window 1m
  calc.additional.maxViewersSummary             n= 2798 err=   0 errRate=  0.00% avg=   36.44 min=   12.85 max=  798.10 p50=   20.51 p95=  102.71 p99=  183.75 rps=  46.63
  controller.AnalyticsController.maxViewersSummary n= 2798 err=   0 errRate=  0.00% avg=   36.66 min=   12.93 max=  798.19 p50=   20.70 p95=  103.15 p99=  183.91 rps=  46.63
  s2s.crud.fetchAllTickets                      n= 2798 err=   0 errRate=  0.00% avg=   36.28 min=   12.82 max=  798.07 p50=   20.46 p95=  102.58 p99=  183.69 rps=  46.63
  s2s.crud.fetchFilms                           n=    2 err=   0 errRate=  0.00% avg=  157.55 min=   96.69 max=  218.42 p50=  157.55 p95=  212.33 p99=  217.20 rps=   0.03

2026-05-06T21:00:26.153Z  INFO 1 --- [lab8-additional-service] [   scheduling-1] r.h.l.a.o.ObservabilityService           : [lab8-additional-service] observability refresh
window 10s
  calc.additional.maxViewersSummary             n=   50 err=   0 errRate=  0.00% avg=  111.16 min=   25.90 max=  245.51 p50=   94.57 p95=  219.19 p99=  237.17 rps=   5.00
  controller.AnalyticsController.maxViewersSummary n=   50 err=   0 errRate=  0.00% avg=  111.46 min=   26.05 max=  245.75 p50=   94.74 p95=  219.40 p99=  237.37 rps=   5.00
  s2s.crud.fetchAllTickets                      n=   50 err=   0 errRate=  0.00% avg=  111.10 min=   25.85 max=  245.45 p50=   94.51 p95=  219.12 p99=  237.11 rps=   5.00
window 30s
  calc.additional.maxViewersSummary             n=  220 err=   0 errRate=  0.00% avg=   68.90 min=   12.97 max=  798.10 p50=   20.17 p95=  217.90 p99=  559.84 rps=   7.33
  controller.AnalyticsController.maxViewersSummary n=  220 err=   0 errRate=  0.00% avg=   69.11 min=   13.10 max=  798.19 p50=   20.38 p95=  218.19 p99=  560.01 rps=   7.33
  s2s.crud.fetchAllTickets                      n=  220 err=   0 errRate=  0.00% avg=   67.85 min=   12.93 max=  798.07 p50=   20.12 p95=  217.15 p99=  547.03 rps=   7.33
  s2s.crud.fetchFilms                           n=    1 err=   0 errRate=  0.00% avg=  218.42 min=  218.42 max=  218.42 p50=  218.42 p95=  218.42 p99=  218.42 rps=   0.03
window 1m
  calc.additional.maxViewersSummary             n= 2639 err=   0 errRate=  0.00% avg=   37.08 min=   12.85 max=  798.10 p50=   20.53 p95=  103.91 p99=  185.24 rps=  43.98
  controller.AnalyticsController.maxViewersSummary n= 2639 err=   0 errRate=  0.00% avg=   37.30 min=   12.93 max=  798.19 p50=   20.73 p95=  104.03 p99=  185.50 rps=  43.98
  s2s.crud.fetchAllTickets                      n= 2639 err=   0 errRate=  0.00% avg=   36.92 min=   12.82 max=  798.07 p50=   20.48 p95=  103.73 p99=  185.18 rps=  43.98
  s2s.crud.fetchFilms                           n=    2 err=   0 errRate=  0.00% avg=  157.55 min=   96.69 max=  218.42 p50=  157.55 p95=  212.33 p99=  217.20 rps=   0.03

2026-05-06T21:00:27.155Z  INFO 1 --- [lab8-additional-service] [   scheduling-1] r.h.l.a.o.ObservabilityService           : [lab8-additional-service] observability refresh
window 10s
  calc.additional.maxViewersSummary             n=   57 err=   0 errRate=  0.00% avg=   95.22 min=   25.90 max=  245.51 p50=   75.22 p95=  208.82 p99=  228.55 rps=   5.70
  controller.AnalyticsController.maxViewersSummary n=   57 err=   0 errRate=  0.00% avg=   95.51 min=   26.05 max=  245.75 p50=   75.54 p95=  212.26 p99=  228.74 rps=   5.70
  s2s.crud.fetchAllTickets                      n=   57 err=   0 errRate=  0.00% avg=   95.17 min=   25.85 max=  245.45 p50=   75.15 p95=  208.76 p99=  228.49 rps=   5.70
window 30s
  calc.additional.maxViewersSummary             n=  209 err=   0 errRate=  0.00% avg=   74.44 min=   13.04 max=  798.10 p50=   20.65 p95=  218.30 p99=  577.79 rps=   6.97
  controller.AnalyticsController.maxViewersSummary n=  209 err=   0 errRate=  0.00% avg=   74.66 min=   13.16 max=  798.19 p50=   21.01 p95=  218.50 p99=  577.94 rps=   6.97
  s2s.crud.fetchAllTickets                      n=  209 err=   0 errRate=  0.00% avg=   73.34 min=   13.00 max=  798.07 p50=   20.61 p95=  217.53 p99=  572.37 rps=   6.97
  s2s.crud.fetchFilms                           n=    1 err=   0 errRate=  0.00% avg=  218.42 min=  218.42 max=  218.42 p50=  218.42 p95=  218.42 p99=  218.42 rps=   0.03
window 1m
  calc.additional.maxViewersSummary             n= 2509 err=   0 errRate=  0.00% avg=   37.01 min=   12.85 max=  798.10 p50=   20.30 p95=  104.12 p99=  188.21 rps=  41.82
  controller.AnalyticsController.maxViewersSummary n= 2509 err=   0 errRate=  0.00% avg=   37.22 min=   12.93 max=  798.19 p50=   20.52 p95=  104.41 p99=  188.33 rps=  41.82
  s2s.crud.fetchAllTickets                      n= 2509 err=   0 errRate=  0.00% avg=   36.84 min=   12.82 max=  798.07 p50=   20.26 p95=  104.04 p99=  188.17 rps=  41.82
  s2s.crud.fetchFilms                           n=    2 err=   0 errRate=  0.00% avg=  157.55 min=   96.69 max=  218.42 p50=  157.55 p95=  212.33 p99=  217.20 rps=   0.03

2026-05-06T21:00:28.156Z  INFO 1 --- [lab8-additional-service] [   scheduling-1] r.h.l.a.o.ObservabilityService           : [lab8-additional-service] observability refresh
window 10s
  calc.additional.maxViewersSummary             n=   71 err=   0 errRate=  0.00% avg=   66.57 min=   13.30 max=  215.22 p50=   54.80 p95=  206.87 p99=  212.83 rps=   7.10
  controller.AnalyticsController.maxViewersSummary n=   71 err=   0 errRate=  0.00% avg=   66.83 min=   13.41 max=  215.39 p50=   54.94 p95=  207.19 p99=  214.00 rps=   7.10
  s2s.crud.fetchAllTickets                      n=   71 err=   0 errRate=  0.00% avg=   66.51 min=   13.26 max=  215.17 p50=   54.75 p95=  206.81 p99=  212.77 rps=   7.10
window 30s
  calc.additional.maxViewersSummary             n=  219 err=   0 errRate=  0.00% avg=   71.80 min=   13.11 max=  798.10 p50=   20.49 p95=  217.94 p99=  561.47 rps=   7.30
  controller.AnalyticsController.maxViewersSummary n=  219 err=   0 errRate=  0.00% avg=   72.01 min=   13.22 max=  798.19 p50=   20.73 p95=  218.22 p99=  561.64 rps=   7.30
  s2s.crud.fetchAllTickets                      n=  219 err=   0 errRate=  0.00% avg=   70.74 min=   13.07 max=  798.07 p50=   20.44 p95=  217.18 p99=  549.34 rps=   7.30
  s2s.crud.fetchFilms                           n=    1 err=   0 errRate=  0.00% avg=  218.42 min=  218.42 max=  218.42 p50=  218.42 p95=  218.42 p99=  218.42 rps=   0.03
window 1m
  calc.additional.maxViewersSummary             n= 2388 err=   0 errRate=  0.00% avg=   37.20 min=   12.85 max=  798.10 p50=   20.01 p95=  104.42 p99=  192.55 rps=  39.80
  controller.AnalyticsController.maxViewersSummary n= 2388 err=   0 errRate=  0.00% avg=   37.41 min=   12.93 max=  798.19 p50=   20.23 p95=  104.81 p99=  192.71 rps=  39.80
  s2s.crud.fetchAllTickets                      n= 2388 err=   0 errRate=  0.00% avg=   37.02 min=   12.82 max=  798.07 p50=   19.98 p95=  104.37 p99=  192.49 rps=  39.80
  s2s.crud.fetchFilms                           n=    2 err=   0 errRate=  0.00% avg=  157.55 min=   96.69 max=  218.42 p50=  157.55 p95=  212.33 p99=  217.20 rps=   0.03

2026-05-06T21:00:29.064Z  INFO 1 --- [lab8-additional-service] [   scheduling-1] r.h.l.a.service.FilmCacheService         : film-cache stats: size=310 ttlMs=30000 lastRefreshAtMs=1778101211660 hits=22200 misses=8 refreshes=8
2026-05-06T21:00:29.158Z  INFO 1 --- [lab8-additional-service] [   scheduling-1] r.h.l.a.o.ObservabilityService           : [lab8-additional-service] observability refresh
window 10s
  calc.additional.maxViewersSummary             n=   86 err=   0 errRate=  0.00% avg=   51.94 min=   13.26 max=  215.22 p50=   33.62 p95=  175.37 p99=  212.31 rps=   8.60
  controller.AnalyticsController.maxViewersSummary n=   86 err=   0 errRate=  0.00% avg=   52.20 min=   13.41 max=  215.39 p50=   33.75 p95=  175.61 p99=  213.71 rps=   8.60
  s2s.crud.fetchAllTickets                      n=   86 err=   0 errRate=  0.00% avg=   51.88 min=   13.21 max=  215.17 p50=   33.57 p95=  175.32 p99=  212.26 rps=   8.60
window 30s
  calc.additional.maxViewersSummary             n=  222 err=   0 errRate=  0.00% avg=   70.75 min=   13.11 max=  798.10 p50=   20.30 p95=  217.83 p99=  556.57 rps=   7.40
  controller.AnalyticsController.maxViewersSummary n=  222 err=   0 errRate=  0.00% avg=   70.97 min=   13.22 max=  798.19 p50=   20.56 p95=  218.12 p99=  556.75 rps=   7.40
  s2s.crud.fetchAllTickets                      n=  222 err=   0 errRate=  0.00% avg=   69.71 min=   13.07 max=  798.07 p50=   20.26 p95=  217.02 p99=  542.43 rps=   7.40
  s2s.crud.fetchFilms                           n=    1 err=   0 errRate=  0.00% avg=  218.42 min=  218.42 max=  218.42 p50=  218.42 p95=  218.42 p99=  218.42 rps=   0.03
window 1m
  calc.additional.maxViewersSummary             n= 2267 err=   0 errRate=  0.00% avg=   37.16 min=   12.85 max=  798.10 p50=   20.01 p95=  104.19 p99=  193.04 rps=  37.78
  controller.AnalyticsController.maxViewersSummary n= 2267 err=   0 errRate=  0.00% avg=   37.38 min=   12.93 max=  798.19 p50=   20.27 p95=  104.46 p99=  193.18 rps=  37.78
  s2s.crud.fetchAllTickets                      n= 2267 err=   0 errRate=  0.00% avg=   36.98 min=   12.82 max=  798.07 p50=   19.98 p95=  104.09 p99=  193.00 rps=  37.78
  s2s.crud.fetchFilms                           n=    2 err=   0 errRate=  0.00% avg=  157.55 min=   96.69 max=  218.42 p50=  157.55 p95=  212.33 p99=  217.20 rps=   0.03

2026-05-06T21:00:30.159Z  INFO 1 --- [lab8-additional-service] [   scheduling-1] r.h.l.a.o.ObservabilityService           : [lab8-additional-service] observability refresh
window 10s
  calc.additional.maxViewersSummary             n=   96 err=   0 errRate=  0.00% avg=   44.35 min=   13.22 max=  207.84 p50=   24.54 p95=  111.35 p99=  206.00 rps=   9.60
  controller.AnalyticsController.maxViewersSummary n=   96 err=   0 errRate=  0.00% avg=   44.61 min=   13.34 max=  213.41 p50=   25.08 p95=  111.52 p99=  206.52 rps=   9.60
  s2s.crud.fetchAllTickets                      n=   96 err=   0 errRate=  0.00% avg=   44.30 min=   13.18 max=  207.77 p50=   24.49 p95=  111.29 p99=  205.95 rps=   9.60
window 30s
  calc.additional.maxViewersSummary             n=  217 err=   0 errRate=  0.00% avg=   72.19 min=   13.11 max=  798.10 p50=   20.62 p95=  218.01 p99=  564.73 rps=   7.23
  controller.AnalyticsController.maxViewersSummary n=  217 err=   0 errRate=  0.00% avg=   72.41 min=   13.22 max=  798.19 p50=   20.74 p95=  218.27 p99=  564.90 rps=   7.23
  s2s.crud.fetchAllTickets                      n=  217 err=   0 errRate=  0.00% avg=   71.13 min=   13.07 max=  798.07 p50=   20.58 p95=  217.25 p99=  553.94 rps=   7.23
  s2s.crud.fetchFilms                           n=    1 err=   0 errRate=  0.00% avg=  218.42 min=  218.42 max=  218.42 p50=  218.42 p95=  218.42 p99=  218.42 rps=   0.03
window 1m
  calc.additional.maxViewersSummary             n= 2099 err=   0 errRate=  0.00% avg=   38.42 min=   12.85 max=  798.10 p50=   20.26 p95=  105.04 p99=  198.69 rps=  34.98
  controller.AnalyticsController.maxViewersSummary n= 2099 err=   0 errRate=  0.00% avg=   38.64 min=   12.93 max=  798.19 p50=   20.46 p95=  105.74 p99=  198.95 rps=  34.98
  s2s.crud.fetchAllTickets                      n= 2099 err=   0 errRate=  0.00% avg=   38.23 min=   12.82 max=  798.07 p50=   20.22 p95=  104.53 p99=  198.61 rps=  34.98
  s2s.crud.fetchFilms                           n=    2 err=   0 errRate=  0.00% avg=  157.55 min=   96.69 max=  218.42 p50=  157.55 p95=  212.33 p99=  217.20 rps=   0.03

2026-05-06T21:00:31.160Z  INFO 1 --- [lab8-additional-service] [   scheduling-1] r.h.l.a.o.ObservabilityService           : [lab8-additional-service] observability refresh
window 10s
  calc.additional.maxViewersSummary             n=  108 err=   0 errRate=  0.00% avg=   38.66 min=   13.22 max=  205.91 p50=   20.91 p95=  103.76 p99=  141.21 rps=  10.80
  controller.AnalyticsController.maxViewersSummary n=  108 err=   0 errRate=  0.00% avg=   38.87 min=   13.34 max=  206.16 p50=   21.05 p95=  104.07 p99=  141.55 rps=  10.80
  s2s.crud.fetchAllTickets                      n=  108 err=   0 errRate=  0.00% avg=   38.61 min=   13.18 max=  205.86 p50=   20.87 p95=  103.70 p99=  141.16 rps=  10.80
window 30s
  calc.additional.maxViewersSummary             n=  217 err=   0 errRate=  0.00% avg=   72.50 min=   13.11 max=  798.10 p50=   20.65 p95=  218.01 p99=  564.73 rps=   7.23
  controller.AnalyticsController.maxViewersSummary n=  217 err=   0 errRate=  0.00% avg=   72.72 min=   13.22 max=  798.19 p50=   20.84 p95=  218.27 p99=  564.90 rps=   7.23
  s2s.crud.fetchAllTickets                      n=  217 err=   0 errRate=  0.00% avg=   71.43 min=   13.07 max=  798.07 p50=   20.61 p95=  217.25 p99=  553.94 rps=   7.23
  s2s.crud.fetchFilms                           n=    1 err=   0 errRate=  0.00% avg=  218.42 min=  218.42 max=  218.42 p50=  218.42 p95=  218.42 p99=  218.42 rps=   0.03
window 1m
  calc.additional.maxViewersSummary             n= 1987 err=   0 errRate=  0.00% avg=   37.78 min=   12.85 max=  798.10 p50=   19.87 p95=  106.90 p99=  205.15 rps=  33.12
  controller.AnalyticsController.maxViewersSummary n= 1987 err=   0 errRate=  0.00% avg=   38.00 min=   12.93 max=  798.19 p50=   20.04 p95=  107.16 p99=  205.33 rps=  33.12
  s2s.crud.fetchAllTickets                      n= 1987 err=   0 errRate=  0.00% avg=   37.58 min=   12.82 max=  798.07 p50=   19.83 p95=  106.84 p99=  205.05 rps=  33.12
  s2s.crud.fetchFilms                           n=    2 err=   0 errRate=  0.00% avg=  157.55 min=   96.69 max=  218.42 p50=  157.55 p95=  212.33 p99=  217.20 rps=   0.03

2026-05-06T21:00:32.162Z  INFO 1 --- [lab8-additional-service] [   scheduling-1] r.h.l.a.o.ObservabilityService           : [lab8-additional-service] observability refresh
window 10s
  calc.additional.maxViewersSummary             n=  127 err=   0 errRate=  0.00% avg=   32.71 min=   13.22 max=  115.58 p50=   19.95 p95=   93.21 p99=  109.59 rps=  12.70
  controller.AnalyticsController.maxViewersSummary n=  127 err=   0 errRate=  0.00% avg=   32.90 min=   13.34 max=  115.75 p50=   20.09 p95=   93.37 p99=  109.76 rps=  12.70
  s2s.crud.fetchAllTickets                      n=  127 err=   0 errRate=  0.00% avg=   32.66 min=   13.18 max=  115.51 p50=   19.90 p95=   93.16 p99=  109.53 rps=  12.70
window 30s
  calc.additional.maxViewersSummary             n=  216 err=   0 errRate=  0.00% avg=   72.72 min=   13.17 max=  798.10 p50=   20.69 p95=  218.04 p99=  566.36 rps=   7.20
  controller.AnalyticsController.maxViewersSummary n=  216 err=   0 errRate=  0.00% avg=   72.94 min=   13.30 max=  798.19 p50=   20.94 p95=  218.30 p99=  566.53 rps=   7.20
  s2s.crud.fetchAllTickets                      n=  216 err=   0 errRate=  0.00% avg=   71.66 min=   13.13 max=  798.07 p50=   20.66 p95=  217.29 p99=  556.25 rps=   7.20
  s2s.crud.fetchFilms                           n=    1 err=   0 errRate=  0.00% avg=  218.42 min=  218.42 max=  218.42 p50=  218.42 p95=  218.42 p99=  218.42 rps=   0.03
window 1m
  calc.additional.maxViewersSummary             n= 1910 err=   0 errRate=  0.00% avg=   35.74 min=   12.85 max=  798.10 p50=   19.33 p95=  104.48 p99=  205.20 rps=  31.83
  controller.AnalyticsController.maxViewersSummary n= 1910 err=   0 errRate=  0.00% avg=   35.96 min=   12.93 max=  798.19 p50=   19.54 p95=  104.96 p99=  205.38 rps=  31.83
  s2s.crud.fetchAllTickets                      n= 1910 err=   0 errRate=  0.00% avg=   35.53 min=   12.82 max=  798.07 p50=   19.29 p95=  104.38 p99=  205.11 rps=  31.83
  s2s.crud.fetchFilms                           n=    2 err=   0 errRate=  0.00% avg=  157.55 min=   96.69 max=  218.42 p50=  157.55 p95=  212.33 p99=  217.20 rps=   0.03

2026-05-06T21:00:33.163Z  INFO 1 --- [lab8-additional-service] [   scheduling-1] r.h.l.a.o.ObservabilityService           : [lab8-additional-service] observability refresh
window 10s
  calc.additional.maxViewersSummary             n=  134 err=   0 errRate=  0.00% avg=   27.86 min=   13.22 max=  106.89 p50=   19.79 p95=   77.94 p99=   94.90 rps=  13.40
  controller.AnalyticsController.maxViewersSummary n=  134 err=   0 errRate=  0.00% avg=   28.05 min=   13.34 max=  107.17 p50=   19.92 p95=   78.10 p99=   95.07 rps=  13.40
  s2s.crud.fetchAllTickets                      n=  134 err=   0 errRate=  0.00% avg=   27.79 min=   13.18 max=  106.83 p50=   19.75 p95=   77.88 p99=   94.84 rps=  13.40
window 30s
  calc.additional.maxViewersSummary             n=  205 err=   0 errRate=  0.00% avg=   75.94 min=   13.22 max=  798.10 p50=   22.18 p95=  218.44 p99=  584.32 rps=   6.83
  controller.AnalyticsController.maxViewersSummary n=  205 err=   0 errRate=  0.00% avg=   76.16 min=   13.34 max=  798.19 p50=   22.36 p95=  218.62 p99=  584.46 rps=   6.83
  s2s.crud.fetchAllTickets                      n=  205 err=   0 errRate=  0.00% avg=   74.81 min=   13.18 max=  798.07 p50=   22.15 p95=  217.67 p99=  581.58 rps=   6.83
  s2s.crud.fetchFilms                           n=    1 err=   0 errRate=  0.00% avg=  218.42 min=  218.42 max=  218.42 p50=  218.42 p95=  218.42 p99=  218.42 rps=   0.03
window 1m
  calc.additional.maxViewersSummary             n= 1777 err=   0 errRate=  0.00% avg=   35.58 min=   12.85 max=  798.10 p50=   19.40 p95=  104.40 p99=  206.37 rps=  29.62
  controller.AnalyticsController.maxViewersSummary n= 1777 err=   0 errRate=  0.00% avg=   35.80 min=   12.93 max=  798.19 p50=   19.59 p95=  104.79 p99=  206.65 rps=  29.62
  s2s.crud.fetchAllTickets                      n= 1777 err=   0 errRate=  0.00% avg=   35.36 min=   12.82 max=  798.07 p50=   19.37 p95=  104.32 p99=  206.32 rps=  29.62
  s2s.crud.fetchFilms                           n=    2 err=   0 errRate=  0.00% avg=  157.55 min=   96.69 max=  218.42 p50=  157.55 p95=  212.33 p99=  217.20 rps=   0.03

2026-05-06T21:00:34.164Z  INFO 1 --- [lab8-additional-service] [   scheduling-1] r.h.l.a.o.ObservabilityService           : [lab8-additional-service] observability refresh
window 10s
  calc.additional.maxViewersSummary             n=  146 err=   0 errRate=  0.00% avg=   24.27 min=   13.22 max=   93.60 p50=   15.33 p95=   72.00 p99=   87.57 rps=  14.60
  controller.AnalyticsController.maxViewersSummary n=  146 err=   0 errRate=  0.00% avg=   24.46 min=   13.34 max=   93.76 p50=   15.51 p95=   72.34 p99=   87.76 rps=  14.60
  s2s.crud.fetchAllTickets                      n=  146 err=   0 errRate=  0.00% avg=   24.21 min=   13.18 max=   93.55 p50=   15.18 p95=   71.94 p99=   87.51 rps=  14.60
window 30s
  calc.additional.maxViewersSummary             n=  214 err=   0 errRate=  0.00% avg=   72.97 min=   13.22 max=  798.10 p50=   21.09 p95=  218.12 p99=  569.63 rps=   7.13
  controller.AnalyticsController.maxViewersSummary n=  214 err=   0 errRate=  0.00% avg=   73.19 min=   13.34 max=  798.19 p50=   21.41 p95=  218.36 p99=  569.79 rps=   7.13
  s2s.crud.fetchAllTickets                      n=  214 err=   0 errRate=  0.00% avg=   71.88 min=   13.18 max=  798.07 p50=   21.05 p95=  217.36 p99=  560.85 rps=   7.13
  s2s.crud.fetchFilms                           n=    1 err=   0 errRate=  0.00% avg=  218.42 min=  218.42 max=  218.42 p50=  218.42 p95=  218.42 p99=  218.42 rps=   0.03
window 1m
  calc.additional.maxViewersSummary             n= 1677 err=   0 errRate=  0.00% avg=   34.11 min=   12.85 max=  798.10 p50=   18.29 p95=  104.44 p99=  207.89 rps=  27.95
  controller.AnalyticsController.maxViewersSummary n= 1677 err=   0 errRate=  0.00% avg=   34.32 min=   12.93 max=  798.19 p50=   18.49 p95=  105.40 p99=  208.45 rps=  27.95
  s2s.crud.fetchAllTickets                      n= 1677 err=   0 errRate=  0.00% avg=   33.87 min=   12.82 max=  798.07 p50=   18.25 p95=  104.38 p99=  207.83 rps=  27.95
  s2s.crud.fetchFilms                           n=    2 err=   0 errRate=  0.00% avg=  157.55 min=   96.69 max=  218.42 p50=  157.55 p95=  212.33 p99=  217.20 rps=   0.03

2026-05-06T21:00:35.165Z  INFO 1 --- [lab8-additional-service] [   scheduling-1] r.h.l.a.o.ObservabilityService           : [lab8-additional-service] observability refresh
window 10s
  calc.additional.maxViewersSummary             n=  156 err=   0 errRate=  0.00% avg=   21.47 min=   13.22 max=   87.71 p50=   14.79 p95=   58.59 p99=   82.66 rps=  15.60
  controller.AnalyticsController.maxViewersSummary n=  156 err=   0 errRate=  0.00% avg=   21.65 min=   13.34 max=   87.88 p50=   14.96 p95=   58.75 p99=   82.84 rps=  15.60
  s2s.crud.fetchAllTickets                      n=  156 err=   0 errRate=  0.00% avg=   21.40 min=   13.18 max=   87.65 p50=   14.70 p95=   58.53 p99=   82.60 rps=  15.60
window 30s
  calc.additional.maxViewersSummary             n=  228 err=   0 errRate=  0.00% avg=   66.88 min=   13.22 max=  798.10 p50=   20.34 p95=  217.62 p99=  546.78 rps=   7.60
  controller.AnalyticsController.maxViewersSummary n=  228 err=   0 errRate=  0.00% avg=   67.10 min=   13.34 max=  798.19 p50=   20.50 p95=  217.91 p99=  546.98 rps=   7.60
  s2s.crud.fetchAllTickets                      n=  228 err=   0 errRate=  0.00% avg=   65.86 min=   13.18 max=  798.07 p50=   20.29 p95=  216.43 p99=  528.61 rps=   7.60
  s2s.crud.fetchFilms                           n=    1 err=   0 errRate=  0.00% avg=  218.42 min=  218.42 max=  218.42 p50=  218.42 p95=  218.42 p99=  218.42 rps=   0.03
window 1m
  calc.additional.maxViewersSummary             n= 1564 err=   0 errRate=  0.00% avg=   30.83 min=   12.85 max=  798.10 p50=   16.63 p95=   98.49 p99=  208.41 rps=  26.07
  controller.AnalyticsController.maxViewersSummary n= 1564 err=   0 errRate=  0.00% avg=   31.04 min=   12.93 max=  798.19 p50=   16.86 p95=   98.70 p99=  210.19 rps=  26.07
  s2s.crud.fetchAllTickets                      n= 1564 err=   0 errRate=  0.00% avg=   30.58 min=   12.82 max=  798.07 p50=   16.59 p95=   98.22 p99=  208.36 rps=  26.07
  s2s.crud.fetchFilms                           n=    2 err=   0 errRate=  0.00% avg=  157.55 min=   96.69 max=  218.42 p50=  157.55 p95=  212.33 p99=  217.20 rps=   0.03

2026-05-06T21:00:36.166Z  INFO 1 --- [lab8-additional-service] [   scheduling-1] r.h.l.a.o.ObservabilityService           : [lab8-additional-service] observability refresh
window 10s
  calc.additional.maxViewersSummary             n=  171 err=   0 errRate=  0.00% avg=   19.24 min=   13.22 max=   87.71 p50=   14.38 p95=   46.94 p99=   81.37 rps=  17.10
  controller.AnalyticsController.maxViewersSummary n=  171 err=   0 errRate=  0.00% avg=   19.41 min=   13.34 max=   87.88 p50=   14.56 p95=   47.08 p99=   81.53 rps=  17.10
  s2s.crud.fetchAllTickets                      n=  171 err=   0 errRate=  0.00% avg=   19.17 min=   13.18 max=   87.65 p50=   14.33 p95=   46.89 p99=   81.30 rps=  17.10
window 30s
  calc.additional.maxViewersSummary             n=  246 err=   0 errRate=  0.00% avg=   60.41 min=   13.22 max=  798.10 p50=   19.92 p95=  216.68 p99=  517.40 rps=   8.20
  controller.AnalyticsController.maxViewersSummary n=  246 err=   0 errRate=  0.00% avg=   60.61 min=   13.34 max=  798.19 p50=   20.08 p95=  216.93 p99=  517.64 rps=   8.20
  s2s.crud.fetchAllTickets                      n=  246 err=   0 errRate=  0.00% avg=   59.46 min=   13.18 max=  798.07 p50=   19.87 p95=  214.31 p99=  487.15 rps=   8.20
  s2s.crud.fetchFilms                           n=    1 err=   0 errRate=  0.00% avg=  218.42 min=  218.42 max=  218.42 p50=  218.42 p95=  218.42 p99=  218.42 rps=   0.03
window 1m
  calc.additional.maxViewersSummary             n= 1441 err=   0 errRate=  0.00% avg=   29.46 min=   12.85 max=  798.10 p50=   15.13 p95=   98.01 p99=  210.68 rps=  24.02
  controller.AnalyticsController.maxViewersSummary n= 1441 err=   0 errRate=  0.00% avg=   29.65 min=   12.93 max=  798.19 p50=   15.29 p95=   98.37 p99=  212.84 rps=  24.02
  s2s.crud.fetchAllTickets                      n= 1441 err=   0 errRate=  0.00% avg=   29.20 min=   12.82 max=  798.07 p50=   15.07 p95=   97.90 p99=  209.03 rps=  24.02
  s2s.crud.fetchFilms                           n=    2 err=   0 errRate=  0.00% avg=  157.55 min=   96.69 max=  218.42 p50=  157.55 p95=  212.33 p99=  217.20 rps=   0.03

2026-05-06T21:00:37.170Z  INFO 1 --- [lab8-additional-service] [   scheduling-1] r.h.l.a.o.ObservabilityService           : [lab8-additional-service] observability refresh
window 10s
  calc.additional.maxViewersSummary             n=  181 err=   0 errRate=  0.00% avg=   16.63 min=   13.14 max=   78.78 p50=   14.17 p95=   22.18 p99=   27.62 rps=  18.10
  controller.AnalyticsController.maxViewersSummary n=  181 err=   0 errRate=  0.00% avg=   16.80 min=   13.25 max=   78.93 p50=   14.33 p95=   22.36 p99=   28.15 rps=  18.10
  s2s.crud.fetchAllTickets                      n=  181 err=   0 errRate=  0.00% avg=   16.57 min=   13.10 max=   78.71 p50=   14.04 p95=   22.15 p99=   27.57 rps=  18.10
window 30s
  calc.additional.maxViewersSummary             n=  261 err=   0 errRate=  0.00% avg=   56.47 min=   13.14 max=  798.10 p50=   19.82 p95=  215.22 p99=  492.92 rps=   8.70
  controller.AnalyticsController.maxViewersSummary n=  261 err=   0 errRate=  0.00% avg=   56.68 min=   13.25 max=  798.19 p50=   19.96 p95=  215.39 p99=  493.19 rps=   8.70
  s2s.crud.fetchAllTickets                      n=  261 err=   0 errRate=  0.00% avg=   55.57 min=   13.10 max=  798.07 p50=   19.77 p95=  211.75 p99=  452.61 rps=   8.70
  s2s.crud.fetchFilms                           n=    1 err=   0 errRate=  0.00% avg=  218.42 min=  218.42 max=  218.42 p50=  218.42 p95=  218.42 p99=  218.42 rps=   0.03
window 1m
  calc.additional.maxViewersSummary             n= 1322 err=   0 errRate=  0.00% avg=   28.43 min=   12.85 max=  798.10 p50=   14.42 p95=   95.99 p99=  214.50 rps=  22.03
  controller.AnalyticsController.maxViewersSummary n= 1322 err=   0 errRate=  0.00% avg=   28.61 min=   12.93 max=  798.19 p50=   14.58 p95=   96.36 p99=  214.97 rps=  22.03
  s2s.crud.fetchAllTickets                      n= 1322 err=   0 errRate=  0.00% avg=   28.15 min=   12.82 max=  798.07 p50=   14.36 p95=   95.45 p99=  211.19 rps=  22.03
  s2s.crud.fetchFilms                           n=    2 err=   0 errRate=  0.00% avg=  157.55 min=   96.69 max=  218.42 p50=  157.55 p95=  212.33 p99=  217.20 rps=   0.03

2026-05-06T21:00:38.172Z  INFO 1 --- [lab8-additional-service] [   scheduling-1] r.h.l.a.o.ObservabilityService           : [lab8-additional-service] observability refresh
window 10s
  calc.additional.maxViewersSummary             n=  179 err=   0 errRate=  0.00% avg=   16.57 min=   13.00 max=   78.78 p50=   14.05 p95=   22.28 p99=   27.63 rps=  17.90
  controller.AnalyticsController.maxViewersSummary n=  179 err=   0 errRate=  0.00% avg=   16.74 min=   13.18 max=   78.93 p50=   14.25 p95=   22.44 p99=   28.15 rps=  17.90
  s2s.crud.fetchAllTickets                      n=  179 err=   0 errRate=  0.00% avg=   16.51 min=   12.96 max=   78.71 p50=   13.99 p95=   22.24 p99=   27.58 rps=  17.90
window 30s
  calc.additional.maxViewersSummary             n=  277 err=   0 errRate=  0.00% avg=   52.66 min=   13.00 max=  798.10 p50=   19.62 p95=  208.82 p99=  466.81 rps=   9.23
  controller.AnalyticsController.maxViewersSummary n=  277 err=   0 errRate=  0.00% avg=   52.86 min=   13.18 max=  798.19 p50=   19.75 p95=  212.26 p99=  467.11 rps=   9.23
  s2s.crud.fetchAllTickets                      n=  277 err=   0 errRate=  0.00% avg=   51.81 min=   12.96 max=  798.07 p50=   19.57 p95=  208.22 p99=  415.76 rps=   9.23
  s2s.crud.fetchFilms                           n=    1 err=   0 errRate=  0.00% avg=  218.42 min=  218.42 max=  218.42 p50=  218.42 p95=  218.42 p99=  218.42 rps=   0.03
window 1m
  calc.additional.maxViewersSummary             n= 1148 err=   0 errRate=  0.00% avg=   29.54 min=   12.85 max=  798.10 p50=   14.29 p95=  101.40 p99=  217.54 rps=  19.13
  controller.AnalyticsController.maxViewersSummary n= 1148 err=   0 errRate=  0.00% avg=   29.72 min=   12.93 max=  798.19 p50=   14.48 p95=  101.85 p99=  217.82 rps=  19.13
  s2s.crud.fetchAllTickets                      n= 1148 err=   0 errRate=  0.00% avg=   29.22 min=   12.82 max=  798.07 p50=   14.23 p95=  100.48 p99=  216.20 rps=  19.13
  s2s.crud.fetchFilms                           n=    2 err=   0 errRate=  0.00% avg=  157.55 min=   96.69 max=  218.42 p50=  157.55 p95=  212.33 p99=  217.20 rps=   0.03

2026-05-06T21:00:39.064Z  INFO 1 --- [lab8-additional-service] [   scheduling-1] r.h.l.a.service.FilmCacheService         : film-cache stats: size=310 ttlMs=30000 lastRefreshAtMs=1778101211660 hits=22371 misses=8 refreshes=8
2026-05-06T21:00:39.173Z  INFO 1 --- [lab8-additional-service] [   scheduling-1] r.h.l.a.o.ObservabilityService           : [lab8-additional-service] observability refresh
window 10s
  calc.additional.maxViewersSummary             n=  173 err=   0 errRate=  0.00% avg=   16.50 min=   13.00 max=   78.78 p50=   14.06 p95=   21.94 p99=   25.15 rps=  17.30
  controller.AnalyticsController.maxViewersSummary n=  173 err=   0 errRate=  0.00% avg=   16.66 min=   13.18 max=   78.93 p50=   14.25 p95=   22.17 p99=   25.42 rps=  17.30
  s2s.crud.fetchAllTickets                      n=  173 err=   0 errRate=  0.00% avg=   16.44 min=   12.96 max=   78.71 p50=   14.01 p95=   21.89 p99=   25.09 rps=  17.30
window 30s
  calc.additional.maxViewersSummary             n=  289 err=   0 errRate=  0.00% avg=   50.71 min=   13.00 max=  798.10 p50=   19.33 p95=  207.98 p99=  447.23 rps=   9.63
  controller.AnalyticsController.maxViewersSummary n=  289 err=   0 errRate=  0.00% avg=   50.91 min=   13.18 max=  798.19 p50=   19.46 p95=  210.48 p99=  447.56 rps=   9.63
  s2s.crud.fetchAllTickets                      n=  289 err=   0 errRate=  0.00% avg=   49.90 min=   12.96 max=  798.07 p50=   19.29 p95=  207.91 p99=  388.12 rps=   9.63
  s2s.crud.fetchFilms                           n=    1 err=   0 errRate=  0.00% avg=  218.42 min=  218.42 max=  218.42 p50=  218.42 p95=  218.42 p99=  218.42 rps=   0.03
window 1m
  calc.additional.maxViewersSummary             n=  980 err=   0 errRate=  0.00% avg=   32.18 min=   12.85 max=  798.10 p50=   14.85 p95=  110.22 p99=  218.89 rps=  16.33
  controller.AnalyticsController.maxViewersSummary n=  980 err=   0 errRate=  0.00% avg=   32.37 min=   12.93 max=  798.19 p50=   15.05 p95=  110.39 p99=  219.06 rps=  16.33
  s2s.crud.fetchAllTickets                      n=  980 err=   0 errRate=  0.00% avg=   31.81 min=   12.82 max=  798.07 p50=   14.80 p95=  108.61 p99=  217.96 rps=  16.33
  s2s.crud.fetchFilms                           n=    2 err=   0 errRate=  0.00% avg=  157.55 min=   96.69 max=  218.42 p50=  157.55 p95=  212.33 p99=  217.20 rps=   0.03

2026-05-06T21:00:40.174Z  INFO 1 --- [lab8-additional-service] [   scheduling-1] r.h.l.a.o.ObservabilityService           : [lab8-additional-service] observability refresh
window 10s
  calc.additional.maxViewersSummary             n=  181 err=   0 errRate=  0.00% avg=   16.30 min=   13.00 max=   78.78 p50=   14.03 p95=   21.28 p99=   23.76 rps=  18.10
  controller.AnalyticsController.maxViewersSummary n=  181 err=   0 errRate=  0.00% avg=   16.46 min=   13.18 max=   78.93 p50=   14.18 p95=   21.53 p99=   23.91 rps=  18.10
  s2s.crud.fetchAllTickets                      n=  181 err=   0 errRate=  0.00% avg=   16.24 min=   12.96 max=   78.71 p50=   13.95 p95=   21.22 p99=   23.70 rps=  18.10
window 30s
  calc.additional.maxViewersSummary             n=  310 err=   0 errRate=  0.00% avg=   48.36 min=   13.00 max=  798.10 p50=   16.90 p95=  206.97 p99=  421.61 rps=  10.33
  controller.AnalyticsController.maxViewersSummary n=  310 err=   0 errRate=  0.00% avg=   48.55 min=   13.18 max=  798.19 p50=   17.08 p95=  207.30 p99=  421.97 rps=  10.33
  s2s.crud.fetchAllTickets                      n=  310 err=   0 errRate=  0.00% avg=   47.59 min=   12.96 max=  798.07 p50=   16.83 p95=  206.91 p99=  350.13 rps=  10.33
  s2s.crud.fetchFilms                           n=    1 err=   0 errRate=  0.00% avg=  218.42 min=  218.42 max=  218.42 p50=  218.42 p95=  218.42 p99=  218.42 rps=   0.03
window 1m
  calc.additional.maxViewersSummary             n=  827 err=   0 errRate=  0.00% avg=   32.71 min=   12.85 max=  798.10 p50=   14.73 p95=  136.82 p99=  221.80 rps=  13.78
  controller.AnalyticsController.maxViewersSummary n=  827 err=   0 errRate=  0.00% avg=   32.89 min=   12.93 max=  798.19 p50=   14.92 p95=  137.06 p99=  222.06 rps=  13.78
  s2s.crud.fetchAllTickets                      n=  827 err=   0 errRate=  0.00% avg=   32.27 min=   12.82 max=  798.07 p50=   14.62 p95=  136.76 p99=  219.59 rps=  13.78
  s2s.crud.fetchFilms                           n=    2 err=   0 errRate=  0.00% avg=  157.55 min=   96.69 max=  218.42 p50=  157.55 p95=  212.33 p99=  217.20 rps=   0.03

2026-05-06T21:00:41.175Z  INFO 1 --- [lab8-additional-service] [   scheduling-1] r.h.l.a.o.ObservabilityService           : [lab8-additional-service] observability refresh
window 10s
  calc.additional.maxViewersSummary             n=  182 err=   0 errRate=  0.00% avg=   16.15 min=   13.00 max=   67.26 p50=   14.02 p95=   21.27 p99=   24.24 rps=  18.20
  controller.AnalyticsController.maxViewersSummary n=  182 err=   0 errRate=  0.00% avg=   16.31 min=   13.18 max=   67.40 p50=   14.17 p95=   21.52 p99=   24.41 rps=  18.20
  s2s.crud.fetchAllTickets                      n=  182 err=   0 errRate=  0.00% avg=   16.09 min=   12.96 max=   67.07 p50=   13.92 p95=   21.21 p99=   24.19 rps=  18.20
window 30s
  calc.additional.maxViewersSummary             n=  321 err=   0 errRate=  0.00% avg=   41.95 min=   13.00 max=  590.84 p50=   16.00 p95=  198.56 p99=  242.11 rps=  10.70
  controller.AnalyticsController.maxViewersSummary n=  321 err=   0 errRate=  0.00% avg=   42.14 min=   13.18 max=  590.98 p50=   16.15 p95=  198.82 p99=  242.33 rps=  10.70
  s2s.crud.fetchAllTickets                      n=  321 err=   0 errRate=  0.00% avg=   41.21 min=   12.96 max=  590.79 p50=   15.95 p95=  198.48 p99=  227.33 rps=  10.70
  s2s.crud.fetchFilms                           n=    1 err=   0 errRate=  0.00% avg=  218.42 min=  218.42 max=  218.42 p50=  218.42 p95=  218.42 p99=  218.42 rps=   0.03
window 1m
  calc.additional.maxViewersSummary             n=  746 err=   0 errRate=  0.00% avg=   32.56 min=   12.85 max=  798.10 p50=   14.09 p95=  142.21 p99=  222.72 rps=  12.43
  controller.AnalyticsController.maxViewersSummary n=  746 err=   0 errRate=  0.00% avg=   32.73 min=   12.93 max=  798.19 p50=   14.28 p95=  142.55 p99=  222.88 rps=  12.43
  s2s.crud.fetchAllTickets                      n=  746 err=   0 errRate=  0.00% avg=   32.08 min=   12.82 max=  798.07 p50=   14.03 p95=  142.15 p99=  221.28 rps=  12.43
  s2s.crud.fetchFilms                           n=    2 err=   0 errRate=  0.00% avg=  157.55 min=   96.69 max=  218.42 p50=  157.55 p95=  212.33 p99=  217.20 rps=   0.03

2026-05-06T21:00:42.176Z  INFO 1 --- [lab8-additional-service] [   scheduling-1] r.h.l.a.o.ObservabilityService           : [lab8-additional-service] observability refresh
window 10s
  calc.additional.maxViewersSummary             n=  179 err=   0 errRate=  0.00% avg=   16.72 min=   13.00 max=  113.96 p50=   14.03 p95=   21.80 p99=   33.81 rps=  17.90
  controller.AnalyticsController.maxViewersSummary n=  179 err=   0 errRate=  0.00% avg=   16.88 min=   13.18 max=  114.07 p50=   14.18 p95=   21.96 p99=   34.05 rps=  17.90
  s2s.crud.fetchAllTickets                      n=  179 err=   0 errRate=  0.00% avg=   16.08 min=   12.96 max=   67.07 p50=   13.93 p95=   21.18 p99=   24.19 rps=  17.90
  s2s.crud.fetchFilms                           n=    1 err=   0 errRate=  0.00% avg=   97.28 min=   97.28 max=   97.28 p50=   97.28 p95=   97.28 p99=   97.28 rps=   0.10
window 30s
  calc.additional.maxViewersSummary             n=  332 err=   0 errRate=  0.00% avg=   35.78 min=   13.00 max=  360.58 p50=   15.02 p95=  175.08 p99=  220.20 rps=  11.07
  controller.AnalyticsController.maxViewersSummary n=  332 err=   0 errRate=  0.00% avg=   35.98 min=   13.18 max=  361.02 p50=   15.25 p95=  175.50 p99=  220.43 rps=  11.07
  s2s.crud.fetchAllTickets                      n=  332 err=   0 errRate=  0.00% avg=   35.41 min=   12.96 max=  360.48 p50=   14.86 p95=  175.00 p99=  220.13 rps=  11.07
  s2s.crud.fetchFilms                           n=    1 err=   0 errRate=  0.00% avg=   97.28 min=   97.28 max=   97.28 p50=   97.28 p95=   97.28 p99=   97.28 rps=   0.03
window 1m
  calc.additional.maxViewersSummary             n=  746 err=   0 errRate=  0.00% avg=   32.54 min=   12.85 max=  798.10 p50=   14.09 p95=  142.21 p99=  222.72 rps=  12.43
  controller.AnalyticsController.maxViewersSummary n=  746 err=   0 errRate=  0.00% avg=   32.72 min=   12.93 max=  798.19 p50=   14.29 p95=  142.55 p99=  222.88 rps=  12.43
  s2s.crud.fetchAllTickets                      n=  746 err=   0 errRate=  0.00% avg=   32.05 min=   12.82 max=  798.07 p50=   14.03 p95=  142.15 p99=  221.28 rps=  12.43
  s2s.crud.fetchFilms                           n=    2 err=   0 errRate=  0.00% avg=  157.85 min=   97.28 max=  218.42 p50=  157.85 p95=  212.36 p99=  217.21 rps=   0.03

2026-05-06T21:00:43.177Z  INFO 1 --- [lab8-additional-service] [   scheduling-1] r.h.l.a.o.ObservabilityService           : [lab8-additional-service] observability refresh
window 10s
  calc.additional.maxViewersSummary             n=  187 err=   0 errRate=  0.00% avg=   16.59 min=   13.00 max=  113.96 p50=   13.97 p95=   21.03 p99=   30.38 rps=  18.70
  controller.AnalyticsController.maxViewersSummary n=  187 err=   0 errRate=  0.00% avg=   16.75 min=   13.18 max=  114.07 p50=   14.14 p95=   21.18 p99=   30.63 rps=  18.70
  s2s.crud.fetchAllTickets                      n=  187 err=   0 errRate=  0.00% avg=   15.98 min=   12.96 max=   67.07 p50=   13.92 p95=   20.89 p99=   24.18 rps=  18.70
  s2s.crud.fetchFilms                           n=    1 err=   0 errRate=  0.00% avg=   97.28 min=   97.28 max=   97.28 p50=   97.28 p95=   97.28 p99=   97.28 rps=   0.10
window 30s
  calc.additional.maxViewersSummary             n=  354 err=   0 errRate=  0.00% avg=   34.18 min=   13.00 max=  360.58 p50=   14.81 p95=  156.17 p99=  218.61 rps=  11.80
  controller.AnalyticsController.maxViewersSummary n=  354 err=   0 errRate=  0.00% avg=   34.37 min=   13.18 max=  361.02 p50=   14.96 p95=  156.47 p99=  218.82 rps=  11.80
  s2s.crud.fetchAllTickets                      n=  354 err=   0 errRate=  0.00% avg=   33.83 min=   12.96 max=  360.48 p50=   14.71 p95=  156.09 p99=  218.55 rps=  11.80
  s2s.crud.fetchFilms                           n=    1 err=   0 errRate=  0.00% avg=   97.28 min=   97.28 max=   97.28 p50=   97.28 p95=   97.28 p99=   97.28 rps=   0.03
window 1m
  calc.additional.maxViewersSummary             n=  759 err=   0 errRate=  0.00% avg=   32.24 min=   12.85 max=  798.10 p50=   14.11 p95=  139.80 p99=  222.65 rps=  12.65
  controller.AnalyticsController.maxViewersSummary n=  759 err=   0 errRate=  0.00% avg=   32.42 min=   12.93 max=  798.19 p50=   14.30 p95=  140.11 p99=  222.84 rps=  12.65
  s2s.crud.fetchAllTickets                      n=  759 err=   0 errRate=  0.00% avg=   31.77 min=   12.82 max=  798.07 p50=   14.05 p95=  139.73 p99=  220.97 rps=  12.65
  s2s.crud.fetchFilms                           n=    2 err=   0 errRate=  0.00% avg=  157.85 min=   97.28 max=  218.42 p50=  157.85 p95=  212.36 p99=  217.21 rps=   0.03

2026-05-06T21:00:44.178Z  INFO 1 --- [lab8-additional-service] [   scheduling-1] r.h.l.a.o.ObservabilityService           : [lab8-additional-service] observability refresh
window 10s
  calc.additional.maxViewersSummary             n=  180 err=   0 errRate=  0.00% avg=   16.75 min=   13.00 max=  113.96 p50=   13.98 p95=   21.20 p99=   43.12 rps=  18.00
  controller.AnalyticsController.maxViewersSummary n=  180 err=   0 errRate=  0.00% avg=   16.91 min=   13.18 max=  114.07 p50=   14.15 p95=   21.41 p99=   43.37 rps=  18.00
  s2s.crud.fetchAllTickets                      n=  180 err=   0 errRate=  0.00% avg=   16.12 min=   12.96 max=   67.07 p50=   13.92 p95=   21.10 p99=   26.90 rps=  18.00
  s2s.crud.fetchFilms                           n=    1 err=   0 errRate=  0.00% avg=   97.28 min=   97.28 max=   97.28 p50=   97.28 p95=   97.28 p99=   97.28 rps=   0.10
window 30s
  calc.additional.maxViewersSummary             n=  368 err=   0 errRate=  0.00% avg=   33.55 min=   13.00 max=  360.58 p50=   14.81 p95=  147.38 p99=  217.60 rps=  12.27
  controller.AnalyticsController.maxViewersSummary n=  368 err=   0 errRate=  0.00% avg=   33.74 min=   13.18 max=  361.02 p50=   14.96 p95=  147.67 p99=  217.80 rps=  12.27
  s2s.crud.fetchAllTickets                      n=  368 err=   0 errRate=  0.00% avg=   33.21 min=   12.96 max=  360.48 p50=   14.71 p95=  147.32 p99=  217.54 rps=  12.27
  s2s.crud.fetchFilms                           n=    1 err=   0 errRate=  0.00% avg=   97.28 min=   97.28 max=   97.28 p50=   97.28 p95=   97.28 p99=   97.28 rps=   0.03
window 1m
  calc.additional.maxViewersSummary             n=  758 err=   0 errRate=  0.00% avg=   32.22 min=   12.85 max=  798.10 p50=   14.09 p95=  139.98 p99=  222.66 rps=  12.63
  controller.AnalyticsController.maxViewersSummary n=  758 err=   0 errRate=  0.00% avg=   32.40 min=   12.93 max=  798.19 p50=   14.30 p95=  140.30 p99=  222.84 rps=  12.63
  s2s.crud.fetchAllTickets                      n=  758 err=   0 errRate=  0.00% avg=   31.75 min=   12.82 max=  798.07 p50=   14.03 p95=  139.91 p99=  220.99 rps=  12.63
  s2s.crud.fetchFilms                           n=    2 err=   0 errRate=  0.00% avg=  157.85 min=   97.28 max=  218.42 p50=  157.85 p95=  212.36 p99=  217.21 rps=   0.03

2026-05-06T21:00:45.179Z  INFO 1 --- [lab8-additional-service] [   scheduling-1] r.h.l.a.o.ObservabilityService           : [lab8-additional-service] observability refresh
window 10s
  calc.additional.maxViewersSummary             n=  180 err=   0 errRate=  0.00% avg=   16.75 min=   13.00 max=  113.96 p50=   13.97 p95=   21.81 p99=   43.12 rps=  18.00
  controller.AnalyticsController.maxViewersSummary n=  180 err=   0 errRate=  0.00% avg=   16.91 min=   13.17 max=  114.07 p50=   14.13 p95=   21.97 p99=   43.37 rps=  18.00
  s2s.crud.fetchAllTickets                      n=  180 err=   0 errRate=  0.00% avg=   16.11 min=   12.96 max=   67.07 p50=   13.91 p95=   21.20 p99=   26.90 rps=  18.00
  s2s.crud.fetchFilms                           n=    1 err=   0 errRate=  0.00% avg=   97.28 min=   97.28 max=   97.28 p50=   97.28 p95=   97.28 p99=   97.28 rps=   0.10
window 30s
  calc.additional.maxViewersSummary             n=  382 err=   0 errRate=  0.00% avg=   31.04 min=   13.00 max=  245.51 p50=   14.55 p95=  118.37 p99=  212.45 rps=  12.73
  controller.AnalyticsController.maxViewersSummary n=  382 err=   0 errRate=  0.00% avg=   31.23 min=   13.17 max=  245.75 p50=   14.84 p95=  118.52 p99=  213.78 rps=  12.73
  s2s.crud.fetchAllTickets                      n=  382 err=   0 errRate=  0.00% avg=   30.71 min=   12.96 max=  245.45 p50=   14.46 p95=  118.32 p99=  212.40 rps=  12.73
  s2s.crud.fetchFilms                           n=    1 err=   0 errRate=  0.00% avg=   97.28 min=   97.28 max=   97.28 p50=   97.28 p95=   97.28 p99=   97.28 rps=   0.03
window 1m
  calc.additional.maxViewersSummary             n=  761 err=   0 errRate=  0.00% avg=   32.17 min=   12.85 max=  798.10 p50=   14.09 p95=  139.43 p99=  222.64 rps=  12.68
  controller.AnalyticsController.maxViewersSummary n=  761 err=   0 errRate=  0.00% avg=   32.35 min=   12.93 max=  798.19 p50=   14.27 p95=  139.74 p99=  222.83 rps=  12.68
  s2s.crud.fetchAllTickets                      n=  761 err=   0 errRate=  0.00% avg=   31.69 min=   12.82 max=  798.07 p50=   14.03 p95=  139.36 p99=  220.92 rps=  12.68
  s2s.crud.fetchFilms                           n=    2 err=   0 errRate=  0.00% avg=  157.85 min=   97.28 max=  218.42 p50=  157.85 p95=  212.36 p99=  217.21 rps=   0.03

2026-05-06T21:00:46.180Z  INFO 1 --- [lab8-additional-service] [   scheduling-1] r.h.l.a.o.ObservabilityService           : [lab8-additional-service] observability refresh
window 10s
  calc.additional.maxViewersSummary             n=  170 err=   0 errRate=  0.00% avg=   16.91 min=   12.97 max=  113.96 p50=   13.97 p95=   21.55 p99=   46.18 rps=  17.00
  controller.AnalyticsController.maxViewersSummary n=  170 err=   0 errRate=  0.00% avg=   17.08 min=   13.06 max=  114.07 p50=   14.14 p95=   21.75 p99=   46.41 rps=  17.00
  s2s.crud.fetchAllTickets                      n=  170 err=   0 errRate=  0.00% avg=   16.24 min=   12.93 max=   67.07 p50=   13.92 p95=   21.15 p99=   28.12 rps=  17.00
  s2s.crud.fetchFilms                           n=    1 err=   0 errRate=  0.00% avg=   97.28 min=   97.28 max=   97.28 p50=   97.28 p95=   97.28 p99=   97.28 rps=   0.10
window 30s
  calc.additional.maxViewersSummary             n=  392 err=   0 errRate=  0.00% avg=   29.76 min=   12.97 max=  245.51 p50=   14.49 p95=  111.75 p99=  212.11 rps=  13.07
  controller.AnalyticsController.maxViewersSummary n=  393 err=   0 errRate=  0.00% avg=   30.38 min=   13.06 max=  245.75 p50=   14.80 p95=  114.74 p99=  213.57 rps=  13.10
  s2s.crud.fetchAllTickets                      n=  392 err=   0 errRate=  0.00% avg=   29.44 min=   12.93 max=  245.45 p50=   14.42 p95=  109.15 p99=  212.06 rps=  13.07
  s2s.crud.fetchFilms                           n=    1 err=   0 errRate=  0.00% avg=   97.28 min=   97.28 max=   97.28 p50=   97.28 p95=   97.28 p99=   97.28 rps=   0.03
window 1m
  calc.additional.maxViewersSummary             n=  753 err=   0 errRate=  0.00% avg=   32.35 min=   12.85 max=  798.10 p50=   14.09 p95=  140.91 p99=  222.68 rps=  12.55
  controller.AnalyticsController.maxViewersSummary n=  753 err=   0 errRate=  0.00% avg=   32.53 min=   12.93 max=  798.19 p50=   14.30 p95=  141.24 p99=  222.86 rps=  12.55
  s2s.crud.fetchAllTickets                      n=  753 err=   0 errRate=  0.00% avg=   31.87 min=   12.82 max=  798.07 p50=   14.03 p95=  140.85 p99=  221.11 rps=  12.55
  s2s.crud.fetchFilms                           n=    2 err=   0 errRate=  0.00% avg=  157.85 min=   97.28 max=  218.42 p50=  157.85 p95=  212.36 p99=  217.21 rps=   0.03

2026-05-06T21:00:47.181Z  INFO 1 --- [lab8-additional-service] [   scheduling-1] r.h.l.a.o.ObservabilityService           : [lab8-additional-service] observability refresh
window 10s
  calc.additional.maxViewersSummary             n=  162 err=   0 errRate=  0.00% avg=   17.06 min=   12.97 max=  113.96 p50=   14.02 p95=   21.76 p99=   48.62 rps=  16.20
  controller.AnalyticsController.maxViewersSummary n=  162 err=   0 errRate=  0.00% avg=   17.22 min=   13.06 max=  114.07 p50=   14.18 p95=   21.93 p99=   48.84 rps=  16.20
  s2s.crud.fetchAllTickets                      n=  162 err=   0 errRate=  0.00% avg=   16.36 min=   12.93 max=   67.07 p50=   13.95 p95=   21.17 p99=   29.10 rps=  16.20
  s2s.crud.fetchFilms                           n=    1 err=   0 errRate=  0.00% avg=   97.28 min=   97.28 max=   97.28 p50=   97.28 p95=   97.28 p99=   97.28 rps=   0.10
window 30s
  calc.additional.maxViewersSummary             n=  399 err=   0 errRate=  0.00% avg=   27.46 min=   12.97 max=  215.22 p50=   14.50 p95=   95.78 p99=  205.95 rps=  13.30
  controller.AnalyticsController.maxViewersSummary n=  399 err=   0 errRate=  0.00% avg=   27.64 min=   13.06 max=  215.39 p50=   14.80 p95=   95.97 p99=  206.20 rps=  13.30
  s2s.crud.fetchAllTickets                      n=  399 err=   0 errRate=  0.00% avg=   27.14 min=   12.93 max=  215.17 p50=   14.43 p95=   93.74 p99=  205.89 rps=  13.30
  s2s.crud.fetchFilms                           n=    1 err=   0 errRate=  0.00% avg=   97.28 min=   97.28 max=   97.28 p50=   97.28 p95=   97.28 p99=   97.28 rps=   0.03
window 1m
  calc.additional.maxViewersSummary             n=  742 err=   0 errRate=  0.00% avg=   32.64 min=   12.85 max=  798.10 p50=   14.13 p95=  142.95 p99=  222.74 rps=  12.37
  controller.AnalyticsController.maxViewersSummary n=  742 err=   0 errRate=  0.00% avg=   32.82 min=   12.93 max=  798.19 p50=   14.34 p95=  143.30 p99=  222.90 rps=  12.37
  s2s.crud.fetchAllTickets                      n=  742 err=   0 errRate=  0.00% avg=   32.15 min=   12.82 max=  798.07 p50=   14.07 p95=  142.90 p99=  221.38 rps=  12.37
  s2s.crud.fetchFilms                           n=    2 err=   0 errRate=  0.00% avg=  157.85 min=   97.28 max=  218.42 p50=  157.85 p95=  212.36 p99=  217.21 rps=   0.03

2026-05-06T21:00:48.183Z  INFO 1 --- [lab8-additional-service] [   scheduling-1] r.h.l.a.o.ObservabilityService           : [lab8-additional-service] observability refresh
window 10s
  calc.additional.maxViewersSummary             n=  162 err=   0 errRate=  0.00% avg=   17.31 min=   12.92 max=  113.96 p50=   14.34 p95=   22.15 p99=   48.62 rps=  16.20
  controller.AnalyticsController.maxViewersSummary n=  162 err=   0 errRate=  0.00% avg=   17.48 min=   13.01 max=  114.07 p50=   14.58 p95=   22.27 p99=   48.84 rps=  16.20
  s2s.crud.fetchAllTickets                      n=  162 err=   0 errRate=  0.00% avg=   16.61 min=   12.89 max=   67.07 p50=   14.29 p95=   21.70 p99=   29.10 rps=  16.20
  s2s.crud.fetchFilms                           n=    1 err=   0 errRate=  0.00% avg=   97.28 min=   97.28 max=   97.28 p50=   97.28 p95=   97.28 p99=   97.28 rps=   0.10
window 30s
  calc.additional.maxViewersSummary             n=  412 err=   0 errRate=  0.00% avg=   25.48 min=   12.92 max=  215.22 p50=   14.62 p95=   81.44 p99=  203.73 rps=  13.73
  controller.AnalyticsController.maxViewersSummary n=  412 err=   0 errRate=  0.00% avg=   25.66 min=   13.01 max=  215.39 p50=   14.84 p95=   81.57 p99=  203.97 rps=  13.73
  s2s.crud.fetchAllTickets                      n=  412 err=   0 errRate=  0.00% avg=   25.17 min=   12.89 max=  215.17 p50=   14.51 p95=   78.81 p99=  203.68 rps=  13.73
  s2s.crud.fetchFilms                           n=    1 err=   0 errRate=  0.00% avg=   97.28 min=   97.28 max=   97.28 p50=   97.28 p95=   97.28 p99=   97.28 rps=   0.03
window 1m
  calc.additional.maxViewersSummary             n=  740 err=   0 errRate=  0.00% avg=   32.74 min=   12.85 max=  798.10 p50=   14.23 p95=  143.20 p99=  222.75 rps=  12.33
  controller.AnalyticsController.maxViewersSummary n=  740 err=   0 errRate=  0.00% avg=   32.92 min=   12.93 max=  798.19 p50=   14.45 p95=  143.55 p99=  222.90 rps=  12.33
  s2s.crud.fetchAllTickets                      n=  740 err=   0 errRate=  0.00% avg=   32.25 min=   12.82 max=  798.07 p50=   14.16 p95=  143.15 p99=  221.42 rps=  12.33
  s2s.crud.fetchFilms                           n=    2 err=   0 errRate=  0.00% avg=  157.85 min=   97.28 max=  218.42 p50=  157.85 p95=  212.36 p99=  217.21 rps=   0.03

2026-05-06T21:00:49.064Z  INFO 1 --- [lab8-additional-service] [   scheduling-1] r.h.l.a.service.FilmCacheService         : film-cache stats: size=310 ttlMs=30000 lastRefreshAtMs=1778101241724 hits=22535 misses=9 refreshes=9
2026-05-06T21:00:49.184Z  INFO 1 --- [lab8-additional-service] [   scheduling-1] r.h.l.a.o.ObservabilityService           : [lab8-additional-service] observability refresh
window 10s
  calc.additional.maxViewersSummary             n=  163 err=   0 errRate=  0.00% avg=   18.21 min=   12.92 max=  113.96 p50=   14.50 p95=   24.28 p99=   68.43 rps=  16.30
  controller.AnalyticsController.maxViewersSummary n=  163 err=   0 errRate=  0.00% avg=   18.38 min=   13.01 max=  114.07 p50=   14.65 p95=   24.44 p99=   68.58 rps=  16.30
  s2s.crud.fetchAllTickets                      n=  163 err=   0 errRate=  0.00% avg=   17.51 min=   12.89 max=   70.29 p50=   14.44 p95=   23.87 p99=   66.54 rps=  16.30
  s2s.crud.fetchFilms                           n=    1 err=   0 errRate=  0.00% avg=   97.28 min=   97.28 max=   97.28 p50=   97.28 p95=   97.28 p99=   97.28 rps=   0.10
window 30s
  calc.additional.maxViewersSummary             n=  422 err=   0 errRate=  0.00% avg=   24.38 min=   12.92 max=  215.22 p50=   14.62 p95=   75.08 p99=  177.09 rps=  14.07
  controller.AnalyticsController.maxViewersSummary n=  422 err=   0 errRate=  0.00% avg=   24.57 min=   13.01 max=  215.39 p50=   14.84 p95=   75.40 p99=  177.32 rps=  14.07
  s2s.crud.fetchAllTickets                      n=  422 err=   0 errRate=  0.00% avg=   24.08 min=   12.89 max=  215.17 p50=   14.51 p95=   72.23 p99=  177.04 rps=  14.07
  s2s.crud.fetchFilms                           n=    1 err=   0 errRate=  0.00% avg=   97.28 min=   97.28 max=   97.28 p50=   97.28 p95=   97.28 p99=   97.28 rps=   0.03
window 1m
  calc.additional.maxViewersSummary             n=  732 err=   0 errRate=  0.00% avg=   33.17 min=   12.85 max=  798.10 p50=   14.35 p95=  143.72 p99=  222.79 rps=  12.20
  controller.AnalyticsController.maxViewersSummary n=  732 err=   0 errRate=  0.00% avg=   33.35 min=   12.93 max=  798.19 p50=   14.55 p95=  144.07 p99=  222.93 rps=  12.20
  s2s.crud.fetchAllTickets                      n=  732 err=   0 errRate=  0.00% avg=   32.67 min=   12.82 max=  798.07 p50=   14.29 p95=  143.66 p99=  221.62 rps=  12.20
  s2s.crud.fetchFilms                           n=    2 err=   0 errRate=  0.00% avg=  157.85 min=   97.28 max=  218.42 p50=  157.85 p95=  212.36 p99=  217.21 rps=   0.03

2026-05-06T21:00:50.185Z  INFO 1 --- [lab8-additional-service] [   scheduling-1] r.h.l.a.o.ObservabilityService           : [lab8-additional-service] observability refresh
window 10s
  calc.additional.maxViewersSummary             n=  160 err=   0 errRate=  0.00% avg=   18.27 min=   12.92 max=  113.96 p50=   14.55 p95=   24.32 p99=   68.53 rps=  16.00
  controller.AnalyticsController.maxViewersSummary n=  160 err=   0 errRate=  0.00% avg=   18.44 min=   13.01 max=  114.07 p50=   14.72 p95=   24.49 p99=   68.67 rps=  16.00
  s2s.crud.fetchAllTickets                      n=  160 err=   0 errRate=  0.00% avg=   17.56 min=   12.89 max=   70.29 p50=   14.48 p95=   23.94 p99=   66.56 rps=  16.00
  s2s.crud.fetchFilms                           n=    1 err=   0 errRate=  0.00% avg=   97.28 min=   97.28 max=   97.28 p50=   97.28 p95=   97.28 p99=   97.28 rps=   0.10
window 30s
  calc.additional.maxViewersSummary             n=  438 err=   0 errRate=  0.00% avg=   23.18 min=   12.92 max=  207.84 p50=   14.55 p95=   70.43 p99=  114.98 rps=  14.60
  controller.AnalyticsController.maxViewersSummary n=  438 err=   0 errRate=  0.00% avg=   23.36 min=   13.01 max=  213.41 p50=   14.80 p95=   70.58 p99=  115.12 rps=  14.60
  s2s.crud.fetchAllTickets                      n=  438 err=   0 errRate=  0.00% avg=   22.88 min=   12.89 max=  207.77 p50=   14.47 p95=   67.55 p99=  113.43 rps=  14.60
  s2s.crud.fetchFilms                           n=    1 err=   0 errRate=  0.00% avg=   97.28 min=   97.28 max=   97.28 p50=   97.28 p95=   97.28 p99=   97.28 rps=   0.03
window 1m
  calc.additional.maxViewersSummary             n=  731 err=   0 errRate=  0.00% avg=   33.23 min=   12.91 max=  798.10 p50=   14.42 p95=  143.78 p99=  222.79 rps=  12.18
  controller.AnalyticsController.maxViewersSummary n=  731 err=   0 errRate=  0.00% avg=   33.42 min=   12.99 max=  798.19 p50=   14.60 p95=  144.14 p99=  222.93 rps=  12.18
  s2s.crud.fetchAllTickets                      n=  731 err=   0 errRate=  0.00% avg=   32.74 min=   12.88 max=  798.07 p50=   14.36 p95=  143.72 p99=  221.64 rps=  12.18
  s2s.crud.fetchFilms                           n=    2 err=   0 errRate=  0.00% avg=  157.85 min=   97.28 max=  218.42 p50=  157.85 p95=  212.36 p99=  217.21 rps=   0.03

2026-05-06T21:00:51.186Z  INFO 1 --- [lab8-additional-service] [   scheduling-1] r.h.l.a.o.ObservabilityService           : [lab8-additional-service] observability refresh
window 10s
  calc.additional.maxViewersSummary             n=  161 err=   0 errRate=  0.00% avg=   17.84 min=   12.92 max=  113.96 p50=   14.46 p95=   23.51 p99=   67.90 rps=  16.10
  controller.AnalyticsController.maxViewersSummary n=  161 err=   0 errRate=  0.00% avg=   18.01 min=   13.01 max=  114.07 p50=   14.60 p95=   23.65 p99=   68.05 rps=  16.10
  s2s.crud.fetchAllTickets                      n=  161 err=   0 errRate=  0.00% avg=   17.13 min=   12.89 max=   70.29 p50=   14.39 p95=   23.19 p99=   64.07 rps=  16.10
  s2s.crud.fetchFilms                           n=    1 err=   0 errRate=  0.00% avg=   97.28 min=   97.28 max=   97.28 p50=   97.28 p95=   97.28 p99=   97.28 rps=   0.10
window 30s
  calc.additional.maxViewersSummary             n=  451 err=   0 errRate=  0.00% avg=   22.14 min=   12.92 max=  205.91 p50=   14.48 p95=   65.45 p99=  109.27 rps=  15.03
  controller.AnalyticsController.maxViewersSummary n=  451 err=   0 errRate=  0.00% avg=   22.32 min=   13.01 max=  206.16 p50=   14.72 p95=   65.63 p99=  109.43 rps=  15.03
  s2s.crud.fetchAllTickets                      n=  451 err=   0 errRate=  0.00% avg=   21.85 min=   12.89 max=  205.86 p50=   14.41 p95=   63.84 p99=  107.69 rps=  15.03
  s2s.crud.fetchFilms                           n=    1 err=   0 errRate=  0.00% avg=   97.28 min=   97.28 max=   97.28 p50=   97.28 p95=   97.28 p99=   97.28 rps=   0.03
window 1m
  calc.additional.maxViewersSummary             n=  726 err=   0 errRate=  0.00% avg=   33.36 min=   12.92 max=  798.10 p50=   14.42 p95=  144.11 p99=  222.82 rps=  12.10
  controller.AnalyticsController.maxViewersSummary n=  726 err=   0 errRate=  0.00% avg=   33.55 min=   13.01 max=  798.19 p50=   14.61 p95=  144.46 p99=  222.95 rps=  12.10
  s2s.crud.fetchAllTickets                      n=  726 err=   0 errRate=  0.00% avg=   32.86 min=   12.89 max=  798.07 p50=   14.36 p95=  144.04 p99=  221.76 rps=  12.10
  s2s.crud.fetchFilms                           n=    2 err=   0 errRate=  0.00% avg=  157.85 min=   97.28 max=  218.42 p50=  157.85 p95=  212.36 p99=  217.21 rps=   0.03

2026-05-06T21:00:52.187Z  INFO 1 --- [lab8-additional-service] [   scheduling-1] r.h.l.a.o.ObservabilityService           : [lab8-additional-service] observability refresh
window 10s
  calc.additional.maxViewersSummary             n=  160 err=   0 errRate=  0.00% avg=   17.29 min=   12.92 max=   70.34 p50=   14.55 p95=   23.31 p99=   64.16 rps=  16.00
  controller.AnalyticsController.maxViewersSummary n=  160 err=   0 errRate=  0.00% avg=   17.45 min=   13.01 max=   70.50 p50=   14.76 p95=   23.44 p99=   64.34 rps=  16.00
  s2s.crud.fetchAllTickets                      n=  160 err=   0 errRate=  0.00% avg=   17.23 min=   12.89 max=   70.29 p50=   14.48 p95=   23.21 p99=   64.10 rps=  16.00
window 30s
  calc.additional.maxViewersSummary             n=  466 err=   0 errRate=  0.00% avg=   21.27 min=   12.92 max=  115.58 p50=   14.48 p95=   62.50 p99=  101.08 rps=  15.53
  controller.AnalyticsController.maxViewersSummary n=  466 err=   0 errRate=  0.00% avg=   21.44 min=   13.01 max=  115.75 p50=   14.72 p95=   62.67 p99=  101.42 rps=  15.53
  s2s.crud.fetchAllTickets                      n=  466 err=   0 errRate=  0.00% avg=   20.99 min=   12.89 max=  115.51 p50=   14.41 p95=   61.14 p99=   96.33 rps=  15.53
  s2s.crud.fetchFilms                           n=    1 err=   0 errRate=  0.00% avg=   97.28 min=   97.28 max=   97.28 p50=   97.28 p95=   97.28 p99=   97.28 rps=   0.03
window 1m
  calc.additional.maxViewersSummary             n=  723 err=   0 errRate=  0.00% avg=   33.46 min=   12.92 max=  798.10 p50=   14.48 p95=  144.30 p99=  222.84 rps=  12.05
  controller.AnalyticsController.maxViewersSummary n=  723 err=   0 errRate=  0.00% avg=   33.64 min=   13.01 max=  798.19 p50=   14.67 p95=  144.65 p99=  222.96 rps=  12.05
  s2s.crud.fetchAllTickets                      n=  723 err=   0 errRate=  0.00% avg=   32.96 min=   12.89 max=  798.07 p50=   14.41 p95=  144.23 p99=  221.83 rps=  12.05
  s2s.crud.fetchFilms                           n=    2 err=   0 errRate=  0.00% avg=  157.85 min=   97.28 max=  218.42 p50=  157.85 p95=  212.36 p99=  217.21 rps=   0.03

2026-05-06T21:00:53.188Z  INFO 1 --- [lab8-additional-service] [   scheduling-1] r.h.l.a.o.ObservabilityService           : [lab8-additional-service] observability refresh
window 10s
  calc.additional.maxViewersSummary             n=  157 err=   0 errRate=  0.00% avg=   17.65 min=   12.92 max=   70.34 p50=   14.66 p95=   23.60 p99=   66.56 rps=  15.70
  controller.AnalyticsController.maxViewersSummary n=  157 err=   0 errRate=  0.00% avg=   17.82 min=   13.01 max=   70.50 p50=   14.93 p95=   23.73 p99=   66.76 rps=  15.70
  s2s.crud.fetchAllTickets                      n=  157 err=   0 errRate=  0.00% avg=   17.58 min=   12.89 max=   70.29 p50=   14.60 p95=   23.55 p99=   66.51 rps=  15.70
window 30s
  calc.additional.maxViewersSummary             n=  479 err=   0 errRate=  0.00% avg=   20.08 min=   12.92 max=  113.96 p50=   14.42 p95=   57.18 p99=   87.47 rps=  15.97
  controller.AnalyticsController.maxViewersSummary n=  479 err=   0 errRate=  0.00% avg=   20.25 min=   13.01 max=  114.07 p50=   14.60 p95=   57.37 p99=   87.67 rps=  15.97
  s2s.crud.fetchAllTickets                      n=  479 err=   0 errRate=  0.00% avg=   19.81 min=   12.89 max=  106.83 p50=   14.36 p95=   56.77 p99=   85.05 rps=  15.97
  s2s.crud.fetchFilms                           n=    1 err=   0 errRate=  0.00% avg=   97.28 min=   97.28 max=   97.28 p50=   97.28 p95=   97.28 p99=   97.28 rps=   0.03
window 1m
  calc.additional.maxViewersSummary             n=  723 err=   0 errRate=  0.00% avg=   33.55 min=   12.92 max=  798.10 p50=   14.48 p95=  144.30 p99=  222.84 rps=  12.05
  controller.AnalyticsController.maxViewersSummary n=  723 err=   0 errRate=  0.00% avg=   33.73 min=   13.01 max=  798.19 p50=   14.72 p95=  144.65 p99=  222.96 rps=  12.05
  s2s.crud.fetchAllTickets                      n=  723 err=   0 errRate=  0.00% avg=   33.05 min=   12.89 max=  798.07 p50=   14.42 p95=  144.23 p99=  221.83 rps=  12.05
  s2s.crud.fetchFilms                           n=    2 err=   0 errRate=  0.00% avg=  157.85 min=   97.28 max=  218.42 p50=  157.85 p95=  212.36 p99=  217.21 rps=   0.03

2026-05-06T21:00:54.189Z  INFO 1 --- [lab8-additional-service] [   scheduling-1] r.h.l.a.o.ObservabilityService           : [lab8-additional-service] observability refresh
window 10s
  calc.additional.maxViewersSummary             n=  165 err=   0 errRate=  0.00% avg=   17.34 min=   12.92 max=   70.34 p50=   14.40 p95=   23.07 p99=   66.51 rps=  16.50
  controller.AnalyticsController.maxViewersSummary n=  165 err=   0 errRate=  0.00% avg=   17.51 min=   13.01 max=   70.50 p50=   14.60 p95=   23.20 p99=   66.70 rps=  16.50
  s2s.crud.fetchAllTickets                      n=  165 err=   0 errRate=  0.00% avg=   17.27 min=   12.89 max=   70.29 p50=   14.30 p95=   22.93 p99=   66.46 rps=  16.50
window 30s
  calc.additional.maxViewersSummary             n=  492 err=   0 errRate=  0.00% avg=   19.08 min=   12.92 max=  113.96 p50=   14.30 p95=   44.56 p99=   79.29 rps=  16.40
  controller.AnalyticsController.maxViewersSummary n=  492 err=   0 errRate=  0.00% avg=   19.25 min=   13.01 max=  114.07 p50=   14.51 p95=   44.74 p99=   79.43 rps=  16.40
  s2s.crud.fetchAllTickets                      n=  492 err=   0 errRate=  0.00% avg=   18.81 min=   12.89 max=   93.55 p50=   14.23 p95=   39.83 p99=   77.55 rps=  16.40
  s2s.crud.fetchFilms                           n=    1 err=   0 errRate=  0.00% avg=   97.28 min=   97.28 max=   97.28 p50=   97.28 p95=   97.28 p99=   97.28 rps=   0.03
window 1m
  calc.additional.maxViewersSummary             n=  731 err=   0 errRate=  0.00% avg=   33.33 min=   12.92 max=  798.10 p50=   14.47 p95=  143.78 p99=  222.79 rps=  12.18
  controller.AnalyticsController.maxViewersSummary n=  731 err=   0 errRate=  0.00% avg=   33.51 min=   13.01 max=  798.19 p50=   14.64 p95=  144.14 p99=  222.93 rps=  12.18
  s2s.crud.fetchAllTickets                      n=  731 err=   0 errRate=  0.00% avg=   32.83 min=   12.89 max=  798.07 p50=   14.38 p95=  143.72 p99=  221.64 rps=  12.18
  s2s.crud.fetchFilms                           n=    2 err=   0 errRate=  0.00% avg=  157.85 min=   97.28 max=  218.42 p50=  157.85 p95=  212.36 p99=  217.21 rps=   0.03

2026-05-06T21:00:55.190Z  INFO 1 --- [lab8-additional-service] [   scheduling-1] r.h.l.a.o.ObservabilityService           : [lab8-additional-service] observability refresh
window 10s
  calc.additional.maxViewersSummary             n=  167 err=   0 errRate=  0.00% avg=   17.24 min=   12.92 max=   70.34 p50=   14.30 p95=   22.66 p99=   66.50 rps=  16.70
  controller.AnalyticsController.maxViewersSummary n=  167 err=   0 errRate=  0.00% avg=   17.41 min=   13.01 max=   70.50 p50=   14.50 p95=   22.82 p99=   66.68 rps=  16.70
  s2s.crud.fetchAllTickets                      n=  167 err=   0 errRate=  0.00% avg=   17.17 min=   12.89 max=   70.29 p50=   14.24 p95=   22.53 p99=   66.44 rps=  16.70
window 30s
  calc.additional.maxViewersSummary             n=  503 err=   0 errRate=  0.00% avg=   18.37 min=   12.92 max=  113.96 p50=   14.25 p95=   27.88 p99=   72.33 rps=  16.77
  controller.AnalyticsController.maxViewersSummary n=  503 err=   0 errRate=  0.00% avg=   18.54 min=   13.01 max=  114.07 p50=   14.44 p95=   28.17 p99=   72.74 rps=  16.77
  s2s.crud.fetchAllTickets                      n=  503 err=   0 errRate=  0.00% avg=   18.10 min=   12.89 max=   87.65 p50=   14.13 p95=   27.25 p99=   70.87 rps=  16.77
  s2s.crud.fetchFilms                           n=    1 err=   0 errRate=  0.00% avg=   97.28 min=   97.28 max=   97.28 p50=   97.28 p95=   97.28 p99=   97.28 rps=   0.03
window 1m
  calc.additional.maxViewersSummary             n=  735 err=   0 errRate=  0.00% avg=   33.21 min=   12.92 max=  798.10 p50=   14.43 p95=  143.53 p99=  222.77 rps=  12.25
  controller.AnalyticsController.maxViewersSummary n=  735 err=   0 errRate=  0.00% avg=   33.39 min=   13.01 max=  798.19 p50=   14.61 p95=  143.88 p99=  222.92 rps=  12.25
  s2s.crud.fetchAllTickets                      n=  735 err=   0 errRate=  0.00% avg=   32.72 min=   12.89 max=  798.07 p50=   14.36 p95=  143.47 p99=  221.54 rps=  12.25
  s2s.crud.fetchFilms                           n=    2 err=   0 errRate=  0.00% avg=  157.85 min=   97.28 max=  218.42 p50=  157.85 p95=  212.36 p99=  217.21 rps=   0.03

2026-05-06T21:00:56.191Z  INFO 1 --- [lab8-additional-service] [   scheduling-1] r.h.l.a.o.ObservabilityService           : [lab8-additional-service] observability refresh
window 10s
  calc.additional.maxViewersSummary             n=  165 err=   0 errRate=  0.00% avg=   17.17 min=   12.92 max=   70.34 p50=   14.26 p95=   22.87 p99=   66.51 rps=  16.50
  controller.AnalyticsController.maxViewersSummary n=  165 err=   0 errRate=  0.00% avg=   17.34 min=   13.01 max=   70.50 p50=   14.44 p95=   23.02 p99=   66.70 rps=  16.50
  s2s.crud.fetchAllTickets                      n=  165 err=   0 errRate=  0.00% avg=   17.10 min=   12.89 max=   70.29 p50=   14.03 p95=   22.73 p99=   66.46 rps=  16.50
window 30s
  calc.additional.maxViewersSummary             n=  506 err=   0 errRate=  0.00% avg=   17.78 min=   12.92 max=  113.96 p50=   14.17 p95=   23.98 p99=   70.19 rps=  16.87
  controller.AnalyticsController.maxViewersSummary n=  506 err=   0 errRate=  0.00% avg=   17.95 min=   13.01 max=  114.07 p50=   14.33 p95=   24.22 p99=   70.34 rps=  16.87
  s2s.crud.fetchAllTickets                      n=  506 err=   0 errRate=  0.00% avg=   17.51 min=   12.89 max=   87.65 p50=   14.03 p95=   23.84 p99=   67.06 rps=  16.87
  s2s.crud.fetchFilms                           n=    1 err=   0 errRate=  0.00% avg=   97.28 min=   97.28 max=   97.28 p50=   97.28 p95=   97.28 p99=   97.28 rps=   0.03
window 1m
  calc.additional.maxViewersSummary             n=  727 err=   0 errRate=  0.00% avg=   33.40 min=   12.92 max=  798.10 p50=   14.46 p95=  144.04 p99=  222.82 rps=  12.12
  controller.AnalyticsController.maxViewersSummary n=  727 err=   0 errRate=  0.00% avg=   33.59 min=   13.01 max=  798.19 p50=   14.64 p95=  144.39 p99=  222.95 rps=  12.12
  s2s.crud.fetchAllTickets                      n=  727 err=   0 errRate=  0.00% avg=   32.90 min=   12.89 max=  798.07 p50=   14.38 p95=  143.98 p99=  221.74 rps=  12.12
  s2s.crud.fetchFilms                           n=    2 err=   0 errRate=  0.00% avg=  157.85 min=   97.28 max=  218.42 p50=  157.85 p95=  212.36 p99=  217.21 rps=   0.03

2026-05-06T21:00:57.192Z  INFO 1 --- [lab8-additional-service] [   scheduling-1] r.h.l.a.o.ObservabilityService           : [lab8-additional-service] observability refresh
window 10s
  calc.additional.maxViewersSummary             n=  172 err=   0 errRate=  0.00% avg=   17.09 min=   12.92 max=   70.34 p50=   14.26 p95=   22.12 p99=   66.46 rps=  17.20
  controller.AnalyticsController.maxViewersSummary n=  172 err=   0 errRate=  0.00% avg=   17.26 min=   13.01 max=   70.50 p50=   14.41 p95=   22.31 p99=   66.64 rps=  17.20
  s2s.crud.fetchAllTickets                      n=  172 err=   0 errRate=  0.00% avg=   17.02 min=   12.89 max=   70.29 p50=   14.10 p95=   22.02 p99=   66.41 rps=  17.20
window 30s
  calc.additional.maxViewersSummary             n=  515 err=   0 errRate=  0.00% avg=   16.92 min=   12.92 max=  113.96 p50=   14.10 p95=   22.17 p99=   65.76 rps=  17.17
  controller.AnalyticsController.maxViewersSummary n=  515 err=   0 errRate=  0.00% avg=   17.09 min=   13.01 max=  114.07 p50=   14.31 p95=   22.33 p99=   65.92 rps=  17.17
  s2s.crud.fetchAllTickets                      n=  515 err=   0 errRate=  0.00% avg=   16.65 min=   12.89 max=   78.71 p50=   14.03 p95=   22.10 p99=   58.99 rps=  17.17
  s2s.crud.fetchFilms                           n=    1 err=   0 errRate=  0.00% avg=   97.28 min=   97.28 max=   97.28 p50=   97.28 p95=   97.28 p99=   97.28 rps=   0.03
window 1m
  calc.additional.maxViewersSummary             n=  724 err=   0 errRate=  0.00% avg=   33.52 min=   12.92 max=  798.10 p50=   14.50 p95=  144.23 p99=  222.83 rps=  12.07
  controller.AnalyticsController.maxViewersSummary n=  724 err=   0 errRate=  0.00% avg=   33.70 min=   13.01 max=  798.19 p50=   14.72 p95=  144.59 p99=  222.96 rps=  12.07
  s2s.crud.fetchAllTickets                      n=  724 err=   0 errRate=  0.00% avg=   33.02 min=   12.89 max=  798.07 p50=   14.42 p95=  144.17 p99=  221.81 rps=  12.07
  s2s.crud.fetchFilms                           n=    2 err=   0 errRate=  0.00% avg=  157.85 min=   97.28 max=  218.42 p50=  157.85 p95=  212.36 p99=  217.21 rps=   0.03

2026-05-06T21:00:58.193Z  INFO 1 --- [lab8-additional-service] [   scheduling-1] r.h.l.a.o.ObservabilityService           : [lab8-additional-service] observability refresh
window 10s
  calc.additional.maxViewersSummary             n=  171 err=   0 errRate=  0.00% avg=   16.97 min=   12.94 max=   70.34 p50=   13.93 p95=   20.92 p99=   66.47 rps=  17.10
  controller.AnalyticsController.maxViewersSummary n=  171 err=   0 errRate=  0.00% avg=   17.13 min=   13.04 max=   70.50 p50=   14.14 p95=   21.14 p99=   66.65 rps=  17.10
  s2s.crud.fetchAllTickets                      n=  171 err=   0 errRate=  0.00% avg=   16.90 min=   12.90 max=   70.29 p50=   13.84 p95=   20.87 p99=   66.42 rps=  17.10
window 30s
  calc.additional.maxViewersSummary             n=  512 err=   0 errRate=  0.00% avg=   16.94 min=   12.92 max=  113.96 p50=   14.09 p95=   22.17 p99=   65.87 rps=  17.07
  controller.AnalyticsController.maxViewersSummary n=  512 err=   0 errRate=  0.00% avg=   17.10 min=   13.01 max=  114.07 p50=   14.30 p95=   22.34 p99=   66.02 rps=  17.07
  s2s.crud.fetchAllTickets                      n=  512 err=   0 errRate=  0.00% avg=   16.67 min=   12.89 max=   78.71 p50=   14.02 p95=   22.10 p99=   59.77 rps=  17.07
  s2s.crud.fetchFilms                           n=    1 err=   0 errRate=  0.00% avg=   97.28 min=   97.28 max=   97.28 p50=   97.28 p95=   97.28 p99=   97.28 rps=   0.03
window 1m
  calc.additional.maxViewersSummary             n=  730 err=   0 errRate=  0.00% avg=   33.40 min=   12.92 max=  798.10 p50=   14.51 p95=  143.85 p99=  222.80 rps=  12.17
  controller.AnalyticsController.maxViewersSummary n=  730 err=   0 errRate=  0.00% avg=   33.58 min=   13.01 max=  798.19 p50=   14.73 p95=  144.20 p99=  222.94 rps=  12.17
  s2s.crud.fetchAllTickets                      n=  730 err=   0 errRate=  0.00% avg=   32.90 min=   12.89 max=  798.07 p50=   14.43 p95=  143.79 p99=  221.66 rps=  12.17
  s2s.crud.fetchFilms                           n=    2 err=   0 errRate=  0.00% avg=  157.85 min=   97.28 max=  218.42 p50=  157.85 p95=  212.36 p99=  217.21 rps=   0.03

2026-05-06T21:00:59.064Z  INFO 1 --- [lab8-additional-service] [   scheduling-1] r.h.l.a.service.FilmCacheService         : film-cache stats: size=310 ttlMs=30000 lastRefreshAtMs=1778101241724 hits=22712 misses=9 refreshes=9
2026-05-06T21:00:59.194Z  INFO 1 --- [lab8-additional-service] [   scheduling-1] r.h.l.a.o.ObservabilityService           : [lab8-additional-service] observability refresh
window 10s
  calc.additional.maxViewersSummary             n=  178 err=   0 errRate=  0.00% avg=   16.17 min=   12.94 max=   66.95 p50=   13.93 p95=   20.69 p99=   23.94 rps=  17.80
  controller.AnalyticsController.maxViewersSummary n=  178 err=   0 errRate=  0.00% avg=   16.34 min=   13.04 max=   67.21 p50=   14.15 p95=   20.89 p99=   24.07 rps=  17.80
  s2s.crud.fetchAllTickets                      n=  178 err=   0 errRate=  0.00% avg=   16.11 min=   12.90 max=   66.90 p50=   13.85 p95=   20.63 p99=   23.80 rps=  17.80
window 30s
  calc.additional.maxViewersSummary             n=  514 err=   0 errRate=  0.00% avg=   16.93 min=   12.92 max=  113.96 p50=   14.17 p95=   22.15 p99=   65.80 rps=  17.13
  controller.AnalyticsController.maxViewersSummary n=  514 err=   0 errRate=  0.00% avg=   17.09 min=   13.01 max=  114.07 p50=   14.36 p95=   22.30 p99=   65.95 rps=  17.13
  s2s.crud.fetchAllTickets                      n=  514 err=   0 errRate=  0.00% avg=   16.66 min=   12.89 max=   78.71 p50=   14.04 p95=   22.06 p99=   59.25 rps=  17.13
  s2s.crud.fetchFilms                           n=    1 err=   0 errRate=  0.00% avg=   97.28 min=   97.28 max=   97.28 p50=   97.28 p95=   97.28 p99=   97.28 rps=   0.03
window 1m
  calc.additional.maxViewersSummary             n=  736 err=   0 errRate=  0.00% avg=   33.16 min=   12.92 max=  798.10 p50=   14.53 p95=  143.46 p99=  222.77 rps=  12.27
  controller.AnalyticsController.maxViewersSummary n=  736 err=   0 errRate=  0.00% avg=   33.34 min=   13.01 max=  798.19 p50=   14.74 p95=  143.81 p99=  222.92 rps=  12.27
  s2s.crud.fetchAllTickets                      n=  736 err=   0 errRate=  0.00% avg=   32.67 min=   12.89 max=  798.07 p50=   14.44 p95=  143.40 p99=  221.52 rps=  12.27
  s2s.crud.fetchFilms                           n=    2 err=   0 errRate=  0.00% avg=  157.85 min=   97.28 max=  218.42 p50=  157.85 p95=  212.36 p99=  217.21 rps=   0.03

2026-05-06T21:01:00.195Z  INFO 1 --- [lab8-additional-service] [   scheduling-1] r.h.l.a.o.ObservabilityService           : [lab8-additional-service] observability refresh
window 10s
  calc.additional.maxViewersSummary             n=  180 err=   0 errRate=  0.00% avg=   16.04 min=   12.94 max=   66.95 p50=   13.86 p95=   20.64 p99=   23.76 rps=  18.00
  controller.AnalyticsController.maxViewersSummary n=  180 err=   0 errRate=  0.00% avg=   16.20 min=   13.04 max=   67.21 p50=   14.05 p95=   20.74 p99=   23.88 rps=  18.00
  s2s.crud.fetchAllTickets                      n=  180 err=   0 errRate=  0.00% avg=   15.98 min=   12.90 max=   66.90 p50=   13.80 p95=   20.60 p99=   23.72 rps=  18.00
window 30s
  calc.additional.maxViewersSummary             n=  521 err=   0 errRate=  0.00% avg=   16.82 min=   12.92 max=  113.96 p50=   14.07 p95=   22.06 p99=   65.55 rps=  17.37
  controller.AnalyticsController.maxViewersSummary n=  521 err=   0 errRate=  0.00% avg=   16.98 min=   13.01 max=  114.07 p50=   14.25 p95=   22.18 p99=   65.71 rps=  17.37
  s2s.crud.fetchAllTickets                      n=  521 err=   0 errRate=  0.00% avg=   16.56 min=   12.89 max=   78.71 p50=   14.00 p95=   21.81 p99=   57.43 rps=  17.37
  s2s.crud.fetchFilms                           n=    1 err=   0 errRate=  0.00% avg=   97.28 min=   97.28 max=   97.28 p50=   97.28 p95=   97.28 p99=   97.28 rps=   0.03
window 1m
  calc.additional.maxViewersSummary             n=  738 err=   0 errRate=  0.00% avg=   33.10 min=   12.92 max=  798.10 p50=   14.48 p95=  143.33 p99=  222.76 rps=  12.30
  controller.AnalyticsController.maxViewersSummary n=  738 err=   0 errRate=  0.00% avg=   33.28 min=   13.01 max=  798.19 p50=   14.71 p95=  143.68 p99=  222.91 rps=  12.30
  s2s.crud.fetchAllTickets                      n=  738 err=   0 errRate=  0.00% avg=   32.60 min=   12.89 max=  798.07 p50=   14.40 p95=  143.28 p99=  221.47 rps=  12.30
  s2s.crud.fetchFilms                           n=    2 err=   0 errRate=  0.00% avg=  157.85 min=   97.28 max=  218.42 p50=  157.85 p95=  212.36 p99=  217.21 rps=   0.03

2026-05-06T21:01:01.196Z  INFO 1 --- [lab8-additional-service] [   scheduling-1] r.h.l.a.o.ObservabilityService           : [lab8-additional-service] observability refresh
window 10s
  calc.additional.maxViewersSummary             n=  172 err=   0 errRate=  0.00% avg=   17.83 min=   12.94 max=  178.44 p50=   13.93 p95=   22.73 p99=   82.60 rps=  17.20
  controller.AnalyticsController.maxViewersSummary n=  172 err=   0 errRate=  0.00% avg=   18.00 min=   13.04 max=  178.61 p50=   14.15 p95=   22.94 p99=   82.84 rps=  17.20
  s2s.crud.fetchAllTickets                      n=  172 err=   0 errRate=  0.00% avg=   17.77 min=   12.90 max=  178.39 p50=   13.85 p95=   22.68 p99=   82.55 rps=  17.20
window 30s
  calc.additional.maxViewersSummary             n=  515 err=   0 errRate=  0.00% avg=   17.24 min=   12.92 max=  178.44 p50=   14.07 p95=   22.30 p99=   66.85 rps=  17.17
  controller.AnalyticsController.maxViewersSummary n=  515 err=   0 errRate=  0.00% avg=   17.40 min=   13.01 max=  178.61 p50=   14.24 p95=   22.48 p99=   67.10 rps=  17.17
  s2s.crud.fetchAllTickets                      n=  515 err=   0 errRate=  0.00% avg=   16.98 min=   12.89 max=  178.39 p50=   14.00 p95=   22.11 p99=   65.71 rps=  17.17
  s2s.crud.fetchFilms                           n=    1 err=   0 errRate=  0.00% avg=   97.28 min=   97.28 max=   97.28 p50=   97.28 p95=   97.28 p99=   97.28 rps=   0.03
window 1m
  calc.additional.maxViewersSummary             n=  729 err=   0 errRate=  0.00% avg=   33.70 min=   12.92 max=  798.10 p50=   14.50 p95=  146.28 p99=  222.81 rps=  12.15
  controller.AnalyticsController.maxViewersSummary n=  729 err=   0 errRate=  0.00% avg=   33.88 min=   13.01 max=  798.19 p50=   14.73 p95=  146.52 p99=  222.94 rps=  12.15
  s2s.crud.fetchAllTickets                      n=  729 err=   0 errRate=  0.00% avg=   33.20 min=   12.89 max=  798.07 p50=   14.43 p95=  146.23 p99=  221.69 rps=  12.15
  s2s.crud.fetchFilms                           n=    2 err=   0 errRate=  0.00% avg=  157.85 min=   97.28 max=  218.42 p50=  157.85 p95=  212.36 p99=  217.21 rps=   0.03

2026-05-06T21:01:02.197Z  INFO 1 --- [lab8-additional-service] [   scheduling-1] r.h.l.a.o.ObservabilityService           : [lab8-additional-service] observability refresh
window 10s
  calc.additional.maxViewersSummary             n=  169 err=   0 errRate=  0.00% avg=   17.84 min=   12.94 max=  178.44 p50=   13.88 p95=   22.78 p99=   84.22 rps=  16.90
  controller.AnalyticsController.maxViewersSummary n=  169 err=   0 errRate=  0.00% avg=   18.00 min=   13.04 max=  178.61 p50=   14.08 p95=   22.97 p99=   84.46 rps=  16.90
  s2s.crud.fetchAllTickets                      n=  169 err=   0 errRate=  0.00% avg=   17.78 min=   12.90 max=  178.39 p50=   13.81 p95=   22.73 p99=   84.16 rps=  16.90
window 30s
  calc.additional.maxViewersSummary             n=  508 err=   0 errRate=  0.00% avg=   17.27 min=   12.92 max=  178.44 p50=   14.08 p95=   22.55 p99=   66.90 rps=  16.93
  controller.AnalyticsController.maxViewersSummary n=  508 err=   0 errRate=  0.00% avg=   17.43 min=   13.01 max=  178.61 p50=   14.24 p95=   22.74 p99=   67.15 rps=  16.93
  s2s.crud.fetchAllTickets                      n=  508 err=   0 errRate=  0.00% avg=   17.01 min=   12.89 max=  178.39 p50=   14.00 p95=   22.34 p99=   65.96 rps=  16.93
  s2s.crud.fetchFilms                           n=    1 err=   0 errRate=  0.00% avg=   97.28 min=   97.28 max=   97.28 p50=   97.28 p95=   97.28 p99=   97.28 rps=   0.03
window 1m
  calc.additional.maxViewersSummary             n=  722 err=   0 errRate=  0.00% avg=   33.87 min=   12.92 max=  798.10 p50=   14.50 p95=  147.37 p99=  222.84 rps=  12.03
  controller.AnalyticsController.maxViewersSummary n=  722 err=   0 errRate=  0.00% avg=   34.05 min=   13.01 max=  798.19 p50=   14.72 p95=  147.53 p99=  222.97 rps=  12.03
  s2s.crud.fetchAllTickets                      n=  722 err=   0 errRate=  0.00% avg=   33.36 min=   12.89 max=  798.07 p50=   14.42 p95=  147.31 p99=  221.86 rps=  12.03
  s2s.crud.fetchFilms                           n=    2 err=   0 errRate=  0.00% avg=  157.85 min=   97.28 max=  218.42 p50=  157.85 p95=  212.36 p99=  217.21 rps=   0.03

2026-05-06T21:01:03.198Z  INFO 1 --- [lab8-additional-service] [   scheduling-1] r.h.l.a.o.ObservabilityService           : [lab8-additional-service] observability refresh
window 10s
  calc.additional.maxViewersSummary             n=  166 err=   0 errRate=  0.00% avg=   17.67 min=   12.94 max=  178.44 p50=   13.91 p95=   22.83 p99=   61.52 rps=  16.60
  controller.AnalyticsController.maxViewersSummary n=  166 err=   0 errRate=  0.00% avg=   17.83 min=   13.04 max=  178.61 p50=   14.14 p95=   23.01 p99=   61.69 rps=  16.60
  s2s.crud.fetchAllTickets                      n=  166 err=   0 errRate=  0.00% avg=   17.62 min=   12.90 max=  178.39 p50=   13.84 p95=   22.78 p99=   61.46 rps=  16.60
window 30s
  calc.additional.maxViewersSummary             n=  510 err=   0 errRate=  0.00% avg=   17.27 min=   12.92 max=  178.44 p50=   14.05 p95=   22.76 p99=   66.89 rps=  17.00
  controller.AnalyticsController.maxViewersSummary n=  510 err=   0 errRate=  0.00% avg=   17.43 min=   13.01 max=  178.61 p50=   14.21 p95=   22.96 p99=   67.14 rps=  17.00
  s2s.crud.fetchAllTickets                      n=  510 err=   0 errRate=  0.00% avg=   17.01 min=   12.89 max=  178.39 p50=   13.97 p95=   22.50 p99=   65.89 rps=  17.00
  s2s.crud.fetchFilms                           n=    1 err=   0 errRate=  0.00% avg=   97.28 min=   97.28 max=   97.28 p50=   97.28 p95=   97.28 p99=   97.28 rps=   0.03
window 1m
  calc.additional.maxViewersSummary             n=  716 err=   0 errRate=  0.00% avg=   34.06 min=   12.92 max=  798.10 p50=   14.53 p95=  148.06 p99=  222.87 rps=  11.93
  controller.AnalyticsController.maxViewersSummary n=  716 err=   0 errRate=  0.00% avg=   34.24 min=   13.01 max=  798.19 p50=   14.77 p95=  148.24 p99=  222.99 rps=  11.93
  s2s.crud.fetchAllTickets                      n=  716 err=   0 errRate=  0.00% avg=   33.55 min=   12.89 max=  798.07 p50=   14.45 p95=  148.00 p99=  222.00 rps=  11.93
  s2s.crud.fetchFilms                           n=    2 err=   0 errRate=  0.00% avg=  157.85 min=   97.28 max=  218.42 p50=  157.85 p95=  212.36 p99=  217.21 rps=   0.03

2026-05-06T21:01:04.199Z  INFO 1 --- [lab8-additional-service] [   scheduling-1] r.h.l.a.o.ObservabilityService           : [lab8-additional-service] observability refresh
window 10s
  calc.additional.maxViewersSummary             n=  155 err=   0 errRate=  0.00% avg=   18.38 min=   12.94 max=  178.44 p50=   14.09 p95=   24.82 p99=   87.68 rps=  15.50
  controller.AnalyticsController.maxViewersSummary n=  155 err=   0 errRate=  0.00% avg=   18.54 min=   13.04 max=  178.61 p50=   14.23 p95=   25.00 p99=   87.91 rps=  15.50
  s2s.crud.fetchAllTickets                      n=  155 err=   0 errRate=  0.00% avg=   18.33 min=   12.90 max=  178.39 p50=   14.04 p95=   24.75 p99=   87.62 rps=  15.50
window 30s
  calc.additional.maxViewersSummary             n=  501 err=   0 errRate=  0.00% avg=   17.44 min=   12.92 max=  178.44 p50=   14.07 p95=   23.30 p99=   66.95 rps=  16.70
  controller.AnalyticsController.maxViewersSummary n=  501 err=   0 errRate=  0.00% avg=   17.60 min=   13.01 max=  178.61 p50=   14.24 p95=   23.43 p99=   67.21 rps=  16.70
  s2s.crud.fetchAllTickets                      n=  501 err=   0 errRate=  0.00% avg=   17.18 min=   12.89 max=  178.39 p50=   14.01 p95=   23.14 p99=   66.21 rps=  16.70
  s2s.crud.fetchFilms                           n=    1 err=   0 errRate=  0.00% avg=   97.28 min=   97.28 max=   97.28 p50=   97.28 p95=   97.28 p99=   97.28 rps=   0.03
window 1m
  calc.additional.maxViewersSummary             n=  716 err=   0 errRate=  0.00% avg=   34.04 min=   12.92 max=  798.10 p50=   14.58 p95=  148.06 p99=  222.87 rps=  11.93
  controller.AnalyticsController.maxViewersSummary n=  716 err=   0 errRate=  0.00% avg=   34.22 min=   13.01 max=  798.19 p50=   14.84 p95=  148.24 p99=  222.99 rps=  11.93
  s2s.crud.fetchAllTickets                      n=  716 err=   0 errRate=  0.00% avg=   33.53 min=   12.89 max=  798.07 p50=   14.49 p95=  148.00 p99=  222.00 rps=  11.93
  s2s.crud.fetchFilms                           n=    2 err=   0 errRate=  0.00% avg=  157.85 min=   97.28 max=  218.42 p50=  157.85 p95=  212.36 p99=  217.21 rps=   0.03

2026-05-06T21:01:05.200Z  INFO 1 --- [lab8-additional-service] [   scheduling-1] r.h.l.a.o.ObservabilityService           : [lab8-additional-service] observability refresh
window 10s
  calc.additional.maxViewersSummary             n=  144 err=   0 errRate=  0.00% avg=   21.83 min=   12.94 max=  183.44 p50=   14.23 p95=   29.30 p99=  175.56 rps=  14.40
  controller.AnalyticsController.maxViewersSummary n=  144 err=   0 errRate=  0.00% avg=   21.99 min=   13.04 max=  183.61 p50=   14.47 p95=   29.44 p99=  175.75 rps=  14.40
  s2s.crud.fetchAllTickets                      n=  144 err=   0 errRate=  0.00% avg=   21.78 min=   12.90 max=  183.37 p50=   14.16 p95=   29.24 p99=  175.51 rps=  14.40
window 30s
  calc.additional.maxViewersSummary             n=  490 err=   0 errRate=  0.00% avg=   18.41 min=   12.92 max=  183.44 p50=   14.11 p95=   23.80 p99=  114.73 rps=  16.33
  controller.AnalyticsController.maxViewersSummary n=  490 err=   0 errRate=  0.00% avg=   18.57 min=   13.01 max=  183.61 p50=   14.26 p95=   23.94 p99=  114.84 rps=  16.33
  s2s.crud.fetchAllTickets                      n=  490 err=   0 errRate=  0.00% avg=   18.14 min=   12.89 max=  183.37 p50=   14.03 p95=   23.55 p99=   75.85 rps=  16.33
  s2s.crud.fetchFilms                           n=    1 err=   0 errRate=  0.00% avg=   97.28 min=   97.28 max=   97.28 p50=   97.28 p95=   97.28 p99=   97.28 rps=   0.03
window 1m
  calc.additional.maxViewersSummary             n=  719 err=   0 errRate=  0.00% avg=   33.78 min=   12.92 max=  798.10 p50=   14.58 p95=  147.10 p99=  222.86 rps=  11.98
  controller.AnalyticsController.maxViewersSummary n=  719 err=   0 errRate=  0.00% avg=   33.96 min=   13.01 max=  798.19 p50=   14.85 p95=  147.25 p99=  222.98 rps=  11.98
  s2s.crud.fetchAllTickets                      n=  719 err=   0 errRate=  0.00% avg=   33.27 min=   12.89 max=  798.07 p50=   14.49 p95=  147.04 p99=  221.93 rps=  11.98
  s2s.crud.fetchFilms                           n=    2 err=   0 errRate=  0.00% avg=  157.85 min=   97.28 max=  218.42 p50=  157.85 p95=  212.36 p99=  217.21 rps=   0.03

2026-05-06T21:01:06.201Z  INFO 1 --- [lab8-additional-service] [   scheduling-1] r.h.l.a.o.ObservabilityService           : [lab8-additional-service] observability refresh
window 10s
  calc.additional.maxViewersSummary             n=  137 err=   0 errRate=  0.00% avg=   27.36 min=   12.94 max=  183.94 p50=   14.50 p95=  147.95 p99=  181.64 rps=  13.70
  controller.AnalyticsController.maxViewersSummary n=  137 err=   0 errRate=  0.00% avg=   27.52 min=   13.04 max=  184.12 p50=   14.71 p95=  148.11 p99=  181.81 rps=  13.70
  s2s.crud.fetchAllTickets                      n=  137 err=   0 errRate=  0.00% avg=   27.31 min=   12.90 max=  183.89 p50=   14.46 p95=  147.90 p99=  181.58 rps=  13.70
window 30s
  calc.additional.maxViewersSummary             n=  472 err=   0 errRate=  0.00% avg=   20.06 min=   12.92 max=  183.94 p50=   14.17 p95=   24.54 p99=  159.87 rps=  15.73
  controller.AnalyticsController.maxViewersSummary n=  472 err=   0 errRate=  0.00% avg=   20.22 min=   13.01 max=  184.12 p50=   14.39 p95=   24.86 p99=  160.17 rps=  15.73
  s2s.crud.fetchAllTickets                      n=  472 err=   0 errRate=  0.00% avg=   19.78 min=   12.89 max=  183.89 p50=   14.08 p95=   24.38 p99=  159.83 rps=  15.73
  s2s.crud.fetchFilms                           n=    1 err=   0 errRate=  0.00% avg=   97.28 min=   97.28 max=   97.28 p50=   97.28 p95=   97.28 p99=   97.28 rps=   0.03
window 1m
  calc.additional.maxViewersSummary             n=  719 err=   0 errRate=  0.00% avg=   33.85 min=   12.92 max=  798.10 p50=   14.58 p95=  147.74 p99=  222.86 rps=  11.98
  controller.AnalyticsController.maxViewersSummary n=  719 err=   0 errRate=  0.00% avg=   34.03 min=   13.01 max=  798.19 p50=   14.85 p95=  147.90 p99=  222.98 rps=  11.98
  s2s.crud.fetchAllTickets                      n=  719 err=   0 errRate=  0.00% avg=   33.35 min=   12.89 max=  798.07 p50=   14.49 p95=  147.68 p99=  221.93 rps=  11.98
  s2s.crud.fetchFilms                           n=    2 err=   0 errRate=  0.00% avg=  157.85 min=   97.28 max=  218.42 p50=  157.85 p95=  212.36 p99=  217.21 rps=   0.03

2026-05-06T21:01:07.202Z  INFO 1 --- [lab8-additional-service] [   scheduling-1] r.h.l.a.o.ObservabilityService           : [lab8-additional-service] observability refresh
window 10s
  calc.additional.maxViewersSummary             n=  123 err=   0 errRate=  0.00% avg=   33.96 min=   12.94 max=  389.49 p50=   14.75 p95=  159.96 p99=  190.31 rps=  12.30
  controller.AnalyticsController.maxViewersSummary n=  123 err=   0 errRate=  0.00% avg=   34.13 min=   13.04 max=  389.71 p50=   14.91 p95=  160.22 p99=  190.51 rps=  12.30
  s2s.crud.fetchAllTickets                      n=  123 err=   0 errRate=  0.00% avg=   33.91 min=   12.90 max=  389.43 p50=   14.68 p95=  159.91 p99=  190.25 rps=  12.30
window 30s
  calc.additional.maxViewersSummary             n=  457 err=   0 errRate=  0.00% avg=   21.62 min=   12.92 max=  389.49 p50=   14.20 p95=   28.23 p99=  174.69 rps=  15.23
  controller.AnalyticsController.maxViewersSummary n=  457 err=   0 errRate=  0.00% avg=   21.79 min=   13.01 max=  389.71 p50=   14.41 p95=   28.33 p99=  174.89 rps=  15.23
  s2s.crud.fetchAllTickets                      n=  457 err=   0 errRate=  0.00% avg=   21.33 min=   12.89 max=  389.43 p50=   14.11 p95=   26.38 p99=  174.64 rps=  15.23
  s2s.crud.fetchFilms                           n=    1 err=   0 errRate=  0.00% avg=   97.28 min=   97.28 max=   97.28 p50=   97.28 p95=   97.28 p99=   97.28 rps=   0.03
window 1m
  calc.additional.maxViewersSummary             n=  718 err=   0 errRate=  0.00% avg=   34.29 min=   12.92 max=  798.10 p50=   14.58 p95=  152.80 p99=  227.56 rps=  11.97
  controller.AnalyticsController.maxViewersSummary n=  718 err=   0 errRate=  0.00% avg=   34.47 min=   13.01 max=  798.19 p50=   14.84 p95=  153.00 p99=  227.70 rps=  11.97
  s2s.crud.fetchAllTickets                      n=  718 err=   0 errRate=  0.00% avg=   33.78 min=   12.89 max=  798.07 p50=   14.49 p95=  152.74 p99=  222.82 rps=  11.97
  s2s.crud.fetchFilms                           n=    2 err=   0 errRate=  0.00% avg=  157.85 min=   97.28 max=  218.42 p50=  157.85 p95=  212.36 p99=  217.21 rps=   0.03

2026-05-06T21:01:08.204Z  INFO 1 --- [lab8-additional-service] [   scheduling-1] r.h.l.a.o.ObservabilityService           : [lab8-additional-service] observability refresh
window 10s
  calc.additional.maxViewersSummary             n=  110 err=   0 errRate=  0.00% avg=   40.46 min=   13.01 max=  389.49 p50=   15.32 p95=  168.47 p99=  191.37 rps=  11.00
  controller.AnalyticsController.maxViewersSummary n=  110 err=   0 errRate=  0.00% avg=   40.63 min=   13.12 max=  389.71 p50=   15.44 p95=  168.69 p99=  191.57 rps=  11.00
  s2s.crud.fetchAllTickets                      n=  110 err=   0 errRate=  0.00% avg=   40.41 min=   12.97 max=  389.43 p50=   15.28 p95=  168.42 p99=  191.31 rps=  11.00
window 30s
  calc.additional.maxViewersSummary             n=  443 err=   0 errRate=  0.00% avg=   22.93 min=   12.92 max=  389.49 p50=   14.28 p95=   62.37 p99=  175.63 rps=  14.77
  controller.AnalyticsController.maxViewersSummary n=  443 err=   0 errRate=  0.00% avg=   23.09 min=   13.01 max=  389.71 p50=   14.49 p95=   62.57 p99=  175.82 rps=  14.77
  s2s.crud.fetchAllTickets                      n=  443 err=   0 errRate=  0.00% avg=   22.63 min=   12.89 max=  389.43 p50=   14.20 p95=   57.04 p99=  175.58 rps=  14.77
  s2s.crud.fetchFilms                           n=    1 err=   0 errRate=  0.00% avg=   97.28 min=   97.28 max=   97.28 p50=   97.28 p95=   97.28 p99=   97.28 rps=   0.03
window 1m
  calc.additional.maxViewersSummary             n=  720 err=   0 errRate=  0.00% avg=   34.37 min=   12.92 max=  798.10 p50=   14.60 p95=  149.75 p99=  227.44 rps=  12.00
  controller.AnalyticsController.maxViewersSummary n=  720 err=   0 errRate=  0.00% avg=   34.55 min=   13.01 max=  798.19 p50=   14.88 p95=  150.01 p99=  227.59 rps=  12.00
  s2s.crud.fetchAllTickets                      n=  720 err=   0 errRate=  0.00% avg=   33.86 min=   12.89 max=  798.07 p50=   14.51 p95=  149.70 p99=  222.81 rps=  12.00
  s2s.crud.fetchFilms                           n=    2 err=   0 errRate=  0.00% avg=  157.85 min=   97.28 max=  218.42 p50=  157.85 p95=  212.36 p99=  217.21 rps=   0.03

2026-05-06T21:01:09.064Z  INFO 1 --- [lab8-additional-service] [   scheduling-1] r.h.l.a.service.FilmCacheService         : film-cache stats: size=310 ttlMs=30000 lastRefreshAtMs=1778101241724 hits=22811 misses=9 refreshes=9
2026-05-06T21:01:09.205Z  INFO 1 --- [lab8-additional-service] [   scheduling-1] r.h.l.a.o.ObservabilityService           : [lab8-additional-service] observability refresh
window 10s
  calc.additional.maxViewersSummary             n=   97 err=   0 errRate=  0.00% avg=   56.48 min=   13.01 max=  432.28 p50=   19.76 p95=  183.54 p99=  393.21 rps=   9.70
  controller.AnalyticsController.maxViewersSummary n=   97 err=   0 errRate=  0.00% avg=   56.64 min=   13.12 max=  432.50 p50=   19.89 p95=  183.71 p99=  393.37 rps=   9.70
  s2s.crud.fetchAllTickets                      n=   97 err=   0 errRate=  0.00% avg=   56.43 min=   12.97 max=  432.22 p50=   19.72 p95=  183.47 p99=  393.16 rps=   9.70
window 30s
  calc.additional.maxViewersSummary             n=  437 err=   0 errRate=  0.00% avg=   25.88 min=   12.92 max=  432.28 p50=   14.31 p95=   95.77 p99=  183.76 rps=  14.57
  controller.AnalyticsController.maxViewersSummary n=  437 err=   0 errRate=  0.00% avg=   26.05 min=   13.01 max=  432.50 p50=   14.56 p95=   95.92 p99=  183.94 rps=  14.57
  s2s.crud.fetchAllTickets                      n=  437 err=   0 errRate=  0.00% avg=   25.59 min=   12.89 max=  432.22 p50=   14.24 p95=   85.37 p99=  183.70 rps=  14.57
  s2s.crud.fetchFilms                           n=    1 err=   0 errRate=  0.00% avg=   97.28 min=   97.28 max=   97.28 p50=   97.28 p95=   97.28 p99=   97.28 rps=   0.03
window 1m
  calc.additional.maxViewersSummary             n=  727 err=   0 errRate=  0.00% avg=   35.74 min=   12.92 max=  798.10 p50=   14.73 p95=  157.35 p99=  330.66 rps=  12.12
  controller.AnalyticsController.maxViewersSummary n=  727 err=   0 errRate=  0.00% avg=   35.92 min=   13.01 max=  798.19 p50=   14.93 p95=  157.63 p99=  331.05 rps=  12.12
  s2s.crud.fetchAllTickets                      n=  727 err=   0 errRate=  0.00% avg=   35.23 min=   12.89 max=  798.07 p50=   14.60 p95=  157.31 p99=  241.03 rps=  12.12
  s2s.crud.fetchFilms                           n=    2 err=   0 errRate=  0.00% avg=  157.85 min=   97.28 max=  218.42 p50=  157.85 p95=  212.36 p99=  217.21 rps=   0.03

2026-05-06T21:01:10.206Z  INFO 1 --- [lab8-additional-service] [   scheduling-1] r.h.l.a.o.ObservabilityService           : [lab8-additional-service] observability refresh
window 10s
  calc.additional.maxViewersSummary             n=   81 err=   0 errRate=  0.00% avg=   68.72 min=   13.17 max=  432.28 p50=   21.00 p95=  183.94 p99=  399.72 rps=   8.10
  controller.AnalyticsController.maxViewersSummary n=   81 err=   0 errRate=  0.00% avg=   68.89 min=   13.28 max=  432.50 p50=   21.26 p95=  184.12 p99=  399.89 rps=   8.10
  s2s.crud.fetchAllTickets                      n=   81 err=   0 errRate=  0.00% avg=   68.67 min=   13.12 max=  432.22 p50=   20.97 p95=  183.89 p99=  399.67 rps=   8.10
window 30s
  calc.additional.maxViewersSummary             n=  421 err=   0 errRate=  0.00% avg=   27.02 min=   12.92 max=  432.28 p50=   14.40 p95=  106.24 p99=  183.84 rps=  14.03
  controller.AnalyticsController.maxViewersSummary n=  421 err=   0 errRate=  0.00% avg=   27.19 min=   13.01 max=  432.50 p50=   14.60 p95=  106.40 p99=  184.02 rps=  14.03
  s2s.crud.fetchAllTickets                      n=  421 err=   0 errRate=  0.00% avg=   26.72 min=   12.89 max=  432.22 p50=   14.30 p95=  103.55 p99=  183.78 rps=  14.03
  s2s.crud.fetchFilms                           n=    1 err=   0 errRate=  0.00% avg=   97.28 min=   97.28 max=   97.28 p50=   97.28 p95=   97.28 p99=   97.28 rps=   0.03
window 1m
  calc.additional.maxViewersSummary             n=  731 err=   0 errRate=  0.00% avg=   36.07 min=   12.92 max=  798.10 p50=   14.76 p95=  159.81 p99=  326.06 rps=  12.18
  controller.AnalyticsController.maxViewersSummary n=  731 err=   0 errRate=  0.00% avg=   36.25 min=   13.01 max=  798.19 p50=   14.95 p95=  160.06 p99=  326.44 rps=  12.18
  s2s.crud.fetchAllTickets                      n=  731 err=   0 errRate=  0.00% avg=   35.57 min=   12.89 max=  798.07 p50=   14.67 p95=  159.77 p99=  240.35 rps=  12.18
  s2s.crud.fetchFilms                           n=    2 err=   0 errRate=  0.00% avg=  157.85 min=   97.28 max=  218.42 p50=  157.85 p95=  212.36 p99=  217.21 rps=   0.03

2026-05-06T21:01:11.207Z  INFO 1 --- [lab8-additional-service] [   scheduling-1] r.h.l.a.o.ObservabilityService           : [lab8-additional-service] observability refresh
window 10s
  calc.additional.maxViewersSummary             n=   79 err=   0 errRate=  0.00% avg=   74.63 min=   13.17 max=  432.28 p50=   21.26 p95=  184.76 p99=  400.53 rps=   7.90
  controller.AnalyticsController.maxViewersSummary n=   79 err=   0 errRate=  0.00% avg=   74.80 min=   13.28 max=  432.50 p50=   21.44 p95=  184.94 p99=  400.71 rps=   7.90
  s2s.crud.fetchAllTickets                      n=   79 err=   0 errRate=  0.00% avg=   74.58 min=   13.12 max=  432.22 p50=   21.21 p95=  184.70 p99=  400.48 rps=   7.90
window 30s
  calc.additional.maxViewersSummary             n=  411 err=   0 errRate=  0.00% avg=   28.75 min=   12.92 max=  432.28 p50=   14.43 p95=  122.56 p99=  183.89 rps=  13.70
  controller.AnalyticsController.maxViewersSummary n=  411 err=   0 errRate=  0.00% avg=   28.91 min=   13.01 max=  432.50 p50=   14.64 p95=  122.73 p99=  184.07 rps=  13.70
  s2s.crud.fetchAllTickets                      n=  411 err=   0 errRate=  0.00% avg=   28.43 min=   12.89 max=  432.22 p50=   14.35 p95=  122.51 p99=  183.83 rps=  13.70
  s2s.crud.fetchFilms                           n=    1 err=   0 errRate=  0.00% avg=   97.28 min=   97.28 max=   97.28 p50=   97.28 p95=   97.28 p99=   97.28 rps=   0.03
window 1m
  calc.additional.maxViewersSummary             n=  733 err=   0 errRate=  0.00% avg=   34.52 min=   12.92 max=  590.84 p50=   14.80 p95=  159.40 p99=  226.72 rps=  12.22
  controller.AnalyticsController.maxViewersSummary n=  733 err=   0 errRate=  0.00% avg=   34.70 min=   13.01 max=  590.98 p50=   14.96 p95=  159.57 p99=  226.86 rps=  12.22
  s2s.crud.fetchAllTickets                      n=  733 err=   0 errRate=  0.00% avg=   34.02 min=   12.89 max=  590.79 p50=   14.68 p95=  159.35 p99=  222.74 rps=  12.22
  s2s.crud.fetchFilms                           n=    2 err=   0 errRate=  0.00% avg=  157.85 min=   97.28 max=  218.42 p50=  157.85 p95=  212.36 p99=  217.21 rps=   0.03

2026-05-06T21:01:12.211Z  INFO 1 --- [lab8-additional-service] [   scheduling-1] r.h.l.a.o.ObservabilityService           : [lab8-additional-service] observability refresh
window 10s
  calc.additional.maxViewersSummary             n=   64 err=   0 errRate=  0.00% avg=   88.42 min=   13.28 max=  432.28 p50=   59.23 p95=  190.88 p99=  406.64 rps=   6.40
  controller.AnalyticsController.maxViewersSummary n=   64 err=   0 errRate=  0.00% avg=   88.59 min=   13.41 max=  432.50 p50=   59.42 p95=  191.08 p99=  406.82 rps=   6.40
  controller.ObservabilityController.getStats   n=    1 err=   0 errRate=  0.00% avg=    8.23 min=    8.23 max=    8.23 p50=    8.23 p95=    8.23 p99=    8.23 rps=   0.10
  s2s.crud.fetchAllTickets                      n=   64 err=   0 errRate=  0.00% avg=   88.36 min=   13.23 max=  432.22 p50=   59.18 p95=  190.82 p99=  406.59 rps=   6.40
window 30s
  calc.additional.maxViewersSummary             n=  394 err=   0 errRate=  0.00% avg=   29.07 min=   12.92 max=  432.28 p50=   14.49 p95=  130.83 p99=  184.51 rps=  13.13
  controller.AnalyticsController.maxViewersSummary n=  394 err=   0 errRate=  0.00% avg=   29.24 min=   13.01 max=  432.50 p50=   14.71 p95=  130.97 p99=  184.69 rps=  13.13
  controller.ObservabilityController.getStats   n=    1 err=   0 errRate=  0.00% avg=    8.23 min=    8.23 max=    8.23 p50=    8.23 p95=    8.23 p99=    8.23 rps=   0.03
  s2s.crud.fetchAllTickets                      n=  394 err=   0 errRate=  0.00% avg=   29.01 min=   12.89 max=  432.22 p50=   14.40 p95=  130.77 p99=  184.46 rps=  13.13
window 1m
  calc.additional.maxViewersSummary             n=  726 err=   0 errRate=  0.00% avg=   32.14 min=   12.92 max=  432.28 p50=   14.73 p95=  146.29 p99=  214.37 rps=  12.10
  controller.AnalyticsController.maxViewersSummary n=  726 err=   0 errRate=  0.00% avg=   32.32 min=   13.01 max=  432.50 p50=   14.93 p95=  146.44 p99=  214.89 rps=  12.10
  controller.ObservabilityController.getStats   n=    1 err=   0 errRate=  0.00% avg=    8.23 min=    8.23 max=    8.23 p50=    8.23 p95=    8.23 p99=    8.23 rps=   0.02
  s2s.crud.fetchAllTickets                      n=  726 err=   0 errRate=  0.00% avg=   31.94 min=   12.89 max=  432.22 p50=   14.59 p95=  146.24 p99=  214.31 rps=  12.10
  s2s.crud.fetchFilms                           n=    1 err=   0 errRate=  0.00% avg=   97.28 min=   97.28 max=   97.28 p50=   97.28 p95=   97.28 p99=   97.28 rps=   0.02

