Picked up JAVA_TOOL_OPTIONS: 

  .   ____          _            __ _ _
 /\\ / ___'_ __ _ _(_)_ __  __ _ \ \ \ \
( ( )\___ | '_ | '_| | '_ \/ _` | \ \ \ \
 \\/  ___)| |_)| | | | | || (_| |  ) ) ) )
  '  |____| .__|_| |_|_| |_\__, | / / / /
 =========|_|==============|___/=/_/_/_/

 :: Spring Boot ::                (v4.0.3)

2026-05-06T20:47:03.952Z  INFO 1 --- [lab8-additional-service] [           main] r.h.l.a.AdditionalServiceApplication     : Starting AdditionalServiceApplication v1.0-SNAPSHOT using Java 25.0.3 with PID 1 (/app/app.jar started by spring in /app)
2026-05-06T20:47:03.964Z  INFO 1 --- [lab8-additional-service] [           main] r.h.l.a.AdditionalServiceApplication     : No active profile set, falling back to 1 default profile: "default"
2026-05-06T20:47:07.362Z  INFO 1 --- [lab8-additional-service] [           main] o.s.boot.tomcat.TomcatWebServer          : Tomcat initialized with port 8081 (http)
2026-05-06T20:47:07.468Z  INFO 1 --- [lab8-additional-service] [           main] o.apache.catalina.core.StandardService   : Starting service [Tomcat]
2026-05-06T20:47:07.469Z  INFO 1 --- [lab8-additional-service] [           main] o.apache.catalina.core.StandardEngine    : Starting Servlet engine: [Apache Tomcat/11.0.18]
2026-05-06T20:47:07.716Z  INFO 1 --- [lab8-additional-service] [           main] b.w.c.s.WebApplicationContextInitializer : Root WebApplicationContext: initialization completed in 3544 ms
2026-05-06T20:47:09.972Z  INFO 1 --- [lab8-additional-service] [           main] o.s.boot.tomcat.TomcatWebServer          : Tomcat started on port 8081 (http) with context path '/'
2026-05-06T20:47:10.023Z  INFO 1 --- [lab8-additional-service] [   scheduling-1] r.h.l.a.service.FilmCacheService         : film-cache stats: size=0 ttlMs=30000 lastRefreshAtMs=0 hits=0 misses=0 refreshes=0
2026-05-06T20:47:10.031Z  INFO 1 --- [lab8-additional-service] [           main] r.h.l.a.AdditionalServiceApplication     : Started AdditionalServiceApplication in 7.566 seconds (process running for 9.131)
2026-05-06T20:47:19.999Z  INFO 1 --- [lab8-additional-service] [   scheduling-1] r.h.l.a.service.FilmCacheService         : film-cache stats: size=0 ttlMs=30000 lastRefreshAtMs=0 hits=0 misses=0 refreshes=0
2026-05-06T20:47:26.208Z  INFO 1 --- [lab8-additional-service] [nio-8081-exec-1] o.a.c.c.C.[Tomcat].[localhost].[/]       : Initializing Spring DispatcherServlet 'dispatcherServlet'
2026-05-06T20:47:26.209Z  INFO 1 --- [lab8-additional-service] [nio-8081-exec-1] o.s.web.servlet.DispatcherServlet        : Initializing Servlet 'dispatcherServlet'
2026-05-06T20:47:26.223Z  INFO 1 --- [lab8-additional-service] [nio-8081-exec-1] o.s.web.servlet.DispatcherServlet        : Completed initialization in 1 ms
2026-05-06T20:47:27.056Z  INFO 1 --- [lab8-additional-service] [   scheduling-1] r.h.l.a.o.ObservabilityService           : [lab8-additional-service] observability refresh
window 10s
  controller.ObservabilityController.getStats   n=    1 err=   0 errRate=  0.00% avg=  142.17 min=  142.17 max=  142.17 p50=  142.17 p95=  142.17 p99=  142.17 rps=   0.10
window 30s
  controller.ObservabilityController.getStats   n=    1 err=   0 errRate=  0.00% avg=  142.17 min=  142.17 max=  142.17 p50=  142.17 p95=  142.17 p99=  142.17 rps=   0.03
window 1m
  controller.ObservabilityController.getStats   n=    1 err=   0 errRate=  0.00% avg=  142.17 min=  142.17 max=  142.17 p50=  142.17 p95=  142.17 p99=  142.17 rps=   0.02

2026-05-06T20:47:28.073Z  INFO 1 --- [lab8-additional-service] [   scheduling-1] r.h.l.a.o.ObservabilityService           : [lab8-additional-service] observability refresh
window 10s
  calc.additional.maxViewersSummary             n=   30 err=   0 errRate=  0.00% avg= 1023.75 min=  982.59 max= 1087.79 p50= 1006.25 p95= 1084.46 p99= 1087.54 rps=   3.00
  controller.AnalyticsController.maxViewersSummary n=   30 err=   0 errRate=  0.00% avg= 1185.94 min= 1099.96 max= 1267.49 p50= 1201.37 p95= 1248.84 p99= 1262.99 rps=   3.00
  controller.ObservabilityController.getStats   n=    1 err=   0 errRate=  0.00% avg=  142.17 min=  142.17 max=  142.17 p50=  142.17 p95=  142.17 p99=  142.17 rps=   0.10
  s2s.crud.fetchAllTickets                      n=   30 err=   0 errRate=  0.00% avg=  131.70 min=   82.21 max=  196.94 p50=  113.18 p95=  189.49 p99=  195.23 rps=   3.00
  s2s.crud.fetchFilms                           n=    1 err=   0 errRate=  0.00% avg=  848.45 min=  848.45 max=  848.45 p50=  848.45 p95=  848.45 p99=  848.45 rps=   0.10
window 30s
  calc.additional.maxViewersSummary             n=   30 err=   0 errRate=  0.00% avg= 1023.75 min=  982.59 max= 1087.79 p50= 1006.25 p95= 1084.46 p99= 1087.54 rps=   1.00
  controller.AnalyticsController.maxViewersSummary n=   30 err=   0 errRate=  0.00% avg= 1185.94 min= 1099.96 max= 1267.49 p50= 1201.37 p95= 1248.84 p99= 1262.99 rps=   1.00
  controller.ObservabilityController.getStats   n=    1 err=   0 errRate=  0.00% avg=  142.17 min=  142.17 max=  142.17 p50=  142.17 p95=  142.17 p99=  142.17 rps=   0.03
  s2s.crud.fetchAllTickets                      n=   30 err=   0 errRate=  0.00% avg=  131.70 min=   82.21 max=  196.94 p50=  113.18 p95=  189.49 p99=  195.23 rps=   1.00
  s2s.crud.fetchFilms                           n=    1 err=   0 errRate=  0.00% avg=  848.45 min=  848.45 max=  848.45 p50=  848.45 p95=  848.45 p99=  848.45 rps=   0.03
window 1m
  calc.additional.maxViewersSummary             n=   30 err=   0 errRate=  0.00% avg= 1023.75 min=  982.59 max= 1087.79 p50= 1006.25 p95= 1084.46 p99= 1087.54 rps=   0.50
  controller.AnalyticsController.maxViewersSummary n=   30 err=   0 errRate=  0.00% avg= 1185.94 min= 1099.96 max= 1267.49 p50= 1201.37 p95= 1248.84 p99= 1262.99 rps=   0.50
  controller.ObservabilityController.getStats   n=    1 err=   0 errRate=  0.00% avg=  142.17 min=  142.17 max=  142.17 p50=  142.17 p95=  142.17 p99=  142.17 rps=   0.02
  s2s.crud.fetchAllTickets                      n=   30 err=   0 errRate=  0.00% avg=  131.70 min=   82.21 max=  196.94 p50=  113.18 p95=  189.49 p99=  195.23 rps=   0.50
  s2s.crud.fetchFilms                           n=    1 err=   0 errRate=  0.00% avg=  848.45 min=  848.45 max=  848.45 p50=  848.45 p95=  848.45 p99=  848.45 rps=   0.02

2026-05-06T20:47:29.106Z  INFO 1 --- [lab8-additional-service] [   scheduling-1] r.h.l.a.o.ObservabilityService           : [lab8-additional-service] observability refresh
window 10s
  calc.additional.maxViewersSummary             n=  156 err=   0 errRate=  0.00% avg=  298.25 min=   47.44 max= 1087.79 p50=  129.44 p95= 1055.06 p99= 1083.91 rps=  15.60
  controller.AnalyticsController.maxViewersSummary n=  156 err=   0 errRate=  0.00% avg=  333.25 min=   54.09 max= 1267.49 p50=  133.59 p95= 1218.75 p99= 1248.14 rps=  15.60
  controller.ObservabilityController.getStats   n=    1 err=   0 errRate=  0.00% avg=  142.17 min=  142.17 max=  142.17 p50=  142.17 p95=  142.17 p99=  142.17 rps=   0.10
  s2s.crud.fetchAllTickets                      n=  156 err=   0 errRate=  0.00% avg=  125.84 min=   33.02 max=  328.97 p50=  112.58 p95=  209.95 p99=  246.14 rps=  15.60
  s2s.crud.fetchFilms                           n=    1 err=   0 errRate=  0.00% avg=  848.45 min=  848.45 max=  848.45 p50=  848.45 p95=  848.45 p99=  848.45 rps=   0.10
window 30s
  calc.additional.maxViewersSummary             n=  156 err=   0 errRate=  0.00% avg=  298.25 min=   47.44 max= 1087.79 p50=  129.44 p95= 1055.06 p99= 1083.91 rps=   5.20
  controller.AnalyticsController.maxViewersSummary n=  156 err=   0 errRate=  0.00% avg=  333.25 min=   54.09 max= 1267.49 p50=  133.59 p95= 1218.75 p99= 1248.14 rps=   5.20
  controller.ObservabilityController.getStats   n=    1 err=   0 errRate=  0.00% avg=  142.17 min=  142.17 max=  142.17 p50=  142.17 p95=  142.17 p99=  142.17 rps=   0.03
  s2s.crud.fetchAllTickets                      n=  156 err=   0 errRate=  0.00% avg=  125.84 min=   33.02 max=  328.97 p50=  112.58 p95=  209.95 p99=  246.14 rps=   5.20
  s2s.crud.fetchFilms                           n=    1 err=   0 errRate=  0.00% avg=  848.45 min=  848.45 max=  848.45 p50=  848.45 p95=  848.45 p99=  848.45 rps=   0.03
window 1m
  calc.additional.maxViewersSummary             n=  156 err=   0 errRate=  0.00% avg=  298.25 min=   47.44 max= 1087.79 p50=  129.44 p95= 1055.06 p99= 1083.91 rps=   2.60
  controller.AnalyticsController.maxViewersSummary n=  156 err=   0 errRate=  0.00% avg=  333.25 min=   54.09 max= 1267.49 p50=  133.59 p95= 1218.75 p99= 1248.14 rps=   2.60
  controller.ObservabilityController.getStats   n=    1 err=   0 errRate=  0.00% avg=  142.17 min=  142.17 max=  142.17 p50=  142.17 p95=  142.17 p99=  142.17 rps=   0.02
  s2s.crud.fetchAllTickets                      n=  156 err=   0 errRate=  0.00% avg=  125.84 min=   33.02 max=  328.97 p50=  112.58 p95=  209.95 p99=  246.14 rps=   2.60
  s2s.crud.fetchFilms                           n=    1 err=   0 errRate=  0.00% avg=  848.45 min=  848.45 max=  848.45 p50=  848.45 p95=  848.45 p99=  848.45 rps=   0.02

2026-05-06T20:47:29.999Z  INFO 1 --- [lab8-additional-service] [   scheduling-1] r.h.l.a.service.FilmCacheService         : film-cache stats: size=310 ttlMs=30000 lastRefreshAtMs=1778100446818 hits=294 misses=1 refreshes=1
2026-05-06T20:47:30.146Z  INFO 1 --- [lab8-additional-service] [   scheduling-1] r.h.l.a.o.ObservabilityService           : [lab8-additional-service] observability refresh
window 10s
  calc.additional.maxViewersSummary             n=  298 err=   0 errRate=  0.00% avg=  209.31 min=   39.32 max= 1087.79 p50=  115.83 p95= 1005.48 p99= 1076.48 rps=  29.80
  controller.AnalyticsController.maxViewersSummary n=  298 err=   0 errRate=  0.00% avg=  228.80 min=   43.07 max= 1267.49 p50=  118.79 p95= 1198.78 p99= 1244.62 rps=  29.80
  controller.ObservabilityController.getStats   n=    1 err=   0 errRate=  0.00% avg=  142.17 min=  142.17 max=  142.17 p50=  142.17 p95=  142.17 p99=  142.17 rps=   0.10
  s2s.crud.fetchAllTickets                      n=  298 err=   0 errRate=  0.00% avg=  118.82 min=   33.02 max=  328.97 p50=  108.98 p95=  194.00 p99=  235.05 rps=  29.80
  s2s.crud.fetchFilms                           n=    1 err=   0 errRate=  0.00% avg=  848.45 min=  848.45 max=  848.45 p50=  848.45 p95=  848.45 p99=  848.45 rps=   0.10
window 30s
  calc.additional.maxViewersSummary             n=  298 err=   0 errRate=  0.00% avg=  209.31 min=   39.32 max= 1087.79 p50=  115.83 p95= 1005.48 p99= 1076.48 rps=   9.93
  controller.AnalyticsController.maxViewersSummary n=  298 err=   0 errRate=  0.00% avg=  228.80 min=   43.07 max= 1267.49 p50=  118.79 p95= 1198.78 p99= 1244.62 rps=   9.93
  controller.ObservabilityController.getStats   n=    1 err=   0 errRate=  0.00% avg=  142.17 min=  142.17 max=  142.17 p50=  142.17 p95=  142.17 p99=  142.17 rps=   0.03
  s2s.crud.fetchAllTickets                      n=  298 err=   0 errRate=  0.00% avg=  118.82 min=   33.02 max=  328.97 p50=  108.98 p95=  194.00 p99=  235.05 rps=   9.93
  s2s.crud.fetchFilms                           n=    1 err=   0 errRate=  0.00% avg=  848.45 min=  848.45 max=  848.45 p50=  848.45 p95=  848.45 p99=  848.45 rps=   0.03
window 1m
  calc.additional.maxViewersSummary             n=  298 err=   0 errRate=  0.00% avg=  209.31 min=   39.32 max= 1087.79 p50=  115.83 p95= 1005.48 p99= 1076.48 rps=   4.97
  controller.AnalyticsController.maxViewersSummary n=  298 err=   0 errRate=  0.00% avg=  228.80 min=   43.07 max= 1267.49 p50=  118.79 p95= 1198.78 p99= 1244.62 rps=   4.97
  controller.ObservabilityController.getStats   n=    1 err=   0 errRate=  0.00% avg=  142.17 min=  142.17 max=  142.17 p50=  142.17 p95=  142.17 p99=  142.17 rps=   0.02
  s2s.crud.fetchAllTickets                      n=  298 err=   0 errRate=  0.00% avg=  118.82 min=   33.02 max=  328.97 p50=  108.98 p95=  194.00 p99=  235.05 rps=   4.97
  s2s.crud.fetchFilms                           n=    1 err=   0 errRate=  0.00% avg=  848.45 min=  848.45 max=  848.45 p50=  848.45 p95=  848.45 p99=  848.45 rps=   0.02

2026-05-06T20:47:31.162Z  INFO 1 --- [lab8-additional-service] [   scheduling-1] r.h.l.a.o.ObservabilityService           : [lab8-additional-service] observability refresh
window 10s
  calc.additional.maxViewersSummary             n=  426 err=   0 errRate=  0.00% avg=  183.14 min=   39.32 max= 1087.79 p50=  118.36 p95=  996.81 p99= 1073.20 rps=  42.60
  controller.AnalyticsController.maxViewersSummary n=  426 err=   0 errRate=  0.00% avg=  197.40 min=   43.07 max= 1267.49 p50=  119.92 p95= 1143.83 p99= 1238.14 rps=  42.60
  controller.ObservabilityController.getStats   n=    1 err=   0 errRate=  0.00% avg=  142.17 min=  142.17 max=  142.17 p50=  142.17 p95=  142.17 p99=  142.17 rps=   0.10
  s2s.crud.fetchAllTickets                      n=  426 err=   0 errRate=  0.00% avg=  119.73 min=   33.02 max=  328.97 p50=  113.48 p95=  189.21 p99=  233.95 rps=  42.60
  s2s.crud.fetchFilms                           n=    1 err=   0 errRate=  0.00% avg=  848.45 min=  848.45 max=  848.45 p50=  848.45 p95=  848.45 p99=  848.45 rps=   0.10
window 30s
  calc.additional.maxViewersSummary             n=  426 err=   0 errRate=  0.00% avg=  183.14 min=   39.32 max= 1087.79 p50=  118.36 p95=  996.81 p99= 1073.20 rps=  14.20
  controller.AnalyticsController.maxViewersSummary n=  426 err=   0 errRate=  0.00% avg=  197.40 min=   43.07 max= 1267.49 p50=  119.92 p95= 1143.83 p99= 1238.14 rps=  14.20
  controller.ObservabilityController.getStats   n=    1 err=   0 errRate=  0.00% avg=  142.17 min=  142.17 max=  142.17 p50=  142.17 p95=  142.17 p99=  142.17 rps=   0.03
  s2s.crud.fetchAllTickets                      n=  426 err=   0 errRate=  0.00% avg=  119.73 min=   33.02 max=  328.97 p50=  113.48 p95=  189.21 p99=  233.95 rps=  14.20
  s2s.crud.fetchFilms                           n=    1 err=   0 errRate=  0.00% avg=  848.45 min=  848.45 max=  848.45 p50=  848.45 p95=  848.45 p99=  848.45 rps=   0.03
window 1m
  calc.additional.maxViewersSummary             n=  426 err=   0 errRate=  0.00% avg=  183.14 min=   39.32 max= 1087.79 p50=  118.36 p95=  996.81 p99= 1073.20 rps=   7.10
  controller.AnalyticsController.maxViewersSummary n=  426 err=   0 errRate=  0.00% avg=  197.40 min=   43.07 max= 1267.49 p50=  119.92 p95= 1143.83 p99= 1238.14 rps=   7.10
  controller.ObservabilityController.getStats   n=    1 err=   0 errRate=  0.00% avg=  142.17 min=  142.17 max=  142.17 p50=  142.17 p95=  142.17 p99=  142.17 rps=   0.02
  s2s.crud.fetchAllTickets                      n=  426 err=   0 errRate=  0.00% avg=  119.73 min=   33.02 max=  328.97 p50=  113.48 p95=  189.21 p99=  233.95 rps=   7.10
  s2s.crud.fetchFilms                           n=    1 err=   0 errRate=  0.00% avg=  848.45 min=  848.45 max=  848.45 p50=  848.45 p95=  848.45 p99=  848.45 rps=   0.02

2026-05-06T20:47:32.171Z  INFO 1 --- [lab8-additional-service] [   scheduling-1] r.h.l.a.o.ObservabilityService           : [lab8-additional-service] observability refresh
window 10s
  calc.additional.maxViewersSummary             n=  573 err=   0 errRate=  0.00% avg=  162.82 min=   25.21 max= 1087.79 p50=  110.71 p95=  983.21 p99= 1067.76 rps=  57.30
  controller.AnalyticsController.maxViewersSummary n=  573 err=   0 errRate=  0.00% avg=  173.77 min=   27.65 max= 1267.49 p50=  112.78 p95= 1100.91 p99= 1228.09 rps=  57.30
  controller.ObservabilityController.getStats   n=    1 err=   0 errRate=  0.00% avg=  142.17 min=  142.17 max=  142.17 p50=  142.17 p95=  142.17 p99=  142.17 rps=   0.10
  s2s.crud.fetchAllTickets                      n=  573 err=   0 errRate=  0.00% avg=  115.62 min=   25.07 max=  328.97 p50=  108.75 p95=  186.77 p99=  232.63 rps=  57.30
  s2s.crud.fetchFilms                           n=    1 err=   0 errRate=  0.00% avg=  848.45 min=  848.45 max=  848.45 p50=  848.45 p95=  848.45 p99=  848.45 rps=   0.10
window 30s
  calc.additional.maxViewersSummary             n=  573 err=   0 errRate=  0.00% avg=  162.82 min=   25.21 max= 1087.79 p50=  110.71 p95=  983.21 p99= 1067.76 rps=  19.10
  controller.AnalyticsController.maxViewersSummary n=  573 err=   0 errRate=  0.00% avg=  173.77 min=   27.65 max= 1267.49 p50=  112.78 p95= 1100.91 p99= 1228.09 rps=  19.10
  controller.ObservabilityController.getStats   n=    1 err=   0 errRate=  0.00% avg=  142.17 min=  142.17 max=  142.17 p50=  142.17 p95=  142.17 p99=  142.17 rps=   0.03
  s2s.crud.fetchAllTickets                      n=  573 err=   0 errRate=  0.00% avg=  115.62 min=   25.07 max=  328.97 p50=  108.75 p95=  186.77 p99=  232.63 rps=  19.10
  s2s.crud.fetchFilms                           n=    1 err=   0 errRate=  0.00% avg=  848.45 min=  848.45 max=  848.45 p50=  848.45 p95=  848.45 p99=  848.45 rps=   0.03
window 1m
  calc.additional.maxViewersSummary             n=  573 err=   0 errRate=  0.00% avg=  162.82 min=   25.21 max= 1087.79 p50=  110.71 p95=  983.21 p99= 1067.76 rps=   9.55
  controller.AnalyticsController.maxViewersSummary n=  573 err=   0 errRate=  0.00% avg=  173.77 min=   27.65 max= 1267.49 p50=  112.78 p95= 1100.91 p99= 1228.09 rps=   9.55
  controller.ObservabilityController.getStats   n=    1 err=   0 errRate=  0.00% avg=  142.17 min=  142.17 max=  142.17 p50=  142.17 p95=  142.17 p99=  142.17 rps=   0.02
  s2s.crud.fetchAllTickets                      n=  573 err=   0 errRate=  0.00% avg=  115.62 min=   25.07 max=  328.97 p50=  108.75 p95=  186.77 p99=  232.63 rps=   9.55
  s2s.crud.fetchFilms                           n=    1 err=   0 errRate=  0.00% avg=  848.45 min=  848.45 max=  848.45 p50=  848.45 p95=  848.45 p99=  848.45 rps=   0.02

2026-05-06T20:47:33.185Z  INFO 1 --- [lab8-additional-service] [   scheduling-1] r.h.l.a.o.ObservabilityService           : [lab8-additional-service] observability refresh
window 10s
  calc.additional.maxViewersSummary             n=  704 err=   0 errRate=  0.00% avg=  156.23 min=   25.21 max= 1087.79 p50=  110.48 p95=  276.49 p99= 1056.34 rps=  70.40
  controller.AnalyticsController.maxViewersSummary n=  704 err=   0 errRate=  0.00% avg=  165.43 min=   27.65 max= 1267.49 p50=  112.73 p95=  278.11 p99= 1220.74 rps=  70.40
  controller.ObservabilityController.getStats   n=    1 err=   0 errRate=  0.00% avg=  142.17 min=  142.17 max=  142.17 p50=  142.17 p95=  142.17 p99=  142.17 rps=   0.10
  s2s.crud.fetchAllTickets                      n=  704 err=   0 errRate=  0.00% avg=  117.79 min=   25.07 max=  328.97 p50=  108.79 p95=  200.46 p99=  256.54 rps=  70.40
  s2s.crud.fetchFilms                           n=    1 err=   0 errRate=  0.00% avg=  848.45 min=  848.45 max=  848.45 p50=  848.45 p95=  848.45 p99=  848.45 rps=   0.10
window 30s
  calc.additional.maxViewersSummary             n=  704 err=   0 errRate=  0.00% avg=  156.23 min=   25.21 max= 1087.79 p50=  110.48 p95=  276.49 p99= 1056.34 rps=  23.47
  controller.AnalyticsController.maxViewersSummary n=  704 err=   0 errRate=  0.00% avg=  165.43 min=   27.65 max= 1267.49 p50=  112.73 p95=  278.11 p99= 1220.74 rps=  23.47
  controller.ObservabilityController.getStats   n=    1 err=   0 errRate=  0.00% avg=  142.17 min=  142.17 max=  142.17 p50=  142.17 p95=  142.17 p99=  142.17 rps=   0.03
  s2s.crud.fetchAllTickets                      n=  704 err=   0 errRate=  0.00% avg=  117.79 min=   25.07 max=  328.97 p50=  108.79 p95=  200.46 p99=  256.54 rps=  23.47
  s2s.crud.fetchFilms                           n=    1 err=   0 errRate=  0.00% avg=  848.45 min=  848.45 max=  848.45 p50=  848.45 p95=  848.45 p99=  848.45 rps=   0.03
window 1m
  calc.additional.maxViewersSummary             n=  704 err=   0 errRate=  0.00% avg=  156.23 min=   25.21 max= 1087.79 p50=  110.48 p95=  276.49 p99= 1056.34 rps=  11.73
  controller.AnalyticsController.maxViewersSummary n=  704 err=   0 errRate=  0.00% avg=  165.43 min=   27.65 max= 1267.49 p50=  112.73 p95=  278.11 p99= 1220.74 rps=  11.73
  controller.ObservabilityController.getStats   n=    1 err=   0 errRate=  0.00% avg=  142.17 min=  142.17 max=  142.17 p50=  142.17 p95=  142.17 p99=  142.17 rps=   0.02
  s2s.crud.fetchAllTickets                      n=  704 err=   0 errRate=  0.00% avg=  117.79 min=   25.07 max=  328.97 p50=  108.79 p95=  200.46 p99=  256.54 rps=  11.73
  s2s.crud.fetchFilms                           n=    1 err=   0 errRate=  0.00% avg=  848.45 min=  848.45 max=  848.45 p50=  848.45 p95=  848.45 p99=  848.45 rps=   0.02

2026-05-06T20:47:34.216Z  INFO 1 --- [lab8-additional-service] [   scheduling-1] r.h.l.a.o.ObservabilityService           : [lab8-additional-service] observability refresh
window 10s
  calc.additional.maxViewersSummary             n=  854 err=   0 errRate=  0.00% avg=  147.20 min=   25.21 max= 1087.79 p50=  108.83 p95=  239.29 p99= 1044.97 rps=  85.40
  controller.AnalyticsController.maxViewersSummary n=  854 err=   0 errRate=  0.00% avg=  154.96 min=   27.65 max= 1267.49 p50=  110.71 p95=  246.08 p99= 1217.62 rps=  85.40
  controller.ObservabilityController.getStats   n=    1 err=   0 errRate=  0.00% avg=  142.17 min=  142.17 max=  142.17 p50=  142.17 p95=  142.17 p99=  142.17 rps=   0.10
  s2s.crud.fetchAllTickets                      n=  855 err=   0 errRate=  0.00% avg=  115.46 min=   25.07 max=  328.97 p50=  107.68 p95=  194.22 p99=  252.89 rps=  85.50
  s2s.crud.fetchFilms                           n=    1 err=   0 errRate=  0.00% avg=  848.45 min=  848.45 max=  848.45 p50=  848.45 p95=  848.45 p99=  848.45 rps=   0.10
window 30s
  calc.additional.maxViewersSummary             n=  854 err=   0 errRate=  0.00% avg=  147.20 min=   25.21 max= 1087.79 p50=  108.83 p95=  239.29 p99= 1044.97 rps=  28.47
  controller.AnalyticsController.maxViewersSummary n=  854 err=   0 errRate=  0.00% avg=  154.96 min=   27.65 max= 1267.49 p50=  110.71 p95=  246.08 p99= 1217.62 rps=  28.47
  controller.ObservabilityController.getStats   n=    1 err=   0 errRate=  0.00% avg=  142.17 min=  142.17 max=  142.17 p50=  142.17 p95=  142.17 p99=  142.17 rps=   0.03
  s2s.crud.fetchAllTickets                      n=  855 err=   0 errRate=  0.00% avg=  115.46 min=   25.07 max=  328.97 p50=  107.68 p95=  194.22 p99=  252.89 rps=  28.50
  s2s.crud.fetchFilms                           n=    1 err=   0 errRate=  0.00% avg=  848.45 min=  848.45 max=  848.45 p50=  848.45 p95=  848.45 p99=  848.45 rps=   0.03
window 1m
  calc.additional.maxViewersSummary             n=  854 err=   0 errRate=  0.00% avg=  147.20 min=   25.21 max= 1087.79 p50=  108.83 p95=  239.29 p99= 1044.97 rps=  14.23
  controller.AnalyticsController.maxViewersSummary n=  854 err=   0 errRate=  0.00% avg=  154.96 min=   27.65 max= 1267.49 p50=  110.71 p95=  246.08 p99= 1217.62 rps=  14.23
  controller.ObservabilityController.getStats   n=    1 err=   0 errRate=  0.00% avg=  142.17 min=  142.17 max=  142.17 p50=  142.17 p95=  142.17 p99=  142.17 rps=   0.02
  s2s.crud.fetchAllTickets                      n=  855 err=   0 errRate=  0.00% avg=  115.46 min=   25.07 max=  328.97 p50=  107.68 p95=  194.22 p99=  252.89 rps=  14.25
  s2s.crud.fetchFilms                           n=    1 err=   0 errRate=  0.00% avg=  848.45 min=  848.45 max=  848.45 p50=  848.45 p95=  848.45 p99=  848.45 rps=   0.02

2026-05-06T20:47:35.254Z  INFO 1 --- [lab8-additional-service] [   scheduling-1] r.h.l.a.o.ObservabilityService           : [lab8-additional-service] observability refresh
window 10s
  calc.additional.maxViewersSummary             n= 1003 err=   0 errRate=  0.00% avg=  142.12 min=   25.21 max= 1087.79 p50=  108.41 p95=  218.66 p99= 1035.70 rps= 100.30
  controller.AnalyticsController.maxViewersSummary n= 1003 err=   0 errRate=  0.00% avg=  148.91 min=   27.65 max= 1267.49 p50=  110.45 p95=  223.84 p99= 1214.31 rps= 100.30
  controller.ObservabilityController.getStats   n=    1 err=   0 errRate=  0.00% avg=  142.17 min=  142.17 max=  142.17 p50=  142.17 p95=  142.17 p99=  142.17 rps=   0.10
  s2s.crud.fetchAllTickets                      n= 1003 err=   0 errRate=  0.00% avg=  115.08 min=   25.07 max=  328.97 p50=  107.33 p95=  192.99 p99=  252.13 rps= 100.30
  s2s.crud.fetchFilms                           n=    1 err=   0 errRate=  0.00% avg=  848.45 min=  848.45 max=  848.45 p50=  848.45 p95=  848.45 p99=  848.45 rps=   0.10
window 30s
  calc.additional.maxViewersSummary             n= 1003 err=   0 errRate=  0.00% avg=  142.12 min=   25.21 max= 1087.79 p50=  108.41 p95=  218.66 p99= 1035.70 rps=  33.43
  controller.AnalyticsController.maxViewersSummary n= 1003 err=   0 errRate=  0.00% avg=  148.91 min=   27.65 max= 1267.49 p50=  110.45 p95=  223.84 p99= 1214.31 rps=  33.43
  controller.ObservabilityController.getStats   n=    1 err=   0 errRate=  0.00% avg=  142.17 min=  142.17 max=  142.17 p50=  142.17 p95=  142.17 p99=  142.17 rps=   0.03
  s2s.crud.fetchAllTickets                      n= 1003 err=   0 errRate=  0.00% avg=  115.08 min=   25.07 max=  328.97 p50=  107.33 p95=  192.99 p99=  252.13 rps=  33.43
  s2s.crud.fetchFilms                           n=    1 err=   0 errRate=  0.00% avg=  848.45 min=  848.45 max=  848.45 p50=  848.45 p95=  848.45 p99=  848.45 rps=   0.03
window 1m
  calc.additional.maxViewersSummary             n= 1003 err=   0 errRate=  0.00% avg=  142.12 min=   25.21 max= 1087.79 p50=  108.41 p95=  218.66 p99= 1035.70 rps=  16.72
  controller.AnalyticsController.maxViewersSummary n= 1003 err=   0 errRate=  0.00% avg=  148.91 min=   27.65 max= 1267.49 p50=  110.45 p95=  223.84 p99= 1214.31 rps=  16.72
  controller.ObservabilityController.getStats   n=    1 err=   0 errRate=  0.00% avg=  142.17 min=  142.17 max=  142.17 p50=  142.17 p95=  142.17 p99=  142.17 rps=   0.02
  s2s.crud.fetchAllTickets                      n= 1003 err=   0 errRate=  0.00% avg=  115.08 min=   25.07 max=  328.97 p50=  107.33 p95=  192.99 p99=  252.13 rps=  16.72
  s2s.crud.fetchFilms                           n=    1 err=   0 errRate=  0.00% avg=  848.45 min=  848.45 max=  848.45 p50=  848.45 p95=  848.45 p99=  848.45 rps=   0.02

2026-05-06T20:47:36.265Z  INFO 1 --- [lab8-additional-service] [   scheduling-1] r.h.l.a.o.ObservabilityService           : [lab8-additional-service] observability refresh
window 10s
  calc.additional.maxViewersSummary             n= 1155 err=   0 errRate=  0.00% avg=  137.49 min=   25.21 max= 1087.79 p50=  107.81 p95=  213.81 p99= 1025.55 rps= 115.50
  controller.AnalyticsController.maxViewersSummary n= 1155 err=   0 errRate=  0.00% avg=  143.55 min=   27.18 max= 1267.49 p50=  109.61 p95=  218.17 p99= 1207.94 rps= 115.50
  controller.ObservabilityController.getStats   n=    1 err=   0 errRate=  0.00% avg=  142.17 min=  142.17 max=  142.17 p50=  142.17 p95=  142.17 p99=  142.17 rps=   0.10
  s2s.crud.fetchAllTickets                      n= 1155 err=   0 errRate=  0.00% avg=  113.98 min=   25.07 max=  406.10 p50=  106.95 p95=  192.19 p99=  250.52 rps= 115.50
  s2s.crud.fetchFilms                           n=    1 err=   0 errRate=  0.00% avg=  848.45 min=  848.45 max=  848.45 p50=  848.45 p95=  848.45 p99=  848.45 rps=   0.10
window 30s
  calc.additional.maxViewersSummary             n= 1155 err=   0 errRate=  0.00% avg=  137.49 min=   25.21 max= 1087.79 p50=  107.81 p95=  213.81 p99= 1025.55 rps=  38.50
  controller.AnalyticsController.maxViewersSummary n= 1155 err=   0 errRate=  0.00% avg=  143.55 min=   27.18 max= 1267.49 p50=  109.61 p95=  218.17 p99= 1207.94 rps=  38.50
  controller.ObservabilityController.getStats   n=    1 err=   0 errRate=  0.00% avg=  142.17 min=  142.17 max=  142.17 p50=  142.17 p95=  142.17 p99=  142.17 rps=   0.03
  s2s.crud.fetchAllTickets                      n= 1155 err=   0 errRate=  0.00% avg=  113.98 min=   25.07 max=  406.10 p50=  106.95 p95=  192.19 p99=  250.52 rps=  38.50
  s2s.crud.fetchFilms                           n=    1 err=   0 errRate=  0.00% avg=  848.45 min=  848.45 max=  848.45 p50=  848.45 p95=  848.45 p99=  848.45 rps=   0.03
window 1m
  calc.additional.maxViewersSummary             n= 1155 err=   0 errRate=  0.00% avg=  137.49 min=   25.21 max= 1087.79 p50=  107.81 p95=  213.81 p99= 1025.55 rps=  19.25
  controller.AnalyticsController.maxViewersSummary n= 1155 err=   0 errRate=  0.00% avg=  143.55 min=   27.18 max= 1267.49 p50=  109.61 p95=  218.17 p99= 1207.94 rps=  19.25
  controller.ObservabilityController.getStats   n=    1 err=   0 errRate=  0.00% avg=  142.17 min=  142.17 max=  142.17 p50=  142.17 p95=  142.17 p99=  142.17 rps=   0.02
  s2s.crud.fetchAllTickets                      n= 1155 err=   0 errRate=  0.00% avg=  113.98 min=   25.07 max=  406.10 p50=  106.95 p95=  192.19 p99=  250.52 rps=  19.25
  s2s.crud.fetchFilms                           n=    1 err=   0 errRate=  0.00% avg=  848.45 min=  848.45 max=  848.45 p50=  848.45 p95=  848.45 p99=  848.45 rps=   0.02

2026-05-06T20:47:37.278Z  INFO 1 --- [lab8-additional-service] [   scheduling-1] r.h.l.a.o.ObservabilityService           : [lab8-additional-service] observability refresh
window 10s
  calc.additional.maxViewersSummary             n= 1318 err=   0 errRate=  0.00% avg=  131.26 min=   22.90 max= 1087.79 p50=  105.49 p95=  208.73 p99= 1012.72 rps= 131.80
  controller.AnalyticsController.maxViewersSummary n= 1318 err=   0 errRate=  0.00% avg=  136.75 min=   23.19 max= 1267.49 p50=  107.47 p95=  209.72 p99= 1205.27 rps= 131.80
  s2s.crud.fetchAllTickets                      n= 1318 err=   0 errRate=  0.00% avg=  110.63 min=   22.78 max=  406.10 p50=  104.68 p95=  190.16 p99=  249.01 rps= 131.80
  s2s.crud.fetchFilms                           n=    1 err=   0 errRate=  0.00% avg=  848.45 min=  848.45 max=  848.45 p50=  848.45 p95=  848.45 p99=  848.45 rps=   0.10
window 30s
  calc.additional.maxViewersSummary             n= 1318 err=   0 errRate=  0.00% avg=  131.26 min=   22.90 max= 1087.79 p50=  105.49 p95=  208.73 p99= 1012.72 rps=  43.93
  controller.AnalyticsController.maxViewersSummary n= 1318 err=   0 errRate=  0.00% avg=  136.75 min=   23.19 max= 1267.49 p50=  107.47 p95=  209.72 p99= 1205.27 rps=  43.93
  controller.ObservabilityController.getStats   n=    1 err=   0 errRate=  0.00% avg=  142.17 min=  142.17 max=  142.17 p50=  142.17 p95=  142.17 p99=  142.17 rps=   0.03
  s2s.crud.fetchAllTickets                      n= 1318 err=   0 errRate=  0.00% avg=  110.63 min=   22.78 max=  406.10 p50=  104.68 p95=  190.16 p99=  249.01 rps=  43.93
  s2s.crud.fetchFilms                           n=    1 err=   0 errRate=  0.00% avg=  848.45 min=  848.45 max=  848.45 p50=  848.45 p95=  848.45 p99=  848.45 rps=   0.03
window 1m
  calc.additional.maxViewersSummary             n= 1318 err=   0 errRate=  0.00% avg=  131.26 min=   22.90 max= 1087.79 p50=  105.49 p95=  208.73 p99= 1012.72 rps=  21.97
  controller.AnalyticsController.maxViewersSummary n= 1318 err=   0 errRate=  0.00% avg=  136.75 min=   23.19 max= 1267.49 p50=  107.47 p95=  209.72 p99= 1205.27 rps=  21.97
  controller.ObservabilityController.getStats   n=    1 err=   0 errRate=  0.00% avg=  142.17 min=  142.17 max=  142.17 p50=  142.17 p95=  142.17 p99=  142.17 rps=   0.02
  s2s.crud.fetchAllTickets                      n= 1318 err=   0 errRate=  0.00% avg=  110.63 min=   22.78 max=  406.10 p50=  104.68 p95=  190.16 p99=  249.01 rps=  21.97
  s2s.crud.fetchFilms                           n=    1 err=   0 errRate=  0.00% avg=  848.45 min=  848.45 max=  848.45 p50=  848.45 p95=  848.45 p99=  848.45 rps=   0.02

2026-05-06T20:47:38.293Z  INFO 1 --- [lab8-additional-service] [   scheduling-1] r.h.l.a.o.ObservabilityService           : [lab8-additional-service] observability refresh
window 10s
  calc.additional.maxViewersSummary             n= 1373 err=   0 errRate=  0.00% avg=  113.53 min=   22.90 max=  571.43 p50=  105.09 p95=  199.75 p99=  296.91 rps= 137.30
  controller.AnalyticsController.maxViewersSummary n= 1373 err=   0 errRate=  0.00% avg=  115.23 min=   23.19 max=  572.39 p50=  106.94 p95=  202.12 p99=  300.14 rps= 137.30
  s2s.crud.fetchAllTickets                      n= 1372 err=   0 errRate=  0.00% avg=  113.17 min=   22.78 max=  571.31 p50=  104.68 p95=  199.62 p99=  296.85 rps= 137.20
window 30s
  calc.additional.maxViewersSummary             n= 1423 err=   0 errRate=  0.00% avg=  132.71 min=   22.90 max= 1087.79 p50=  105.98 p95=  218.66 p99= 1006.87 rps=  47.43
  controller.AnalyticsController.maxViewersSummary n= 1423 err=   0 errRate=  0.00% avg=  137.84 min=   23.19 max= 1267.49 p50=  107.76 p95=  222.45 p99= 1203.44 rps=  47.43
  controller.ObservabilityController.getStats   n=    1 err=   0 errRate=  0.00% avg=  142.17 min=  142.17 max=  142.17 p50=  142.17 p95=  142.17 p99=  142.17 rps=   0.03
  s2s.crud.fetchAllTickets                      n= 1423 err=   0 errRate=  0.00% avg=  113.59 min=   22.78 max=  571.31 p50=  105.21 p95=  197.62 p99=  295.64 rps=  47.43
  s2s.crud.fetchFilms                           n=    1 err=   0 errRate=  0.00% avg=  848.45 min=  848.45 max=  848.45 p50=  848.45 p95=  848.45 p99=  848.45 rps=   0.03
window 1m
  calc.additional.maxViewersSummary             n= 1423 err=   0 errRate=  0.00% avg=  132.71 min=   22.90 max= 1087.79 p50=  105.98 p95=  218.66 p99= 1006.87 rps=  23.72
  controller.AnalyticsController.maxViewersSummary n= 1423 err=   0 errRate=  0.00% avg=  137.84 min=   23.19 max= 1267.49 p50=  107.76 p95=  222.45 p99= 1203.44 rps=  23.72
  controller.ObservabilityController.getStats   n=    1 err=   0 errRate=  0.00% avg=  142.17 min=  142.17 max=  142.17 p50=  142.17 p95=  142.17 p99=  142.17 rps=   0.02
  s2s.crud.fetchAllTickets                      n= 1423 err=   0 errRate=  0.00% avg=  113.59 min=   22.78 max=  571.31 p50=  105.21 p95=  197.62 p99=  295.64 rps=  23.72
  s2s.crud.fetchFilms                           n=    1 err=   0 errRate=  0.00% avg=  848.45 min=  848.45 max=  848.45 p50=  848.45 p95=  848.45 p99=  848.45 rps=   0.02

2026-05-06T20:47:39.305Z  INFO 1 --- [lab8-additional-service] [   scheduling-1] r.h.l.a.o.ObservabilityService           : [lab8-additional-service] observability refresh
window 10s
  calc.additional.maxViewersSummary             n= 1407 err=   0 errRate=  0.00% avg=  113.12 min=   22.90 max=  571.43 p50=  103.12 p95=  205.11 p99=  346.71 rps= 140.70
  controller.AnalyticsController.maxViewersSummary n= 1407 err=   0 errRate=  0.00% avg=  114.47 min=   23.19 max=  572.39 p50=  104.72 p95=  206.14 p99=  347.09 rps= 140.70
  s2s.crud.fetchAllTickets                      n= 1407 err=   0 errRate=  0.00% avg=  112.91 min=   22.78 max=  571.31 p50=  102.97 p95=  204.98 p99=  346.41 rps= 140.70
window 30s
  calc.additional.maxViewersSummary             n= 1593 err=   0 errRate=  0.00% avg=  131.12 min=   22.90 max= 1087.79 p50=  105.26 p95=  233.73 p99= 1001.48 rps=  53.10
  controller.AnalyticsController.maxViewersSummary n= 1593 err=   0 errRate=  0.00% avg=  135.79 min=   23.19 max= 1267.49 p50=  107.14 p95=  234.06 p99= 1193.04 rps=  53.10
  controller.ObservabilityController.getStats   n=    1 err=   0 errRate=  0.00% avg=  142.17 min=  142.17 max=  142.17 p50=  142.17 p95=  142.17 p99=  142.17 rps=   0.03
  s2s.crud.fetchAllTickets                      n= 1593 err=   0 errRate=  0.00% avg=  114.03 min=   22.78 max=  571.31 p50=  104.35 p95=  204.53 p99=  330.03 rps=  53.10
  s2s.crud.fetchFilms                           n=    1 err=   0 errRate=  0.00% avg=  848.45 min=  848.45 max=  848.45 p50=  848.45 p95=  848.45 p99=  848.45 rps=   0.03
window 1m
  calc.additional.maxViewersSummary             n= 1593 err=   0 errRate=  0.00% avg=  131.12 min=   22.90 max= 1087.79 p50=  105.26 p95=  233.73 p99= 1001.48 rps=  26.55
  controller.AnalyticsController.maxViewersSummary n= 1593 err=   0 errRate=  0.00% avg=  135.79 min=   23.19 max= 1267.49 p50=  107.14 p95=  234.06 p99= 1193.04 rps=  26.55
  controller.ObservabilityController.getStats   n=    1 err=   0 errRate=  0.00% avg=  142.17 min=  142.17 max=  142.17 p50=  142.17 p95=  142.17 p99=  142.17 rps=   0.02
  s2s.crud.fetchAllTickets                      n= 1593 err=   0 errRate=  0.00% avg=  114.03 min=   22.78 max=  571.31 p50=  104.35 p95=  204.53 p99=  330.03 rps=  26.55
  s2s.crud.fetchFilms                           n=    1 err=   0 errRate=  0.00% avg=  848.45 min=  848.45 max=  848.45 p50=  848.45 p95=  848.45 p99=  848.45 rps=   0.02

2026-05-06T20:47:40.003Z  INFO 1 --- [lab8-additional-service] [   scheduling-1] r.h.l.a.service.FilmCacheService         : film-cache stats: size=310 ttlMs=30000 lastRefreshAtMs=1778100446818 hits=1734 misses=1 refreshes=1
2026-05-06T20:47:40.318Z  INFO 1 --- [lab8-additional-service] [   scheduling-1] r.h.l.a.o.ObservabilityService           : [lab8-additional-service] observability refresh
window 10s
  calc.additional.maxViewersSummary             n= 1426 err=   0 errRate=  0.00% avg=  111.30 min=   22.72 max=  571.43 p50=  100.43 p95=  209.13 p99=  343.50 rps= 142.60
  controller.AnalyticsController.maxViewersSummary n= 1426 err=   0 errRate=  0.00% avg=  112.47 min=   23.19 max=  572.39 p50=  101.59 p95=  210.23 p99=  343.88 rps= 142.60
  s2s.crud.fetchAllTickets                      n= 1426 err=   0 errRate=  0.00% avg=  111.11 min=   22.65 max=  571.31 p50=  100.27 p95=  209.01 p99=  343.24 rps= 142.60
window 30s
  calc.additional.maxViewersSummary             n= 1749 err=   0 errRate=  0.00% avg=  128.04 min=   22.72 max= 1087.79 p50=  102.84 p95=  230.10 p99= 1000.16 rps=  58.30
  controller.AnalyticsController.maxViewersSummary n= 1749 err=   0 errRate=  0.00% avg=  132.36 min=   23.19 max= 1267.49 p50=  104.72 p95=  230.95 p99= 1187.13 rps=  58.30
  controller.ObservabilityController.getStats   n=    1 err=   0 errRate=  0.00% avg=  142.17 min=  142.17 max=  142.17 p50=  142.17 p95=  142.17 p99=  142.17 rps=   0.03
  s2s.crud.fetchAllTickets                      n= 1749 err=   0 errRate=  0.00% avg=  112.46 min=   22.65 max=  571.31 p50=  102.35 p95=  204.83 p99=  323.31 rps=  58.30
  s2s.crud.fetchFilms                           n=    1 err=   0 errRate=  0.00% avg=  848.45 min=  848.45 max=  848.45 p50=  848.45 p95=  848.45 p99=  848.45 rps=   0.03
window 1m
  calc.additional.maxViewersSummary             n= 1749 err=   0 errRate=  0.00% avg=  128.04 min=   22.72 max= 1087.79 p50=  102.84 p95=  230.10 p99= 1000.16 rps=  29.15
  controller.AnalyticsController.maxViewersSummary n= 1749 err=   0 errRate=  0.00% avg=  132.36 min=   23.19 max= 1267.49 p50=  104.72 p95=  230.95 p99= 1187.13 rps=  29.15
  controller.ObservabilityController.getStats   n=    1 err=   0 errRate=  0.00% avg=  142.17 min=  142.17 max=  142.17 p50=  142.17 p95=  142.17 p99=  142.17 rps=   0.02
  s2s.crud.fetchAllTickets                      n= 1749 err=   0 errRate=  0.00% avg=  112.46 min=   22.65 max=  571.31 p50=  102.35 p95=  204.83 p99=  323.31 rps=  29.15
  s2s.crud.fetchFilms                           n=    1 err=   0 errRate=  0.00% avg=  848.45 min=  848.45 max=  848.45 p50=  848.45 p95=  848.45 p99=  848.45 rps=   0.02

2026-05-06T20:47:41.373Z  INFO 1 --- [lab8-additional-service] [   scheduling-1] r.h.l.a.o.ObservabilityService           : [lab8-additional-service] observability refresh
window 10s
  calc.additional.maxViewersSummary             n= 1456 err=   0 errRate=  0.00% avg=  109.38 min=   20.60 max=  571.43 p50=   97.22 p95=  223.54 p99=  348.69 rps= 145.60
  controller.AnalyticsController.maxViewersSummary n= 1455 err=   0 errRate=  0.00% avg=  110.46 min=   20.86 max=  572.39 p50=   98.10 p95=  224.29 p99=  349.64 rps= 145.50
  s2s.crud.fetchAllTickets                      n= 1456 err=   0 errRate=  0.00% avg=  109.22 min=   20.53 max=  571.31 p50=   97.12 p95=  223.45 p99=  348.46 rps= 145.60
window 30s
  calc.additional.maxViewersSummary             n= 1908 err=   0 errRate=  0.00% avg=  125.81 min=   20.60 max= 1087.79 p50=  101.59 p95=  234.03 p99=  997.68 rps=  63.60
  controller.AnalyticsController.maxViewersSummary n= 1907 err=   0 errRate=  0.00% avg=  129.85 min=   20.86 max= 1267.49 p50=  103.35 p95=  234.46 p99= 1178.64 rps=  63.57
  controller.ObservabilityController.getStats   n=    1 err=   0 errRate=  0.00% avg=  142.17 min=  142.17 max=  142.17 p50=  142.17 p95=  142.17 p99=  142.17 rps=   0.03
  s2s.crud.fetchAllTickets                      n= 1908 err=   0 errRate=  0.00% avg=  111.52 min=   20.53 max=  571.31 p50=  101.02 p95=  210.56 p99=  316.25 rps=  63.60
  s2s.crud.fetchFilms                           n=    1 err=   0 errRate=  0.00% avg=  848.45 min=  848.45 max=  848.45 p50=  848.45 p95=  848.45 p99=  848.45 rps=   0.03
window 1m
  calc.additional.maxViewersSummary             n= 1908 err=   0 errRate=  0.00% avg=  125.81 min=   20.60 max= 1087.79 p50=  101.59 p95=  234.03 p99=  997.68 rps=  31.80
  controller.AnalyticsController.maxViewersSummary n= 1907 err=   0 errRate=  0.00% avg=  129.85 min=   20.86 max= 1267.49 p50=  103.35 p95=  234.46 p99= 1178.64 rps=  31.78
  controller.ObservabilityController.getStats   n=    1 err=   0 errRate=  0.00% avg=  142.17 min=  142.17 max=  142.17 p50=  142.17 p95=  142.17 p99=  142.17 rps=   0.02
  s2s.crud.fetchAllTickets                      n= 1908 err=   0 errRate=  0.00% avg=  111.52 min=   20.53 max=  571.31 p50=  101.02 p95=  210.56 p99=  316.25 rps=  31.80
  s2s.crud.fetchFilms                           n=    1 err=   0 errRate=  0.00% avg=  848.45 min=  848.45 max=  848.45 p50=  848.45 p95=  848.45 p99=  848.45 rps=   0.02

2026-05-06T20:47:42.382Z  INFO 1 --- [lab8-additional-service] [   scheduling-1] r.h.l.a.o.ObservabilityService           : [lab8-additional-service] observability refresh
window 10s
  calc.additional.maxViewersSummary             n= 1509 err=   0 errRate=  0.00% avg=  103.54 min=   17.44 max=  571.43 p50=   92.10 p95=  217.07 p99=  346.37 rps= 150.90
  controller.AnalyticsController.maxViewersSummary n= 1509 err=   0 errRate=  0.00% avg=  104.52 min=   17.97 max=  572.39 p50=   92.75 p95=  218.30 p99=  346.76 rps= 150.90
  s2s.crud.fetchAllTickets                      n= 1509 err=   0 errRate=  0.00% avg=  103.38 min=   17.38 max=  571.31 p50=   92.02 p95=  216.96 p99=  346.08 rps= 150.90
window 30s
  calc.additional.maxViewersSummary             n= 2107 err=   0 errRate=  0.00% avg=  120.06 min=   17.44 max= 1087.79 p50=   98.39 p95=  225.69 p99=  997.26 rps=  70.23
  controller.AnalyticsController.maxViewersSummary n= 2107 err=   0 errRate=  0.00% avg=  123.75 min=   17.97 max= 1267.49 p50=   99.67 p95=  226.62 p99= 1146.25 rps=  70.23
  controller.ObservabilityController.getStats   n=    1 err=   0 errRate=  0.00% avg=  142.17 min=  142.17 max=  142.17 p50=  142.17 p95=  142.17 p99=  142.17 rps=   0.03
  s2s.crud.fetchAllTickets                      n= 2107 err=   0 errRate=  0.00% avg=  107.11 min=   17.38 max=  571.31 p50=   97.98 p95=  205.55 p99=  302.15 rps=  70.23
  s2s.crud.fetchFilms                           n=    1 err=   0 errRate=  0.00% avg=  848.45 min=  848.45 max=  848.45 p50=  848.45 p95=  848.45 p99=  848.45 rps=   0.03
window 1m
  calc.additional.maxViewersSummary             n= 2107 err=   0 errRate=  0.00% avg=  120.06 min=   17.44 max= 1087.79 p50=   98.39 p95=  225.69 p99=  997.26 rps=  35.12
  controller.AnalyticsController.maxViewersSummary n= 2107 err=   0 errRate=  0.00% avg=  123.75 min=   17.97 max= 1267.49 p50=   99.67 p95=  226.62 p99= 1146.25 rps=  35.12
  controller.ObservabilityController.getStats   n=    1 err=   0 errRate=  0.00% avg=  142.17 min=  142.17 max=  142.17 p50=  142.17 p95=  142.17 p99=  142.17 rps=   0.02
  s2s.crud.fetchAllTickets                      n= 2107 err=   0 errRate=  0.00% avg=  107.11 min=   17.38 max=  571.31 p50=   97.98 p95=  205.55 p99=  302.15 rps=  35.12
  s2s.crud.fetchFilms                           n=    1 err=   0 errRate=  0.00% avg=  848.45 min=  848.45 max=  848.45 p50=  848.45 p95=  848.45 p99=  848.45 rps=   0.02

2026-05-06T20:47:43.398Z  INFO 1 --- [lab8-additional-service] [   scheduling-1] r.h.l.a.o.ObservabilityService           : [lab8-additional-service] observability refresh
window 10s
  calc.additional.maxViewersSummary             n= 1575 err=   0 errRate=  0.00% avg=   97.22 min=   17.44 max=  571.43 p50=   86.62 p95=  204.00 p99=  335.23 rps= 157.50
  controller.AnalyticsController.maxViewersSummary n= 1574 err=   0 errRate=  0.00% avg=   98.10 min=   17.97 max=  572.39 p50=   87.66 p95=  204.95 p99=  335.77 rps= 157.40
  s2s.crud.fetchAllTickets                      n= 1575 err=   0 errRate=  0.00% avg=   97.06 min=   17.38 max=  571.31 p50=   86.46 p95=  203.88 p99=  335.08 rps= 157.50
window 30s
  calc.additional.maxViewersSummary             n= 2314 err=   0 errRate=  0.00% avg=  115.22 min=   17.44 max= 1087.79 p50=   95.15 p95=  217.82 p99=  993.29 rps=  77.13
  controller.AnalyticsController.maxViewersSummary n= 2313 err=   0 errRate=  0.00% avg=  118.65 min=   17.97 max= 1267.49 p50=   96.34 p95=  221.44 p99= 1130.42 rps=  77.10
  controller.ObservabilityController.getStats   n=    1 err=   0 errRate=  0.00% avg=  142.17 min=  142.17 max=  142.17 p50=  142.17 p95=  142.17 p99=  142.17 rps=   0.03
  s2s.crud.fetchAllTickets                      n= 2314 err=   0 errRate=  0.00% avg=  103.42 min=   17.38 max=  571.31 p50=   94.71 p95=  201.68 p99=  298.58 rps=  77.13
  s2s.crud.fetchFilms                           n=    1 err=   0 errRate=  0.00% avg=  848.45 min=  848.45 max=  848.45 p50=  848.45 p95=  848.45 p99=  848.45 rps=   0.03
window 1m
  calc.additional.maxViewersSummary             n= 2314 err=   0 errRate=  0.00% avg=  115.22 min=   17.44 max= 1087.79 p50=   95.15 p95=  217.82 p99=  993.29 rps=  38.57
  controller.AnalyticsController.maxViewersSummary n= 2313 err=   0 errRate=  0.00% avg=  118.65 min=   17.97 max= 1267.49 p50=   96.34 p95=  221.44 p99= 1130.42 rps=  38.55
  controller.ObservabilityController.getStats   n=    1 err=   0 errRate=  0.00% avg=  142.17 min=  142.17 max=  142.17 p50=  142.17 p95=  142.17 p99=  142.17 rps=   0.02
  s2s.crud.fetchAllTickets                      n= 2314 err=   0 errRate=  0.00% avg=  103.42 min=   17.38 max=  571.31 p50=   94.71 p95=  201.68 p99=  298.58 rps=  38.57
  s2s.crud.fetchFilms                           n=    1 err=   0 errRate=  0.00% avg=  848.45 min=  848.45 max=  848.45 p50=  848.45 p95=  848.45 p99=  848.45 rps=   0.02

2026-05-06T20:47:44.415Z  INFO 1 --- [lab8-additional-service] [   scheduling-1] r.h.l.a.o.ObservabilityService           : [lab8-additional-service] observability refresh
window 10s
  calc.additional.maxViewersSummary             n= 1605 err=   0 errRate=  0.00% avg=   94.58 min=   17.44 max=  571.43 p50=   83.02 p95=  205.48 p99=  330.81 rps= 160.50
  controller.AnalyticsController.maxViewersSummary n= 1606 err=   0 errRate=  0.00% avg=   95.42 min=   17.97 max=  572.39 p50=   83.61 p95=  206.06 p99=  331.17 rps= 160.60
  s2s.crud.fetchAllTickets                      n= 1605 err=   0 errRate=  0.00% avg=   94.44 min=   17.38 max=  571.31 p50=   82.91 p95=  205.35 p99=  330.72 rps= 160.50
window 30s
  calc.additional.maxViewersSummary             n= 2492 err=   0 errRate=  0.00% avg=  112.68 min=   17.44 max= 1087.79 p50=   93.53 p95=  212.57 p99=  989.50 rps=  83.07
  controller.AnalyticsController.maxViewersSummary n= 2492 err=   0 errRate=  0.00% avg=  115.89 min=   17.97 max= 1267.49 p50=   95.36 p95=  214.43 p99= 1115.49 rps=  83.07
  controller.ObservabilityController.getStats   n=    1 err=   0 errRate=  0.00% avg=  142.17 min=  142.17 max=  142.17 p50=  142.17 p95=  142.17 p99=  142.17 rps=   0.03
  s2s.crud.fetchAllTickets                      n= 2492 err=   0 errRate=  0.00% avg=  101.71 min=   17.38 max=  571.31 p50=   93.33 p95=  200.40 p99=  297.93 rps=  83.07
  s2s.crud.fetchFilms                           n=    1 err=   0 errRate=  0.00% avg=  848.45 min=  848.45 max=  848.45 p50=  848.45 p95=  848.45 p99=  848.45 rps=   0.03
window 1m
  calc.additional.maxViewersSummary             n= 2492 err=   0 errRate=  0.00% avg=  112.68 min=   17.44 max= 1087.79 p50=   93.53 p95=  212.57 p99=  989.50 rps=  41.53
  controller.AnalyticsController.maxViewersSummary n= 2492 err=   0 errRate=  0.00% avg=  115.89 min=   17.97 max= 1267.49 p50=   95.36 p95=  214.43 p99= 1115.49 rps=  41.53
  controller.ObservabilityController.getStats   n=    1 err=   0 errRate=  0.00% avg=  142.17 min=  142.17 max=  142.17 p50=  142.17 p95=  142.17 p99=  142.17 rps=   0.02
  s2s.crud.fetchAllTickets                      n= 2492 err=   0 errRate=  0.00% avg=  101.71 min=   17.38 max=  571.31 p50=   93.33 p95=  200.40 p99=  297.93 rps=  41.53
  s2s.crud.fetchFilms                           n=    1 err=   0 errRate=  0.00% avg=  848.45 min=  848.45 max=  848.45 p50=  848.45 p95=  848.45 p99=  848.45 rps=   0.02

2026-05-06T20:47:45.429Z  INFO 1 --- [lab8-additional-service] [   scheduling-1] r.h.l.a.o.ObservabilityService           : [lab8-additional-service] observability refresh
window 10s
  calc.additional.maxViewersSummary             n= 1653 err=   0 errRate=  0.00% avg=   89.24 min=   17.44 max=  571.43 p50=   75.94 p95=  202.07 p99=  330.43 rps= 165.30
  controller.AnalyticsController.maxViewersSummary n= 1653 err=   0 errRate=  0.00% avg=   90.02 min=   17.97 max=  572.39 p50=   76.94 p95=  202.93 p99=  330.83 rps= 165.30
  s2s.crud.fetchAllTickets                      n= 1653 err=   0 errRate=  0.00% avg=   89.11 min=   17.38 max=  571.31 p50=   75.85 p95=  202.00 p99=  330.34 rps= 165.30
window 30s
  calc.additional.maxViewersSummary             n= 2686 err=   0 errRate=  0.00% avg=  109.27 min=   17.44 max= 1087.79 p50=   91.82 p95=  207.20 p99=  987.94 rps=  89.53
  controller.AnalyticsController.maxViewersSummary n= 2686 err=   0 errRate=  0.00% avg=  112.30 min=   17.97 max= 1267.49 p50=   92.75 p95=  209.20 p99= 1107.58 rps=  89.53
  controller.ObservabilityController.getStats   n=    1 err=   0 errRate=  0.00% avg=  142.17 min=  142.17 max=  142.17 p50=  142.17 p95=  142.17 p99=  142.17 rps=   0.03
  s2s.crud.fetchAllTickets                      n= 2686 err=   0 errRate=  0.00% avg=   99.09 min=   17.38 max=  571.31 p50=   91.68 p95=  197.09 p99=  295.98 rps=  89.53
  s2s.crud.fetchFilms                           n=    1 err=   0 errRate=  0.00% avg=  848.45 min=  848.45 max=  848.45 p50=  848.45 p95=  848.45 p99=  848.45 rps=   0.03
window 1m
  calc.additional.maxViewersSummary             n= 2686 err=   0 errRate=  0.00% avg=  109.27 min=   17.44 max= 1087.79 p50=   91.82 p95=  207.20 p99=  987.94 rps=  44.77
  controller.AnalyticsController.maxViewersSummary n= 2686 err=   0 errRate=  0.00% avg=  112.30 min=   17.97 max= 1267.49 p50=   92.75 p95=  209.20 p99= 1107.58 rps=  44.77
  controller.ObservabilityController.getStats   n=    1 err=   0 errRate=  0.00% avg=  142.17 min=  142.17 max=  142.17 p50=  142.17 p95=  142.17 p99=  142.17 rps=   0.02
  s2s.crud.fetchAllTickets                      n= 2686 err=   0 errRate=  0.00% avg=   99.09 min=   17.38 max=  571.31 p50=   91.68 p95=  197.09 p99=  295.98 rps=  44.77
  s2s.crud.fetchFilms                           n=    1 err=   0 errRate=  0.00% avg=  848.45 min=  848.45 max=  848.45 p50=  848.45 p95=  848.45 p99=  848.45 rps=   0.02

2026-05-06T20:47:46.446Z  INFO 1 --- [lab8-additional-service] [   scheduling-1] r.h.l.a.o.ObservabilityService           : [lab8-additional-service] observability refresh
window 10s
  calc.additional.maxViewersSummary             n= 1735 err=   0 errRate=  0.00% avg=   83.64 min=   16.86 max=  571.43 p50=   68.41 p95=  197.37 p99=  303.44 rps= 173.50
  controller.AnalyticsController.maxViewersSummary n= 1735 err=   0 errRate=  0.00% avg=   84.37 min=   17.65 max=  572.39 p50=   69.35 p95=  198.14 p99=  303.74 rps= 173.50
  s2s.crud.fetchAllTickets                      n= 1735 err=   0 errRate=  0.00% avg=   83.51 min=   16.81 max=  571.31 p50=   68.28 p95=  197.18 p99=  303.36 rps= 173.50
window 30s
  calc.additional.maxViewersSummary             n= 2916 err=   0 errRate=  0.00% avg=  105.03 min=   16.86 max= 1087.79 p50=   89.00 p95=  203.86 p99=  920.92 rps=  97.20
  controller.AnalyticsController.maxViewersSummary n= 2916 err=   0 errRate=  0.00% avg=  107.87 min=   17.65 max= 1267.49 p50=   90.13 p95=  204.39 p99= 1020.83 rps=  97.20
  controller.ObservabilityController.getStats   n=    1 err=   0 errRate=  0.00% avg=  142.17 min=  142.17 max=  142.17 p50=  142.17 p95=  142.17 p99=  142.17 rps=   0.03
  s2s.crud.fetchAllTickets                      n= 2916 err=   0 errRate=  0.00% avg=   95.63 min=   16.81 max=  571.31 p50=   88.76 p95=  194.21 p99=  293.56 rps=  97.20
  s2s.crud.fetchFilms                           n=    1 err=   0 errRate=  0.00% avg=  848.45 min=  848.45 max=  848.45 p50=  848.45 p95=  848.45 p99=  848.45 rps=   0.03
window 1m
  calc.additional.maxViewersSummary             n= 2916 err=   0 errRate=  0.00% avg=  105.03 min=   16.86 max= 1087.79 p50=   89.00 p95=  203.86 p99=  920.92 rps=  48.60
  controller.AnalyticsController.maxViewersSummary n= 2916 err=   0 errRate=  0.00% avg=  107.87 min=   17.65 max= 1267.49 p50=   90.13 p95=  204.39 p99= 1020.83 rps=  48.60
  controller.ObservabilityController.getStats   n=    1 err=   0 errRate=  0.00% avg=  142.17 min=  142.17 max=  142.17 p50=  142.17 p95=  142.17 p99=  142.17 rps=   0.02
  s2s.crud.fetchAllTickets                      n= 2916 err=   0 errRate=  0.00% avg=   95.63 min=   16.81 max=  571.31 p50=   88.76 p95=  194.21 p99=  293.56 rps=  48.60
  s2s.crud.fetchFilms                           n=    1 err=   0 errRate=  0.00% avg=  848.45 min=  848.45 max=  848.45 p50=  848.45 p95=  848.45 p99=  848.45 rps=   0.02

2026-05-06T20:47:47.466Z  INFO 1 --- [lab8-additional-service] [   scheduling-1] r.h.l.a.o.ObservabilityService           : [lab8-additional-service] observability refresh
window 10s
  calc.additional.maxViewersSummary             n= 1760 err=   0 errRate=  0.00% avg=   81.35 min=   16.86 max=  571.43 p50=   65.99 p95=  194.99 p99=  303.04 rps= 176.00
  controller.AnalyticsController.maxViewersSummary n= 1760 err=   0 errRate=  0.00% avg=   82.00 min=   17.65 max=  572.39 p50=   66.45 p95=  195.42 p99=  303.37 rps= 176.00
  s2s.crud.fetchAllTickets                      n= 1760 err=   0 errRate=  0.00% avg=   81.22 min=   16.81 max=  571.31 p50=   65.88 p95=  194.89 p99=  302.96 rps= 176.00
window 30s
  calc.additional.maxViewersSummary             n= 3112 err=   0 errRate=  0.00% avg=  102.65 min=   16.86 max= 1087.79 p50=   86.97 p95=  200.55 p99=  449.65 rps= 103.73
  controller.AnalyticsController.maxViewersSummary n= 3112 err=   0 errRate=  0.00% avg=  105.35 min=   17.65 max= 1267.49 p50=   88.22 p95=  202.22 p99=  450.06 rps= 103.73
  controller.ObservabilityController.getStats   n=    1 err=   0 errRate=  0.00% avg=  142.17 min=  142.17 max=  142.17 p50=  142.17 p95=  142.17 p99=  142.17 rps=   0.03
  s2s.crud.fetchAllTickets                      n= 3112 err=   0 errRate=  0.00% avg=   93.85 min=   16.81 max=  571.31 p50=   86.45 p95=  192.19 p99=  287.65 rps= 103.73
  s2s.crud.fetchFilms                           n=    1 err=   0 errRate=  0.00% avg=  848.45 min=  848.45 max=  848.45 p50=  848.45 p95=  848.45 p99=  848.45 rps=   0.03
window 1m
  calc.additional.maxViewersSummary             n= 3112 err=   0 errRate=  0.00% avg=  102.65 min=   16.86 max= 1087.79 p50=   86.97 p95=  200.55 p99=  449.65 rps=  51.87
  controller.AnalyticsController.maxViewersSummary n= 3112 err=   0 errRate=  0.00% avg=  105.35 min=   17.65 max= 1267.49 p50=   88.22 p95=  202.22 p99=  450.06 rps=  51.87
  controller.ObservabilityController.getStats   n=    1 err=   0 errRate=  0.00% avg=  142.17 min=  142.17 max=  142.17 p50=  142.17 p95=  142.17 p99=  142.17 rps=   0.02
  s2s.crud.fetchAllTickets                      n= 3112 err=   0 errRate=  0.00% avg=   93.85 min=   16.81 max=  571.31 p50=   86.45 p95=  192.19 p99=  287.65 rps=  51.87
  s2s.crud.fetchFilms                           n=    1 err=   0 errRate=  0.00% avg=  848.45 min=  848.45 max=  848.45 p50=  848.45 p95=  848.45 p99=  848.45 rps=   0.02

2026-05-06T20:47:48.470Z  INFO 1 --- [lab8-additional-service] [   scheduling-1] r.h.l.a.o.ObservabilityService           : [lab8-additional-service] observability refresh
window 10s
  calc.additional.maxViewersSummary             n= 1892 err=   0 errRate=  0.00% avg=   71.99 min=   16.86 max=  444.12 p50=   60.42 p95=  154.18 p99=  236.01 rps= 189.20
  controller.AnalyticsController.maxViewersSummary n= 1892 err=   0 errRate=  0.00% avg=   72.63 min=   17.13 max=  445.46 p50=   61.13 p95=  155.45 p99=  236.23 rps= 189.20
  s2s.crud.fetchAllTickets                      n= 1892 err=   0 errRate=  0.00% avg=   71.86 min=   16.81 max=  444.04 p50=   60.36 p95=  154.11 p99=  235.93 rps= 189.20
window 30s
  calc.additional.maxViewersSummary             n= 3335 err=   0 errRate=  0.00% avg=   99.03 min=   16.86 max= 1087.79 p50=   83.29 p95=  196.66 p99=  433.49 rps= 111.17
  controller.AnalyticsController.maxViewersSummary n= 3335 err=   0 errRate=  0.00% avg=  101.60 min=   17.13 max= 1267.49 p50=   84.09 p95=  198.32 p99=  434.01 rps= 111.17
  controller.ObservabilityController.getStats   n=    1 err=   0 errRate=  0.00% avg=  142.17 min=  142.17 max=  142.17 p50=  142.17 p95=  142.17 p99=  142.17 rps=   0.03
  s2s.crud.fetchAllTickets                      n= 3335 err=   0 errRate=  0.00% avg=   90.81 min=   16.81 max=  571.31 p50=   83.12 p95=  189.70 p99=  286.92 rps= 111.17
  s2s.crud.fetchFilms                           n=    1 err=   0 errRate=  0.00% avg=  848.45 min=  848.45 max=  848.45 p50=  848.45 p95=  848.45 p99=  848.45 rps=   0.03
window 1m
  calc.additional.maxViewersSummary             n= 3335 err=   0 errRate=  0.00% avg=   99.03 min=   16.86 max= 1087.79 p50=   83.29 p95=  196.66 p99=  433.49 rps=  55.58
  controller.AnalyticsController.maxViewersSummary n= 3335 err=   0 errRate=  0.00% avg=  101.60 min=   17.13 max= 1267.49 p50=   84.09 p95=  198.32 p99=  434.01 rps=  55.58
  controller.ObservabilityController.getStats   n=    1 err=   0 errRate=  0.00% avg=  142.17 min=  142.17 max=  142.17 p50=  142.17 p95=  142.17 p99=  142.17 rps=   0.02
  s2s.crud.fetchAllTickets                      n= 3335 err=   0 errRate=  0.00% avg=   90.81 min=   16.81 max=  571.31 p50=   83.12 p95=  189.70 p99=  286.92 rps=  55.58
  s2s.crud.fetchFilms                           n=    1 err=   0 errRate=  0.00% avg=  848.45 min=  848.45 max=  848.45 p50=  848.45 p95=  848.45 p99=  848.45 rps=   0.02

2026-05-06T20:47:49.481Z  INFO 1 --- [lab8-additional-service] [   scheduling-1] r.h.l.a.o.ObservabilityService           : [lab8-additional-service] observability refresh
window 10s
  calc.additional.maxViewersSummary             n= 1894 err=   0 errRate=  0.00% avg=   71.14 min=   16.86 max=  399.22 p50=   60.76 p95=  146.63 p99=  231.42 rps= 189.40
  controller.AnalyticsController.maxViewersSummary n= 1894 err=   0 errRate=  0.00% avg=   71.77 min=   17.13 max=  400.29 p50=   61.40 p95=  146.96 p99=  233.46 rps= 189.40
  s2s.crud.fetchAllTickets                      n= 1894 err=   0 errRate=  0.00% avg=   71.02 min=   16.81 max=  399.16 p50=   60.67 p95=  146.44 p99=  231.35 rps= 189.40
window 30s
  calc.additional.maxViewersSummary             n= 3516 err=   0 errRate=  0.00% avg=   98.25 min=   16.86 max= 1087.79 p50=   83.20 p95=  195.24 p99=  425.88 rps= 117.20
  controller.AnalyticsController.maxViewersSummary n= 3516 err=   0 errRate=  0.00% avg=  100.71 min=   17.13 max= 1267.49 p50=   84.00 p95=  197.56 p99=  426.32 rps= 117.20
  controller.ObservabilityController.getStats   n=    1 err=   0 errRate=  0.00% avg=  142.17 min=  142.17 max=  142.17 p50=  142.17 p95=  142.17 p99=  142.17 rps=   0.03
  s2s.crud.fetchAllTickets                      n= 3516 err=   0 errRate=  0.00% avg=   90.45 min=   16.81 max=  571.31 p50=   83.07 p95=  189.43 p99=  278.45 rps= 117.20
  s2s.crud.fetchFilms                           n=    1 err=   0 errRate=  0.00% avg=  848.45 min=  848.45 max=  848.45 p50=  848.45 p95=  848.45 p99=  848.45 rps=   0.03
window 1m
  calc.additional.maxViewersSummary             n= 3516 err=   0 errRate=  0.00% avg=   98.25 min=   16.86 max= 1087.79 p50=   83.20 p95=  195.24 p99=  425.88 rps=  58.60
  controller.AnalyticsController.maxViewersSummary n= 3516 err=   0 errRate=  0.00% avg=  100.71 min=   17.13 max= 1267.49 p50=   84.00 p95=  197.56 p99=  426.32 rps=  58.60
  controller.ObservabilityController.getStats   n=    1 err=   0 errRate=  0.00% avg=  142.17 min=  142.17 max=  142.17 p50=  142.17 p95=  142.17 p99=  142.17 rps=   0.02
  s2s.crud.fetchAllTickets                      n= 3516 err=   0 errRate=  0.00% avg=   90.45 min=   16.81 max=  571.31 p50=   83.07 p95=  189.43 p99=  278.45 rps=  58.60
  s2s.crud.fetchFilms                           n=    1 err=   0 errRate=  0.00% avg=  848.45 min=  848.45 max=  848.45 p50=  848.45 p95=  848.45 p99=  848.45 rps=   0.02

2026-05-06T20:47:50.005Z  INFO 1 --- [lab8-additional-service] [   scheduling-1] r.h.l.a.service.FilmCacheService         : film-cache stats: size=310 ttlMs=30000 lastRefreshAtMs=1778100446818 hits=3666 misses=1 refreshes=1
2026-05-06T20:47:50.507Z  INFO 1 --- [lab8-additional-service] [   scheduling-1] r.h.l.a.o.ObservabilityService           : [lab8-additional-service] observability refresh
window 10s
  calc.additional.maxViewersSummary             n= 1988 err=   0 errRate=  0.00% avg=   66.26 min=   16.86 max=  399.22 p50=   56.72 p95=  128.79 p99=  218.54 rps= 198.80
  controller.AnalyticsController.maxViewersSummary n= 1988 err=   0 errRate=  0.00% avg=   66.91 min=   17.13 max=  400.29 p50=   57.45 p95=  129.09 p99=  219.06 rps= 198.80
  s2s.crud.fetchAllTickets                      n= 1988 err=   0 errRate=  0.00% avg=   66.14 min=   16.81 max=  399.16 p50=   56.63 p95=  128.71 p99=  218.48 rps= 198.80
window 30s
  calc.additional.maxViewersSummary             n= 3753 err=   0 errRate=  0.00% avg=   95.33 min=   16.86 max= 1087.79 p50=   80.58 p95=  193.06 p99=  404.86 rps= 125.10
  controller.AnalyticsController.maxViewersSummary n= 3753 err=   0 errRate=  0.00% avg=   97.69 min=   17.13 max= 1267.49 p50=   81.44 p95=  194.52 p99=  405.65 rps= 125.10
  controller.ObservabilityController.getStats   n=    1 err=   0 errRate=  0.00% avg=  142.17 min=  142.17 max=  142.17 p50=  142.17 p95=  142.17 p99=  142.17 rps=   0.03
  s2s.crud.fetchAllTickets                      n= 3753 err=   0 errRate=  0.00% avg=   88.01 min=   16.81 max=  571.31 p50=   80.36 p95=  186.08 p99=  272.13 rps= 125.10
  s2s.crud.fetchFilms                           n=    1 err=   0 errRate=  0.00% avg=  848.45 min=  848.45 max=  848.45 p50=  848.45 p95=  848.45 p99=  848.45 rps=   0.03
window 1m
  calc.additional.maxViewersSummary             n= 3753 err=   0 errRate=  0.00% avg=   95.33 min=   16.86 max= 1087.79 p50=   80.58 p95=  193.06 p99=  404.86 rps=  62.55
  controller.AnalyticsController.maxViewersSummary n= 3753 err=   0 errRate=  0.00% avg=   97.69 min=   17.13 max= 1267.49 p50=   81.44 p95=  194.52 p99=  405.65 rps=  62.55
  controller.ObservabilityController.getStats   n=    1 err=   0 errRate=  0.00% avg=  142.17 min=  142.17 max=  142.17 p50=  142.17 p95=  142.17 p99=  142.17 rps=   0.02
  s2s.crud.fetchAllTickets                      n= 3753 err=   0 errRate=  0.00% avg=   88.01 min=   16.81 max=  571.31 p50=   80.36 p95=  186.08 p99=  272.13 rps=  62.55
  s2s.crud.fetchFilms                           n=    1 err=   0 errRate=  0.00% avg=  848.45 min=  848.45 max=  848.45 p50=  848.45 p95=  848.45 p99=  848.45 rps=   0.02

2026-05-06T20:47:51.519Z  INFO 1 --- [lab8-additional-service] [   scheduling-1] r.h.l.a.o.ObservabilityService           : [lab8-additional-service] observability refresh
window 10s
  calc.additional.maxViewersSummary             n= 1993 err=   0 errRate=  0.00% avg=   64.62 min=   16.86 max=  253.83 p50=   56.05 p95=  126.09 p99=  189.21 rps= 199.30
  controller.AnalyticsController.maxViewersSummary n= 1993 err=   0 errRate=  0.00% avg=   65.26 min=   17.13 max=  254.06 p50=   56.68 p95=  126.65 p99=  189.93 rps= 199.30
  s2s.crud.fetchAllTickets                      n= 1993 err=   0 errRate=  0.00% avg=   64.51 min=   16.81 max=  253.77 p50=   55.98 p95=  126.04 p99=  189.13 rps= 199.30
window 30s
  calc.additional.maxViewersSummary             n= 3942 err=   0 errRate=  0.00% avg=   94.18 min=   16.86 max= 1087.79 p50=   80.07 p95=  190.92 p99=  397.51 rps= 131.40
  controller.AnalyticsController.maxViewersSummary n= 3942 err=   0 errRate=  0.00% avg=   96.46 min=   17.13 max= 1267.49 p50=   81.02 p95=  191.66 p99=  398.24 rps= 131.40
  controller.ObservabilityController.getStats   n=    1 err=   0 errRate=  0.00% avg=  142.17 min=  142.17 max=  142.17 p50=  142.17 p95=  142.17 p99=  142.17 rps=   0.03
  s2s.crud.fetchAllTickets                      n= 3942 err=   0 errRate=  0.00% avg=   87.20 min=   16.81 max=  571.31 p50=   79.78 p95=  184.94 p99=  263.49 rps= 131.40
  s2s.crud.fetchFilms                           n=    1 err=   0 errRate=  0.00% avg=  848.45 min=  848.45 max=  848.45 p50=  848.45 p95=  848.45 p99=  848.45 rps=   0.03
window 1m
  calc.additional.maxViewersSummary             n= 3942 err=   0 errRate=  0.00% avg=   94.18 min=   16.86 max= 1087.79 p50=   80.07 p95=  190.92 p99=  397.51 rps=  65.70
  controller.AnalyticsController.maxViewersSummary n= 3942 err=   0 errRate=  0.00% avg=   96.46 min=   17.13 max= 1267.49 p50=   81.02 p95=  191.66 p99=  398.24 rps=  65.70
  controller.ObservabilityController.getStats   n=    1 err=   0 errRate=  0.00% avg=  142.17 min=  142.17 max=  142.17 p50=  142.17 p95=  142.17 p99=  142.17 rps=   0.02
  s2s.crud.fetchAllTickets                      n= 3942 err=   0 errRate=  0.00% avg=   87.20 min=   16.81 max=  571.31 p50=   79.78 p95=  184.94 p99=  263.49 rps=  65.70
  s2s.crud.fetchFilms                           n=    1 err=   0 errRate=  0.00% avg=  848.45 min=  848.45 max=  848.45 p50=  848.45 p95=  848.45 p99=  848.45 rps=   0.02

2026-05-06T20:47:52.529Z  INFO 1 --- [lab8-additional-service] [   scheduling-1] r.h.l.a.o.ObservabilityService           : [lab8-additional-service] observability refresh
window 10s
  calc.additional.maxViewersSummary             n= 2005 err=   0 errRate=  0.00% avg=   65.69 min=   15.23 max=  305.10 p50=   56.73 p95=  129.26 p99=  189.15 rps= 200.50
  controller.AnalyticsController.maxViewersSummary n= 2005 err=   0 errRate=  0.00% avg=   66.33 min=   15.59 max=  305.43 p50=   57.36 p95=  129.69 p99=  189.36 rps= 200.50
  s2s.crud.fetchAllTickets                      n= 2005 err=   0 errRate=  0.00% avg=   65.58 min=   15.17 max=  305.03 p50=   56.62 p95=  129.19 p99=  189.07 rps= 200.50
window 30s
  calc.additional.maxViewersSummary             n= 4143 err=   0 errRate=  0.00% avg=   93.40 min=   15.23 max= 1087.79 p50=   79.45 p95=  189.77 p99=  389.85 rps= 138.10
  controller.AnalyticsController.maxViewersSummary n= 4143 err=   0 errRate=  0.00% avg=   95.59 min=   15.59 max= 1267.49 p50=   80.47 p95=  190.89 p99=  390.20 rps= 138.10
  controller.ObservabilityController.getStats   n=    1 err=   0 errRate=  0.00% avg=  142.17 min=  142.17 max=  142.17 p50=  142.17 p95=  142.17 p99=  142.17 rps=   0.03
  s2s.crud.fetchAllTickets                      n= 4143 err=   0 errRate=  0.00% avg=   86.76 min=   15.17 max=  571.31 p50=   79.32 p95=  183.42 p99=  261.20 rps= 138.10
  s2s.crud.fetchFilms                           n=    1 err=   0 errRate=  0.00% avg=  848.45 min=  848.45 max=  848.45 p50=  848.45 p95=  848.45 p99=  848.45 rps=   0.03
window 1m
  calc.additional.maxViewersSummary             n= 4143 err=   0 errRate=  0.00% avg=   93.40 min=   15.23 max= 1087.79 p50=   79.45 p95=  189.77 p99=  389.85 rps=  69.05
  controller.AnalyticsController.maxViewersSummary n= 4143 err=   0 errRate=  0.00% avg=   95.59 min=   15.59 max= 1267.49 p50=   80.47 p95=  190.89 p99=  390.20 rps=  69.05
  controller.ObservabilityController.getStats   n=    1 err=   0 errRate=  0.00% avg=  142.17 min=  142.17 max=  142.17 p50=  142.17 p95=  142.17 p99=  142.17 rps=   0.02
  s2s.crud.fetchAllTickets                      n= 4143 err=   0 errRate=  0.00% avg=   86.76 min=   15.17 max=  571.31 p50=   79.32 p95=  183.42 p99=  261.20 rps=  69.05
  s2s.crud.fetchFilms                           n=    1 err=   0 errRate=  0.00% avg=  848.45 min=  848.45 max=  848.45 p50=  848.45 p95=  848.45 p99=  848.45 rps=   0.02

2026-05-06T20:47:53.537Z  INFO 1 --- [lab8-additional-service] [   scheduling-1] r.h.l.a.o.ObservabilityService           : [lab8-additional-service] observability refresh
window 10s
  calc.additional.maxViewersSummary             n= 1990 err=   0 errRate=  0.00% avg=   66.78 min=   15.23 max=  305.10 p50=   56.94 p95=  135.80 p99=  191.37 rps= 199.00
  controller.AnalyticsController.maxViewersSummary n= 1990 err=   0 errRate=  0.00% avg=   67.40 min=   15.59 max=  305.43 p50=   57.72 p95=  137.01 p99=  191.66 rps= 199.00
  s2s.crud.fetchAllTickets                      n= 1990 err=   0 errRate=  0.00% avg=   66.67 min=   15.17 max=  305.03 p50=   56.87 p95=  135.73 p99=  191.30 rps= 199.00
window 30s
  calc.additional.maxViewersSummary             n= 4325 err=   0 errRate=  0.00% avg=   92.80 min=   15.23 max= 1087.79 p50=   79.20 p95=  188.59 p99=  350.65 rps= 144.17
  controller.AnalyticsController.maxViewersSummary n= 4325 err=   0 errRate=  0.00% avg=   94.92 min=   15.59 max= 1267.49 p50=   80.17 p95=  189.08 p99=  351.65 rps= 144.17
  controller.ObservabilityController.getStats   n=    1 err=   0 errRate=  0.00% avg=  142.17 min=  142.17 max=  142.17 p50=  142.17 p95=  142.17 p99=  142.17 rps=   0.03
  s2s.crud.fetchAllTickets                      n= 4325 err=   0 errRate=  0.00% avg=   86.44 min=   15.17 max=  571.31 p50=   79.06 p95=  182.67 p99=  258.84 rps= 144.17
  s2s.crud.fetchFilms                           n=    1 err=   0 errRate=  0.00% avg=  848.45 min=  848.45 max=  848.45 p50=  848.45 p95=  848.45 p99=  848.45 rps=   0.03
window 1m
  calc.additional.maxViewersSummary             n= 4325 err=   0 errRate=  0.00% avg=   92.80 min=   15.23 max= 1087.79 p50=   79.20 p95=  188.59 p99=  350.65 rps=  72.08
  controller.AnalyticsController.maxViewersSummary n= 4325 err=   0 errRate=  0.00% avg=   94.92 min=   15.59 max= 1267.49 p50=   80.17 p95=  189.08 p99=  351.65 rps=  72.08
  controller.ObservabilityController.getStats   n=    1 err=   0 errRate=  0.00% avg=  142.17 min=  142.17 max=  142.17 p50=  142.17 p95=  142.17 p99=  142.17 rps=   0.02
  s2s.crud.fetchAllTickets                      n= 4325 err=   0 errRate=  0.00% avg=   86.44 min=   15.17 max=  571.31 p50=   79.06 p95=  182.67 p99=  258.84 rps=  72.08
  s2s.crud.fetchFilms                           n=    1 err=   0 errRate=  0.00% avg=  848.45 min=  848.45 max=  848.45 p50=  848.45 p95=  848.45 p99=  848.45 rps=   0.02

2026-05-06T20:47:54.544Z  INFO 1 --- [lab8-additional-service] [   scheduling-1] r.h.l.a.o.ObservabilityService           : [lab8-additional-service] observability refresh
window 10s
  calc.additional.maxViewersSummary             n= 2070 err=   0 errRate=  0.00% avg=   62.22 min=   15.23 max=  305.10 p50=   52.40 p95=  132.26 p99=  181.32 rps= 207.00
  controller.AnalyticsController.maxViewersSummary n= 2070 err=   0 errRate=  0.00% avg=   62.83 min=   15.59 max=  305.43 p50=   52.90 p95=  132.77 p99=  182.75 rps= 207.00
  s2s.crud.fetchAllTickets                      n= 2070 err=   0 errRate=  0.00% avg=   62.11 min=   15.17 max=  305.03 p50=   52.23 p95=  132.21 p99=  181.18 rps= 207.00
window 30s
  calc.additional.maxViewersSummary             n= 4596 err=   0 errRate=  0.00% avg=   89.51 min=   15.23 max= 1087.79 p50=   75.48 p95=  185.74 p99=  331.68 rps= 153.20
  controller.AnalyticsController.maxViewersSummary n= 4596 err=   0 errRate=  0.00% avg=   91.54 min=   15.59 max= 1267.49 p50=   76.25 p95=  186.81 p99=  336.95 rps= 153.20
  controller.ObservabilityController.getStats   n=    1 err=   0 errRate=  0.00% avg=  142.17 min=  142.17 max=  142.17 p50=  142.17 p95=  142.17 p99=  142.17 rps=   0.03
  s2s.crud.fetchAllTickets                      n= 4596 err=   0 errRate=  0.00% avg=   83.51 min=   15.17 max=  571.31 p50=   75.38 p95=  180.33 p99=  253.87 rps= 153.20
  s2s.crud.fetchFilms                           n=    1 err=   0 errRate=  0.00% avg=  848.45 min=  848.45 max=  848.45 p50=  848.45 p95=  848.45 p99=  848.45 rps=   0.03
window 1m
  calc.additional.maxViewersSummary             n= 4596 err=   0 errRate=  0.00% avg=   89.51 min=   15.23 max= 1087.79 p50=   75.48 p95=  185.74 p99=  331.68 rps=  76.60
  controller.AnalyticsController.maxViewersSummary n= 4596 err=   0 errRate=  0.00% avg=   91.54 min=   15.59 max= 1267.49 p50=   76.25 p95=  186.81 p99=  336.95 rps=  76.60
  controller.ObservabilityController.getStats   n=    1 err=   0 errRate=  0.00% avg=  142.17 min=  142.17 max=  142.17 p50=  142.17 p95=  142.17 p99=  142.17 rps=   0.02
  s2s.crud.fetchAllTickets                      n= 4596 err=   0 errRate=  0.00% avg=   83.51 min=   15.17 max=  571.31 p50=   75.38 p95=  180.33 p99=  253.87 rps=  76.60
  s2s.crud.fetchFilms                           n=    1 err=   0 errRate=  0.00% avg=  848.45 min=  848.45 max=  848.45 p50=  848.45 p95=  848.45 p99=  848.45 rps=   0.02

2026-05-06T20:47:55.560Z  INFO 1 --- [lab8-additional-service] [   scheduling-1] r.h.l.a.o.ObservabilityService           : [lab8-additional-service] observability refresh
window 10s
  calc.additional.maxViewersSummary             n= 2162 err=   0 errRate=  0.00% avg=   58.40 min=   15.23 max=  305.10 p50=   47.82 p95=  127.75 p99=  177.29 rps= 216.20
  controller.AnalyticsController.maxViewersSummary n= 2162 err=   0 errRate=  0.00% avg=   59.01 min=   15.59 max=  305.43 p50=   48.67 p95=  128.00 p99=  177.85 rps= 216.20
  s2s.crud.fetchAllTickets                      n= 2162 err=   0 errRate=  0.00% avg=   58.29 min=   15.17 max=  305.03 p50=   47.76 p95=  127.70 p99=  177.18 rps= 216.20
window 30s
  calc.additional.maxViewersSummary             n= 4873 err=   0 errRate=  0.00% avg=   86.67 min=   15.23 max= 1087.79 p50=   72.11 p95=  182.76 p99=  320.60 rps= 162.43
  controller.AnalyticsController.maxViewersSummary n= 4873 err=   0 errRate=  0.00% avg=   88.61 min=   15.59 max= 1267.49 p50=   73.01 p95=  183.89 p99=  321.92 rps= 162.43
  controller.ObservabilityController.getStats   n=    1 err=   0 errRate=  0.00% avg=  142.17 min=  142.17 max=  142.17 p50=  142.17 p95=  142.17 p99=  142.17 rps=   0.03
  s2s.crud.fetchAllTickets                      n= 4873 err=   0 errRate=  0.00% avg=   81.00 min=   15.17 max=  571.31 p50=   71.96 p95=  175.41 p99=  250.51 rps= 162.43
  s2s.crud.fetchFilms                           n=    1 err=   0 errRate=  0.00% avg=  848.45 min=  848.45 max=  848.45 p50=  848.45 p95=  848.45 p99=  848.45 rps=   0.03
window 1m
  calc.additional.maxViewersSummary             n= 4873 err=   0 errRate=  0.00% avg=   86.67 min=   15.23 max= 1087.79 p50=   72.11 p95=  182.76 p99=  320.60 rps=  81.22
  controller.AnalyticsController.maxViewersSummary n= 4873 err=   0 errRate=  0.00% avg=   88.61 min=   15.59 max= 1267.49 p50=   73.01 p95=  183.89 p99=  321.92 rps=  81.22
  controller.ObservabilityController.getStats   n=    1 err=   0 errRate=  0.00% avg=  142.17 min=  142.17 max=  142.17 p50=  142.17 p95=  142.17 p99=  142.17 rps=   0.02
  s2s.crud.fetchAllTickets                      n= 4873 err=   0 errRate=  0.00% avg=   81.00 min=   15.17 max=  571.31 p50=   71.96 p95=  175.41 p99=  250.51 rps=  81.22
  s2s.crud.fetchFilms                           n=    1 err=   0 errRate=  0.00% avg=  848.45 min=  848.45 max=  848.45 p50=  848.45 p95=  848.45 p99=  848.45 rps=   0.02

2026-05-06T20:47:56.571Z  INFO 1 --- [lab8-additional-service] [   scheduling-1] r.h.l.a.o.ObservabilityService           : [lab8-additional-service] observability refresh
window 10s
  calc.additional.maxViewersSummary             n= 2215 err=   0 errRate=  0.00% avg=   56.33 min=   14.50 max=  305.10 p50=   43.92 p95=  127.37 p99=  176.93 rps= 221.50
  controller.AnalyticsController.maxViewersSummary n= 2215 err=   0 errRate=  0.00% avg=   56.94 min=   15.10 max=  305.43 p50=   44.71 p95=  127.84 p99=  177.42 rps= 221.50
  s2s.crud.fetchAllTickets                      n= 2215 err=   0 errRate=  0.00% avg=   56.22 min=   14.42 max=  305.03 p50=   43.83 p95=  127.31 p99=  176.85 rps= 221.50
window 30s
  calc.additional.maxViewersSummary             n= 5156 err=   0 errRate=  0.00% avg=   83.82 min=   14.50 max= 1087.79 p50=   67.67 p95=  178.95 p99=  303.10 rps= 171.87
  controller.AnalyticsController.maxViewersSummary n= 5156 err=   0 errRate=  0.00% avg=   85.70 min=   15.10 max= 1267.49 p50=   68.63 p95=  181.17 p99=  304.78 rps= 171.87
  s2s.crud.fetchAllTickets                      n= 5156 err=   0 errRate=  0.00% avg=   78.47 min=   14.42 max=  571.31 p50=   67.56 p95=  170.77 p99=  248.81 rps= 171.87
  s2s.crud.fetchFilms                           n=    1 err=   0 errRate=  0.00% avg=  848.45 min=  848.45 max=  848.45 p50=  848.45 p95=  848.45 p99=  848.45 rps=   0.03
window 1m
  calc.additional.maxViewersSummary             n= 5156 err=   0 errRate=  0.00% avg=   83.82 min=   14.50 max= 1087.79 p50=   67.67 p95=  178.95 p99=  303.10 rps=  85.93
  controller.AnalyticsController.maxViewersSummary n= 5156 err=   0 errRate=  0.00% avg=   85.70 min=   15.10 max= 1267.49 p50=   68.63 p95=  181.17 p99=  304.78 rps=  85.93
  controller.ObservabilityController.getStats   n=    1 err=   0 errRate=  0.00% avg=  142.17 min=  142.17 max=  142.17 p50=  142.17 p95=  142.17 p99=  142.17 rps=   0.02
  s2s.crud.fetchAllTickets                      n= 5156 err=   0 errRate=  0.00% avg=   78.47 min=   14.42 max=  571.31 p50=   67.56 p95=  170.77 p99=  248.81 rps=  85.93
  s2s.crud.fetchFilms                           n=    1 err=   0 errRate=  0.00% avg=  848.45 min=  848.45 max=  848.45 p50=  848.45 p95=  848.45 p99=  848.45 rps=   0.02

2026-05-06T20:47:57.592Z  INFO 1 --- [lab8-additional-service] [   scheduling-1] r.h.l.a.o.ObservabilityService           : [lab8-additional-service] observability refresh
window 10s
  calc.additional.maxViewersSummary             n= 2240 err=   0 errRate=  0.00% avg=   55.79 min=   14.50 max=  305.10 p50=   42.11 p95=  132.33 p99=  182.86 rps= 224.00
  controller.AnalyticsController.maxViewersSummary n= 2240 err=   0 errRate=  0.00% avg=   56.40 min=   15.10 max=  305.43 p50=   42.87 p95=  133.56 p99=  184.13 rps= 224.00
  s2s.crud.fetchAllTickets                      n= 2240 err=   0 errRate=  0.00% avg=   54.43 min=   14.42 max=  305.03 p50=   41.57 p95=  125.46 p99=  176.35 rps= 224.00
  s2s.crud.fetchFilms                           n=    1 err=   0 errRate=  0.00% avg=  148.78 min=  148.78 max=  148.78 p50=  148.78 p95=  148.78 p99=  148.78 rps=   0.10
window 30s
  calc.additional.maxViewersSummary             n= 5383 err=   0 errRate=  0.00% avg=   82.80 min=   14.50 max= 1087.79 p50=   66.23 p95=  178.68 p99=  298.91 rps= 179.43
  controller.AnalyticsController.maxViewersSummary n= 5382 err=   0 errRate=  0.00% avg=   84.63 min=   15.10 max= 1267.49 p50=   67.15 p95=  179.65 p99=  300.31 rps= 179.40
  s2s.crud.fetchAllTickets                      n= 5383 err=   0 errRate=  0.00% avg=   77.14 min=   14.42 max=  571.31 p50=   65.57 p95=  168.65 p99=  246.03 rps= 179.43
  s2s.crud.fetchFilms                           n=    2 err=   0 errRate=  0.00% avg=  498.61 min=  148.78 max=  848.45 p50=  498.61 p95=  813.47 p99=  841.45 rps=   0.07
window 1m
  calc.additional.maxViewersSummary             n= 5383 err=   0 errRate=  0.00% avg=   82.80 min=   14.50 max= 1087.79 p50=   66.23 p95=  178.68 p99=  298.91 rps=  89.72
  controller.AnalyticsController.maxViewersSummary n= 5382 err=   0 errRate=  0.00% avg=   84.63 min=   15.10 max= 1267.49 p50=   67.15 p95=  179.65 p99=  300.31 rps=  89.70
  controller.ObservabilityController.getStats   n=    1 err=   0 errRate=  0.00% avg=  142.17 min=  142.17 max=  142.17 p50=  142.17 p95=  142.17 p99=  142.17 rps=   0.02
  s2s.crud.fetchAllTickets                      n= 5383 err=   0 errRate=  0.00% avg=   77.14 min=   14.42 max=  571.31 p50=   65.57 p95=  168.65 p99=  246.03 rps=  89.72
  s2s.crud.fetchFilms                           n=    2 err=   0 errRate=  0.00% avg=  498.61 min=  148.78 max=  848.45 p50=  498.61 p95=  813.47 p99=  841.45 rps=   0.03

2026-05-06T20:47:58.605Z  INFO 1 --- [lab8-additional-service] [   scheduling-1] r.h.l.a.o.ObservabilityService           : [lab8-additional-service] observability refresh
window 10s
  calc.additional.maxViewersSummary             n= 2224 err=   0 errRate=  0.00% avg=   56.52 min=   14.50 max=  305.10 p50=   42.44 p95=  137.19 p99=  187.74 rps= 222.40
  controller.AnalyticsController.maxViewersSummary n= 2224 err=   0 errRate=  0.00% avg=   57.13 min=   15.10 max=  305.43 p50=   43.02 p95=  138.20 p99=  188.31 rps= 222.40
  s2s.crud.fetchAllTickets                      n= 2224 err=   0 errRate=  0.00% avg=   55.15 min=   14.42 max=  305.03 p50=   41.98 p95=  129.19 p99=  179.90 rps= 222.40
  s2s.crud.fetchFilms                           n=    1 err=   0 errRate=  0.00% avg=  148.78 min=  148.78 max=  148.78 p50=  148.78 p95=  148.78 p99=  148.78 rps=   0.10
window 30s
  calc.additional.maxViewersSummary             n= 5503 err=   0 errRate=  0.00% avg=   76.22 min=   14.50 max=  571.43 p50=   64.07 p95=  167.01 p99=  243.69 rps= 183.43
  controller.AnalyticsController.maxViewersSummary n= 5503 err=   0 errRate=  0.00% avg=   77.08 min=   15.10 max=  572.39 p50=   64.98 p95=  167.86 p99=  245.32 rps= 183.43
  s2s.crud.fetchAllTickets                      n= 5503 err=   0 errRate=  0.00% avg=   75.56 min=   14.42 max=  571.31 p50=   63.65 p95=  164.73 p99=  243.62 rps= 183.43
  s2s.crud.fetchFilms                           n=    1 err=   0 errRate=  0.00% avg=  148.78 min=  148.78 max=  148.78 p50=  148.78 p95=  148.78 p99=  148.78 rps=   0.03
window 1m
  calc.additional.maxViewersSummary             n= 5591 err=   0 errRate=  0.00% avg=   82.06 min=   14.50 max= 1087.79 p50=   65.02 p95=  177.61 p99=  297.99 rps=  93.18
  controller.AnalyticsController.maxViewersSummary n= 5591 err=   0 errRate=  0.00% avg=   83.83 min=   15.10 max= 1267.49 p50=   65.82 p95=  178.61 p99=  298.48 rps=  93.18
  controller.ObservabilityController.getStats   n=    1 err=   0 errRate=  0.00% avg=  142.17 min=  142.17 max=  142.17 p50=  142.17 p95=  142.17 p99=  142.17 rps=   0.02
  s2s.crud.fetchAllTickets                      n= 5591 err=   0 errRate=  0.00% avg=   76.61 min=   14.42 max=  571.31 p50=   64.53 p95=  167.70 p99=  244.94 rps=  93.18
  s2s.crud.fetchFilms                           n=    2 err=   0 errRate=  0.00% avg=  498.61 min=  148.78 max=  848.45 p50=  498.61 p95=  813.47 p99=  841.45 rps=   0.03

2026-05-06T20:47:59.621Z  INFO 1 --- [lab8-additional-service] [   scheduling-1] r.h.l.a.o.ObservabilityService           : [lab8-additional-service] observability refresh
window 10s
  calc.additional.maxViewersSummary             n= 2231 err=   0 errRate=  0.00% avg=   56.42 min=   14.50 max=  305.10 p50=   43.51 p95=  135.91 p99=  181.43 rps= 223.10
  controller.AnalyticsController.maxViewersSummary n= 2231 err=   0 errRate=  0.00% avg=   57.01 min=   15.10 max=  305.43 p50=   44.06 p95=  136.92 p99=  182.76 rps= 223.10
  s2s.crud.fetchAllTickets                      n= 2231 err=   0 errRate=  0.00% avg=   55.05 min=   14.42 max=  305.03 p50=   42.96 p95=  127.71 p99=  164.62 rps= 223.10
  s2s.crud.fetchFilms                           n=    1 err=   0 errRate=  0.00% avg=  148.78 min=  148.78 max=  148.78 p50=  148.78 p95=  148.78 p99=  148.78 rps=   0.10
window 30s
  calc.additional.maxViewersSummary             n= 5559 err=   0 errRate=  0.00% avg=   75.29 min=   14.50 max=  571.43 p50=   62.96 p95=  164.63 p99=  243.47 rps= 185.30
  controller.AnalyticsController.maxViewersSummary n= 5559 err=   0 errRate=  0.00% avg=   76.07 min=   15.10 max=  572.39 p50=   63.68 p95=  165.72 p99=  243.66 rps= 185.30
  s2s.crud.fetchAllTickets                      n= 5559 err=   0 errRate=  0.00% avg=   74.64 min=   14.42 max=  571.31 p50=   62.45 p95=  161.41 p99=  243.40 rps= 185.30
  s2s.crud.fetchFilms                           n=    1 err=   0 errRate=  0.00% avg=  148.78 min=  148.78 max=  148.78 p50=  148.78 p95=  148.78 p99=  148.78 rps=   0.03
window 1m
  calc.additional.maxViewersSummary             n= 5786 err=   0 errRate=  0.00% avg=   81.76 min=   14.50 max= 1087.79 p50=   65.21 p95=  173.23 p99=  296.07 rps=  96.43
  controller.AnalyticsController.maxViewersSummary n= 5786 err=   0 errRate=  0.00% avg=   83.49 min=   15.10 max= 1267.49 p50=   66.10 p95=  176.30 p99=  297.96 rps=  96.43
  controller.ObservabilityController.getStats   n=    1 err=   0 errRate=  0.00% avg=  142.17 min=  142.17 max=  142.17 p50=  142.17 p95=  142.17 p99=  142.17 rps=   0.02
  s2s.crud.fetchAllTickets                      n= 5786 err=   0 errRate=  0.00% avg=   76.48 min=   14.42 max=  571.31 p50=   64.78 p95=  166.30 p99=  243.64 rps=  96.43
  s2s.crud.fetchFilms                           n=    2 err=   0 errRate=  0.00% avg=  498.61 min=  148.78 max=  848.45 p50=  498.61 p95=  813.47 p99=  841.45 rps=   0.03

2026-05-06T20:47:59.999Z  INFO 1 --- [lab8-additional-service] [   scheduling-1] r.h.l.a.service.FilmCacheService         : film-cache stats: size=310 ttlMs=30000 lastRefreshAtMs=1778100476819 hits=5892 misses=2 refreshes=2
2026-05-06T20:48:00.638Z  INFO 1 --- [lab8-additional-service] [   scheduling-1] r.h.l.a.o.ObservabilityService           : [lab8-additional-service] observability refresh
window 10s
  calc.additional.maxViewersSummary             n= 2212 err=   0 errRate=  0.00% avg=   57.66 min=   14.50 max=  305.10 p50=   45.13 p95=  136.72 p99=  182.12 rps= 221.20
  controller.AnalyticsController.maxViewersSummary n= 2212 err=   0 errRate=  0.00% avg=   58.22 min=   15.07 max=  305.43 p50=   45.76 p95=  138.09 p99=  183.10 rps= 221.20
  s2s.crud.fetchAllTickets                      n= 2212 err=   0 errRate=  0.00% avg=   56.29 min=   14.42 max=  305.03 p50=   44.63 p95=  128.21 p99=  168.91 rps= 221.20
  s2s.crud.fetchFilms                           n=    1 err=   0 errRate=  0.00% avg=  148.78 min=  148.78 max=  148.78 p50=  148.78 p95=  148.78 p99=  148.78 rps=   0.10
window 30s
  calc.additional.maxViewersSummary             n= 5646 err=   0 errRate=  0.00% avg=   73.80 min=   14.50 max=  571.43 p50=   61.42 p95=  163.00 p99=  242.89 rps= 188.20
  controller.AnalyticsController.maxViewersSummary n= 5646 err=   0 errRate=  0.00% avg=   74.53 min=   15.07 max=  572.39 p50=   62.10 p95=  164.54 p99=  243.10 rps= 188.20
  s2s.crud.fetchAllTickets                      n= 5646 err=   0 errRate=  0.00% avg=   73.17 min=   14.42 max=  571.31 p50=   61.02 p95=  160.32 p99=  242.84 rps= 188.20
  s2s.crud.fetchFilms                           n=    1 err=   0 errRate=  0.00% avg=  148.78 min=  148.78 max=  148.78 p50=  148.78 p95=  148.78 p99=  148.78 rps=   0.03
window 1m
  calc.additional.maxViewersSummary             n= 6008 err=   0 errRate=  0.00% avg=   80.98 min=   14.50 max= 1087.79 p50=   64.82 p95=  170.92 p99=  294.07 rps= 100.13
  controller.AnalyticsController.maxViewersSummary n= 6008 err=   0 errRate=  0.00% avg=   82.67 min=   15.07 max= 1267.49 p50=   65.41 p95=  173.39 p99=  294.45 rps= 100.13
  controller.ObservabilityController.getStats   n=    1 err=   0 errRate=  0.00% avg=  142.17 min=  142.17 max=  142.17 p50=  142.17 p95=  142.17 p99=  142.17 rps=   0.02
  s2s.crud.fetchAllTickets                      n= 6008 err=   0 errRate=  0.00% avg=   75.90 min=   14.42 max=  571.31 p50=   64.36 p95=  164.96 p99=  242.34 rps= 100.13
  s2s.crud.fetchFilms                           n=    2 err=   0 errRate=  0.00% avg=  498.61 min=  148.78 max=  848.45 p50=  498.61 p95=  813.47 p99=  841.45 rps=   0.03

2026-05-06T20:48:01.653Z  INFO 1 --- [lab8-additional-service] [   scheduling-1] r.h.l.a.o.ObservabilityService           : [lab8-additional-service] observability refresh
window 10s
  calc.additional.maxViewersSummary             n= 2285 err=   0 errRate=  0.00% avg=   54.00 min=   14.50 max=  242.39 p50=   42.64 p95=  125.46 p99=  177.49 rps= 228.50
  controller.AnalyticsController.maxViewersSummary n= 2285 err=   0 errRate=  0.00% avg=   54.53 min=   15.07 max=  242.62 p50=   43.35 p95=  125.99 p99=  178.17 rps= 228.50
  s2s.crud.fetchAllTickets                      n= 2285 err=   0 errRate=  0.00% avg=   52.67 min=   14.42 max=  242.35 p50=   42.18 p95=  118.32 p99=  160.74 rps= 228.50
  s2s.crud.fetchFilms                           n=    1 err=   0 errRate=  0.00% avg=  148.78 min=  148.78 max=  148.78 p50=  148.78 p95=  148.78 p99=  148.78 rps=   0.10
window 30s
  calc.additional.maxViewersSummary             n= 5760 err=   0 errRate=  0.00% avg=   71.70 min=   14.50 max=  571.43 p50=   58.51 p95=  160.29 p99=  242.35 rps= 192.00
  controller.AnalyticsController.maxViewersSummary n= 5760 err=   0 errRate=  0.00% avg=   72.40 min=   15.07 max=  572.39 p50=   59.29 p95=  161.58 p99=  242.61 rps= 192.00
  s2s.crud.fetchAllTickets                      n= 5760 err=   0 errRate=  0.00% avg=   71.09 min=   14.42 max=  571.31 p50=   58.22 p95=  157.25 p99=  242.29 rps= 192.00
  s2s.crud.fetchFilms                           n=    1 err=   0 errRate=  0.00% avg=  148.78 min=  148.78 max=  148.78 p50=  148.78 p95=  148.78 p99=  148.78 rps=   0.03
window 1m
  calc.additional.maxViewersSummary             n= 6258 err=   0 errRate=  0.00% avg=   79.58 min=   14.50 max= 1087.79 p50=   63.39 p95=  168.14 p99=  287.74 rps= 104.30
  controller.AnalyticsController.maxViewersSummary n= 6258 err=   0 errRate=  0.00% avg=   81.22 min=   15.07 max= 1267.49 p50=   64.18 p95=  170.90 p99=  288.21 rps= 104.30
  controller.ObservabilityController.getStats   n=    1 err=   0 errRate=  0.00% avg=  142.17 min=  142.17 max=  142.17 p50=  142.17 p95=  142.17 p99=  142.17 rps=   0.02
  s2s.crud.fetchAllTickets                      n= 6258 err=   0 errRate=  0.00% avg=   74.70 min=   14.42 max=  571.31 p50=   62.89 p95=  162.95 p99=  239.52 rps= 104.30
  s2s.crud.fetchFilms                           n=    2 err=   0 errRate=  0.00% avg=  498.61 min=  148.78 max=  848.45 p50=  498.61 p95=  813.47 p99=  841.45 rps=   0.03

2026-05-06T20:48:02.683Z  INFO 1 --- [lab8-additional-service] [   scheduling-1] r.h.l.a.o.ObservabilityService           : [lab8-additional-service] observability refresh
window 10s
  calc.additional.maxViewersSummary             n= 2336 err=   0 errRate=  0.00% avg=   51.81 min=   14.38 max=  247.38 p50=   40.17 p95=  121.29 p99=  173.92 rps= 233.60
  controller.AnalyticsController.maxViewersSummary n= 2336 err=   0 errRate=  0.00% avg=   52.34 min=   14.62 max=  247.57 p50=   40.92 p95=  121.51 p99=  174.43 rps= 233.60
  s2s.crud.fetchAllTickets                      n= 2336 err=   0 errRate=  0.00% avg=   50.51 min=   14.33 max=  247.34 p50=   39.90 p95=  110.99 p99=  155.48 rps= 233.60
  s2s.crud.fetchFilms                           n=    1 err=   0 errRate=  0.00% avg=  148.78 min=  148.78 max=  148.78 p50=  148.78 p95=  148.78 p99=  148.78 rps=   0.10
window 30s
  calc.additional.maxViewersSummary             n= 5861 err=   0 errRate=  0.00% avg=   69.53 min=   14.38 max=  571.43 p50=   56.71 p95=  155.99 p99=  235.86 rps= 195.37
  controller.AnalyticsController.maxViewersSummary n= 5861 err=   0 errRate=  0.00% avg=   70.20 min=   14.62 max=  572.39 p50=   57.26 p95=  157.12 p99=  236.14 rps= 195.37
  s2s.crud.fetchAllTickets                      n= 5861 err=   0 errRate=  0.00% avg=   68.93 min=   14.33 max=  571.31 p50=   56.46 p95=  151.12 p99=  235.36 rps= 195.37
  s2s.crud.fetchFilms                           n=    1 err=   0 errRate=  0.00% avg=  148.78 min=  148.78 max=  148.78 p50=  148.78 p95=  148.78 p99=  148.78 rps=   0.03
window 1m
  calc.additional.maxViewersSummary             n= 6498 err=   0 errRate=  0.00% avg=   78.37 min=   14.38 max= 1087.79 p50=   62.18 p95=  167.04 p99=  285.86 rps= 108.30
  controller.AnalyticsController.maxViewersSummary n= 6498 err=   0 errRate=  0.00% avg=   79.96 min=   14.62 max= 1267.49 p50=   62.87 p95=  168.16 p99=  286.69 rps= 108.30
  controller.ObservabilityController.getStats   n=    1 err=   0 errRate=  0.00% avg=  142.17 min=  142.17 max=  142.17 p50=  142.17 p95=  142.17 p99=  142.17 rps=   0.02
  s2s.crud.fetchAllTickets                      n= 6498 err=   0 errRate=  0.00% avg=   73.67 min=   14.33 max=  571.31 p50=   61.94 p95=  161.24 p99=  236.74 rps= 108.30
  s2s.crud.fetchFilms                           n=    2 err=   0 errRate=  0.00% avg=  498.61 min=  148.78 max=  848.45 p50=  498.61 p95=  813.47 p99=  841.45 rps=   0.03

2026-05-06T20:48:03.693Z  INFO 1 --- [lab8-additional-service] [   scheduling-1] r.h.l.a.o.ObservabilityService           : [lab8-additional-service] observability refresh
window 10s
  calc.additional.maxViewersSummary             n= 2411 err=   0 errRate=  0.00% avg=   48.80 min=   14.38 max=  247.38 p50=   38.63 p95=  109.14 p99=  165.08 rps= 241.10
  controller.AnalyticsController.maxViewersSummary n= 2411 err=   0 errRate=  0.00% avg=   49.33 min=   14.62 max=  247.57 p50=   39.17 p95=  109.99 p99=  166.54 rps= 241.10
  s2s.crud.fetchAllTickets                      n= 2411 err=   0 errRate=  0.00% avg=   47.54 min=   14.33 max=  247.34 p50=   38.44 p95=  104.17 p99=  146.27 rps= 241.10
  s2s.crud.fetchFilms                           n=    1 err=   0 errRate=  0.00% avg=  148.78 min=  148.78 max=  148.78 p50=  148.78 p95=  148.78 p99=  148.78 rps=   0.10
window 30s
  calc.additional.maxViewersSummary             n= 5989 err=   0 errRate=  0.00% avg=   67.26 min=   14.38 max=  571.43 p50=   54.25 p95=  149.26 p99=  230.96 rps= 199.63
  controller.AnalyticsController.maxViewersSummary n= 5989 err=   0 errRate=  0.00% avg=   67.91 min=   14.62 max=  572.39 p50=   54.87 p95=  150.76 p99=  231.99 rps= 199.63
  s2s.crud.fetchAllTickets                      n= 5989 err=   0 errRate=  0.00% avg=   66.68 min=   14.33 max=  571.31 p50=   54.05 p95=  146.28 p99=  230.64 rps= 199.63
  s2s.crud.fetchFilms                           n=    1 err=   0 errRate=  0.00% avg=  148.78 min=  148.78 max=  148.78 p50=  148.78 p95=  148.78 p99=  148.78 rps=   0.03
window 1m
  calc.additional.maxViewersSummary             n= 6769 err=   0 errRate=  0.00% avg=   77.01 min=   14.38 max= 1087.79 p50=   60.21 p95=  165.19 p99=  273.31 rps= 112.82
  controller.AnalyticsController.maxViewersSummary n= 6769 err=   0 errRate=  0.00% avg=   78.55 min=   14.62 max= 1267.49 p50=   60.80 p95=  167.15 p99=  274.44 rps= 112.82
  controller.ObservabilityController.getStats   n=    1 err=   0 errRate=  0.00% avg=  142.17 min=  142.17 max=  142.17 p50=  142.17 p95=  142.17 p99=  142.17 rps=   0.02
  s2s.crud.fetchAllTickets                      n= 6769 err=   0 errRate=  0.00% avg=   72.49 min=   14.33 max=  571.31 p50=   59.96 p95=  160.19 p99=  235.74 rps= 112.82
  s2s.crud.fetchFilms                           n=    2 err=   0 errRate=  0.00% avg=  498.61 min=  148.78 max=  848.45 p50=  498.61 p95=  813.47 p99=  841.45 rps=   0.03

2026-05-06T20:48:04.712Z  INFO 1 --- [lab8-additional-service] [   scheduling-1] r.h.l.a.o.ObservabilityService           : [lab8-additional-service] observability refresh
window 10s
  calc.additional.maxViewersSummary             n= 2397 err=   0 errRate=  0.00% avg=   49.17 min=   14.38 max=  247.38 p50=   39.07 p95=  109.79 p99=  165.24 rps= 239.70
  controller.AnalyticsController.maxViewersSummary n= 2395 err=   0 errRate=  0.00% avg=   49.70 min=   14.62 max=  247.57 p50=   39.54 p95=  110.12 p99=  166.67 rps= 239.50
  s2s.crud.fetchAllTickets                      n= 2397 err=   0 errRate=  0.00% avg=   47.90 min=   14.33 max=  247.34 p50=   38.87 p95=  104.29 p99=  146.33 rps= 239.70
  s2s.crud.fetchFilms                           n=    1 err=   0 errRate=  0.00% avg=  148.78 min=  148.78 max=  148.78 p50=  148.78 p95=  148.78 p99=  148.78 rps=   0.10
window 30s
  calc.additional.maxViewersSummary             n= 6113 err=   0 errRate=  0.00% avg=   64.98 min=   14.38 max=  571.43 p50=   51.64 p95=  146.04 p99=  230.20 rps= 203.77
  controller.AnalyticsController.maxViewersSummary n= 6111 err=   0 errRate=  0.00% avg=   65.62 min=   14.62 max=  572.39 p50=   52.26 p95=  146.52 p99=  230.95 rps= 203.70
  s2s.crud.fetchAllTickets                      n= 6113 err=   0 errRate=  0.00% avg=   64.41 min=   14.33 max=  571.31 p50=   51.49 p95=  142.14 p99=  228.90 rps= 203.77
  s2s.crud.fetchFilms                           n=    1 err=   0 errRate=  0.00% avg=  148.78 min=  148.78 max=  148.78 p50=  148.78 p95=  148.78 p99=  148.78 rps=   0.03
window 1m
  calc.additional.maxViewersSummary             n= 7039 err=   0 errRate=  0.00% avg=   75.49 min=   14.38 max= 1087.79 p50=   58.20 p95=  163.16 p99=  263.71 rps= 117.32
  controller.AnalyticsController.maxViewersSummary n= 7037 err=   0 errRate=  0.00% avg=   77.01 min=   14.62 max= 1267.49 p50=   58.86 p95=  165.24 p99=  264.79 rps= 117.28
  controller.ObservabilityController.getStats   n=    1 err=   0 errRate=  0.00% avg=  142.17 min=  142.17 max=  142.17 p50=  142.17 p95=  142.17 p99=  142.17 rps=   0.02
  s2s.crud.fetchAllTickets                      n= 7039 err=   0 errRate=  0.00% avg=   71.14 min=   14.33 max=  571.31 p50=   58.01 p95=  157.92 p99=  234.73 rps= 117.32
  s2s.crud.fetchFilms                           n=    2 err=   0 errRate=  0.00% avg=  498.61 min=  148.78 max=  848.45 p50=  498.61 p95=  813.47 p99=  841.45 rps=   0.03

2026-05-06T20:48:05.738Z  INFO 1 --- [lab8-additional-service] [   scheduling-1] r.h.l.a.o.ObservabilityService           : [lab8-additional-service] observability refresh
window 10s
  calc.additional.maxViewersSummary             n= 2359 err=   0 errRate=  0.00% avg=   50.19 min=   14.38 max=  247.38 p50=   40.17 p95=  108.61 p99=  165.89 rps= 235.90
  controller.AnalyticsController.maxViewersSummary n= 2359 err=   0 errRate=  0.00% avg=   50.67 min=   14.62 max=  247.57 p50=   40.75 p95=  109.10 p99=  166.82 rps= 235.90
  s2s.crud.fetchAllTickets                      n= 2359 err=   0 errRate=  0.00% avg=   48.90 min=   14.33 max=  247.34 p50=   39.87 p95=  103.52 p99=  146.62 rps= 235.90
  s2s.crud.fetchFilms                           n=    1 err=   0 errRate=  0.00% avg=  148.78 min=  148.78 max=  148.78 p50=  148.78 p95=  148.78 p99=  148.78 rps=   0.10
window 30s
  calc.additional.maxViewersSummary             n= 6205 err=   0 errRate=  0.00% avg=   63.22 min=   14.38 max=  571.43 p50=   50.22 p95=  141.13 p99=  229.14 rps= 206.83
  controller.AnalyticsController.maxViewersSummary n= 6205 err=   0 errRate=  0.00% avg=   63.82 min=   14.62 max=  572.39 p50=   50.90 p95=  141.72 p99=  230.83 rps= 206.83
  s2s.crud.fetchAllTickets                      n= 6205 err=   0 errRate=  0.00% avg=   62.65 min=   14.33 max=  571.31 p50=   50.07 p95=  138.01 p99=  227.19 rps= 206.83
  s2s.crud.fetchFilms                           n=    1 err=   0 errRate=  0.00% avg=  148.78 min=  148.78 max=  148.78 p50=  148.78 p95=  148.78 p99=  148.78 rps=   0.03
window 1m
  calc.additional.maxViewersSummary             n= 7279 err=   0 errRate=  0.00% avg=   74.50 min=   14.38 max= 1087.79 p50=   57.14 p95=  161.52 p99=  259.94 rps= 121.32
  controller.AnalyticsController.maxViewersSummary n= 7279 err=   0 errRate=  0.00% avg=   75.97 min=   14.62 max= 1267.49 p50=   57.87 p95=  163.45 p99=  260.68 rps= 121.32
  controller.ObservabilityController.getStats   n=    1 err=   0 errRate=  0.00% avg=  142.17 min=  142.17 max=  142.17 p50=  142.17 p95=  142.17 p99=  142.17 rps=   0.02
  s2s.crud.fetchAllTickets                      n= 7279 err=   0 errRate=  0.00% avg=   70.29 min=   14.33 max=  571.31 p50=   56.96 p95=  156.80 p99=  233.42 rps= 121.32
  s2s.crud.fetchFilms                           n=    2 err=   0 errRate=  0.00% avg=  498.61 min=  148.78 max=  848.45 p50=  498.61 p95=  813.47 p99=  841.45 rps=   0.03

2026-05-06T20:48:06.759Z  INFO 1 --- [lab8-additional-service] [   scheduling-1] r.h.l.a.o.ObservabilityService           : [lab8-additional-service] observability refresh
window 10s
  calc.additional.maxViewersSummary             n= 2338 err=   0 errRate=  0.00% avg=   51.57 min=   14.38 max=  247.38 p50=   41.42 p95=  110.25 p99=  166.25 rps= 233.80
  controller.AnalyticsController.maxViewersSummary n= 2338 err=   0 errRate=  0.00% avg=   52.02 min=   14.58 max=  247.57 p50=   41.77 p95=  110.53 p99=  166.90 rps= 233.80
  s2s.crud.fetchAllTickets                      n= 2338 err=   0 errRate=  0.00% avg=   50.27 min=   14.05 max=  247.34 p50=   41.08 p95=  105.47 p99=  146.78 rps= 233.80
  s2s.crud.fetchFilms                           n=    1 err=   0 errRate=  0.00% avg=  148.78 min=  148.78 max=  148.78 p50=  148.78 p95=  148.78 p99=  148.78 rps=   0.10
window 30s
  calc.additional.maxViewersSummary             n= 6296 err=   0 errRate=  0.00% avg=   61.79 min=   14.38 max=  571.43 p50=   49.05 p95=  138.63 p99=  226.54 rps= 209.87
  controller.AnalyticsController.maxViewersSummary n= 6298 err=   0 errRate=  0.00% avg=   62.37 min=   14.58 max=  572.39 p50=   49.56 p95=  139.53 p99=  226.88 rps= 209.93
  s2s.crud.fetchAllTickets                      n= 6296 err=   0 errRate=  0.00% avg=   61.24 min=   14.05 max=  571.31 p50=   48.80 p95=  135.71 p99=  225.77 rps= 209.87
  s2s.crud.fetchFilms                           n=    1 err=   0 errRate=  0.00% avg=  148.78 min=  148.78 max=  148.78 p50=  148.78 p95=  148.78 p99=  148.78 rps=   0.03
window 1m
  calc.additional.maxViewersSummary             n= 7540 err=   0 errRate=  0.00% avg=   73.59 min=   14.38 max= 1087.79 p50=   56.53 p95=  160.31 p99=  255.09 rps= 125.67
  controller.AnalyticsController.maxViewersSummary n= 7540 err=   0 errRate=  0.00% avg=   75.01 min=   14.58 max= 1267.49 p50=   57.12 p95=  161.95 p99=  256.61 rps= 125.67
  controller.ObservabilityController.getStats   n=    1 err=   0 errRate=  0.00% avg=  142.17 min=  142.17 max=  142.17 p50=  142.17 p95=  142.17 p99=  142.17 rps=   0.02
  s2s.crud.fetchAllTickets                      n= 7540 err=   0 errRate=  0.00% avg=   69.52 min=   14.05 max=  571.31 p50=   56.26 p95=  154.72 p99=  231.54 rps= 125.67
  s2s.crud.fetchFilms                           n=    2 err=   0 errRate=  0.00% avg=  498.61 min=  148.78 max=  848.45 p50=  498.61 p95=  813.47 p99=  841.45 rps=   0.03

2026-05-06T20:48:07.766Z  INFO 1 --- [lab8-additional-service] [   scheduling-1] r.h.l.a.o.ObservabilityService           : [lab8-additional-service] observability refresh
window 10s
  calc.additional.maxViewersSummary             n= 2366 err=   0 errRate=  0.00% avg=   50.29 min=   14.38 max=  247.38 p50=   41.18 p95=  105.85 p99=  146.63 rps= 236.60
  controller.AnalyticsController.maxViewersSummary n= 2366 err=   0 errRate=  0.00% avg=   50.72 min=   14.58 max=  247.57 p50=   41.63 p95=  106.19 p99=  147.05 rps= 236.60
  s2s.crud.fetchAllTickets                      n= 2366 err=   0 errRate=  0.00% avg=   50.20 min=   14.05 max=  247.34 p50=   41.08 p95=  105.80 p99=  146.57 rps= 236.60
window 30s
  calc.additional.maxViewersSummary             n= 6418 err=   0 errRate=  0.00% avg=   60.27 min=   14.38 max=  571.43 p50=   47.80 p95=  134.74 p99=  225.29 rps= 213.93
  controller.AnalyticsController.maxViewersSummary n= 6418 err=   0 errRate=  0.00% avg=   60.83 min=   14.58 max=  572.39 p50=   48.24 p95=  135.62 p99=  225.72 rps= 213.93
  s2s.crud.fetchAllTickets                      n= 6418 err=   0 errRate=  0.00% avg=   59.73 min=   14.05 max=  571.31 p50=   47.64 p95=  131.62 p99=  224.76 rps= 213.93
  s2s.crud.fetchFilms                           n=    1 err=   0 errRate=  0.00% avg=  148.78 min=  148.78 max=  148.78 p50=  148.78 p95=  148.78 p99=  148.78 rps=   0.03
window 1m
  calc.additional.maxViewersSummary             n= 7800 err=   0 errRate=  0.00% avg=   72.61 min=   14.38 max= 1087.79 p50=   55.59 p95=  158.11 p99=  252.31 rps= 130.00
  controller.AnalyticsController.maxViewersSummary n= 7800 err=   0 errRate=  0.00% avg=   74.01 min=   14.58 max= 1267.49 p50=   56.23 p95=  160.56 p99=  254.07 rps= 130.00
  controller.ObservabilityController.getStats   n=    1 err=   0 errRate=  0.00% avg=  142.17 min=  142.17 max=  142.17 p50=  142.17 p95=  142.17 p99=  142.17 rps=   0.02
  s2s.crud.fetchAllTickets                      n= 7800 err=   0 errRate=  0.00% avg=   68.68 min=   14.05 max=  571.31 p50=   55.41 p95=  153.19 p99=  230.62 rps= 130.00
  s2s.crud.fetchFilms                           n=    2 err=   0 errRate=  0.00% avg=  498.61 min=  148.78 max=  848.45 p50=  498.61 p95=  813.47 p99=  841.45 rps=   0.03

2026-05-06T20:48:08.777Z  INFO 1 --- [lab8-additional-service] [   scheduling-1] r.h.l.a.o.ObservabilityService           : [lab8-additional-service] observability refresh
window 10s
  calc.additional.maxViewersSummary             n= 2422 err=   0 errRate=  0.00% avg=   47.98 min=   14.15 max=  247.38 p50=   39.42 p95=  102.28 p99=  140.17 rps= 242.20
  controller.AnalyticsController.maxViewersSummary n= 2422 err=   0 errRate=  0.00% avg=   48.39 min=   14.25 max=  247.57 p50=   39.88 p95=  102.92 p99=  140.49 rps= 242.20
  s2s.crud.fetchAllTickets                      n= 2422 err=   0 errRate=  0.00% avg=   47.90 min=   14.05 max=  247.34 p50=   39.29 p95=  102.24 p99=  140.00 rps= 242.20
window 30s
  calc.additional.maxViewersSummary             n= 6549 err=   0 errRate=  0.00% avg=   57.56 min=   14.15 max=  399.22 p50=   46.43 p95=  127.44 p99=  191.92 rps= 218.30
  controller.AnalyticsController.maxViewersSummary n= 6549 err=   0 errRate=  0.00% avg=   58.11 min=   14.25 max=  400.29 p50=   47.16 p95=  127.85 p99=  192.21 rps= 218.30
  s2s.crud.fetchAllTickets                      n= 6549 err=   0 errRate=  0.00% avg=   57.03 min=   14.05 max=  399.16 p50=   46.26 p95=  124.26 p99=  189.19 rps= 218.30
  s2s.crud.fetchFilms                           n=    1 err=   0 errRate=  0.00% avg=  148.78 min=  148.78 max=  148.78 p50=  148.78 p95=  148.78 p99=  148.78 rps=   0.03
window 1m
  calc.additional.maxViewersSummary             n= 8042 err=   0 errRate=  0.00% avg=   71.86 min=   14.15 max= 1087.79 p50=   54.74 p95=  157.49 p99=  249.25 rps= 134.03
  controller.AnalyticsController.maxViewersSummary n= 8042 err=   0 errRate=  0.00% avg=   73.22 min=   14.25 max= 1267.49 p50=   55.39 p95=  159.53 p99=  250.35 rps= 134.03
  controller.ObservabilityController.getStats   n=    1 err=   0 errRate=  0.00% avg=  142.17 min=  142.17 max=  142.17 p50=  142.17 p95=  142.17 p99=  142.17 rps=   0.02
  s2s.crud.fetchAllTickets                      n= 8042 err=   0 errRate=  0.00% avg=   68.04 min=   14.05 max=  571.31 p50=   54.49 p95=  151.68 p99=  228.35 rps= 134.03
  s2s.crud.fetchFilms                           n=    2 err=   0 errRate=  0.00% avg=  498.61 min=  148.78 max=  848.45 p50=  498.61 p95=  813.47 p99=  841.45 rps=   0.03

2026-05-06T20:48:09.797Z  INFO 1 --- [lab8-additional-service] [   scheduling-1] r.h.l.a.o.ObservabilityService           : [lab8-additional-service] observability refresh
window 10s
  calc.additional.maxViewersSummary             n= 2442 err=   0 errRate=  0.00% avg=   47.61 min=   14.15 max=  247.38 p50=   38.39 p95=  106.05 p99=  151.39 rps= 244.20
  controller.AnalyticsController.maxViewersSummary n= 2441 err=   0 errRate=  0.00% avg=   47.99 min=   14.25 max=  247.57 p50=   38.86 p95=  106.22 p99=  151.65 rps= 244.10
  s2s.crud.fetchAllTickets                      n= 2442 err=   0 errRate=  0.00% avg=   47.53 min=   14.05 max=  247.34 p50=   38.23 p95=  105.99 p99=  151.35 rps= 244.20
window 30s
  calc.additional.maxViewersSummary             n= 6583 err=   0 errRate=  0.00% avg=   57.11 min=   14.15 max=  399.22 p50=   45.54 p95=  128.15 p99=  194.85 rps= 219.43
  controller.AnalyticsController.maxViewersSummary n= 6584 err=   0 errRate=  0.00% avg=   57.63 min=   14.25 max=  400.29 p50=   46.18 p95=  128.83 p99=  195.08 rps= 219.47
  s2s.crud.fetchAllTickets                      n= 6583 err=   0 errRate=  0.00% avg=   56.58 min=   14.05 max=  399.16 p50=   45.27 p95=  124.88 p99=  191.38 rps= 219.43
  s2s.crud.fetchFilms                           n=    1 err=   0 errRate=  0.00% avg=  148.78 min=  148.78 max=  148.78 p50=  148.78 p95=  148.78 p99=  148.78 rps=   0.03
window 1m
  calc.additional.maxViewersSummary             n= 8263 err=   0 errRate=  0.00% avg=   71.59 min=   14.15 max= 1087.79 p50=   54.40 p95=  157.71 p99=  247.90 rps= 137.72
  controller.AnalyticsController.maxViewersSummary n= 8262 err=   0 errRate=  0.00% avg=   72.92 min=   14.25 max= 1267.49 p50=   54.96 p95=  159.53 p99=  248.20 rps= 137.70
  controller.ObservabilityController.getStats   n=    1 err=   0 errRate=  0.00% avg=  142.17 min=  142.17 max=  142.17 p50=  142.17 p95=  142.17 p99=  142.17 rps=   0.02
  s2s.crud.fetchAllTickets                      n= 8263 err=   0 errRate=  0.00% avg=   67.87 min=   14.05 max=  571.31 p50=   54.19 p95=  152.00 p99=  225.99 rps= 137.72
  s2s.crud.fetchFilms                           n=    2 err=   0 errRate=  0.00% avg=  498.61 min=  148.78 max=  848.45 p50=  498.61 p95=  813.47 p99=  841.45 rps=   0.03

2026-05-06T20:48:09.999Z  INFO 1 --- [lab8-additional-service] [   scheduling-1] r.h.l.a.service.FilmCacheService         : film-cache stats: size=310 ttlMs=30000 lastRefreshAtMs=1778100476819 hits=8312 misses=2 refreshes=2
2026-05-06T20:48:10.825Z  INFO 1 --- [lab8-additional-service] [   scheduling-1] r.h.l.a.o.ObservabilityService           : [lab8-additional-service] observability refresh
window 10s
  calc.additional.maxViewersSummary             n= 2417 err=   0 errRate=  0.00% avg=   48.96 min=   13.79 max=  247.38 p50=   38.89 p95=  113.10 p99=  164.28 rps= 241.70
  controller.AnalyticsController.maxViewersSummary n= 2417 err=   0 errRate=  0.00% avg=   49.34 min=   14.11 max=  247.57 p50=   39.27 p95=  113.51 p99=  164.41 rps= 241.70
  s2s.crud.fetchAllTickets                      n= 2417 err=   0 errRate=  0.00% avg=   48.87 min=   13.73 max=  247.34 p50=   38.82 p95=  113.03 p99=  164.24 rps= 241.70
window 30s
  calc.additional.maxViewersSummary             n= 6659 err=   0 errRate=  0.00% avg=   56.03 min=   13.79 max=  305.10 p50=   45.14 p95=  123.72 p99=  178.94 rps= 221.97
  controller.AnalyticsController.maxViewersSummary n= 6659 err=   0 errRate=  0.00% avg=   56.56 min=   14.11 max=  305.43 p50=   45.76 p95=  124.38 p99=  179.68 rps= 221.97
  s2s.crud.fetchAllTickets                      n= 6659 err=   0 errRate=  0.00% avg=   55.51 min=   13.73 max=  305.03 p50=   44.89 p95=  121.65 p99=  175.17 rps= 221.97
  s2s.crud.fetchFilms                           n=    1 err=   0 errRate=  0.00% avg=  148.78 min=  148.78 max=  148.78 p50=  148.78 p95=  148.78 p99=  148.78 rps=   0.03
window 1m
  calc.additional.maxViewersSummary             n= 8469 err=   0 errRate=  0.00% avg=   71.60 min=   13.79 max= 1087.79 p50=   54.53 p95=  157.80 p99=  246.25 rps= 141.15
  controller.AnalyticsController.maxViewersSummary n= 8469 err=   0 errRate=  0.00% avg=   72.91 min=   14.11 max= 1267.49 p50=   55.11 p95=  159.68 p99=  246.74 rps= 141.15
  controller.ObservabilityController.getStats   n=    1 err=   0 errRate=  0.00% avg=  142.17 min=  142.17 max=  142.17 p50=  142.17 p95=  142.17 p99=  142.17 rps=   0.02
  s2s.crud.fetchAllTickets                      n= 8469 err=   0 errRate=  0.00% avg=   67.97 min=   13.73 max=  571.31 p50=   54.36 p95=  152.21 p99=  225.26 rps= 141.15
  s2s.crud.fetchFilms                           n=    2 err=   0 errRate=  0.00% avg=  498.61 min=  148.78 max=  848.45 p50=  498.61 p95=  813.47 p99=  841.45 rps=   0.03

2026-05-06T20:48:11.857Z  INFO 1 --- [lab8-additional-service] [   scheduling-1] r.h.l.a.o.ObservabilityService           : [lab8-additional-service] observability refresh
window 10s
  calc.additional.maxViewersSummary             n= 2409 err=   0 errRate=  0.00% avg=   49.30 min=   13.79 max=  247.38 p50=   39.17 p95=  114.30 p99=  164.65 rps= 240.90
  controller.AnalyticsController.maxViewersSummary n= 2409 err=   0 errRate=  0.00% avg=   49.68 min=   14.11 max=  247.57 p50=   39.54 p95=  114.51 p99=  164.99 rps= 240.90
  s2s.crud.fetchAllTickets                      n= 2409 err=   0 errRate=  0.00% avg=   49.21 min=   13.73 max=  247.34 p50=   39.10 p95=  114.25 p99=  164.60 rps= 240.90
window 30s
  calc.additional.maxViewersSummary             n= 6705 err=   0 errRate=  0.00% avg=   55.62 min=   13.79 max=  305.10 p50=   44.67 p95=  123.36 p99=  178.90 rps= 223.50
  controller.AnalyticsController.maxViewersSummary n= 6705 err=   0 errRate=  0.00% avg=   56.13 min=   14.11 max=  305.43 p50=   45.09 p95=  124.15 p99=  179.65 rps= 223.50
  s2s.crud.fetchAllTickets                      n= 6705 err=   0 errRate=  0.00% avg=   55.10 min=   13.73 max=  305.03 p50=   44.41 p95=  121.59 p99=  175.04 rps= 223.50
  s2s.crud.fetchFilms                           n=    1 err=   0 errRate=  0.00% avg=  148.78 min=  148.78 max=  148.78 p50=  148.78 p95=  148.78 p99=  148.78 rps=   0.03
window 1m
  calc.additional.maxViewersSummary             n= 8719 err=   0 errRate=  0.00% avg=   70.92 min=   13.79 max= 1087.79 p50=   53.96 p95=  156.89 p99=  244.84 rps= 145.32
  controller.AnalyticsController.maxViewersSummary n= 8719 err=   0 errRate=  0.00% avg=   72.20 min=   14.11 max= 1267.49 p50=   54.44 p95=  158.24 p99=  245.76 rps= 145.32
  controller.ObservabilityController.getStats   n=    1 err=   0 errRate=  0.00% avg=  142.17 min=  142.17 max=  142.17 p50=  142.17 p95=  142.17 p99=  142.17 rps=   0.02
  s2s.crud.fetchAllTickets                      n= 8719 err=   0 errRate=  0.00% avg=   67.39 min=   13.73 max=  571.31 p50=   53.75 p95=  151.45 p99=  224.30 rps= 145.32
  s2s.crud.fetchFilms                           n=    2 err=   0 errRate=  0.00% avg=  498.61 min=  148.78 max=  848.45 p50=  498.61 p95=  813.47 p99=  841.45 rps=   0.03

2026-05-06T20:48:12.865Z  INFO 1 --- [lab8-additional-service] [   scheduling-1] r.h.l.a.o.ObservabilityService           : [lab8-additional-service] observability refresh
window 10s
  calc.additional.maxViewersSummary             n= 2474 err=   0 errRate=  0.00% avg=   46.59 min=   13.79 max=  241.36 p50=   37.51 p95=  109.21 p99=  163.29 rps= 247.40
  controller.AnalyticsController.maxViewersSummary n= 2474 err=   0 errRate=  0.00% avg=   46.98 min=   14.11 max=  242.20 p50=   37.78 p95=  109.70 p99=  163.41 rps= 247.40
  s2s.crud.fetchAllTickets                      n= 2474 err=   0 errRate=  0.00% avg=   46.50 min=   13.73 max=  241.28 p50=   37.40 p95=  109.17 p99=  163.25 rps= 247.40
window 30s
  calc.additional.maxViewersSummary             n= 6806 err=   0 errRate=  0.00% avg=   54.07 min=   13.79 max=  305.10 p50=   43.06 p95=  121.76 p99=  176.89 rps= 226.87
  controller.AnalyticsController.maxViewersSummary n= 6806 err=   0 errRate=  0.00% avg=   54.58 min=   14.11 max=  305.43 p50=   43.62 p95=  122.11 p99=  177.05 rps= 226.87
  s2s.crud.fetchAllTickets                      n= 6806 err=   0 errRate=  0.00% avg=   53.56 min=   13.73 max=  305.03 p50=   42.78 p95=  119.65 p99=  167.53 rps= 226.87
  s2s.crud.fetchFilms                           n=    1 err=   0 errRate=  0.00% avg=  148.78 min=  148.78 max=  148.78 p50=  148.78 p95=  148.78 p99=  148.78 rps=   0.03
window 1m
  calc.additional.maxViewersSummary             n= 9013 err=   0 errRate=  0.00% avg=   69.68 min=   13.79 max= 1087.79 p50=   52.33 p95=  154.79 p99=  243.19 rps= 150.22
  controller.AnalyticsController.maxViewersSummary n= 9013 err=   0 errRate=  0.00% avg=   70.93 min=   14.11 max= 1267.49 p50=   52.91 p95=  156.71 p99=  243.84 rps= 150.22
  controller.ObservabilityController.getStats   n=    1 err=   0 errRate=  0.00% avg=  142.17 min=  142.17 max=  142.17 p50=  142.17 p95=  142.17 p99=  142.17 rps=   0.02
  s2s.crud.fetchAllTickets                      n= 9013 err=   0 errRate=  0.00% avg=   66.26 min=   13.73 max=  571.31 p50=   52.14 p95=  150.39 p99=  223.23 rps= 150.22
  s2s.crud.fetchFilms                           n=    2 err=   0 errRate=  0.00% avg=  498.61 min=  148.78 max=  848.45 p50=  498.61 p95=  813.47 p99=  841.45 rps=   0.03

2026-05-06T20:48:13.879Z  INFO 1 --- [lab8-additional-service] [   scheduling-1] r.h.l.a.o.ObservabilityService           : [lab8-additional-service] observability refresh
window 10s
  calc.additional.maxViewersSummary             n= 2404 err=   0 errRate=  0.00% avg=   49.18 min=   13.79 max=  225.29 p50=   39.04 p95=  115.27 p99=  165.51 rps= 240.40
  controller.AnalyticsController.maxViewersSummary n= 2404 err=   0 errRate=  0.00% avg=   49.55 min=   14.11 max=  225.42 p50=   39.34 p95=  115.69 p99=  165.64 rps= 240.40
  s2s.crud.fetchAllTickets                      n= 2404 err=   0 errRate=  0.00% avg=   49.10 min=   13.73 max=  225.25 p50=   39.00 p95=  115.23 p99=  165.46 rps= 240.40
window 30s
  calc.additional.maxViewersSummary             n= 6810 err=   0 errRate=  0.00% avg=   54.20 min=   13.79 max=  305.10 p50=   42.87 p95=  122.82 p99=  176.88 rps= 227.00
  controller.AnalyticsController.maxViewersSummary n= 6810 err=   0 errRate=  0.00% avg=   54.69 min=   14.11 max=  305.43 p50=   43.49 p95=  123.27 p99=  177.05 rps= 227.00
  s2s.crud.fetchAllTickets                      n= 6810 err=   0 errRate=  0.00% avg=   53.69 min=   13.73 max=  305.03 p50=   42.63 p95=  120.81 p99=  169.49 rps= 227.00
  s2s.crud.fetchFilms                           n=    1 err=   0 errRate=  0.00% avg=  148.78 min=  148.78 max=  148.78 p50=  148.78 p95=  148.78 p99=  148.78 rps=   0.03
window 1m
  calc.additional.maxViewersSummary             n= 9213 err=   0 errRate=  0.00% avg=   69.62 min=   13.79 max= 1087.79 p50=   52.70 p95=  154.79 p99=  242.21 rps= 153.55
  controller.AnalyticsController.maxViewersSummary n= 9213 err=   0 errRate=  0.00% avg=   70.85 min=   14.11 max= 1267.49 p50=   53.13 p95=  156.64 p99=  242.63 rps= 153.55
  controller.ObservabilityController.getStats   n=    1 err=   0 errRate=  0.00% avg=  142.17 min=  142.17 max=  142.17 p50=  142.17 p95=  142.17 p99=  142.17 rps=   0.02
  s2s.crud.fetchAllTickets                      n= 9213 err=   0 errRate=  0.00% avg=   66.28 min=   13.73 max=  571.31 p50=   52.36 p95=  150.39 p99=  222.12 rps= 153.55
  s2s.crud.fetchFilms                           n=    2 err=   0 errRate=  0.00% avg=  498.61 min=  148.78 max=  848.45 p50=  498.61 p95=  813.47 p99=  841.45 rps=   0.03

2026-05-06T20:48:14.896Z  INFO 1 --- [lab8-additional-service] [   scheduling-1] r.h.l.a.o.ObservabilityService           : [lab8-additional-service] observability refresh
window 10s
  calc.additional.maxViewersSummary             n= 2279 err=   0 errRate=  0.00% avg=   54.71 min=   13.79 max=  239.56 p50=   42.18 p95=  130.89 p99=  177.39 rps= 227.90
  controller.AnalyticsController.maxViewersSummary n= 2279 err=   0 errRate=  0.00% avg=   55.08 min=   14.11 max=  239.74 p50=   42.44 p95=  131.10 p99=  177.58 rps= 227.90
  s2s.crud.fetchAllTickets                      n= 2279 err=   0 errRate=  0.00% avg=   54.63 min=   13.73 max=  239.52 p50=   42.13 p95=  130.84 p99=  177.34 rps= 227.90
window 30s
  calc.additional.maxViewersSummary             n= 6787 err=   0 errRate=  0.00% avg=   54.68 min=   13.79 max=  305.10 p50=   43.01 p95=  124.94 p99=  176.92 rps= 226.23
  controller.AnalyticsController.maxViewersSummary n= 6787 err=   0 errRate=  0.00% avg=   55.17 min=   14.11 max=  305.43 p50=   43.53 p95=  125.21 p99=  177.08 rps= 226.23
  s2s.crud.fetchAllTickets                      n= 6787 err=   0 errRate=  0.00% avg=   54.17 min=   13.73 max=  305.03 p50=   42.72 p95=  122.85 p99=  170.37 rps= 226.23
  s2s.crud.fetchFilms                           n=    1 err=   0 errRate=  0.00% avg=  148.78 min=  148.78 max=  148.78 p50=  148.78 p95=  148.78 p99=  148.78 rps=   0.03
window 1m
  calc.additional.maxViewersSummary             n= 9375 err=   0 errRate=  0.00% avg=   70.16 min=   13.79 max= 1087.79 p50=   53.18 p95=  156.50 p99=  240.44 rps= 156.25
  controller.AnalyticsController.maxViewersSummary n= 9375 err=   0 errRate=  0.00% avg=   71.38 min=   14.11 max= 1267.49 p50=   53.73 p95=  158.00 p99=  242.61 rps= 156.25
  controller.ObservabilityController.getStats   n=    1 err=   0 errRate=  0.00% avg=  142.17 min=  142.17 max=  142.17 p50=  142.17 p95=  142.17 p99=  142.17 rps=   0.02
  s2s.crud.fetchAllTickets                      n= 9375 err=   0 errRate=  0.00% avg=   66.88 min=   13.73 max=  571.31 p50=   53.00 p95=  151.51 p99=  221.80 rps= 156.25
  s2s.crud.fetchFilms                           n=    2 err=   0 errRate=  0.00% avg=  498.61 min=  148.78 max=  848.45 p50=  498.61 p95=  813.47 p99=  841.45 rps=   0.03

2026-05-06T20:48:15.914Z  INFO 1 --- [lab8-additional-service] [   scheduling-1] r.h.l.a.o.ObservabilityService           : [lab8-additional-service] observability refresh
window 10s
  calc.additional.maxViewersSummary             n= 2361 err=   0 errRate=  0.00% avg=   51.23 min=   13.36 max=  239.56 p50=   38.51 p95=  129.16 p99=  176.97 rps= 236.10
  controller.AnalyticsController.maxViewersSummary n= 2361 err=   0 errRate=  0.00% avg=   51.60 min=   13.60 max=  239.74 p50=   38.88 p95=  129.61 p99=  177.13 rps= 236.10
  s2s.crud.fetchAllTickets                      n= 2361 err=   0 errRate=  0.00% avg=   51.16 min=   13.30 max=  239.52 p50=   38.46 p95=  129.10 p99=  176.92 rps= 236.10
window 30s
  calc.additional.maxViewersSummary             n= 6904 err=   0 errRate=  0.00% avg=   53.00 min=   13.36 max=  305.10 p50=   41.30 p95=  123.69 p99=  175.26 rps= 230.13
  controller.AnalyticsController.maxViewersSummary n= 6904 err=   0 errRate=  0.00% avg=   53.48 min=   13.60 max=  305.43 p50=   41.80 p95=  124.11 p99=  175.69 rps= 230.13
  s2s.crud.fetchAllTickets                      n= 6904 err=   0 errRate=  0.00% avg=   52.50 min=   13.30 max=  305.03 p50=   41.10 p95=  121.67 p99=  168.14 rps= 230.13
  s2s.crud.fetchFilms                           n=    1 err=   0 errRate=  0.00% avg=  148.78 min=  148.78 max=  148.78 p50=  148.78 p95=  148.78 p99=  148.78 rps=   0.03
window 1m
  calc.additional.maxViewersSummary             n= 9686 err=   0 errRate=  0.00% avg=   68.77 min=   13.36 max= 1087.79 p50=   51.57 p95=  154.61 p99=  239.17 rps= 161.43
  controller.AnalyticsController.maxViewersSummary n= 9686 err=   0 errRate=  0.00% avg=   69.96 min=   13.60 max= 1267.49 p50=   52.09 p95=  156.54 p99=  240.63 rps= 161.43
  controller.ObservabilityController.getStats   n=    1 err=   0 errRate=  0.00% avg=  142.17 min=  142.17 max=  142.17 p50=  142.17 p95=  142.17 p99=  142.17 rps=   0.02
  s2s.crud.fetchAllTickets                      n= 9686 err=   0 errRate=  0.00% avg=   65.59 min=   13.30 max=  571.31 p50=   51.44 p95=  150.51 p99=  219.67 rps= 161.43
  s2s.crud.fetchFilms                           n=    2 err=   0 errRate=  0.00% avg=  498.61 min=  148.78 max=  848.45 p50=  498.61 p95=  813.47 p99=  841.45 rps=   0.03

2026-05-06T20:48:16.924Z  INFO 1 --- [lab8-additional-service] [   scheduling-1] r.h.l.a.o.ObservabilityService           : [lab8-additional-service] observability refresh
window 10s
  calc.additional.maxViewersSummary             n= 2362 err=   0 errRate=  0.00% avg=   51.58 min=   13.36 max=  239.56 p50=   38.60 p95=  129.37 p99=  176.97 rps= 236.20
  controller.AnalyticsController.maxViewersSummary n= 2362 err=   0 errRate=  0.00% avg=   51.94 min=   13.60 max=  239.74 p50=   39.02 p95=  129.72 p99=  177.13 rps= 236.20
  s2s.crud.fetchAllTickets                      n= 2362 err=   0 errRate=  0.00% avg=   51.50 min=   13.30 max=  239.52 p50=   38.55 p95=  129.33 p99=  176.92 rps= 236.20
window 30s
  calc.additional.maxViewersSummary             n= 6931 err=   0 errRate=  0.00% avg=   52.92 min=   13.36 max=  305.10 p50=   40.91 p95=  123.92 p99=  175.25 rps= 231.03
  controller.AnalyticsController.maxViewersSummary n= 6931 err=   0 errRate=  0.00% avg=   53.39 min=   13.60 max=  305.43 p50=   41.39 p95=  124.22 p99=  175.62 rps= 231.03
  s2s.crud.fetchAllTickets                      n= 6931 err=   0 errRate=  0.00% avg=   52.42 min=   13.30 max=  305.03 p50=   40.74 p95=  121.93 p99=  167.97 rps= 231.03
  s2s.crud.fetchFilms                           n=    1 err=   0 errRate=  0.00% avg=  148.78 min=  148.78 max=  148.78 p50=  148.78 p95=  148.78 p99=  148.78 rps=   0.03
window 1m
  calc.additional.maxViewersSummary             n= 9944 err=   0 errRate=  0.00% avg=   68.22 min=   13.36 max= 1087.79 p50=   51.12 p95=  153.24 p99=  235.93 rps= 165.73
  controller.AnalyticsController.maxViewersSummary n= 9944 err=   0 errRate=  0.00% avg=   69.39 min=   13.60 max= 1267.49 p50=   51.71 p95=  154.50 p99=  239.62 rps= 165.73
  controller.ObservabilityController.getStats   n=    1 err=   0 errRate=  0.00% avg=  142.17 min=  142.17 max=  142.17 p50=  142.17 p95=  142.17 p99=  142.17 rps=   0.02
  s2s.crud.fetchAllTickets                      n= 9944 err=   0 errRate=  0.00% avg=   65.12 min=   13.30 max=  571.31 p50=   51.01 p95=  149.73 p99=  218.13 rps= 165.73
  s2s.crud.fetchFilms                           n=    2 err=   0 errRate=  0.00% avg=  498.61 min=  148.78 max=  848.45 p50=  498.61 p95=  813.47 p99=  841.45 rps=   0.03

2026-05-06T20:48:17.939Z  INFO 1 --- [lab8-additional-service] [   scheduling-1] r.h.l.a.o.ObservabilityService           : [lab8-additional-service] observability refresh
window 10s
  calc.additional.maxViewersSummary             n= 2318 err=   0 errRate=  0.00% avg=   53.63 min=   13.36 max=  239.56 p50=   41.10 p95=  129.90 p99=  177.05 rps= 231.80
  controller.AnalyticsController.maxViewersSummary n= 2318 err=   0 errRate=  0.00% avg=   53.99 min=   13.60 max=  239.74 p50=   41.41 p95=  130.08 p99=  177.23 rps= 231.80
  s2s.crud.fetchAllTickets                      n= 2318 err=   0 errRate=  0.00% avg=   53.55 min=   13.30 max=  239.52 p50=   41.01 p95=  129.85 p99=  177.00 rps= 231.80
window 30s
  calc.additional.maxViewersSummary             n= 6941 err=   0 errRate=  0.00% avg=   52.81 min=   13.36 max=  305.10 p50=   40.96 p95=  123.00 p99=  175.25 rps= 231.37
  controller.AnalyticsController.maxViewersSummary n= 6941 err=   0 errRate=  0.00% avg=   53.28 min=   13.60 max=  305.43 p50=   41.43 p95=  123.54 p99=  175.59 rps= 231.37
  s2s.crud.fetchAllTickets                      n= 6941 err=   0 errRate=  0.00% avg=   52.31 min=   13.30 max=  305.03 p50=   40.81 p95=  121.61 p99=  167.44 rps= 231.37
  s2s.crud.fetchFilms                           n=    1 err=   0 errRate=  0.00% avg=  148.78 min=  148.78 max=  148.78 p50=  148.78 p95=  148.78 p99=  148.78 rps=   0.03
window 1m
  calc.additional.maxViewersSummary             n=10158 err=   0 errRate=  0.00% avg=   68.10 min=   13.36 max= 1087.79 p50=   51.38 p95=  152.05 p99=  235.14 rps= 169.30
  controller.AnalyticsController.maxViewersSummary n=10158 err=   0 errRate=  0.00% avg=   69.25 min=   13.60 max= 1267.49 p50=   51.91 p95=  153.01 p99=  236.16 rps= 169.30
  controller.ObservabilityController.getStats   n=    1 err=   0 errRate=  0.00% avg=  142.17 min=  142.17 max=  142.17 p50=  142.17 p95=  142.17 p99=  142.17 rps=   0.02
  s2s.crud.fetchAllTickets                      n=10158 err=   0 errRate=  0.00% avg=   65.06 min=   13.30 max=  571.31 p50=   51.23 p95=  148.45 p99=  217.51 rps= 169.30
  s2s.crud.fetchFilms                           n=    2 err=   0 errRate=  0.00% avg=  498.61 min=  148.78 max=  848.45 p50=  498.61 p95=  813.47 p99=  841.45 rps=   0.03

2026-05-06T20:48:18.954Z  INFO 1 --- [lab8-additional-service] [   scheduling-1] r.h.l.a.o.ObservabilityService           : [lab8-additional-service] observability refresh
window 10s
  calc.additional.maxViewersSummary             n= 2337 err=   0 errRate=  0.00% avg=   52.68 min=   13.36 max=  239.56 p50=   40.03 p95=  123.94 p99=  176.69 rps= 233.70
  controller.AnalyticsController.maxViewersSummary n= 2337 err=   0 errRate=  0.00% avg=   53.03 min=   13.60 max=  239.74 p50=   40.29 p95=  124.22 p99=  176.83 rps= 233.70
  s2s.crud.fetchAllTickets                      n= 2337 err=   0 errRate=  0.00% avg=   52.60 min=   13.30 max=  239.52 p50=   39.88 p95=  123.90 p99=  176.65 rps= 233.70
window 30s
  calc.additional.maxViewersSummary             n= 7005 err=   0 errRate=  0.00% avg=   52.30 min=   13.36 max=  305.10 p50=   40.58 p95=  122.13 p99=  173.05 rps= 233.50
  controller.AnalyticsController.maxViewersSummary n= 7006 err=   0 errRate=  0.00% avg=   52.77 min=   13.60 max=  305.43 p50=   41.08 p95=  122.75 p99=  175.10 rps= 233.53
  s2s.crud.fetchAllTickets                      n= 7005 err=   0 errRate=  0.00% avg=   51.80 min=   13.30 max=  305.03 p50=   40.39 p95=  120.31 p99=  166.26 rps= 233.50
  s2s.crud.fetchFilms                           n=    1 err=   0 errRate=  0.00% avg=  148.78 min=  148.78 max=  148.78 p50=  148.78 p95=  148.78 p99=  148.78 rps=   0.03
window 1m
  calc.additional.maxViewersSummary             n=10425 err=   0 errRate=  0.00% avg=   67.45 min=   13.36 max= 1087.79 p50=   50.75 p95=  151.24 p99=  234.17 rps= 173.75
  controller.AnalyticsController.maxViewersSummary n=10425 err=   0 errRate=  0.00% avg=   68.58 min=   13.60 max= 1267.49 p50=   51.32 p95=  152.30 p99=  234.54 rps= 173.75
  controller.ObservabilityController.getStats   n=    1 err=   0 errRate=  0.00% avg=  142.17 min=  142.17 max=  142.17 p50=  142.17 p95=  142.17 p99=  142.17 rps=   0.02
  s2s.crud.fetchAllTickets                      n=10425 err=   0 errRate=  0.00% avg=   64.49 min=   13.30 max=  571.31 p50=   50.59 p95=  147.70 p99=  216.07 rps= 173.75
  s2s.crud.fetchFilms                           n=    2 err=   0 errRate=  0.00% avg=  498.61 min=  148.78 max=  848.45 p50=  498.61 p95=  813.47 p99=  841.45 rps=   0.03

2026-05-06T20:48:19.966Z  INFO 1 --- [lab8-additional-service] [   scheduling-1] r.h.l.a.o.ObservabilityService           : [lab8-additional-service] observability refresh
window 10s
  calc.additional.maxViewersSummary             n= 2460 err=   0 errRate=  0.00% avg=   47.85 min=   13.36 max=  239.56 p50=   36.52 p95=  116.02 p99=  167.69 rps= 246.00
  controller.AnalyticsController.maxViewersSummary n= 2460 err=   0 errRate=  0.00% avg=   48.20 min=   13.60 max=  239.74 p50=   36.87 p95=  117.50 p99=  168.29 rps= 246.00
  s2s.crud.fetchAllTickets                      n= 2460 err=   0 errRate=  0.00% avg=   47.77 min=   13.30 max=  239.52 p50=   36.47 p95=  115.97 p99=  167.64 rps= 246.00
window 30s
  calc.additional.maxViewersSummary             n= 7101 err=   0 errRate=  0.00% avg=   50.76 min=   13.36 max=  305.10 p50=   39.41 p95=  120.47 p99=  169.45 rps= 236.70
  controller.AnalyticsController.maxViewersSummary n= 7102 err=   0 errRate=  0.00% avg=   51.20 min=   13.60 max=  305.43 p50=   39.89 p95=  120.87 p99=  169.69 rps= 236.73
  s2s.crud.fetchAllTickets                      n= 7101 err=   0 errRate=  0.00% avg=   50.28 min=   13.30 max=  305.03 p50=   39.27 p95=  118.51 p99=  164.49 rps= 236.70
  s2s.crud.fetchFilms                           n=    1 err=   0 errRate=  0.00% avg=  148.78 min=  148.78 max=  148.78 p50=  148.78 p95=  148.78 p99=  148.78 rps=   0.03
window 1m
  calc.additional.maxViewersSummary             n=10748 err=   0 errRate=  0.00% avg=   66.19 min=   13.36 max= 1087.79 p50=   49.44 p95=  150.33 p99=  231.61 rps= 179.13
  controller.AnalyticsController.maxViewersSummary n=10748 err=   0 errRate=  0.00% avg=   67.30 min=   13.60 max= 1267.49 p50=   50.02 p95=  151.30 p99=  233.02 rps= 179.13
  controller.ObservabilityController.getStats   n=    1 err=   0 errRate=  0.00% avg=  142.17 min=  142.17 max=  142.17 p50=  142.17 p95=  142.17 p99=  142.17 rps=   0.02
  s2s.crud.fetchAllTickets                      n=10748 err=   0 errRate=  0.00% avg=   63.31 min=   13.30 max=  571.31 p50=   49.27 p95=  146.45 p99=  214.83 rps= 179.13
  s2s.crud.fetchFilms                           n=    2 err=   0 errRate=  0.00% avg=  498.61 min=  148.78 max=  848.45 p50=  498.61 p95=  813.47 p99=  841.45 rps=   0.03

2026-05-06T20:48:20.000Z  INFO 1 --- [lab8-additional-service] [   scheduling-1] r.h.l.a.service.FilmCacheService         : film-cache stats: size=310 ttlMs=30000 lastRefreshAtMs=1778100476819 hits=10772 misses=2 refreshes=2
2026-05-06T20:48:20.976Z  INFO 1 --- [lab8-additional-service] [   scheduling-1] r.h.l.a.o.ObservabilityService           : [lab8-additional-service] observability refresh
window 10s
  calc.additional.maxViewersSummary             n= 2520 err=   0 errRate=  0.00% avg=   45.25 min=   13.36 max=  239.56 p50=   35.51 p95=  110.26 p99=  162.91 rps= 252.00
  controller.AnalyticsController.maxViewersSummary n= 2520 err=   0 errRate=  0.00% avg=   45.61 min=   13.60 max=  239.74 p50=   35.87 p95=  110.41 p99=  163.19 rps= 252.00
  s2s.crud.fetchAllTickets                      n= 2520 err=   0 errRate=  0.00% avg=   45.17 min=   13.30 max=  239.52 p50=   35.43 p95=  110.21 p99=  162.86 rps= 252.00
window 30s
  calc.additional.maxViewersSummary             n= 7166 err=   0 errRate=  0.00% avg=   50.07 min=   13.36 max=  305.10 p50=   38.98 p95=  119.70 p99=  168.64 rps= 238.87
  controller.AnalyticsController.maxViewersSummary n= 7166 err=   0 errRate=  0.00% avg=   50.49 min=   13.60 max=  305.43 p50=   39.38 p95=  120.09 p99=  169.05 rps= 238.87
  s2s.crud.fetchAllTickets                      n= 7166 err=   0 errRate=  0.00% avg=   49.58 min=   13.30 max=  305.03 p50=   38.81 p95=  117.47 p99=  164.46 rps= 238.87
  s2s.crud.fetchFilms                           n=    1 err=   0 errRate=  0.00% avg=  148.78 min=  148.78 max=  148.78 p50=  148.78 p95=  148.78 p99=  148.78 rps=   0.03
window 1m
  calc.additional.maxViewersSummary             n=11035 err=   0 errRate=  0.00% avg=   65.42 min=   13.36 max= 1087.79 p50=   48.80 p95=  148.81 p99=  230.57 rps= 183.92
  controller.AnalyticsController.maxViewersSummary n=11035 err=   0 errRate=  0.00% avg=   66.51 min=   13.60 max= 1267.49 p50=   49.29 p95=  150.77 p99=  231.01 rps= 183.92
  controller.ObservabilityController.getStats   n=    1 err=   0 errRate=  0.00% avg=  142.17 min=  142.17 max=  142.17 p50=  142.17 p95=  142.17 p99=  142.17 rps=   0.02
  s2s.crud.fetchAllTickets                      n=11035 err=   0 errRate=  0.00% avg=   62.62 min=   13.30 max=  571.31 p50=   48.63 p95=  145.42 p99=  213.07 rps= 183.92
  s2s.crud.fetchFilms                           n=    2 err=   0 errRate=  0.00% avg=  498.61 min=  148.78 max=  848.45 p50=  498.61 p95=  813.47 p99=  841.45 rps=   0.03

2026-05-06T20:48:22.000Z  INFO 1 --- [lab8-additional-service] [   scheduling-1] r.h.l.a.o.ObservabilityService           : [lab8-additional-service] observability refresh
window 10s
  calc.additional.maxViewersSummary             n= 2559 err=   0 errRate=  0.00% avg=   43.94 min=   13.36 max=  239.56 p50=   33.84 p95=  107.21 p99=  161.94 rps= 255.90
  controller.AnalyticsController.maxViewersSummary n= 2559 err=   0 errRate=  0.00% avg=   44.28 min=   13.60 max=  239.74 p50=   34.30 p95=  107.41 p99=  162.16 rps= 255.90
  s2s.crud.fetchAllTickets                      n= 2559 err=   0 errRate=  0.00% avg=   43.86 min=   13.30 max=  239.52 p50=   33.80 p95=  107.17 p99=  161.90 rps= 255.90
window 30s
  calc.additional.maxViewersSummary             n= 7296 err=   0 errRate=  0.00% avg=   48.34 min=   13.36 max=  247.38 p50=   37.88 p95=  113.40 p99=  164.97 rps= 243.20
  controller.AnalyticsController.maxViewersSummary n= 7296 err=   0 errRate=  0.00% avg=   48.76 min=   13.60 max=  247.57 p50=   38.36 p95=  113.82 p99=  165.58 rps= 243.20
  s2s.crud.fetchAllTickets                      n= 7296 err=   0 errRate=  0.00% avg=   47.86 min=   13.30 max=  247.34 p50=   37.73 p95=  111.07 p99=  161.50 rps= 243.20
  s2s.crud.fetchFilms                           n=    1 err=   0 errRate=  0.00% avg=  148.78 min=  148.78 max=  148.78 p50=  148.78 p95=  148.78 p99=  148.78 rps=   0.03
window 1m
  calc.additional.maxViewersSummary             n=11326 err=   0 errRate=  0.00% avg=   64.65 min=   13.36 max= 1087.79 p50=   48.15 p95=  147.87 p99=  227.09 rps= 188.77
  controller.AnalyticsController.maxViewersSummary n=11326 err=   0 errRate=  0.00% avg=   65.72 min=   13.60 max= 1267.49 p50=   48.63 p95=  149.03 p99=  227.78 rps= 188.77
  controller.ObservabilityController.getStats   n=    1 err=   0 errRate=  0.00% avg=  142.17 min=  142.17 max=  142.17 p50=  142.17 p95=  142.17 p99=  142.17 rps=   0.02
  s2s.crud.fetchAllTickets                      n=11326 err=   0 errRate=  0.00% avg=   61.92 min=   13.30 max=  571.31 p50=   47.97 p95=  144.30 p99=  212.29 rps= 188.77
  s2s.crud.fetchFilms                           n=    2 err=   0 errRate=  0.00% avg=  498.61 min=  148.78 max=  848.45 p50=  498.61 p95=  813.47 p99=  841.45 rps=   0.03

2026-05-06T20:48:23.042Z  INFO 1 --- [lab8-additional-service] [   scheduling-1] r.h.l.a.o.ObservabilityService           : [lab8-additional-service] observability refresh
window 10s
  calc.additional.maxViewersSummary             n= 2555 err=   0 errRate=  0.00% avg=   44.61 min=   13.36 max=  289.59 p50=   34.35 p95=  108.12 p99=  162.75 rps= 255.50
  controller.AnalyticsController.maxViewersSummary n= 2553 err=   0 errRate=  0.00% avg=   44.95 min=   13.60 max=  290.48 p50=   34.72 p95=  108.62 p99=  163.08 rps= 255.30
  s2s.crud.fetchAllTickets                      n= 2555 err=   0 errRate=  0.00% avg=   44.54 min=   13.30 max=  289.55 p50=   34.31 p95=  108.07 p99=  162.70 rps= 255.50
window 30s
  calc.additional.maxViewersSummary             n= 7365 err=   0 errRate=  0.00% avg=   47.37 min=   13.36 max=  289.59 p50=   37.38 p95=  110.91 p99=  164.58 rps= 245.50
  controller.AnalyticsController.maxViewersSummary n= 7364 err=   0 errRate=  0.00% avg=   47.79 min=   13.60 max=  290.48 p50=   37.75 p95=  111.16 p99=  165.03 rps= 245.47
  s2s.crud.fetchAllTickets                      n= 7365 err=   0 errRate=  0.00% avg=   46.91 min=   13.30 max=  289.55 p50=   37.27 p95=  108.73 p99=  161.09 rps= 245.50
  s2s.crud.fetchFilms                           n=    1 err=   0 errRate=  0.00% avg=  148.78 min=  148.78 max=  148.78 p50=  148.78 p95=  148.78 p99=  148.78 rps=   0.03
window 1m
  calc.additional.maxViewersSummary             n=11586 err=   0 errRate=  0.00% avg=   64.15 min=   13.36 max= 1087.79 p50=   47.79 p95=  146.80 p99=  225.92 rps= 193.10
  controller.AnalyticsController.maxViewersSummary n=11584 err=   0 errRate=  0.00% avg=   65.20 min=   13.60 max= 1267.49 p50=   48.20 p95=  147.98 p99=  226.88 rps= 193.07
  controller.ObservabilityController.getStats   n=    1 err=   0 errRate=  0.00% avg=  142.17 min=  142.17 max=  142.17 p50=  142.17 p95=  142.17 p99=  142.17 rps=   0.02
  s2s.crud.fetchAllTickets                      n=11586 err=   0 errRate=  0.00% avg=   61.47 min=   13.30 max=  571.31 p50=   47.61 p95=  143.09 p99=  212.01 rps= 193.10
  s2s.crud.fetchFilms                           n=    2 err=   0 errRate=  0.00% avg=  498.61 min=  148.78 max=  848.45 p50=  498.61 p95=  813.47 p99=  841.45 rps=   0.03

2026-05-06T20:48:24.073Z  INFO 1 --- [lab8-additional-service] [   scheduling-1] r.h.l.a.o.ObservabilityService           : [lab8-additional-service] observability refresh
window 10s
  calc.additional.maxViewersSummary             n= 2626 err=   0 errRate=  0.00% avg=   42.17 min=   13.36 max=  289.59 p50=   32.89 p95=   99.61 p99=  152.88 rps= 262.60
  controller.AnalyticsController.maxViewersSummary n= 2626 err=   0 errRate=  0.00% avg=   42.52 min=   13.60 max=  290.48 p50=   33.21 p95=   99.87 p99=  153.11 rps= 262.60
  s2s.crud.fetchAllTickets                      n= 2626 err=   0 errRate=  0.00% avg=   42.09 min=   13.30 max=  289.55 p50=   32.79 p95=   99.54 p99=  152.84 rps= 262.60
window 30s
  calc.additional.maxViewersSummary             n= 7396 err=   0 errRate=  0.00% avg=   46.96 min=   13.36 max=  289.59 p50=   37.20 p95=  109.79 p99=  163.58 rps= 246.53
  controller.AnalyticsController.maxViewersSummary n= 7396 err=   0 errRate=  0.00% avg=   47.38 min=   13.60 max=  290.48 p50=   37.60 p95=  110.04 p99=  164.02 rps= 246.53
  s2s.crud.fetchAllTickets                      n= 7396 err=   0 errRate=  0.00% avg=   46.50 min=   13.30 max=  289.55 p50=   37.08 p95=  107.80 p99=  160.43 rps= 246.53
  s2s.crud.fetchFilms                           n=    1 err=   0 errRate=  0.00% avg=  148.78 min=  148.78 max=  148.78 p50=  148.78 p95=  148.78 p99=  148.78 rps=   0.03
window 1m
  calc.additional.maxViewersSummary             n=11865 err=   0 errRate=  0.00% avg=   63.57 min=   13.36 max= 1087.79 p50=   47.22 p95=  145.93 p99=  225.02 rps= 197.75
  controller.AnalyticsController.maxViewersSummary n=11865 err=   0 errRate=  0.00% avg=   64.61 min=   13.60 max= 1267.49 p50=   47.81 p95=  146.99 p99=  225.55 rps= 197.75
  controller.ObservabilityController.getStats   n=    1 err=   0 errRate=  0.00% avg=  142.17 min=  142.17 max=  142.17 p50=  142.17 p95=  142.17 p99=  142.17 rps=   0.02
  s2s.crud.fetchAllTickets                      n=11865 err=   0 errRate=  0.00% avg=   60.96 min=   13.30 max=  571.31 p50=   46.98 p95=  142.07 p99=  211.24 rps= 197.75
  s2s.crud.fetchFilms                           n=    2 err=   0 errRate=  0.00% avg=  498.61 min=  148.78 max=  848.45 p50=  498.61 p95=  813.47 p99=  841.45 rps=   0.03

2026-05-06T20:48:25.095Z  INFO 1 --- [lab8-additional-service] [   scheduling-1] r.h.l.a.o.ObservabilityService           : [lab8-additional-service] observability refresh
window 10s
  calc.additional.maxViewersSummary             n= 2727 err=   0 errRate=  0.00% avg=   38.37 min=   13.36 max=  289.59 p50=   31.73 p95=   85.22 p99=  109.37 rps= 272.70
  controller.AnalyticsController.maxViewersSummary n= 2726 err=   0 errRate=  0.00% avg=   38.72 min=   13.60 max=  290.48 p50=   32.21 p95=   85.52 p99=  109.72 rps= 272.60
  s2s.crud.fetchAllTickets                      n= 2727 err=   0 errRate=  0.00% avg=   38.30 min=   13.30 max=  289.55 p50=   31.68 p95=   85.18 p99=  109.33 rps= 272.70
window 30s
  calc.additional.maxViewersSummary             n= 7401 err=   0 errRate=  0.00% avg=   46.88 min=   13.36 max=  289.59 p50=   37.19 p95=  109.76 p99=  163.57 rps= 246.70
  controller.AnalyticsController.maxViewersSummary n= 7400 err=   0 errRate=  0.00% avg=   47.28 min=   13.60 max=  290.48 p50=   37.60 p95=  110.04 p99=  164.00 rps= 246.67
  s2s.crud.fetchAllTickets                      n= 7401 err=   0 errRate=  0.00% avg=   46.42 min=   13.30 max=  289.55 p50=   37.08 p95=  107.79 p99=  160.42 rps= 246.70
  s2s.crud.fetchFilms                           n=    1 err=   0 errRate=  0.00% avg=  148.78 min=  148.78 max=  148.78 p50=  148.78 p95=  148.78 p99=  148.78 rps=   0.03
window 1m
  calc.additional.maxViewersSummary             n=12162 err=   0 errRate=  0.00% avg=   62.81 min=   13.36 max= 1087.79 p50=   46.31 p95=  145.01 p99=  223.54 rps= 202.70
  controller.AnalyticsController.maxViewersSummary n=12161 err=   0 errRate=  0.00% avg=   63.83 min=   13.60 max= 1267.49 p50=   46.97 p95=  146.07 p99=  224.92 rps= 202.68
  controller.ObservabilityController.getStats   n=    1 err=   0 errRate=  0.00% avg=  142.17 min=  142.17 max=  142.17 p50=  142.17 p95=  142.17 p99=  142.17 rps=   0.02
  s2s.crud.fetchAllTickets                      n=12162 err=   0 errRate=  0.00% avg=   60.26 min=   13.30 max=  571.31 p50=   46.15 p95=  141.38 p99=  209.51 rps= 202.70
  s2s.crud.fetchFilms                           n=    2 err=   0 errRate=  0.00% avg=  498.61 min=  148.78 max=  848.45 p50=  498.61 p95=  813.47 p99=  841.45 rps=   0.03

2026-05-06T20:48:26.120Z  INFO 1 --- [lab8-additional-service] [   scheduling-1] r.h.l.a.o.ObservabilityService           : [lab8-additional-service] observability refresh
window 10s
  calc.additional.maxViewersSummary             n= 2738 err=   0 errRate=  0.00% avg=   38.07 min=   13.42 max=  289.59 p50=   31.54 p95=   84.51 p99=  109.37 rps= 273.80
  controller.AnalyticsController.maxViewersSummary n= 2738 err=   0 errRate=  0.00% avg=   38.43 min=   13.62 max=  290.48 p50=   31.86 p95=   84.75 p99=  109.70 rps= 273.80
  s2s.crud.fetchAllTickets                      n= 2738 err=   0 errRate=  0.00% avg=   38.00 min=   13.38 max=  289.55 p50=   31.49 p95=   84.44 p99=  109.33 rps= 273.80
window 30s
  calc.additional.maxViewersSummary             n= 7450 err=   0 errRate=  0.00% avg=   46.32 min=   13.36 max=  289.59 p50=   36.59 p95=  108.73 p99=  163.37 rps= 248.33
  controller.AnalyticsController.maxViewersSummary n= 7450 err=   0 errRate=  0.00% avg=   46.71 min=   13.60 max=  290.48 p50=   37.02 p95=  109.10 p99=  163.66 rps= 248.33
  s2s.crud.fetchAllTickets                      n= 7450 err=   0 errRate=  0.00% avg=   45.86 min=   13.30 max=  289.55 p50=   36.41 p95=  106.81 p99=  160.35 rps= 248.33
  s2s.crud.fetchFilms                           n=    1 err=   0 errRate=  0.00% avg=  148.78 min=  148.78 max=  148.78 p50=  148.78 p95=  148.78 p99=  148.78 rps=   0.03
window 1m
  calc.additional.maxViewersSummary             n=12482 err=   0 errRate=  0.00% avg=   61.90 min=   13.36 max= 1087.79 p50=   45.17 p95=  143.38 p99=  222.41 rps= 208.03
  controller.AnalyticsController.maxViewersSummary n=12482 err=   0 errRate=  0.00% avg=   62.90 min=   13.60 max= 1267.49 p50=   45.76 p95=  144.38 p99=  223.82 rps= 208.03
  controller.ObservabilityController.getStats   n=    1 err=   0 errRate=  0.00% avg=  142.17 min=  142.17 max=  142.17 p50=  142.17 p95=  142.17 p99=  142.17 rps=   0.02
  s2s.crud.fetchAllTickets                      n=12482 err=   0 errRate=  0.00% avg=   59.41 min=   13.30 max=  571.31 p50=   45.01 p95=  140.34 p99=  208.92 rps= 208.03
  s2s.crud.fetchFilms                           n=    2 err=   0 errRate=  0.00% avg=  498.61 min=  148.78 max=  848.45 p50=  498.61 p95=  813.47 p99=  841.45 rps=   0.03

2026-05-06T20:48:27.132Z  INFO 1 --- [lab8-additional-service] [   scheduling-1] r.h.l.a.o.ObservabilityService           : [lab8-additional-service] observability refresh
window 10s
  calc.additional.maxViewersSummary             n= 2748 err=   0 errRate=  0.00% avg=   36.53 min=   13.39 max=  289.59 p50=   29.58 p95=   82.29 p99=  118.25 rps= 274.80
  controller.AnalyticsController.maxViewersSummary n= 2749 err=   0 errRate=  0.00% avg=   36.89 min=   13.62 max=  290.48 p50=   29.93 p95=   82.66 p99=  118.41 rps= 274.90
  s2s.crud.fetchAllTickets                      n= 2748 err=   0 errRate=  0.00% avg=   36.00 min=   13.35 max=  289.55 p50=   29.52 p95=   82.06 p99=  113.35 rps= 274.80
  s2s.crud.fetchFilms                           n=    1 err=   0 errRate=  0.00% avg=  195.66 min=  195.66 max=  195.66 p50=  195.66 p95=  195.66 p99=  195.66 rps=   0.10
window 30s
  calc.additional.maxViewersSummary             n= 7469 err=   0 errRate=  0.00% avg=   45.69 min=   13.36 max=  289.59 p50=   35.86 p95=  108.57 p99=  161.52 rps= 248.97
  controller.AnalyticsController.maxViewersSummary n= 7469 err=   0 errRate=  0.00% avg=   46.08 min=   13.60 max=  290.48 p50=   36.24 p95=  108.81 p99=  162.00 rps= 248.97
  s2s.crud.fetchAllTickets                      n= 7469 err=   0 errRate=  0.00% avg=   45.44 min=   13.30 max=  289.55 p50=   35.78 p95=  107.80 p99=  160.32 rps= 248.97
  s2s.crud.fetchFilms                           n=    1 err=   0 errRate=  0.00% avg=  195.66 min=  195.66 max=  195.66 p50=  195.66 p95=  195.66 p99=  195.66 rps=   0.03
window 1m
  calc.additional.maxViewersSummary             n=12738 err=   0 errRate=  0.00% avg=   61.35 min=   13.36 max= 1087.79 p50=   44.66 p95=  142.81 p99=  224.19 rps= 212.30
  controller.AnalyticsController.maxViewersSummary n=12738 err=   0 errRate=  0.00% avg=   62.34 min=   13.60 max= 1267.49 p50=   45.08 p95=  143.96 p99=  225.25 rps= 212.30
  s2s.crud.fetchAllTickets                      n=12738 err=   0 errRate=  0.00% avg=   58.81 min=   13.30 max=  571.31 p50=   44.40 p95=  139.69 p99=  207.37 rps= 212.30
  s2s.crud.fetchFilms                           n=    3 err=   0 errRate=  0.00% avg=  397.63 min=  148.78 max=  848.45 p50=  195.66 p95=  783.17 p99=  835.40 rps=   0.05

2026-05-06T20:48:28.149Z  INFO 1 --- [lab8-additional-service] [   scheduling-1] r.h.l.a.o.ObservabilityService           : [lab8-additional-service] observability refresh
window 10s
  calc.additional.maxViewersSummary             n= 2721 err=   0 errRate=  0.00% avg=   38.61 min=   13.39 max=  404.87 p50=   29.36 p95=   93.71 p99=  243.52 rps= 272.10
  controller.AnalyticsController.maxViewersSummary n= 2721 err=   0 errRate=  0.00% avg=   38.98 min=   13.62 max=  405.74 p50=   29.66 p95=   93.87 p99=  244.27 rps= 272.10
  s2s.crud.fetchAllTickets                      n= 2721 err=   0 errRate=  0.00% avg=   37.47 min=   13.35 max=  353.44 p50=   29.28 p95=   90.17 p99=  151.36 rps= 272.10
  s2s.crud.fetchFilms                           n=    1 err=   0 errRate=  0.00% avg=  195.66 min=  195.66 max=  195.66 p50=  195.66 p95=  195.66 p99=  195.66 rps=   0.10
window 30s
  calc.additional.maxViewersSummary             n= 7431 err=   0 errRate=  0.00% avg=   46.75 min=   13.36 max=  404.87 p50=   35.97 p95=  111.78 p99=  167.54 rps= 247.70
  controller.AnalyticsController.maxViewersSummary n= 7431 err=   0 errRate=  0.00% avg=   47.13 min=   13.60 max=  405.74 p50=   36.40 p95=  112.47 p99=  167.96 rps= 247.70
  s2s.crud.fetchAllTickets                      n= 7431 err=   0 errRate=  0.00% avg=   46.28 min=   13.30 max=  353.44 p50=   35.87 p95=  111.31 p99=  163.99 rps= 247.70
  s2s.crud.fetchFilms                           n=    1 err=   0 errRate=  0.00% avg=  195.66 min=  195.66 max=  195.66 p50=  195.66 p95=  195.66 p99=  195.66 rps=   0.03
window 1m
  calc.additional.maxViewersSummary             n=12916 err=   0 errRate=  0.00% avg=   59.48 min=   13.36 max=  571.43 p50=   44.67 p95=  142.37 p99=  218.65 rps= 215.27
  controller.AnalyticsController.maxViewersSummary n=12917 err=   0 errRate=  0.00% avg=   60.09 min=   13.60 max=  572.39 p50=   45.09 p95=  143.27 p99=  220.93 rps= 215.28
  s2s.crud.fetchAllTickets                      n=12916 err=   0 errRate=  0.00% avg=   58.92 min=   13.30 max=  571.31 p50=   44.43 p95=  140.27 p99=  209.53 rps= 215.27
  s2s.crud.fetchFilms                           n=    2 err=   0 errRate=  0.00% avg=  172.22 min=  148.78 max=  195.66 p50=  172.22 p95=  193.31 p99=  195.19 rps=   0.03

2026-05-06T20:48:29.163Z  INFO 1 --- [lab8-additional-service] [   scheduling-1] r.h.l.a.o.ObservabilityService           : [lab8-additional-service] observability refresh
window 10s
  calc.additional.maxViewersSummary             n= 2674 err=   0 errRate=  0.00% avg=   40.01 min=   13.39 max=  404.87 p50=   29.63 p95=   98.63 p99=  246.03 rps= 267.40
  controller.AnalyticsController.maxViewersSummary n= 2674 err=   0 errRate=  0.00% avg=   40.38 min=   13.62 max=  405.74 p50=   29.95 p95=   99.11 p99=  246.60 rps= 267.40
  s2s.crud.fetchAllTickets                      n= 2674 err=   0 errRate=  0.00% avg=   38.85 min=   13.35 max=  353.44 p50=   29.57 p95=   97.62 p99=  153.47 rps= 267.40
  s2s.crud.fetchFilms                           n=    1 err=   0 errRate=  0.00% avg=  195.66 min=  195.66 max=  195.66 p50=  195.66 p95=  195.66 p99=  195.66 rps=   0.10
window 30s
  calc.additional.maxViewersSummary             n= 7483 err=   0 errRate=  0.00% avg=   46.14 min=   13.36 max=  404.87 p50=   35.61 p95=  110.24 p99=  165.56 rps= 249.43
  controller.AnalyticsController.maxViewersSummary n= 7483 err=   0 errRate=  0.00% avg=   46.52 min=   13.60 max=  405.74 p50=   35.98 p95=  110.61 p99=  166.12 rps= 249.43
  s2s.crud.fetchAllTickets                      n= 7483 err=   0 errRate=  0.00% avg=   45.68 min=   13.30 max=  353.44 p50=   35.52 p95=  109.66 p99=  162.75 rps= 249.43
  s2s.crud.fetchFilms                           n=    1 err=   0 errRate=  0.00% avg=  195.66 min=  195.66 max=  195.66 p50=  195.66 p95=  195.66 p99=  195.66 rps=   0.03
window 1m
  calc.additional.maxViewersSummary             n=13007 err=   0 errRate=  0.00% avg=   58.75 min=   13.36 max=  571.43 p50=   44.26 p95=  139.86 p99=  216.04 rps= 216.78
  controller.AnalyticsController.maxViewersSummary n=13008 err=   0 errRate=  0.00% avg=   59.31 min=   13.60 max=  572.39 p50=   44.79 p95=  140.57 p99=  216.39 rps= 216.80
  s2s.crud.fetchAllTickets                      n=13007 err=   0 errRate=  0.00% avg=   58.21 min=   13.30 max=  571.31 p50=   44.05 p95=  138.01 p99=  205.94 rps= 216.78
  s2s.crud.fetchFilms                           n=    2 err=   0 errRate=  0.00% avg=  172.22 min=  148.78 max=  195.66 p50=  172.22 p95=  193.31 p99=  195.19 rps=   0.03

2026-05-06T20:48:29.998Z  INFO 1 --- [lab8-additional-service] [   scheduling-1] r.h.l.a.service.FilmCacheService         : film-cache stats: size=310 ttlMs=30000 lastRefreshAtMs=1778100506821 hits=13381 misses=3 refreshes=3
2026-05-06T20:48:30.172Z  INFO 1 --- [lab8-additional-service] [   scheduling-1] r.h.l.a.o.ObservabilityService           : [lab8-additional-service] observability refresh
window 10s
  calc.additional.maxViewersSummary             n= 2580 err=   0 errRate=  0.00% avg=   43.26 min=   13.39 max=  404.87 p50=   30.98 p95=  113.42 p99=  250.08 rps= 258.00
  controller.AnalyticsController.maxViewersSummary n= 2580 err=   0 errRate=  0.00% avg=   43.62 min=   13.56 max=  405.74 p50=   31.25 p95=  113.61 p99=  250.38 rps= 258.00
  s2s.crud.fetchAllTickets                      n= 2580 err=   0 errRate=  0.00% avg=   42.07 min=   13.35 max=  353.44 p50=   30.94 p95=  111.10 p99=  155.88 rps= 258.00
  s2s.crud.fetchFilms                           n=    1 err=   0 errRate=  0.00% avg=  195.66 min=  195.66 max=  195.66 p50=  195.66 p95=  195.66 p99=  195.66 rps=   0.10
window 30s
  calc.additional.maxViewersSummary             n= 7474 err=   0 errRate=  0.00% avg=   46.18 min=   13.36 max=  404.87 p50=   35.42 p95=  112.51 p99=  166.33 rps= 249.13
  controller.AnalyticsController.maxViewersSummary n= 7474 err=   0 errRate=  0.00% avg=   46.55 min=   13.56 max=  405.74 p50=   35.78 p95=  112.92 p99=  166.52 rps= 249.13
  s2s.crud.fetchAllTickets                      n= 7474 err=   0 errRate=  0.00% avg=   45.71 min=   13.30 max=  353.44 p50=   35.29 p95=  111.66 p99=  163.16 rps= 249.13
  s2s.crud.fetchFilms                           n=    1 err=   0 errRate=  0.00% avg=  195.66 min=  195.66 max=  195.66 p50=  195.66 p95=  195.66 p99=  195.66 rps=   0.03
window 1m
  calc.additional.maxViewersSummary             n=13082 err=   0 errRate=  0.00% avg=   58.28 min=   13.36 max=  571.43 p50=   43.83 p95=  139.40 p99=  214.95 rps= 218.03
  controller.AnalyticsController.maxViewersSummary n=13082 err=   0 errRate=  0.00% avg=   58.81 min=   13.56 max=  572.39 p50=   44.34 p95=  140.14 p99=  215.20 rps= 218.03
  s2s.crud.fetchAllTickets                      n=13082 err=   0 errRate=  0.00% avg=   57.74 min=   13.30 max=  571.31 p50=   43.68 p95=  137.51 p99=  205.84 rps= 218.03
  s2s.crud.fetchFilms                           n=    2 err=   0 errRate=  0.00% avg=  172.22 min=  148.78 max=  195.66 p50=  172.22 p95=  193.31 p99=  195.19 rps=   0.03

2026-05-06T20:48:31.187Z  INFO 1 --- [lab8-additional-service] [   scheduling-1] r.h.l.a.o.ObservabilityService           : [lab8-additional-service] observability refresh
window 10s
  calc.additional.maxViewersSummary             n= 2648 err=   0 errRate=  0.00% avg=   41.96 min=   13.01 max=  404.87 p50=   29.38 p95=  116.43 p99=  247.46 rps= 264.80
  controller.AnalyticsController.maxViewersSummary n= 2648 err=   0 errRate=  0.00% avg=   42.30 min=   13.12 max=  405.74 p50=   29.69 p95=  117.06 p99=  247.94 rps= 264.80
  s2s.crud.fetchAllTickets                      n= 2648 err=   0 errRate=  0.00% avg=   40.80 min=   12.97 max=  353.44 p50=   29.34 p95=  115.12 p99=  165.00 rps= 264.80
  s2s.crud.fetchFilms                           n=    1 err=   0 errRate=  0.00% avg=  195.66 min=  195.66 max=  195.66 p50=  195.66 p95=  195.66 p99=  195.66 rps=   0.10
window 30s
  calc.additional.maxViewersSummary             n= 7592 err=   0 errRate=  0.00% avg=   45.19 min=   13.01 max=  404.87 p50=   34.36 p95=  113.07 p99=  167.63 rps= 253.07
  controller.AnalyticsController.maxViewersSummary n= 7592 err=   0 errRate=  0.00% avg=   45.55 min=   13.12 max=  405.74 p50=   34.75 p95=  113.39 p99=  167.88 rps= 253.07
  s2s.crud.fetchAllTickets                      n= 7592 err=   0 errRate=  0.00% avg=   44.73 min=   12.97 max=  353.44 p50=   34.24 p95=  112.14 p99=  164.49 rps= 253.07
  s2s.crud.fetchFilms                           n=    1 err=   0 errRate=  0.00% avg=  195.66 min=  195.66 max=  195.66 p50=  195.66 p95=  195.66 p99=  195.66 rps=   0.03
window 1m
  calc.additional.maxViewersSummary             n=13318 err=   0 errRate=  0.00% avg=   56.79 min=   13.01 max=  571.43 p50=   42.54 p95=  137.18 p99=  214.34 rps= 221.97
  controller.AnalyticsController.maxViewersSummary n=13319 err=   0 errRate=  0.00% avg=   57.30 min=   13.12 max=  572.39 p50=   43.04 p95=  138.21 p99=  214.77 rps= 221.98
  s2s.crud.fetchAllTickets                      n=13318 err=   0 errRate=  0.00% avg=   56.26 min=   12.97 max=  571.31 p50=   42.34 p95=  135.39 p99=  205.57 rps= 221.97
  s2s.crud.fetchFilms                           n=    2 err=   0 errRate=  0.00% avg=  172.22 min=  148.78 max=  195.66 p50=  172.22 p95=  193.31 p99=  195.19 rps=   0.03

2026-05-06T20:48:32.218Z  INFO 1 --- [lab8-additional-service] [   scheduling-1] r.h.l.a.o.ObservabilityService           : [lab8-additional-service] observability refresh
window 10s
  calc.additional.maxViewersSummary             n= 2593 err=   0 errRate=  0.00% avg=   44.30 min=   13.01 max=  404.87 p50=   30.69 p95=  121.73 p99=  250.31 rps= 259.30
  controller.AnalyticsController.maxViewersSummary n= 2592 err=   0 errRate=  0.00% avg=   44.66 min=   13.12 max=  405.74 p50=   31.03 p95=  122.14 p99=  250.60 rps= 259.20
  s2s.crud.fetchAllTickets                      n= 2593 err=   0 errRate=  0.00% avg=   43.11 min=   12.97 max=  370.48 p50=   30.65 p95=  119.40 p99=  166.76 rps= 259.30
  s2s.crud.fetchFilms                           n=    1 err=   0 errRate=  0.00% avg=  195.66 min=  195.66 max=  195.66 p50=  195.66 p95=  195.66 p99=  195.66 rps=   0.10
window 30s
  calc.additional.maxViewersSummary             n= 7562 err=   0 errRate=  0.00% avg=   45.65 min=   13.01 max=  404.87 p50=   34.48 p95=  114.91 p99=  167.64 rps= 252.07
  controller.AnalyticsController.maxViewersSummary n= 7561 err=   0 errRate=  0.00% avg=   46.01 min=   13.12 max=  405.74 p50=   34.89 p95=  115.32 p99=  167.92 rps= 252.03
  s2s.crud.fetchAllTickets                      n= 7562 err=   0 errRate=  0.00% avg=   45.18 min=   12.97 max=  370.48 p50=   34.37 p95=  114.40 p99=  164.61 rps= 252.07
  s2s.crud.fetchFilms                           n=    1 err=   0 errRate=  0.00% avg=  195.66 min=  195.66 max=  195.66 p50=  195.66 p95=  195.66 p99=  195.66 rps=   0.03
window 1m
  calc.additional.maxViewersSummary             n=13400 err=   0 errRate=  0.00% avg=   56.29 min=   13.01 max=  571.43 p50=   42.23 p95=  135.62 p99=  212.43 rps= 223.33
  controller.AnalyticsController.maxViewersSummary n=13399 err=   0 errRate=  0.00% avg=   56.79 min=   13.12 max=  572.39 p50=   42.78 p95=  136.63 p99=  213.12 rps= 223.32
  s2s.crud.fetchAllTickets                      n=13400 err=   0 errRate=  0.00% avg=   55.76 min=   12.97 max=  571.31 p50=   42.04 p95=  133.58 p99=  203.92 rps= 223.33
  s2s.crud.fetchFilms                           n=    2 err=   0 errRate=  0.00% avg=  172.22 min=  148.78 max=  195.66 p50=  172.22 p95=  193.31 p99=  195.19 rps=   0.03

2026-05-06T20:48:33.240Z  INFO 1 --- [lab8-additional-service] [   scheduling-1] r.h.l.a.o.ObservabilityService           : [lab8-additional-service] observability refresh
window 10s
  calc.additional.maxViewersSummary             n= 2719 err=   0 errRate=  0.00% avg=   40.13 min=   13.01 max=  404.87 p50=   24.10 p95=  119.20 p99=  243.63 rps= 271.90
  controller.AnalyticsController.maxViewersSummary n= 2719 err=   0 errRate=  0.00% avg=   40.47 min=   13.12 max=  405.74 p50=   24.33 p95=  119.61 p99=  244.36 rps= 271.90
  s2s.crud.fetchAllTickets                      n= 2719 err=   0 errRate=  0.00% avg=   39.00 min=   12.97 max=  370.48 p50=   24.05 p95=  118.10 p99=  165.01 rps= 271.90
  s2s.crud.fetchFilms                           n=    1 err=   0 errRate=  0.00% avg=  195.66 min=  195.66 max=  195.66 p50=  195.66 p95=  195.66 p99=  195.66 rps=   0.10
window 30s
  calc.additional.maxViewersSummary             n= 7731 err=   0 errRate=  0.00% avg=   43.71 min=   13.01 max=  404.87 p50=   32.71 p95=  113.29 p99=  166.63 rps= 257.70
  controller.AnalyticsController.maxViewersSummary n= 7732 err=   0 errRate=  0.00% avg=   44.06 min=   13.12 max=  405.74 p50=   33.08 p95=  113.64 p99=  166.76 rps= 257.73
  s2s.crud.fetchAllTickets                      n= 7731 err=   0 errRate=  0.00% avg=   43.26 min=   12.97 max=  370.48 p50=   32.61 p95=  112.75 p99=  164.48 rps= 257.70
  s2s.crud.fetchFilms                           n=    1 err=   0 errRate=  0.00% avg=  195.66 min=  195.66 max=  195.66 p50=  195.66 p95=  195.66 p99=  195.66 rps=   0.03
window 1m
  calc.additional.maxViewersSummary             n=13661 err=   0 errRate=  0.00% avg=   54.43 min=   13.01 max=  571.43 p50=   40.74 p95=  132.29 p99=  205.80 rps= 227.68
  controller.AnalyticsController.maxViewersSummary n=13661 err=   0 errRate=  0.00% avg=   54.92 min=   13.12 max=  572.39 p50=   41.19 p95=  132.85 p99=  206.14 rps= 227.68
  s2s.crud.fetchAllTickets                      n=13661 err=   0 errRate=  0.00% avg=   53.92 min=   12.97 max=  571.31 p50=   40.59 p95=  130.62 p99=  199.08 rps= 227.68
  s2s.crud.fetchFilms                           n=    2 err=   0 errRate=  0.00% avg=  172.22 min=  148.78 max=  195.66 p50=  172.22 p95=  193.31 p99=  195.19 rps=   0.03

2026-05-06T20:48:34.257Z  INFO 1 --- [lab8-additional-service] [   scheduling-1] r.h.l.a.o.ObservabilityService           : [lab8-additional-service] observability refresh
window 10s
  calc.additional.maxViewersSummary             n= 2799 err=   0 errRate=  0.00% avg=   38.00 min=   13.01 max=  404.87 p50=   22.23 p95=  117.95 p99=  239.51 rps= 279.90
  controller.AnalyticsController.maxViewersSummary n= 2799 err=   0 errRate=  0.00% avg=   38.32 min=   13.12 max=  405.74 p50=   22.56 p95=  118.27 p99=  240.61 rps= 279.90
  s2s.crud.fetchAllTickets                      n= 2799 err=   0 errRate=  0.00% avg=   36.91 min=   12.97 max=  370.48 p50=   22.19 p95=  117.11 p99=  164.98 rps= 279.90
  s2s.crud.fetchFilms                           n=    1 err=   0 errRate=  0.00% avg=  195.66 min=  195.66 max=  195.66 p50=  195.66 p95=  195.66 p99=  195.66 rps=   0.10
window 30s
  calc.additional.maxViewersSummary             n= 7794 err=   0 errRate=  0.00% avg=   43.07 min=   13.01 max=  404.87 p50=   31.97 p95=  113.04 p99=  166.33 rps= 259.80
  controller.AnalyticsController.maxViewersSummary n= 7794 err=   0 errRate=  0.00% avg=   43.42 min=   13.12 max=  405.74 p50=   32.33 p95=  113.39 p99=  166.46 rps= 259.80
  s2s.crud.fetchAllTickets                      n= 7794 err=   0 errRate=  0.00% avg=   42.63 min=   12.97 max=  370.48 p50=   31.89 p95=  112.14 p99=  164.38 rps= 259.80
  s2s.crud.fetchFilms                           n=    1 err=   0 errRate=  0.00% avg=  195.66 min=  195.66 max=  195.66 p50=  195.66 p95=  195.66 p99=  195.66 rps=   0.03
window 1m
  calc.additional.maxViewersSummary             n=13845 err=   0 errRate=  0.00% avg=   53.14 min=   13.01 max=  571.43 p50=   39.59 p95=  130.47 p99=  205.62 rps= 230.75
  controller.AnalyticsController.maxViewersSummary n=13845 err=   0 errRate=  0.00% avg=   53.62 min=   13.12 max=  572.39 p50=   40.15 p95=  131.01 p99=  206.11 rps= 230.75
  s2s.crud.fetchAllTickets                      n=13845 err=   0 errRate=  0.00% avg=   52.64 min=   12.97 max=  571.31 p50=   39.47 p95=  128.70 p99=  198.84 rps= 230.75
  s2s.crud.fetchFilms                           n=    2 err=   0 errRate=  0.00% avg=  172.22 min=  148.78 max=  195.66 p50=  172.22 p95=  193.31 p99=  195.19 rps=   0.03

2026-05-06T20:48:35.272Z  INFO 1 --- [lab8-additional-service] [   scheduling-1] r.h.l.a.o.ObservabilityService           : [lab8-additional-service] observability refresh
window 10s
  calc.additional.maxViewersSummary             n= 2847 err=   0 errRate=  0.00% avg=   36.60 min=   12.94 max=  404.87 p50=   20.01 p95=  117.73 p99=  233.68 rps= 284.70
  controller.AnalyticsController.maxViewersSummary n= 2847 err=   0 errRate=  0.00% avg=   36.92 min=   13.05 max=  405.74 p50=   20.38 p95=  118.08 p99=  234.38 rps= 284.70
  s2s.crud.fetchAllTickets                      n= 2847 err=   0 errRate=  0.00% avg=   35.52 min=   12.91 max=  370.48 p50=   19.97 p95=  116.39 p99=  164.81 rps= 284.70
  s2s.crud.fetchFilms                           n=    1 err=   0 errRate=  0.00% avg=  195.66 min=  195.66 max=  195.66 p50=  195.66 p95=  195.66 p99=  195.66 rps=   0.10
window 30s
  calc.additional.maxViewersSummary             n= 7883 err=   0 errRate=  0.00% avg=   42.28 min=   12.94 max=  404.87 p50=   30.92 p95=  112.64 p99=  165.89 rps= 262.77
  controller.AnalyticsController.maxViewersSummary n= 7883 err=   0 errRate=  0.00% avg=   42.63 min=   13.05 max=  405.74 p50=   31.27 p95=  112.86 p99=  166.12 rps= 262.77
  s2s.crud.fetchAllTickets                      n= 7883 err=   0 errRate=  0.00% avg=   41.84 min=   12.91 max=  370.48 p50=   30.86 p95=  111.64 p99=  164.27 rps= 262.77
  s2s.crud.fetchFilms                           n=    1 err=   0 errRate=  0.00% avg=  195.66 min=  195.66 max=  195.66 p50=  195.66 p95=  195.66 p99=  195.66 rps=   0.03
window 1m
  calc.additional.maxViewersSummary             n=14060 err=   0 errRate=  0.00% avg=   51.69 min=   12.94 max=  571.43 p50=   38.40 p95=  127.61 p99=  203.07 rps= 234.33
  controller.AnalyticsController.maxViewersSummary n=14060 err=   0 errRate=  0.00% avg=   52.16 min=   13.05 max=  572.39 p50=   38.92 p95=  127.94 p99=  204.17 rps= 234.33
  s2s.crud.fetchAllTickets                      n=14060 err=   0 errRate=  0.00% avg=   51.20 min=   12.91 max=  571.31 p50=   38.27 p95=  125.45 p99=  196.93 rps= 234.33
  s2s.crud.fetchFilms                           n=    2 err=   0 errRate=  0.00% avg=  172.22 min=  148.78 max=  195.66 p50=  172.22 p95=  193.31 p99=  195.19 rps=   0.03

2026-05-06T20:48:36.286Z  INFO 1 --- [lab8-additional-service] [   scheduling-1] r.h.l.a.o.ObservabilityService           : [lab8-additional-service] observability refresh
window 10s
  calc.additional.maxViewersSummary             n= 2905 err=   0 errRate=  0.00% avg=   35.20 min=   12.94 max=  404.87 p50=   17.83 p95=  117.56 p99=  238.27 rps= 290.50
  controller.AnalyticsController.maxViewersSummary n= 2905 err=   0 errRate=  0.00% avg=   35.50 min=   13.05 max=  405.74 p50=   18.14 p95=  117.97 p99=  238.40 rps= 290.50
  s2s.crud.fetchAllTickets                      n= 2905 err=   0 errRate=  0.00% avg=   34.14 min=   12.91 max=  370.48 p50=   17.79 p95=  116.11 p99=  164.96 rps= 290.50
  s2s.crud.fetchFilms                           n=    1 err=   0 errRate=  0.00% avg=  195.66 min=  195.66 max=  195.66 p50=  195.66 p95=  195.66 p99=  195.66 rps=   0.10
window 30s
  calc.additional.maxViewersSummary             n= 8038 err=   0 errRate=  0.00% avg=   40.65 min=   12.94 max=  404.87 p50=   29.15 p95=  111.22 p99=  165.69 rps= 267.93
  controller.AnalyticsController.maxViewersSummary n= 8038 err=   0 errRate=  0.00% avg=   40.99 min=   13.05 max=  405.74 p50=   29.59 p95=  111.53 p99=  165.92 rps= 267.93
  s2s.crud.fetchAllTickets                      n= 8038 err=   0 errRate=  0.00% avg=   40.22 min=   12.91 max=  370.48 p50=   29.08 p95=  110.94 p99=  164.18 rps= 267.93
  s2s.crud.fetchFilms                           n=    1 err=   0 errRate=  0.00% avg=  195.66 min=  195.66 max=  195.66 p50=  195.66 p95=  195.66 p99=  195.66 rps=   0.03
window 1m
  calc.additional.maxViewersSummary             n=14297 err=   0 errRate=  0.00% avg=   50.18 min=   12.94 max=  571.43 p50=   37.21 p95=  124.39 p99=  200.28 rps= 238.28
  controller.AnalyticsController.maxViewersSummary n=14297 err=   0 errRate=  0.00% avg=   50.63 min=   13.05 max=  572.39 p50=   37.64 p95=  124.94 p99=  200.66 rps= 238.28
  s2s.crud.fetchAllTickets                      n=14297 err=   0 errRate=  0.00% avg=   49.69 min=   12.91 max=  571.31 p50=   37.09 p95=  122.46 p99=  194.48 rps= 238.28
  s2s.crud.fetchFilms                           n=    2 err=   0 errRate=  0.00% avg=  172.22 min=  148.78 max=  195.66 p50=  172.22 p95=  193.31 p99=  195.19 rps=   0.03

2026-05-06T20:48:37.302Z  INFO 1 --- [lab8-additional-service] [   scheduling-1] r.h.l.a.o.ObservabilityService           : [lab8-additional-service] observability refresh
window 10s
  calc.additional.maxViewersSummary             n= 3089 err=   0 errRate=  0.00% avg=   31.14 min=   12.94 max=  404.87 p50=   16.79 p95=  106.13 p99=  157.64 rps= 308.90
  controller.AnalyticsController.maxViewersSummary n= 3089 err=   0 errRate=  0.00% avg=   31.43 min=   13.05 max=  405.74 p50=   17.15 p95=  106.63 p99=  158.18 rps= 308.90
  s2s.crud.fetchAllTickets                      n= 3089 err=   0 errRate=  0.00% avg=   30.98 min=   12.91 max=  370.48 p50=   16.70 p95=  106.09 p99=  157.61 rps= 308.90
window 30s
  calc.additional.maxViewersSummary             n= 8149 err=   0 errRate=  0.00% avg=   39.54 min=   12.94 max=  404.87 p50=   27.50 p95=  111.03 p99=  165.46 rps= 271.63
  controller.AnalyticsController.maxViewersSummary n= 8149 err=   0 errRate=  0.00% avg=   39.88 min=   13.05 max=  405.74 p50=   27.84 p95=  111.37 p99=  165.68 rps= 271.63
  s2s.crud.fetchAllTickets                      n= 8149 err=   0 errRate=  0.00% avg=   39.12 min=   12.91 max=  370.48 p50=   27.44 p95=  110.73 p99=  163.80 rps= 271.63
  s2s.crud.fetchFilms                           n=    1 err=   0 errRate=  0.00% avg=  195.66 min=  195.66 max=  195.66 p50=  195.66 p95=  195.66 p99=  195.66 rps=   0.03
window 1m
  calc.additional.maxViewersSummary             n=14524 err=   0 errRate=  0.00% avg=   48.81 min=   12.94 max=  571.43 p50=   35.97 p95=  122.29 p99=  199.05 rps= 242.07
  controller.AnalyticsController.maxViewersSummary n=14524 err=   0 errRate=  0.00% avg=   49.25 min=   13.05 max=  572.39 p50=   36.41 p95=  122.83 p99=  199.55 rps= 242.07
  s2s.crud.fetchAllTickets                      n=14524 err=   0 errRate=  0.00% avg=   48.33 min=   12.91 max=  571.31 p50=   35.82 p95=  120.83 p99=  192.56 rps= 242.07
  s2s.crud.fetchFilms                           n=    2 err=   0 errRate=  0.00% avg=  172.22 min=  148.78 max=  195.66 p50=  172.22 p95=  193.31 p99=  195.19 rps=   0.03

2026-05-06T20:48:38.315Z  INFO 1 --- [lab8-additional-service] [   scheduling-1] r.h.l.a.o.ObservabilityService           : [lab8-additional-service] observability refresh
window 10s
  calc.additional.maxViewersSummary             n= 3244 err=   0 errRate=  0.00% avg=   26.71 min=   12.80 max=  370.51 p50=   15.78 p95=   91.94 p99=  148.26 rps= 324.40
  controller.AnalyticsController.maxViewersSummary n= 3244 err=   0 errRate=  0.00% avg=   26.99 min=   12.90 max=  370.63 p50=   16.08 p95=   92.19 p99=  148.40 rps= 324.40
  s2s.crud.fetchAllTickets                      n= 3244 err=   0 errRate=  0.00% avg=   26.65 min=   12.77 max=  370.48 p50=   15.71 p95=   91.90 p99=  148.22 rps= 324.40
window 30s
  calc.additional.maxViewersSummary             n= 8280 err=   0 errRate=  0.00% avg=   38.26 min=   12.80 max=  404.87 p50=   25.75 p95=  110.24 p99=  165.34 rps= 276.00
  controller.AnalyticsController.maxViewersSummary n= 8281 err=   0 errRate=  0.00% avg=   38.59 min=   12.90 max=  405.74 p50=   26.18 p95=  110.71 p99=  165.59 rps= 276.03
  s2s.crud.fetchAllTickets                      n= 8280 err=   0 errRate=  0.00% avg=   37.85 min=   12.77 max=  370.48 p50=   25.69 p95=  109.41 p99=  163.34 rps= 276.00
  s2s.crud.fetchFilms                           n=    1 err=   0 errRate=  0.00% avg=  195.66 min=  195.66 max=  195.66 p50=  195.66 p95=  195.66 p99=  195.66 rps=   0.03
window 1m
  calc.additional.maxViewersSummary             n=14803 err=   0 errRate=  0.00% avg=   47.19 min=   12.80 max=  444.12 p50=   34.87 p95=  119.39 p99=  188.79 rps= 246.72
  controller.AnalyticsController.maxViewersSummary n=14803 err=   0 errRate=  0.00% avg=   47.62 min=   12.90 max=  445.46 p50=   35.35 p95=  119.76 p99=  189.36 rps= 246.72
  s2s.crud.fetchAllTickets                      n=14803 err=   0 errRate=  0.00% avg=   46.72 min=   12.77 max=  444.04 p50=   34.74 p95=  117.82 p99=  183.13 rps= 246.72
  s2s.crud.fetchFilms                           n=    2 err=   0 errRate=  0.00% avg=  172.22 min=  148.78 max=  195.66 p50=  172.22 p95=  193.31 p99=  195.19 rps=   0.03

2026-05-06T20:48:39.330Z  INFO 1 --- [lab8-additional-service] [   scheduling-1] r.h.l.a.o.ObservabilityService           : [lab8-additional-service] observability refresh
window 10s
  calc.additional.maxViewersSummary             n= 3415 err=   0 errRate=  0.00% avg=   22.98 min=   12.80 max=  370.51 p50=   15.29 p95=   60.37 p99=  130.65 rps= 341.50
  controller.AnalyticsController.maxViewersSummary n= 3415 err=   0 errRate=  0.00% avg=   23.25 min=   12.90 max=  370.63 p50=   15.56 p95=   60.67 p99=  131.23 rps= 341.50
  s2s.crud.fetchAllTickets                      n= 3415 err=   0 errRate=  0.00% avg=   22.93 min=   12.77 max=  370.48 p50=   15.23 p95=   60.17 p99=  130.50 rps= 341.50
window 30s
  calc.additional.maxViewersSummary             n= 8435 err=   0 errRate=  0.00% avg=   36.89 min=   12.80 max=  404.87 p50=   24.04 p95=  107.44 p99=  164.96 rps= 281.17
  controller.AnalyticsController.maxViewersSummary n= 8435 err=   0 errRate=  0.00% avg=   37.22 min=   12.90 max=  405.74 p50=   24.42 p95=  107.84 p99=  165.16 rps= 281.17
  s2s.crud.fetchAllTickets                      n= 8435 err=   0 errRate=  0.00% avg=   36.48 min=   12.77 max=  370.48 p50=   23.99 p95=  106.78 p99=  162.71 rps= 281.17
  s2s.crud.fetchFilms                           n=    1 err=   0 errRate=  0.00% avg=  195.66 min=  195.66 max=  195.66 p50=  195.66 p95=  195.66 p99=  195.66 rps=   0.03
window 1m
  calc.additional.maxViewersSummary             n=15026 err=   0 errRate=  0.00% avg=   45.60 min=   12.80 max=  404.87 p50=   33.73 p95=  116.36 p99=  180.76 rps= 250.43
  controller.AnalyticsController.maxViewersSummary n=15026 err=   0 errRate=  0.00% avg=   46.01 min=   12.90 max=  405.74 p50=   34.19 p95=  117.00 p99=  181.51 rps= 250.43
  s2s.crud.fetchAllTickets                      n=15026 err=   0 errRate=  0.00% avg=   45.13 min=   12.77 max=  399.16 p50=   33.64 p95=  114.83 p99=  171.48 rps= 250.43
  s2s.crud.fetchFilms                           n=    2 err=   0 errRate=  0.00% avg=  172.22 min=  148.78 max=  195.66 p50=  172.22 p95=  193.31 p99=  195.19 rps=   0.03

2026-05-06T20:48:39.998Z  INFO 1 --- [lab8-additional-service] [   scheduling-1] r.h.l.a.service.FilmCacheService         : film-cache stats: size=310 ttlMs=30000 lastRefreshAtMs=1778100506821 hits=16891 misses=3 refreshes=3
2026-05-06T20:48:40.350Z  INFO 1 --- [lab8-additional-service] [   scheduling-1] r.h.l.a.o.ObservabilityService           : [lab8-additional-service] observability refresh
window 10s
  calc.additional.maxViewersSummary             n= 3574 err=   0 errRate=  0.00% avg=   19.89 min=   12.80 max=  370.51 p50=   14.92 p95=   41.06 p99=  106.83 rps= 357.40
  controller.AnalyticsController.maxViewersSummary n= 3574 err=   0 errRate=  0.00% avg=   20.15 min=   12.90 max=  370.63 p50=   15.16 p95=   41.41 p99=  107.92 rps= 357.40
  s2s.crud.fetchAllTickets                      n= 3574 err=   0 errRate=  0.00% avg=   19.84 min=   12.77 max=  370.48 p50=   14.87 p95=   40.96 p99=  106.78 rps= 357.40
window 30s
  calc.additional.maxViewersSummary             n= 8627 err=   0 errRate=  0.00% avg=   34.98 min=   12.80 max=  404.87 p50=   22.34 p95=  101.38 p99=  163.23 rps= 287.57
  controller.AnalyticsController.maxViewersSummary n= 8627 err=   0 errRate=  0.00% avg=   35.30 min=   12.90 max=  405.74 p50=   22.70 p95=  101.91 p99=  163.39 rps= 287.57
  s2s.crud.fetchAllTickets                      n= 8627 err=   0 errRate=  0.00% avg=   34.58 min=   12.77 max=  370.48 p50=   22.28 p95=  100.72 p99=  157.41 rps= 287.57
  s2s.crud.fetchFilms                           n=    1 err=   0 errRate=  0.00% avg=  195.66 min=  195.66 max=  195.66 p50=  195.66 p95=  195.66 p99=  195.66 rps=   0.03
window 1m
  calc.additional.maxViewersSummary             n=15266 err=   0 errRate=  0.00% avg=   44.29 min=   12.80 max=  404.87 p50=   32.59 p95=  114.25 p99=  173.60 rps= 254.43
  controller.AnalyticsController.maxViewersSummary n=15266 err=   0 errRate=  0.00% avg=   44.70 min=   12.90 max=  405.74 p50=   33.05 p95=  114.52 p99=  173.91 rps= 254.43
  s2s.crud.fetchAllTickets                      n=15266 err=   0 errRate=  0.00% avg=   43.83 min=   12.77 max=  399.16 p50=   32.50 p95=  112.61 p99=  165.05 rps= 254.43
  s2s.crud.fetchFilms                           n=    2 err=   0 errRate=  0.00% avg=  172.22 min=  148.78 max=  195.66 p50=  172.22 p95=  193.31 p99=  195.19 rps=   0.03

2026-05-06T20:48:41.373Z  INFO 1 --- [lab8-additional-service] [   scheduling-1] r.h.l.a.o.ObservabilityService           : [lab8-additional-service] observability refresh
window 10s
  calc.additional.maxViewersSummary             n= 3625 err=   0 errRate=  0.00% avg=   19.35 min=   12.80 max=  370.51 p50=   14.77 p95=   38.95 p99=  106.28 rps= 362.50
  controller.AnalyticsController.maxViewersSummary n= 3626 err=   0 errRate=  0.00% avg=   19.63 min=   12.90 max=  370.63 p50=   15.01 p95=   39.45 p99=  107.62 rps= 362.60
  s2s.crud.fetchAllTickets                      n= 3625 err=   0 errRate=  0.00% avg=   19.30 min=   12.77 max=  370.48 p50=   14.72 p95=   38.92 p99=  106.23 rps= 362.50
window 30s
  calc.additional.maxViewersSummary             n= 8786 err=   0 errRate=  0.00% avg=   33.48 min=   12.80 max=  404.87 p50=   20.44 p95=   97.47 p99=  158.06 rps= 292.87
  controller.AnalyticsController.maxViewersSummary n= 8786 err=   0 errRate=  0.00% avg=   33.79 min=   12.90 max=  405.74 p50=   20.81 p95=   97.74 p99=  158.27 rps= 292.87
  s2s.crud.fetchAllTickets                      n= 8786 err=   0 errRate=  0.00% avg=   33.09 min=   12.77 max=  370.48 p50=   20.35 p95=   96.93 p99=  152.99 rps= 292.87
  s2s.crud.fetchFilms                           n=    1 err=   0 errRate=  0.00% avg=  195.66 min=  195.66 max=  195.66 p50=  195.66 p95=  195.66 p99=  195.66 rps=   0.03
window 1m
  calc.additional.maxViewersSummary             n=15497 err=   0 errRate=  0.00% avg=   42.95 min=   12.80 max=  404.87 p50=   31.65 p95=  111.74 p99=  165.33 rps= 258.28
  controller.AnalyticsController.maxViewersSummary n=15498 err=   0 errRate=  0.00% avg=   43.36 min=   12.90 max=  405.74 p50=   32.10 p95=  112.24 p99=  165.65 rps= 258.30
  s2s.crud.fetchAllTickets                      n=15497 err=   0 errRate=  0.00% avg=   42.50 min=   12.77 max=  370.48 p50=   31.55 p95=  110.74 p99=  161.45 rps= 258.28
  s2s.crud.fetchFilms                           n=    2 err=   0 errRate=  0.00% avg=  172.22 min=  148.78 max=  195.66 p50=  172.22 p95=  193.31 p99=  195.19 rps=   0.03

2026-05-06T20:48:42.388Z  INFO 1 --- [lab8-additional-service] [   scheduling-1] r.h.l.a.o.ObservabilityService           : [lab8-additional-service] observability refresh
window 10s
  calc.additional.maxViewersSummary             n= 3758 err=   0 errRate=  0.00% avg=   16.62 min=   12.80 max=  238.74 p50=   14.58 p95=   27.75 p99=   41.16 rps= 375.80
  controller.AnalyticsController.maxViewersSummary n= 3759 err=   0 errRate=  0.00% avg=   16.86 min=   12.90 max=  238.87 p50=   14.79 p95=   28.06 p99=   41.62 rps= 375.90
  s2s.crud.fetchAllTickets                      n= 3758 err=   0 errRate=  0.00% avg=   16.57 min=   12.77 max=  238.65 p50=   14.52 p95=   27.72 p99=   41.04 rps= 375.80
window 30s
  calc.additional.maxViewersSummary             n= 8929 err=   0 errRate=  0.00% avg=   32.32 min=   12.80 max=  404.87 p50=   19.15 p95=   96.19 p99=  156.21 rps= 297.63
  controller.AnalyticsController.maxViewersSummary n= 8929 err=   0 errRate=  0.00% avg=   32.63 min=   12.90 max=  405.74 p50=   19.53 p95=   96.32 p99=  156.38 rps= 297.63
  s2s.crud.fetchAllTickets                      n= 8929 err=   0 errRate=  0.00% avg=   31.93 min=   12.77 max=  370.48 p50=   19.09 p95=   95.70 p99=  152.07 rps= 297.63
  s2s.crud.fetchFilms                           n=    1 err=   0 errRate=  0.00% avg=  195.66 min=  195.66 max=  195.66 p50=  195.66 p95=  195.66 p99=  195.66 rps=   0.03
window 1m
  calc.additional.maxViewersSummary             n=15699 err=   0 errRate=  0.00% avg=   41.97 min=   12.80 max=  404.87 p50=   30.60 p95=  110.98 p99=  164.54 rps= 261.65
  controller.AnalyticsController.maxViewersSummary n=15699 err=   0 errRate=  0.00% avg=   42.36 min=   12.90 max=  405.74 p50=   31.00 p95=  111.36 p99=  164.98 rps= 261.65
  s2s.crud.fetchAllTickets                      n=15699 err=   0 errRate=  0.00% avg=   41.53 min=   12.77 max=  370.48 p50=   30.48 p95=  109.63 p99=  160.42 rps= 261.65
  s2s.crud.fetchFilms                           n=    2 err=   0 errRate=  0.00% avg=  172.22 min=  148.78 max=  195.66 p50=  172.22 p95=  193.31 p99=  195.19 rps=   0.03

2026-05-06T20:48:43.414Z  INFO 1 --- [lab8-additional-service] [   scheduling-1] r.h.l.a.o.ObservabilityService           : [lab8-additional-service] observability refresh
window 10s
  calc.additional.maxViewersSummary             n= 3759 err=   0 errRate=  0.00% avg=   16.65 min=   12.80 max=  238.74 p50=   14.62 p95=   27.91 p99=   41.16 rps= 375.90
  controller.AnalyticsController.maxViewersSummary n= 3760 err=   0 errRate=  0.00% avg=   16.92 min=   12.90 max=  238.87 p50=   14.84 p95=   28.24 p99=   41.96 rps= 376.00
  s2s.crud.fetchAllTickets                      n= 3759 err=   0 errRate=  0.00% avg=   16.60 min=   12.77 max=  238.65 p50=   14.56 p95=   27.88 p99=   41.04 rps= 375.90
window 30s
  calc.additional.maxViewersSummary             n= 9079 err=   0 errRate=  0.00% avg=   31.14 min=   12.80 max=  404.87 p50=   18.23 p95=   93.39 p99=  151.97 rps= 302.63
  controller.AnalyticsController.maxViewersSummary n= 9079 err=   0 errRate=  0.00% avg=   31.44 min=   12.90 max=  405.74 p50=   18.62 p95=   93.73 p99=  152.12 rps= 302.63
  s2s.crud.fetchAllTickets                      n= 9079 err=   0 errRate=  0.00% avg=   30.76 min=   12.77 max=  370.48 p50=   18.16 p95=   92.20 p99=  149.46 rps= 302.63
  s2s.crud.fetchFilms                           n=    1 err=   0 errRate=  0.00% avg=  195.66 min=  195.66 max=  195.66 p50=  195.66 p95=  195.66 p99=  195.66 rps=   0.03
window 1m
  calc.additional.maxViewersSummary             n=15876 err=   0 errRate=  0.00% avg=   41.06 min=   12.80 max=  404.87 p50=   29.59 p95=  110.11 p99=  164.44 rps= 264.60
  controller.AnalyticsController.maxViewersSummary n=15876 err=   0 errRate=  0.00% avg=   41.45 min=   12.90 max=  405.74 p50=   30.03 p95=  110.67 p99=  164.80 rps= 264.60
  s2s.crud.fetchAllTickets                      n=15876 err=   0 errRate=  0.00% avg=   40.62 min=   12.77 max=  370.48 p50=   29.52 p95=  108.82 p99=  160.24 rps= 264.60
  s2s.crud.fetchFilms                           n=    2 err=   0 errRate=  0.00% avg=  172.22 min=  148.78 max=  195.66 p50=  172.22 p95=  193.31 p99=  195.19 rps=   0.03

2026-05-06T20:48:44.435Z  INFO 1 --- [lab8-additional-service] [   scheduling-1] r.h.l.a.o.ObservabilityService           : [lab8-additional-service] observability refresh
window 10s
  calc.additional.maxViewersSummary             n= 3771 err=   0 errRate=  0.00% avg=   16.32 min=   12.80 max=  238.74 p50=   14.56 p95=   25.29 p99=   39.11 rps= 377.10
  controller.AnalyticsController.maxViewersSummary n= 3771 err=   0 errRate=  0.00% avg=   16.58 min=   12.90 max=  238.87 p50=   14.78 p95=   25.85 p99=   40.87 rps= 377.10
  s2s.crud.fetchAllTickets                      n= 3771 err=   0 errRate=  0.00% avg=   16.27 min=   12.77 max=  238.65 p50=   14.51 p95=   25.26 p99=   39.08 rps= 377.10
window 30s
  calc.additional.maxViewersSummary             n= 9255 err=   0 errRate=  0.00% avg=   29.74 min=   12.80 max=  404.87 p50=   17.82 p95=   86.68 p99=  138.67 rps= 308.50
  controller.AnalyticsController.maxViewersSummary n= 9255 err=   0 errRate=  0.00% avg=   30.05 min=   12.90 max=  405.74 p50=   18.13 p95=   87.13 p99=  139.35 rps= 308.50
  s2s.crud.fetchAllTickets                      n= 9255 err=   0 errRate=  0.00% avg=   29.36 min=   12.77 max=  370.48 p50=   17.75 p95=   86.26 p99=  135.63 rps= 308.50
  s2s.crud.fetchFilms                           n=    1 err=   0 errRate=  0.00% avg=  195.66 min=  195.66 max=  195.66 p50=  195.66 p95=  195.66 p99=  195.66 rps=   0.03
window 1m
  calc.additional.maxViewersSummary             n=16043 err=   0 errRate=  0.00% avg=   40.16 min=   12.80 max=  404.87 p50=   28.75 p95=  108.75 p99=  162.82 rps= 267.38
  controller.AnalyticsController.maxViewersSummary n=16043 err=   0 errRate=  0.00% avg=   40.54 min=   12.90 max=  405.74 p50=   29.22 p95=  109.10 p99=  163.09 rps= 267.38
  s2s.crud.fetchAllTickets                      n=16043 err=   0 errRate=  0.00% avg=   39.72 min=   12.77 max=  370.48 p50=   28.68 p95=  107.47 p99=  156.48 rps= 267.38
  s2s.crud.fetchFilms                           n=    2 err=   0 errRate=  0.00% avg=  172.22 min=  148.78 max=  195.66 p50=  172.22 p95=  193.31 p99=  195.19 rps=   0.03

2026-05-06T20:48:45.454Z  INFO 1 --- [lab8-additional-service] [   scheduling-1] r.h.l.a.o.ObservabilityService           : [lab8-additional-service] observability refresh
window 10s
  calc.additional.maxViewersSummary             n= 3784 err=   0 errRate=  0.00% avg=   16.01 min=   12.80 max=  225.91 p50=   14.49 p95=   23.34 p99=   38.57 rps= 378.40
  controller.AnalyticsController.maxViewersSummary n= 3784 err=   0 errRate=  0.00% avg=   16.26 min=   12.90 max=  226.04 p50=   14.71 p95=   23.79 p99=   39.94 rps= 378.40
  s2s.crud.fetchAllTickets                      n= 3784 err=   0 errRate=  0.00% avg=   15.96 min=   12.77 max=  225.88 p50=   14.45 p95=   23.27 p99=   38.53 rps= 378.40
window 30s
  calc.additional.maxViewersSummary             n= 9366 err=   0 errRate=  0.00% avg=   28.71 min=   12.80 max=  404.87 p50=   17.24 p95=   82.19 p99=  135.66 rps= 312.20
  controller.AnalyticsController.maxViewersSummary n= 9366 err=   0 errRate=  0.00% avg=   29.02 min=   12.90 max=  405.74 p50=   17.58 p95=   82.55 p99=  135.98 rps= 312.20
  s2s.crud.fetchAllTickets                      n= 9366 err=   0 errRate=  0.00% avg=   28.34 min=   12.77 max=  370.48 p50=   17.18 p95=   81.98 p99=  132.14 rps= 312.20
  s2s.crud.fetchFilms                           n=    1 err=   0 errRate=  0.00% avg=  195.66 min=  195.66 max=  195.66 p50=  195.66 p95=  195.66 p99=  195.66 rps=   0.03
window 1m
  calc.additional.maxViewersSummary             n=16226 err=   0 errRate=  0.00% avg=   39.30 min=   12.80 max=  404.87 p50=   27.73 p95=  107.68 p99=  162.77 rps= 270.43
  controller.AnalyticsController.maxViewersSummary n=16226 err=   0 errRate=  0.00% avg=   39.68 min=   12.90 max=  405.74 p50=   28.16 p95=  108.10 p99=  163.00 rps= 270.43
  s2s.crud.fetchAllTickets                      n=16226 err=   0 errRate=  0.00% avg=   38.87 min=   12.77 max=  370.48 p50=   27.64 p95=  106.50 p99=  156.22 rps= 270.43
  s2s.crud.fetchFilms                           n=    2 err=   0 errRate=  0.00% avg=  172.22 min=  148.78 max=  195.66 p50=  172.22 p95=  193.31 p99=  195.19 rps=   0.03

2026-05-06T20:48:46.471Z  INFO 1 --- [lab8-additional-service] [   scheduling-1] r.h.l.a.o.ObservabilityService           : [lab8-additional-service] observability refresh
window 10s
  calc.additional.maxViewersSummary             n= 3801 err=   0 errRate=  0.00% avg=   15.92 min=   12.80 max=  225.91 p50=   14.48 p95=   22.92 p99=   37.94 rps= 380.10
  controller.AnalyticsController.maxViewersSummary n= 3801 err=   0 errRate=  0.00% avg=   16.17 min=   12.90 max=  226.04 p50=   14.69 p95=   23.40 p99=   39.05 rps= 380.10
  s2s.crud.fetchAllTickets                      n= 3801 err=   0 errRate=  0.00% avg=   15.87 min=   12.77 max=  225.88 p50=   14.42 p95=   22.78 p99=   37.90 rps= 380.10
window 30s
  calc.additional.maxViewersSummary             n= 9486 err=   0 errRate=  0.00% avg=   28.01 min=   12.80 max=  404.87 p50=   16.77 p95=   80.58 p99=  135.49 rps= 316.20
  controller.AnalyticsController.maxViewersSummary n= 9486 err=   0 errRate=  0.00% avg=   28.31 min=   12.90 max=  405.74 p50=   17.08 p95=   81.09 p99=  135.76 rps= 316.20
  s2s.crud.fetchAllTickets                      n= 9486 err=   0 errRate=  0.00% avg=   27.65 min=   12.77 max=  370.48 p50=   16.69 p95=   80.51 p99=  131.70 rps= 316.20
  s2s.crud.fetchFilms                           n=    1 err=   0 errRate=  0.00% avg=  195.66 min=  195.66 max=  195.66 p50=  195.66 p95=  195.66 p99=  195.66 rps=   0.03
window 1m
  calc.additional.maxViewersSummary             n=16398 err=   0 errRate=  0.00% avg=   38.49 min=   12.80 max=  404.87 p50=   26.62 p95=  107.08 p99=  161.68 rps= 273.30
  controller.AnalyticsController.maxViewersSummary n=16398 err=   0 errRate=  0.00% avg=   38.87 min=   12.90 max=  405.74 p50=   27.09 p95=  107.39 p99=  162.04 rps= 273.30
  s2s.crud.fetchAllTickets                      n=16398 err=   0 errRate=  0.00% avg=   38.07 min=   12.77 max=  370.48 p50=   26.53 p95=  105.57 p99=  155.05 rps= 273.30
  s2s.crud.fetchFilms                           n=    2 err=   0 errRate=  0.00% avg=  172.22 min=  148.78 max=  195.66 p50=  172.22 p95=  193.31 p99=  195.19 rps=   0.03

2026-05-06T20:48:47.499Z  INFO 1 --- [lab8-additional-service] [   scheduling-1] r.h.l.a.o.ObservabilityService           : [lab8-additional-service] observability refresh
window 10s
  calc.additional.maxViewersSummary             n= 3805 err=   0 errRate=  0.00% avg=   15.86 min=   12.80 max=  225.91 p50=   14.43 p95=   22.64 p99=   37.93 rps= 380.50
  controller.AnalyticsController.maxViewersSummary n= 3805 err=   0 errRate=  0.00% avg=   16.10 min=   12.90 max=  226.04 p50=   14.65 p95=   23.06 p99=   39.05 rps= 380.50
  s2s.crud.fetchAllTickets                      n= 3805 err=   0 errRate=  0.00% avg=   15.81 min=   12.77 max=  225.88 p50=   14.38 p95=   22.54 p99=   37.89 rps= 380.50
window 30s
  calc.additional.maxViewersSummary             n= 9643 err=   0 errRate=  0.00% avg=   26.81 min=   12.80 max=  404.87 p50=   16.27 p95=   77.75 p99=  132.63 rps= 321.43
  controller.AnalyticsController.maxViewersSummary n= 9643 err=   0 errRate=  0.00% avg=   27.10 min=   12.90 max=  405.74 p50=   16.59 p95=   78.24 p99=  133.28 rps= 321.43
  s2s.crud.fetchAllTickets                      n= 9643 err=   0 errRate=  0.00% avg=   26.45 min=   12.77 max=  370.48 p50=   16.21 p95=   77.71 p99=  131.16 rps= 321.43
  s2s.crud.fetchFilms                           n=    1 err=   0 errRate=  0.00% avg=  195.66 min=  195.66 max=  195.66 p50=  195.66 p95=  195.66 p99=  195.66 rps=   0.03
window 1m
  calc.additional.maxViewersSummary             n=16597 err=   0 errRate=  0.00% avg=   37.59 min=   12.80 max=  404.87 p50=   25.54 p95=  105.83 p99=  161.46 rps= 276.62
  controller.AnalyticsController.maxViewersSummary n=16597 err=   0 errRate=  0.00% avg=   37.96 min=   12.90 max=  405.74 p50=   25.93 p95=  106.21 p99=  161.97 rps= 276.62
  s2s.crud.fetchAllTickets                      n=16597 err=   0 errRate=  0.00% avg=   37.17 min=   12.77 max=  370.48 p50=   25.47 p95=  104.36 p99=  154.36 rps= 276.62
  s2s.crud.fetchFilms                           n=    2 err=   0 errRate=  0.00% avg=  172.22 min=  148.78 max=  195.66 p50=  172.22 p95=  193.31 p99=  195.19 rps=   0.03

2026-05-06T20:48:48.530Z  INFO 1 --- [lab8-additional-service] [   scheduling-1] r.h.l.a.o.ObservabilityService           : [lab8-additional-service] observability refresh
window 10s
  calc.additional.maxViewersSummary             n= 3800 err=   0 errRate=  0.00% avg=   15.92 min=   12.80 max=  225.91 p50=   14.52 p95=   22.54 p99=   37.94 rps= 380.00
  controller.AnalyticsController.maxViewersSummary n= 3800 err=   0 errRate=  0.00% avg=   16.16 min=   12.90 max=  226.04 p50=   14.74 p95=   22.89 p99=   39.05 rps= 380.00
  s2s.crud.fetchAllTickets                      n= 3800 err=   0 errRate=  0.00% avg=   15.87 min=   12.77 max=  225.88 p50=   14.47 p95=   22.45 p99=   37.91 rps= 380.00
window 30s
  calc.additional.maxViewersSummary             n= 9780 err=   0 errRate=  0.00% avg=   25.83 min=   12.80 max=  404.87 p50=   15.98 p95=   72.33 p99=  132.49 rps= 326.00
  controller.AnalyticsController.maxViewersSummary n= 9780 err=   0 errRate=  0.00% avg=   26.12 min=   12.90 max=  405.74 p50=   16.27 p95=   72.86 p99=  132.87 rps= 326.00
  s2s.crud.fetchAllTickets                      n= 9780 err=   0 errRate=  0.00% avg=   25.48 min=   12.77 max=  370.48 p50=   15.92 p95=   72.29 p99=  130.63 rps= 326.00
  s2s.crud.fetchFilms                           n=    1 err=   0 errRate=  0.00% avg=  195.66 min=  195.66 max=  195.66 p50=  195.66 p95=  195.66 p99=  195.66 rps=   0.03
window 1m
  calc.additional.maxViewersSummary             n=16762 err=   0 errRate=  0.00% avg=   36.91 min=   12.80 max=  404.87 p50=   24.52 p95=  105.56 p99=  161.31 rps= 279.37
  controller.AnalyticsController.maxViewersSummary n=16762 err=   0 errRate=  0.00% avg=   37.27 min=   12.90 max=  405.74 p50=   24.92 p95=  105.91 p99=  161.79 rps= 279.37
  s2s.crud.fetchAllTickets                      n=16762 err=   0 errRate=  0.00% avg=   36.49 min=   12.77 max=  370.48 p50=   24.46 p95=  104.08 p99=  153.99 rps= 279.37
  s2s.crud.fetchFilms                           n=    2 err=   0 errRate=  0.00% avg=  172.22 min=  148.78 max=  195.66 p50=  172.22 p95=  193.31 p99=  195.19 rps=   0.03

2026-05-06T20:48:49.580Z  INFO 1 --- [lab8-additional-service] [   scheduling-1] r.h.l.a.o.ObservabilityService           : [lab8-additional-service] observability refresh
window 10s
  calc.additional.maxViewersSummary             n= 3804 err=   0 errRate=  0.00% avg=   15.88 min=   12.87 max=  225.91 p50=   14.50 p95=   22.53 p99=   36.17 rps= 380.40
  controller.AnalyticsController.maxViewersSummary n= 3805 err=   0 errRate=  0.00% avg=   16.12 min=   12.97 max=  226.04 p50=   14.71 p95=   22.91 p99=   38.08 rps= 380.50
  s2s.crud.fetchAllTickets                      n= 3804 err=   0 errRate=  0.00% avg=   15.83 min=   12.83 max=  225.88 p50=   14.45 p95=   22.46 p99=   36.13 rps= 380.40
window 30s
  calc.additional.maxViewersSummary             n= 9891 err=   0 errRate=  0.00% avg=   25.03 min=   12.80 max=  404.87 p50=   15.71 p95=   67.88 p99=  131.73 rps= 329.70
  controller.AnalyticsController.maxViewersSummary n= 9891 err=   0 errRate=  0.00% avg=   25.32 min=   12.90 max=  405.74 p50=   15.99 p95=   68.19 p99=  131.94 rps= 329.70
  s2s.crud.fetchAllTickets                      n= 9891 err=   0 errRate=  0.00% avg=   24.68 min=   12.77 max=  370.48 p50=   15.64 p95=   67.80 p99=  130.47 rps= 329.70
  s2s.crud.fetchFilms                           n=    1 err=   0 errRate=  0.00% avg=  195.66 min=  195.66 max=  195.66 p50=  195.66 p95=  195.66 p99=  195.66 rps=   0.03
window 1m
  calc.additional.maxViewersSummary             n=16975 err=   0 errRate=  0.00% avg=   35.89 min=   12.80 max=  404.87 p50=   23.48 p95=  102.29 p99=  158.14 rps= 282.92
  controller.AnalyticsController.maxViewersSummary n=16975 err=   0 errRate=  0.00% avg=   36.24 min=   12.90 max=  405.74 p50=   23.90 p95=  102.84 p99=  158.40 rps= 282.92
  s2s.crud.fetchAllTickets                      n=16975 err=   0 errRate=  0.00% avg=   35.48 min=   12.77 max=  370.48 p50=   23.40 p95=  100.80 p99=  151.96 rps= 282.92
  s2s.crud.fetchFilms                           n=    2 err=   0 errRate=  0.00% avg=  172.22 min=  148.78 max=  195.66 p50=  172.22 p95=  193.31 p99=  195.19 rps=   0.03

2026-05-06T20:48:49.999Z  INFO 1 --- [lab8-additional-service] [   scheduling-1] r.h.l.a.service.FilmCacheService         : film-cache stats: size=310 ttlMs=30000 lastRefreshAtMs=1778100506821 hits=20682 misses=3 refreshes=3
2026-05-06T20:48:50.599Z  INFO 1 --- [lab8-additional-service] [   scheduling-1] r.h.l.a.o.ObservabilityService           : [lab8-additional-service] observability refresh
window 10s
  calc.additional.maxViewersSummary             n= 3789 err=   0 errRate=  0.00% avg=   16.02 min=   12.87 max=   80.38 p50=   14.53 p95=   24.18 p99=   37.66 rps= 378.90
  controller.AnalyticsController.maxViewersSummary n= 3789 err=   0 errRate=  0.00% avg=   16.26 min=   12.97 max=   80.55 p50=   14.74 p95=   24.41 p99=   38.85 rps= 378.90
  s2s.crud.fetchAllTickets                      n= 3789 err=   0 errRate=  0.00% avg=   15.97 min=   12.80 max=   80.35 p50=   14.48 p95=   24.15 p99=   37.63 rps= 378.90
window 30s
  calc.additional.maxViewersSummary             n= 9977 err=   0 errRate=  0.00% avg=   24.51 min=   12.80 max=  404.87 p50=   15.51 p95=   66.88 p99=  131.40 rps= 332.57
  controller.AnalyticsController.maxViewersSummary n= 9977 err=   0 errRate=  0.00% avg=   24.79 min=   12.90 max=  405.74 p50=   15.78 p95=   67.32 p99=  131.69 rps= 332.57
  s2s.crud.fetchAllTickets                      n= 9977 err=   0 errRate=  0.00% avg=   24.16 min=   12.77 max=  370.48 p50=   15.45 p95=   66.84 p99=  130.26 rps= 332.57
  s2s.crud.fetchFilms                           n=    1 err=   0 errRate=  0.00% avg=  195.66 min=  195.66 max=  195.66 p50=  195.66 p95=  195.66 p99=  195.66 rps=   0.03
window 1m
  calc.additional.maxViewersSummary             n=17119 err=   0 errRate=  0.00% avg=   35.26 min=   12.80 max=  404.87 p50=   22.59 p95=  101.56 p99=  157.69 rps= 285.32
  controller.AnalyticsController.maxViewersSummary n=17119 err=   0 errRate=  0.00% avg=   35.60 min=   12.90 max=  405.74 p50=   23.05 p95=  102.05 p99=  158.09 rps= 285.32
  s2s.crud.fetchAllTickets                      n=17119 err=   0 errRate=  0.00% avg=   34.86 min=   12.77 max=  370.48 p50=   22.52 p95=  100.06 p99=  151.86 rps= 285.32
  s2s.crud.fetchFilms                           n=    2 err=   0 errRate=  0.00% avg=  172.22 min=  148.78 max=  195.66 p50=  172.22 p95=  193.31 p99=  195.19 rps=   0.03

2026-05-06T20:48:51.635Z  INFO 1 --- [lab8-additional-service] [   scheduling-1] r.h.l.a.o.ObservabilityService           : [lab8-additional-service] observability refresh
window 10s
  calc.additional.maxViewersSummary             n= 3805 err=   0 errRate=  0.00% avg=   15.96 min=   12.87 max=   80.38 p50=   14.47 p95=   24.14 p99=   37.59 rps= 380.50
  controller.AnalyticsController.maxViewersSummary n= 3805 err=   0 errRate=  0.00% avg=   16.19 min=   12.97 max=   80.55 p50=   14.67 p95=   24.41 p99=   38.81 rps= 380.50
  s2s.crud.fetchAllTickets                      n= 3805 err=   0 errRate=  0.00% avg=   15.91 min=   12.80 max=   80.35 p50=   14.42 p95=   24.11 p99=   37.56 rps= 380.50
window 30s
  calc.additional.maxViewersSummary             n=10101 err=   0 errRate=  0.00% avg=   23.67 min=   12.80 max=  404.87 p50=   15.27 p95=   63.42 p99=  131.24 rps= 336.70
  controller.AnalyticsController.maxViewersSummary n=10101 err=   0 errRate=  0.00% avg=   23.94 min=   12.90 max=  405.74 p50=   15.54 p95=   63.96 p99=  131.58 rps= 336.70
  s2s.crud.fetchAllTickets                      n=10101 err=   0 errRate=  0.00% avg=   23.33 min=   12.77 max=  370.48 p50=   15.22 p95=   63.38 p99=  129.72 rps= 336.70
  s2s.crud.fetchFilms                           n=    1 err=   0 errRate=  0.00% avg=  195.66 min=  195.66 max=  195.66 p50=  195.66 p95=  195.66 p99=  195.66 rps=   0.03
window 1m
  calc.additional.maxViewersSummary             n=17342 err=   0 errRate=  0.00% avg=   34.26 min=   12.80 max=  404.87 p50=   21.57 p95=   98.19 p99=  155.45 rps= 289.03
  controller.AnalyticsController.maxViewersSummary n=17343 err=   0 errRate=  0.00% avg=   34.60 min=   12.90 max=  405.74 p50=   21.96 p95=   98.68 p99=  155.66 rps= 289.05
  s2s.crud.fetchAllTickets                      n=17342 err=   0 errRate=  0.00% avg=   33.86 min=   12.77 max=  370.48 p50=   21.48 p95=   97.13 p99=  150.54 rps= 289.03
  s2s.crud.fetchFilms                           n=    2 err=   0 errRate=  0.00% avg=  172.22 min=  148.78 max=  195.66 p50=  172.22 p95=  193.31 p99=  195.19 rps=   0.03

2026-05-06T20:48:52.653Z  INFO 1 --- [lab8-additional-service] [   scheduling-1] r.h.l.a.o.ObservabilityService           : [lab8-additional-service] observability refresh
window 10s
  calc.additional.maxViewersSummary             n= 3785 err=   0 errRate=  0.00% avg=   16.21 min=   12.79 max=   80.38 p50=   14.50 p95=   25.82 p99=   38.14 rps= 378.50
  controller.AnalyticsController.maxViewersSummary n= 3785 err=   0 errRate=  0.00% avg=   16.45 min=   12.87 max=   80.55 p50=   14.73 p95=   26.27 p99=   39.23 rps= 378.50
  s2s.crud.fetchAllTickets                      n= 3785 err=   0 errRate=  0.00% avg=   16.16 min=   12.75 max=   80.35 p50=   14.46 p95=   25.79 p99=   38.11 rps= 378.50
window 30s
  calc.additional.maxViewersSummary             n=10182 err=   0 errRate=  0.00% avg=   23.21 min=   12.79 max=  404.87 p50=   15.16 p95=   62.34 p99=  131.23 rps= 339.40
  controller.AnalyticsController.maxViewersSummary n=10182 err=   0 errRate=  0.00% avg=   23.48 min=   12.87 max=  405.74 p50=   15.42 p95=   62.98 p99=  131.41 rps= 339.40
  s2s.crud.fetchAllTickets                      n=10182 err=   0 errRate=  0.00% avg=   22.87 min=   12.75 max=  370.48 p50=   15.10 p95=   62.29 p99=  129.34 rps= 339.40
  s2s.crud.fetchFilms                           n=    1 err=   0 errRate=  0.00% avg=  195.66 min=  195.66 max=  195.66 p50=  195.66 p95=  195.66 p99=  195.66 rps=   0.03
window 1m
  calc.additional.maxViewersSummary             n=17530 err=   0 errRate=  0.00% avg=   33.47 min=   12.79 max=  404.87 p50=   20.78 p95=   96.23 p99=  153.53 rps= 292.17
  controller.AnalyticsController.maxViewersSummary n=17530 err=   0 errRate=  0.00% avg=   33.80 min=   12.87 max=  405.74 p50=   21.18 p95=   96.64 p99=  153.88 rps= 292.17
  s2s.crud.fetchAllTickets                      n=17530 err=   0 errRate=  0.00% avg=   33.07 min=   12.75 max=  370.48 p50=   20.71 p95=   95.11 p99=  148.73 rps= 292.17
  s2s.crud.fetchFilms                           n=    2 err=   0 errRate=  0.00% avg=  172.22 min=  148.78 max=  195.66 p50=  172.22 p95=  193.31 p99=  195.19 rps=   0.03

2026-05-06T20:48:53.675Z  INFO 1 --- [lab8-additional-service] [   scheduling-1] r.h.l.a.o.ObservabilityService           : [lab8-additional-service] observability refresh
window 10s
  calc.additional.maxViewersSummary             n= 3811 err=   0 errRate=  0.00% avg=   16.02 min=   12.76 max=   80.38 p50=   14.40 p95=   25.29 p99=   38.07 rps= 381.10
  controller.AnalyticsController.maxViewersSummary n= 3811 err=   0 errRate=  0.00% avg=   16.23 min=   12.87 max=   80.55 p50=   14.60 p95=   25.51 p99=   38.53 rps= 381.10
  s2s.crud.fetchAllTickets                      n= 3811 err=   0 errRate=  0.00% avg=   15.97 min=   12.70 max=   80.35 p50=   14.35 p95=   25.25 p99=   38.03 rps= 381.10
window 30s
  calc.additional.maxViewersSummary             n=10320 err=   0 errRate=  0.00% avg=   22.36 min=   12.76 max=  404.87 p50=   14.99 p95=   55.42 p99=  130.64 rps= 344.00
  controller.AnalyticsController.maxViewersSummary n=10320 err=   0 errRate=  0.00% avg=   22.62 min=   12.87 max=  405.74 p50=   15.24 p95=   55.80 p99=  131.20 rps= 344.00
  s2s.crud.fetchAllTickets                      n=10320 err=   0 errRate=  0.00% avg=   22.02 min=   12.70 max=  370.48 p50=   14.94 p95=   55.38 p99=  128.80 rps= 344.00
  s2s.crud.fetchFilms                           n=    1 err=   0 errRate=  0.00% avg=  195.66 min=  195.66 max=  195.66 p50=  195.66 p95=  195.66 p99=  195.66 rps=   0.03
window 1m
  calc.additional.maxViewersSummary             n=17740 err=   0 errRate=  0.00% avg=   32.54 min=   12.76 max=  404.87 p50=   20.00 p95=   93.43 p99=  151.56 rps= 295.67
  controller.AnalyticsController.maxViewersSummary n=17740 err=   0 errRate=  0.00% avg=   32.87 min=   12.87 max=  405.74 p50=   20.34 p95=   93.83 p99=  151.93 rps= 295.67
  s2s.crud.fetchAllTickets                      n=17740 err=   0 errRate=  0.00% avg=   32.15 min=   12.70 max=  370.48 p50=   19.94 p95=   92.19 p99=  145.78 rps= 295.67
  s2s.crud.fetchFilms                           n=    2 err=   0 errRate=  0.00% avg=  172.22 min=  148.78 max=  195.66 p50=  172.22 p95=  193.31 p99=  195.19 rps=   0.03

2026-05-06T20:48:54.695Z  INFO 1 --- [lab8-additional-service] [   scheduling-1] r.h.l.a.o.ObservabilityService           : [lab8-additional-service] observability refresh
window 10s
  calc.additional.maxViewersSummary             n= 3869 err=   0 errRate=  0.00% avg=   15.39 min=   12.76 max=   49.01 p50=   14.29 p95=   21.82 p99=   29.89 rps= 386.90
  controller.AnalyticsController.maxViewersSummary n= 3870 err=   0 errRate=  0.00% avg=   15.60 min=   12.87 max=   49.14 p50=   14.49 p95=   22.24 p99=   30.16 rps= 387.00
  s2s.crud.fetchAllTickets                      n= 3869 err=   0 errRate=  0.00% avg=   15.34 min=   12.70 max=   48.97 p50=   14.25 p95=   21.78 p99=   29.86 rps= 386.90
window 30s
  calc.additional.maxViewersSummary             n=10446 err=   0 errRate=  0.00% avg=   21.67 min=   12.76 max=  404.87 p50=   14.87 p95=   51.39 p99=  129.55 rps= 348.20
  controller.AnalyticsController.maxViewersSummary n=10446 err=   0 errRate=  0.00% avg=   21.92 min=   12.87 max=  405.74 p50=   15.10 p95=   51.91 p99=  129.78 rps= 348.20
  s2s.crud.fetchAllTickets                      n=10446 err=   0 errRate=  0.00% avg=   21.34 min=   12.70 max=  370.48 p50=   14.81 p95=   51.31 p99=  127.81 rps= 348.20
  s2s.crud.fetchFilms                           n=    1 err=   0 errRate=  0.00% avg=  195.66 min=  195.66 max=  195.66 p50=  195.66 p95=  195.66 p99=  195.66 rps=   0.03
window 1m
  calc.additional.maxViewersSummary             n=17859 err=   0 errRate=  0.00% avg=   32.12 min=   12.76 max=  404.87 p50=   19.31 p95=   93.07 p99=  151.51 rps= 297.65
  controller.AnalyticsController.maxViewersSummary n=17859 err=   0 errRate=  0.00% avg=   32.44 min=   12.87 max=  405.74 p50=   19.68 p95=   93.62 p99=  151.68 rps= 297.65
  s2s.crud.fetchAllTickets                      n=17859 err=   0 errRate=  0.00% avg=   31.73 min=   12.70 max=  370.48 p50=   19.24 p95=   92.04 p99=  145.61 rps= 297.65
  s2s.crud.fetchFilms                           n=    2 err=   0 errRate=  0.00% avg=  172.22 min=  148.78 max=  195.66 p50=  172.22 p95=  193.31 p99=  195.19 rps=   0.03

2026-05-06T20:48:55.714Z  INFO 1 --- [lab8-additional-service] [   scheduling-1] r.h.l.a.o.ObservabilityService           : [lab8-additional-service] observability refresh
window 10s
  calc.additional.maxViewersSummary             n= 3866 err=   0 errRate=  0.00% avg=   15.48 min=   12.76 max=   50.19 p50=   14.26 p95=   22.73 p99=   31.36 rps= 386.60
  controller.AnalyticsController.maxViewersSummary n= 3866 err=   0 errRate=  0.00% avg=   15.68 min=   12.87 max=   50.47 p50=   14.44 p95=   23.05 p99=   31.57 rps= 386.60
  s2s.crud.fetchAllTickets                      n= 3866 err=   0 errRate=  0.00% avg=   15.43 min=   12.70 max=   50.16 p50=   14.21 p95=   22.70 p99=   31.32 rps= 386.60
window 30s
  calc.additional.maxViewersSummary             n=10538 err=   0 errRate=  0.00% avg=   21.25 min=   12.76 max=  404.87 p50=   14.77 p95=   50.07 p99=  129.13 rps= 351.27
  controller.AnalyticsController.maxViewersSummary n=10538 err=   0 errRate=  0.00% avg=   21.50 min=   12.87 max=  405.74 p50=   14.99 p95=   50.20 p99=  129.24 rps= 351.27
  s2s.crud.fetchAllTickets                      n=10538 err=   0 errRate=  0.00% avg=   20.92 min=   12.70 max=  370.48 p50=   14.72 p95=   49.46 p99=  127.70 rps= 351.27
  s2s.crud.fetchFilms                           n=    1 err=   0 errRate=  0.00% avg=  195.66 min=  195.66 max=  195.66 p50=  195.66 p95=  195.66 p99=  195.66 rps=   0.03
window 1m
  calc.additional.maxViewersSummary             n=17972 err=   0 errRate=  0.00% avg=   31.69 min=   12.76 max=  404.87 p50=   18.67 p95=   92.41 p99=  151.32 rps= 299.53
  controller.AnalyticsController.maxViewersSummary n=17972 err=   0 errRate=  0.00% avg=   32.00 min=   12.87 max=  405.74 p50=   19.00 p95=   92.76 p99=  151.65 rps= 299.53
  s2s.crud.fetchAllTickets                      n=17972 err=   0 errRate=  0.00% avg=   31.30 min=   12.70 max=  370.48 p50=   18.61 p95=   91.10 p99=  145.50 rps= 299.53
  s2s.crud.fetchFilms                           n=    2 err=   0 errRate=  0.00% avg=  172.22 min=  148.78 max=  195.66 p50=  172.22 p95=  193.31 p99=  195.19 rps=   0.03

2026-05-06T20:48:56.732Z  INFO 1 --- [lab8-additional-service] [   scheduling-1] r.h.l.a.o.ObservabilityService           : [lab8-additional-service] observability refresh
window 10s
  calc.additional.maxViewersSummary             n= 3789 err=   0 errRate=  0.00% avg=   15.49 min=   12.76 max=   50.19 p50=   14.27 p95=   22.73 p99=   31.63 rps= 378.90
  controller.AnalyticsController.maxViewersSummary n= 3789 err=   0 errRate=  0.00% avg=   15.69 min=   12.87 max=   50.47 p50=   14.45 p95=   23.03 p99=   31.73 rps= 378.90
  s2s.crud.fetchAllTickets                      n= 3789 err=   0 errRate=  0.00% avg=   15.44 min=   12.70 max=   50.16 p50=   14.22 p95=   22.69 p99=   31.57 rps= 378.90
window 30s
  calc.additional.maxViewersSummary             n=10501 err=   0 errRate=  0.00% avg=   21.05 min=   12.76 max=  404.87 p50=   14.69 p95=   50.07 p99=  129.29 rps= 350.03
  controller.AnalyticsController.maxViewersSummary n=10501 err=   0 errRate=  0.00% avg=   21.29 min=   12.87 max=  405.74 p50=   14.91 p95=   50.23 p99=  129.40 rps= 350.03
  s2s.crud.fetchAllTickets                      n=10501 err=   0 errRate=  0.00% avg=   20.72 min=   12.70 max=  370.48 p50=   14.63 p95=   49.88 p99=  127.78 rps= 350.03
  s2s.crud.fetchFilms                           n=    1 err=   0 errRate=  0.00% avg=  195.66 min=  195.66 max=  195.66 p50=  195.66 p95=  195.66 p99=  195.66 rps=   0.03
window 1m
  calc.additional.maxViewersSummary             n=18008 err=   0 errRate=  0.00% avg=   31.30 min=   12.76 max=  404.87 p50=   18.05 p95=   92.22 p99=  151.25 rps= 300.13
  controller.AnalyticsController.maxViewersSummary n=18008 err=   0 errRate=  0.00% avg=   31.61 min=   12.87 max=  405.74 p50=   18.41 p95=   92.50 p99=  151.65 rps= 300.13
  s2s.crud.fetchAllTickets                      n=18008 err=   0 errRate=  0.00% avg=   30.92 min=   12.70 max=  370.48 p50=   18.00 p95=   90.82 p99=  145.43 rps= 300.13
  s2s.crud.fetchFilms                           n=    2 err=   0 errRate=  0.00% avg=  172.22 min=  148.78 max=  195.66 p50=  172.22 p95=  193.31 p99=  195.19 rps=   0.03

2026-05-06T20:48:57.747Z  INFO 1 --- [lab8-additional-service] [   scheduling-1] r.h.l.a.o.ObservabilityService           : [lab8-additional-service] observability refresh
window 10s
  calc.additional.maxViewersSummary             n= 3573 err=   0 errRate=  0.00% avg=   15.85 min=   12.65 max=  225.61 p50=   14.21 p95=   23.81 p99=   35.18 rps= 357.30
  controller.AnalyticsController.maxViewersSummary n= 3573 err=   0 errRate=  0.00% avg=   16.04 min=   12.73 max=  225.70 p50=   14.39 p95=   24.25 p99=   35.27 rps= 357.30
  s2s.crud.fetchAllTickets                      n= 3573 err=   0 errRate=  0.00% avg=   15.54 min=   12.61 max=  225.58 p50=   14.16 p95=   23.28 p99=   33.65 rps= 357.30
  s2s.crud.fetchFilms                           n=    1 err=   0 errRate=  0.00% avg=   58.12 min=   58.12 max=   58.12 p50=   58.12 p95=   58.12 p99=   58.12 rps=   0.10
window 30s
  calc.additional.maxViewersSummary             n=10539 err=   0 errRate=  0.00% avg=   19.57 min=   12.65 max=  370.51 p50=   14.63 p95=   41.96 p99=  112.15 rps= 351.30
  controller.AnalyticsController.maxViewersSummary n=10539 err=   0 errRate=  0.00% avg=   19.81 min=   12.73 max=  370.63 p50=   14.86 p95=   42.61 p99=  112.54 rps= 351.30
  s2s.crud.fetchAllTickets                      n=10539 err=   0 errRate=  0.00% avg=   19.43 min=   12.61 max=  370.48 p50=   14.58 p95=   41.12 p99=  112.11 rps= 351.30
  s2s.crud.fetchFilms                           n=    1 err=   0 errRate=  0.00% avg=   58.12 min=   58.12 max=   58.12 p50=   58.12 p95=   58.12 p99=   58.12 rps=   0.03
window 1m
  calc.additional.maxViewersSummary             n=17959 err=   0 errRate=  0.00% avg=   30.89 min=   12.65 max=  404.87 p50=   17.76 p95=   91.17 p99=  147.12 rps= 299.32
  controller.AnalyticsController.maxViewersSummary n=17959 err=   0 errRate=  0.00% avg=   31.19 min=   12.73 max=  405.74 p50=   18.07 p95=   91.40 p99=  147.52 rps= 299.32
  s2s.crud.fetchAllTickets                      n=17959 err=   0 errRate=  0.00% avg=   30.61 min=   12.61 max=  370.48 p50=   17.67 p95=   90.59 p99=  145.61 rps= 299.32
  s2s.crud.fetchFilms                           n=    2 err=   0 errRate=  0.00% avg=  126.89 min=   58.12 max=  195.66 p50=  126.89 p95=  188.78 p99=  194.28 rps=   0.03

2026-05-06T20:48:58.765Z  INFO 1 --- [lab8-additional-service] [   scheduling-1] r.h.l.a.o.ObservabilityService           : [lab8-additional-service] observability refresh
window 10s
  calc.additional.maxViewersSummary             n= 3381 err=   0 errRate=  0.00% avg=   15.80 min=   12.65 max=  225.61 p50=   14.18 p95=   23.58 p99=   35.91 rps= 338.10
  controller.AnalyticsController.maxViewersSummary n= 3381 err=   0 errRate=  0.00% avg=   15.99 min=   12.73 max=  225.70 p50=   14.35 p95=   23.95 p99=   36.06 rps= 338.10
  s2s.crud.fetchAllTickets                      n= 3381 err=   0 errRate=  0.00% avg=   15.47 min=   12.61 max=  225.58 p50=   14.13 p95=   22.98 p99=   33.77 rps= 338.10
  s2s.crud.fetchFilms                           n=    1 err=   0 errRate=  0.00% avg=   58.12 min=   58.12 max=   58.12 p50=   58.12 p95=   58.12 p99=   58.12 rps=   0.10
window 30s
  calc.additional.maxViewersSummary             n=10492 err=   0 errRate=  0.00% avg=   18.74 min=   12.65 max=  370.51 p50=   14.57 p95=   35.85 p99=  107.79 rps= 349.73
  controller.AnalyticsController.maxViewersSummary n=10492 err=   0 errRate=  0.00% avg=   18.98 min=   12.73 max=  370.63 p50=   14.78 p95=   36.22 p99=  107.93 rps= 349.73
  s2s.crud.fetchAllTickets                      n=10492 err=   0 errRate=  0.00% avg=   18.60 min=   12.61 max=  370.48 p50=   14.52 p95=   35.02 p99=  107.74 rps= 349.73
  s2s.crud.fetchFilms                           n=    1 err=   0 errRate=  0.00% avg=   58.12 min=   58.12 max=   58.12 p50=   58.12 p95=   58.12 p99=   58.12 rps=   0.03
window 1m
  calc.additional.maxViewersSummary             n=17967 err=   0 errRate=  0.00% avg=   30.22 min=   12.65 max=  404.87 p50=   17.42 p95=   89.30 p99=  142.47 rps= 299.45
  controller.AnalyticsController.maxViewersSummary n=17967 err=   0 errRate=  0.00% avg=   30.52 min=   12.73 max=  405.74 p50=   17.76 p95=   89.64 p99=  142.69 rps= 299.45
  s2s.crud.fetchAllTickets                      n=17967 err=   0 errRate=  0.00% avg=   29.95 min=   12.61 max=  370.48 p50=   17.35 p95=   88.79 p99=  140.70 rps= 299.45
  s2s.crud.fetchFilms                           n=    2 err=   0 errRate=  0.00% avg=  126.89 min=   58.12 max=  195.66 p50=  126.89 p95=  188.78 p99=  194.28 rps=   0.03

2026-05-06T20:48:59.784Z  INFO 1 --- [lab8-additional-service] [   scheduling-1] r.h.l.a.o.ObservabilityService           : [lab8-additional-service] observability refresh
window 10s
  calc.additional.maxViewersSummary             n= 3175 err=   0 errRate=  0.00% avg=   15.90 min=   12.65 max=  225.61 p50=   14.13 p95=   24.56 p99=   41.43 rps= 317.50
  controller.AnalyticsController.maxViewersSummary n= 3175 err=   0 errRate=  0.00% avg=   16.09 min=   12.73 max=  225.70 p50=   14.30 p95=   24.72 p99=   41.70 rps= 317.50
  s2s.crud.fetchAllTickets                      n= 3175 err=   0 errRate=  0.00% avg=   15.56 min=   12.61 max=  225.58 p50=   14.08 p95=   23.96 p99=   35.93 rps= 317.50
  s2s.crud.fetchFilms                           n=    1 err=   0 errRate=  0.00% avg=   58.12 min=   58.12 max=   58.12 p50=   58.12 p95=   58.12 p99=   58.12 rps=   0.10
window 30s
  calc.additional.maxViewersSummary             n=10445 err=   0 errRate=  0.00% avg=   18.04 min=   12.65 max=  370.51 p50=   14.52 p95=   31.89 p99=   90.79 rps= 348.17
  controller.AnalyticsController.maxViewersSummary n=10445 err=   0 errRate=  0.00% avg=   18.27 min=   12.73 max=  370.63 p50=   14.73 p95=   32.30 p99=   91.01 rps= 348.17
  s2s.crud.fetchAllTickets                      n=10445 err=   0 errRate=  0.00% avg=   17.90 min=   12.61 max=  370.48 p50=   14.46 p95=   31.59 p99=   88.91 rps= 348.17
  s2s.crud.fetchFilms                           n=    1 err=   0 errRate=  0.00% avg=   58.12 min=   58.12 max=   58.12 p50=   58.12 p95=   58.12 p99=   58.12 rps=   0.03
window 1m
  calc.additional.maxViewersSummary             n=17951 err=   0 errRate=  0.00% avg=   29.68 min=   12.65 max=  404.87 p50=   17.19 p95=   87.28 p99=  141.94 rps= 299.18
  controller.AnalyticsController.maxViewersSummary n=17951 err=   0 errRate=  0.00% avg=   29.97 min=   12.73 max=  405.74 p50=   17.49 p95=   87.70 p99=  142.14 rps= 299.18
  s2s.crud.fetchAllTickets                      n=17951 err=   0 errRate=  0.00% avg=   29.40 min=   12.61 max=  370.48 p50=   17.12 p95=   86.77 p99=  139.44 rps= 299.18
  s2s.crud.fetchFilms                           n=    2 err=   0 errRate=  0.00% avg=  126.89 min=   58.12 max=  195.66 p50=  126.89 p95=  188.78 p99=  194.28 rps=   0.03

2026-05-06T20:48:59.999Z  INFO 1 --- [lab8-additional-service] [   scheduling-1] r.h.l.a.service.FilmCacheService         : film-cache stats: size=310 ttlMs=30000 lastRefreshAtMs=1778100536852 hits=23806 misses=4 refreshes=4
2026-05-06T20:49:00.797Z  INFO 1 --- [lab8-additional-service] [   scheduling-1] r.h.l.a.o.ObservabilityService           : [lab8-additional-service] observability refresh
window 10s
  calc.additional.maxViewersSummary             n= 2987 err=   0 errRate=  0.00% avg=   15.81 min=   12.65 max=  225.61 p50=   14.08 p95=   23.45 p99=   40.61 rps= 298.70
  controller.AnalyticsController.maxViewersSummary n= 2987 err=   0 errRate=  0.00% avg=   15.99 min=   12.73 max=  225.70 p50=   14.24 p95=   23.73 p99=   40.84 rps= 298.70
  s2s.crud.fetchAllTickets                      n= 2987 err=   0 errRate=  0.00% avg=   15.45 min=   12.61 max=  225.58 p50=   14.03 p95=   22.93 p99=   35.67 rps= 298.70
  s2s.crud.fetchFilms                           n=    1 err=   0 errRate=  0.00% avg=   58.12 min=   58.12 max=   58.12 p50=   58.12 p95=   58.12 p99=   58.12 rps=   0.10
window 30s
  calc.additional.maxViewersSummary             n=10367 err=   0 errRate=  0.00% avg=   17.24 min=   12.65 max=  370.51 p50=   14.46 p95=   29.54 p99=   62.92 rps= 345.57
  controller.AnalyticsController.maxViewersSummary n=10367 err=   0 errRate=  0.00% avg=   17.47 min=   12.73 max=  370.63 p50=   14.67 p95=   29.88 p99=   63.29 rps= 345.57
  s2s.crud.fetchAllTickets                      n=10367 err=   0 errRate=  0.00% avg=   17.10 min=   12.61 max=  370.48 p50=   14.40 p95=   29.39 p99=   57.24 rps= 345.57
  s2s.crud.fetchFilms                           n=    1 err=   0 errRate=  0.00% avg=   58.12 min=   58.12 max=   58.12 p50=   58.12 p95=   58.12 p99=   58.12 rps=   0.03
window 1m
  calc.additional.maxViewersSummary             n=17920 err=   0 errRate=  0.00% avg=   29.17 min=   12.65 max=  404.87 p50=   16.94 p95=   86.44 p99=  141.58 rps= 298.67
  controller.AnalyticsController.maxViewersSummary n=17920 err=   0 errRate=  0.00% avg=   29.46 min=   12.73 max=  405.74 p50=   17.25 p95=   86.83 p99=  141.86 rps= 298.67
  s2s.crud.fetchAllTickets                      n=17920 err=   0 errRate=  0.00% avg=   28.90 min=   12.61 max=  370.48 p50=   16.86 p95=   85.85 p99=  139.21 rps= 298.67
  s2s.crud.fetchFilms                           n=    2 err=   0 errRate=  0.00% avg=  126.89 min=   58.12 max=  195.66 p50=  126.89 p95=  188.78 p99=  194.28 rps=   0.03

2026-05-06T20:49:01.810Z  INFO 1 --- [lab8-additional-service] [   scheduling-1] r.h.l.a.o.ObservabilityService           : [lab8-additional-service] observability refresh
window 10s
  calc.additional.maxViewersSummary             n= 2789 err=   0 errRate=  0.00% avg=   15.84 min=   12.65 max=  225.61 p50=   14.02 p95=   23.89 p99=   41.62 rps= 278.90
  controller.AnalyticsController.maxViewersSummary n= 2789 err=   0 errRate=  0.00% avg=   16.02 min=   12.73 max=  225.70 p50=   14.18 p95=   24.15 p99=   41.72 rps= 278.90
  s2s.crud.fetchAllTickets                      n= 2789 err=   0 errRate=  0.00% avg=   15.46 min=   12.61 max=  225.58 p50=   13.98 p95=   23.40 p99=   35.90 rps= 278.90
  s2s.crud.fetchFilms                           n=    1 err=   0 errRate=  0.00% avg=   58.12 min=   58.12 max=   58.12 p50=   58.12 p95=   58.12 p99=   58.12 rps=   0.10
window 30s
  calc.additional.maxViewersSummary             n=10306 err=   0 errRate=  0.00% avg=   16.43 min=   12.65 max=  238.74 p50=   14.39 p95=   26.90 p99=   44.67 rps= 343.53
  controller.AnalyticsController.maxViewersSummary n=10306 err=   0 errRate=  0.00% avg=   16.66 min=   12.73 max=  238.87 p50=   14.60 p95=   27.28 p99=   44.80 rps= 343.53
  s2s.crud.fetchAllTickets                      n=10306 err=   0 errRate=  0.00% avg=   16.29 min=   12.61 max=  238.65 p50=   14.34 p95=   26.68 p99=   42.92 rps= 343.53
  s2s.crud.fetchFilms                           n=    1 err=   0 errRate=  0.00% avg=   58.12 min=   58.12 max=   58.12 p50=   58.12 p95=   58.12 p99=   58.12 rps=   0.03
window 1m
  calc.additional.maxViewersSummary             n=17869 err=   0 errRate=  0.00% avg=   28.77 min=   12.65 max=  404.87 p50=   16.67 p95=   86.03 p99=  141.82 rps= 297.82
  controller.AnalyticsController.maxViewersSummary n=17869 err=   0 errRate=  0.00% avg=   29.05 min=   12.73 max=  405.74 p50=   16.97 p95=   86.47 p99=  142.05 rps= 297.82
  s2s.crud.fetchAllTickets                      n=17869 err=   0 errRate=  0.00% avg=   28.50 min=   12.61 max=  370.48 p50=   16.60 p95=   85.52 p99=  139.36 rps= 297.82
  s2s.crud.fetchFilms                           n=    2 err=   0 errRate=  0.00% avg=  126.89 min=   58.12 max=  195.66 p50=  126.89 p95=  188.78 p99=  194.28 rps=   0.03

2026-05-06T20:49:02.832Z  INFO 1 --- [lab8-additional-service] [   scheduling-1] r.h.l.a.o.ObservabilityService           : [lab8-additional-service] observability refresh
window 10s
  calc.additional.maxViewersSummary             n= 2615 err=   0 errRate=  0.00% avg=   15.50 min=   12.65 max=  225.61 p50=   13.95 p95=   21.11 p99=   42.51 rps= 261.50
  controller.AnalyticsController.maxViewersSummary n= 2615 err=   0 errRate=  0.00% avg=   15.67 min=   12.73 max=  225.70 p50=   14.11 p95=   21.33 p99=   42.60 rps= 261.50
  s2s.crud.fetchAllTickets                      n= 2615 err=   0 errRate=  0.00% avg=   15.10 min=   12.61 max=  225.58 p50=   13.90 p95=   20.66 p99=   35.50 rps= 261.50
  s2s.crud.fetchFilms                           n=    1 err=   0 errRate=  0.00% avg=   58.12 min=   58.12 max=   58.12 p50=   58.12 p95=   58.12 p99=   58.12 rps=   0.10
window 30s
  calc.additional.maxViewersSummary             n=10155 err=   0 errRate=  0.00% avg=   16.18 min=   12.65 max=  238.74 p50=   14.35 p95=   25.78 p99=   40.83 rps= 338.50
  controller.AnalyticsController.maxViewersSummary n=10155 err=   0 errRate=  0.00% avg=   16.40 min=   12.73 max=  238.87 p50=   14.55 p95=   26.21 p99=   41.28 rps= 338.50
  s2s.crud.fetchAllTickets                      n=10155 err=   0 errRate=  0.00% avg=   16.04 min=   12.61 max=  238.65 p50=   14.30 p95=   25.59 p99=   39.00 rps= 338.50
  s2s.crud.fetchFilms                           n=    1 err=   0 errRate=  0.00% avg=   58.12 min=   58.12 max=   58.12 p50=   58.12 p95=   58.12 p99=   58.12 rps=   0.03
window 1m
  calc.additional.maxViewersSummary             n=17840 err=   0 errRate=  0.00% avg=   28.26 min=   12.65 max=  404.87 p50=   16.43 p95=   84.46 p99=  139.54 rps= 297.33
  controller.AnalyticsController.maxViewersSummary n=17840 err=   0 errRate=  0.00% avg=   28.54 min=   12.73 max=  405.74 p50=   16.72 p95=   84.70 p99=  139.84 rps= 297.33
  s2s.crud.fetchAllTickets                      n=17840 err=   0 errRate=  0.00% avg=   27.98 min=   12.61 max=  370.48 p50=   16.36 p95=   83.55 p99=  138.35 rps= 297.33
  s2s.crud.fetchFilms                           n=    2 err=   0 errRate=  0.00% avg=  126.89 min=   58.12 max=  195.66 p50=  126.89 p95=  188.78 p99=  194.28 rps=   0.03

2026-05-06T20:49:03.852Z  INFO 1 --- [lab8-additional-service] [   scheduling-1] r.h.l.a.o.ObservabilityService           : [lab8-additional-service] observability refresh
window 10s
  calc.additional.maxViewersSummary             n= 2435 err=   0 errRate=  0.00% avg=   15.44 min=   12.65 max=  225.61 p50=   13.87 p95=   21.06 p99=   42.89 rps= 243.50
  controller.AnalyticsController.maxViewersSummary n= 2435 err=   0 errRate=  0.00% avg=   15.60 min=   12.73 max=  225.70 p50=   14.03 p95=   21.28 p99=   43.10 rps= 243.50
  s2s.crud.fetchAllTickets                      n= 2435 err=   0 errRate=  0.00% avg=   15.01 min=   12.61 max=  225.58 p50=   13.83 p95=   20.51 p99=   35.75 rps= 243.50
  s2s.crud.fetchFilms                           n=    1 err=   0 errRate=  0.00% avg=   58.12 min=   58.12 max=   58.12 p50=   58.12 p95=   58.12 p99=   58.12 rps=   0.10
window 30s
  calc.additional.maxViewersSummary             n=10005 err=   0 errRate=  0.00% avg=   16.04 min=   12.65 max=  238.74 p50=   14.30 p95=   24.86 p99=   40.62 rps= 333.50
  controller.AnalyticsController.maxViewersSummary n=10005 err=   0 errRate=  0.00% avg=   16.26 min=   12.73 max=  238.87 p50=   14.49 p95=   25.30 p99=   41.14 rps= 333.50
  s2s.crud.fetchAllTickets                      n=10005 err=   0 errRate=  0.00% avg=   15.90 min=   12.61 max=  238.65 p50=   14.25 p95=   24.69 p99=   38.63 rps= 333.50
  s2s.crud.fetchFilms                           n=    1 err=   0 errRate=  0.00% avg=   58.12 min=   58.12 max=   58.12 p50=   58.12 p95=   58.12 p99=   58.12 rps=   0.03
window 1m
  calc.additional.maxViewersSummary             n=17785 err=   0 errRate=  0.00% avg=   27.91 min=   12.65 max=  404.87 p50=   16.18 p95=   84.38 p99=  139.33 rps= 296.42
  controller.AnalyticsController.maxViewersSummary n=17785 err=   0 errRate=  0.00% avg=   28.18 min=   12.73 max=  405.74 p50=   16.48 p95=   84.62 p99=  139.73 rps= 296.42
  s2s.crud.fetchAllTickets                      n=17785 err=   0 errRate=  0.00% avg=   27.63 min=   12.61 max=  370.48 p50=   16.12 p95=   83.37 p99=  138.35 rps= 296.42
  s2s.crud.fetchFilms                           n=    2 err=   0 errRate=  0.00% avg=  126.89 min=   58.12 max=  195.66 p50=  126.89 p95=  188.78 p99=  194.28 rps=   0.03

2026-05-06T20:49:04.875Z  INFO 1 --- [lab8-additional-service] [   scheduling-1] r.h.l.a.o.ObservabilityService           : [lab8-additional-service] observability refresh
window 10s
  calc.additional.maxViewersSummary             n= 2243 err=   0 errRate=  0.00% avg=   15.45 min=   12.65 max=  225.61 p50=   13.85 p95=   20.62 p99=   43.27 rps= 224.30
  controller.AnalyticsController.maxViewersSummary n= 2243 err=   0 errRate=  0.00% avg=   15.61 min=   12.73 max=  225.70 p50=   14.01 p95=   21.07 p99=   43.39 rps= 224.30
  s2s.crud.fetchAllTickets                      n= 2243 err=   0 errRate=  0.00% avg=   14.99 min=   12.61 max=  225.58 p50=   13.81 p95=   20.30 p99=   36.01 rps= 224.30
  s2s.crud.fetchFilms                           n=    1 err=   0 errRate=  0.00% avg=   58.12 min=   58.12 max=   58.12 p50=   58.12 p95=   58.12 p99=   58.12 rps=   0.10
window 30s
  calc.additional.maxViewersSummary             n= 9878 err=   0 errRate=  0.00% avg=   15.74 min=   12.65 max=  238.74 p50=   14.25 p95=   22.83 p99=   35.93 rps= 329.27
  controller.AnalyticsController.maxViewersSummary n= 9878 err=   0 errRate=  0.00% avg=   15.95 min=   12.73 max=  238.87 p50=   14.43 p95=   23.20 p99=   36.69 rps= 329.27
  s2s.crud.fetchAllTickets                      n= 9878 err=   0 errRate=  0.00% avg=   15.60 min=   12.61 max=  238.65 p50=   14.19 p95=   22.70 p99=   34.77 rps= 329.27
  s2s.crud.fetchFilms                           n=    1 err=   0 errRate=  0.00% avg=   58.12 min=   58.12 max=   58.12 p50=   58.12 p95=   58.12 p99=   58.12 rps=   0.03
window 1m
  calc.additional.maxViewersSummary             n=17715 err=   0 errRate=  0.00% avg=   27.63 min=   12.65 max=  404.87 p50=   15.97 p95=   84.21 p99=  139.65 rps= 295.25
  controller.AnalyticsController.maxViewersSummary n=17715 err=   0 errRate=  0.00% avg=   27.90 min=   12.73 max=  405.74 p50=   16.25 p95=   84.56 p99=  139.91 rps= 295.25
  s2s.crud.fetchAllTickets                      n=17715 err=   0 errRate=  0.00% avg=   27.35 min=   12.61 max=  370.48 p50=   15.90 p95=   83.24 p99=  138.35 rps= 295.25
  s2s.crud.fetchFilms                           n=    2 err=   0 errRate=  0.00% avg=  126.89 min=   58.12 max=  195.66 p50=  126.89 p95=  188.78 p99=  194.28 rps=   0.03

2026-05-06T20:49:05.896Z  INFO 1 --- [lab8-additional-service] [   scheduling-1] r.h.l.a.o.ObservabilityService           : [lab8-additional-service] observability refresh
window 10s
  calc.additional.maxViewersSummary             n= 2069 err=   0 errRate=  0.00% avg=   15.18 min=   12.65 max=  225.61 p50=   13.82 p95=   18.40 p99=   42.71 rps= 206.90
  controller.AnalyticsController.maxViewersSummary n= 2069 err=   0 errRate=  0.00% avg=   15.34 min=   12.73 max=  225.70 p50=   13.97 p95=   18.72 p99=   42.82 rps= 206.90
  s2s.crud.fetchAllTickets                      n= 2069 err=   0 errRate=  0.00% avg=   14.69 min=   12.61 max=  225.58 p50=   13.78 p95=   18.05 p99=   34.46 rps= 206.90
  s2s.crud.fetchFilms                           n=    1 err=   0 errRate=  0.00% avg=   58.12 min=   58.12 max=   58.12 p50=   58.12 p95=   58.12 p99=   58.12 rps=   0.10
window 30s
  calc.additional.maxViewersSummary             n= 9714 err=   0 errRate=  0.00% avg=   15.62 min=   12.65 max=  225.91 p50=   14.20 p95=   22.44 p99=   35.85 rps= 323.80
  controller.AnalyticsController.maxViewersSummary n= 9714 err=   0 errRate=  0.00% avg=   15.83 min=   12.73 max=  226.04 p50=   14.39 p95=   22.80 p99=   36.57 rps= 323.80
  s2s.crud.fetchAllTickets                      n= 9714 err=   0 errRate=  0.00% avg=   15.48 min=   12.61 max=  225.88 p50=   14.16 p95=   22.25 p99=   34.65 rps= 323.80
  s2s.crud.fetchFilms                           n=    1 err=   0 errRate=  0.00% avg=   58.12 min=   58.12 max=   58.12 p50=   58.12 p95=   58.12 p99=   58.12 rps=   0.03
window 1m
  calc.additional.maxViewersSummary             n=17699 err=   0 errRate=  0.00% avg=   27.15 min=   12.65 max=  404.87 p50=   15.79 p95=   82.31 p99=  139.27 rps= 294.98
  controller.AnalyticsController.maxViewersSummary n=17699 err=   0 errRate=  0.00% avg=   27.42 min=   12.73 max=  405.74 p50=   16.06 p95=   82.82 p99=  139.69 rps= 294.98
  s2s.crud.fetchAllTickets                      n=17699 err=   0 errRate=  0.00% avg=   26.88 min=   12.61 max=  370.48 p50=   15.73 p95=   81.73 p99=  138.34 rps= 294.98
  s2s.crud.fetchFilms                           n=    2 err=   0 errRate=  0.00% avg=  126.89 min=   58.12 max=  195.66 p50=  126.89 p95=  188.78 p99=  194.28 rps=   0.03

2026-05-06T20:49:06.912Z  INFO 1 --- [lab8-additional-service] [   scheduling-1] r.h.l.a.o.ObservabilityService           : [lab8-additional-service] observability refresh
window 10s
  calc.additional.maxViewersSummary             n= 2018 err=   0 errRate=  0.00% avg=   15.12 min=   12.65 max=  225.61 p50=   13.77 p95=   18.18 p99=   42.84 rps= 201.80
  controller.AnalyticsController.maxViewersSummary n= 2018 err=   0 errRate=  0.00% avg=   15.27 min=   12.73 max=  225.70 p50=   13.93 p95=   18.34 p99=   42.98 rps= 201.80
  s2s.crud.fetchAllTickets                      n= 2018 err=   0 errRate=  0.00% avg=   14.61 min=   12.61 max=  225.58 p50=   13.73 p95=   17.72 p99=   34.62 rps= 201.80
  s2s.crud.fetchFilms                           n=    1 err=   0 errRate=  0.00% avg=   58.12 min=   58.12 max=   58.12 p50=   58.12 p95=   58.12 p99=   58.12 rps=   0.10
window 30s
  calc.additional.maxViewersSummary             n= 9528 err=   0 errRate=  0.00% avg=   15.58 min=   12.65 max=  225.91 p50=   14.17 p95=   22.27 p99=   35.61 rps= 317.60
  controller.AnalyticsController.maxViewersSummary n= 9528 err=   0 errRate=  0.00% avg=   15.79 min=   12.73 max=  226.04 p50=   14.36 p95=   22.68 p99=   36.07 rps= 317.60
  s2s.crud.fetchAllTickets                      n= 9528 err=   0 errRate=  0.00% avg=   15.43 min=   12.61 max=  225.88 p50=   14.13 p95=   22.14 p99=   34.34 rps= 317.60
  s2s.crud.fetchFilms                           n=    1 err=   0 errRate=  0.00% avg=   58.12 min=   58.12 max=   58.12 p50=   58.12 p95=   58.12 p99=   58.12 rps=   0.03
window 1m
  calc.additional.maxViewersSummary             n=17648 err=   0 errRate=  0.00% avg=   26.75 min=   12.65 max=  404.87 p50=   15.62 p95=   81.03 p99=  139.50 rps= 294.13
  controller.AnalyticsController.maxViewersSummary n=17648 err=   0 errRate=  0.00% avg=   27.01 min=   12.73 max=  405.74 p50=   15.90 p95=   81.52 p99=  139.82 rps= 294.13
  s2s.crud.fetchAllTickets                      n=17648 err=   0 errRate=  0.00% avg=   26.47 min=   12.61 max=  370.48 p50=   15.55 p95=   80.72 p99=  138.35 rps= 294.13
  s2s.crud.fetchFilms                           n=    2 err=   0 errRate=  0.00% avg=  126.89 min=   58.12 max=  195.66 p50=  126.89 p95=  188.78 p99=  194.28 rps=   0.03

2026-05-06T20:49:07.930Z  INFO 1 --- [lab8-additional-service] [   scheduling-1] r.h.l.a.o.ObservabilityService           : [lab8-additional-service] observability refresh
window 10s
  calc.additional.maxViewersSummary             n= 1986 err=   0 errRate=  0.00% avg=   14.47 min=   12.80 max=   46.28 p50=   13.80 p95=   16.97 p99=   30.16 rps= 198.60
  controller.AnalyticsController.maxViewersSummary n= 1986 err=   0 errRate=  0.00% avg=   14.62 min=   12.89 max=   46.48 p50=   13.95 p95=   17.22 p99=   30.34 rps= 198.60
  s2s.crud.fetchAllTickets                      n= 1986 err=   0 errRate=  0.00% avg=   14.42 min=   12.77 max=   46.25 p50=   13.76 p95=   16.91 p99=   30.10 rps= 198.60
window 30s
  calc.additional.maxViewersSummary             n= 9333 err=   0 errRate=  0.00% avg=   15.54 min=   12.65 max=  225.91 p50=   14.15 p95=   22.14 p99=   35.79 rps= 311.10
  controller.AnalyticsController.maxViewersSummary n= 9333 err=   0 errRate=  0.00% avg=   15.75 min=   12.73 max=  226.04 p50=   14.33 p95=   22.43 p99=   36.50 rps= 311.10
  s2s.crud.fetchAllTickets                      n= 9333 err=   0 errRate=  0.00% avg=   15.39 min=   12.61 max=  225.88 p50=   14.11 p95=   21.96 p99=   34.54 rps= 311.10
  s2s.crud.fetchFilms                           n=    1 err=   0 errRate=  0.00% avg=   58.12 min=   58.12 max=   58.12 p50=   58.12 p95=   58.12 p99=   58.12 rps=   0.03
window 1m
  calc.additional.maxViewersSummary             n=17572 err=   0 errRate=  0.00% avg=   26.38 min=   12.65 max=  404.87 p50=   15.48 p95=   80.37 p99=  139.39 rps= 292.87
  controller.AnalyticsController.maxViewersSummary n=17572 err=   0 errRate=  0.00% avg=   26.65 min=   12.73 max=  405.74 p50=   15.73 p95=   80.74 p99=  139.76 rps= 292.87
  s2s.crud.fetchAllTickets                      n=17572 err=   0 errRate=  0.00% avg=   26.11 min=   12.61 max=  370.48 p50=   15.42 p95=   79.87 p99=  138.35 rps= 292.87
  s2s.crud.fetchFilms                           n=    2 err=   0 errRate=  0.00% avg=  126.89 min=   58.12 max=  195.66 p50=  126.89 p95=  188.78 p99=  194.28 rps=   0.03

2026-05-06T20:49:08.947Z  INFO 1 --- [lab8-additional-service] [   scheduling-1] r.h.l.a.o.ObservabilityService           : [lab8-additional-service] observability refresh
window 10s
  calc.additional.maxViewersSummary             n= 1991 err=   0 errRate=  0.00% avg=   14.41 min=   12.80 max=   46.28 p50=   13.78 p95=   16.80 p99=   29.58 rps= 199.10
  controller.AnalyticsController.maxViewersSummary n= 1991 err=   0 errRate=  0.00% avg=   14.56 min=   12.89 max=   46.48 p50=   13.93 p95=   17.05 p99=   29.76 rps= 199.10
  s2s.crud.fetchAllTickets                      n= 1991 err=   0 errRate=  0.00% avg=   14.36 min=   12.77 max=   46.25 p50=   13.74 p95=   16.68 p99=   29.54 rps= 199.10
window 30s
  calc.additional.maxViewersSummary             n= 9141 err=   0 errRate=  0.00% avg=   15.52 min=   12.65 max=  225.91 p50=   14.15 p95=   21.89 p99=   35.55 rps= 304.70
  controller.AnalyticsController.maxViewersSummary n= 9141 err=   0 errRate=  0.00% avg=   15.72 min=   12.73 max=  226.04 p50=   14.33 p95=   22.29 p99=   35.81 rps= 304.70
  s2s.crud.fetchAllTickets                      n= 9141 err=   0 errRate=  0.00% avg=   15.37 min=   12.61 max=  225.88 p50=   14.10 p95=   21.75 p99=   34.23 rps= 304.70
  s2s.crud.fetchFilms                           n=    1 err=   0 errRate=  0.00% avg=   58.12 min=   58.12 max=   58.12 p50=   58.12 p95=   58.12 p99=   58.12 rps=   0.03
window 1m
  calc.additional.maxViewersSummary             n=17522 err=   0 errRate=  0.00% avg=   25.90 min=   12.65 max=  404.87 p50=   15.36 p95=   78.67 p99=  138.25 rps= 292.03
  controller.AnalyticsController.maxViewersSummary n=17522 err=   0 errRate=  0.00% avg=   26.16 min=   12.73 max=  405.74 p50=   15.60 p95=   79.21 p99=  138.61 rps= 292.03
  s2s.crud.fetchAllTickets                      n=17522 err=   0 errRate=  0.00% avg=   25.62 min=   12.61 max=  370.48 p50=   15.29 p95=   78.18 p99=  136.81 rps= 292.03
  s2s.crud.fetchFilms                           n=    2 err=   0 errRate=  0.00% avg=  126.89 min=   58.12 max=  195.66 p50=  126.89 p95=  188.78 p99=  194.28 rps=   0.03

2026-05-06T20:49:09.959Z  INFO 1 --- [lab8-additional-service] [   scheduling-1] r.h.l.a.o.ObservabilityService           : [lab8-additional-service] observability refresh
window 10s
  calc.additional.maxViewersSummary             n= 1995 err=   0 errRate=  0.00% avg=   14.12 min=   12.80 max=   29.98 p50=   13.77 p95=   16.03 p99=   20.92 rps= 199.50
  controller.AnalyticsController.maxViewersSummary n= 1995 err=   0 errRate=  0.00% avg=   14.27 min=   12.89 max=   30.15 p50=   13.93 p95=   16.24 p99=   21.41 rps= 199.50
  s2s.crud.fetchAllTickets                      n= 1995 err=   0 errRate=  0.00% avg=   14.07 min=   12.77 max=   29.91 p50=   13.73 p95=   15.95 p99=   20.87 rps= 199.50
window 30s
  calc.additional.maxViewersSummary             n= 8933 err=   0 errRate=  0.00% avg=   15.50 min=   12.65 max=  225.61 p50=   14.13 p95=   22.09 p99=   35.61 rps= 297.77
  controller.AnalyticsController.maxViewersSummary n= 8933 err=   0 errRate=  0.00% avg=   15.70 min=   12.73 max=  225.70 p50=   14.30 p95=   22.38 p99=   35.96 rps= 297.77
  s2s.crud.fetchAllTickets                      n= 8933 err=   0 errRate=  0.00% avg=   15.35 min=   12.61 max=  225.58 p50=   14.08 p95=   21.86 p99=   34.28 rps= 297.77
  s2s.crud.fetchFilms                           n=    1 err=   0 errRate=  0.00% avg=   58.12 min=   58.12 max=   58.12 p50=   58.12 p95=   58.12 p99=   58.12 rps=   0.03
window 1m
  calc.additional.maxViewersSummary             n=17511 err=   0 errRate=  0.00% avg=   25.29 min=   12.65 max=  404.87 p50=   15.24 p95=   75.50 p99=  132.23 rps= 291.85
  controller.AnalyticsController.maxViewersSummary n=17511 err=   0 errRate=  0.00% avg=   25.54 min=   12.73 max=  405.74 p50=   15.50 p95=   75.92 p99=  132.37 rps= 291.85
  s2s.crud.fetchAllTickets                      n=17511 err=   0 errRate=  0.00% avg=   25.01 min=   12.61 max=  370.48 p50=   15.18 p95=   74.27 p99=  131.07 rps= 291.85
  s2s.crud.fetchFilms                           n=    2 err=   0 errRate=  0.00% avg=  126.89 min=   58.12 max=  195.66 p50=  126.89 p95=  188.78 p99=  194.28 rps=   0.03

2026-05-06T20:49:09.998Z  INFO 1 --- [lab8-additional-service] [   scheduling-1] r.h.l.a.service.FilmCacheService         : film-cache stats: size=310 ttlMs=30000 lastRefreshAtMs=1778100536852 hits=25807 misses=4 refreshes=4
2026-05-06T20:49:10.973Z  INFO 1 --- [lab8-additional-service] [   scheduling-1] r.h.l.a.o.ObservabilityService           : [lab8-additional-service] observability refresh
window 10s
  calc.additional.maxViewersSummary             n= 1981 err=   0 errRate=  0.00% avg=   14.37 min=   12.80 max=   30.91 p50=   13.84 p95=   17.29 p99=   24.03 rps= 198.10
  controller.AnalyticsController.maxViewersSummary n= 1981 err=   0 errRate=  0.00% avg=   14.55 min=   12.89 max=   31.35 p50=   13.99 p95=   17.79 p99=   24.22 rps= 198.10
  s2s.crud.fetchAllTickets                      n= 1981 err=   0 errRate=  0.00% avg=   14.33 min=   12.77 max=   30.86 p50=   13.80 p95=   17.20 p99=   23.98 rps= 198.10
window 30s
  calc.additional.maxViewersSummary             n= 8727 err=   0 errRate=  0.00% avg=   15.57 min=   12.65 max=  225.61 p50=   14.14 p95=   22.44 p99=   35.80 rps= 290.90
  controller.AnalyticsController.maxViewersSummary n= 8728 err=   0 errRate=  0.00% avg=   15.78 min=   12.73 max=  225.70 p50=   14.32 p95=   22.80 p99=   36.07 rps= 290.93
  s2s.crud.fetchAllTickets                      n= 8727 err=   0 errRate=  0.00% avg=   15.42 min=   12.61 max=  225.58 p50=   14.10 p95=   22.25 p99=   34.35 rps= 290.90
  s2s.crud.fetchFilms                           n=    1 err=   0 errRate=  0.00% avg=   58.12 min=   58.12 max=   58.12 p50=   58.12 p95=   58.12 p99=   58.12 rps=   0.03
window 1m
  calc.additional.maxViewersSummary             n=17471 err=   0 errRate=  0.00% avg=   24.71 min=   12.65 max=  404.87 p50=   15.19 p95=   72.01 p99=  128.83 rps= 291.18
  controller.AnalyticsController.maxViewersSummary n=17471 err=   0 errRate=  0.00% avg=   24.97 min=   12.73 max=  405.74 p50=   15.44 p95=   72.46 p99=  128.95 rps= 291.18
  s2s.crud.fetchAllTickets                      n=17471 err=   0 errRate=  0.00% avg=   24.44 min=   12.61 max=  370.48 p50=   15.13 p95=   70.79 p99=  127.59 rps= 291.18
  s2s.crud.fetchFilms                           n=    2 err=   0 errRate=  0.00% avg=  126.89 min=   58.12 max=  195.66 p50=  126.89 p95=  188.78 p99=  194.28 rps=   0.03

2026-05-06T20:49:11.996Z  INFO 1 --- [lab8-additional-service] [   scheduling-1] r.h.l.a.o.ObservabilityService           : [lab8-additional-service] observability refresh
window 10s
  calc.additional.maxViewersSummary             n= 1993 err=   0 errRate=  0.00% avg=   14.38 min=   12.92 max=   30.91 p50=   13.85 p95=   17.25 p99=   24.02 rps= 199.30
  controller.AnalyticsController.maxViewersSummary n= 1993 err=   0 errRate=  0.00% avg=   14.57 min=   13.00 max=   31.35 p50=   14.01 p95=   17.72 p99=   24.21 rps= 199.30
  s2s.crud.fetchAllTickets                      n= 1993 err=   0 errRate=  0.00% avg=   14.34 min=   12.89 max=   30.86 p50=   13.81 p95=   17.18 p99=   23.98 rps= 199.30
window 30s
  calc.additional.maxViewersSummary             n= 8549 err=   0 errRate=  0.00% avg=   15.56 min=   12.65 max=  225.61 p50=   14.13 p95=   22.47 p99=   35.94 rps= 284.97
  controller.AnalyticsController.maxViewersSummary n= 8549 err=   0 errRate=  0.00% avg=   15.76 min=   12.73 max=  225.70 p50=   14.30 p95=   22.82 p99=   36.44 rps= 284.97
  s2s.crud.fetchAllTickets                      n= 8549 err=   0 errRate=  0.00% avg=   15.40 min=   12.61 max=  225.58 p50=   14.08 p95=   22.33 p99=   34.52 rps= 284.97
  s2s.crud.fetchFilms                           n=    1 err=   0 errRate=  0.00% avg=   58.12 min=   58.12 max=   58.12 p50=   58.12 p95=   58.12 p99=   58.12 rps=   0.03
window 1m
  calc.additional.maxViewersSummary             n=17426 err=   0 errRate=  0.00% avg=   24.26 min=   12.65 max=  404.87 p50=   15.06 p95=   69.78 p99=  127.93 rps= 290.43
  controller.AnalyticsController.maxViewersSummary n=17426 err=   0 errRate=  0.00% avg=   24.51 min=   12.73 max=  405.74 p50=   15.32 p95=   70.03 p99=  128.39 rps= 290.43
  s2s.crud.fetchAllTickets                      n=17426 err=   0 errRate=  0.00% avg=   23.98 min=   12.61 max=  370.48 p50=   15.01 p95=   68.60 p99=  126.68 rps= 290.43
  s2s.crud.fetchFilms                           n=    2 err=   0 errRate=  0.00% avg=  126.89 min=   58.12 max=  195.66 p50=  126.89 p95=  188.78 p99=  194.28 rps=   0.03

2026-05-06T20:49:13.020Z  INFO 1 --- [lab8-additional-service] [   scheduling-1] r.h.l.a.o.ObservabilityService           : [lab8-additional-service] observability refresh
window 10s
  calc.additional.maxViewersSummary             n= 2007 err=   0 errRate=  0.00% avg=   14.43 min=   12.92 max=   30.91 p50=   13.87 p95=   17.76 p99=   23.94 rps= 200.70
  controller.AnalyticsController.maxViewersSummary n= 2007 err=   0 errRate=  0.00% avg=   14.62 min=   13.00 max=   31.35 p50=   14.03 p95=   18.40 p99=   24.19 rps= 200.70
  s2s.crud.fetchAllTickets                      n= 2007 err=   0 errRate=  0.00% avg=   14.39 min=   12.89 max=   30.86 p50=   13.83 p95=   17.63 p99=   23.90 rps= 200.70
window 30s
  calc.additional.maxViewersSummary             n= 8362 err=   0 errRate=  0.00% avg=   15.56 min=   12.65 max=  225.61 p50=   14.11 p95=   22.54 p99=   36.04 rps= 278.73
  controller.AnalyticsController.maxViewersSummary n= 8362 err=   0 errRate=  0.00% avg=   15.77 min=   12.73 max=  225.70 p50=   14.29 p95=   22.90 p99=   36.72 rps= 278.73
  s2s.crud.fetchAllTickets                      n= 8362 err=   0 errRate=  0.00% avg=   15.40 min=   12.61 max=  225.58 p50=   14.06 p95=   22.41 p99=   34.67 rps= 278.73
  s2s.crud.fetchFilms                           n=    1 err=   0 errRate=  0.00% avg=   58.12 min=   58.12 max=   58.12 p50=   58.12 p95=   58.12 p99=   58.12 rps=   0.03
window 1m
  calc.additional.maxViewersSummary             n=17377 err=   0 errRate=  0.00% avg=   23.97 min=   12.65 max=  404.87 p50=   14.97 p95=   69.58 p99=  128.00 rps= 289.62
  controller.AnalyticsController.maxViewersSummary n=17377 err=   0 errRate=  0.00% avg=   24.23 min=   12.73 max=  405.74 p50=   15.21 p95=   69.76 p99=  128.46 rps= 289.62
  s2s.crud.fetchAllTickets                      n=17377 err=   0 errRate=  0.00% avg=   23.70 min=   12.61 max=  370.48 p50=   14.92 p95=   68.29 p99=  126.73 rps= 289.62
  s2s.crud.fetchFilms                           n=    2 err=   0 errRate=  0.00% avg=  126.89 min=   58.12 max=  195.66 p50=  126.89 p95=  188.78 p99=  194.28 rps=   0.03

2026-05-06T20:49:14.032Z  INFO 1 --- [lab8-additional-service] [   scheduling-1] r.h.l.a.o.ObservabilityService           : [lab8-additional-service] observability refresh
window 10s
  calc.additional.maxViewersSummary             n= 1950 err=   0 errRate=  0.00% avg=   14.58 min=   12.92 max=   37.04 p50=   13.89 p95=   18.63 p99=   27.13 rps= 195.00
  controller.AnalyticsController.maxViewersSummary n= 1950 err=   0 errRate=  0.00% avg=   14.77 min=   13.00 max=   37.21 p50=   14.05 p95=   19.01 p99=   27.62 rps= 195.00
  s2s.crud.fetchAllTickets                      n= 1950 err=   0 errRate=  0.00% avg=   14.53 min=   12.89 max=   36.99 p50=   13.84 p95=   18.58 p99=   27.08 rps= 195.00
window 30s
  calc.additional.maxViewersSummary             n= 8182 err=   0 errRate=  0.00% avg=   15.44 min=   12.65 max=  225.61 p50=   14.07 p95=   22.12 p99=   34.87 rps= 272.73
  controller.AnalyticsController.maxViewersSummary n= 8182 err=   0 errRate=  0.00% avg=   15.63 min=   12.73 max=  225.70 p50=   14.26 p95=   22.42 p99=   35.00 rps= 272.73
  s2s.crud.fetchAllTickets                      n= 8182 err=   0 errRate=  0.00% avg=   15.28 min=   12.61 max=  225.58 p50=   14.02 p95=   21.95 p99=   34.08 rps= 272.73
  s2s.crud.fetchFilms                           n=    1 err=   0 errRate=  0.00% avg=   58.12 min=   58.12 max=   58.12 p50=   58.12 p95=   58.12 p99=   58.12 rps=   0.03
window 1m
  calc.additional.maxViewersSummary             n=17350 err=   0 errRate=  0.00% avg=   23.37 min=   12.65 max=  404.87 p50=   14.91 p95=   65.18 p99=  125.47 rps= 289.17
  controller.AnalyticsController.maxViewersSummary n=17350 err=   0 errRate=  0.00% avg=   23.62 min=   12.73 max=  405.74 p50=   15.13 p95=   65.51 p99=  125.70 rps= 289.17
  s2s.crud.fetchAllTickets                      n=17350 err=   0 errRate=  0.00% avg=   23.09 min=   12.61 max=  370.48 p50=   14.85 p95=   64.52 p99=  122.90 rps= 289.17
  s2s.crud.fetchFilms                           n=    2 err=   0 errRate=  0.00% avg=  126.89 min=   58.12 max=  195.66 p50=  126.89 p95=  188.78 p99=  194.28 rps=   0.03

2026-05-06T20:49:15.046Z  INFO 1 --- [lab8-additional-service] [   scheduling-1] r.h.l.a.o.ObservabilityService           : [lab8-additional-service] observability refresh
window 10s
  calc.additional.maxViewersSummary             n= 1946 err=   0 errRate=  0.00% avg=   14.64 min=   12.93 max=   37.04 p50=   13.91 p95=   19.16 p99=   29.12 rps= 194.60
  controller.AnalyticsController.maxViewersSummary n= 1946 err=   0 errRate=  0.00% avg=   14.84 min=   13.01 max=   37.21 p50=   14.07 p95=   19.56 p99=   29.43 rps= 194.60
  s2s.crud.fetchAllTickets                      n= 1946 err=   0 errRate=  0.00% avg=   14.60 min=   12.89 max=   36.99 p50=   13.86 p95=   19.11 p99=   29.07 rps= 194.60
window 30s
  calc.additional.maxViewersSummary             n= 8031 err=   0 errRate=  0.00% avg=   15.21 min=   12.65 max=  225.61 p50=   14.04 p95=   20.56 p99=   31.65 rps= 267.70
  controller.AnalyticsController.maxViewersSummary n= 8031 err=   0 errRate=  0.00% avg=   15.40 min=   12.73 max=  225.70 p50=   14.21 p95=   21.06 p99=   31.76 rps= 267.70
  s2s.crud.fetchAllTickets                      n= 8031 err=   0 errRate=  0.00% avg=   15.04 min=   12.61 max=  225.58 p50=   13.99 p95=   20.47 p99=   30.83 rps= 267.70
  s2s.crud.fetchFilms                           n=    1 err=   0 errRate=  0.00% avg=   58.12 min=   58.12 max=   58.12 p50=   58.12 p95=   58.12 p99=   58.12 rps=   0.03
window 1m
  calc.additional.maxViewersSummary             n=17357 err=   0 errRate=  0.00% avg=   22.60 min=   12.65 max=  404.87 p50=   14.85 p95=   61.00 p99=  115.97 rps= 289.28
  controller.AnalyticsController.maxViewersSummary n=17357 err=   0 errRate=  0.00% avg=   22.85 min=   12.73 max=  405.74 p50=   15.08 p95=   61.32 p99=  116.17 rps= 289.28
  s2s.crud.fetchAllTickets                      n=17357 err=   0 errRate=  0.00% avg=   22.32 min=   12.61 max=  370.48 p50=   14.79 p95=   60.23 p99=  114.61 rps= 289.28
  s2s.crud.fetchFilms                           n=    2 err=   0 errRate=  0.00% avg=  126.89 min=   58.12 max=  195.66 p50=  126.89 p95=  188.78 p99=  194.28 rps=   0.03

2026-05-06T20:49:16.065Z  INFO 1 --- [lab8-additional-service] [   scheduling-1] r.h.l.a.o.ObservabilityService           : [lab8-additional-service] observability refresh
window 10s
  calc.additional.maxViewersSummary             n= 1936 err=   0 errRate=  0.00% avg=   14.63 min=   12.85 max=   37.04 p50=   13.90 p95=   18.83 p99=   29.17 rps= 193.60
  controller.AnalyticsController.maxViewersSummary n= 1936 err=   0 errRate=  0.00% avg=   14.83 min=   12.93 max=   37.21 p50=   14.06 p95=   19.33 p99=   29.48 rps= 193.60
  s2s.crud.fetchAllTickets                      n= 1936 err=   0 errRate=  0.00% avg=   14.58 min=   12.81 max=   36.99 p50=   13.85 p95=   18.77 p99=   29.12 rps= 193.60
window 30s
  calc.additional.maxViewersSummary             n= 7847 err=   0 errRate=  0.00% avg=   15.17 min=   12.65 max=  225.61 p50=   14.00 p95=   20.54 p99=   31.82 rps= 261.57
  controller.AnalyticsController.maxViewersSummary n= 7847 err=   0 errRate=  0.00% avg=   15.35 min=   12.73 max=  225.70 p50=   14.18 p95=   21.00 p99=   31.98 rps= 261.57
  s2s.crud.fetchAllTickets                      n= 7847 err=   0 errRate=  0.00% avg=   15.00 min=   12.61 max=  225.58 p50=   13.96 p95=   20.40 p99=   31.08 rps= 261.57
  s2s.crud.fetchFilms                           n=    1 err=   0 errRate=  0.00% avg=   58.12 min=   58.12 max=   58.12 p50=   58.12 p95=   58.12 p99=   58.12 rps=   0.03
window 1m
  calc.additional.maxViewersSummary             n=17262 err=   0 errRate=  0.00% avg=   22.37 min=   12.65 max=  404.87 p50=   14.78 p95=   60.93 p99=  116.10 rps= 287.70
  controller.AnalyticsController.maxViewersSummary n=17262 err=   0 errRate=  0.00% avg=   22.62 min=   12.73 max=  405.74 p50=   15.00 p95=   61.18 p99=  116.35 rps= 287.70
  s2s.crud.fetchAllTickets                      n=17262 err=   0 errRate=  0.00% avg=   22.10 min=   12.61 max=  370.48 p50=   14.72 p95=   60.19 p99=  114.79 rps= 287.70
  s2s.crud.fetchFilms                           n=    2 err=   0 errRate=  0.00% avg=  126.89 min=   58.12 max=  195.66 p50=  126.89 p95=  188.78 p99=  194.28 rps=   0.03

2026-05-06T20:49:17.092Z  INFO 1 --- [lab8-additional-service] [   scheduling-1] r.h.l.a.o.ObservabilityService           : [lab8-additional-service] observability refresh
window 10s
  calc.additional.maxViewersSummary             n= 1934 err=   0 errRate=  0.00% avg=   14.63 min=   12.83 max=   37.04 p50=   13.90 p95=   18.66 p99=   29.17 rps= 193.40
  controller.AnalyticsController.maxViewersSummary n= 1934 err=   0 errRate=  0.00% avg=   14.84 min=   12.92 max=   37.21 p50=   14.07 p95=   19.17 p99=   29.48 rps= 193.40
  s2s.crud.fetchAllTickets                      n= 1934 err=   0 errRate=  0.00% avg=   14.58 min=   12.80 max=   36.99 p50=   13.85 p95=   18.60 p99=   29.13 rps= 193.40
window 30s
  calc.additional.maxViewersSummary             n= 7643 err=   0 errRate=  0.00% avg=   15.18 min=   12.65 max=  225.61 p50=   14.00 p95=   20.62 p99=   32.29 rps= 254.77
  controller.AnalyticsController.maxViewersSummary n= 7643 err=   0 errRate=  0.00% avg=   15.37 min=   12.73 max=  225.70 p50=   14.17 p95=   21.09 p99=   32.39 rps= 254.77
  s2s.crud.fetchAllTickets                      n= 7643 err=   0 errRate=  0.00% avg=   15.01 min=   12.61 max=  225.58 p50=   13.95 p95=   20.49 p99=   31.15 rps= 254.77
  s2s.crud.fetchFilms                           n=    1 err=   0 errRate=  0.00% avg=   58.12 min=   58.12 max=   58.12 p50=   58.12 p95=   58.12 p99=   58.12 rps=   0.03
window 1m
  calc.additional.maxViewersSummary             n=17212 err=   0 errRate=  0.00% avg=   21.87 min=   12.65 max=  404.87 p50=   14.72 p95=   56.96 p99=  114.89 rps= 286.87
  controller.AnalyticsController.maxViewersSummary n=17212 err=   0 errRate=  0.00% avg=   22.12 min=   12.73 max=  405.74 p50=   14.93 p95=   57.43 p99=  115.29 rps= 286.87
  s2s.crud.fetchAllTickets                      n=17212 err=   0 errRate=  0.00% avg=   21.60 min=   12.61 max=  370.48 p50=   14.66 p95=   56.19 p99=  113.46 rps= 286.87
  s2s.crud.fetchFilms                           n=    2 err=   0 errRate=  0.00% avg=  126.89 min=   58.12 max=  195.66 p50=  126.89 p95=  188.78 p99=  194.28 rps=   0.03

2026-05-06T20:49:18.105Z  INFO 1 --- [lab8-additional-service] [   scheduling-1] r.h.l.a.o.ObservabilityService           : [lab8-additional-service] observability refresh
window 10s
  calc.additional.maxViewersSummary             n= 1954 err=   0 errRate=  0.00% avg=   14.64 min=   12.76 max=   37.04 p50=   13.91 p95=   18.66 p99=   29.09 rps= 195.40
  controller.AnalyticsController.maxViewersSummary n= 1954 err=   0 errRate=  0.00% avg=   14.85 min=   12.89 max=   37.21 p50=   14.08 p95=   19.17 p99=   29.40 rps= 195.40
  s2s.crud.fetchAllTickets                      n= 1954 err=   0 errRate=  0.00% avg=   14.59 min=   12.72 max=   36.99 p50=   13.85 p95=   18.60 p99=   29.03 rps= 195.40
window 30s
  calc.additional.maxViewersSummary             n= 7450 err=   0 errRate=  0.00% avg=   15.17 min=   12.65 max=  225.61 p50=   13.98 p95=   20.76 p99=   32.46 rps= 248.33
  controller.AnalyticsController.maxViewersSummary n= 7450 err=   0 errRate=  0.00% avg=   15.36 min=   12.73 max=  225.70 p50=   14.15 p95=   21.16 p99=   32.63 rps= 248.33
  s2s.crud.fetchAllTickets                      n= 7450 err=   0 errRate=  0.00% avg=   14.99 min=   12.61 max=  225.58 p50=   13.93 p95=   20.57 p99=   31.25 rps= 248.33
  s2s.crud.fetchFilms                           n=    1 err=   0 errRate=  0.00% avg=   58.12 min=   58.12 max=   58.12 p50=   58.12 p95=   58.12 p99=   58.12 rps=   0.03
window 1m
  calc.additional.maxViewersSummary             n=17194 err=   0 errRate=  0.00% avg=   21.31 min=   12.65 max=  404.87 p50=   14.65 p95=   52.42 p99=  114.58 rps= 286.57
  controller.AnalyticsController.maxViewersSummary n=17194 err=   0 errRate=  0.00% avg=   21.56 min=   12.73 max=  405.74 p50=   14.87 p95=   52.76 p99=  115.05 rps= 286.57
  s2s.crud.fetchAllTickets                      n=17194 err=   0 errRate=  0.00% avg=   21.04 min=   12.61 max=  370.48 p50=   14.59 p95=   51.60 p99=  113.38 rps= 286.57
  s2s.crud.fetchFilms                           n=    2 err=   0 errRate=  0.00% avg=  126.89 min=   58.12 max=  195.66 p50=  126.89 p95=  188.78 p99=  194.28 rps=   0.03

2026-05-06T20:49:19.123Z  INFO 1 --- [lab8-additional-service] [   scheduling-1] r.h.l.a.o.ObservabilityService           : [lab8-additional-service] observability refresh
window 10s
  calc.additional.maxViewersSummary             n= 1942 err=   0 errRate=  0.00% avg=   14.69 min=   12.76 max=   37.04 p50=   13.95 p95=   19.22 p99=   29.47 rps= 194.20
  controller.AnalyticsController.maxViewersSummary n= 1942 err=   0 errRate=  0.00% avg=   14.91 min=   12.89 max=   37.21 p50=   14.13 p95=   19.65 p99=   29.72 rps= 194.20
  s2s.crud.fetchAllTickets                      n= 1942 err=   0 errRate=  0.00% avg=   14.64 min=   12.72 max=   36.99 p50=   13.89 p95=   19.16 p99=   29.43 rps= 194.20
window 30s
  calc.additional.maxViewersSummary             n= 7236 err=   0 errRate=  0.00% avg=   15.14 min=   12.65 max=  225.61 p50=   13.96 p95=   20.56 p99=   32.72 rps= 241.20
  controller.AnalyticsController.maxViewersSummary n= 7237 err=   0 errRate=  0.00% avg=   15.32 min=   12.73 max=  225.70 p50=   14.13 p95=   21.05 p99=   32.83 rps= 241.23
  s2s.crud.fetchAllTickets                      n= 7236 err=   0 errRate=  0.00% avg=   14.96 min=   12.61 max=  225.58 p50=   13.91 p95=   20.46 p99=   31.61 rps= 241.20
  s2s.crud.fetchFilms                           n=    1 err=   0 errRate=  0.00% avg=   58.12 min=   58.12 max=   58.12 p50=   58.12 p95=   58.12 p99=   58.12 rps=   0.03
window 1m
  calc.additional.maxViewersSummary             n=17103 err=   0 errRate=  0.00% avg=   20.93 min=   12.65 max=  404.87 p50=   14.59 p95=   50.10 p99=  114.56 rps= 285.05
  controller.AnalyticsController.maxViewersSummary n=17103 err=   0 errRate=  0.00% avg=   21.18 min=   12.73 max=  405.74 p50=   14.81 p95=   50.44 p99=  115.04 rps= 285.05
  s2s.crud.fetchAllTickets                      n=17103 err=   0 errRate=  0.00% avg=   20.65 min=   12.61 max=  370.48 p50=   14.53 p95=   49.14 p99=  113.04 rps= 285.05
  s2s.crud.fetchFilms                           n=    2 err=   0 errRate=  0.00% avg=  126.89 min=   58.12 max=  195.66 p50=  126.89 p95=  188.78 p99=  194.28 rps=   0.03

2026-05-06T20:49:19.999Z  INFO 1 --- [lab8-additional-service] [   scheduling-1] r.h.l.a.service.FilmCacheService         : film-cache stats: size=310 ttlMs=30000 lastRefreshAtMs=1778100536852 hits=27755 misses=4 refreshes=4
2026-05-06T20:49:20.136Z  INFO 1 --- [lab8-additional-service] [   scheduling-1] r.h.l.a.o.ObservabilityService           : [lab8-additional-service] observability refresh
window 10s
  calc.additional.maxViewersSummary             n= 1953 err=   0 errRate=  0.00% avg=   14.73 min=   12.76 max=   37.04 p50=   13.95 p95=   19.62 p99=   29.44 rps= 195.30
  controller.AnalyticsController.maxViewersSummary n= 1953 err=   0 errRate=  0.00% avg=   14.95 min=   12.89 max=   37.21 p50=   14.14 p95=   20.10 p99=   29.70 rps= 195.30
  s2s.crud.fetchAllTickets                      n= 1953 err=   0 errRate=  0.00% avg=   14.68 min=   12.72 max=   36.99 p50=   13.89 p95=   19.53 p99=   29.40 rps= 195.30
window 30s
  calc.additional.maxViewersSummary             n= 7064 err=   0 errRate=  0.00% avg=   14.99 min=   12.65 max=  225.61 p50=   13.93 p95=   19.93 p99=   31.46 rps= 235.47
  controller.AnalyticsController.maxViewersSummary n= 7064 err=   0 errRate=  0.00% avg=   15.18 min=   12.73 max=  225.70 p50=   14.10 p95=   20.20 p99=   31.59 rps= 235.47
  s2s.crud.fetchAllTickets                      n= 7064 err=   0 errRate=  0.00% avg=   14.81 min=   12.61 max=  225.58 p50=   13.89 p95=   19.73 p99=   30.53 rps= 235.47
  s2s.crud.fetchFilms                           n=    1 err=   0 errRate=  0.00% avg=   58.12 min=   58.12 max=   58.12 p50=   58.12 p95=   58.12 p99=   58.12 rps=   0.03
window 1m
  calc.additional.maxViewersSummary             n=16996 err=   0 errRate=  0.00% avg=   20.74 min=   12.65 max=  404.87 p50=   14.53 p95=   49.24 p99=  114.81 rps= 283.27
  controller.AnalyticsController.maxViewersSummary n=16996 err=   0 errRate=  0.00% avg=   20.98 min=   12.73 max=  405.74 p50=   14.75 p95=   49.72 p99=  115.08 rps= 283.27
  s2s.crud.fetchAllTickets                      n=16996 err=   0 errRate=  0.00% avg=   20.46 min=   12.61 max=  370.48 p50=   14.48 p95=   48.23 p99=  113.38 rps= 283.27
  s2s.crud.fetchFilms                           n=    2 err=   0 errRate=  0.00% avg=  126.89 min=   58.12 max=  195.66 p50=  126.89 p95=  188.78 p99=  194.28 rps=   0.03

2026-05-06T20:49:21.148Z  INFO 1 --- [lab8-additional-service] [   scheduling-1] r.h.l.a.o.ObservabilityService           : [lab8-additional-service] observability refresh
window 10s
  calc.additional.maxViewersSummary             n= 1955 err=   0 errRate=  0.00% avg=   14.48 min=   12.76 max=   37.04 p50=   13.91 p95=   17.36 p99=   27.55 rps= 195.50
  controller.AnalyticsController.maxViewersSummary n= 1955 err=   0 errRate=  0.00% avg=   14.68 min=   12.89 max=   37.21 p50=   14.09 p95=   17.70 p99=   27.68 rps= 195.50
  s2s.crud.fetchAllTickets                      n= 1955 err=   0 errRate=  0.00% avg=   14.43 min=   12.72 max=   36.99 p50=   13.85 p95=   17.31 p99=   27.51 rps= 195.50
window 30s
  calc.additional.maxViewersSummary             n= 6857 err=   0 errRate=  0.00% avg=   15.02 min=   12.65 max=  225.61 p50=   13.94 p95=   20.03 p99=   31.71 rps= 228.57
  controller.AnalyticsController.maxViewersSummary n= 6857 err=   0 errRate=  0.00% avg=   15.21 min=   12.73 max=  225.70 p50=   14.11 p95=   20.36 p99=   31.82 rps= 228.57
  s2s.crud.fetchAllTickets                      n= 6857 err=   0 errRate=  0.00% avg=   14.84 min=   12.61 max=  225.58 p50=   13.89 p95=   19.90 p99=   30.92 rps= 228.57
  s2s.crud.fetchFilms                           n=    1 err=   0 errRate=  0.00% avg=   58.12 min=   58.12 max=   58.12 p50=   58.12 p95=   58.12 p99=   58.12 rps=   0.03
window 1m
  calc.additional.maxViewersSummary             n=16881 err=   0 errRate=  0.00% avg=   20.43 min=   12.65 max=  404.87 p50=   14.48 p95=   46.94 p99=  114.98 rps= 281.35
  controller.AnalyticsController.maxViewersSummary n=16881 err=   0 errRate=  0.00% avg=   20.67 min=   12.73 max=  405.74 p50=   14.69 p95=   47.58 p99=  115.34 rps= 281.35
  s2s.crud.fetchAllTickets                      n=16881 err=   0 errRate=  0.00% avg=   20.15 min=   12.61 max=  370.48 p50=   14.43 p95=   46.44 p99=  113.44 rps= 281.35
  s2s.crud.fetchFilms                           n=    2 err=   0 errRate=  0.00% avg=  126.89 min=   58.12 max=  195.66 p50=  126.89 p95=  188.78 p99=  194.28 rps=   0.03

2026-05-06T20:49:22.165Z  INFO 1 --- [lab8-additional-service] [   scheduling-1] r.h.l.a.o.ObservabilityService           : [lab8-additional-service] observability refresh
window 10s
  calc.additional.maxViewersSummary             n= 1945 err=   0 errRate=  0.00% avg=   14.52 min=   12.76 max=   37.04 p50=   13.94 p95=   17.40 p99=   27.60 rps= 194.50
  controller.AnalyticsController.maxViewersSummary n= 1945 err=   0 errRate=  0.00% avg=   14.73 min=   12.89 max=   37.21 p50=   14.13 p95=   17.89 p99=   27.74 rps= 194.50
  s2s.crud.fetchAllTickets                      n= 1945 err=   0 errRate=  0.00% avg=   14.47 min=   12.72 max=   36.99 p50=   13.88 p95=   17.34 p99=   27.57 rps= 194.50
window 30s
  calc.additional.maxViewersSummary             n= 6650 err=   0 errRate=  0.00% avg=   15.05 min=   12.65 max=  225.61 p50=   13.94 p95=   20.20 p99=   32.04 rps= 221.67
  controller.AnalyticsController.maxViewersSummary n= 6650 err=   0 errRate=  0.00% avg=   15.24 min=   12.73 max=  225.70 p50=   14.11 p95=   20.49 p99=   32.19 rps= 221.67
  s2s.crud.fetchAllTickets                      n= 6650 err=   0 errRate=  0.00% avg=   14.86 min=   12.61 max=  225.58 p50=   13.90 p95=   20.01 p99=   31.08 rps= 221.67
  s2s.crud.fetchFilms                           n=    1 err=   0 errRate=  0.00% avg=   58.12 min=   58.12 max=   58.12 p50=   58.12 p95=   58.12 p99=   58.12 rps=   0.03
window 1m
  calc.additional.maxViewersSummary             n=16791 err=   0 errRate=  0.00% avg=   20.13 min=   12.65 max=  404.87 p50=   14.44 p95=   44.83 p99=  115.30 rps= 279.85
  controller.AnalyticsController.maxViewersSummary n=16791 err=   0 errRate=  0.00% avg=   20.36 min=   12.73 max=  405.74 p50=   14.65 p95=   45.17 p99=  115.49 rps= 279.85
  s2s.crud.fetchAllTickets                      n=16791 err=   0 errRate=  0.00% avg=   19.85 min=   12.61 max=  370.48 p50=   14.39 p95=   44.59 p99=  113.48 rps= 279.85
  s2s.crud.fetchFilms                           n=    2 err=   0 errRate=  0.00% avg=  126.89 min=   58.12 max=  195.66 p50=  126.89 p95=  188.78 p99=  194.28 rps=   0.03

2026-05-06T20:49:23.179Z  INFO 1 --- [lab8-additional-service] [   scheduling-1] r.h.l.a.o.ObservabilityService           : [lab8-additional-service] observability refresh
window 10s
  calc.additional.maxViewersSummary             n= 1954 err=   0 errRate=  0.00% avg=   14.48 min=   12.76 max=   37.04 p50=   13.92 p95=   17.30 p99=   27.55 rps= 195.40
  controller.AnalyticsController.maxViewersSummary n= 1954 err=   0 errRate=  0.00% avg=   14.68 min=   12.89 max=   37.21 p50=   14.10 p95=   17.61 p99=   27.69 rps= 195.40
  s2s.crud.fetchAllTickets                      n= 1954 err=   0 errRate=  0.00% avg=   14.43 min=   12.72 max=   36.99 p50=   13.86 p95=   17.25 p99=   27.51 rps= 195.40
window 30s
  calc.additional.maxViewersSummary             n= 6504 err=   0 errRate=  0.00% avg=   14.87 min=   12.65 max=  225.61 p50=   13.91 p95=   19.05 p99=   30.55 rps= 216.80
  controller.AnalyticsController.maxViewersSummary n= 6504 err=   0 errRate=  0.00% avg=   15.05 min=   12.73 max=  225.70 p50=   14.07 p95=   19.30 p99=   30.71 rps= 216.80
  s2s.crud.fetchAllTickets                      n= 6504 err=   0 errRate=  0.00% avg=   14.67 min=   12.61 max=  225.58 p50=   13.86 p95=   18.83 p99=   29.50 rps= 216.80
  s2s.crud.fetchFilms                           n=    1 err=   0 errRate=  0.00% avg=   58.12 min=   58.12 max=   58.12 p50=   58.12 p95=   58.12 p99=   58.12 rps=   0.03
window 1m
  calc.additional.maxViewersSummary             n=16762 err=   0 errRate=  0.00% avg=   19.68 min=   12.65 max=  404.87 p50=   14.39 p95=   41.87 p99=  114.65 rps= 279.37
  controller.AnalyticsController.maxViewersSummary n=16762 err=   0 errRate=  0.00% avg=   19.91 min=   12.73 max=  405.74 p50=   14.60 p95=   42.32 p99=  114.83 rps= 279.37
  s2s.crud.fetchAllTickets                      n=16762 err=   0 errRate=  0.00% avg=   19.40 min=   12.61 max=  370.48 p50=   14.34 p95=   41.15 p99=  112.83 rps= 279.37
  s2s.crud.fetchFilms                           n=    2 err=   0 errRate=  0.00% avg=  126.89 min=   58.12 max=  195.66 p50=  126.89 p95=  188.78 p99=  194.28 rps=   0.03

2026-05-06T20:49:24.192Z  INFO 1 --- [lab8-additional-service] [   scheduling-1] r.h.l.a.o.ObservabilityService           : [lab8-additional-service] observability refresh
window 10s
  calc.additional.maxViewersSummary             n= 1999 err=   0 errRate=  0.00% avg=   14.33 min=   12.76 max=   32.56 p50=   13.93 p95=   16.79 p99=   20.72 rps= 199.90
  controller.AnalyticsController.maxViewersSummary n= 1999 err=   0 errRate=  0.00% avg=   14.54 min=   12.89 max=   32.79 p50=   14.11 p95=   17.35 p99=   21.35 rps= 199.90
  s2s.crud.fetchAllTickets                      n= 1999 err=   0 errRate=  0.00% avg=   14.28 min=   12.72 max=   32.49 p50=   13.87 p95=   16.74 p99=   20.69 rps= 199.90
window 30s
  calc.additional.maxViewersSummary             n= 6314 err=   0 errRate=  0.00% avg=   14.81 min=   12.65 max=  225.61 p50=   13.89 p95=   18.34 p99=   30.88 rps= 210.47
  controller.AnalyticsController.maxViewersSummary n= 6314 err=   0 errRate=  0.00% avg=   14.99 min=   12.73 max=  225.70 p50=   14.05 p95=   18.74 p99=   31.15 rps= 210.47
  s2s.crud.fetchAllTickets                      n= 6314 err=   0 errRate=  0.00% avg=   14.61 min=   12.61 max=  225.58 p50=   13.84 p95=   18.19 p99=   29.74 rps= 210.47
  s2s.crud.fetchFilms                           n=    1 err=   0 errRate=  0.00% avg=   58.12 min=   58.12 max=   58.12 p50=   58.12 p95=   58.12 p99=   58.12 rps=   0.03
window 1m
  calc.additional.maxViewersSummary             n=16706 err=   0 errRate=  0.00% avg=   19.26 min=   12.65 max=  404.87 p50=   14.35 p95=   38.68 p99=  113.40 rps= 278.43
  controller.AnalyticsController.maxViewersSummary n=16706 err=   0 errRate=  0.00% avg=   19.49 min=   12.73 max=  405.74 p50=   14.56 p95=   39.13 p99=  113.58 rps= 278.43
  s2s.crud.fetchAllTickets                      n=16706 err=   0 errRate=  0.00% avg=   18.98 min=   12.61 max=  370.48 p50=   14.30 p95=   38.20 p99=  111.26 rps= 278.43
  s2s.crud.fetchFilms                           n=    2 err=   0 errRate=  0.00% avg=  126.89 min=   58.12 max=  195.66 p50=  126.89 p95=  188.78 p99=  194.28 rps=   0.03

2026-05-06T20:49:25.206Z  INFO 1 --- [lab8-additional-service] [   scheduling-1] r.h.l.a.o.ObservabilityService           : [lab8-additional-service] observability refresh
window 10s
  calc.additional.maxViewersSummary             n= 1979 err=   0 errRate=  0.00% avg=   14.32 min=   12.76 max=   32.56 p50=   13.92 p95=   16.76 p99=   20.59 rps= 197.90
  controller.AnalyticsController.maxViewersSummary n= 1979 err=   0 errRate=  0.00% avg=   14.52 min=   12.89 max=   32.79 p50=   14.10 p95=   17.20 p99=   21.35 rps= 197.90
  s2s.crud.fetchAllTickets                      n= 1979 err=   0 errRate=  0.00% avg=   14.27 min=   12.72 max=   32.49 p50=   13.86 p95=   16.71 p99=   20.55 rps= 197.90
window 30s
  calc.additional.maxViewersSummary             n= 6123 err=   0 errRate=  0.00% avg=   14.70 min=   12.65 max=  225.61 p50=   13.88 p95=   17.68 p99=   28.44 rps= 204.10
  controller.AnalyticsController.maxViewersSummary n= 6123 err=   0 errRate=  0.00% avg=   14.89 min=   12.73 max=  225.70 p50=   14.04 p95=   18.16 p99=   28.93 rps= 204.10
  s2s.crud.fetchAllTickets                      n= 6123 err=   0 errRate=  0.00% avg=   14.50 min=   12.61 max=  225.58 p50=   13.83 p95=   17.55 p99=   26.67 rps= 204.10
  s2s.crud.fetchFilms                           n=    1 err=   0 errRate=  0.00% avg=   58.12 min=   58.12 max=   58.12 p50=   58.12 p95=   58.12 p99=   58.12 rps=   0.03
window 1m
  calc.additional.maxViewersSummary             n=16610 err=   0 errRate=  0.00% avg=   18.99 min=   12.65 max=  404.87 p50=   14.31 p95=   36.75 p99=  113.47 rps= 276.83
  controller.AnalyticsController.maxViewersSummary n=16610 err=   0 errRate=  0.00% avg=   19.21 min=   12.73 max=  405.74 p50=   14.51 p95=   37.31 p99=  113.82 rps= 276.83
  s2s.crud.fetchAllTickets                      n=16610 err=   0 errRate=  0.00% avg=   18.70 min=   12.61 max=  370.48 p50=   14.26 p95=   36.36 p99=  111.33 rps= 276.83
  s2s.crud.fetchFilms                           n=    2 err=   0 errRate=  0.00% avg=  126.89 min=   58.12 max=  195.66 p50=  126.89 p95=  188.78 p99=  194.28 rps=   0.03

2026-05-06T20:49:26.227Z  INFO 1 --- [lab8-additional-service] [   scheduling-1] r.h.l.a.o.ObservabilityService           : [lab8-additional-service] observability refresh
window 10s
  calc.additional.maxViewersSummary             n= 1980 err=   0 errRate=  0.00% avg=   14.29 min=   12.76 max=   32.56 p50=   13.90 p95=   16.66 p99=   20.58 rps= 198.00
  controller.AnalyticsController.maxViewersSummary n= 1980 err=   0 errRate=  0.00% avg=   14.49 min=   12.89 max=   32.79 p50=   14.08 p95=   17.04 p99=   21.35 rps= 198.00
  s2s.crud.fetchAllTickets                      n= 1980 err=   0 errRate=  0.00% avg=   14.24 min=   12.72 max=   32.49 p50=   13.85 p95=   16.62 p99=   20.55 rps= 198.00
window 30s
  calc.additional.maxViewersSummary             n= 5929 err=   0 errRate=  0.00% avg=   14.70 min=   12.65 max=  225.61 p50=   13.87 p95=   17.67 p99=   29.20 rps= 197.63
  controller.AnalyticsController.maxViewersSummary n= 5929 err=   0 errRate=  0.00% avg=   14.88 min=   12.73 max=  225.70 p50=   14.03 p95=   18.16 p99=   29.50 rps= 197.63
  s2s.crud.fetchAllTickets                      n= 5929 err=   0 errRate=  0.00% avg=   14.49 min=   12.61 max=  225.58 p50=   13.82 p95=   17.54 p99=   26.90 rps= 197.63
  s2s.crud.fetchFilms                           n=    1 err=   0 errRate=  0.00% avg=   58.12 min=   58.12 max=   58.12 p50=   58.12 p95=   58.12 p99=   58.12 rps=   0.03
window 1m
  calc.additional.maxViewersSummary             n=16484 err=   0 errRate=  0.00% avg=   18.78 min=   12.65 max=  404.87 p50=   14.27 p95=   35.84 p99=  113.55 rps= 274.73
  controller.AnalyticsController.maxViewersSummary n=16486 err=   0 errRate=  0.00% avg=   19.00 min=   12.73 max=  405.74 p50=   14.47 p95=   36.16 p99=  113.85 rps= 274.77
  s2s.crud.fetchAllTickets                      n=16484 err=   0 errRate=  0.00% avg=   18.50 min=   12.61 max=  370.48 p50=   14.22 p95=   35.31 p99=  111.81 rps= 274.73
  s2s.crud.fetchFilms                           n=    2 err=   0 errRate=  0.00% avg=  126.89 min=   58.12 max=  195.66 p50=  126.89 p95=  188.78 p99=  194.28 rps=   0.03

2026-05-06T20:49:27.250Z  INFO 1 --- [lab8-additional-service] [   scheduling-1] r.h.l.a.o.ObservabilityService           : [lab8-additional-service] observability refresh
window 10s
  calc.additional.maxViewersSummary             n= 1981 err=   0 errRate=  0.00% avg=   14.53 min=   12.76 max=   76.00 p50=   13.92 p95=   17.04 p99=   22.70 rps= 198.10
  controller.AnalyticsController.maxViewersSummary n= 1981 err=   0 errRate=  0.00% avg=   14.73 min=   12.89 max=   76.53 p50=   14.10 p95=   17.40 p99=   23.40 rps= 198.10
  s2s.crud.fetchAllTickets                      n= 1981 err=   0 errRate=  0.00% avg=   14.30 min=   12.72 max=   32.49 p50=   13.87 p95=   16.89 p99=   21.36 rps= 198.10
  s2s.crud.fetchFilms                           n=    1 err=   0 errRate=  0.00% avg=   58.25 min=   58.25 max=   58.25 p50=   58.25 p95=   58.25 p99=   58.25 rps=   0.10
window 30s
  calc.additional.maxViewersSummary             n= 5924 err=   0 errRate=  0.00% avg=   14.57 min=   12.65 max=  225.61 p50=   13.87 p95=   17.46 p99=   27.43 rps= 197.47
  controller.AnalyticsController.maxViewersSummary n= 5924 err=   0 errRate=  0.00% avg=   14.76 min=   12.73 max=  225.70 p50=   14.03 p95=   17.92 p99=   27.81 rps= 197.47
  s2s.crud.fetchAllTickets                      n= 5924 err=   0 errRate=  0.00% avg=   14.46 min=   12.61 max=  225.58 p50=   13.82 p95=   17.35 p99=   25.73 rps= 197.47
  s2s.crud.fetchFilms                           n=    1 err=   0 errRate=  0.00% avg=   58.25 min=   58.25 max=   58.25 p50=   58.25 p95=   58.25 p99=   58.25 rps=   0.03
window 1m
  calc.additional.maxViewersSummary             n=16455 err=   0 errRate=  0.00% avg=   18.37 min=   12.65 max=  404.87 p50=   14.25 p95=   34.73 p99=  105.70 rps= 274.25
  controller.AnalyticsController.maxViewersSummary n=16455 err=   0 errRate=  0.00% avg=   18.59 min=   12.73 max=  405.74 p50=   14.44 p95=   35.05 p99=  106.35 rps= 274.25
  s2s.crud.fetchAllTickets                      n=16455 err=   0 errRate=  0.00% avg=   18.20 min=   12.61 max=  370.48 p50=   14.20 p95=   34.15 p99=  105.66 rps= 274.25
  s2s.crud.fetchFilms                           n=    2 err=   0 errRate=  0.00% avg=   58.19 min=   58.12 max=   58.25 p50=   58.19 p95=   58.24 p99=   58.25 rps=   0.03

2026-05-06T20:49:28.264Z  INFO 1 --- [lab8-additional-service] [   scheduling-1] r.h.l.a.o.ObservabilityService           : [lab8-additional-service] observability refresh
window 10s
  calc.additional.maxViewersSummary             n= 1973 err=   0 errRate=  0.00% avg=   14.61 min=   12.81 max=   76.00 p50=   13.94 p95=   17.54 p99=   23.10 rps= 197.30
  controller.AnalyticsController.maxViewersSummary n= 1973 err=   0 errRate=  0.00% avg=   14.82 min=   12.91 max=   76.53 p50=   14.13 p95=   17.90 p99=   23.70 rps= 197.30
  s2s.crud.fetchAllTickets                      n= 1973 err=   0 errRate=  0.00% avg=   14.38 min=   12.78 max=   32.49 p50=   13.89 p95=   17.42 p99=   22.27 rps= 197.30
  s2s.crud.fetchFilms                           n=    1 err=   0 errRate=  0.00% avg=   58.25 min=   58.25 max=   58.25 p50=   58.25 p95=   58.25 p99=   58.25 rps=   0.10
window 30s
  calc.additional.maxViewersSummary             n= 5912 err=   0 errRate=  0.00% avg=   14.57 min=   12.76 max=   76.00 p50=   13.89 p95=   17.61 p99=   27.24 rps= 197.07
  controller.AnalyticsController.maxViewersSummary n= 5912 err=   0 errRate=  0.00% avg=   14.76 min=   12.89 max=   76.53 p50=   14.05 p95=   18.14 p99=   27.72 rps= 197.07
  s2s.crud.fetchAllTickets                      n= 5912 err=   0 errRate=  0.00% avg=   14.46 min=   12.72 max=   46.25 p50=   13.84 p95=   17.52 p99=   25.69 rps= 197.07
  s2s.crud.fetchFilms                           n=    1 err=   0 errRate=  0.00% avg=   58.25 min=   58.25 max=   58.25 p50=   58.25 p95=   58.25 p99=   58.25 rps=   0.03
window 1m
  calc.additional.maxViewersSummary             n=16424 err=   0 errRate=  0.00% avg=   17.57 min=   12.65 max=  370.51 p50=   14.22 p95=   30.13 p99=   92.38 rps= 273.73
  controller.AnalyticsController.maxViewersSummary n=16424 err=   0 errRate=  0.00% avg=   17.79 min=   12.73 max=  370.63 p50=   14.42 p95=   30.44 p99=   92.72 rps= 273.73
  s2s.crud.fetchAllTickets                      n=16424 err=   0 errRate=  0.00% avg=   17.44 min=   12.61 max=  370.48 p50=   14.17 p95=   29.81 p99=   91.89 rps= 273.73
  s2s.crud.fetchFilms                           n=    2 err=   0 errRate=  0.00% avg=   58.19 min=   58.12 max=   58.25 p50=   58.19 p95=   58.24 p99=   58.25 rps=   0.03

2026-05-06T20:49:29.280Z  INFO 1 --- [lab8-additional-service] [   scheduling-1] r.h.l.a.o.ObservabilityService           : [lab8-additional-service] observability refresh
window 10s
  calc.additional.maxViewersSummary             n= 1978 err=   0 errRate=  0.00% avg=   14.73 min=   12.81 max=   76.00 p50=   13.92 p95=   17.56 p99=   31.63 rps= 197.80
  controller.AnalyticsController.maxViewersSummary n= 1978 err=   0 errRate=  0.00% avg=   14.92 min=   12.91 max=   76.53 p50=   14.10 p95=   17.92 p99=   31.77 rps= 197.80
  s2s.crud.fetchAllTickets                      n= 1978 err=   0 errRate=  0.00% avg=   14.50 min=   12.78 max=   49.39 p50=   13.87 p95=   17.45 p99=   26.99 rps= 197.80
  s2s.crud.fetchFilms                           n=    1 err=   0 errRate=  0.00% avg=   58.25 min=   58.25 max=   58.25 p50=   58.25 p95=   58.25 p99=   58.25 rps=   0.10
window 30s
  calc.additional.maxViewersSummary             n= 5930 err=   0 errRate=  0.00% avg=   14.53 min=   12.76 max=   76.00 p50=   13.88 p95=   17.53 p99=   25.88 rps= 197.67
  controller.AnalyticsController.maxViewersSummary n= 5930 err=   0 errRate=  0.00% avg=   14.72 min=   12.89 max=   76.53 p50=   14.04 p95=   18.02 p99=   26.39 rps= 197.67
  s2s.crud.fetchAllTickets                      n= 5930 err=   0 errRate=  0.00% avg=   14.42 min=   12.72 max=   49.39 p50=   13.83 p95=   17.45 p99=   25.37 rps= 197.67
  s2s.crud.fetchFilms                           n=    1 err=   0 errRate=  0.00% avg=   58.25 min=   58.25 max=   58.25 p50=   58.25 p95=   58.25 p99=   58.25 rps=   0.03
window 1m
  calc.additional.maxViewersSummary             n=16408 err=   0 errRate=  0.00% avg=   16.95 min=   12.65 max=  370.51 p50=   14.20 p95=   27.64 p99=   75.99 rps= 273.47
  controller.AnalyticsController.maxViewersSummary n=16408 err=   0 errRate=  0.00% avg=   17.17 min=   12.73 max=  370.63 p50=   14.39 p95=   27.95 p99=   76.31 rps= 273.47
  s2s.crud.fetchAllTickets                      n=16408 err=   0 errRate=  0.00% avg=   16.82 min=   12.61 max=  370.48 p50=   14.15 p95=   27.44 p99=   69.73 rps= 273.47
  s2s.crud.fetchFilms                           n=    2 err=   0 errRate=  0.00% avg=   58.19 min=   58.12 max=   58.25 p50=   58.19 p95=   58.24 p99=   58.25 rps=   0.03

2026-05-06T20:49:29.999Z  INFO 1 --- [lab8-additional-service] [   scheduling-1] r.h.l.a.service.FilmCacheService         : film-cache stats: size=310 ttlMs=30000 lastRefreshAtMs=1778100566860 hits=29733 misses=5 refreshes=5
2026-05-06T20:49:30.297Z  INFO 1 --- [lab8-additional-service] [   scheduling-1] r.h.l.a.o.ObservabilityService           : [lab8-additional-service] observability refresh
window 10s
  calc.additional.maxViewersSummary             n= 1976 err=   0 errRate=  0.00% avg=   14.75 min=   12.81 max=   76.00 p50=   13.93 p95=   17.58 p99=   31.63 rps= 197.60
  controller.AnalyticsController.maxViewersSummary n= 1976 err=   0 errRate=  0.00% avg=   14.94 min=   12.91 max=   76.53 p50=   14.11 p95=   17.93 p99=   31.77 rps= 197.60
  s2s.crud.fetchAllTickets                      n= 1976 err=   0 errRate=  0.00% avg=   14.51 min=   12.78 max=   49.39 p50=   13.88 p95=   17.49 p99=   27.00 rps= 197.60
  s2s.crud.fetchFilms                           n=    1 err=   0 errRate=  0.00% avg=   58.25 min=   58.25 max=   58.25 p50=   58.25 p95=   58.25 p99=   58.25 rps=   0.10
window 30s
  calc.additional.maxViewersSummary             n= 5927 err=   0 errRate=  0.00% avg=   14.51 min=   12.76 max=   76.00 p50=   13.89 p95=   17.38 p99=   25.89 rps= 197.57
  controller.AnalyticsController.maxViewersSummary n= 5927 err=   0 errRate=  0.00% avg=   14.70 min=   12.89 max=   76.53 p50=   14.05 p95=   17.78 p99=   26.39 rps= 197.57
  s2s.crud.fetchAllTickets                      n= 5927 err=   0 errRate=  0.00% avg=   14.40 min=   12.72 max=   49.39 p50=   13.84 p95=   17.29 p99=   25.37 rps= 197.57
  s2s.crud.fetchFilms                           n=    1 err=   0 errRate=  0.00% avg=   58.25 min=   58.25 max=   58.25 p50=   58.25 p95=   58.25 p99=   58.25 rps=   0.03
window 1m
  calc.additional.maxViewersSummary             n=16371 err=   0 errRate=  0.00% avg=   16.28 min=   12.65 max=  370.51 p50=   14.18 p95=   25.39 p99=   50.49 rps= 272.85
  controller.AnalyticsController.maxViewersSummary n=16371 err=   0 errRate=  0.00% avg=   16.50 min=   12.73 max=  370.63 p50=   14.37 p95=   25.79 p99=   50.67 rps= 272.85
  s2s.crud.fetchAllTickets                      n=16371 err=   0 errRate=  0.00% avg=   16.15 min=   12.61 max=  370.48 p50=   14.13 p95=   25.17 p99=   46.11 rps= 272.85
  s2s.crud.fetchFilms                           n=    2 err=   0 errRate=  0.00% avg=   58.19 min=   58.12 max=   58.25 p50=   58.19 p95=   58.24 p99=   58.25 rps=   0.03

2026-05-06T20:49:31.309Z  INFO 1 --- [lab8-additional-service] [   scheduling-1] r.h.l.a.o.ObservabilityService           : [lab8-additional-service] observability refresh
window 10s
  calc.additional.maxViewersSummary             n= 1997 err=   0 errRate=  0.00% avg=   14.66 min=   12.81 max=   76.00 p50=   13.90 p95=   17.20 p99=   31.62 rps= 199.70
  controller.AnalyticsController.maxViewersSummary n= 1997 err=   0 errRate=  0.00% avg=   14.85 min=   12.91 max=   76.53 p50=   14.07 p95=   17.62 p99=   31.77 rps= 199.70
  s2s.crud.fetchAllTickets                      n= 1997 err=   0 errRate=  0.00% avg=   14.43 min=   12.78 max=   49.39 p50=   13.86 p95=   17.07 p99=   26.88 rps= 199.70
  s2s.crud.fetchFilms                           n=    1 err=   0 errRate=  0.00% avg=   58.25 min=   58.25 max=   58.25 p50=   58.25 p95=   58.25 p99=   58.25 rps=   0.10
window 30s
  calc.additional.maxViewersSummary             n= 5940 err=   0 errRate=  0.00% avg=   14.52 min=   12.76 max=   76.00 p50=   13.89 p95=   17.40 p99=   25.88 rps= 198.00
  controller.AnalyticsController.maxViewersSummary n= 5940 err=   0 errRate=  0.00% avg=   14.71 min=   12.89 max=   76.53 p50=   14.06 p95=   17.80 p99=   26.38 rps= 198.00
  s2s.crud.fetchAllTickets                      n= 5940 err=   0 errRate=  0.00% avg=   14.41 min=   12.72 max=   49.39 p50=   13.84 p95=   17.30 p99=   25.37 rps= 198.00
  s2s.crud.fetchFilms                           n=    1 err=   0 errRate=  0.00% avg=   58.25 min=   58.25 max=   58.25 p50=   58.25 p95=   58.25 p99=   58.25 rps=   0.03
window 1m
  calc.additional.maxViewersSummary             n=16227 err=   0 errRate=  0.00% avg=   16.20 min=   12.65 max=  370.51 p50=   14.16 p95=   24.61 p99=   51.13 rps= 270.45
  controller.AnalyticsController.maxViewersSummary n=16227 err=   0 errRate=  0.00% avg=   16.41 min=   12.73 max=  370.63 p50=   14.34 p95=   24.91 p99=   51.37 rps= 270.45
  s2s.crud.fetchAllTickets                      n=16227 err=   0 errRate=  0.00% avg=   16.07 min=   12.61 max=  370.48 p50=   14.10 p95=   24.34 p99=   46.02 rps= 270.45
  s2s.crud.fetchFilms                           n=    2 err=   0 errRate=  0.00% avg=   58.19 min=   58.12 max=   58.25 p50=   58.19 p95=   58.24 p99=   58.25 rps=   0.03

2026-05-06T20:49:32.332Z  INFO 1 --- [lab8-additional-service] [   scheduling-1] r.h.l.a.o.ObservabilityService           : [lab8-additional-service] observability refresh
window 10s
  calc.additional.maxViewersSummary             n= 2003 err=   0 errRate=  0.00% avg=   14.74 min=   12.81 max=   76.00 p50=   13.90 p95=   17.61 p99=   31.61 rps= 200.30
  controller.AnalyticsController.maxViewersSummary n= 2003 err=   0 errRate=  0.00% avg=   14.93 min=   12.91 max=   76.53 p50=   14.07 p95=   17.96 p99=   31.76 rps= 200.30
  s2s.crud.fetchAllTickets                      n= 2003 err=   0 errRate=  0.00% avg=   14.51 min=   12.78 max=   49.39 p50=   13.86 p95=   17.49 p99=   27.43 rps= 200.30
  s2s.crud.fetchFilms                           n=    1 err=   0 errRate=  0.00% avg=   58.25 min=   58.25 max=   58.25 p50=   58.25 p95=   58.25 p99=   58.25 rps=   0.10
window 30s
  calc.additional.maxViewersSummary             n= 5943 err=   0 errRate=  0.00% avg=   14.56 min=   12.76 max=   76.00 p50=   13.90 p95=   17.56 p99=   26.86 rps= 198.10
  controller.AnalyticsController.maxViewersSummary n= 5943 err=   0 errRate=  0.00% avg=   14.75 min=   12.89 max=   76.53 p50=   14.06 p95=   18.02 p99=   27.27 rps= 198.10
  s2s.crud.fetchAllTickets                      n= 5943 err=   0 errRate=  0.00% avg=   14.45 min=   12.72 max=   49.39 p50=   13.85 p95=   17.47 p99=   25.59 rps= 198.10
  s2s.crud.fetchFilms                           n=    1 err=   0 errRate=  0.00% avg=   58.25 min=   58.25 max=   58.25 p50=   58.25 p95=   58.25 p99=   58.25 rps=   0.03
window 1m
  calc.additional.maxViewersSummary             n=16192 err=   0 errRate=  0.00% avg=   15.59 min=   12.65 max=  238.74 p50=   14.13 p95=   22.75 p99=   36.67 rps= 269.87
  controller.AnalyticsController.maxViewersSummary n=16192 err=   0 errRate=  0.00% avg=   15.80 min=   12.73 max=  238.87 p50=   14.32 p95=   23.20 p99=   37.55 rps= 269.87
  s2s.crud.fetchAllTickets                      n=16192 err=   0 errRate=  0.00% avg=   15.46 min=   12.61 max=  238.65 p50=   14.08 p95=   22.58 p99=   35.61 rps= 269.87
  s2s.crud.fetchFilms                           n=    2 err=   0 errRate=  0.00% avg=   58.19 min=   58.12 max=   58.25 p50=   58.19 p95=   58.24 p99=   58.25 rps=   0.03

2026-05-06T20:49:33.345Z  INFO 1 --- [lab8-additional-service] [   scheduling-1] r.h.l.a.o.ObservabilityService           : [lab8-additional-service] observability refresh
window 10s
  calc.additional.maxViewersSummary             n= 2002 err=   0 errRate=  0.00% avg=   14.92 min=   12.81 max=   76.00 p50=   13.92 p95=   18.92 p99=   34.43 rps= 200.20
  controller.AnalyticsController.maxViewersSummary n= 2002 err=   0 errRate=  0.00% avg=   15.12 min=   12.91 max=   76.53 p50=   14.10 p95=   19.50 p99=   34.61 rps= 200.20
  s2s.crud.fetchAllTickets                      n= 2002 err=   0 errRate=  0.00% avg=   14.69 min=   12.78 max=   49.39 p50=   13.88 p95=   18.42 p99=   31.15 rps= 200.20
  s2s.crud.fetchFilms                           n=    1 err=   0 errRate=  0.00% avg=   58.25 min=   58.25 max=   58.25 p50=   58.25 p95=   58.25 p99=   58.25 rps=   0.10
window 30s
  calc.additional.maxViewersSummary             n= 5944 err=   0 errRate=  0.00% avg=   14.61 min=   12.76 max=   76.00 p50=   13.91 p95=   17.84 p99=   28.74 rps= 198.13
  controller.AnalyticsController.maxViewersSummary n= 5944 err=   0 errRate=  0.00% avg=   14.81 min=   12.89 max=   76.53 p50=   14.08 p95=   18.29 p99=   29.03 rps= 198.13
  s2s.crud.fetchAllTickets                      n= 5944 err=   0 errRate=  0.00% avg=   14.50 min=   12.72 max=   49.39 p50=   13.86 p95=   17.66 p99=   27.35 rps= 198.13
  s2s.crud.fetchFilms                           n=    1 err=   0 errRate=  0.00% avg=   58.25 min=   58.25 max=   58.25 p50=   58.25 p95=   58.25 p99=   58.25 rps=   0.03
window 1m
  calc.additional.maxViewersSummary             n=16007 err=   0 errRate=  0.00% avg=   15.59 min=   12.65 max=  238.74 p50=   14.12 p95=   22.85 p99=   37.03 rps= 266.78
  controller.AnalyticsController.maxViewersSummary n=16007 err=   0 errRate=  0.00% avg=   15.80 min=   12.73 max=  238.87 p50=   14.30 p95=   23.25 p99=   37.85 rps= 266.78
  s2s.crud.fetchAllTickets                      n=16007 err=   0 errRate=  0.00% avg=   15.46 min=   12.61 max=  238.65 p50=   14.07 p95=   22.66 p99=   35.86 rps= 266.78
  s2s.crud.fetchFilms                           n=    2 err=   0 errRate=  0.00% avg=   58.19 min=   58.12 max=   58.25 p50=   58.19 p95=   58.24 p99=   58.25 rps=   0.03

2026-05-06T20:49:34.356Z  INFO 1 --- [lab8-additional-service] [   scheduling-1] r.h.l.a.o.ObservabilityService           : [lab8-additional-service] observability refresh
window 10s
  calc.additional.maxViewersSummary             n= 1982 err=   0 errRate=  0.00% avg=   14.93 min=   12.81 max=   76.00 p50=   13.91 p95=   19.21 p99=   34.49 rps= 198.20
  controller.AnalyticsController.maxViewersSummary n= 1982 err=   0 errRate=  0.00% avg=   15.12 min=   12.91 max=   76.53 p50=   14.07 p95=   19.53 p99=   34.68 rps= 198.20
  s2s.crud.fetchAllTickets                      n= 1982 err=   0 errRate=  0.00% avg=   14.69 min=   12.78 max=   49.39 p50=   13.87 p95=   18.69 p99=   31.23 rps= 198.20
  s2s.crud.fetchFilms                           n=    1 err=   0 errRate=  0.00% avg=   58.25 min=   58.25 max=   58.25 p50=   58.25 p95=   58.25 p99=   58.25 rps=   0.10
window 30s
  calc.additional.maxViewersSummary             n= 5926 err=   0 errRate=  0.00% avg=   14.63 min=   12.76 max=   76.00 p50=   13.91 p95=   17.92 p99=   28.80 rps= 197.53
  controller.AnalyticsController.maxViewersSummary n= 5926 err=   0 errRate=  0.00% avg=   14.82 min=   12.89 max=   76.53 p50=   14.08 p95=   18.38 p99=   29.03 rps= 197.53
  s2s.crud.fetchAllTickets                      n= 5926 err=   0 errRate=  0.00% avg=   14.52 min=   12.72 max=   49.39 p50=   13.86 p95=   17.78 p99=   27.39 rps= 197.53
  s2s.crud.fetchFilms                           n=    1 err=   0 errRate=  0.00% avg=   58.25 min=   58.25 max=   58.25 p50=   58.25 p95=   58.25 p99=   58.25 rps=   0.03
window 1m
  calc.additional.maxViewersSummary             n=15877 err=   0 errRate=  0.00% avg=   15.36 min=   12.65 max=  238.74 p50=   14.09 p95=   21.47 p99=   33.78 rps= 264.62
  controller.AnalyticsController.maxViewersSummary n=15877 err=   0 errRate=  0.00% avg=   15.57 min=   12.73 max=  238.87 p50=   14.28 p95=   21.88 p99=   34.26 rps= 264.62
  s2s.crud.fetchAllTickets                      n=15877 err=   0 errRate=  0.00% avg=   15.23 min=   12.61 max=  238.65 p50=   14.04 p95=   21.34 p99=   32.51 rps= 264.62
  s2s.crud.fetchFilms                           n=    2 err=   0 errRate=  0.00% avg=   58.19 min=   58.12 max=   58.25 p50=   58.19 p95=   58.24 p99=   58.25 rps=   0.03

2026-05-06T20:49:35.369Z  INFO 1 --- [lab8-additional-service] [   scheduling-1] r.h.l.a.o.ObservabilityService           : [lab8-additional-service] observability refresh
window 10s
  calc.additional.maxViewersSummary             n= 1970 err=   0 errRate=  0.00% avg=   14.99 min=   12.81 max=   76.00 p50=   13.94 p95=   19.34 p99=   34.53 rps= 197.00
  controller.AnalyticsController.maxViewersSummary n= 1970 err=   0 errRate=  0.00% avg=   15.18 min=   12.91 max=   76.53 p50=   14.11 p95=   19.65 p99=   34.73 rps= 197.00
  s2s.crud.fetchAllTickets                      n= 1970 err=   0 errRate=  0.00% avg=   14.75 min=   12.78 max=   49.39 p50=   13.88 p95=   19.13 p99=   31.29 rps= 197.00
  s2s.crud.fetchFilms                           n=    1 err=   0 errRate=  0.00% avg=   58.25 min=   58.25 max=   58.25 p50=   58.25 p95=   58.25 p99=   58.25 rps=   0.10
window 30s
  calc.additional.maxViewersSummary             n= 5899 err=   0 errRate=  0.00% avg=   14.64 min=   12.76 max=   76.00 p50=   13.91 p95=   18.00 p99=   28.54 rps= 196.63
  controller.AnalyticsController.maxViewersSummary n= 5899 err=   0 errRate=  0.00% avg=   14.83 min=   12.89 max=   76.53 p50=   14.09 p95=   18.43 p99=   29.01 rps= 196.63
  s2s.crud.fetchAllTickets                      n= 5899 err=   0 errRate=  0.00% avg=   14.52 min=   12.72 max=   49.39 p50=   13.87 p95=   17.85 p99=   27.24 rps= 196.63
  s2s.crud.fetchFilms                           n=    1 err=   0 errRate=  0.00% avg=   58.25 min=   58.25 max=   58.25 p50=   58.25 p95=   58.25 p99=   58.25 rps=   0.03
window 1m
  calc.additional.maxViewersSummary             n=15704 err=   0 errRate=  0.00% avg=   15.27 min=   12.65 max=  238.74 p50=   14.07 p95=   20.63 p99=   33.53 rps= 261.73
  controller.AnalyticsController.maxViewersSummary n=15704 err=   0 errRate=  0.00% avg=   15.47 min=   12.73 max=  238.87 p50=   14.26 p95=   21.13 p99=   33.87 rps= 261.73
  s2s.crud.fetchAllTickets                      n=15704 err=   0 errRate=  0.00% avg=   15.14 min=   12.61 max=  238.65 p50=   14.02 p95=   20.50 p99=   32.31 rps= 261.73
  s2s.crud.fetchFilms                           n=    2 err=   0 errRate=  0.00% avg=   58.19 min=   58.12 max=   58.25 p50=   58.19 p95=   58.24 p99=   58.25 rps=   0.03

2026-05-06T20:49:36.382Z  INFO 1 --- [lab8-additional-service] [   scheduling-1] r.h.l.a.o.ObservabilityService           : [lab8-additional-service] observability refresh
window 10s
  calc.additional.maxViewersSummary             n= 1976 err=   0 errRate=  0.00% avg=   14.97 min=   12.89 max=   76.00 p50=   13.92 p95=   19.24 p99=   34.51 rps= 197.60
  controller.AnalyticsController.maxViewersSummary n= 1976 err=   0 errRate=  0.00% avg=   15.16 min=   12.99 max=   76.53 p50=   14.09 p95=   19.59 p99=   34.71 rps= 197.60
  s2s.crud.fetchAllTickets                      n= 1976 err=   0 errRate=  0.00% avg=   14.73 min=   12.86 max=   49.39 p50=   13.88 p95=   18.95 p99=   31.26 rps= 197.60
  s2s.crud.fetchFilms                           n=    1 err=   0 errRate=  0.00% avg=   58.25 min=   58.25 max=   58.25 p50=   58.25 p95=   58.25 p99=   58.25 rps=   0.10
window 30s
  calc.additional.maxViewersSummary             n= 5894 err=   0 errRate=  0.00% avg=   14.63 min=   12.76 max=   76.00 p50=   13.91 p95=   17.92 p99=   28.56 rps= 196.47
  controller.AnalyticsController.maxViewersSummary n= 5894 err=   0 errRate=  0.00% avg=   14.83 min=   12.89 max=   76.53 p50=   14.08 p95=   18.39 p99=   29.01 rps= 196.47
  s2s.crud.fetchAllTickets                      n= 5894 err=   0 errRate=  0.00% avg=   14.52 min=   12.72 max=   49.39 p50=   13.86 p95=   17.78 p99=   27.25 rps= 196.47
  s2s.crud.fetchFilms                           n=    1 err=   0 errRate=  0.00% avg=   58.25 min=   58.25 max=   58.25 p50=   58.25 p95=   58.25 p99=   58.25 rps=   0.03
window 1m
  calc.additional.maxViewersSummary             n=15531 err=   0 errRate=  0.00% avg=   15.22 min=   12.65 max=  225.91 p50=   14.06 p95=   20.53 p99=   32.78 rps= 258.85
  controller.AnalyticsController.maxViewersSummary n=15531 err=   0 errRate=  0.00% avg=   15.43 min=   12.73 max=  226.04 p50=   14.24 p95=   20.97 p99=   33.17 rps= 258.85
  s2s.crud.fetchAllTickets                      n=15531 err=   0 errRate=  0.00% avg=   15.09 min=   12.61 max=  225.88 p50=   14.01 p95=   20.39 p99=   31.71 rps= 258.85
  s2s.crud.fetchFilms                           n=    2 err=   0 errRate=  0.00% avg=   58.19 min=   58.12 max=   58.25 p50=   58.19 p95=   58.24 p99=   58.25 rps=   0.03

2026-05-06T20:49:37.411Z  INFO 1 --- [lab8-additional-service] [   scheduling-1] r.h.l.a.o.ObservabilityService           : [lab8-additional-service] observability refresh
window 10s
  calc.additional.maxViewersSummary             n= 1990 err=   0 errRate=  0.00% avg=   14.67 min=   12.85 max=   49.42 p50=   13.86 p95=   18.32 p99=   31.24 rps= 199.00
  controller.AnalyticsController.maxViewersSummary n= 1990 err=   0 errRate=  0.00% avg=   14.85 min=   12.93 max=   49.57 p50=   14.01 p95=   18.78 p99=   31.45 rps= 199.00
  s2s.crud.fetchAllTickets                      n= 1990 err=   0 errRate=  0.00% avg=   14.62 min=   12.82 max=   49.39 p50=   13.82 p95=   18.29 p99=   31.20 rps= 199.00
window 30s
  calc.additional.maxViewersSummary             n= 5907 err=   0 errRate=  0.00% avg=   14.61 min=   12.76 max=   76.00 p50=   13.90 p95=   17.91 p99=   28.50 rps= 196.90
  controller.AnalyticsController.maxViewersSummary n= 5907 err=   0 errRate=  0.00% avg=   14.81 min=   12.89 max=   76.53 p50=   14.06 p95=   18.38 p99=   28.98 rps= 196.90
  s2s.crud.fetchAllTickets                      n= 5907 err=   0 errRate=  0.00% avg=   14.50 min=   12.72 max=   49.39 p50=   13.85 p95=   17.78 p99=   27.23 rps= 196.90
  s2s.crud.fetchFilms                           n=    1 err=   0 errRate=  0.00% avg=   58.25 min=   58.25 max=   58.25 p50=   58.25 p95=   58.25 p99=   58.25 rps=   0.03
window 1m
  calc.additional.maxViewersSummary             n=15345 err=   0 errRate=  0.00% avg=   15.21 min=   12.65 max=  225.91 p50=   14.04 p95=   20.54 p99=   32.82 rps= 255.75
  controller.AnalyticsController.maxViewersSummary n=15345 err=   0 errRate=  0.00% avg=   15.41 min=   12.73 max=  226.04 p50=   14.22 p95=   21.04 p99=   33.54 rps= 255.75
  s2s.crud.fetchAllTickets                      n=15345 err=   0 errRate=  0.00% avg=   15.08 min=   12.61 max=  225.88 p50=   13.99 p95=   20.46 p99=   31.82 rps= 255.75
  s2s.crud.fetchFilms                           n=    2 err=   0 errRate=  0.00% avg=   58.19 min=   58.12 max=   58.25 p50=   58.19 p95=   58.24 p99=   58.25 rps=   0.03

2026-05-06T20:49:38.425Z  INFO 1 --- [lab8-additional-service] [   scheduling-1] r.h.l.a.o.ObservabilityService           : [lab8-additional-service] observability refresh
window 10s
  calc.additional.maxViewersSummary             n= 2000 err=   0 errRate=  0.00% avg=   14.74 min=   12.62 max=   49.42 p50=   13.86 p95=   19.13 p99=   31.20 rps= 200.00
  controller.AnalyticsController.maxViewersSummary n= 2000 err=   0 errRate=  0.00% avg=   14.93 min=   12.71 max=   49.57 p50=   14.01 p95=   19.53 p99=   31.55 rps= 200.00
  s2s.crud.fetchAllTickets                      n= 2000 err=   0 errRate=  0.00% avg=   14.70 min=   12.59 max=   49.39 p50=   13.82 p95=   19.08 p99=   31.16 rps= 200.00
window 30s
  calc.additional.maxViewersSummary             n= 5925 err=   0 errRate=  0.00% avg=   14.67 min=   12.62 max=   76.00 p50=   13.91 p95=   18.32 p99=   28.90 rps= 197.50
  controller.AnalyticsController.maxViewersSummary n= 5925 err=   0 errRate=  0.00% avg=   14.87 min=   12.71 max=   76.53 p50=   14.07 p95=   18.74 p99=   29.12 rps= 197.50
  s2s.crud.fetchAllTickets                      n= 5925 err=   0 errRate=  0.00% avg=   14.56 min=   12.59 max=   49.39 p50=   13.86 p95=   18.14 p99=   27.66 rps= 197.50
  s2s.crud.fetchFilms                           n=    1 err=   0 errRate=  0.00% avg=   58.25 min=   58.25 max=   58.25 p50=   58.25 p95=   58.25 p99=   58.25 rps=   0.03
window 1m
  calc.additional.maxViewersSummary             n=15164 err=   0 errRate=  0.00% avg=   15.21 min=   12.62 max=  225.91 p50=   14.04 p95=   20.53 p99=   33.18 rps= 252.73
  controller.AnalyticsController.maxViewersSummary n=15164 err=   0 errRate=  0.00% avg=   15.41 min=   12.71 max=  226.04 p50=   14.22 p95=   21.00 p99=   33.75 rps= 252.73
  s2s.crud.fetchAllTickets                      n=15164 err=   0 errRate=  0.00% avg=   15.08 min=   12.59 max=  225.88 p50=   13.99 p95=   20.43 p99=   31.86 rps= 252.73
  s2s.crud.fetchFilms                           n=    2 err=   0 errRate=  0.00% avg=   58.19 min=   58.12 max=   58.25 p50=   58.19 p95=   58.24 p99=   58.25 rps=   0.03

2026-05-06T20:49:39.444Z  INFO 1 --- [lab8-additional-service] [   scheduling-1] r.h.l.a.o.ObservabilityService           : [lab8-additional-service] observability refresh
window 10s
  calc.additional.maxViewersSummary             n= 2019 err=   0 errRate=  0.00% avg=   14.52 min=   12.62 max=   39.05 p50=   13.84 p95=   17.88 p99=   27.11 rps= 201.90
  controller.AnalyticsController.maxViewersSummary n= 2019 err=   0 errRate=  0.00% avg=   14.70 min=   12.71 max=   39.16 p50=   13.99 p95=   18.40 p99=   27.25 rps= 201.90
  s2s.crud.fetchAllTickets                      n= 2019 err=   0 errRate=  0.00% avg=   14.47 min=   12.59 max=   39.01 p50=   13.80 p95=   17.84 p99=   27.07 rps= 201.90
window 30s
  calc.additional.maxViewersSummary             n= 5935 err=   0 errRate=  0.00% avg=   14.66 min=   12.62 max=   76.00 p50=   13.90 p95=   18.36 p99=   28.90 rps= 197.83
  controller.AnalyticsController.maxViewersSummary n= 5935 err=   0 errRate=  0.00% avg=   14.86 min=   12.71 max=   76.53 p50=   14.07 p95=   18.78 p99=   29.11 rps= 197.83
  s2s.crud.fetchAllTickets                      n= 5935 err=   0 errRate=  0.00% avg=   14.55 min=   12.59 max=   49.39 p50=   13.86 p95=   18.21 p99=   27.65 rps= 197.83
  s2s.crud.fetchFilms                           n=    1 err=   0 errRate=  0.00% avg=   58.25 min=   58.25 max=   58.25 p50=   58.25 p95=   58.25 p99=   58.25 rps=   0.03
window 1m
  calc.additional.maxViewersSummary             n=14990 err=   0 errRate=  0.00% avg=   15.19 min=   12.62 max=  225.91 p50=   14.03 p95=   20.43 p99=   32.65 rps= 249.83
  controller.AnalyticsController.maxViewersSummary n=14990 err=   0 errRate=  0.00% avg=   15.38 min=   12.71 max=  226.04 p50=   14.21 p95=   20.84 p99=   32.90 rps= 249.83
  s2s.crud.fetchAllTickets                      n=14990 err=   0 errRate=  0.00% avg=   15.05 min=   12.59 max=  225.88 p50=   13.98 p95=   20.30 p99=   31.61 rps= 249.83
  s2s.crud.fetchFilms                           n=    2 err=   0 errRate=  0.00% avg=   58.19 min=   58.12 max=   58.25 p50=   58.19 p95=   58.24 p99=   58.25 rps=   0.03

2026-05-06T20:49:39.999Z  INFO 1 --- [lab8-additional-service] [   scheduling-1] r.h.l.a.service.FilmCacheService         : film-cache stats: size=310 ttlMs=30000 lastRefreshAtMs=1778100566860 hits=31768 misses=5 refreshes=5
2026-05-06T20:49:40.457Z  INFO 1 --- [lab8-additional-service] [   scheduling-1] r.h.l.a.o.ObservabilityService           : [lab8-additional-service] observability refresh
window 10s
  calc.additional.maxViewersSummary             n= 2029 err=   0 errRate=  0.00% avg=   14.52 min=   12.62 max=   39.05 p50=   13.80 p95=   18.42 p99=   27.12 rps= 202.90
  controller.AnalyticsController.maxViewersSummary n= 2030 err=   0 errRate=  0.00% avg=   14.70 min=   12.71 max=   39.16 p50=   13.94 p95=   18.80 p99=   27.37 rps= 203.00
  s2s.crud.fetchAllTickets                      n= 2029 err=   0 errRate=  0.00% avg=   14.47 min=   12.59 max=   39.01 p50=   13.76 p95=   18.31 p99=   27.09 rps= 202.90
window 30s
  calc.additional.maxViewersSummary             n= 5962 err=   0 errRate=  0.00% avg=   14.61 min=   12.62 max=   76.00 p50=   13.89 p95=   17.94 p99=   28.19 rps= 198.73
  controller.AnalyticsController.maxViewersSummary n= 5963 err=   0 errRate=  0.00% avg=   14.80 min=   12.71 max=   76.53 p50=   14.05 p95=   18.38 p99=   28.63 rps= 198.77
  s2s.crud.fetchAllTickets                      n= 5962 err=   0 errRate=  0.00% avg=   14.50 min=   12.59 max=   49.39 p50=   13.84 p95=   17.79 p99=   27.31 rps= 198.73
  s2s.crud.fetchFilms                           n=    1 err=   0 errRate=  0.00% avg=   58.25 min=   58.25 max=   58.25 p50=   58.25 p95=   58.25 p99=   58.25 rps=   0.03
window 1m
  calc.additional.maxViewersSummary             n=14795 err=   0 errRate=  0.00% avg=   15.17 min=   12.62 max=  225.61 p50=   14.02 p95=   20.50 p99=   32.76 rps= 246.58
  controller.AnalyticsController.maxViewersSummary n=14795 err=   0 errRate=  0.00% avg=   15.37 min=   12.71 max=  225.70 p50=   14.20 p95=   20.95 p99=   33.00 rps= 246.58
  s2s.crud.fetchAllTickets                      n=14795 err=   0 errRate=  0.00% avg=   15.03 min=   12.59 max=  225.58 p50=   13.97 p95=   20.36 p99=   31.61 rps= 246.58
  s2s.crud.fetchFilms                           n=    2 err=   0 errRate=  0.00% avg=   58.19 min=   58.12 max=   58.25 p50=   58.19 p95=   58.24 p99=   58.25 rps=   0.03

2026-05-06T20:49:41.468Z  INFO 1 --- [lab8-additional-service] [   scheduling-1] r.h.l.a.o.ObservabilityService           : [lab8-additional-service] observability refresh
window 10s
  calc.additional.maxViewersSummary             n= 2018 err=   0 errRate=  0.00% avg=   14.50 min=   12.62 max=   39.05 p50=   13.78 p95=   18.34 p99=   27.12 rps= 201.80
  controller.AnalyticsController.maxViewersSummary n= 2018 err=   0 errRate=  0.00% avg=   14.68 min=   12.71 max=   39.16 p50=   13.92 p95=   18.79 p99=   27.39 rps= 201.80
  s2s.crud.fetchAllTickets                      n= 2018 err=   0 errRate=  0.00% avg=   14.46 min=   12.59 max=   39.01 p50=   13.74 p95=   18.29 p99=   27.09 rps= 201.80
window 30s
  calc.additional.maxViewersSummary             n= 5963 err=   0 errRate=  0.00% avg=   14.57 min=   12.62 max=   76.00 p50=   13.87 p95=   17.74 p99=   27.91 rps= 198.77
  controller.AnalyticsController.maxViewersSummary n= 5963 err=   0 errRate=  0.00% avg=   14.76 min=   12.71 max=   76.53 p50=   14.03 p95=   18.10 p99=   28.29 rps= 198.77
  s2s.crud.fetchAllTickets                      n= 5963 err=   0 errRate=  0.00% avg=   14.46 min=   12.59 max=   49.39 p50=   13.82 p95=   17.58 p99=   27.19 rps= 198.77
  s2s.crud.fetchFilms                           n=    1 err=   0 errRate=  0.00% avg=   58.25 min=   58.25 max=   58.25 p50=   58.25 p95=   58.25 p99=   58.25 rps=   0.03
window 1m
  calc.additional.maxViewersSummary             n=14604 err=   0 errRate=  0.00% avg=   15.16 min=   12.62 max=  225.61 p50=   14.00 p95=   20.52 p99=   32.80 rps= 243.40
  controller.AnalyticsController.maxViewersSummary n=14605 err=   0 errRate=  0.00% avg=   15.36 min=   12.71 max=  225.70 p50=   14.18 p95=   21.00 p99=   33.18 rps= 243.42
  s2s.crud.fetchAllTickets                      n=14604 err=   0 errRate=  0.00% avg=   15.02 min=   12.59 max=  225.58 p50=   13.95 p95=   20.38 p99=   31.72 rps= 243.40
  s2s.crud.fetchFilms                           n=    2 err=   0 errRate=  0.00% avg=   58.19 min=   58.12 max=   58.25 p50=   58.19 p95=   58.24 p99=   58.25 rps=   0.03

2026-05-06T20:49:42.479Z  INFO 1 --- [lab8-additional-service] [   scheduling-1] r.h.l.a.o.ObservabilityService           : [lab8-additional-service] observability refresh
window 10s
  calc.additional.maxViewersSummary             n= 1994 err=   0 errRate=  0.00% avg=   14.36 min=   12.62 max=   39.05 p50=   13.73 p95=   17.44 p99=   25.46 rps= 199.40
  controller.AnalyticsController.maxViewersSummary n= 1994 err=   0 errRate=  0.00% avg=   14.53 min=   12.71 max=   39.16 p50=   13.87 p95=   17.99 p99=   25.64 rps= 199.40
  s2s.crud.fetchAllTickets                      n= 1994 err=   0 errRate=  0.00% avg=   14.32 min=   12.59 max=   39.01 p50=   13.68 p95=   17.35 p99=   25.42 rps= 199.40
window 30s
  calc.additional.maxViewersSummary             n= 5945 err=   0 errRate=  0.00% avg=   14.55 min=   12.62 max=   76.00 p50=   13.86 p95=   17.57 p99=   27.92 rps= 198.17
  controller.AnalyticsController.maxViewersSummary n= 5945 err=   0 errRate=  0.00% avg=   14.74 min=   12.71 max=   76.53 p50=   14.02 p95=   17.99 p99=   28.36 rps= 198.17
  s2s.crud.fetchAllTickets                      n= 5945 err=   0 errRate=  0.00% avg=   14.44 min=   12.59 max=   49.39 p50=   13.81 p95=   17.42 p99=   27.20 rps= 198.17
  s2s.crud.fetchFilms                           n=    1 err=   0 errRate=  0.00% avg=   58.25 min=   58.25 max=   58.25 p50=   58.25 p95=   58.25 p99=   58.25 rps=   0.03
window 1m
  calc.additional.maxViewersSummary             n=14403 err=   0 errRate=  0.00% avg=   15.15 min=   12.62 max=  225.61 p50=   13.99 p95=   20.53 p99=   33.09 rps= 240.05
  controller.AnalyticsController.maxViewersSummary n=14403 err=   0 errRate=  0.00% avg=   15.35 min=   12.71 max=  225.70 p50=   14.17 p95=   21.07 p99=   33.60 rps= 240.05
  s2s.crud.fetchAllTickets                      n=14403 err=   0 errRate=  0.00% avg=   15.01 min=   12.59 max=  225.58 p50=   13.94 p95=   20.44 p99=   31.83 rps= 240.05
  s2s.crud.fetchFilms                           n=    2 err=   0 errRate=  0.00% avg=   58.19 min=   58.12 max=   58.25 p50=   58.19 p95=   58.24 p99=   58.25 rps=   0.03

2026-05-06T20:49:43.496Z  INFO 1 --- [lab8-additional-service] [   scheduling-1] r.h.l.a.o.ObservabilityService           : [lab8-additional-service] observability refresh
window 10s
  calc.additional.maxViewersSummary             n= 1981 err=   0 errRate=  0.00% avg=   14.39 min=   12.62 max=   39.14 p50=   13.72 p95=   17.73 p99=   27.08 rps= 198.10
  controller.AnalyticsController.maxViewersSummary n= 1981 err=   0 errRate=  0.00% avg=   14.56 min=   12.71 max=   39.24 p50=   13.86 p95=   18.10 p99=   27.24 rps= 198.10
  s2s.crud.fetchAllTickets                      n= 1981 err=   0 errRate=  0.00% avg=   14.34 min=   12.59 max=   39.11 p50=   13.68 p95=   17.61 p99=   27.03 rps= 198.10
window 30s
  calc.additional.maxViewersSummary             n= 5934 err=   0 errRate=  0.00% avg=   14.60 min=   12.62 max=   76.00 p50=   13.85 p95=   17.85 p99=   30.19 rps= 197.80
  controller.AnalyticsController.maxViewersSummary n= 5934 err=   0 errRate=  0.00% avg=   14.79 min=   12.71 max=   76.53 p50=   14.01 p95=   18.26 p99=   30.37 rps= 197.80
  s2s.crud.fetchAllTickets                      n= 5934 err=   0 errRate=  0.00% avg=   14.49 min=   12.59 max=   49.39 p50=   13.81 p95=   17.71 p99=   28.94 rps= 197.80
  s2s.crud.fetchFilms                           n=    1 err=   0 errRate=  0.00% avg=   58.25 min=   58.25 max=   58.25 p50=   58.25 p95=   58.25 p99=   58.25 rps=   0.03
window 1m
  calc.additional.maxViewersSummary             n=14209 err=   0 errRate=  0.00% avg=   15.12 min=   12.62 max=  225.61 p50=   13.97 p95=   20.43 p99=   33.56 rps= 236.82
  controller.AnalyticsController.maxViewersSummary n=14209 err=   0 errRate=  0.00% avg=   15.31 min=   12.71 max=  225.70 p50=   14.15 p95=   20.84 p99=   33.84 rps= 236.82
  s2s.crud.fetchAllTickets                      n=14209 err=   0 errRate=  0.00% avg=   14.98 min=   12.59 max=  225.58 p50=   13.92 p95=   20.30 p99=   32.31 rps= 236.82
  s2s.crud.fetchFilms                           n=    2 err=   0 errRate=  0.00% avg=   58.19 min=   58.12 max=   58.25 p50=   58.19 p95=   58.24 p99=   58.25 rps=   0.03

2026-05-06T20:49:44.507Z  INFO 1 --- [lab8-additional-service] [   scheduling-1] r.h.l.a.o.ObservabilityService           : [lab8-additional-service] observability refresh
window 10s
  calc.additional.maxViewersSummary             n= 1949 err=   0 errRate=  0.00% avg=   15.00 min=   12.62 max=   68.96 p50=   13.73 p95=   20.04 p99=   44.49 rps= 194.90
  controller.AnalyticsController.maxViewersSummary n= 1949 err=   0 errRate=  0.00% avg=   15.17 min=   12.71 max=   69.10 p50=   13.87 p95=   20.74 p99=   44.76 rps= 194.90
  s2s.crud.fetchAllTickets                      n= 1949 err=   0 errRate=  0.00% avg=   14.95 min=   12.59 max=   68.92 p50=   13.69 p95=   19.93 p99=   44.46 rps= 194.90
window 30s
  calc.additional.maxViewersSummary             n= 5918 err=   0 errRate=  0.00% avg=   14.75 min=   12.62 max=   76.00 p50=   13.86 p95=   18.34 p99=   32.87 rps= 197.27
  controller.AnalyticsController.maxViewersSummary n= 5918 err=   0 errRate=  0.00% avg=   14.94 min=   12.71 max=   76.53 p50=   14.02 p95=   18.76 p99=   33.21 rps= 197.27
  s2s.crud.fetchAllTickets                      n= 5918 err=   0 errRate=  0.00% avg=   14.64 min=   12.59 max=   68.92 p50=   13.81 p95=   18.23 p99=   31.62 rps= 197.27
  s2s.crud.fetchFilms                           n=    1 err=   0 errRate=  0.00% avg=   58.25 min=   58.25 max=   58.25 p50=   58.25 p95=   58.25 p99=   58.25 rps=   0.03
window 1m
  calc.additional.maxViewersSummary             n=14029 err=   0 errRate=  0.00% avg=   15.05 min=   12.62 max=  225.61 p50=   13.96 p95=   20.02 p99=   32.73 rps= 233.82
  controller.AnalyticsController.maxViewersSummary n=14029 err=   0 errRate=  0.00% avg=   15.24 min=   12.71 max=  225.70 p50=   14.13 p95=   20.38 p99=   32.84 rps= 233.82
  s2s.crud.fetchAllTickets                      n=14029 err=   0 errRate=  0.00% avg=   14.91 min=   12.59 max=  225.58 p50=   13.91 p95=   19.91 p99=   31.60 rps= 233.82
  s2s.crud.fetchFilms                           n=    2 err=   0 errRate=  0.00% avg=   58.19 min=   58.12 max=   58.25 p50=   58.19 p95=   58.24 p99=   58.25 rps=   0.03

2026-05-06T20:49:45.517Z  INFO 1 --- [lab8-additional-service] [   scheduling-1] r.h.l.a.o.ObservabilityService           : [lab8-additional-service] observability refresh
window 10s
  calc.additional.maxViewersSummary             n= 1930 err=   0 errRate=  0.00% avg=   15.03 min=   12.62 max=   68.96 p50=   13.71 p95=   20.90 p99=   44.51 rps= 193.00
  controller.AnalyticsController.maxViewersSummary n= 1930 err=   0 errRate=  0.00% avg=   15.19 min=   12.71 max=   69.10 p50=   13.85 p95=   21.18 p99=   44.78 rps= 193.00
  s2s.crud.fetchAllTickets                      n= 1930 err=   0 errRate=  0.00% avg=   14.98 min=   12.59 max=   68.92 p50=   13.67 p95=   20.79 p99=   44.48 rps= 193.00
window 30s
  calc.additional.maxViewersSummary             n= 5880 err=   0 errRate=  0.00% avg=   14.78 min=   12.62 max=   76.00 p50=   13.86 p95=   18.61 p99=   32.99 rps= 196.00
  controller.AnalyticsController.maxViewersSummary n= 5880 err=   0 errRate=  0.00% avg=   14.96 min=   12.71 max=   76.53 p50=   14.01 p95=   19.00 p99=   33.38 rps= 196.00
  s2s.crud.fetchAllTickets                      n= 5880 err=   0 errRate=  0.00% avg=   14.67 min=   12.59 max=   68.92 p50=   13.81 p95=   18.47 p99=   31.67 rps= 196.00
  s2s.crud.fetchFilms                           n=    1 err=   0 errRate=  0.00% avg=   58.25 min=   58.25 max=   58.25 p50=   58.25 p95=   58.25 p99=   58.25 rps=   0.03
window 1m
  calc.additional.maxViewersSummary             n=13827 err=   0 errRate=  0.00% avg=   15.02 min=   12.62 max=  225.61 p50=   13.94 p95=   19.98 p99=   32.32 rps= 230.45
  controller.AnalyticsController.maxViewersSummary n=13827 err=   0 errRate=  0.00% avg=   15.20 min=   12.71 max=  225.70 p50=   14.11 p95=   20.28 p99=   32.41 rps= 230.45
  s2s.crud.fetchAllTickets                      n=13827 err=   0 errRate=  0.00% avg=   14.87 min=   12.59 max=  225.58 p50=   13.89 p95=   19.82 p99=   31.15 rps= 230.45
  s2s.crud.fetchFilms                           n=    2 err=   0 errRate=  0.00% avg=   58.19 min=   58.12 max=   58.25 p50=   58.19 p95=   58.24 p99=   58.25 rps=   0.03

2026-05-06T20:49:46.528Z  INFO 1 --- [lab8-additional-service] [   scheduling-1] r.h.l.a.o.ObservabilityService           : [lab8-additional-service] observability refresh
window 10s
  calc.additional.maxViewersSummary             n= 1920 err=   0 errRate=  0.00% avg=   15.02 min=   12.62 max=   68.96 p50=   13.69 p95=   20.91 p99=   44.52 rps= 192.00
  controller.AnalyticsController.maxViewersSummary n= 1920 err=   0 errRate=  0.00% avg=   15.17 min=   12.71 max=   69.10 p50=   13.82 p95=   21.22 p99=   44.80 rps= 192.00
  s2s.crud.fetchAllTickets                      n= 1920 err=   0 errRate=  0.00% avg=   14.98 min=   12.59 max=   68.92 p50=   13.66 p95=   20.88 p99=   44.49 rps= 192.00
window 30s
  calc.additional.maxViewersSummary             n= 5879 err=   0 errRate=  0.00% avg=   14.76 min=   12.62 max=   76.00 p50=   13.84 p95=   18.61 p99=   32.99 rps= 195.97
  controller.AnalyticsController.maxViewersSummary n= 5879 err=   0 errRate=  0.00% avg=   14.94 min=   12.71 max=   76.53 p50=   14.00 p95=   19.00 p99=   33.39 rps= 195.97
  s2s.crud.fetchAllTickets                      n= 5879 err=   0 errRate=  0.00% avg=   14.65 min=   12.59 max=   68.92 p50=   13.80 p95=   18.47 p99=   31.67 rps= 195.97
  s2s.crud.fetchFilms                           n=    1 err=   0 errRate=  0.00% avg=   58.25 min=   58.25 max=   58.25 p50=   58.25 p95=   58.25 p99=   58.25 rps=   0.03
window 1m
  calc.additional.maxViewersSummary             n=13627 err=   0 errRate=  0.00% avg=   15.00 min=   12.62 max=  225.61 p50=   13.93 p95=   19.94 p99=   32.41 rps= 227.12
  controller.AnalyticsController.maxViewersSummary n=13627 err=   0 errRate=  0.00% avg=   15.18 min=   12.71 max=  225.70 p50=   14.10 p95=   20.24 p99=   32.57 rps= 227.12
  s2s.crud.fetchAllTickets                      n=13627 err=   0 errRate=  0.00% avg=   14.85 min=   12.59 max=  225.58 p50=   13.88 p95=   19.75 p99=   31.17 rps= 227.12
  s2s.crud.fetchFilms                           n=    2 err=   0 errRate=  0.00% avg=   58.19 min=   58.12 max=   58.25 p50=   58.19 p95=   58.24 p99=   58.25 rps=   0.03

2026-05-06T20:49:47.542Z  INFO 1 --- [lab8-additional-service] [   scheduling-1] r.h.l.a.o.ObservabilityService           : [lab8-additional-service] observability refresh
window 10s
  calc.additional.maxViewersSummary             n= 1913 err=   0 errRate=  0.00% avg=   14.95 min=   12.62 max=   68.96 p50=   13.68 p95=   20.04 p99=   44.53 rps= 191.30
  controller.AnalyticsController.maxViewersSummary n= 1913 err=   0 errRate=  0.00% avg=   15.10 min=   12.71 max=   69.10 p50=   13.80 p95=   20.18 p99=   44.81 rps= 191.30
  s2s.crud.fetchAllTickets                      n= 1913 err=   0 errRate=  0.00% avg=   14.90 min=   12.59 max=   68.92 p50=   13.64 p95=   19.92 p99=   44.50 rps= 191.30
window 30s
  calc.additional.maxViewersSummary             n= 5887 err=   0 errRate=  0.00% avg=   14.74 min=   12.62 max=   76.00 p50=   13.83 p95=   18.56 p99=   32.97 rps= 196.23
  controller.AnalyticsController.maxViewersSummary n= 5887 err=   0 errRate=  0.00% avg=   14.92 min=   12.71 max=   76.53 p50=   13.99 p95=   18.91 p99=   33.36 rps= 196.23
  s2s.crud.fetchAllTickets                      n= 5887 err=   0 errRate=  0.00% avg=   14.63 min=   12.59 max=   68.92 p50=   13.79 p95=   18.42 p99=   31.66 rps= 196.23
  s2s.crud.fetchFilms                           n=    1 err=   0 errRate=  0.00% avg=   58.25 min=   58.25 max=   58.25 p50=   58.25 p95=   58.25 p99=   58.25 rps=   0.03
window 1m
  calc.additional.maxViewersSummary             n=13437 err=   0 errRate=  0.00% avg=   14.98 min=   12.62 max=  225.61 p50=   13.91 p95=   19.94 p99=   32.54 rps= 223.95
  controller.AnalyticsController.maxViewersSummary n=13437 err=   0 errRate=  0.00% avg=   15.17 min=   12.71 max=  225.70 p50=   14.07 p95=   20.24 p99=   32.72 rps= 223.95
  s2s.crud.fetchAllTickets                      n=13437 err=   0 errRate=  0.00% avg=   14.84 min=   12.59 max=  225.58 p50=   13.87 p95=   19.75 p99=   31.48 rps= 223.95
  s2s.crud.fetchFilms                           n=    2 err=   0 errRate=  0.00% avg=   58.19 min=   58.12 max=   58.25 p50=   58.19 p95=   58.24 p99=   58.25 rps=   0.03

2026-05-06T20:49:48.555Z  INFO 1 --- [lab8-additional-service] [   scheduling-1] r.h.l.a.o.ObservabilityService           : [lab8-additional-service] observability refresh
window 10s
  calc.additional.maxViewersSummary             n= 1919 err=   0 errRate=  0.00% avg=   14.87 min=   12.72 max=   68.96 p50=   13.66 p95=   19.58 p99=   44.52 rps= 191.90
  controller.AnalyticsController.maxViewersSummary n= 1919 err=   0 errRate=  0.00% avg=   15.01 min=   12.80 max=   69.10 p50=   13.78 p95=   19.76 p99=   44.80 rps= 191.90
  s2s.crud.fetchAllTickets                      n= 1919 err=   0 errRate=  0.00% avg=   14.83 min=   12.68 max=   68.92 p50=   13.63 p95=   19.41 p99=   44.49 rps= 191.90
window 30s
  calc.additional.maxViewersSummary             n= 5904 err=   0 errRate=  0.00% avg=   14.74 min=   12.62 max=   76.00 p50=   13.82 p95=   18.58 p99=   32.92 rps= 196.80
  controller.AnalyticsController.maxViewersSummary n= 5904 err=   0 errRate=  0.00% avg=   14.91 min=   12.71 max=   76.53 p50=   13.97 p95=   18.96 p99=   33.29 rps= 196.80
  s2s.crud.fetchAllTickets                      n= 5904 err=   0 errRate=  0.00% avg=   14.63 min=   12.59 max=   68.92 p50=   13.78 p95=   18.47 p99=   31.63 rps= 196.80
  s2s.crud.fetchFilms                           n=    1 err=   0 errRate=  0.00% avg=   58.25 min=   58.25 max=   58.25 p50=   58.25 p95=   58.25 p99=   58.25 rps=   0.03
window 1m
  calc.additional.maxViewersSummary             n=13259 err=   0 errRate=  0.00% avg=   14.95 min=   12.62 max=  225.61 p50=   13.90 p95=   19.75 p99=   32.69 rps= 220.98
  controller.AnalyticsController.maxViewersSummary n=13260 err=   0 errRate=  0.00% avg=   15.13 min=   12.71 max=  225.70 p50=   14.06 p95=   20.10 p99=   32.82 rps= 221.00
  s2s.crud.fetchAllTickets                      n=13259 err=   0 errRate=  0.00% avg=   14.80 min=   12.59 max=  225.58 p50=   13.85 p95=   19.55 p99=   31.59 rps= 220.98
  s2s.crud.fetchFilms                           n=    2 err=   0 errRate=  0.00% avg=   58.19 min=   58.12 max=   58.25 p50=   58.19 p95=   58.24 p99=   58.25 rps=   0.03

2026-05-06T20:49:49.565Z  INFO 1 --- [lab8-additional-service] [   scheduling-1] r.h.l.a.o.ObservabilityService           : [lab8-additional-service] observability refresh
window 10s
  calc.additional.maxViewersSummary             n= 1858 err=   0 errRate=  0.00% avg=   15.78 min=   12.73 max=   68.96 p50=   13.72 p95=   28.90 p99=   45.06 rps= 185.80
  controller.AnalyticsController.maxViewersSummary n= 1858 err=   0 errRate=  0.00% avg=   15.91 min=   12.81 max=   69.10 p50=   13.85 p95=   29.11 p99=   45.22 rps= 185.80
  s2s.crud.fetchAllTickets                      n= 1858 err=   0 errRate=  0.00% avg=   15.73 min=   12.70 max=   68.92 p50=   13.69 p95=   28.80 p99=   45.03 rps= 185.80
window 30s
  calc.additional.maxViewersSummary             n= 5873 err=   0 errRate=  0.00% avg=   14.99 min=   12.62 max=   76.00 p50=   13.84 p95=   20.53 p99=   36.83 rps= 195.77
  controller.AnalyticsController.maxViewersSummary n= 5873 err=   0 errRate=  0.00% avg=   15.16 min=   12.71 max=   76.53 p50=   13.98 p95=   21.00 p99=   37.47 rps= 195.77
  s2s.crud.fetchAllTickets                      n= 5873 err=   0 errRate=  0.00% avg=   14.88 min=   12.59 max=   68.92 p50=   13.79 p95=   20.34 p99=   34.81 rps= 195.77
  s2s.crud.fetchFilms                           n=    1 err=   0 errRate=  0.00% avg=   58.25 min=   58.25 max=   58.25 p50=   58.25 p95=   58.25 p99=   58.25 rps=   0.03
window 1m
  calc.additional.maxViewersSummary             n=13029 err=   0 errRate=  0.00% avg=   15.06 min=   12.62 max=  225.61 p50=   13.90 p95=   20.52 p99=   34.33 rps= 217.15
  controller.AnalyticsController.maxViewersSummary n=13030 err=   0 errRate=  0.00% avg=   15.24 min=   12.71 max=  225.70 p50=   14.06 p95=   20.96 p99=   34.58 rps= 217.17
  s2s.crud.fetchAllTickets                      n=13029 err=   0 errRate=  0.00% avg=   14.92 min=   12.59 max=  225.58 p50=   13.85 p95=   20.37 p99=   33.16 rps= 217.15
  s2s.crud.fetchFilms                           n=    2 err=   0 errRate=  0.00% avg=   58.19 min=   58.12 max=   58.25 p50=   58.19 p95=   58.24 p99=   58.25 rps=   0.03

2026-05-06T20:49:49.999Z  INFO 1 --- [lab8-additional-service] [   scheduling-1] r.h.l.a.service.FilmCacheService         : film-cache stats: size=310 ttlMs=30000 lastRefreshAtMs=1778100566860 hits=33626 misses=5 refreshes=5
2026-05-06T20:49:50.575Z  INFO 1 --- [lab8-additional-service] [   scheduling-1] r.h.l.a.o.ObservabilityService           : [lab8-additional-service] observability refresh
window 10s
  calc.additional.maxViewersSummary             n= 1854 err=   0 errRate=  0.00% avg=   15.92 min=   12.73 max=   68.96 p50=   13.75 p95=   29.81 p99=   45.10 rps= 185.40
  controller.AnalyticsController.maxViewersSummary n= 1854 err=   0 errRate=  0.00% avg=   16.06 min=   12.81 max=   69.10 p50=   13.88 p95=   29.99 p99=   45.26 rps= 185.40
  s2s.crud.fetchAllTickets                      n= 1854 err=   0 errRate=  0.00% avg=   15.88 min=   12.70 max=   68.92 p50=   13.71 p95=   29.78 p99=   45.07 rps= 185.40
window 30s
  calc.additional.maxViewersSummary             n= 5861 err=   0 errRate=  0.00% avg=   15.04 min=   12.62 max=   76.00 p50=   13.83 p95=   21.03 p99=   37.68 rps= 195.37
  controller.AnalyticsController.maxViewersSummary n= 5861 err=   0 errRate=  0.00% avg=   15.21 min=   12.71 max=   76.53 p50=   13.98 p95=   21.41 p99=   37.91 rps= 195.37
  s2s.crud.fetchAllTickets                      n= 5861 err=   0 errRate=  0.00% avg=   14.93 min=   12.59 max=   68.92 p50=   13.79 p95=   20.88 p99=   36.45 rps= 195.37
  s2s.crud.fetchFilms                           n=    1 err=   0 errRate=  0.00% avg=   58.25 min=   58.25 max=   58.25 p50=   58.25 p95=   58.25 p99=   58.25 rps=   0.03
window 1m
  calc.additional.maxViewersSummary             n=12843 err=   0 errRate=  0.00% avg=   15.02 min=   12.62 max=  225.61 p50=   13.89 p95=   20.27 p99=   34.72 rps= 214.05
  controller.AnalyticsController.maxViewersSummary n=12843 err=   0 errRate=  0.00% avg=   15.20 min=   12.71 max=  225.70 p50=   14.04 p95=   20.65 p99=   34.95 rps= 214.05
  s2s.crud.fetchAllTickets                      n=12843 err=   0 errRate=  0.00% avg=   14.87 min=   12.59 max=  225.58 p50=   13.84 p95=   20.05 p99=   33.15 rps= 214.05
  s2s.crud.fetchFilms                           n=    2 err=   0 errRate=  0.00% avg=   58.19 min=   58.12 max=   58.25 p50=   58.19 p95=   58.24 p99=   58.25 rps=   0.03

2026-05-06T20:49:51.588Z  INFO 1 --- [lab8-additional-service] [   scheduling-1] r.h.l.a.o.ObservabilityService           : [lab8-additional-service] observability refresh
window 10s
  calc.additional.maxViewersSummary             n= 1873 err=   0 errRate=  0.00% avg=   15.92 min=   12.74 max=   68.96 p50=   13.79 p95=   29.76 p99=   44.90 rps= 187.30
  controller.AnalyticsController.maxViewersSummary n= 1873 err=   0 errRate=  0.00% avg=   16.06 min=   12.82 max=   69.10 p50=   13.92 p95=   29.92 p99=   45.08 rps= 187.30
  s2s.crud.fetchAllTickets                      n= 1873 err=   0 errRate=  0.00% avg=   15.88 min=   12.71 max=   68.92 p50=   13.75 p95=   29.72 p99=   44.87 rps= 187.30
window 30s
  calc.additional.maxViewersSummary             n= 5884 err=   0 errRate=  0.00% avg=   15.01 min=   12.62 max=   76.00 p50=   13.82 p95=   20.91 p99=   37.66 rps= 196.13
  controller.AnalyticsController.maxViewersSummary n= 5884 err=   0 errRate=  0.00% avg=   15.17 min=   12.71 max=   76.53 p50=   13.97 p95=   21.26 p99=   37.90 rps= 196.13
  s2s.crud.fetchAllTickets                      n= 5884 err=   0 errRate=  0.00% avg=   14.90 min=   12.59 max=   68.92 p50=   13.78 p95=   20.66 p99=   36.43 rps= 196.13
  s2s.crud.fetchFilms                           n=    1 err=   0 errRate=  0.00% avg=   58.25 min=   58.25 max=   58.25 p50=   58.25 p95=   58.25 p99=   58.25 rps=   0.03
window 1m
  calc.additional.maxViewersSummary             n=12649 err=   0 errRate=  0.00% avg=   15.03 min=   12.62 max=  225.61 p50=   13.89 p95=   20.35 p99=   34.85 rps= 210.82
  controller.AnalyticsController.maxViewersSummary n=12649 err=   0 errRate=  0.00% avg=   15.21 min=   12.71 max=  225.70 p50=   14.04 p95=   20.75 p99=   35.01 rps= 210.82
  s2s.crud.fetchAllTickets                      n=12649 err=   0 errRate=  0.00% avg=   14.88 min=   12.59 max=  225.58 p50=   13.84 p95=   20.21 p99=   33.31 rps= 210.82
  s2s.crud.fetchFilms                           n=    2 err=   0 errRate=  0.00% avg=   58.19 min=   58.12 max=   58.25 p50=   58.19 p95=   58.24 p99=   58.25 rps=   0.03

2026-05-06T20:49:52.597Z  INFO 1 --- [lab8-additional-service] [   scheduling-1] r.h.l.a.o.ObservabilityService           : [lab8-additional-service] observability refresh
window 10s
  calc.additional.maxViewersSummary             n= 1871 err=   0 errRate=  0.00% avg=   16.24 min=   12.74 max=   68.96 p50=   13.84 p95=   30.92 p99=   44.92 rps= 187.10
  controller.AnalyticsController.maxViewersSummary n= 1871 err=   0 errRate=  0.00% avg=   16.38 min=   12.82 max=   69.10 p50=   13.96 p95=   31.15 p99=   45.10 rps= 187.10
  s2s.crud.fetchAllTickets                      n= 1871 err=   0 errRate=  0.00% avg=   16.20 min=   12.71 max=   68.92 p50=   13.80 p95=   30.75 p99=   44.89 rps= 187.10
window 30s
  calc.additional.maxViewersSummary             n= 5858 err=   0 errRate=  0.00% avg=   15.11 min=   12.62 max=   76.00 p50=   13.83 p95=   21.84 p99=   38.04 rps= 195.27
  controller.AnalyticsController.maxViewersSummary n= 5859 err=   0 errRate=  0.00% avg=   15.28 min=   12.71 max=   76.53 p50=   13.97 p95=   22.19 p99=   38.12 rps= 195.30
  s2s.crud.fetchAllTickets                      n= 5858 err=   0 errRate=  0.00% avg=   15.00 min=   12.59 max=   68.92 p50=   13.78 p95=   21.64 p99=   37.36 rps= 195.27
  s2s.crud.fetchFilms                           n=    1 err=   0 errRate=  0.00% avg=   58.25 min=   58.25 max=   58.25 p50=   58.25 p95=   58.25 p99=   58.25 rps=   0.03
window 1m
  calc.additional.maxViewersSummary             n=12468 err=   0 errRate=  0.00% avg=   15.01 min=   12.62 max=  225.61 p50=   13.88 p95=   20.12 p99=   35.49 rps= 207.80
  controller.AnalyticsController.maxViewersSummary n=12468 err=   0 errRate=  0.00% avg=   15.19 min=   12.71 max=  225.70 p50=   14.03 p95=   20.51 p99=   35.74 rps= 207.80
  s2s.crud.fetchAllTickets                      n=12468 err=   0 errRate=  0.00% avg=   14.86 min=   12.59 max=  225.58 p50=   13.83 p95=   19.98 p99=   33.62 rps= 207.80
  s2s.crud.fetchFilms                           n=    2 err=   0 errRate=  0.00% avg=   58.19 min=   58.12 max=   58.25 p50=   58.19 p95=   58.24 p99=   58.25 rps=   0.03

2026-05-06T20:49:53.610Z  INFO 1 --- [lab8-additional-service] [   scheduling-1] r.h.l.a.o.ObservabilityService           : [lab8-additional-service] observability refresh
window 10s
  calc.additional.maxViewersSummary             n= 1865 err=   0 errRate=  0.00% avg=   16.11 min=   12.74 max=   68.96 p50=   13.84 p95=   30.27 p99=   44.99 rps= 186.50
  controller.AnalyticsController.maxViewersSummary n= 1865 err=   0 errRate=  0.00% avg=   16.24 min=   12.82 max=   69.10 p50=   13.97 p95=   30.44 p99=   45.16 rps= 186.50
  s2s.crud.fetchAllTickets                      n= 1865 err=   0 errRate=  0.00% avg=   16.07 min=   12.71 max=   68.92 p50=   13.81 p95=   30.23 p99=   44.95 rps= 186.50
window 30s
  calc.additional.maxViewersSummary             n= 5835 err=   0 errRate=  0.00% avg=   15.12 min=   12.62 max=   76.00 p50=   13.82 p95=   21.90 p99=   38.10 rps= 194.50
  controller.AnalyticsController.maxViewersSummary n= 5835 err=   0 errRate=  0.00% avg=   15.29 min=   12.71 max=   76.53 p50=   13.97 p95=   22.23 p99=   38.18 rps= 194.50
  s2s.crud.fetchAllTickets                      n= 5835 err=   0 errRate=  0.00% avg=   15.01 min=   12.59 max=   68.92 p50=   13.78 p95=   21.67 p99=   37.43 rps= 194.50
  s2s.crud.fetchFilms                           n=    1 err=   0 errRate=  0.00% avg=   58.25 min=   58.25 max=   58.25 p50=   58.25 p95=   58.25 p99=   58.25 rps=   0.03
window 1m
  calc.additional.maxViewersSummary             n=12248 err=   0 errRate=  0.00% avg=   14.99 min=   12.62 max=  225.61 p50=   13.87 p95=   20.05 p99=   35.51 rps= 204.13
  controller.AnalyticsController.maxViewersSummary n=12248 err=   0 errRate=  0.00% avg=   15.17 min=   12.71 max=  225.70 p50=   14.02 p95=   20.45 p99=   35.74 rps= 204.13
  s2s.crud.fetchAllTickets                      n=12248 err=   0 errRate=  0.00% avg=   14.84 min=   12.59 max=  225.58 p50=   13.82 p95=   19.94 p99=   33.59 rps= 204.13
  s2s.crud.fetchFilms                           n=    2 err=   0 errRate=  0.00% avg=   58.19 min=   58.12 max=   58.25 p50=   58.19 p95=   58.24 p99=   58.25 rps=   0.03

2026-05-06T20:49:54.620Z  INFO 1 --- [lab8-additional-service] [   scheduling-1] r.h.l.a.o.ObservabilityService           : [lab8-additional-service] observability refresh
window 10s
  calc.additional.maxViewersSummary             n= 1893 err=   0 errRate=  0.00% avg=   15.70 min=   12.74 max=   58.63 p50=   13.83 p95=   29.30 p99=   38.21 rps= 189.30
  controller.AnalyticsController.maxViewersSummary n= 1893 err=   0 errRate=  0.00% avg=   15.83 min=   12.82 max=   58.81 p50=   13.95 p95=   29.42 p99=   38.29 rps= 189.30
  s2s.crud.fetchAllTickets                      n= 1893 err=   0 errRate=  0.00% avg=   15.66 min=   12.71 max=   58.59 p50=   13.79 p95=   29.27 p99=   38.18 rps= 189.30
window 30s
  calc.additional.maxViewersSummary             n= 5819 err=   0 errRate=  0.00% avg=   15.20 min=   12.62 max=   76.00 p50=   13.83 p95=   22.88 p99=   38.88 rps= 193.97
  controller.AnalyticsController.maxViewersSummary n= 5819 err=   0 errRate=  0.00% avg=   15.37 min=   12.71 max=   76.53 p50=   13.97 p95=   23.15 p99=   38.98 rps= 193.97
  s2s.crud.fetchAllTickets                      n= 5819 err=   0 errRate=  0.00% avg=   15.10 min=   12.59 max=   68.92 p50=   13.79 p95=   22.56 p99=   37.89 rps= 193.97
  s2s.crud.fetchFilms                           n=    1 err=   0 errRate=  0.00% avg=   58.25 min=   58.25 max=   58.25 p50=   58.25 p95=   58.25 p99=   58.25 rps=   0.03
window 1m
  calc.additional.maxViewersSummary             n=12040 err=   0 errRate=  0.00% avg=   15.01 min=   12.62 max=  225.61 p50=   13.86 p95=   20.05 p99=   36.04 rps= 200.67
  controller.AnalyticsController.maxViewersSummary n=12040 err=   0 errRate=  0.00% avg=   15.19 min=   12.71 max=  225.70 p50=   14.01 p95=   20.47 p99=   36.20 rps= 200.67
  s2s.crud.fetchAllTickets                      n=12040 err=   0 errRate=  0.00% avg=   14.86 min=   12.59 max=  225.58 p50=   13.82 p95=   19.91 p99=   34.34 rps= 200.67
  s2s.crud.fetchFilms                           n=    2 err=   0 errRate=  0.00% avg=   58.19 min=   58.12 max=   58.25 p50=   58.19 p95=   58.24 p99=   58.25 rps=   0.03

2026-05-06T20:49:55.630Z  INFO 1 --- [lab8-additional-service] [   scheduling-1] r.h.l.a.o.ObservabilityService           : [lab8-additional-service] observability refresh
window 10s
  calc.additional.maxViewersSummary             n= 1909 err=   0 errRate=  0.00% avg=   15.73 min=   12.74 max=   58.63 p50=   13.80 p95=   29.78 p99=   39.65 rps= 190.90
  controller.AnalyticsController.maxViewersSummary n= 1909 err=   0 errRate=  0.00% avg=   15.86 min=   12.82 max=   58.81 p50=   13.93 p95=   29.93 p99=   39.75 rps= 190.90
  s2s.crud.fetchAllTickets                      n= 1909 err=   0 errRate=  0.00% avg=   15.69 min=   12.71 max=   58.59 p50=   13.76 p95=   29.74 p99=   39.62 rps= 190.90
window 30s
  calc.additional.maxViewersSummary             n= 5811 err=   0 errRate=  0.00% avg=   15.25 min=   12.62 max=   76.00 p50=   13.82 p95=   23.52 p99=   40.15 rps= 193.70
  controller.AnalyticsController.maxViewersSummary n= 5811 err=   0 errRate=  0.00% avg=   15.41 min=   12.71 max=   76.53 p50=   13.96 p95=   23.91 p99=   40.25 rps= 193.70
  s2s.crud.fetchAllTickets                      n= 5811 err=   0 errRate=  0.00% avg=   15.14 min=   12.59 max=   68.92 p50=   13.78 p95=   23.11 p99=   38.60 rps= 193.70
  s2s.crud.fetchFilms                           n=    1 err=   0 errRate=  0.00% avg=   58.25 min=   58.25 max=   58.25 p50=   58.25 p95=   58.25 p99=   58.25 rps=   0.03
window 1m
  calc.additional.maxViewersSummary             n=11845 err=   0 errRate=  0.00% avg=   14.97 min=   12.62 max=  225.61 p50=   13.85 p95=   19.79 p99=   36.04 rps= 197.42
  controller.AnalyticsController.maxViewersSummary n=11845 err=   0 errRate=  0.00% avg=   15.14 min=   12.71 max=  225.70 p50=   14.00 p95=   20.15 p99=   36.19 rps= 197.42
  s2s.crud.fetchAllTickets                      n=11845 err=   0 errRate=  0.00% avg=   14.81 min=   12.59 max=  225.58 p50=   13.81 p95=   19.56 p99=   34.33 rps= 197.42
  s2s.crud.fetchFilms                           n=    2 err=   0 errRate=  0.00% avg=   58.19 min=   58.12 max=   58.25 p50=   58.19 p95=   58.24 p99=   58.25 rps=   0.03

2026-05-06T20:49:56.639Z  INFO 1 --- [lab8-additional-service] [   scheduling-1] r.h.l.a.o.ObservabilityService           : [lab8-additional-service] observability refresh
window 10s
  calc.additional.maxViewersSummary             n= 1903 err=   0 errRate=  0.00% avg=   16.53 min=   12.74 max=   79.80 p50=   13.86 p95=   33.18 p99=   45.22 rps= 190.30
  controller.AnalyticsController.maxViewersSummary n= 1903 err=   0 errRate=  0.00% avg=   16.66 min=   12.82 max=   79.98 p50=   13.99 p95=   33.43 p99=   45.62 rps= 190.30
  s2s.crud.fetchAllTickets                      n= 1903 err=   0 errRate=  0.00% avg=   16.49 min=   12.71 max=   79.77 p50=   13.82 p95=   33.15 p99=   44.83 rps= 190.30
window 30s
  calc.additional.maxViewersSummary             n= 5802 err=   0 errRate=  0.00% avg=   15.49 min=   12.62 max=   79.80 p50=   13.82 p95=   26.18 p99=   43.12 rps= 193.40
  controller.AnalyticsController.maxViewersSummary n= 5802 err=   0 errRate=  0.00% avg=   15.65 min=   12.71 max=   79.98 p50=   13.96 p95=   26.42 p99=   43.30 rps= 193.40
  s2s.crud.fetchAllTickets                      n= 5802 err=   0 errRate=  0.00% avg=   15.38 min=   12.59 max=   79.77 p50=   13.78 p95=   25.74 p99=   40.91 rps= 193.40
  s2s.crud.fetchFilms                           n=    1 err=   0 errRate=  0.00% avg=   58.25 min=   58.25 max=   58.25 p50=   58.25 p95=   58.25 p99=   58.25 rps=   0.03
window 1m
  calc.additional.maxViewersSummary             n=11689 err=   0 errRate=  0.00% avg=   15.09 min=   12.62 max=  225.61 p50=   13.85 p95=   20.52 p99=   37.92 rps= 194.82
  controller.AnalyticsController.maxViewersSummary n=11689 err=   0 errRate=  0.00% avg=   15.26 min=   12.71 max=  225.70 p50=   14.00 p95=   20.96 p99=   38.01 rps= 194.82
  s2s.crud.fetchAllTickets                      n=11689 err=   0 errRate=  0.00% avg=   14.93 min=   12.59 max=  225.58 p50=   13.80 p95=   20.33 p99=   35.98 rps= 194.82
  s2s.crud.fetchFilms                           n=    2 err=   0 errRate=  0.00% avg=   58.19 min=   58.12 max=   58.25 p50=   58.19 p95=   58.24 p99=   58.25 rps=   0.03

2026-05-06T20:49:57.650Z  INFO 1 --- [lab8-additional-service] [   scheduling-1] r.h.l.a.o.ObservabilityService           : [lab8-additional-service] observability refresh
window 10s
  calc.additional.maxViewersSummary             n= 1860 err=   0 errRate=  0.00% avg=   17.43 min=   12.66 max=   82.95 p50=   13.93 p95=   35.48 p99=   55.39 rps= 186.00
  controller.AnalyticsController.maxViewersSummary n= 1860 err=   0 errRate=  0.00% avg=   17.57 min=   12.82 max=   83.22 p50=   14.08 p95=   35.78 p99=   55.60 rps= 186.00
  s2s.crud.fetchAllTickets                      n= 1860 err=   0 errRate=  0.00% avg=   17.28 min=   12.61 max=   82.92 p50=   13.89 p95=   35.23 p99=   55.33 rps= 186.00
  s2s.crud.fetchFilms                           n=    1 err=   0 errRate=  0.00% avg=   38.23 min=   38.23 max=   38.23 p50=   38.23 p95=   38.23 p99=   38.23 rps=   0.10
window 30s
  calc.additional.maxViewersSummary             n= 5778 err=   0 errRate=  0.00% avg=   15.68 min=   12.62 max=   82.95 p50=   13.82 p95=   27.87 p99=   47.11 rps= 192.60
  controller.AnalyticsController.maxViewersSummary n= 5778 err=   0 errRate=  0.00% avg=   15.83 min=   12.71 max=   83.22 p50=   13.95 p95=   28.03 p99=   47.47 rps= 192.60
  s2s.crud.fetchAllTickets                      n= 5778 err=   0 errRate=  0.00% avg=   15.60 min=   12.59 max=   82.92 p50=   13.78 p95=   27.55 p99=   45.91 rps= 192.60
  s2s.crud.fetchFilms                           n=    1 err=   0 errRate=  0.00% avg=   38.23 min=   38.23 max=   38.23 p50=   38.23 p95=   38.23 p99=   38.23 rps=   0.03
window 1m
  calc.additional.maxViewersSummary             n=11691 err=   0 errRate=  0.00% avg=   15.12 min=   12.62 max=  225.61 p50=   13.85 p95=   21.08 p99=   38.76 rps= 194.85
  controller.AnalyticsController.maxViewersSummary n=11691 err=   0 errRate=  0.00% avg=   15.30 min=   12.71 max=  225.70 p50=   14.00 p95=   21.45 p99=   39.02 rps= 194.85
  s2s.crud.fetchAllTickets                      n=11691 err=   0 errRate=  0.00% avg=   15.03 min=   12.59 max=  225.58 p50=   13.81 p95=   20.88 p99=   37.89 rps= 194.85
  s2s.crud.fetchFilms                           n=    2 err=   0 errRate=  0.00% avg=   48.24 min=   38.23 max=   58.25 p50=   48.24 p95=   57.25 p99=   58.05 rps=   0.03

2026-05-06T20:49:58.660Z  INFO 1 --- [lab8-additional-service] [   scheduling-1] r.h.l.a.o.ObservabilityService           : [lab8-additional-service] observability refresh
window 10s
  calc.additional.maxViewersSummary             n= 1822 err=   0 errRate=  0.00% avg=   19.47 min=   12.66 max=  305.55 p50=   14.04 p95=   41.48 p99=   94.84 rps= 182.20
  controller.AnalyticsController.maxViewersSummary n= 1822 err=   0 errRate=  0.00% avg=   19.62 min=   12.82 max=  305.66 p50=   14.17 p95=   41.58 p99=   95.19 rps= 182.20
  s2s.crud.fetchAllTickets                      n= 1822 err=   0 errRate=  0.00% avg=   19.32 min=   12.61 max=  305.50 p50=   13.99 p95=   40.34 p99=   94.80 rps= 182.20
  s2s.crud.fetchFilms                           n=    1 err=   0 errRate=  0.00% avg=   38.23 min=   38.23 max=   38.23 p50=   38.23 p95=   38.23 p99=   38.23 rps=   0.10
window 30s
  calc.additional.maxViewersSummary             n= 5730 err=   0 errRate=  0.00% avg=   16.30 min=   12.62 max=  305.55 p50=   13.83 p95=   30.17 p99=   55.15 rps= 191.00
  controller.AnalyticsController.maxViewersSummary n= 5730 err=   0 errRate=  0.00% avg=   16.46 min=   12.71 max=  305.66 p50=   13.96 p95=   30.34 p99=   55.33 rps= 191.00
  s2s.crud.fetchAllTickets                      n= 5730 err=   0 errRate=  0.00% avg=   16.22 min=   12.59 max=  305.50 p50=   13.78 p95=   30.02 p99=   55.11 rps= 191.00
  s2s.crud.fetchFilms                           n=    1 err=   0 errRate=  0.00% avg=   38.23 min=   38.23 max=   38.23 p50=   38.23 p95=   38.23 p99=   38.23 rps=   0.03
window 1m
  calc.additional.maxViewersSummary             n=11655 err=   0 errRate=  0.00% avg=   15.41 min=   12.62 max=  305.55 p50=   13.85 p95=   22.46 p99=   43.35 rps= 194.25
  controller.AnalyticsController.maxViewersSummary n=11656 err=   0 errRate=  0.00% avg=   15.59 min=   12.71 max=  305.66 p50=   14.01 p95=   22.81 p99=   43.62 rps= 194.27
  s2s.crud.fetchAllTickets                      n=11655 err=   0 errRate=  0.00% avg=   15.32 min=   12.59 max=  305.50 p50=   13.81 p95=   22.13 p99=   42.23 rps= 194.25
  s2s.crud.fetchFilms                           n=    2 err=   0 errRate=  0.00% avg=   48.24 min=   38.23 max=   58.25 p50=   48.24 p95=   57.25 p99=   58.05 rps=   0.03

2026-05-06T20:49:59.671Z  INFO 1 --- [lab8-additional-service] [   scheduling-1] r.h.l.a.o.ObservabilityService           : [lab8-additional-service] observability refresh
window 10s
  calc.additional.maxViewersSummary             n= 1838 err=   0 errRate=  0.00% avg=   19.29 min=   12.66 max=  305.55 p50=   13.98 p95=   43.58 p99=   94.09 rps= 183.80
  controller.AnalyticsController.maxViewersSummary n= 1838 err=   0 errRate=  0.00% avg=   19.44 min=   12.83 max=  305.66 p50=   14.12 p95=   43.92 p99=   94.46 rps= 183.80
  s2s.crud.fetchAllTickets                      n= 1838 err=   0 errRate=  0.00% avg=   19.13 min=   12.61 max=  305.50 p50=   13.94 p95=   43.12 p99=   94.05 rps= 183.80
  s2s.crud.fetchFilms                           n=    1 err=   0 errRate=  0.00% avg=   38.23 min=   38.23 max=   38.23 p50=   38.23 p95=   38.23 p99=   38.23 rps=   0.10
window 30s
  calc.additional.maxViewersSummary             n= 5724 err=   0 errRate=  0.00% avg=   16.46 min=   12.62 max=  305.55 p50=   13.83 p95=   31.15 p99=   55.85 rps= 190.80
  controller.AnalyticsController.maxViewersSummary n= 5724 err=   0 errRate=  0.00% avg=   16.61 min=   12.71 max=  305.66 p50=   13.96 p95=   31.45 p99=   56.09 rps= 190.80
  s2s.crud.fetchAllTickets                      n= 5724 err=   0 errRate=  0.00% avg=   16.38 min=   12.59 max=  305.50 p50=   13.79 p95=   30.81 p99=   55.80 rps= 190.80
  s2s.crud.fetchFilms                           n=    1 err=   0 errRate=  0.00% avg=   38.23 min=   38.23 max=   38.23 p50=   38.23 p95=   38.23 p99=   38.23 rps=   0.03
window 1m
  calc.additional.maxViewersSummary             n=11656 err=   0 errRate=  0.00% avg=   15.48 min=   12.62 max=  305.55 p50=   13.86 p95=   22.91 p99=   44.42 rps= 194.27
  controller.AnalyticsController.maxViewersSummary n=11656 err=   0 errRate=  0.00% avg=   15.65 min=   12.71 max=  305.66 p50=   14.01 p95=   23.35 p99=   44.55 rps= 194.27
  s2s.crud.fetchAllTickets                      n=11656 err=   0 errRate=  0.00% avg=   15.38 min=   12.59 max=  305.50 p50=   13.81 p95=   22.57 p99=   43.18 rps= 194.27
  s2s.crud.fetchFilms                           n=    2 err=   0 errRate=  0.00% avg=   48.24 min=   38.23 max=   58.25 p50=   48.24 p95=   57.25 p99=   58.05 rps=   0.03

2026-05-06T20:49:59.998Z  INFO 1 --- [lab8-additional-service] [   scheduling-1] r.h.l.a.service.FilmCacheService         : film-cache stats: size=310 ttlMs=30000 lastRefreshAtMs=1778100596882 hits=35470 misses=6 refreshes=6
2026-05-06T20:50:00.680Z  INFO 1 --- [lab8-additional-service] [   scheduling-1] r.h.l.a.o.ObservabilityService           : [lab8-additional-service] observability refresh
window 10s
  calc.additional.maxViewersSummary             n= 1841 err=   0 errRate=  0.00% avg=   19.74 min=   12.66 max=  305.55 p50=   14.01 p95=   48.45 p99=   94.71 rps= 184.10
  controller.AnalyticsController.maxViewersSummary n= 1841 err=   0 errRate=  0.00% avg=   19.90 min=   12.83 max=  305.66 p50=   14.15 p95=   49.03 p99=   95.24 rps= 184.10
  s2s.crud.fetchAllTickets                      n= 1841 err=   0 errRate=  0.00% avg=   19.59 min=   12.61 max=  305.50 p50=   13.97 p95=   46.96 p99=   94.68 rps= 184.10
  s2s.crud.fetchFilms                           n=    1 err=   0 errRate=  0.00% avg=   38.23 min=   38.23 max=   38.23 p50=   38.23 p95=   38.23 p99=   38.23 rps=   0.10
window 30s
  calc.additional.maxViewersSummary             n= 5726 err=   0 errRate=  0.00% avg=   16.65 min=   12.62 max=  305.55 p50=   13.83 p95=   32.86 p99=   58.85 rps= 190.87
  controller.AnalyticsController.maxViewersSummary n= 5726 err=   0 errRate=  0.00% avg=   16.81 min=   12.71 max=  305.66 p50=   13.96 p95=   33.14 p99=   59.00 rps= 190.87
  s2s.crud.fetchAllTickets                      n= 5726 err=   0 errRate=  0.00% avg=   16.57 min=   12.59 max=  305.50 p50=   13.79 p95=   32.35 p99=   58.81 rps= 190.87
  s2s.crud.fetchFilms                           n=    1 err=   0 errRate=  0.00% avg=   38.23 min=   38.23 max=   38.23 p50=   38.23 p95=   38.23 p99=   38.23 rps=   0.03
window 1m
  calc.additional.maxViewersSummary             n=11646 err=   0 errRate=  0.00% avg=   15.57 min=   12.62 max=  305.55 p50=   13.86 p95=   23.88 p99=   47.93 rps= 194.10
  controller.AnalyticsController.maxViewersSummary n=11646 err=   0 errRate=  0.00% avg=   15.74 min=   12.71 max=  305.66 p50=   14.02 p95=   24.14 p99=   48.10 rps= 194.10
  s2s.crud.fetchAllTickets                      n=11646 err=   0 errRate=  0.00% avg=   15.47 min=   12.59 max=  305.50 p50=   13.82 p95=   23.39 p99=   45.25 rps= 194.10
  s2s.crud.fetchFilms                           n=    2 err=   0 errRate=  0.00% avg=   48.24 min=   38.23 max=   58.25 p50=   48.24 p95=   57.25 p99=   58.05 rps=   0.03

2026-05-06T20:50:01.693Z  INFO 1 --- [lab8-additional-service] [   scheduling-1] r.h.l.a.o.ObservabilityService           : [lab8-additional-service] observability refresh
window 10s
  calc.additional.maxViewersSummary             n= 1800 err=   0 errRate=  0.00% avg=   20.51 min=   12.66 max=  305.55 p50=   14.04 p95=   52.99 p99=   96.03 rps= 180.00
  controller.AnalyticsController.maxViewersSummary n= 1799 err=   0 errRate=  0.00% avg=   20.68 min=   12.83 max=  305.66 p50=   14.18 p95=   53.44 p99=   96.37 rps= 179.90
  s2s.crud.fetchAllTickets                      n= 1800 err=   0 errRate=  0.00% avg=   20.36 min=   12.61 max=  305.50 p50=   14.00 p95=   50.91 p99=   95.99 rps= 180.00
  s2s.crud.fetchFilms                           n=    1 err=   0 errRate=  0.00% avg=   38.23 min=   38.23 max=   38.23 p50=   38.23 p95=   38.23 p99=   38.23 rps=   0.10
window 30s
  calc.additional.maxViewersSummary             n= 5683 err=   0 errRate=  0.00% avg=   16.88 min=   12.62 max=  305.55 p50=   13.84 p95=   33.56 p99=   64.53 rps= 189.43
  controller.AnalyticsController.maxViewersSummary n= 5682 err=   0 errRate=  0.00% avg=   17.04 min=   12.71 max=  305.66 p50=   13.97 p95=   33.86 p99=   64.94 rps= 189.40
  s2s.crud.fetchAllTickets                      n= 5683 err=   0 errRate=  0.00% avg=   16.80 min=   12.59 max=  305.50 p50=   13.80 p95=   33.33 p99=   64.50 rps= 189.43
  s2s.crud.fetchFilms                           n=    1 err=   0 errRate=  0.00% avg=   38.23 min=   38.23 max=   38.23 p50=   38.23 p95=   38.23 p99=   38.23 rps=   0.03
window 1m
  calc.additional.maxViewersSummary             n=11621 err=   0 errRate=  0.00% avg=   15.68 min=   12.62 max=  305.55 p50=   13.87 p95=   24.66 p99=   49.62 rps= 193.68
  controller.AnalyticsController.maxViewersSummary n=11620 err=   0 errRate=  0.00% avg=   15.85 min=   12.71 max=  305.66 p50=   14.02 p95=   24.89 p99=   49.97 rps= 193.67
  s2s.crud.fetchAllTickets                      n=11621 err=   0 errRate=  0.00% avg=   15.58 min=   12.59 max=  305.50 p50=   13.82 p95=   24.20 p99=   48.38 rps= 193.68
  s2s.crud.fetchFilms                           n=    2 err=   0 errRate=  0.00% avg=   48.24 min=   38.23 max=   58.25 p50=   48.24 p95=   57.25 p99=   58.05 rps=   0.03

2026-05-06T20:50:02.700Z  INFO 1 --- [lab8-additional-service] [   scheduling-1] r.h.l.a.o.ObservabilityService           : [lab8-additional-service] observability refresh
window 10s
  calc.additional.maxViewersSummary             n= 1812 err=   0 errRate=  0.00% avg=   20.23 min=   12.66 max=  305.55 p50=   13.99 p95=   52.83 p99=   95.96 rps= 181.20
  controller.AnalyticsController.maxViewersSummary n= 1812 err=   0 errRate=  0.00% avg=   20.39 min=   12.83 max=  305.66 p50=   14.14 p95=   53.24 p99=   96.24 rps= 181.20
  s2s.crud.fetchAllTickets                      n= 1812 err=   0 errRate=  0.00% avg=   20.08 min=   12.61 max=  305.50 p50=   13.94 p95=   50.88 p99=   95.92 rps= 181.20
  s2s.crud.fetchFilms                           n=    1 err=   0 errRate=  0.00% avg=   38.23 min=   38.23 max=   38.23 p50=   38.23 p95=   38.23 p99=   38.23 rps=   0.10
window 30s
  calc.additional.maxViewersSummary             n= 5670 err=   0 errRate=  0.00% avg=   16.81 min=   12.62 max=  305.55 p50=   13.82 p95=   33.46 p99=   64.63 rps= 189.00
  controller.AnalyticsController.maxViewersSummary n= 5670 err=   0 errRate=  0.00% avg=   16.97 min=   12.71 max=  305.66 p50=   13.95 p95=   33.81 p99=   65.09 rps= 189.00
  s2s.crud.fetchAllTickets                      n= 5670 err=   0 errRate=  0.00% avg=   16.73 min=   12.59 max=  305.50 p50=   13.78 p95=   33.32 p99=   64.60 rps= 189.00
  s2s.crud.fetchFilms                           n=    1 err=   0 errRate=  0.00% avg=   38.23 min=   38.23 max=   38.23 p50=   38.23 p95=   38.23 p99=   38.23 rps=   0.03
window 1m
  calc.additional.maxViewersSummary             n=11618 err=   0 errRate=  0.00% avg=   15.69 min=   12.62 max=  305.55 p50=   13.87 p95=   24.82 p99=   49.62 rps= 193.63
  controller.AnalyticsController.maxViewersSummary n=11618 err=   0 errRate=  0.00% avg=   15.86 min=   12.71 max=  305.66 p50=   14.02 p95=   25.17 p99=   49.97 rps= 193.63
  s2s.crud.fetchAllTickets                      n=11618 err=   0 errRate=  0.00% avg=   15.59 min=   12.59 max=  305.50 p50=   13.82 p95=   24.49 p99=   48.39 rps= 193.63
  s2s.crud.fetchFilms                           n=    2 err=   0 errRate=  0.00% avg=   48.24 min=   38.23 max=   58.25 p50=   48.24 p95=   57.25 p99=   58.05 rps=   0.03

2026-05-06T20:50:03.713Z  INFO 1 --- [lab8-additional-service] [   scheduling-1] r.h.l.a.o.ObservabilityService           : [lab8-additional-service] observability refresh
window 10s
  calc.additional.maxViewersSummary             n= 1793 err=   0 errRate=  0.00% avg=   20.41 min=   12.66 max=  305.55 p50=   13.95 p95=   51.28 p99=   96.44 rps= 179.30
  controller.AnalyticsController.maxViewersSummary n= 1793 err=   0 errRate=  0.00% avg=   20.57 min=   12.83 max=  305.66 p50=   14.11 p95=   51.41 p99=   96.70 rps= 179.30
  s2s.crud.fetchAllTickets                      n= 1793 err=   0 errRate=  0.00% avg=   20.25 min=   12.61 max=  305.50 p50=   13.91 p95=   50.23 p99=   96.40 rps= 179.30
  s2s.crud.fetchFilms                           n=    1 err=   0 errRate=  0.00% avg=   38.23 min=   38.23 max=   38.23 p50=   38.23 p95=   38.23 p99=   38.23 rps=   0.10
window 30s
  calc.additional.maxViewersSummary             n= 5633 err=   0 errRate=  0.00% avg=   16.93 min=   12.62 max=  305.55 p50=   13.82 p95=   33.96 p99=   64.91 rps= 187.77
  controller.AnalyticsController.maxViewersSummary n= 5633 err=   0 errRate=  0.00% avg=   17.08 min=   12.71 max=  305.66 p50=   13.95 p95=   34.18 p99=   65.58 rps= 187.77
  s2s.crud.fetchAllTickets                      n= 5633 err=   0 errRate=  0.00% avg=   16.85 min=   12.59 max=  305.50 p50=   13.78 p95=   33.83 p99=   64.88 rps= 187.77
  s2s.crud.fetchFilms                           n=    1 err=   0 errRate=  0.00% avg=   38.23 min=   38.23 max=   38.23 p50=   38.23 p95=   38.23 p99=   38.23 rps=   0.03
window 1m
  calc.additional.maxViewersSummary             n=11565 err=   0 errRate=  0.00% avg=   15.74 min=   12.62 max=  305.55 p50=   13.87 p95=   25.76 p99=   49.89 rps= 192.75
  controller.AnalyticsController.maxViewersSummary n=11566 err=   0 errRate=  0.00% avg=   15.92 min=   12.71 max=  305.66 p50=   14.02 p95=   25.95 p99=   50.34 rps= 192.77
  s2s.crud.fetchAllTickets                      n=11565 err=   0 errRate=  0.00% avg=   15.65 min=   12.59 max=  305.50 p50=   13.83 p95=   25.36 p99=   48.78 rps= 192.75
  s2s.crud.fetchFilms                           n=    2 err=   0 errRate=  0.00% avg=   48.24 min=   38.23 max=   58.25 p50=   48.24 p95=   57.25 p99=   58.05 rps=   0.03

2026-05-06T20:50:04.721Z  INFO 1 --- [lab8-additional-service] [   scheduling-1] r.h.l.a.o.ObservabilityService           : [lab8-additional-service] observability refresh
window 10s
  calc.additional.maxViewersSummary             n= 1807 err=   0 errRate=  0.00% avg=   20.27 min=   12.66 max=  305.55 p50=   13.95 p95=   51.08 p99=   95.96 rps= 180.70
  controller.AnalyticsController.maxViewersSummary n= 1807 err=   0 errRate=  0.00% avg=   20.43 min=   12.83 max=  305.66 p50=   14.09 p95=   51.20 p99=   96.25 rps= 180.70
  s2s.crud.fetchAllTickets                      n= 1807 err=   0 errRate=  0.00% avg=   20.11 min=   12.61 max=  305.50 p50=   13.91 p95=   49.93 p99=   95.93 rps= 180.70
  s2s.crud.fetchFilms                           n=    1 err=   0 errRate=  0.00% avg=   38.23 min=   38.23 max=   38.23 p50=   38.23 p95=   38.23 p99=   38.23 rps=   0.10
window 30s
  calc.additional.maxViewersSummary             n= 5642 err=   0 errRate=  0.00% avg=   16.92 min=   12.62 max=  305.55 p50=   13.81 p95=   33.97 p99=   64.84 rps= 188.07
  controller.AnalyticsController.maxViewersSummary n= 5642 err=   0 errRate=  0.00% avg=   17.07 min=   12.71 max=  305.66 p50=   13.94 p95=   34.18 p99=   65.46 rps= 188.07
  s2s.crud.fetchAllTickets                      n= 5642 err=   0 errRate=  0.00% avg=   16.84 min=   12.59 max=  305.50 p50=   13.77 p95=   33.84 p99=   64.81 rps= 188.07
  s2s.crud.fetchFilms                           n=    1 err=   0 errRate=  0.00% avg=   38.23 min=   38.23 max=   38.23 p50=   38.23 p95=   38.23 p99=   38.23 rps=   0.03
window 1m
  calc.additional.maxViewersSummary             n=11563 err=   0 errRate=  0.00% avg=   15.75 min=   12.62 max=  305.55 p50=   13.87 p95=   25.86 p99=   49.90 rps= 192.72
  controller.AnalyticsController.maxViewersSummary n=11563 err=   0 errRate=  0.00% avg=   15.92 min=   12.71 max=  305.66 p50=   14.02 p95=   26.05 p99=   50.35 rps= 192.72
  s2s.crud.fetchAllTickets                      n=11563 err=   0 errRate=  0.00% avg=   15.65 min=   12.59 max=  305.50 p50=   13.83 p95=   25.42 p99=   48.78 rps= 192.72
  s2s.crud.fetchFilms                           n=    2 err=   0 errRate=  0.00% avg=   48.24 min=   38.23 max=   58.25 p50=   48.24 p95=   57.25 p99=   58.05 rps=   0.03

2026-05-06T20:50:05.732Z  INFO 1 --- [lab8-additional-service] [   scheduling-1] r.h.l.a.o.ObservabilityService           : [lab8-additional-service] observability refresh
window 10s
  calc.additional.maxViewersSummary             n= 1784 err=   0 errRate=  0.00% avg=   20.61 min=   12.66 max=  305.55 p50=   14.01 p95=   52.35 p99=   96.96 rps= 178.40
  controller.AnalyticsController.maxViewersSummary n= 1784 err=   0 errRate=  0.00% avg=   20.77 min=   12.83 max=  305.66 p50=   14.16 p95=   52.72 p99=   97.21 rps= 178.40
  s2s.crud.fetchAllTickets                      n= 1784 err=   0 errRate=  0.00% avg=   20.45 min=   12.61 max=  305.50 p50=   13.97 p95=   50.88 p99=   96.92 rps= 178.40
  s2s.crud.fetchFilms                           n=    1 err=   0 errRate=  0.00% avg=   38.23 min=   38.23 max=   38.23 p50=   38.23 p95=   38.23 p99=   38.23 rps=   0.10
window 30s
  calc.additional.maxViewersSummary             n= 5617 err=   0 errRate=  0.00% avg=   17.04 min=   12.62 max=  305.55 p50=   13.81 p95=   34.84 p99=   65.04 rps= 187.23
  controller.AnalyticsController.maxViewersSummary n= 5617 err=   0 errRate=  0.00% avg=   17.19 min=   12.71 max=  305.66 p50=   13.93 p95=   35.07 p99=   65.78 rps= 187.23
  s2s.crud.fetchAllTickets                      n= 5617 err=   0 errRate=  0.00% avg=   16.96 min=   12.59 max=  305.50 p50=   13.77 p95=   34.55 p99=   65.00 rps= 187.23
  s2s.crud.fetchFilms                           n=    1 err=   0 errRate=  0.00% avg=   38.23 min=   38.23 max=   38.23 p50=   38.23 p95=   38.23 p99=   38.23 rps=   0.03
window 1m
  calc.additional.maxViewersSummary             n=11516 err=   0 errRate=  0.00% avg=   15.81 min=   12.62 max=  305.55 p50=   13.87 p95=   26.44 p99=   50.81 rps= 191.93
  controller.AnalyticsController.maxViewersSummary n=11516 err=   0 errRate=  0.00% avg=   15.98 min=   12.71 max=  305.66 p50=   14.02 p95=   26.68 p99=   51.00 rps= 191.93
  s2s.crud.fetchAllTickets                      n=11516 err=   0 errRate=  0.00% avg=   15.71 min=   12.59 max=  305.50 p50=   13.82 p95=   26.03 p99=   49.19 rps= 191.93
  s2s.crud.fetchFilms                           n=    2 err=   0 errRate=  0.00% avg=   48.24 min=   38.23 max=   58.25 p50=   48.24 p95=   57.25 p99=   58.05 rps=   0.03

2026-05-06T20:50:06.740Z  INFO 1 --- [lab8-additional-service] [   scheduling-1] r.h.l.a.o.ObservabilityService           : [lab8-additional-service] observability refresh
window 10s
  calc.additional.maxViewersSummary             n= 1795 err=   0 errRate=  0.00% avg=   19.66 min=   12.66 max=  305.55 p50=   13.88 p95=   49.87 p99=   96.32 rps= 179.50
  controller.AnalyticsController.maxViewersSummary n= 1795 err=   0 errRate=  0.00% avg=   19.81 min=   12.82 max=  305.66 p50=   14.03 p95=   50.27 p99=   96.59 rps= 179.50
  s2s.crud.fetchAllTickets                      n= 1795 err=   0 errRate=  0.00% avg=   19.50 min=   12.61 max=  305.50 p50=   13.85 p95=   49.05 p99=   96.28 rps= 179.50
  s2s.crud.fetchFilms                           n=    1 err=   0 errRate=  0.00% avg=   38.23 min=   38.23 max=   38.23 p50=   38.23 p95=   38.23 p99=   38.23 rps=   0.10
window 30s
  calc.additional.maxViewersSummary             n= 5610 err=   0 errRate=  0.00% avg=   17.07 min=   12.62 max=  305.55 p50=   13.81 p95=   34.92 p99=   65.09 rps= 187.00
  controller.AnalyticsController.maxViewersSummary n= 5610 err=   0 errRate=  0.00% avg=   17.22 min=   12.71 max=  305.66 p50=   13.93 p95=   35.20 p99=   65.88 rps= 187.00
  s2s.crud.fetchAllTickets                      n= 5610 err=   0 errRate=  0.00% avg=   16.99 min=   12.59 max=  305.50 p50=   13.77 p95=   34.60 p99=   65.06 rps= 187.00
  s2s.crud.fetchFilms                           n=    1 err=   0 errRate=  0.00% avg=   38.23 min=   38.23 max=   38.23 p50=   38.23 p95=   38.23 p99=   38.23 rps=   0.03
window 1m
  calc.additional.maxViewersSummary             n=11514 err=   0 errRate=  0.00% avg=   15.82 min=   12.62 max=  305.55 p50=   13.86 p95=   26.65 p99=   50.81 rps= 191.90
  controller.AnalyticsController.maxViewersSummary n=11514 err=   0 errRate=  0.00% avg=   15.99 min=   12.71 max=  305.66 p50=   14.02 p95=   26.81 p99=   51.00 rps= 191.90
  s2s.crud.fetchAllTickets                      n=11514 err=   0 errRate=  0.00% avg=   15.72 min=   12.59 max=  305.50 p50=   13.82 p95=   26.24 p99=   49.19 rps= 191.90
  s2s.crud.fetchFilms                           n=    2 err=   0 errRate=  0.00% avg=   48.24 min=   38.23 max=   58.25 p50=   48.24 p95=   57.25 p99=   58.05 rps=   0.03

2026-05-06T20:50:07.750Z  INFO 1 --- [lab8-additional-service] [   scheduling-1] r.h.l.a.o.ObservabilityService           : [lab8-additional-service] observability refresh
window 10s
  calc.additional.maxViewersSummary             n= 1826 err=   0 errRate=  0.00% avg=   18.64 min=   12.74 max=  305.55 p50=   13.86 p95=   42.81 p99=   92.04 rps= 182.60
  controller.AnalyticsController.maxViewersSummary n= 1826 err=   0 errRate=  0.00% avg=   18.79 min=   12.82 max=  305.66 p50=   13.99 p95=   43.40 p99=   92.67 rps= 182.60
  s2s.crud.fetchAllTickets                      n= 1826 err=   0 errRate=  0.00% avg=   18.60 min=   12.71 max=  305.50 p50=   13.82 p95=   42.78 p99=   92.00 rps= 182.60
window 30s
  calc.additional.maxViewersSummary             n= 5604 err=   0 errRate=  0.00% avg=   17.11 min=   12.62 max=  305.55 p50=   13.81 p95=   35.26 p99=   67.04 rps= 186.80
  controller.AnalyticsController.maxViewersSummary n= 5604 err=   0 errRate=  0.00% avg=   17.26 min=   12.71 max=  305.66 p50=   13.93 p95=   35.67 p99=   67.20 rps= 186.80
  s2s.crud.fetchAllTickets                      n= 5604 err=   0 errRate=  0.00% avg=   17.03 min=   12.59 max=  305.50 p50=   13.76 p95=   35.09 p99=   67.01 rps= 186.80
  s2s.crud.fetchFilms                           n=    1 err=   0 errRate=  0.00% avg=   38.23 min=   38.23 max=   38.23 p50=   38.23 p95=   38.23 p99=   38.23 rps=   0.03
window 1m
  calc.additional.maxViewersSummary             n=11533 err=   0 errRate=  0.00% avg=   15.85 min=   12.62 max=  305.55 p50=   13.86 p95=   26.99 p99=   51.07 rps= 192.22
  controller.AnalyticsController.maxViewersSummary n=11533 err=   0 errRate=  0.00% avg=   16.02 min=   12.71 max=  305.66 p50=   14.01 p95=   27.24 p99=   51.25 rps= 192.22
  s2s.crud.fetchAllTickets                      n=11533 err=   0 errRate=  0.00% avg=   15.76 min=   12.59 max=  305.50 p50=   13.82 p95=   26.60 p99=   49.59 rps= 192.22
  s2s.crud.fetchFilms                           n=    2 err=   0 errRate=  0.00% avg=   48.24 min=   38.23 max=   58.25 p50=   48.24 p95=   57.25 p99=   58.05 rps=   0.03

2026-05-06T20:50:08.758Z  INFO 1 --- [lab8-additional-service] [   scheduling-1] r.h.l.a.o.ObservabilityService           : [lab8-additional-service] observability refresh
window 10s
  calc.additional.maxViewersSummary             n= 1856 err=   0 errRate=  0.00% avg=   16.80 min=   12.66 max=  102.59 p50=   13.75 p95=   36.02 p99=   69.75 rps= 185.60
  controller.AnalyticsController.maxViewersSummary n= 1856 err=   0 errRate=  0.00% avg=   16.95 min=   12.74 max=  102.85 p50=   13.88 p95=   36.34 p99=   69.88 rps= 185.60
  s2s.crud.fetchAllTickets                      n= 1856 err=   0 errRate=  0.00% avg=   16.76 min=   12.63 max=  102.54 p50=   13.72 p95=   35.94 p99=   69.71 rps= 185.60
window 30s
  calc.additional.maxViewersSummary             n= 5594 err=   0 errRate=  0.00% avg=   17.12 min=   12.66 max=  305.55 p50=   13.78 p95=   35.46 p99=   67.15 rps= 186.47
  controller.AnalyticsController.maxViewersSummary n= 5594 err=   0 errRate=  0.00% avg=   17.26 min=   12.74 max=  305.66 p50=   13.91 p95=   35.75 p99=   67.30 rps= 186.47
  s2s.crud.fetchAllTickets                      n= 5594 err=   0 errRate=  0.00% avg=   17.04 min=   12.61 max=  305.50 p50=   13.75 p95=   35.21 p99=   67.12 rps= 186.47
  s2s.crud.fetchFilms                           n=    1 err=   0 errRate=  0.00% avg=   38.23 min=   38.23 max=   38.23 p50=   38.23 p95=   38.23 p99=   38.23 rps=   0.03
window 1m
  calc.additional.maxViewersSummary             n=11524 err=   0 errRate=  0.00% avg=   15.86 min=   12.62 max=  305.55 p50=   13.85 p95=   27.02 p99=   51.09 rps= 192.07
  controller.AnalyticsController.maxViewersSummary n=11524 err=   0 errRate=  0.00% avg=   16.03 min=   12.71 max=  305.66 p50=   14.00 p95=   27.31 p99=   51.25 rps= 192.07
  s2s.crud.fetchAllTickets                      n=11524 err=   0 errRate=  0.00% avg=   15.76 min=   12.59 max=  305.50 p50=   13.81 p95=   26.64 p99=   49.59 rps= 192.07
  s2s.crud.fetchFilms                           n=    2 err=   0 errRate=  0.00% avg=   48.24 min=   38.23 max=   58.25 p50=   48.24 p95=   57.25 p99=   58.05 rps=   0.03

2026-05-06T20:50:09.767Z  INFO 1 --- [lab8-additional-service] [   scheduling-1] r.h.l.a.o.ObservabilityService           : [lab8-additional-service] observability refresh
window 10s
  calc.additional.maxViewersSummary             n= 1874 err=   0 errRate=  0.00% avg=   17.08 min=   12.66 max=  242.55 p50=   13.72 p95=   37.56 p99=   69.94 rps= 187.40
  controller.AnalyticsController.maxViewersSummary n= 1874 err=   0 errRate=  0.00% avg=   17.22 min=   12.74 max=  242.63 p50=   13.83 p95=   37.88 p99=   70.21 rps= 187.40
  s2s.crud.fetchAllTickets                      n= 1874 err=   0 errRate=  0.00% avg=   17.04 min=   12.63 max=  242.52 p50=   13.68 p95=   37.53 p99=   69.91 rps= 187.40
window 30s
  calc.additional.maxViewersSummary             n= 5575 err=   0 errRate=  0.00% avg=   17.37 min=   12.66 max=  305.55 p50=   13.79 p95=   37.10 p99=   68.34 rps= 185.83
  controller.AnalyticsController.maxViewersSummary n= 5575 err=   0 errRate=  0.00% avg=   17.51 min=   12.74 max=  305.66 p50=   13.92 p95=   37.34 p99=   68.55 rps= 185.83
  s2s.crud.fetchAllTickets                      n= 5575 err=   0 errRate=  0.00% avg=   17.29 min=   12.61 max=  305.50 p50=   13.75 p95=   36.44 p99=   68.28 rps= 185.83
  s2s.crud.fetchFilms                           n=    1 err=   0 errRate=  0.00% avg=   38.23 min=   38.23 max=   38.23 p50=   38.23 p95=   38.23 p99=   38.23 rps=   0.03
window 1m
  calc.additional.maxViewersSummary             n=11524 err=   0 errRate=  0.00% avg=   15.97 min=   12.62 max=  305.55 p50=   13.85 p95=   28.02 p99=   53.13 rps= 192.07
  controller.AnalyticsController.maxViewersSummary n=11524 err=   0 errRate=  0.00% avg=   16.15 min=   12.71 max=  305.66 p50=   14.00 p95=   28.26 p99=   53.40 rps= 192.07
  s2s.crud.fetchAllTickets                      n=11524 err=   0 errRate=  0.00% avg=   15.88 min=   12.59 max=  305.50 p50=   13.81 p95=   27.84 p99=   50.85 rps= 192.07
  s2s.crud.fetchFilms                           n=    2 err=   0 errRate=  0.00% avg=   48.24 min=   38.23 max=   58.25 p50=   48.24 p95=   57.25 p99=   58.05 rps=   0.03

2026-05-06T20:50:09.998Z  INFO 1 --- [lab8-additional-service] [   scheduling-1] r.h.l.a.service.FilmCacheService         : film-cache stats: size=310 ttlMs=30000 lastRefreshAtMs=1778100596882 hits=37341 misses=6 refreshes=6
2026-05-06T20:50:10.774Z  INFO 1 --- [lab8-additional-service] [   scheduling-1] r.h.l.a.o.ObservabilityService           : [lab8-additional-service] observability refresh
window 10s
  calc.additional.maxViewersSummary             n= 1886 err=   0 errRate=  0.00% avg=   16.41 min=   12.66 max=  242.55 p50=   13.68 p95=   33.80 p99=   60.98 rps= 188.60
  controller.AnalyticsController.maxViewersSummary n= 1886 err=   0 errRate=  0.00% avg=   16.55 min=   12.74 max=  242.63 p50=   13.79 p95=   34.09 p99=   61.72 rps= 188.60
  s2s.crud.fetchAllTickets                      n= 1886 err=   0 errRate=  0.00% avg=   16.37 min=   12.63 max=  242.52 p50=   13.64 p95=   33.77 p99=   60.93 rps= 188.60
window 30s
  calc.additional.maxViewersSummary             n= 5590 err=   0 errRate=  0.00% avg=   17.34 min=   12.66 max=  305.55 p50=   13.79 p95=   37.02 p99=   68.21 rps= 186.33
  controller.AnalyticsController.maxViewersSummary n= 5590 err=   0 errRate=  0.00% avg=   17.49 min=   12.74 max=  305.66 p50=   13.92 p95=   37.32 p99=   68.44 rps= 186.33
  s2s.crud.fetchAllTickets                      n= 5590 err=   0 errRate=  0.00% avg=   17.27 min=   12.61 max=  305.50 p50=   13.75 p95=   36.41 p99=   68.15 rps= 186.33
  s2s.crud.fetchFilms                           n=    1 err=   0 errRate=  0.00% avg=   38.23 min=   38.23 max=   38.23 p50=   38.23 p95=   38.23 p99=   38.23 rps=   0.03
window 1m
  calc.additional.maxViewersSummary             n=11554 err=   0 errRate=  0.00% avg=   15.91 min=   12.62 max=  305.55 p50=   13.84 p95=   27.94 p99=   53.07 rps= 192.57
  controller.AnalyticsController.maxViewersSummary n=11554 err=   0 errRate=  0.00% avg=   16.08 min=   12.71 max=  305.66 p50=   13.99 p95=   28.13 p99=   53.35 rps= 192.57
  s2s.crud.fetchAllTickets                      n=11554 err=   0 errRate=  0.00% avg=   15.82 min=   12.59 max=  305.50 p50=   13.80 p95=   27.59 p99=   50.83 rps= 192.57
  s2s.crud.fetchFilms                           n=    2 err=   0 errRate=  0.00% avg=   48.24 min=   38.23 max=   58.25 p50=   48.24 p95=   57.25 p99=   58.05 rps=   0.03

2026-05-06T20:50:11.783Z  INFO 1 --- [lab8-additional-service] [   scheduling-1] r.h.l.a.o.ObservabilityService           : [lab8-additional-service] observability refresh
window 10s
  calc.additional.maxViewersSummary             n= 1940 err=   0 errRate=  0.00% avg=   15.84 min=   12.66 max=  242.55 p50=   13.66 p95=   31.05 p99=   50.67 rps= 194.00
  controller.AnalyticsController.maxViewersSummary n= 1940 err=   0 errRate=  0.00% avg=   15.98 min=   12.74 max=  242.63 p50=   13.78 p95=   31.35 p99=   50.93 rps= 194.00
  s2s.crud.fetchAllTickets                      n= 1940 err=   0 errRate=  0.00% avg=   15.80 min=   12.63 max=  242.52 p50=   13.62 p95=   31.01 p99=   50.64 rps= 194.00
window 30s
  calc.additional.maxViewersSummary             n= 5611 err=   0 errRate=  0.00% avg=   17.37 min=   12.66 max=  305.55 p50=   13.80 p95=   37.17 p99=   68.02 rps= 187.03
  controller.AnalyticsController.maxViewersSummary n= 5611 err=   0 errRate=  0.00% avg=   17.52 min=   12.74 max=  305.66 p50=   13.93 p95=   37.49 p99=   68.25 rps= 187.03
  s2s.crud.fetchAllTickets                      n= 5611 err=   0 errRate=  0.00% avg=   17.30 min=   12.61 max=  305.50 p50=   13.76 p95=   36.77 p99=   67.96 rps= 187.03
  s2s.crud.fetchFilms                           n=    1 err=   0 errRate=  0.00% avg=   38.23 min=   38.23 max=   38.23 p50=   38.23 p95=   38.23 p99=   38.23 rps=   0.03
window 1m
  calc.additional.maxViewersSummary             n=11577 err=   0 errRate=  0.00% avg=   15.93 min=   12.62 max=  305.55 p50=   13.84 p95=   27.95 p99=   53.03 rps= 192.95
  controller.AnalyticsController.maxViewersSummary n=11577 err=   0 errRate=  0.00% avg=   16.10 min=   12.71 max=  305.66 p50=   13.98 p95=   28.23 p99=   53.31 rps= 192.95
  s2s.crud.fetchAllTickets                      n=11577 err=   0 errRate=  0.00% avg=   15.83 min=   12.59 max=  305.50 p50=   13.79 p95=   27.67 p99=   50.87 rps= 192.95
  s2s.crud.fetchFilms                           n=    2 err=   0 errRate=  0.00% avg=   48.24 min=   38.23 max=   58.25 p50=   48.24 p95=   57.25 p99=   58.05 rps=   0.03

2026-05-06T20:50:12.794Z  INFO 1 --- [lab8-additional-service] [   scheduling-1] r.h.l.a.o.ObservabilityService           : [lab8-additional-service] observability refresh
window 10s
  calc.additional.maxViewersSummary             n= 1957 err=   0 errRate=  0.00% avg=   15.81 min=   12.66 max=  242.55 p50=   13.66 p95=   30.61 p99=   50.66 rps= 195.70
  controller.AnalyticsController.maxViewersSummary n= 1957 err=   0 errRate=  0.00% avg=   15.95 min=   12.74 max=  242.63 p50=   13.78 p95=   30.76 p99=   50.90 rps= 195.70
  s2s.crud.fetchAllTickets                      n= 1957 err=   0 errRate=  0.00% avg=   15.77 min=   12.63 max=  242.52 p50=   13.62 p95=   30.57 p99=   50.63 rps= 195.70
window 30s
  calc.additional.maxViewersSummary             n= 5634 err=   0 errRate=  0.00% avg=   17.37 min=   12.66 max=  305.55 p50=   13.79 p95=   37.14 p99=   67.78 rps= 187.80
  controller.AnalyticsController.maxViewersSummary n= 5634 err=   0 errRate=  0.00% avg=   17.52 min=   12.74 max=  305.66 p50=   13.92 p95=   37.40 p99=   67.99 rps= 187.80
  s2s.crud.fetchAllTickets                      n= 5634 err=   0 errRate=  0.00% avg=   17.30 min=   12.61 max=  305.50 p50=   13.76 p95=   36.55 p99=   67.72 rps= 187.80
  s2s.crud.fetchFilms                           n=    1 err=   0 errRate=  0.00% avg=   38.23 min=   38.23 max=   38.23 p50=   38.23 p95=   38.23 p99=   38.23 rps=   0.03
window 1m
  calc.additional.maxViewersSummary             n=11565 err=   0 errRate=  0.00% avg=   15.92 min=   12.62 max=  305.55 p50=   13.83 p95=   28.11 p99=   53.05 rps= 192.75
  controller.AnalyticsController.maxViewersSummary n=11565 err=   0 errRate=  0.00% avg=   16.09 min=   12.71 max=  305.66 p50=   13.97 p95=   28.28 p99=   53.33 rps= 192.75
  s2s.crud.fetchAllTickets                      n=11565 err=   0 errRate=  0.00% avg=   15.83 min=   12.59 max=  305.50 p50=   13.79 p95=   27.85 p99=   50.87 rps= 192.75
  s2s.crud.fetchFilms                           n=    2 err=   0 errRate=  0.00% avg=   48.24 min=   38.23 max=   58.25 p50=   48.24 p95=   57.25 p99=   58.05 rps=   0.03

2026-05-06T20:50:13.803Z  INFO 1 --- [lab8-additional-service] [   scheduling-1] r.h.l.a.o.ObservabilityService           : [lab8-additional-service] observability refresh
window 10s
  calc.additional.maxViewersSummary             n= 1983 err=   0 errRate=  0.00% avg=   15.49 min=   12.66 max=  242.55 p50=   13.64 p95=   27.30 p99=   50.29 rps= 198.30
  controller.AnalyticsController.maxViewersSummary n= 1983 err=   0 errRate=  0.00% avg=   15.63 min=   12.74 max=  242.63 p50=   13.76 p95=   27.39 p99=   50.38 rps= 198.30
  s2s.crud.fetchAllTickets                      n= 1983 err=   0 errRate=  0.00% avg=   15.45 min=   12.63 max=  242.52 p50=   13.60 p95=   27.27 p99=   50.24 rps= 198.30
window 30s
  calc.additional.maxViewersSummary             n= 5646 err=   0 errRate=  0.00% avg=   17.31 min=   12.66 max=  305.55 p50=   13.79 p95=   36.88 p99=   67.65 rps= 188.20
  controller.AnalyticsController.maxViewersSummary n= 5646 err=   0 errRate=  0.00% avg=   17.45 min=   12.74 max=  305.66 p50=   13.92 p95=   37.28 p99=   67.85 rps= 188.20
  s2s.crud.fetchAllTickets                      n= 5646 err=   0 errRate=  0.00% avg=   17.23 min=   12.61 max=  305.50 p50=   13.75 p95=   36.40 p99=   67.60 rps= 188.20
  s2s.crud.fetchFilms                           n=    1 err=   0 errRate=  0.00% avg=   38.23 min=   38.23 max=   38.23 p50=   38.23 p95=   38.23 p99=   38.23 rps=   0.03
window 1m
  calc.additional.maxViewersSummary             n=11579 err=   0 errRate=  0.00% avg=   15.92 min=   12.62 max=  305.55 p50=   13.83 p95=   28.04 p99=   53.02 rps= 192.98
  controller.AnalyticsController.maxViewersSummary n=11579 err=   0 errRate=  0.00% avg=   16.09 min=   12.71 max=  305.66 p50=   13.97 p95=   28.27 p99=   53.30 rps= 192.98
  s2s.crud.fetchAllTickets                      n=11579 err=   0 errRate=  0.00% avg=   15.83 min=   12.59 max=  305.50 p50=   13.78 p95=   27.84 p99=   50.87 rps= 192.98
  s2s.crud.fetchFilms                           n=    2 err=   0 errRate=  0.00% avg=   48.24 min=   38.23 max=   58.25 p50=   48.24 p95=   57.25 p99=   58.05 rps=   0.03

2026-05-06T20:50:14.816Z  INFO 1 --- [lab8-additional-service] [   scheduling-1] r.h.l.a.o.ObservabilityService           : [lab8-additional-service] observability refresh
window 10s
  calc.additional.maxViewersSummary             n= 1967 err=   0 errRate=  0.00% avg=   15.73 min=   12.66 max=  242.55 p50=   13.64 p95=   30.68 p99=   50.32 rps= 196.70
  controller.AnalyticsController.maxViewersSummary n= 1967 err=   0 errRate=  0.00% avg=   15.87 min=   12.74 max=  242.63 p50=   13.76 p95=   30.88 p99=   50.49 rps= 196.70
  s2s.crud.fetchAllTickets                      n= 1967 err=   0 errRate=  0.00% avg=   15.69 min=   12.63 max=  242.52 p50=   13.60 p95=   30.64 p99=   50.29 rps= 196.70
window 30s
  calc.additional.maxViewersSummary             n= 5681 err=   0 errRate=  0.00% avg=   17.15 min=   12.66 max=  305.55 p50=   13.77 p95=   36.01 p99=   66.42 rps= 189.37
  controller.AnalyticsController.maxViewersSummary n= 5681 err=   0 errRate=  0.00% avg=   17.30 min=   12.74 max=  305.66 p50=   13.91 p95=   36.18 p99=   66.61 rps= 189.37
  s2s.crud.fetchAllTickets                      n= 5681 err=   0 errRate=  0.00% avg=   17.08 min=   12.61 max=  305.50 p50=   13.74 p95=   35.65 p99=   66.38 rps= 189.37
  s2s.crud.fetchFilms                           n=    1 err=   0 errRate=  0.00% avg=   38.23 min=   38.23 max=   38.23 p50=   38.23 p95=   38.23 p99=   38.23 rps=   0.03
window 1m
  calc.additional.maxViewersSummary             n=11584 err=   0 errRate=  0.00% avg=   15.93 min=   12.62 max=  305.55 p50=   13.82 p95=   28.15 p99=   53.01 rps= 193.07
  controller.AnalyticsController.maxViewersSummary n=11584 err=   0 errRate=  0.00% avg=   16.10 min=   12.71 max=  305.66 p50=   13.96 p95=   28.33 p99=   53.29 rps= 193.07
  s2s.crud.fetchAllTickets                      n=11584 err=   0 errRate=  0.00% avg=   15.84 min=   12.59 max=  305.50 p50=   13.78 p95=   27.90 p99=   50.87 rps= 193.07
  s2s.crud.fetchFilms                           n=    2 err=   0 errRate=  0.00% avg=   48.24 min=   38.23 max=   58.25 p50=   48.24 p95=   57.25 p99=   58.05 rps=   0.03

2026-05-06T20:50:15.827Z  INFO 1 --- [lab8-additional-service] [   scheduling-1] r.h.l.a.o.ObservabilityService           : [lab8-additional-service] observability refresh
window 10s
  calc.additional.maxViewersSummary             n= 2008 err=   0 errRate=  0.00% avg=   15.32 min=   12.66 max=  242.55 p50=   13.61 p95=   22.86 p99=   49.81 rps= 200.80
  controller.AnalyticsController.maxViewersSummary n= 2008 err=   0 errRate=  0.00% avg=   15.46 min=   12.74 max=  242.63 p50=   13.74 p95=   23.06 p99=   49.96 rps= 200.80
  s2s.crud.fetchAllTickets                      n= 2008 err=   0 errRate=  0.00% avg=   15.28 min=   12.63 max=  242.52 p50=   13.58 p95=   22.82 p99=   49.76 rps= 200.80
window 30s
  calc.additional.maxViewersSummary             n= 5698 err=   0 errRate=  0.00% avg=   17.11 min=   12.66 max=  305.55 p50=   13.76 p95=   36.00 p99=   66.28 rps= 189.93
  controller.AnalyticsController.maxViewersSummary n= 5698 err=   0 errRate=  0.00% avg=   17.26 min=   12.74 max=  305.66 p50=   13.89 p95=   36.12 p99=   66.48 rps= 189.93
  s2s.crud.fetchAllTickets                      n= 5698 err=   0 errRate=  0.00% avg=   17.04 min=   12.61 max=  305.50 p50=   13.72 p95=   35.63 p99=   66.24 rps= 189.93
  s2s.crud.fetchFilms                           n=    1 err=   0 errRate=  0.00% avg=   38.23 min=   38.23 max=   38.23 p50=   38.23 p95=   38.23 p99=   38.23 rps=   0.03
window 1m
  calc.additional.maxViewersSummary             n=11573 err=   0 errRate=  0.00% avg=   15.93 min=   12.62 max=  305.55 p50=   13.82 p95=   28.16 p99=   53.04 rps= 192.88
  controller.AnalyticsController.maxViewersSummary n=11573 err=   0 errRate=  0.00% avg=   16.09 min=   12.71 max=  305.66 p50=   13.96 p95=   28.34 p99=   53.31 rps= 192.88
  s2s.crud.fetchAllTickets                      n=11573 err=   0 errRate=  0.00% avg=   15.83 min=   12.59 max=  305.50 p50=   13.77 p95=   27.90 p99=   50.87 rps= 192.88
  s2s.crud.fetchFilms                           n=    2 err=   0 errRate=  0.00% avg=   48.24 min=   38.23 max=   58.25 p50=   48.24 p95=   57.25 p99=   58.05 rps=   0.03

2026-05-06T20:50:16.835Z  INFO 1 --- [lab8-additional-service] [   scheduling-1] r.h.l.a.o.ObservabilityService           : [lab8-additional-service] observability refresh
window 10s
  calc.additional.maxViewersSummary             n= 2018 err=   0 errRate=  0.00% avg=   15.17 min=   12.66 max=  242.55 p50=   13.61 p95=   21.55 p99=   49.44 rps= 201.80
  controller.AnalyticsController.maxViewersSummary n= 2018 err=   0 errRate=  0.00% avg=   15.31 min=   12.74 max=  242.63 p50=   13.72 p95=   21.65 p99=   49.76 rps= 201.80
  s2s.crud.fetchAllTickets                      n= 2018 err=   0 errRate=  0.00% avg=   15.13 min=   12.63 max=  242.52 p50=   13.57 p95=   21.52 p99=   49.41 rps= 201.80
window 30s
  calc.additional.maxViewersSummary             n= 5692 err=   0 errRate=  0.00% avg=   17.12 min=   12.66 max=  305.55 p50=   13.75 p95=   36.00 p99=   66.33 rps= 189.73
  controller.AnalyticsController.maxViewersSummary n= 5692 err=   0 errRate=  0.00% avg=   17.26 min=   12.74 max=  305.66 p50=   13.88 p95=   36.14 p99=   66.53 rps= 189.73
  s2s.crud.fetchAllTickets                      n= 5692 err=   0 errRate=  0.00% avg=   17.04 min=   12.61 max=  305.50 p50=   13.72 p95=   35.64 p99=   66.29 rps= 189.73
  s2s.crud.fetchFilms                           n=    1 err=   0 errRate=  0.00% avg=   38.23 min=   38.23 max=   38.23 p50=   38.23 p95=   38.23 p99=   38.23 rps=   0.03
window 1m
  calc.additional.maxViewersSummary             n=11575 err=   0 errRate=  0.00% avg=   15.92 min=   12.62 max=  305.55 p50=   13.81 p95=   28.15 p99=   53.03 rps= 192.92
  controller.AnalyticsController.maxViewersSummary n=11575 err=   0 errRate=  0.00% avg=   16.08 min=   12.71 max=  305.66 p50=   13.94 p95=   28.32 p99=   53.31 rps= 192.92
  s2s.crud.fetchAllTickets                      n=11575 err=   0 errRate=  0.00% avg=   15.82 min=   12.59 max=  305.50 p50=   13.76 p95=   27.89 p99=   50.87 rps= 192.92
  s2s.crud.fetchFilms                           n=    2 err=   0 errRate=  0.00% avg=   48.24 min=   38.23 max=   58.25 p50=   48.24 p95=   57.25 p99=   58.05 rps=   0.03

2026-05-06T20:50:17.850Z  INFO 1 --- [lab8-additional-service] [   scheduling-1] r.h.l.a.o.ObservabilityService           : [lab8-additional-service] observability refresh
window 10s
  calc.additional.maxViewersSummary             n= 2022 err=   0 errRate=  0.00% avg=   15.01 min=   12.66 max=  242.55 p50=   13.61 p95=   19.86 p99=   48.88 rps= 202.20
  controller.AnalyticsController.maxViewersSummary n= 2022 err=   0 errRate=  0.00% avg=   15.15 min=   12.74 max=  242.63 p50=   13.72 p95=   19.95 p99=   49.28 rps= 202.20
  s2s.crud.fetchAllTickets                      n= 2022 err=   0 errRate=  0.00% avg=   14.97 min=   12.63 max=  242.52 p50=   13.57 p95=   19.83 p99=   48.73 rps= 202.20
window 30s
  calc.additional.maxViewersSummary             n= 5706 err=   0 errRate=  0.00% avg=   17.11 min=   12.66 max=  305.55 p50=   13.75 p95=   36.00 p99=   66.23 rps= 190.20
  controller.AnalyticsController.maxViewersSummary n= 5706 err=   0 errRate=  0.00% avg=   17.26 min=   12.74 max=  305.66 p50=   13.89 p95=   36.11 p99=   66.45 rps= 190.20
  s2s.crud.fetchAllTickets                      n= 5706 err=   0 errRate=  0.00% avg=   17.04 min=   12.61 max=  305.50 p50=   13.72 p95=   35.61 p99=   66.20 rps= 190.20
  s2s.crud.fetchFilms                           n=    1 err=   0 errRate=  0.00% avg=   38.23 min=   38.23 max=   38.23 p50=   38.23 p95=   38.23 p99=   38.23 rps=   0.03
window 1m
  calc.additional.maxViewersSummary             n=11599 err=   0 errRate=  0.00% avg=   15.91 min=   12.62 max=  305.55 p50=   13.80 p95=   28.14 p99=   52.99 rps= 193.32
  controller.AnalyticsController.maxViewersSummary n=11599 err=   0 errRate=  0.00% avg=   16.07 min=   12.71 max=  305.66 p50=   13.94 p95=   28.29 p99=   53.27 rps= 193.32
  s2s.crud.fetchAllTickets                      n=11599 err=   0 errRate=  0.00% avg=   15.82 min=   12.59 max=  305.50 p50=   13.76 p95=   27.87 p99=   50.87 rps= 193.32
  s2s.crud.fetchFilms                           n=    2 err=   0 errRate=  0.00% avg=   48.24 min=   38.23 max=   58.25 p50=   48.24 p95=   57.25 p99=   58.05 rps=   0.03

2026-05-06T20:50:18.858Z  INFO 1 --- [lab8-additional-service] [   scheduling-1] r.h.l.a.o.ObservabilityService           : [lab8-additional-service] observability refresh
window 10s
  calc.additional.maxViewersSummary             n= 2031 err=   0 errRate=  0.00% avg=   15.06 min=   12.78 max=  242.55 p50=   13.64 p95=   20.18 p99=   48.85 rps= 203.10
  controller.AnalyticsController.maxViewersSummary n= 2031 err=   0 errRate=  0.00% avg=   15.20 min=   12.88 max=  242.63 p50=   13.76 p95=   20.35 p99=   49.25 rps= 203.10
  s2s.crud.fetchAllTickets                      n= 2031 err=   0 errRate=  0.00% avg=   15.02 min=   12.74 max=  242.52 p50=   13.60 p95=   20.15 p99=   48.71 rps= 203.10
window 30s
  calc.additional.maxViewersSummary             n= 5723 err=   0 errRate=  0.00% avg=   17.05 min=   12.66 max=  305.55 p50=   13.76 p95=   35.96 p99=   66.18 rps= 190.77
  controller.AnalyticsController.maxViewersSummary n= 5723 err=   0 errRate=  0.00% avg=   17.19 min=   12.74 max=  305.66 p50=   13.89 p95=   36.10 p99=   66.43 rps= 190.77
  s2s.crud.fetchAllTickets                      n= 5723 err=   0 errRate=  0.00% avg=   16.97 min=   12.61 max=  305.50 p50=   13.72 p95=   35.57 p99=   66.14 rps= 190.77
  s2s.crud.fetchFilms                           n=    1 err=   0 errRate=  0.00% avg=   38.23 min=   38.23 max=   38.23 p50=   38.23 p95=   38.23 p99=   38.23 rps=   0.03
window 1m
  calc.additional.maxViewersSummary             n=11610 err=   0 errRate=  0.00% avg=   15.92 min=   12.62 max=  305.55 p50=   13.80 p95=   28.14 p99=   52.96 rps= 193.50
  controller.AnalyticsController.maxViewersSummary n=11610 err=   0 errRate=  0.00% avg=   16.08 min=   12.71 max=  305.66 p50=   13.93 p95=   28.28 p99=   53.25 rps= 193.50
  s2s.crud.fetchAllTickets                      n=11610 err=   0 errRate=  0.00% avg=   15.82 min=   12.59 max=  305.50 p50=   13.76 p95=   27.86 p99=   50.86 rps= 193.50
  s2s.crud.fetchFilms                           n=    2 err=   0 errRate=  0.00% avg=   48.24 min=   38.23 max=   58.25 p50=   48.24 p95=   57.25 p99=   58.05 rps=   0.03

2026-05-06T20:50:19.868Z  INFO 1 --- [lab8-additional-service] [   scheduling-1] r.h.l.a.o.ObservabilityService           : [lab8-additional-service] observability refresh
window 10s
  calc.additional.maxViewersSummary             n= 2032 err=   0 errRate=  0.00% avg=   14.37 min=   12.78 max=   52.14 p50=   13.64 p95=   17.27 p99=   30.99 rps= 203.20
  controller.AnalyticsController.maxViewersSummary n= 2032 err=   0 errRate=  0.00% avg=   14.51 min=   12.88 max=   52.23 p50=   13.76 p95=   17.57 p99=   31.13 rps= 203.20
  s2s.crud.fetchAllTickets                      n= 2032 err=   0 errRate=  0.00% avg=   14.33 min=   12.74 max=   52.11 p50=   13.59 p95=   17.16 p99=   30.95 rps= 203.20
window 30s
  calc.additional.maxViewersSummary             n= 5751 err=   0 errRate=  0.00% avg=   16.77 min=   12.66 max=  305.55 p50=   13.74 p95=   34.85 p99=   66.08 rps= 191.70
  controller.AnalyticsController.maxViewersSummary n= 5751 err=   0 errRate=  0.00% avg=   16.91 min=   12.74 max=  305.66 p50=   13.86 p95=   35.09 p99=   66.39 rps= 191.70
  s2s.crud.fetchAllTickets                      n= 5751 err=   0 errRate=  0.00% avg=   16.69 min=   12.61 max=  305.50 p50=   13.70 p95=   34.57 p99=   66.04 rps= 191.70
  s2s.crud.fetchFilms                           n=    1 err=   0 errRate=  0.00% avg=   38.23 min=   38.23 max=   38.23 p50=   38.23 p95=   38.23 p99=   38.23 rps=   0.03
window 1m
  calc.additional.maxViewersSummary             n=11622 err=   0 errRate=  0.00% avg=   15.89 min=   12.62 max=  305.55 p50=   13.79 p95=   28.12 p99=   52.94 rps= 193.70
  controller.AnalyticsController.maxViewersSummary n=11622 err=   0 errRate=  0.00% avg=   16.05 min=   12.71 max=  305.66 p50=   13.93 p95=   28.27 p99=   53.22 rps= 193.70
  s2s.crud.fetchAllTickets                      n=11622 err=   0 errRate=  0.00% avg=   15.80 min=   12.59 max=  305.50 p50=   13.75 p95=   27.85 p99=   50.86 rps= 193.70
  s2s.crud.fetchFilms                           n=    2 err=   0 errRate=  0.00% avg=   48.24 min=   38.23 max=   58.25 p50=   48.24 p95=   57.25 p99=   58.05 rps=   0.03

2026-05-06T20:50:19.998Z  INFO 1 --- [lab8-additional-service] [   scheduling-1] r.h.l.a.service.FilmCacheService         : film-cache stats: size=310 ttlMs=30000 lastRefreshAtMs=1778100596882 hits=39366 misses=6 refreshes=6
2026-05-06T20:50:20.876Z  INFO 1 --- [lab8-additional-service] [   scheduling-1] r.h.l.a.o.ObservabilityService           : [lab8-additional-service] observability refresh
window 10s
  calc.additional.maxViewersSummary             n= 2035 err=   0 errRate=  0.00% avg=   14.29 min=   12.78 max=   50.29 p50=   13.65 p95=   16.38 p99=   30.49 rps= 203.50
  controller.AnalyticsController.maxViewersSummary n= 2035 err=   0 errRate=  0.00% avg=   14.42 min=   12.88 max=   50.46 p50=   13.78 p95=   16.59 p99=   30.65 rps= 203.50
  s2s.crud.fetchAllTickets                      n= 2035 err=   0 errRate=  0.00% avg=   14.24 min=   12.74 max=   50.26 p50=   13.61 p95=   16.22 p99=   30.44 rps= 203.50
window 30s
  calc.additional.maxViewersSummary             n= 5764 err=   0 errRate=  0.00% avg=   16.76 min=   12.66 max=  305.55 p50=   13.74 p95=   34.86 p99=   66.04 rps= 192.13
  controller.AnalyticsController.maxViewersSummary n= 5764 err=   0 errRate=  0.00% avg=   16.91 min=   12.74 max=  305.66 p50=   13.86 p95=   35.12 p99=   66.37 rps= 192.13
  s2s.crud.fetchAllTickets                      n= 5763 err=   0 errRate=  0.00% avg=   16.68 min=   12.61 max=  305.50 p50=   13.70 p95=   34.60 p99=   66.00 rps= 192.10
  s2s.crud.fetchFilms                           n=    1 err=   0 errRate=  0.00% avg=   38.23 min=   38.23 max=   38.23 p50=   38.23 p95=   38.23 p99=   38.23 rps=   0.03
window 1m
  calc.additional.maxViewersSummary             n=11628 err=   0 errRate=  0.00% avg=   15.90 min=   12.62 max=  305.55 p50=   13.79 p95=   28.13 p99=   52.93 rps= 193.80
  controller.AnalyticsController.maxViewersSummary n=11628 err=   0 errRate=  0.00% avg=   16.05 min=   12.71 max=  305.66 p50=   13.93 p95=   28.27 p99=   53.21 rps= 193.80
  s2s.crud.fetchAllTickets                      n=11628 err=   0 errRate=  0.00% avg=   15.80 min=   12.59 max=  305.50 p50=   13.75 p95=   27.85 p99=   50.85 rps= 193.80
  s2s.crud.fetchFilms                           n=    2 err=   0 errRate=  0.00% avg=   48.24 min=   38.23 max=   58.25 p50=   48.24 p95=   57.25 p99=   58.05 rps=   0.03

2026-05-06T20:50:21.887Z  INFO 1 --- [lab8-additional-service] [   scheduling-1] r.h.l.a.o.ObservabilityService           : [lab8-additional-service] observability refresh
window 10s
  calc.additional.maxViewersSummary             n= 1982 err=   0 errRate=  0.00% avg=   14.30 min=   12.78 max=   50.29 p50=   13.65 p95=   16.50 p99=   30.72 rps= 198.20
  controller.AnalyticsController.maxViewersSummary n= 1982 err=   0 errRate=  0.00% avg=   14.44 min=   12.88 max=   50.46 p50=   13.78 p95=   16.81 p99=   30.81 rps= 198.20
  s2s.crud.fetchAllTickets                      n= 1982 err=   0 errRate=  0.00% avg=   14.26 min=   12.74 max=   50.26 p50=   13.61 p95=   16.41 p99=   30.68 rps= 198.20
window 30s
  calc.additional.maxViewersSummary             n= 5729 err=   0 errRate=  0.00% avg=   16.75 min=   12.66 max=  305.55 p50=   13.73 p95=   34.95 p99=   66.16 rps= 190.97
  controller.AnalyticsController.maxViewersSummary n= 5729 err=   0 errRate=  0.00% avg=   16.89 min=   12.74 max=  305.66 p50=   13.85 p95=   35.23 p99=   66.42 rps= 190.97
  s2s.crud.fetchAllTickets                      n= 5729 err=   0 errRate=  0.00% avg=   16.67 min=   12.61 max=  305.50 p50=   13.69 p95=   34.63 p99=   66.12 rps= 190.97
  s2s.crud.fetchFilms                           n=    1 err=   0 errRate=  0.00% avg=   38.23 min=   38.23 max=   38.23 p50=   38.23 p95=   38.23 p99=   38.23 rps=   0.03
window 1m
  calc.additional.maxViewersSummary             n=11612 err=   0 errRate=  0.00% avg=   15.88 min=   12.62 max=  305.55 p50=   13.78 p95=   28.14 p99=   52.96 rps= 193.53
  controller.AnalyticsController.maxViewersSummary n=11612 err=   0 errRate=  0.00% avg=   16.03 min=   12.71 max=  305.66 p50=   13.91 p95=   28.28 p99=   53.24 rps= 193.53
  s2s.crud.fetchAllTickets                      n=11612 err=   0 errRate=  0.00% avg=   15.78 min=   12.59 max=  305.50 p50=   13.74 p95=   27.86 p99=   50.86 rps= 193.53
  s2s.crud.fetchFilms                           n=    2 err=   0 errRate=  0.00% avg=   48.24 min=   38.23 max=   58.25 p50=   48.24 p95=   57.25 p99=   58.05 rps=   0.03

2026-05-06T20:50:22.896Z  INFO 1 --- [lab8-additional-service] [   scheduling-1] r.h.l.a.o.ObservabilityService           : [lab8-additional-service] observability refresh
window 10s
  calc.additional.maxViewersSummary             n= 1986 err=   0 errRate=  0.00% avg=   14.24 min=   12.78 max=   50.29 p50=   13.66 p95=   15.94 p99=   30.71 rps= 198.60
  controller.AnalyticsController.maxViewersSummary n= 1986 err=   0 errRate=  0.00% avg=   14.38 min=   12.88 max=   50.46 p50=   13.79 p95=   16.27 p99=   30.81 rps= 198.60
  s2s.crud.fetchAllTickets                      n= 1986 err=   0 errRate=  0.00% avg=   14.20 min=   12.74 max=   50.26 p50=   13.62 p95=   15.83 p99=   30.68 rps= 198.60
window 30s
  calc.additional.maxViewersSummary             n= 5767 err=   0 errRate=  0.00% avg=   16.65 min=   12.66 max=  305.55 p50=   13.73 p95=   34.40 p99=   66.03 rps= 192.23
  controller.AnalyticsController.maxViewersSummary n= 5767 err=   0 errRate=  0.00% avg=   16.79 min=   12.74 max=  305.66 p50=   13.85 p95=   34.67 p99=   66.36 rps= 192.23
  s2s.crud.fetchAllTickets                      n= 5767 err=   0 errRate=  0.00% avg=   16.57 min=   12.61 max=  305.50 p50=   13.69 p95=   33.99 p99=   65.99 rps= 192.23
  s2s.crud.fetchFilms                           n=    1 err=   0 errRate=  0.00% avg=   38.23 min=   38.23 max=   38.23 p50=   38.23 p95=   38.23 p99=   38.23 rps=   0.03
window 1m
  calc.additional.maxViewersSummary             n=11602 err=   0 errRate=  0.00% avg=   15.88 min=   12.62 max=  305.55 p50=   13.78 p95=   28.14 p99=   52.98 rps= 193.37
  controller.AnalyticsController.maxViewersSummary n=11602 err=   0 errRate=  0.00% avg=   16.04 min=   12.71 max=  305.66 p50=   13.91 p95=   28.29 p99=   53.26 rps= 193.37
  s2s.crud.fetchAllTickets                      n=11602 err=   0 errRate=  0.00% avg=   15.79 min=   12.59 max=  305.50 p50=   13.74 p95=   27.87 p99=   50.87 rps= 193.37
  s2s.crud.fetchFilms                           n=    2 err=   0 errRate=  0.00% avg=   48.24 min=   38.23 max=   58.25 p50=   48.24 p95=   57.25 p99=   58.05 rps=   0.03

2026-05-06T20:50:23.904Z  INFO 1 --- [lab8-additional-service] [   scheduling-1] r.h.l.a.o.ObservabilityService           : [lab8-additional-service] observability refresh
window 10s
  calc.additional.maxViewersSummary             n= 1975 err=   0 errRate=  0.00% avg=   14.26 min=   12.78 max=   50.29 p50=   13.68 p95=   15.94 p99=   30.73 rps= 197.50
  controller.AnalyticsController.maxViewersSummary n= 1975 err=   0 errRate=  0.00% avg=   14.39 min=   12.88 max=   50.46 p50=   13.81 p95=   16.24 p99=   30.82 rps= 197.50
  s2s.crud.fetchAllTickets                      n= 1975 err=   0 errRate=  0.00% avg=   14.22 min=   12.74 max=   50.26 p50=   13.64 p95=   15.85 p99=   30.69 rps= 197.50
window 30s
  calc.additional.maxViewersSummary             n= 5758 err=   0 errRate=  0.00% avg=   16.59 min=   12.66 max=  305.55 p50=   13.73 p95=   33.90 p99=   66.06 rps= 191.93
  controller.AnalyticsController.maxViewersSummary n= 5758 err=   0 errRate=  0.00% avg=   16.74 min=   12.74 max=  305.66 p50=   13.85 p95=   34.17 p99=   66.38 rps= 191.93
  s2s.crud.fetchAllTickets                      n= 5758 err=   0 errRate=  0.00% avg=   16.51 min=   12.61 max=  305.50 p50=   13.69 p95=   33.74 p99=   66.02 rps= 191.93
  s2s.crud.fetchFilms                           n=    1 err=   0 errRate=  0.00% avg=   38.23 min=   38.23 max=   38.23 p50=   38.23 p95=   38.23 p99=   38.23 rps=   0.03
window 1m
  calc.additional.maxViewersSummary             n=11583 err=   0 errRate=  0.00% avg=   15.88 min=   12.62 max=  305.55 p50=   13.78 p95=   28.14 p99=   53.02 rps= 193.05
  controller.AnalyticsController.maxViewersSummary n=11583 err=   0 errRate=  0.00% avg=   16.03 min=   12.71 max=  305.66 p50=   13.91 p95=   28.32 p99=   53.30 rps= 193.05
  s2s.crud.fetchAllTickets                      n=11583 err=   0 errRate=  0.00% avg=   15.78 min=   12.59 max=  305.50 p50=   13.74 p95=   27.89 p99=   50.87 rps= 193.05
  s2s.crud.fetchFilms                           n=    2 err=   0 errRate=  0.00% avg=   48.24 min=   38.23 max=   58.25 p50=   48.24 p95=   57.25 p99=   58.05 rps=   0.03

2026-05-06T20:50:24.915Z  INFO 1 --- [lab8-additional-service] [   scheduling-1] r.h.l.a.o.ObservabilityService           : [lab8-additional-service] observability refresh
window 10s
  calc.additional.maxViewersSummary             n= 1992 err=   0 errRate=  0.00% avg=   13.98 min=   12.78 max=   35.96 p50=   13.69 p95=   15.73 p99=   19.57 rps= 199.20
  controller.AnalyticsController.maxViewersSummary n= 1992 err=   0 errRate=  0.00% avg=   14.11 min=   12.88 max=   36.31 p50=   13.81 p95=   15.94 p99=   19.80 rps= 199.20
  s2s.crud.fetchAllTickets                      n= 1992 err=   0 errRate=  0.00% avg=   13.94 min=   12.74 max=   35.90 p50=   13.65 p95=   15.62 p99=   19.53 rps= 199.20
window 30s
  calc.additional.maxViewersSummary             n= 5769 err=   0 errRate=  0.00% avg=   16.53 min=   12.66 max=  305.55 p50=   13.73 p95=   33.83 p99=   66.02 rps= 192.30
  controller.AnalyticsController.maxViewersSummary n= 5769 err=   0 errRate=  0.00% avg=   16.68 min=   12.74 max=  305.66 p50=   13.85 p95=   34.10 p99=   66.36 rps= 192.30
  s2s.crud.fetchAllTickets                      n= 5769 err=   0 errRate=  0.00% avg=   16.45 min=   12.61 max=  305.50 p50=   13.69 p95=   33.64 p99=   65.98 rps= 192.30
  s2s.crud.fetchFilms                           n=    1 err=   0 errRate=  0.00% avg=   38.23 min=   38.23 max=   38.23 p50=   38.23 p95=   38.23 p99=   38.23 rps=   0.03
window 1m
  calc.additional.maxViewersSummary             n=11574 err=   0 errRate=  0.00% avg=   15.87 min=   12.62 max=  305.55 p50=   13.77 p95=   28.15 p99=   53.03 rps= 192.90
  controller.AnalyticsController.maxViewersSummary n=11574 err=   0 errRate=  0.00% avg=   16.03 min=   12.71 max=  305.66 p50=   13.91 p95=   28.33 p99=   53.31 rps= 192.90
  s2s.crud.fetchAllTickets                      n=11574 err=   0 errRate=  0.00% avg=   15.78 min=   12.59 max=  305.50 p50=   13.73 p95=   27.89 p99=   50.87 rps= 192.90
  s2s.crud.fetchFilms                           n=    2 err=   0 errRate=  0.00% avg=   48.24 min=   38.23 max=   58.25 p50=   48.24 p95=   57.25 p99=   58.05 rps=   0.03

2026-05-06T20:50:25.924Z  INFO 1 --- [lab8-additional-service] [   scheduling-1] r.h.l.a.o.ObservabilityService           : [lab8-additional-service] observability refresh
window 10s
  calc.additional.maxViewersSummary             n= 1997 err=   0 errRate=  0.00% avg=   14.02 min=   12.78 max=   35.96 p50=   13.73 p95=   15.76 p99=   19.95 rps= 199.70
  controller.AnalyticsController.maxViewersSummary n= 1997 err=   0 errRate=  0.00% avg=   14.16 min=   12.88 max=   36.31 p50=   13.85 p95=   15.99 p99=   20.05 rps= 199.70
  s2s.crud.fetchAllTickets                      n= 1997 err=   0 errRate=  0.00% avg=   13.98 min=   12.74 max=   35.90 p50=   13.69 p95=   15.72 p99=   19.92 rps= 199.70
window 30s
  calc.additional.maxViewersSummary             n= 5786 err=   0 errRate=  0.00% avg=   16.45 min=   12.66 max=  305.55 p50=   13.74 p95=   33.24 p99=   65.97 rps= 192.87
  controller.AnalyticsController.maxViewersSummary n= 5787 err=   0 errRate=  0.00% avg=   16.60 min=   12.74 max=  305.66 p50=   13.86 p95=   33.42 p99=   66.33 rps= 192.90
  s2s.crud.fetchAllTickets                      n= 5786 err=   0 errRate=  0.00% avg=   16.37 min=   12.61 max=  305.50 p50=   13.70 p95=   32.97 p99=   65.92 rps= 192.87
  s2s.crud.fetchFilms                           n=    1 err=   0 errRate=  0.00% avg=   38.23 min=   38.23 max=   38.23 p50=   38.23 p95=   38.23 p99=   38.23 rps=   0.03
window 1m
  calc.additional.maxViewersSummary             n=11596 err=   0 errRate=  0.00% avg=   15.87 min=   12.62 max=  305.55 p50=   13.78 p95=   28.15 p99=   52.99 rps= 193.27
  controller.AnalyticsController.maxViewersSummary n=11596 err=   0 errRate=  0.00% avg=   16.02 min=   12.71 max=  305.66 p50=   13.91 p95=   28.32 p99=   53.27 rps= 193.27
  s2s.crud.fetchAllTickets                      n=11596 err=   0 errRate=  0.00% avg=   15.78 min=   12.59 max=  305.50 p50=   13.74 p95=   27.89 p99=   50.87 rps= 193.27
  s2s.crud.fetchFilms                           n=    2 err=   0 errRate=  0.00% avg=   48.24 min=   38.23 max=   58.25 p50=   48.24 p95=   57.25 p99=   58.05 rps=   0.03

2026-05-06T20:50:26.933Z  INFO 1 --- [lab8-additional-service] [   scheduling-1] r.h.l.a.o.ObservabilityService           : [lab8-additional-service] observability refresh
window 10s
  calc.additional.maxViewersSummary             n= 2003 err=   0 errRate=  0.00% avg=   14.07 min=   12.78 max=   35.96 p50=   13.79 p95=   15.81 p99=   19.62 rps= 200.30
  controller.AnalyticsController.maxViewersSummary n= 2003 err=   0 errRate=  0.00% avg=   14.21 min=   12.88 max=   36.31 p50=   13.90 p95=   16.07 p99=   19.79 rps= 200.30
  s2s.crud.fetchAllTickets                      n= 2003 err=   0 errRate=  0.00% avg=   14.03 min=   12.74 max=   35.90 p50=   13.75 p95=   15.75 p99=   19.58 rps= 200.30
window 30s
  calc.additional.maxViewersSummary             n= 5819 err=   0 errRate=  0.00% avg=   16.12 min=   12.66 max=  305.55 p50=   13.74 p95=   29.42 p99=   63.86 rps= 193.97
  controller.AnalyticsController.maxViewersSummary n= 5819 err=   0 errRate=  0.00% avg=   16.26 min=   12.74 max=  305.66 p50=   13.86 p95=   29.96 p99=   63.94 rps= 193.97
  s2s.crud.fetchAllTickets                      n= 5819 err=   0 errRate=  0.00% avg=   16.04 min=   12.61 max=  305.50 p50=   13.70 p95=   28.66 p99=   63.82 rps= 193.97
window 1m
  calc.additional.maxViewersSummary             n=11616 err=   0 errRate=  0.00% avg=   15.87 min=   12.62 max=  305.55 p50=   13.78 p95=   28.13 p99=   52.95 rps= 193.60
  controller.AnalyticsController.maxViewersSummary n=11616 err=   0 errRate=  0.00% avg=   16.02 min=   12.71 max=  305.66 p50=   13.91 p95=   28.28 p99=   53.24 rps= 193.60
  s2s.crud.fetchAllTickets                      n=11616 err=   0 errRate=  0.00% avg=   15.78 min=   12.59 max=  305.50 p50=   13.74 p95=   27.86 p99=   50.86 rps= 193.60
  s2s.crud.fetchFilms                           n=    1 err=   0 errRate=  0.00% avg=   38.23 min=   38.23 max=   38.23 p50=   38.23 p95=   38.23 p99=   38.23 rps=   0.02

2026-05-06T20:50:27.944Z  INFO 1 --- [lab8-additional-service] [   scheduling-1] r.h.l.a.o.ObservabilityService           : [lab8-additional-service] observability refresh
window 10s
  calc.additional.maxViewersSummary             n= 1795 err=   0 errRate=  0.00% avg=   14.12 min=   12.78 max=   69.10 p50=   13.80 p95=   15.78 p99=   20.25 rps= 179.50
  controller.AnalyticsController.maxViewersSummary n= 1795 err=   0 errRate=  0.00% avg=   14.25 min=   12.88 max=   69.43 p50=   13.91 p95=   16.04 p99=   20.36 rps= 179.50
  s2s.crud.fetchAllTickets                      n= 1795 err=   0 errRate=  0.00% avg=   14.05 min=   12.74 max=   35.90 p50=   13.76 p95=   15.73 p99=   20.09 rps= 179.50
  s2s.crud.fetchFilms                           n=    1 err=   0 errRate=  0.00% avg=   50.04 min=   50.04 max=   50.04 p50=   50.04 p95=   50.04 p99=   50.04 rps=   0.10
window 30s
  calc.additional.maxViewersSummary             n= 5668 err=   0 errRate=  0.00% avg=   15.65 min=   12.66 max=  305.55 p50=   13.73 p95=   26.26 p99=   50.47 rps= 188.93
  controller.AnalyticsController.maxViewersSummary n= 5668 err=   0 errRate=  0.00% avg=   15.80 min=   12.74 max=  305.66 p50=   13.85 p95=   26.52 p99=   50.64 rps= 188.93
  s2s.crud.fetchAllTickets                      n= 5668 err=   0 errRate=  0.00% avg=   15.60 min=   12.63 max=  305.50 p50=   13.69 p95=   26.18 p99=   50.29 rps= 188.93
  s2s.crud.fetchFilms                           n=    1 err=   0 errRate=  0.00% avg=   50.04 min=   50.04 max=   50.04 p50=   50.04 p95=   50.04 p99=   50.04 rps=   0.03
window 1m
  calc.additional.maxViewersSummary             n=11420 err=   0 errRate=  0.00% avg=   15.86 min=   12.62 max=  305.55 p50=   13.77 p95=   28.15 p99=   52.34 rps= 190.33
  controller.AnalyticsController.maxViewersSummary n=11420 err=   0 errRate=  0.00% avg=   16.01 min=   12.71 max=  305.66 p50=   13.90 p95=   28.33 p99=   52.72 rps= 190.33
  s2s.crud.fetchAllTickets                      n=11420 err=   0 errRate=  0.00% avg=   15.80 min=   12.59 max=  305.50 p50=   13.73 p95=   27.96 p99=   51.35 rps= 190.33
  s2s.crud.fetchFilms                           n=    2 err=   0 errRate=  0.00% avg=   44.13 min=   38.23 max=   50.04 p50=   44.13 p95=   49.44 p99=   49.92 rps=   0.03

2026-05-06T20:50:28.951Z  INFO 1 --- [lab8-additional-service] [   scheduling-1] r.h.l.a.o.ObservabilityService           : [lab8-additional-service] observability refresh
window 10s
  calc.additional.maxViewersSummary             n= 1618 err=   0 errRate=  0.00% avg=   14.12 min=   12.80 max=   69.10 p50=   13.80 p95=   15.73 p99=   20.77 rps= 161.80
  controller.AnalyticsController.maxViewersSummary n= 1618 err=   0 errRate=  0.00% avg=   14.25 min=   12.91 max=   69.43 p50=   13.91 p95=   15.94 p99=   20.93 rps= 161.80
  s2s.crud.fetchAllTickets                      n= 1618 err=   0 errRate=  0.00% avg=   14.04 min=   12.76 max=   35.90 p50=   13.76 p95=   15.67 p99=   20.54 rps= 161.80
  s2s.crud.fetchFilms                           n=    1 err=   0 errRate=  0.00% avg=   50.04 min=   50.04 max=   50.04 p50=   50.04 p95=   50.04 p99=   50.04 rps=   0.10
window 30s
  calc.additional.maxViewersSummary             n= 5507 err=   0 errRate=  0.00% avg=   15.35 min=   12.66 max=  242.55 p50=   13.72 p95=   22.48 p99=   49.82 rps= 183.57
  controller.AnalyticsController.maxViewersSummary n= 5507 err=   0 errRate=  0.00% avg=   15.49 min=   12.74 max=  242.63 p50=   13.84 p95=   22.65 p99=   49.99 rps= 183.57
  s2s.crud.fetchAllTickets                      n= 5507 err=   0 errRate=  0.00% avg=   15.30 min=   12.63 max=  242.52 p50=   13.68 p95=   22.41 p99=   49.73 rps= 183.57
  s2s.crud.fetchFilms                           n=    1 err=   0 errRate=  0.00% avg=   50.04 min=   50.04 max=   50.04 p50=   50.04 p95=   50.04 p99=   50.04 rps=   0.03
window 1m
  calc.additional.maxViewersSummary             n=11242 err=   0 errRate=  0.00% avg=   15.88 min=   12.62 max=  305.55 p50=   13.77 p95=   28.26 p99=   52.61 rps= 187.37
  controller.AnalyticsController.maxViewersSummary n=11242 err=   0 errRate=  0.00% avg=   16.03 min=   12.71 max=  305.66 p50=   13.90 p95=   28.48 p99=   52.97 rps= 187.37
  s2s.crud.fetchAllTickets                      n=11242 err=   0 errRate=  0.00% avg=   15.82 min=   12.59 max=  305.50 p50=   13.73 p95=   28.11 p99=   52.01 rps= 187.37
  s2s.crud.fetchFilms                           n=    2 err=   0 errRate=  0.00% avg=   44.13 min=   38.23 max=   50.04 p50=   44.13 p95=   49.44 p99=   49.92 rps=   0.03

2026-05-06T20:50:29.959Z  INFO 1 --- [lab8-additional-service] [   scheduling-1] r.h.l.a.o.ObservabilityService           : [lab8-additional-service] observability refresh
window 10s
  calc.additional.maxViewersSummary             n= 1446 err=   0 errRate=  0.00% avg=   14.20 min=   12.81 max=   69.10 p50=   13.82 p95=   15.95 p99=   21.30 rps= 144.60
  controller.AnalyticsController.maxViewersSummary n= 1446 err=   0 errRate=  0.00% avg=   14.34 min=   12.91 max=   69.43 p50=   13.92 p95=   16.14 p99=   21.55 rps= 144.60
  s2s.crud.fetchAllTickets                      n= 1446 err=   0 errRate=  0.00% avg=   14.13 min=   12.78 max=   39.91 p50=   13.78 p95=   15.92 p99=   21.11 rps= 144.60
  s2s.crud.fetchFilms                           n=    1 err=   0 errRate=  0.00% avg=   50.04 min=   50.04 max=   50.04 p50=   50.04 p95=   50.04 p99=   50.04 rps=   0.10
window 30s
  calc.additional.maxViewersSummary             n= 5338 err=   0 errRate=  0.00% avg=   15.28 min=   12.66 max=  242.55 p50=   13.72 p95=   21.55 p99=   50.02 rps= 177.93
  controller.AnalyticsController.maxViewersSummary n= 5338 err=   0 errRate=  0.00% avg=   15.41 min=   12.74 max=  242.63 p50=   13.84 p95=   21.78 p99=   50.14 rps= 177.93
  s2s.crud.fetchAllTickets                      n= 5338 err=   0 errRate=  0.00% avg=   15.22 min=   12.63 max=  242.52 p50=   13.68 p95=   21.48 p99=   49.81 rps= 177.93
  s2s.crud.fetchFilms                           n=    1 err=   0 errRate=  0.00% avg=   50.04 min=   50.04 max=   50.04 p50=   50.04 p95=   50.04 p99=   50.04 rps=   0.03
window 1m
  calc.additional.maxViewersSummary             n=11080 err=   0 errRate=  0.00% avg=   15.88 min=   12.62 max=  305.55 p50=   13.77 p95=   28.15 p99=   52.83 rps= 184.67
  controller.AnalyticsController.maxViewersSummary n=11080 err=   0 errRate=  0.00% avg=   16.03 min=   12.71 max=  305.66 p50=   13.90 p95=   28.33 p99=   53.11 rps= 184.67
  s2s.crud.fetchAllTickets                      n=11080 err=   0 errRate=  0.00% avg=   15.82 min=   12.59 max=  305.50 p50=   13.73 p95=   27.96 p99=   52.25 rps= 184.67
  s2s.crud.fetchFilms                           n=    2 err=   0 errRate=  0.00% avg=   44.13 min=   38.23 max=   50.04 p50=   44.13 p95=   49.44 p99=   49.92 rps=   0.03

2026-05-06T20:50:29.998Z  INFO 1 --- [lab8-additional-service] [   scheduling-1] r.h.l.a.service.FilmCacheService         : film-cache stats: size=310 ttlMs=30000 lastRefreshAtMs=1778100627188 hits=40803 misses=7 refreshes=7
2026-05-06T20:50:30.966Z  INFO 1 --- [lab8-additional-service] [   scheduling-1] r.h.l.a.o.ObservabilityService           : [lab8-additional-service] observability refresh
window 10s
  calc.additional.maxViewersSummary             n= 1247 err=   0 errRate=  0.00% avg=   14.24 min=   12.81 max=   69.10 p50=   13.82 p95=   16.25 p99=   21.40 rps= 124.70
  controller.AnalyticsController.maxViewersSummary n= 1247 err=   0 errRate=  0.00% avg=   14.37 min=   12.91 max=   69.43 p50=   13.93 p95=   16.50 p99=   21.74 rps= 124.70
  s2s.crud.fetchAllTickets                      n= 1247 err=   0 errRate=  0.00% avg=   14.16 min=   12.78 max=   39.91 p50=   13.78 p95=   16.21 p99=   21.21 rps= 124.70
  s2s.crud.fetchFilms                           n=    1 err=   0 errRate=  0.00% avg=   50.04 min=   50.04 max=   50.04 p50=   50.04 p95=   50.04 p99=   50.04 rps=   0.10
window 30s
  calc.additional.maxViewersSummary             n= 5178 err=   0 errRate=  0.00% avg=   15.00 min=   12.66 max=  242.55 p50=   13.71 p95=   20.25 p99=   47.42 rps= 172.60
  controller.AnalyticsController.maxViewersSummary n= 5178 err=   0 errRate=  0.00% avg=   15.14 min=   12.74 max=  242.63 p50=   13.83 p95=   20.45 p99=   47.58 rps= 172.60
  s2s.crud.fetchAllTickets                      n= 5178 err=   0 errRate=  0.00% avg=   14.95 min=   12.63 max=  242.52 p50=   13.67 p95=   20.22 p99=   47.08 rps= 172.60
  s2s.crud.fetchFilms                           n=    1 err=   0 errRate=  0.00% avg=   50.04 min=   50.04 max=   50.04 p50=   50.04 p95=   50.04 p99=   50.04 rps=   0.03
window 1m
  calc.additional.maxViewersSummary             n=10891 err=   0 errRate=  0.00% avg=   15.91 min=   12.62 max=  305.55 p50=   13.77 p95=   28.31 p99=   53.18 rps= 181.52
  controller.AnalyticsController.maxViewersSummary n=10891 err=   0 errRate=  0.00% avg=   16.06 min=   12.71 max=  305.66 p50=   13.90 p95=   28.60 p99=   53.44 rps= 181.52
  s2s.crud.fetchAllTickets                      n=10891 err=   0 errRate=  0.00% avg=   15.85 min=   12.59 max=  305.50 p50=   13.73 p95=   28.15 p99=   52.46 rps= 181.52
  s2s.crud.fetchFilms                           n=    2 err=   0 errRate=  0.00% avg=   44.13 min=   38.23 max=   50.04 p50=   44.13 p95=   49.44 p99=   49.92 rps=   0.03

2026-05-06T20:50:31.975Z  INFO 1 --- [lab8-additional-service] [   scheduling-1] r.h.l.a.o.ObservabilityService           : [lab8-additional-service] observability refresh
window 10s
  calc.additional.maxViewersSummary             n= 1094 err=   0 errRate=  0.00% avg=   14.36 min=   12.85 max=   69.10 p50=   13.87 p95=   16.84 p99=   21.74 rps= 109.40
  controller.AnalyticsController.maxViewersSummary n= 1094 err=   0 errRate=  0.00% avg=   14.49 min=   12.94 max=   69.43 p50=   13.99 p95=   16.95 p99=   21.97 rps= 109.40
  s2s.crud.fetchAllTickets                      n= 1094 err=   0 errRate=  0.00% avg=   14.27 min=   12.81 max=   39.91 p50=   13.82 p95=   16.81 p99=   21.62 rps= 109.40
  s2s.crud.fetchFilms                           n=    1 err=   0 errRate=  0.00% avg=   50.04 min=   50.04 max=   50.04 p50=   50.04 p95=   50.04 p99=   50.04 rps=   0.10
window 30s
  calc.additional.maxViewersSummary             n= 5022 err=   0 errRate=  0.00% avg=   14.91 min=   12.66 max=  242.55 p50=   13.71 p95=   20.09 p99=   45.73 rps= 167.40
  controller.AnalyticsController.maxViewersSummary n= 5022 err=   0 errRate=  0.00% avg=   15.05 min=   12.74 max=  242.63 p50=   13.83 p95=   20.33 p99=   46.02 rps= 167.40
  s2s.crud.fetchAllTickets                      n= 5022 err=   0 errRate=  0.00% avg=   14.86 min=   12.63 max=  242.52 p50=   13.67 p95=   20.01 p99=   45.60 rps= 167.40
  s2s.crud.fetchFilms                           n=    1 err=   0 errRate=  0.00% avg=   50.04 min=   50.04 max=   50.04 p50=   50.04 p95=   50.04 p99=   50.04 rps=   0.03
window 1m
  calc.additional.maxViewersSummary             n=10686 err=   0 errRate=  0.00% avg=   15.95 min=   12.62 max=  305.55 p50=   13.77 p95=   28.57 p99=   53.42 rps= 178.10
  controller.AnalyticsController.maxViewersSummary n=10687 err=   0 errRate=  0.00% avg=   16.10 min=   12.71 max=  305.66 p50=   13.90 p95=   28.86 p99=   53.64 rps= 178.12
  s2s.crud.fetchAllTickets                      n=10686 err=   0 errRate=  0.00% avg=   15.89 min=   12.59 max=  305.50 p50=   13.73 p95=   28.37 p99=   52.96 rps= 178.10
  s2s.crud.fetchFilms                           n=    2 err=   0 errRate=  0.00% avg=   44.13 min=   38.23 max=   50.04 p50=   44.13 p95=   49.44 p99=   49.92 rps=   0.03

2026-05-06T20:50:32.981Z  INFO 1 --- [lab8-additional-service] [   scheduling-1] r.h.l.a.o.ObservabilityService           : [lab8-additional-service] observability refresh
window 10s
  calc.additional.maxViewersSummary             n=  900 err=   0 errRate=  0.00% avg=   14.50 min=   12.89 max=   69.10 p50=   13.91 p95=   19.45 p99=   22.44 rps=  90.00
  controller.AnalyticsController.maxViewersSummary n=  900 err=   0 errRate=  0.00% avg=   14.63 min=   12.97 max=   69.43 p50=   14.02 p95=   19.53 p99=   22.65 rps=  90.00
  s2s.crud.fetchAllTickets                      n=  900 err=   0 errRate=  0.00% avg=   14.40 min=   12.86 max=   39.91 p50=   13.86 p95=   19.00 p99=   21.87 rps=  90.00
  s2s.crud.fetchFilms                           n=    1 err=   0 errRate=  0.00% avg=   50.04 min=   50.04 max=   50.04 p50=   50.04 p95=   50.04 p99=   50.04 rps=   0.10
window 30s
  calc.additional.maxViewersSummary             n= 4856 err=   0 errRate=  0.00% avg=   14.89 min=   12.66 max=  242.55 p50=   13.71 p95=   19.89 p99=   45.95 rps= 161.87
  controller.AnalyticsController.maxViewersSummary n= 4856 err=   0 errRate=  0.00% avg=   15.03 min=   12.74 max=  242.63 p50=   13.83 p95=   20.06 p99=   46.18 rps= 161.87
  s2s.crud.fetchAllTickets                      n= 4856 err=   0 errRate=  0.00% avg=   14.84 min=   12.63 max=  242.52 p50=   13.67 p95=   19.83 p99=   45.73 rps= 161.87
  s2s.crud.fetchFilms                           n=    1 err=   0 errRate=  0.00% avg=   50.04 min=   50.04 max=   50.04 p50=   50.04 p95=   50.04 p99=   50.04 rps=   0.03
window 1m
  calc.additional.maxViewersSummary             n=10514 err=   0 errRate=  0.00% avg=   15.94 min=   12.62 max=  305.55 p50=   13.76 p95=   28.53 p99=   53.81 rps= 175.23
  controller.AnalyticsController.maxViewersSummary n=10514 err=   0 errRate=  0.00% avg=   16.08 min=   12.71 max=  305.66 p50=   13.89 p95=   28.80 p99=   53.89 rps= 175.23
  s2s.crud.fetchAllTickets                      n=10514 err=   0 errRate=  0.00% avg=   15.87 min=   12.59 max=  305.50 p50=   13.72 p95=   28.30 p99=   53.18 rps= 175.23
  s2s.crud.fetchFilms                           n=    2 err=   0 errRate=  0.00% avg=   44.13 min=   38.23 max=   50.04 p50=   44.13 p95=   49.44 p99=   49.92 rps=   0.03

2026-05-06T20:50:33.988Z  INFO 1 --- [lab8-additional-service] [   scheduling-1] r.h.l.a.o.ObservabilityService           : [lab8-additional-service] observability refresh
window 10s
  calc.additional.maxViewersSummary             n=  729 err=   0 errRate=  0.00% avg=   14.66 min=   12.89 max=   69.10 p50=   13.96 p95=   20.46 p99=   22.57 rps=  72.90
  controller.AnalyticsController.maxViewersSummary n=  729 err=   0 errRate=  0.00% avg=   14.79 min=   12.97 max=   69.43 p50=   14.08 p95=   20.59 p99=   22.72 rps=  72.90
  s2s.crud.fetchAllTickets                      n=  729 err=   0 errRate=  0.00% avg=   14.54 min=   12.86 max=   39.91 p50=   13.91 p95=   20.38 p99=   22.35 rps=  72.90
  s2s.crud.fetchFilms                           n=    1 err=   0 errRate=  0.00% avg=   50.04 min=   50.04 max=   50.04 p50=   50.04 p95=   50.04 p99=   50.04 rps=   0.10
window 30s
  calc.additional.maxViewersSummary             n= 4691 err=   0 errRate=  0.00% avg=   14.84 min=   12.66 max=  242.55 p50=   13.71 p95=   19.52 p99=   45.76 rps= 156.37
  controller.AnalyticsController.maxViewersSummary n= 4691 err=   0 errRate=  0.00% avg=   14.97 min=   12.74 max=  242.63 p50=   13.83 p95=   19.70 p99=   46.04 rps= 156.37
  s2s.crud.fetchAllTickets                      n= 4691 err=   0 errRate=  0.00% avg=   14.78 min=   12.63 max=  242.52 p50=   13.67 p95=   19.45 p99=   45.64 rps= 156.37
  s2s.crud.fetchFilms                           n=    1 err=   0 errRate=  0.00% avg=   50.04 min=   50.04 max=   50.04 p50=   50.04 p95=   50.04 p99=   50.04 rps=   0.03
window 1m
  calc.additional.maxViewersSummary             n=10328 err=   0 errRate=  0.00% avg=   15.97 min=   12.62 max=  305.55 p50=   13.76 p95=   28.81 p99=   53.99 rps= 172.13
  controller.AnalyticsController.maxViewersSummary n=10328 err=   0 errRate=  0.00% avg=   16.12 min=   12.71 max=  305.66 p50=   13.89 p95=   29.03 p99=   54.16 rps= 172.13
  s2s.crud.fetchAllTickets                      n=10328 err=   0 errRate=  0.00% avg=   15.90 min=   12.59 max=  305.50 p50=   13.72 p95=   28.54 p99=   53.59 rps= 172.13
  s2s.crud.fetchFilms                           n=    2 err=   0 errRate=  0.00% avg=   44.13 min=   38.23 max=   50.04 p50=   44.13 p95=   49.44 p99=   49.92 rps=   0.03

2026-05-06T20:50:34.995Z  INFO 1 --- [lab8-additional-service] [   scheduling-1] r.h.l.a.o.ObservabilityService           : [lab8-additional-service] observability refresh
window 10s
  calc.additional.maxViewersSummary             n=  544 err=   0 errRate=  0.00% avg=   14.97 min=   12.98 max=   69.10 p50=   14.05 p95=   20.93 p99=   22.86 rps=  54.40
  controller.AnalyticsController.maxViewersSummary n=  544 err=   0 errRate=  0.00% avg=   15.11 min=   13.07 max=   69.43 p50=   14.18 p95=   21.13 p99=   23.10 rps=  54.40
  s2s.crud.fetchAllTickets                      n=  544 err=   0 errRate=  0.00% avg=   14.82 min=   12.91 max=   39.91 p50=   13.99 p95=   20.76 p99=   22.70 rps=  54.40
  s2s.crud.fetchFilms                           n=    1 err=   0 errRate=  0.00% avg=   50.04 min=   50.04 max=   50.04 p50=   50.04 p95=   50.04 p99=   50.04 rps=   0.10
window 30s
  calc.additional.maxViewersSummary             n= 4508 err=   0 errRate=  0.00% avg=   14.87 min=   12.66 max=  242.55 p50=   13.72 p95=   19.90 p99=   46.13 rps= 150.27
  controller.AnalyticsController.maxViewersSummary n= 4508 err=   0 errRate=  0.00% avg=   15.00 min=   12.74 max=  242.63 p50=   13.84 p95=   20.06 p99=   46.23 rps= 150.27
  s2s.crud.fetchAllTickets                      n= 4508 err=   0 errRate=  0.00% avg=   14.81 min=   12.63 max=  242.52 p50=   13.68 p95=   19.83 p99=   45.75 rps= 150.27
  s2s.crud.fetchFilms                           n=    1 err=   0 errRate=  0.00% avg=   50.04 min=   50.04 max=   50.04 p50=   50.04 p95=   50.04 p99=   50.04 rps=   0.03
window 1m
  calc.additional.maxViewersSummary             n=10146 err=   0 errRate=  0.00% avg=   16.00 min=   12.62 max=  305.55 p50=   13.76 p95=   29.21 p99=   54.82 rps= 169.10
  controller.AnalyticsController.maxViewersSummary n=10146 err=   0 errRate=  0.00% avg=   16.15 min=   12.71 max=  305.66 p50=   13.89 p95=   29.41 p99=   54.98 rps= 169.10
  s2s.crud.fetchAllTickets                      n=10146 err=   0 errRate=  0.00% avg=   15.94 min=   12.59 max=  305.50 p50=   13.72 p95=   28.80 p99=   53.84 rps= 169.10
  s2s.crud.fetchFilms                           n=    2 err=   0 errRate=  0.00% avg=   44.13 min=   38.23 max=   50.04 p50=   44.13 p95=   49.44 p99=   49.92 rps=   0.03

2026-05-06T20:50:36.001Z  INFO 1 --- [lab8-additional-service] [   scheduling-1] r.h.l.a.o.ObservabilityService           : [lab8-additional-service] observability refresh
window 10s
  calc.additional.maxViewersSummary             n=  346 err=   0 errRate=  0.00% avg=   15.59 min=   12.99 max=   69.10 p50=   14.23 p95=   21.60 p99=   24.55 rps=  34.60
  controller.AnalyticsController.maxViewersSummary n=  346 err=   0 errRate=  0.00% avg=   15.76 min=   13.07 max=   69.43 p50=   14.37 p95=   21.80 p99=   24.72 rps=  34.60
  s2s.crud.fetchAllTickets                      n=  346 err=   0 errRate=  0.00% avg=   15.39 min=   12.91 max=   39.91 p50=   14.17 p95=   21.44 p99=   23.36 rps=  34.60
  s2s.crud.fetchFilms                           n=    1 err=   0 errRate=  0.00% avg=   50.04 min=   50.04 max=   50.04 p50=   50.04 p95=   50.04 p99=   50.04 rps=   0.10
window 30s
  calc.additional.maxViewersSummary             n= 4348 err=   0 errRate=  0.00% avg=   14.74 min=   12.66 max=  242.55 p50=   13.71 p95=   18.91 p99=   44.68 rps= 144.93
  controller.AnalyticsController.maxViewersSummary n= 4348 err=   0 errRate=  0.00% avg=   14.88 min=   12.74 max=  242.63 p50=   13.83 p95=   19.06 p99=   44.87 rps= 144.93
  s2s.crud.fetchAllTickets                      n= 4348 err=   0 errRate=  0.00% avg=   14.69 min=   12.63 max=  242.52 p50=   13.67 p95=   18.84 p99=   44.48 rps= 144.93
  s2s.crud.fetchFilms                           n=    1 err=   0 errRate=  0.00% avg=   50.04 min=   50.04 max=   50.04 p50=   50.04 p95=   50.04 p99=   50.04 rps=   0.03
window 1m
  calc.additional.maxViewersSummary             n= 9962 err=   0 errRate=  0.00% avg=   16.04 min=   12.62 max=  305.55 p50=   13.76 p95=   29.53 p99=   55.09 rps= 166.03
  controller.AnalyticsController.maxViewersSummary n= 9962 err=   0 errRate=  0.00% avg=   16.19 min=   12.71 max=  305.66 p50=   13.89 p95=   29.90 p99=   55.21 rps= 166.03
  s2s.crud.fetchAllTickets                      n= 9962 err=   0 errRate=  0.00% avg=   15.98 min=   12.59 max=  305.50 p50=   13.72 p95=   29.32 p99=   54.19 rps= 166.03
  s2s.crud.fetchFilms                           n=    2 err=   0 errRate=  0.00% avg=   44.13 min=   38.23 max=   50.04 p50=   44.13 p95=   49.44 p99=   49.92 rps=   0.03

2026-05-06T20:50:37.008Z  INFO 1 --- [lab8-additional-service] [   scheduling-1] r.h.l.a.o.ObservabilityService           : [lab8-additional-service] observability refresh
window 10s
  calc.additional.maxViewersSummary             n=  166 err=   0 errRate=  0.00% avg=   17.47 min=   12.99 max=   69.10 p50=   14.87 p95=   22.70 p99=   33.31 rps=  16.60
  controller.AnalyticsController.maxViewersSummary n=  166 err=   0 errRate=  0.00% avg=   17.65 min=   13.12 max=   69.43 p50=   15.08 p95=   22.85 p99=   33.60 rps=  16.60
  s2s.crud.fetchAllTickets                      n=  166 err=   0 errRate=  0.00% avg=   17.09 min=   12.91 max=   39.91 p50=   14.69 p95=   22.52 p99=   26.79 rps=  16.60
  s2s.crud.fetchFilms                           n=    1 err=   0 errRate=  0.00% avg=   50.04 min=   50.04 max=   50.04 p50=   50.04 p95=   50.04 p99=   50.04 rps=   0.10
window 30s
  calc.additional.maxViewersSummary             n= 4166 err=   0 errRate=  0.00% avg=   14.66 min=   12.66 max=  242.55 p50=   13.71 p95=   18.73 p99=   40.53 rps= 138.87
  controller.AnalyticsController.maxViewersSummary n= 4166 err=   0 errRate=  0.00% avg=   14.80 min=   12.74 max=  242.63 p50=   13.84 p95=   18.97 p99=   41.15 rps= 138.87
  s2s.crud.fetchAllTickets                      n= 4166 err=   0 errRate=  0.00% avg=   14.61 min=   12.63 max=  242.52 p50=   13.68 p95=   18.62 p99=   39.44 rps= 138.87
  s2s.crud.fetchFilms                           n=    1 err=   0 errRate=  0.00% avg=   50.04 min=   50.04 max=   50.04 p50=   50.04 p95=   50.04 p99=   50.04 rps=   0.03
window 1m
  calc.additional.maxViewersSummary             n= 9764 err=   0 errRate=  0.00% avg=   16.09 min=   12.62 max=  305.55 p50=   13.76 p95=   29.96 p99=   55.27 rps= 162.73
  controller.AnalyticsController.maxViewersSummary n= 9764 err=   0 errRate=  0.00% avg=   16.24 min=   12.71 max=  305.66 p50=   13.89 p95=   30.18 p99=   55.58 rps= 162.73
  s2s.crud.fetchAllTickets                      n= 9764 err=   0 errRate=  0.00% avg=   16.03 min=   12.59 max=  305.50 p50=   13.72 p95=   29.69 p99=   55.10 rps= 162.73
  s2s.crud.fetchFilms                           n=    2 err=   0 errRate=  0.00% avg=   44.13 min=   38.23 max=   50.04 p50=   44.13 p95=   49.44 p99=   49.92 rps=   0.03

2026-05-06T20:50:38.014Z  INFO 1 --- [lab8-additional-service] [   scheduling-1] r.h.l.a.o.ObservabilityService           : [lab8-additional-service] observability refresh
window 10s
  calc.additional.maxViewersSummary             n=  168 err=   0 errRate=  0.00% avg=   16.89 min=   12.99 max=   39.97 p50=   14.55 p95=   21.95 p99=   25.64 rps=  16.80
  controller.AnalyticsController.maxViewersSummary n=  168 err=   0 errRate=  0.00% avg=   17.07 min=   13.12 max=   40.13 p50=   14.76 p95=   22.12 p99=   25.86 rps=  16.80
  s2s.crud.fetchAllTickets                      n=  168 err=   0 errRate=  0.00% avg=   16.82 min=   12.91 max=   39.91 p50=   14.47 p95=   21.83 p99=   25.59 rps=  16.80
window 30s
  calc.additional.maxViewersSummary             n= 3975 err=   0 errRate=  0.00% avg=   14.70 min=   12.66 max=  242.55 p50=   13.72 p95=   19.26 p99=   43.15 rps= 132.50
  controller.AnalyticsController.maxViewersSummary n= 3975 err=   0 errRate=  0.00% avg=   14.84 min=   12.74 max=  242.63 p50=   13.84 p95=   19.46 p99=   43.25 rps= 132.50
  s2s.crud.fetchAllTickets                      n= 3975 err=   0 errRate=  0.00% avg=   14.65 min=   12.63 max=  242.52 p50=   13.68 p95=   19.19 p99=   41.91 rps= 132.50
  s2s.crud.fetchFilms                           n=    1 err=   0 errRate=  0.00% avg=   50.04 min=   50.04 max=   50.04 p50=   50.04 p95=   50.04 p99=   50.04 rps=   0.03
window 1m
  calc.additional.maxViewersSummary             n= 9574 err=   0 errRate=  0.00% avg=   16.11 min=   12.66 max=  305.55 p50=   13.76 p95=   30.11 p99=   55.76 rps= 159.57
  controller.AnalyticsController.maxViewersSummary n= 9574 err=   0 errRate=  0.00% avg=   16.25 min=   12.74 max=  305.66 p50=   13.89 p95=   30.34 p99=   56.23 rps= 159.57
  s2s.crud.fetchAllTickets                      n= 9574 err=   0 errRate=  0.00% avg=   16.04 min=   12.61 max=  305.50 p50=   13.72 p95=   30.00 p99=   55.48 rps= 159.57
  s2s.crud.fetchFilms                           n=    2 err=   0 errRate=  0.00% avg=   44.13 min=   38.23 max=   50.04 p50=   44.13 p95=   49.44 p99=   49.92 rps=   0.03

2026-05-06T20:50:39.022Z  INFO 1 --- [lab8-additional-service] [   scheduling-1] r.h.l.a.o.ObservabilityService           : [lab8-additional-service] observability refresh
window 10s
  calc.additional.maxViewersSummary             n=  161 err=   0 errRate=  0.00% avg=   16.76 min=   13.15 max=   29.72 p50=   14.56 p95=   21.77 p99=   23.35 rps=  16.10
  controller.AnalyticsController.maxViewersSummary n=  161 err=   0 errRate=  0.00% avg=   16.93 min=   13.28 max=   30.09 p50=   14.78 p95=   21.97 p99=   23.49 rps=  16.10
  s2s.crud.fetchAllTickets                      n=  161 err=   0 errRate=  0.00% avg=   16.68 min=   13.10 max=   29.67 p50=   14.49 p95=   21.70 p99=   23.29 rps=  16.10
window 30s
  calc.additional.maxViewersSummary             n= 3793 err=   0 errRate=  0.00% avg=   14.74 min=   12.78 max=  242.55 p50=   13.74 p95=   19.84 p99=   43.09 rps= 126.43
  controller.AnalyticsController.maxViewersSummary n= 3793 err=   0 errRate=  0.00% avg=   14.88 min=   12.88 max=  242.63 p50=   13.86 p95=   19.93 p99=   43.18 rps= 126.43
  s2s.crud.fetchAllTickets                      n= 3793 err=   0 errRate=  0.00% avg=   14.69 min=   12.74 max=  242.52 p50=   13.70 p95=   19.72 p99=   41.64 rps= 126.43
  s2s.crud.fetchFilms                           n=    1 err=   0 errRate=  0.00% avg=   50.04 min=   50.04 max=   50.04 p50=   50.04 p95=   50.04 p99=   50.04 rps=   0.03
window 1m
  calc.additional.maxViewersSummary             n= 9391 err=   0 errRate=  0.00% avg=   16.15 min=   12.66 max=  305.55 p50=   13.76 p95=   30.31 p99=   56.21 rps= 156.52
  controller.AnalyticsController.maxViewersSummary n= 9391 err=   0 errRate=  0.00% avg=   16.30 min=   12.74 max=  305.66 p50=   13.89 p95=   30.48 p99=   56.49 rps= 156.52
  s2s.crud.fetchAllTickets                      n= 9391 err=   0 errRate=  0.00% avg=   16.08 min=   12.61 max=  305.50 p50=   13.72 p95=   30.17 p99=   55.89 rps= 156.52
  s2s.crud.fetchFilms                           n=    2 err=   0 errRate=  0.00% avg=   44.13 min=   38.23 max=   50.04 p50=   44.13 p95=   49.44 p99=   49.92 rps=   0.03

2026-05-06T20:50:39.998Z  INFO 1 --- [lab8-additional-service] [   scheduling-1] r.h.l.a.service.FilmCacheService         : film-cache stats: size=310 ttlMs=30000 lastRefreshAtMs=1778100627188 hits=40961 misses=7 refreshes=7
2026-05-06T20:50:40.031Z  INFO 1 --- [lab8-additional-service] [   scheduling-1] r.h.l.a.o.ObservabilityService           : [lab8-additional-service] observability refresh
window 10s
  calc.additional.maxViewersSummary             n=  158 err=   0 errRate=  0.00% avg=   16.77 min=   13.15 max=   29.72 p50=   14.56 p95=   21.85 p99=   23.36 rps=  15.80
  controller.AnalyticsController.maxViewersSummary n=  158 err=   0 errRate=  0.00% avg=   16.95 min=   13.28 max=   30.09 p50=   14.76 p95=   22.05 p99=   23.51 rps=  15.80
  s2s.crud.fetchAllTickets                      n=  158 err=   0 errRate=  0.00% avg=   16.70 min=   13.10 max=   29.67 p50=   14.48 p95=   21.78 p99=   23.31 rps=  15.80
window 30s
  calc.additional.maxViewersSummary             n= 3618 err=   0 errRate=  0.00% avg=   14.41 min=   12.78 max=   69.10 p50=   13.74 p95=   17.99 p99=   26.71 rps= 120.60
  controller.AnalyticsController.maxViewersSummary n= 3618 err=   0 errRate=  0.00% avg=   14.55 min=   12.88 max=   69.43 p50=   13.86 p95=   18.15 p99=   26.81 rps= 120.60
  s2s.crud.fetchAllTickets                      n= 3618 err=   0 errRate=  0.00% avg=   14.35 min=   12.74 max=   52.11 p50=   13.70 p95=   17.96 p99=   25.20 rps= 120.60
  s2s.crud.fetchFilms                           n=    1 err=   0 errRate=  0.00% avg=   50.04 min=   50.04 max=   50.04 p50=   50.04 p95=   50.04 p99=   50.04 rps=   0.03
window 1m
  calc.additional.maxViewersSummary             n= 9196 err=   0 errRate=  0.00% avg=   16.20 min=   12.66 max=  305.55 p50=   13.77 p95=   30.54 p99=   56.51 rps= 153.27
  controller.AnalyticsController.maxViewersSummary n= 9196 err=   0 errRate=  0.00% avg=   16.34 min=   12.74 max=  305.66 p50=   13.89 p95=   30.74 p99=   56.75 rps= 153.27
  s2s.crud.fetchAllTickets                      n= 9196 err=   0 errRate=  0.00% avg=   16.13 min=   12.61 max=  305.50 p50=   13.73 p95=   30.36 p99=   56.36 rps= 153.27
  s2s.crud.fetchFilms                           n=    2 err=   0 errRate=  0.00% avg=   44.13 min=   38.23 max=   50.04 p50=   44.13 p95=   49.44 p99=   49.92 rps=   0.03

2026-05-06T20:50:41.037Z  INFO 1 --- [lab8-additional-service] [   scheduling-1] r.h.l.a.o.ObservabilityService           : [lab8-additional-service] observability refresh
window 10s
  calc.additional.maxViewersSummary             n=  162 err=   0 errRate=  0.00% avg=   16.91 min=   13.11 max=   29.72 p50=   14.62 p95=   22.12 p99=   25.26 rps=  16.20
  controller.AnalyticsController.maxViewersSummary n=  162 err=   0 errRate=  0.00% avg=   17.08 min=   13.20 max=   30.09 p50=   14.97 p95=   22.31 p99=   25.41 rps=  16.20
  s2s.crud.fetchAllTickets                      n=  162 err=   0 errRate=  0.00% avg=   16.83 min=   13.07 max=   29.67 p50=   14.55 p95=   22.07 p99=   25.21 rps=  16.20
window 30s
  calc.additional.maxViewersSummary             n= 3431 err=   0 errRate=  0.00% avg=   14.40 min=   12.78 max=   69.10 p50=   13.75 p95=   18.11 p99=   23.58 rps= 114.37
  controller.AnalyticsController.maxViewersSummary n= 3431 err=   0 errRate=  0.00% avg=   14.54 min=   12.88 max=   69.43 p50=   13.87 p95=   18.30 p99=   23.74 rps= 114.37
  s2s.crud.fetchAllTickets                      n= 3431 err=   0 errRate=  0.00% avg=   14.34 min=   12.74 max=   50.26 p50=   13.71 p95=   18.07 p99=   23.33 rps= 114.37
  s2s.crud.fetchFilms                           n=    1 err=   0 errRate=  0.00% avg=   50.04 min=   50.04 max=   50.04 p50=   50.04 p95=   50.04 p99=   50.04 rps=   0.03
window 1m
  calc.additional.maxViewersSummary             n= 9001 err=   0 errRate=  0.00% avg=   16.26 min=   12.66 max=  305.55 p50=   13.77 p95=   30.88 p99=   56.85 rps= 150.02
  controller.AnalyticsController.maxViewersSummary n= 9001 err=   0 errRate=  0.00% avg=   16.40 min=   12.74 max=  305.66 p50=   13.90 p95=   31.13 p99=   57.03 rps= 150.02
  s2s.crud.fetchAllTickets                      n= 9001 err=   0 errRate=  0.00% avg=   16.19 min=   12.61 max=  305.50 p50=   13.74 p95=   30.62 p99=   56.62 rps= 150.02
  s2s.crud.fetchFilms                           n=    2 err=   0 errRate=  0.00% avg=   44.13 min=   38.23 max=   50.04 p50=   44.13 p95=   49.44 p99=   49.92 rps=   0.03

2026-05-06T20:50:42.044Z  INFO 1 --- [lab8-additional-service] [   scheduling-1] r.h.l.a.o.ObservabilityService           : [lab8-additional-service] observability refresh
window 10s
  calc.additional.maxViewersSummary             n=  157 err=   0 errRate=  0.00% avg=   16.89 min=   13.11 max=   29.72 p50=   14.63 p95=   22.03 p99=   25.20 rps=  15.70
  controller.AnalyticsController.maxViewersSummary n=  157 err=   0 errRate=  0.00% avg=   17.07 min=   13.20 max=   30.09 p50=   14.94 p95=   22.28 p99=   25.35 rps=  15.70
  s2s.crud.fetchAllTickets                      n=  157 err=   0 errRate=  0.00% avg=   16.82 min=   13.07 max=   29.67 p50=   14.56 p95=   21.97 p99=   25.15 rps=  15.70
window 30s
  calc.additional.maxViewersSummary             n= 3215 err=   0 errRate=  0.00% avg=   14.45 min=   12.78 max=   69.10 p50=   13.76 p95=   19.26 p99=   27.06 rps= 107.17
  controller.AnalyticsController.maxViewersSummary n= 3215 err=   0 errRate=  0.00% avg=   14.59 min=   12.88 max=   69.43 p50=   13.88 p95=   19.42 p99=   27.15 rps= 107.17
  s2s.crud.fetchAllTickets                      n= 3215 err=   0 errRate=  0.00% avg=   14.39 min=   12.74 max=   50.26 p50=   13.72 p95=   19.05 p99=   25.01 rps= 107.17
  s2s.crud.fetchFilms                           n=    1 err=   0 errRate=  0.00% avg=   50.04 min=   50.04 max=   50.04 p50=   50.04 p95=   50.04 p99=   50.04 rps=   0.03
window 1m
  calc.additional.maxViewersSummary             n= 8831 err=   0 errRate=  0.00% avg=   16.31 min=   12.66 max=  305.55 p50=   13.78 p95=   31.10 p99=   57.39 rps= 147.18
  controller.AnalyticsController.maxViewersSummary n= 8831 err=   0 errRate=  0.00% avg=   16.45 min=   12.74 max=  305.66 p50=   13.91 p95=   31.35 p99=   57.73 rps= 147.18
  s2s.crud.fetchAllTickets                      n= 8831 err=   0 errRate=  0.00% avg=   16.24 min=   12.61 max=  305.50 p50=   13.74 p95=   30.85 p99=   57.17 rps= 147.18
  s2s.crud.fetchFilms                           n=    2 err=   0 errRate=  0.00% avg=   44.13 min=   38.23 max=   50.04 p50=   44.13 p95=   49.44 p99=   49.92 rps=   0.03

2026-05-06T20:50:43.050Z  INFO 1 --- [lab8-additional-service] [   scheduling-1] r.h.l.a.o.ObservabilityService           : [lab8-additional-service] observability refresh
window 10s
  calc.additional.maxViewersSummary             n=  153 err=   0 errRate=  0.00% avg=   16.97 min=   13.11 max=   29.72 p50=   14.77 p95=   21.98 p99=   25.39 rps=  15.30
  controller.AnalyticsController.maxViewersSummary n=  153 err=   0 errRate=  0.00% avg=   17.14 min=   13.20 max=   30.09 p50=   15.00 p95=   22.20 p99=   25.53 rps=  15.30
  s2s.crud.fetchAllTickets                      n=  153 err=   0 errRate=  0.00% avg=   16.89 min=   13.07 max=   29.67 p50=   14.58 p95=   21.92 p99=   25.34 rps=  15.30
window 30s
  calc.additional.maxViewersSummary             n= 3020 err=   0 errRate=  0.00% avg=   14.47 min=   12.78 max=   69.10 p50=   13.77 p95=   19.62 p99=   23.12 rps= 100.67
  controller.AnalyticsController.maxViewersSummary n= 3021 err=   0 errRate=  0.00% avg=   14.61 min=   12.88 max=   69.43 p50=   13.90 p95=   19.79 p99=   23.28 rps= 100.70
  s2s.crud.fetchAllTickets                      n= 3020 err=   0 errRate=  0.00% avg=   14.41 min=   12.74 max=   50.26 p50=   13.73 p95=   19.52 p99=   22.82 rps= 100.67
  s2s.crud.fetchFilms                           n=    1 err=   0 errRate=  0.00% avg=   50.04 min=   50.04 max=   50.04 p50=   50.04 p95=   50.04 p99=   50.04 rps=   0.03
window 1m
  calc.additional.maxViewersSummary             n= 8668 err=   0 errRate=  0.00% avg=   16.33 min=   12.66 max=  305.55 p50=   13.78 p95=   31.27 p99=   57.52 rps= 144.47
  controller.AnalyticsController.maxViewersSummary n= 8668 err=   0 errRate=  0.00% avg=   16.47 min=   12.74 max=  305.66 p50=   13.91 p95=   31.45 p99=   58.22 rps= 144.47
  s2s.crud.fetchAllTickets                      n= 8668 err=   0 errRate=  0.00% avg=   16.26 min=   12.61 max=  305.50 p50=   13.74 p95=   31.03 p99=   57.39 rps= 144.47
  s2s.crud.fetchFilms                           n=    2 err=   0 errRate=  0.00% avg=   44.13 min=   38.23 max=   50.04 p50=   44.13 p95=   49.44 p99=   49.92 rps=   0.03

2026-05-06T20:50:44.055Z  INFO 1 --- [lab8-additional-service] [   scheduling-1] r.h.l.a.o.ObservabilityService           : [lab8-additional-service] observability refresh
window 10s
  calc.additional.maxViewersSummary             n=  147 err=   0 errRate=  0.00% avg=   17.02 min=   13.11 max=   29.72 p50=   14.78 p95=   22.09 p99=   25.67 rps=  14.70
  controller.AnalyticsController.maxViewersSummary n=  147 err=   0 errRate=  0.00% avg=   17.20 min=   13.20 max=   30.09 p50=   15.07 p95=   22.30 p99=   25.81 rps=  14.70
  s2s.crud.fetchAllTickets                      n=  147 err=   0 errRate=  0.00% avg=   16.95 min=   13.07 max=   29.67 p50=   14.73 p95=   22.04 p99=   25.62 rps=  14.70
window 30s
  calc.additional.maxViewersSummary             n= 2847 err=   0 errRate=  0.00% avg=   14.37 min=   12.78 max=   69.10 p50=   13.78 p95=   19.00 p99=   22.05 rps=  94.90
  controller.AnalyticsController.maxViewersSummary n= 2847 err=   0 errRate=  0.00% avg=   14.51 min=   12.88 max=   69.43 p50=   13.90 p95=   19.36 p99=   22.23 rps=  94.90
  s2s.crud.fetchAllTickets                      n= 2847 err=   0 errRate=  0.00% avg=   14.31 min=   12.74 max=   50.26 p50=   13.74 p95=   18.94 p99=   21.92 rps=  94.90
  s2s.crud.fetchFilms                           n=    1 err=   0 errRate=  0.00% avg=   50.04 min=   50.04 max=   50.04 p50=   50.04 p95=   50.04 p99=   50.04 rps=   0.03
window 1m
  calc.additional.maxViewersSummary             n= 8502 err=   0 errRate=  0.00% avg=   16.29 min=   12.66 max=  305.55 p50=   13.78 p95=   30.78 p99=   57.56 rps= 141.70
  controller.AnalyticsController.maxViewersSummary n= 8502 err=   0 errRate=  0.00% avg=   16.43 min=   12.74 max=  305.66 p50=   13.91 p95=   31.03 p99=   58.31 rps= 141.70
  s2s.crud.fetchAllTickets                      n= 8502 err=   0 errRate=  0.00% avg=   16.22 min=   12.61 max=  305.50 p50=   13.74 p95=   30.56 p99=   57.46 rps= 141.70
  s2s.crud.fetchFilms                           n=    2 err=   0 errRate=  0.00% avg=   44.13 min=   38.23 max=   50.04 p50=   44.13 p95=   49.44 p99=   49.92 rps=   0.03

2026-05-06T20:50:45.060Z  INFO 1 --- [lab8-additional-service] [   scheduling-1] r.h.l.a.o.ObservabilityService           : [lab8-additional-service] observability refresh
window 10s
  calc.additional.maxViewersSummary             n=  148 err=   0 errRate=  0.00% avg=   17.04 min=   13.11 max=   29.72 p50=   14.82 p95=   21.99 p99=   25.62 rps=  14.80
  controller.AnalyticsController.maxViewersSummary n=  148 err=   0 errRate=  0.00% avg=   17.23 min=   13.20 max=   30.09 p50=   15.07 p95=   22.23 p99=   25.77 rps=  14.80
  s2s.crud.fetchAllTickets                      n=  148 err=   0 errRate=  0.00% avg=   16.98 min=   13.07 max=   29.67 p50=   14.76 p95=   21.93 p99=   25.57 rps=  14.80
window 30s
  calc.additional.maxViewersSummary             n= 2685 err=   0 errRate=  0.00% avg=   14.35 min=   12.78 max=   69.10 p50=   13.79 p95=   19.50 p99=   21.74 rps=  89.50
  controller.AnalyticsController.maxViewersSummary n= 2685 err=   0 errRate=  0.00% avg=   14.49 min=   12.88 max=   69.43 p50=   13.91 p95=   19.70 p99=   21.96 rps=  89.50
  s2s.crud.fetchAllTickets                      n= 2685 err=   0 errRate=  0.00% avg=   14.29 min=   12.74 max=   39.91 p50=   13.76 p95=   19.41 p99=   21.62 rps=  89.50
  s2s.crud.fetchFilms                           n=    1 err=   0 errRate=  0.00% avg=   50.04 min=   50.04 max=   50.04 p50=   50.04 p95=   50.04 p99=   50.04 rps=   0.03
window 1m
  calc.additional.maxViewersSummary             n= 8352 err=   0 errRate=  0.00% avg=   16.24 min=   12.66 max=  305.55 p50=   13.78 p95=   30.56 p99=   57.38 rps= 139.20
  controller.AnalyticsController.maxViewersSummary n= 8352 err=   0 errRate=  0.00% avg=   16.39 min=   12.74 max=  305.66 p50=   13.90 p95=   30.73 p99=   57.70 rps= 139.20
  s2s.crud.fetchAllTickets                      n= 8352 err=   0 errRate=  0.00% avg=   16.17 min=   12.61 max=  305.50 p50=   13.74 p95=   30.36 p99=   56.96 rps= 139.20
  s2s.crud.fetchFilms                           n=    2 err=   0 errRate=  0.00% avg=   44.13 min=   38.23 max=   50.04 p50=   44.13 p95=   49.44 p99=   49.92 rps=   0.03

2026-05-06T20:50:46.066Z  INFO 1 --- [lab8-additional-service] [   scheduling-1] r.h.l.a.o.ObservabilityService           : [lab8-additional-service] observability refresh
window 10s
  calc.additional.maxViewersSummary             n=  152 err=   0 errRate=  0.00% avg=   16.83 min=   13.11 max=   27.81 p50=   14.64 p95=   21.73 p99=   22.64 rps=  15.20
  controller.AnalyticsController.maxViewersSummary n=  152 err=   0 errRate=  0.00% avg=   17.02 min=   13.20 max=   27.95 p50=   14.94 p95=   21.96 p99=   22.77 rps=  15.20
  s2s.crud.fetchAllTickets                      n=  152 err=   0 errRate=  0.00% avg=   16.77 min=   13.07 max=   27.76 p50=   14.59 p95=   21.67 p99=   22.59 rps=  15.20
window 30s
  calc.additional.maxViewersSummary             n= 2486 err=   0 errRate=  0.00% avg=   14.43 min=   12.78 max=   69.10 p50=   13.82 p95=   20.08 p99=   21.83 rps=  82.87
  controller.AnalyticsController.maxViewersSummary n= 2486 err=   0 errRate=  0.00% avg=   14.56 min=   12.88 max=   69.43 p50=   13.94 p95=   20.27 p99=   22.01 rps=  82.87
  s2s.crud.fetchAllTickets                      n= 2486 err=   0 errRate=  0.00% avg=   14.36 min=   12.74 max=   39.91 p50=   13.78 p95=   20.01 p99=   21.71 rps=  82.87
  s2s.crud.fetchFilms                           n=    1 err=   0 errRate=  0.00% avg=   50.04 min=   50.04 max=   50.04 p50=   50.04 p95=   50.04 p99=   50.04 rps=   0.03
window 1m
  calc.additional.maxViewersSummary             n= 8177 err=   0 errRate=  0.00% avg=   16.30 min=   12.66 max=  305.55 p50=   13.78 p95=   30.88 p99=   57.51 rps= 136.28
  controller.AnalyticsController.maxViewersSummary n= 8177 err=   0 errRate=  0.00% avg=   16.44 min=   12.74 max=  305.66 p50=   13.91 p95=   31.12 p99=   58.21 rps= 136.28
  s2s.crud.fetchAllTickets                      n= 8177 err=   0 errRate=  0.00% avg=   16.23 min=   12.61 max=  305.50 p50=   13.74 p95=   30.62 p99=   57.39 rps= 136.28
  s2s.crud.fetchFilms                           n=    2 err=   0 errRate=  0.00% avg=   44.13 min=   38.23 max=   50.04 p50=   44.13 p95=   49.44 p99=   49.92 rps=   0.03

2026-05-06T20:50:47.072Z  INFO 1 --- [lab8-additional-service] [   scheduling-1] r.h.l.a.o.ObservabilityService           : [lab8-additional-service] observability refresh
window 10s
  calc.additional.maxViewersSummary             n=  165 err=   0 errRate=  0.00% avg=   16.58 min=   13.11 max=   27.81 p50=   14.55 p95=   21.59 p99=   22.63 rps=  16.50
  controller.AnalyticsController.maxViewersSummary n=  165 err=   0 errRate=  0.00% avg=   16.77 min=   13.20 max=   27.95 p50=   14.77 p95=   21.86 p99=   22.77 rps=  16.50
  s2s.crud.fetchAllTickets                      n=  165 err=   0 errRate=  0.00% avg=   16.53 min=   13.07 max=   27.76 p50=   14.49 p95=   21.52 p99=   22.57 rps=  16.50
window 30s
  calc.additional.maxViewersSummary             n= 2300 err=   0 errRate=  0.00% avg=   14.51 min=   12.78 max=   69.10 p50=   13.86 p95=   20.27 p99=   21.87 rps=  76.67
  controller.AnalyticsController.maxViewersSummary n= 2300 err=   0 errRate=  0.00% avg=   14.65 min=   12.88 max=   69.43 p50=   13.99 p95=   20.45 p99=   22.07 rps=  76.67
  s2s.crud.fetchAllTickets                      n= 2300 err=   0 errRate=  0.00% avg=   14.44 min=   12.74 max=   39.91 p50=   13.82 p95=   20.22 p99=   21.76 rps=  76.67
  s2s.crud.fetchFilms                           n=    1 err=   0 errRate=  0.00% avg=   50.04 min=   50.04 max=   50.04 p50=   50.04 p95=   50.04 p99=   50.04 rps=   0.03
window 1m
  calc.additional.maxViewersSummary             n= 7996 err=   0 errRate=  0.00% avg=   16.36 min=   12.66 max=  305.55 p50=   13.79 p95=   31.17 p99=   58.16 rps= 133.27
  controller.AnalyticsController.maxViewersSummary n= 7996 err=   0 errRate=  0.00% avg=   16.50 min=   12.74 max=  305.66 p50=   13.92 p95=   31.37 p99=   58.33 rps= 133.27
  s2s.crud.fetchAllTickets                      n= 7996 err=   0 errRate=  0.00% avg=   16.29 min=   12.61 max=  305.50 p50=   13.75 p95=   30.95 p99=   57.56 rps= 133.27
  s2s.crud.fetchFilms                           n=    2 err=   0 errRate=  0.00% avg=   44.13 min=   38.23 max=   50.04 p50=   44.13 p95=   49.44 p99=   49.92 rps=   0.03

2026-05-06T20:50:48.077Z  INFO 1 --- [lab8-additional-service] [   scheduling-1] r.h.l.a.o.ObservabilityService           : [lab8-additional-service] observability refresh
window 10s
  calc.additional.maxViewersSummary             n=  169 err=   0 errRate=  0.00% avg=   16.61 min=   13.11 max=   27.81 p50=   14.55 p95=   21.80 p99=   24.23 rps=  16.90
  controller.AnalyticsController.maxViewersSummary n=  169 err=   0 errRate=  0.00% avg=   16.79 min=   13.20 max=   27.95 p50=   14.74 p95=   21.99 p99=   24.50 rps=  16.90
  s2s.crud.fetchAllTickets                      n=  169 err=   0 errRate=  0.00% avg=   16.55 min=   13.07 max=   27.76 p50=   14.49 p95=   21.75 p99=   24.19 rps=  16.90
window 30s
  calc.additional.maxViewersSummary             n= 2109 err=   0 errRate=  0.00% avg=   14.53 min=   12.78 max=   69.10 p50=   13.87 p95=   20.36 p99=   22.03 rps=  70.30
  controller.AnalyticsController.maxViewersSummary n= 2109 err=   0 errRate=  0.00% avg=   14.67 min=   12.88 max=   69.43 p50=   14.00 p95=   20.53 p99=   22.27 rps=  70.30
  s2s.crud.fetchAllTickets                      n= 2109 err=   0 errRate=  0.00% avg=   14.46 min=   12.74 max=   39.91 p50=   13.82 p95=   20.30 p99=   21.90 rps=  70.30
  s2s.crud.fetchFilms                           n=    1 err=   0 errRate=  0.00% avg=   50.04 min=   50.04 max=   50.04 p50=   50.04 p95=   50.04 p99=   50.04 rps=   0.03
window 1m
  calc.additional.maxViewersSummary             n= 7812 err=   0 errRate=  0.00% avg=   16.43 min=   12.66 max=  305.55 p50=   13.80 p95=   31.44 p99=   58.32 rps= 130.20
  controller.AnalyticsController.maxViewersSummary n= 7812 err=   0 errRate=  0.00% avg=   16.57 min=   12.74 max=  305.66 p50=   13.92 p95=   31.62 p99=   58.80 rps= 130.20
  s2s.crud.fetchAllTickets                      n= 7812 err=   0 errRate=  0.00% avg=   16.35 min=   12.61 max=  305.50 p50=   13.76 p95=   31.23 p99=   58.16 rps= 130.20
  s2s.crud.fetchFilms                           n=    2 err=   0 errRate=  0.00% avg=   44.13 min=   38.23 max=   50.04 p50=   44.13 p95=   49.44 p99=   49.92 rps=   0.03

2026-05-06T20:50:49.082Z  INFO 1 --- [lab8-additional-service] [   scheduling-1] r.h.l.a.o.ObservabilityService           : [lab8-additional-service] observability refresh
window 10s
  calc.additional.maxViewersSummary             n=  161 err=   0 errRate=  0.00% avg=   16.49 min=   13.11 max=   27.81 p50=   14.40 p95=   21.65 p99=   24.54 rps=  16.10
  controller.AnalyticsController.maxViewersSummary n=  161 err=   0 errRate=  0.00% avg=   16.68 min=   13.20 max=   27.95 p50=   14.55 p95=   21.86 p99=   24.80 rps=  16.10
  s2s.crud.fetchAllTickets                      n=  161 err=   0 errRate=  0.00% avg=   16.43 min=   13.07 max=   27.76 p50=   14.35 p95=   21.60 p99=   24.50 rps=  16.10
window 30s
  calc.additional.maxViewersSummary             n= 1914 err=   0 errRate=  0.00% avg=   14.56 min=   12.81 max=   69.10 p50=   13.88 p95=   20.38 p99=   22.40 rps=  63.80
  controller.AnalyticsController.maxViewersSummary n= 1914 err=   0 errRate=  0.00% avg=   14.70 min=   12.91 max=   69.43 p50=   14.02 p95=   20.56 p99=   22.61 rps=  63.80
  s2s.crud.fetchAllTickets                      n= 1914 err=   0 errRate=  0.00% avg=   14.49 min=   12.78 max=   39.91 p50=   13.84 p95=   20.32 p99=   22.06 rps=  63.80
  s2s.crud.fetchFilms                           n=    1 err=   0 errRate=  0.00% avg=   50.04 min=   50.04 max=   50.04 p50=   50.04 p95=   50.04 p99=   50.04 rps=   0.03
window 1m
  calc.additional.maxViewersSummary             n= 7648 err=   0 errRate=  0.00% avg=   16.37 min=   12.66 max=  305.55 p50=   13.79 p95=   31.68 p99=   58.53 rps= 127.47
  controller.AnalyticsController.maxViewersSummary n= 7648 err=   0 errRate=  0.00% avg=   16.51 min=   12.74 max=  305.66 p50=   13.92 p95=   31.87 p99=   58.86 rps= 127.47
  s2s.crud.fetchAllTickets                      n= 7648 err=   0 errRate=  0.00% avg=   16.29 min=   12.61 max=  305.50 p50=   13.75 p95=   31.45 p99=   58.34 rps= 127.47
  s2s.crud.fetchFilms                           n=    2 err=   0 errRate=  0.00% avg=   44.13 min=   38.23 max=   50.04 p50=   44.13 p95=   49.44 p99=   49.92 rps=   0.03

2026-05-06T20:50:50.002Z  INFO 1 --- [lab8-additional-service] [   scheduling-1] r.h.l.a.service.FilmCacheService         : film-cache stats: size=310 ttlMs=30000 lastRefreshAtMs=1778100627188 hits=41125 misses=7 refreshes=7
2026-05-06T20:50:50.086Z  INFO 1 --- [lab8-additional-service] [   scheduling-1] r.h.l.a.o.ObservabilityService           : [lab8-additional-service] observability refresh
window 10s
  calc.additional.maxViewersSummary             n=  165 err=   0 errRate=  0.00% avg=   16.51 min=   13.11 max=   27.81 p50=   14.46 p95=   21.63 p99=   24.38 rps=  16.50
  controller.AnalyticsController.maxViewersSummary n=  165 err=   0 errRate=  0.00% avg=   16.70 min=   13.20 max=   27.95 p50=   14.64 p95=   21.86 p99=   24.65 rps=  16.50
  s2s.crud.fetchAllTickets                      n=  165 err=   0 errRate=  0.00% avg=   16.45 min=   13.07 max=   27.76 p50=   14.40 p95=   21.59 p99=   24.34 rps=  16.50
window 30s
  calc.additional.maxViewersSummary             n= 1747 err=   0 errRate=  0.00% avg=   14.63 min=   12.81 max=   69.10 p50=   13.91 p95=   20.48 p99=   22.45 rps=  58.23
  controller.AnalyticsController.maxViewersSummary n= 1747 err=   0 errRate=  0.00% avg=   14.77 min=   12.91 max=   69.43 p50=   14.03 p95=   20.65 p99=   22.70 rps=  58.23
  s2s.crud.fetchAllTickets                      n= 1747 err=   0 errRate=  0.00% avg=   14.56 min=   12.78 max=   39.91 p50=   13.86 p95=   20.43 p99=   22.19 rps=  58.23
  s2s.crud.fetchFilms                           n=    1 err=   0 errRate=  0.00% avg=   50.04 min=   50.04 max=   50.04 p50=   50.04 p95=   50.04 p99=   50.04 rps=   0.03
window 1m
  calc.additional.maxViewersSummary             n= 7486 err=   0 errRate=  0.00% avg=   16.28 min=   12.66 max=  305.55 p50=   13.79 p95=   30.68 p99=   58.82 rps= 124.77
  controller.AnalyticsController.maxViewersSummary n= 7487 err=   0 errRate=  0.00% avg=   16.42 min=   12.74 max=  305.66 p50=   13.91 p95=   30.89 p99=   59.00 rps= 124.78
  s2s.crud.fetchAllTickets                      n= 7486 err=   0 errRate=  0.00% avg=   16.20 min=   12.61 max=  305.50 p50=   13.75 p95=   30.40 p99=   58.62 rps= 124.77
  s2s.crud.fetchFilms                           n=    2 err=   0 errRate=  0.00% avg=   44.13 min=   38.23 max=   50.04 p50=   44.13 p95=   49.44 p99=   49.92 rps=   0.03

2026-05-06T20:50:51.091Z  INFO 1 --- [lab8-additional-service] [   scheduling-1] r.h.l.a.o.ObservabilityService           : [lab8-additional-service] observability refresh
window 10s
  calc.additional.maxViewersSummary             n=  165 err=   0 errRate=  0.00% avg=   16.38 min=   13.22 max=   26.90 p50=   14.40 p95=   21.54 p99=   22.73 rps=  16.50
  controller.AnalyticsController.maxViewersSummary n=  165 err=   0 errRate=  0.00% avg=   16.57 min=   13.36 max=   27.03 p50=   14.58 p95=   21.77 p99=   23.06 rps=  16.50
  s2s.crud.fetchAllTickets                      n=  165 err=   0 errRate=  0.00% avg=   16.32 min=   13.18 max=   26.86 p50=   14.32 p95=   21.47 p99=   22.67 rps=  16.50
window 30s
  calc.additional.maxViewersSummary             n= 1561 err=   0 errRate=  0.00% avg=   14.76 min=   12.81 max=   69.10 p50=   13.95 p95=   20.65 p99=   22.52 rps=  52.03
  controller.AnalyticsController.maxViewersSummary n= 1561 err=   0 errRate=  0.00% avg=   14.90 min=   12.91 max=   69.43 p50=   14.08 p95=   20.83 p99=   22.73 rps=  52.03
  s2s.crud.fetchAllTickets                      n= 1561 err=   0 errRate=  0.00% avg=   14.68 min=   12.78 max=   39.91 p50=   13.90 p95=   20.57 p99=   22.33 rps=  52.03
  s2s.crud.fetchFilms                           n=    1 err=   0 errRate=  0.00% avg=   50.04 min=   50.04 max=   50.04 p50=   50.04 p95=   50.04 p99=   50.04 rps=   0.03
window 1m
  calc.additional.maxViewersSummary             n= 7314 err=   0 errRate=  0.00% avg=   16.34 min=   12.66 max=  305.55 p50=   13.79 p95=   31.05 p99=   58.88 rps= 121.90
  controller.AnalyticsController.maxViewersSummary n= 7314 err=   0 errRate=  0.00% avg=   16.48 min=   12.74 max=  305.66 p50=   13.91 p95=   31.26 p99=   59.55 rps= 121.90
  s2s.crud.fetchAllTickets                      n= 7314 err=   0 errRate=  0.00% avg=   16.26 min=   12.61 max=  305.50 p50=   13.75 p95=   30.74 p99=   58.81 rps= 121.90
  s2s.crud.fetchFilms                           n=    2 err=   0 errRate=  0.00% avg=   44.13 min=   38.23 max=   50.04 p50=   44.13 p95=   49.44 p99=   49.92 rps=   0.03

2026-05-06T20:50:52.097Z  INFO 1 --- [lab8-additional-service] [   scheduling-1] r.h.l.a.o.ObservabilityService           : [lab8-additional-service] observability refresh
window 10s
  calc.additional.maxViewersSummary             n=  171 err=   0 errRate=  0.00% avg=   16.21 min=   13.22 max=   26.90 p50=   14.34 p95=   21.34 p99=   22.71 rps=  17.10
  controller.AnalyticsController.maxViewersSummary n=  171 err=   0 errRate=  0.00% avg=   16.41 min=   13.36 max=   27.03 p50=   14.53 p95=   21.65 p99=   23.03 rps=  17.10
  s2s.crud.fetchAllTickets                      n=  171 err=   0 errRate=  0.00% avg=   16.15 min=   13.18 max=   26.86 p50=   14.27 p95=   21.28 p99=   22.65 rps=  17.10
window 30s
  calc.additional.maxViewersSummary             n= 1400 err=   0 errRate=  0.00% avg=   14.89 min=   12.85 max=   69.10 p50=   14.00 p95=   20.81 p99=   22.61 rps=  46.67
  controller.AnalyticsController.maxViewersSummary n= 1400 err=   0 errRate=  0.00% avg=   15.03 min=   12.94 max=   69.43 p50=   14.13 p95=   21.00 p99=   22.80 rps=  46.67
  s2s.crud.fetchAllTickets                      n= 1400 err=   0 errRate=  0.00% avg=   14.80 min=   12.81 max=   39.91 p50=   13.95 p95=   20.71 p99=   22.53 rps=  46.67
  s2s.crud.fetchFilms                           n=    1 err=   0 errRate=  0.00% avg=   50.04 min=   50.04 max=   50.04 p50=   50.04 p95=   50.04 p99=   50.04 rps=   0.03
window 1m
  calc.additional.maxViewersSummary             n= 7133 err=   0 errRate=  0.00% avg=   16.37 min=   12.66 max=  305.55 p50=   13.79 p95=   31.37 p99=   59.60 rps= 118.88
  controller.AnalyticsController.maxViewersSummary n= 7133 err=   0 errRate=  0.00% avg=   16.51 min=   12.74 max=  305.66 p50=   13.91 p95=   31.51 p99=   59.83 rps= 118.88
  s2s.crud.fetchAllTickets                      n= 7133 err=   0 errRate=  0.00% avg=   16.29 min=   12.61 max=  305.50 p50=   13.75 p95=   31.01 p99=   59.24 rps= 118.88
  s2s.crud.fetchFilms                           n=    2 err=   0 errRate=  0.00% avg=   44.13 min=   38.23 max=   50.04 p50=   44.13 p95=   49.44 p99=   49.92 rps=   0.03

2026-05-06T20:50:53.102Z  INFO 1 --- [lab8-additional-service] [   scheduling-1] r.h.l.a.o.ObservabilityService           : [lab8-additional-service] observability refresh
window 10s
  calc.additional.maxViewersSummary             n=  173 err=   0 errRate=  0.00% avg=   16.12 min=   13.22 max=   26.90 p50=   14.30 p95=   21.35 p99=   22.70 rps=  17.30
  controller.AnalyticsController.maxViewersSummary n=  173 err=   0 errRate=  0.00% avg=   16.31 min=   13.36 max=   27.03 p50=   14.47 p95=   21.65 p99=   23.03 rps=  17.30
  s2s.crud.fetchAllTickets                      n=  173 err=   0 errRate=  0.00% avg=   16.06 min=   13.18 max=   26.86 p50=   14.24 p95=   21.27 p99=   22.64 rps=  17.30
window 30s
  calc.additional.maxViewersSummary             n= 1210 err=   0 errRate=  0.00% avg=   15.04 min=   12.89 max=   69.10 p50=   14.02 p95=   20.93 p99=   22.72 rps=  40.33
  controller.AnalyticsController.maxViewersSummary n= 1210 err=   0 errRate=  0.00% avg=   15.19 min=   12.97 max=   69.43 p50=   14.17 p95=   21.13 p99=   22.91 rps=  40.33
  s2s.crud.fetchAllTickets                      n= 1210 err=   0 errRate=  0.00% avg=   14.95 min=   12.86 max=   39.91 p50=   13.97 p95=   20.86 p99=   22.64 rps=  40.33
  s2s.crud.fetchFilms                           n=    1 err=   0 errRate=  0.00% avg=   50.04 min=   50.04 max=   50.04 p50=   50.04 p95=   50.04 p99=   50.04 rps=   0.03
window 1m
  calc.additional.maxViewersSummary             n= 6965 err=   0 errRate=  0.00% avg=   16.37 min=   12.66 max=  305.55 p50=   13.79 p95=   31.21 p99=   59.83 rps= 116.08
  controller.AnalyticsController.maxViewersSummary n= 6965 err=   0 errRate=  0.00% avg=   16.52 min=   12.74 max=  305.66 p50=   13.91 p95=   31.38 p99=   60.48 rps= 116.08
  s2s.crud.fetchAllTickets                      n= 6965 err=   0 errRate=  0.00% avg=   16.29 min=   12.61 max=  305.50 p50=   13.75 p95=   30.85 p99=   59.65 rps= 116.08
  s2s.crud.fetchFilms                           n=    2 err=   0 errRate=  0.00% avg=   44.13 min=   38.23 max=   50.04 p50=   44.13 p95=   49.44 p99=   49.92 rps=   0.03

2026-05-06T20:50:54.108Z  INFO 1 --- [lab8-additional-service] [   scheduling-1] r.h.l.a.o.ObservabilityService           : [lab8-additional-service] observability refresh
window 10s
  calc.additional.maxViewersSummary             n=  192 err=   0 errRate=  0.00% avg=   16.05 min=   13.22 max=   26.90 p50=   14.28 p95=   21.32 p99=   22.12 rps=  19.20
  controller.AnalyticsController.maxViewersSummary n=  192 err=   0 errRate=  0.00% avg=   16.24 min=   13.36 max=   27.03 p50=   14.46 p95=   21.54 p99=   22.95 rps=  19.20
  s2s.crud.fetchAllTickets                      n=  192 err=   0 errRate=  0.00% avg=   15.99 min=   13.17 max=   26.86 p50=   14.23 p95=   21.24 p99=   22.06 rps=  19.20
window 30s
  calc.additional.maxViewersSummary             n= 1047 err=   0 errRate=  0.00% avg=   15.26 min=   12.89 max=   69.10 p50=   14.09 p95=   21.05 p99=   22.86 rps=  34.90
  controller.AnalyticsController.maxViewersSummary n= 1047 err=   0 errRate=  0.00% avg=   15.42 min=   12.97 max=   69.43 p50=   14.23 p95=   21.28 p99=   23.09 rps=  34.90
  s2s.crud.fetchAllTickets                      n= 1047 err=   0 errRate=  0.00% avg=   15.16 min=   12.86 max=   39.91 p50=   14.04 p95=   20.99 p99=   22.70 rps=  34.90
  s2s.crud.fetchFilms                           n=    1 err=   0 errRate=  0.00% avg=   50.04 min=   50.04 max=   50.04 p50=   50.04 p95=   50.04 p99=   50.04 rps=   0.03
window 1m
  calc.additional.maxViewersSummary             n= 6805 err=   0 errRate=  0.00% avg=   16.36 min=   12.66 max=  305.55 p50=   13.78 p95=   31.04 p99=   60.83 rps= 113.42
  controller.AnalyticsController.maxViewersSummary n= 6805 err=   0 errRate=  0.00% avg=   16.50 min=   12.74 max=  305.66 p50=   13.91 p95=   31.32 p99=   61.38 rps= 113.42
  s2s.crud.fetchAllTickets                      n= 6805 err=   0 errRate=  0.00% avg=   16.28 min=   12.61 max=  305.50 p50=   13.74 p95=   30.64 p99=   59.98 rps= 113.42
  s2s.crud.fetchFilms                           n=    2 err=   0 errRate=  0.00% avg=   44.13 min=   38.23 max=   50.04 p50=   44.13 p95=   49.44 p99=   49.92 rps=   0.03

2026-05-06T20:50:55.113Z  INFO 1 --- [lab8-additional-service] [   scheduling-1] r.h.l.a.o.ObservabilityService           : [lab8-additional-service] observability refresh
window 10s
  calc.additional.maxViewersSummary             n=  201 err=   0 errRate=  0.00% avg=   15.89 min=   13.22 max=   26.90 p50=   14.27 p95=   21.31 p99=   22.04 rps=  20.10
  controller.AnalyticsController.maxViewersSummary n=  201 err=   0 errRate=  0.00% avg=   16.07 min=   13.36 max=   27.03 p50=   14.44 p95=   21.50 p99=   22.91 rps=  20.10
  s2s.crud.fetchAllTickets                      n=  201 err=   0 errRate=  0.00% avg=   15.83 min=   13.17 max=   26.86 p50=   14.20 p95=   21.24 p99=   21.98 rps=  20.10
window 30s
  calc.additional.maxViewersSummary             n=  876 err=   0 errRate=  0.00% avg=   15.54 min=   12.98 max=   69.10 p50=   14.18 p95=   21.32 p99=   23.01 rps=  29.20
  controller.AnalyticsController.maxViewersSummary n=  876 err=   0 errRate=  0.00% avg=   15.71 min=   13.07 max=   69.43 p50=   14.34 p95=   21.58 p99=   23.31 rps=  29.20
  s2s.crud.fetchAllTickets                      n=  876 err=   0 errRate=  0.00% avg=   15.43 min=   12.91 max=   39.91 p50=   14.14 p95=   21.24 p99=   22.87 rps=  29.20
  s2s.crud.fetchFilms                           n=    1 err=   0 errRate=  0.00% avg=   50.04 min=   50.04 max=   50.04 p50=   50.04 p95=   50.04 p99=   50.04 rps=   0.03
window 1m
  calc.additional.maxViewersSummary             n= 6641 err=   0 errRate=  0.00% avg=   16.38 min=   12.66 max=  305.55 p50=   13.79 p95=   31.04 p99=   61.48 rps= 110.68
  controller.AnalyticsController.maxViewersSummary n= 6641 err=   0 errRate=  0.00% avg=   16.52 min=   12.74 max=  305.66 p50=   13.91 p95=   31.21 p99=   61.79 rps= 110.68
  s2s.crud.fetchAllTickets                      n= 6641 err=   0 errRate=  0.00% avg=   16.30 min=   12.61 max=  305.50 p50=   13.75 p95=   30.62 p99=   61.08 rps= 110.68
  s2s.crud.fetchFilms                           n=    2 err=   0 errRate=  0.00% avg=   44.13 min=   38.23 max=   50.04 p50=   44.13 p95=   49.44 p99=   49.92 rps=   0.03

2026-05-06T20:50:56.117Z  INFO 1 --- [lab8-additional-service] [   scheduling-1] r.h.l.a.o.ObservabilityService           : [lab8-additional-service] observability refresh
window 10s
  calc.additional.maxViewersSummary             n=  194 err=   0 errRate=  0.00% avg=   15.95 min=   13.23 max=   27.14 p50=   14.31 p95=   21.32 p99=   23.24 rps=  19.40
  controller.AnalyticsController.maxViewersSummary n=  194 err=   0 errRate=  0.00% avg=   16.13 min=   13.37 max=   27.43 p50=   14.48 p95=   21.53 p99=   23.57 rps=  19.40
  s2s.crud.fetchAllTickets                      n=  194 err=   0 errRate=  0.00% avg=   15.89 min=   13.17 max=   27.05 p50=   14.24 p95=   21.24 p99=   23.21 rps=  19.40
window 30s
  calc.additional.maxViewersSummary             n=  674 err=   0 errRate=  0.00% avg=   16.02 min=   12.99 max=   69.10 p50=   14.32 p95=   21.59 p99=   24.08 rps=  22.47
  controller.AnalyticsController.maxViewersSummary n=  674 err=   0 errRate=  0.00% avg=   16.19 min=   13.07 max=   69.43 p50=   14.48 p95=   21.79 p99=   24.24 rps=  22.47
  s2s.crud.fetchAllTickets                      n=  674 err=   0 errRate=  0.00% avg=   15.88 min=   12.91 max=   39.91 p50=   14.26 p95=   21.51 p99=   23.23 rps=  22.47
  s2s.crud.fetchFilms                           n=    1 err=   0 errRate=  0.00% avg=   50.04 min=   50.04 max=   50.04 p50=   50.04 p95=   50.04 p99=   50.04 rps=   0.03
window 1m
  calc.additional.maxViewersSummary             n= 6459 err=   0 errRate=  0.00% avg=   16.37 min=   12.66 max=  305.55 p50=   13.79 p95=   30.49 p99=   62.90 rps= 107.65
  controller.AnalyticsController.maxViewersSummary n= 6459 err=   0 errRate=  0.00% avg=   16.52 min=   12.74 max=  305.66 p50=   13.92 p95=   30.78 p99=   63.15 rps= 107.65
  s2s.crud.fetchAllTickets                      n= 6459 err=   0 errRate=  0.00% avg=   16.29 min=   12.61 max=  305.50 p50=   13.75 p95=   30.20 p99=   61.92 rps= 107.65
  s2s.crud.fetchFilms                           n=    2 err=   0 errRate=  0.00% avg=   44.13 min=   38.23 max=   50.04 p50=   44.13 p95=   49.44 p99=   49.92 rps=   0.03

2026-05-06T20:50:57.121Z  INFO 1 --- [lab8-additional-service] [   scheduling-1] r.h.l.a.o.ObservabilityService           : [lab8-additional-service] observability refresh
window 10s
  calc.additional.maxViewersSummary             n=  188 err=   0 errRate=  0.00% avg=   15.97 min=   13.23 max=   27.14 p50=   14.31 p95=   21.49 p99=   23.76 rps=  18.80
  controller.AnalyticsController.maxViewersSummary n=  188 err=   0 errRate=  0.00% avg=   16.16 min=   13.37 max=   27.43 p50=   14.51 p95=   21.68 p99=   23.91 rps=  18.80
  s2s.crud.fetchAllTickets                      n=  188 err=   0 errRate=  0.00% avg=   15.91 min=   13.17 max=   27.05 p50=   14.25 p95=   21.42 p99=   23.71 rps=  18.80
window 30s
  calc.additional.maxViewersSummary             n=  521 err=   0 errRate=  0.00% avg=   16.65 min=   12.99 max=   69.10 p50=   14.47 p95=   21.82 p99=   26.59 rps=  17.37
  controller.AnalyticsController.maxViewersSummary n=  521 err=   0 errRate=  0.00% avg=   16.83 min=   13.12 max=   69.43 p50=   14.67 p95=   22.05 p99=   26.72 rps=  17.37
  s2s.crud.fetchAllTickets                      n=  521 err=   0 errRate=  0.00% avg=   16.49 min=   12.91 max=   39.91 p50=   14.40 p95=   21.72 p99=   24.91 rps=  17.37
  s2s.crud.fetchFilms                           n=    1 err=   0 errRate=  0.00% avg=   50.04 min=   50.04 max=   50.04 p50=   50.04 p95=   50.04 p99=   50.04 rps=   0.03
window 1m
  calc.additional.maxViewersSummary             n= 6294 err=   0 errRate=  0.00% avg=   16.13 min=   12.66 max=  305.55 p50=   13.79 p95=   27.92 p99=   61.31 rps= 104.90
  controller.AnalyticsController.maxViewersSummary n= 6294 err=   0 errRate=  0.00% avg=   16.28 min=   12.74 max=  305.66 p50=   13.91 p95=   28.01 p99=   61.71 rps= 104.90
  s2s.crud.fetchAllTickets                      n= 6294 err=   0 errRate=  0.00% avg=   16.08 min=   12.61 max=  305.50 p50=   13.74 p95=   27.80 p99=   60.86 rps= 104.90
  s2s.crud.fetchFilms                           n=    1 err=   0 errRate=  0.00% avg=   50.04 min=   50.04 max=   50.04 p50=   50.04 p95=   50.04 p99=   50.04 rps=   0.02

2026-05-06T20:50:58.124Z  INFO 1 --- [lab8-additional-service] [   scheduling-1] r.h.l.a.o.ObservabilityService           : [lab8-additional-service] observability refresh
window 10s
  calc.additional.maxViewersSummary             n=  190 err=   0 errRate=  0.00% avg=   16.21 min=   13.23 max=   58.84 p50=   14.37 p95=   21.40 p99=   23.72 rps=  19.00
  controller.AnalyticsController.maxViewersSummary n=  190 err=   0 errRate=  0.00% avg=   16.40 min=   13.37 max=   59.00 p50=   14.57 p95=   21.61 p99=   23.88 rps=  19.00
  s2s.crud.fetchAllTickets                      n=  190 err=   0 errRate=  0.00% avg=   15.95 min=   13.17 max=   27.05 p50=   14.29 p95=   21.25 p99=   22.12 rps=  19.00
  s2s.crud.fetchFilms                           n=    1 err=   0 errRate=  0.00% avg=   37.88 min=   37.88 max=   37.88 p50=   37.88 p95=   37.88 p99=   37.88 rps=   0.10
window 30s
  calc.additional.maxViewersSummary             n=  526 err=   0 errRate=  0.00% avg=   16.55 min=   12.99 max=   58.84 p50=   14.46 p95=   21.68 p99=   26.08 rps=  17.53
  controller.AnalyticsController.maxViewersSummary n=  526 err=   0 errRate=  0.00% avg=   16.73 min=   13.12 max=   59.00 p50=   14.64 p95=   21.95 p99=   26.22 rps=  17.53
  s2s.crud.fetchAllTickets                      n=  526 err=   0 errRate=  0.00% avg=   16.41 min=   12.91 max=   39.91 p50=   14.39 p95=   21.59 p99=   23.49 rps=  17.53
  s2s.crud.fetchFilms                           n=    1 err=   0 errRate=  0.00% avg=   37.88 min=   37.88 max=   37.88 p50=   37.88 p95=   37.88 p99=   37.88 rps=   0.03
window 1m
  calc.additional.maxViewersSummary             n= 6164 err=   0 errRate=  0.00% avg=   15.59 min=   12.66 max=  242.55 p50=   13.78 p95=   23.86 p99=   49.43 rps= 102.73
  controller.AnalyticsController.maxViewersSummary n= 6164 err=   0 errRate=  0.00% avg=   15.73 min=   12.74 max=  242.63 p50=   13.90 p95=   24.10 p99=   49.72 rps= 102.73
  s2s.crud.fetchAllTickets                      n= 6164 err=   0 errRate=  0.00% avg=   15.53 min=   12.63 max=  242.52 p50=   13.74 p95=   23.58 p99=   49.22 rps= 102.73
  s2s.crud.fetchFilms                           n=    2 err=   0 errRate=  0.00% avg=   43.96 min=   37.88 max=   50.04 p50=   43.96 p95=   49.43 p99=   49.91 rps=   0.03

2026-05-06T20:50:59.128Z  INFO 1 --- [lab8-additional-service] [   scheduling-1] r.h.l.a.o.ObservabilityService           : [lab8-additional-service] observability refresh
window 10s
  calc.additional.maxViewersSummary             n=  192 err=   0 errRate=  0.00% avg=   16.38 min=   13.23 max=   58.84 p50=   14.38 p95=   21.56 p99=   24.10 rps=  19.20
  controller.AnalyticsController.maxViewersSummary n=  192 err=   0 errRate=  0.00% avg=   16.56 min=   13.37 max=   59.00 p50=   14.58 p95=   21.74 p99=   24.29 rps=  19.20
  s2s.crud.fetchAllTickets                      n=  192 err=   0 errRate=  0.00% avg=   16.12 min=   13.17 max=   27.05 p50=   14.31 p95=   21.41 p99=   23.34 rps=  19.20
  s2s.crud.fetchFilms                           n=    1 err=   0 errRate=  0.00% avg=   37.88 min=   37.88 max=   37.88 p50=   37.88 p95=   37.88 p99=   37.88 rps=   0.10
window 30s
  calc.additional.maxViewersSummary             n=  519 err=   0 errRate=  0.00% avg=   16.54 min=   13.11 max=   58.84 p50=   14.45 p95=   21.65 p99=   23.77 rps=  17.30
  controller.AnalyticsController.maxViewersSummary n=  519 err=   0 errRate=  0.00% avg=   16.72 min=   13.20 max=   59.00 p50=   14.63 p95=   21.93 p99=   23.95 rps=  17.30
  s2s.crud.fetchAllTickets                      n=  519 err=   0 errRate=  0.00% avg=   16.40 min=   13.07 max=   29.67 p50=   14.37 p95=   21.57 p99=   23.53 rps=  17.30
  s2s.crud.fetchFilms                           n=    1 err=   0 errRate=  0.00% avg=   37.88 min=   37.88 max=   37.88 p50=   37.88 p95=   37.88 p99=   37.88 rps=   0.03
window 1m
  calc.additional.maxViewersSummary             n= 6004 err=   0 errRate=  0.00% avg=   15.39 min=   12.66 max=  242.55 p50=   13.77 p95=   21.73 p99=   49.41 rps= 100.07
  controller.AnalyticsController.maxViewersSummary n= 6004 err=   0 errRate=  0.00% avg=   15.53 min=   12.74 max=  242.63 p50=   13.89 p95=   21.96 p99=   49.68 rps= 100.07
  s2s.crud.fetchAllTickets                      n= 6004 err=   0 errRate=  0.00% avg=   15.33 min=   12.63 max=  242.52 p50=   13.73 p95=   21.61 p99=   48.99 rps= 100.07
  s2s.crud.fetchFilms                           n=    2 err=   0 errRate=  0.00% avg=   43.96 min=   37.88 max=   50.04 p50=   43.96 p95=   49.43 p99=   49.91 rps=   0.03

2026-05-06T20:50:59.998Z  INFO 1 --- [lab8-additional-service] [   scheduling-1] r.h.l.a.service.FilmCacheService         : film-cache stats: size=310 ttlMs=30000 lastRefreshAtMs=1778100657191 hits=41311 misses=8 refreshes=8
2026-05-06T20:51:00.131Z  INFO 1 --- [lab8-additional-service] [   scheduling-1] r.h.l.a.o.ObservabilityService           : [lab8-additional-service] observability refresh
window 10s
  calc.additional.maxViewersSummary             n=  188 err=   0 errRate=  0.00% avg=   16.52 min=   13.23 max=   58.84 p50=   14.43 p95=   21.49 p99=   24.23 rps=  18.80
  controller.AnalyticsController.maxViewersSummary n=  188 err=   0 errRate=  0.00% avg=   16.70 min=   13.37 max=   59.00 p50=   14.60 p95=   21.68 p99=   24.43 rps=  18.80
  s2s.crud.fetchAllTickets                      n=  188 err=   0 errRate=  0.00% avg=   16.25 min=   13.17 max=   27.05 p50=   14.36 p95=   21.34 p99=   23.36 rps=  18.80
  s2s.crud.fetchFilms                           n=    1 err=   0 errRate=  0.00% avg=   37.88 min=   37.88 max=   37.88 p50=   37.88 p95=   37.88 p99=   37.88 rps=   0.10
window 30s
  calc.additional.maxViewersSummary             n=  511 err=   0 errRate=  0.00% avg=   16.59 min=   13.11 max=   58.84 p50=   14.46 p95=   21.67 p99=   23.78 rps=  17.03
  controller.AnalyticsController.maxViewersSummary n=  511 err=   0 errRate=  0.00% avg=   16.78 min=   13.20 max=   59.00 p50=   14.65 p95=   21.95 p99=   23.96 rps=  17.03
  s2s.crud.fetchAllTickets                      n=  511 err=   0 errRate=  0.00% avg=   16.45 min=   13.07 max=   29.67 p50=   14.40 p95=   21.58 p99=   23.55 rps=  17.03
  s2s.crud.fetchFilms                           n=    1 err=   0 errRate=  0.00% avg=   37.88 min=   37.88 max=   37.88 p50=   37.88 p95=   37.88 p99=   37.88 rps=   0.03
window 1m
  calc.additional.maxViewersSummary             n= 5824 err=   0 errRate=  0.00% avg=   15.40 min=   12.66 max=  242.55 p50=   13.77 p95=   21.70 p99=   49.57 rps=  97.07
  controller.AnalyticsController.maxViewersSummary n= 5824 err=   0 errRate=  0.00% avg=   15.54 min=   12.74 max=  242.63 p50=   13.89 p95=   21.93 p99=   49.91 rps=  97.07
  s2s.crud.fetchAllTickets                      n= 5824 err=   0 errRate=  0.00% avg=   15.34 min=   12.63 max=  242.52 p50=   13.73 p95=   21.60 p99=   49.36 rps=  97.07
  s2s.crud.fetchFilms                           n=    2 err=   0 errRate=  0.00% avg=   43.96 min=   37.88 max=   50.04 p50=   43.96 p95=   49.43 p99=   49.91 rps=   0.03

2026-05-06T20:51:01.134Z  INFO 1 --- [lab8-additional-service] [   scheduling-1] r.h.l.a.o.ObservabilityService           : [lab8-additional-service] observability refresh
window 10s
  calc.additional.maxViewersSummary             n=  184 err=   0 errRate=  0.00% avg=   16.50 min=   13.23 max=   58.84 p50=   14.35 p95=   21.50 p99=   24.37 rps=  18.40
  controller.AnalyticsController.maxViewersSummary n=  184 err=   0 errRate=  0.00% avg=   16.68 min=   13.37 max=   59.00 p50=   14.55 p95=   21.69 p99=   24.57 rps=  18.40
  s2s.crud.fetchAllTickets                      n=  184 err=   0 errRate=  0.00% avg=   16.23 min=   13.17 max=   27.05 p50=   14.28 p95=   21.36 p99=   23.38 rps=  18.40
  s2s.crud.fetchFilms                           n=    1 err=   0 errRate=  0.00% avg=   37.88 min=   37.88 max=   37.88 p50=   37.88 p95=   37.88 p99=   37.88 rps=   0.10
window 30s
  calc.additional.maxViewersSummary             n=  511 err=   0 errRate=  0.00% avg=   16.56 min=   13.11 max=   58.84 p50=   14.45 p95=   21.67 p99=   23.78 rps=  17.03
  controller.AnalyticsController.maxViewersSummary n=  511 err=   0 errRate=  0.00% avg=   16.75 min=   13.20 max=   59.00 p50=   14.63 p95=   21.95 p99=   23.96 rps=  17.03
  s2s.crud.fetchAllTickets                      n=  511 err=   0 errRate=  0.00% avg=   16.43 min=   13.07 max=   29.67 p50=   14.39 p95=   21.58 p99=   23.55 rps=  17.03
  s2s.crud.fetchFilms                           n=    1 err=   0 errRate=  0.00% avg=   37.88 min=   37.88 max=   37.88 p50=   37.88 p95=   37.88 p99=   37.88 rps=   0.03
window 1m
  calc.additional.maxViewersSummary             n= 5663 err=   0 errRate=  0.00% avg=   15.06 min=   12.66 max=  242.55 p50=   13.76 p95=   21.04 p99=   44.89 rps=  94.38
  controller.AnalyticsController.maxViewersSummary n= 5663 err=   0 errRate=  0.00% avg=   15.20 min=   12.74 max=  242.63 p50=   13.89 p95=   21.24 p99=   44.98 rps=  94.38
  s2s.crud.fetchAllTickets                      n= 5663 err=   0 errRate=  0.00% avg=   15.00 min=   12.63 max=  242.52 p50=   13.72 p95=   20.98 p99=   44.46 rps=  94.38
  s2s.crud.fetchFilms                           n=    2 err=   0 errRate=  0.00% avg=   43.96 min=   37.88 max=   50.04 p50=   43.96 p95=   49.43 p99=   49.91 rps=   0.03

2026-05-06T20:51:02.140Z  INFO 1 --- [lab8-additional-service] [   scheduling-1] r.h.l.a.o.ObservabilityService           : [lab8-additional-service] observability refresh
window 10s
  calc.additional.maxViewersSummary             n=  183 err=   0 errRate=  0.00% avg=   16.62 min=   13.23 max=   58.84 p50=   14.50 p95=   21.59 p99=   24.40 rps=  18.30
  controller.AnalyticsController.maxViewersSummary n=  183 err=   0 errRate=  0.00% avg=   16.80 min=   13.39 max=   59.00 p50=   14.70 p95=   21.76 p99=   24.60 rps=  18.30
  s2s.crud.fetchAllTickets                      n=  183 err=   0 errRate=  0.00% avg=   16.35 min=   13.17 max=   27.05 p50=   14.43 p95=   21.43 p99=   23.38 rps=  18.30
  s2s.crud.fetchFilms                           n=    1 err=   0 errRate=  0.00% avg=   37.88 min=   37.88 max=   37.88 p50=   37.88 p95=   37.88 p99=   37.88 rps=   0.10
window 30s
  calc.additional.maxViewersSummary             n=  512 err=   0 errRate=  0.00% avg=   16.55 min=   13.11 max=   58.84 p50=   14.46 p95=   21.63 p99=   23.75 rps=  17.07
  controller.AnalyticsController.maxViewersSummary n=  512 err=   0 errRate=  0.00% avg=   16.73 min=   13.20 max=   59.00 p50=   14.66 p95=   21.84 p99=   23.96 rps=  17.07
  s2s.crud.fetchAllTickets                      n=  512 err=   0 errRate=  0.00% avg=   16.41 min=   13.07 max=   29.67 p50=   14.40 p95=   21.56 p99=   23.30 rps=  17.07
  s2s.crud.fetchFilms                           n=    1 err=   0 errRate=  0.00% avg=   37.88 min=   37.88 max=   37.88 p50=   37.88 p95=   37.88 p99=   37.88 rps=   0.03
window 1m
  calc.additional.maxViewersSummary             n= 5498 err=   0 errRate=  0.00% avg=   15.07 min=   12.66 max=  242.55 p50=   13.76 p95=   21.04 p99=   45.24 rps=  91.63
  controller.AnalyticsController.maxViewersSummary n= 5499 err=   0 errRate=  0.00% avg=   15.21 min=   12.74 max=  242.63 p50=   13.89 p95=   21.24 p99=   45.50 rps=  91.65
  s2s.crud.fetchAllTickets                      n= 5498 err=   0 errRate=  0.00% avg=   15.01 min=   12.63 max=  242.52 p50=   13.72 p95=   20.98 p99=   44.77 rps=  91.63
  s2s.crud.fetchFilms                           n=    2 err=   0 errRate=  0.00% avg=   43.96 min=   37.88 max=   50.04 p50=   43.96 p95=   49.43 p99=   49.91 rps=   0.03

2026-05-06T20:51:03.143Z  INFO 1 --- [lab8-additional-service] [   scheduling-1] r.h.l.a.o.ObservabilityService           : [lab8-additional-service] observability refresh
window 10s
  calc.additional.maxViewersSummary             n=  183 err=   0 errRate=  0.00% avg=   16.65 min=   13.23 max=   58.84 p50=   14.51 p95=   21.59 p99=   24.40 rps=  18.30
  controller.AnalyticsController.maxViewersSummary n=  183 err=   0 errRate=  0.00% avg=   16.82 min=   13.39 max=   59.00 p50=   14.71 p95=   21.76 p99=   24.60 rps=  18.30
  s2s.crud.fetchAllTickets                      n=  183 err=   0 errRate=  0.00% avg=   16.38 min=   13.17 max=   27.05 p50=   14.46 p95=   21.43 p99=   23.38 rps=  18.30
  s2s.crud.fetchFilms                           n=    1 err=   0 errRate=  0.00% avg=   37.88 min=   37.88 max=   37.88 p50=   37.88 p95=   37.88 p99=   37.88 rps=   0.10
window 30s
  calc.additional.maxViewersSummary             n=  511 err=   0 errRate=  0.00% avg=   16.57 min=   13.11 max=   58.84 p50=   14.46 p95=   21.61 p99=   23.76 rps=  17.03
  controller.AnalyticsController.maxViewersSummary n=  511 err=   0 errRate=  0.00% avg=   16.75 min=   13.20 max=   59.00 p50=   14.65 p95=   21.80 p99=   23.96 rps=  17.03
  s2s.crud.fetchAllTickets                      n=  511 err=   0 errRate=  0.00% avg=   16.43 min=   13.07 max=   29.67 p50=   14.39 p95=   21.53 p99=   23.30 rps=  17.03
  s2s.crud.fetchFilms                           n=    1 err=   0 errRate=  0.00% avg=   37.88 min=   37.88 max=   37.88 p50=   37.88 p95=   37.88 p99=   37.88 rps=   0.03
window 1m
  calc.additional.maxViewersSummary             n= 5347 err=   0 errRate=  0.00% avg=   15.05 min=   12.66 max=  242.55 p50=   13.76 p95=   20.95 p99=   45.45 rps=  89.12
  controller.AnalyticsController.maxViewersSummary n= 5347 err=   0 errRate=  0.00% avg=   15.20 min=   12.74 max=  242.63 p50=   13.89 p95=   21.15 p99=   45.70 rps=  89.12
  s2s.crud.fetchAllTickets                      n= 5347 err=   0 errRate=  0.00% avg=   14.99 min=   12.63 max=  242.52 p50=   13.72 p95=   20.86 p99=   45.11 rps=  89.12
  s2s.crud.fetchFilms                           n=    2 err=   0 errRate=  0.00% avg=   43.96 min=   37.88 max=   50.04 p50=   43.96 p95=   49.43 p99=   49.91 rps=   0.03

2026-05-06T20:51:04.146Z  INFO 1 --- [lab8-additional-service] [   scheduling-1] r.h.l.a.o.ObservabilityService           : [lab8-additional-service] observability refresh
window 10s
  calc.additional.maxViewersSummary             n=  173 err=   0 errRate=  0.00% avg=   16.91 min=   13.30 max=   58.84 p50=   14.67 p95=   21.68 p99=   25.14 rps=  17.30
  controller.AnalyticsController.maxViewersSummary n=  173 err=   0 errRate=  0.00% avg=   17.08 min=   13.39 max=   59.00 p50=   14.84 p95=   21.89 p99=   25.45 rps=  17.30
  s2s.crud.fetchAllTickets                      n=  173 err=   0 errRate=  0.00% avg=   16.62 min=   13.26 max=   27.05 p50=   14.61 p95=   21.55 p99=   23.89 rps=  17.30
  s2s.crud.fetchFilms                           n=    1 err=   0 errRate=  0.00% avg=   37.88 min=   37.88 max=   37.88 p50=   37.88 p95=   37.88 p99=   37.88 rps=   0.10
window 30s
  calc.additional.maxViewersSummary             n=  513 err=   0 errRate=  0.00% avg=   16.62 min=   13.11 max=   58.84 p50=   14.49 p95=   21.62 p99=   24.30 rps=  17.10
  controller.AnalyticsController.maxViewersSummary n=  513 err=   0 errRate=  0.00% avg=   16.81 min=   13.20 max=   59.00 p50=   14.69 p95=   21.82 p99=   24.59 rps=  17.10
  s2s.crud.fetchAllTickets                      n=  513 err=   0 errRate=  0.00% avg=   16.48 min=   13.07 max=   29.67 p50=   14.43 p95=   21.54 p99=   23.68 rps=  17.10
  s2s.crud.fetchFilms                           n=    1 err=   0 errRate=  0.00% avg=   37.88 min=   37.88 max=   37.88 p50=   37.88 p95=   37.88 p99=   37.88 rps=   0.03
window 1m
  calc.additional.maxViewersSummary             n= 5173 err=   0 errRate=  0.00% avg=   15.00 min=   12.66 max=  242.55 p50=   13.77 p95=   20.84 p99=   45.10 rps=  86.22
  controller.AnalyticsController.maxViewersSummary n= 5173 err=   0 errRate=  0.00% avg=   15.14 min=   12.74 max=  242.63 p50=   13.90 p95=   21.03 p99=   45.24 rps=  86.22
  s2s.crud.fetchAllTickets                      n= 5173 err=   0 errRate=  0.00% avg=   14.94 min=   12.63 max=  242.52 p50=   13.73 p95=   20.76 p99=   44.59 rps=  86.22
  s2s.crud.fetchFilms                           n=    2 err=   0 errRate=  0.00% avg=   43.96 min=   37.88 max=   50.04 p50=   43.96 p95=   49.43 p99=   49.91 rps=   0.03

2026-05-06T20:51:05.149Z  INFO 1 --- [lab8-additional-service] [   scheduling-1] r.h.l.a.o.ObservabilityService           : [lab8-additional-service] observability refresh
window 10s
  calc.additional.maxViewersSummary             n=  169 err=   0 errRate=  0.00% avg=   16.91 min=   13.30 max=   58.84 p50=   14.73 p95=   21.61 p99=   25.25 rps=  16.90
  controller.AnalyticsController.maxViewersSummary n=  169 err=   0 errRate=  0.00% avg=   17.08 min=   13.39 max=   59.00 p50=   14.89 p95=   21.78 p99=   25.56 rps=  16.90
  s2s.crud.fetchAllTickets                      n=  169 err=   0 errRate=  0.00% avg=   16.62 min=   13.26 max=   27.05 p50=   14.64 p95=   21.52 p99=   23.92 rps=  16.90
  s2s.crud.fetchFilms                           n=    1 err=   0 errRate=  0.00% avg=   37.88 min=   37.88 max=   37.88 p50=   37.88 p95=   37.88 p99=   37.88 rps=   0.10
window 30s
  calc.additional.maxViewersSummary             n=  517 err=   0 errRate=  0.00% avg=   16.57 min=   13.11 max=   58.84 p50=   14.47 p95=   21.59 p99=   24.28 rps=  17.23
  controller.AnalyticsController.maxViewersSummary n=  517 err=   0 errRate=  0.00% avg=   16.75 min=   13.20 max=   59.00 p50=   14.66 p95=   21.78 p99=   24.57 rps=  17.23
  s2s.crud.fetchAllTickets                      n=  517 err=   0 errRate=  0.00% avg=   16.43 min=   13.07 max=   29.67 p50=   14.41 p95=   21.51 p99=   23.67 rps=  17.23
  s2s.crud.fetchFilms                           n=    1 err=   0 errRate=  0.00% avg=   37.88 min=   37.88 max=   37.88 p50=   37.88 p95=   37.88 p99=   37.88 rps=   0.03
window 1m
  calc.additional.maxViewersSummary             n= 5003 err=   0 errRate=  0.00% avg=   15.01 min=   12.66 max=  242.55 p50=   13.77 p95=   20.87 p99=   45.23 rps=  83.38
  controller.AnalyticsController.maxViewersSummary n= 5003 err=   0 errRate=  0.00% avg=   15.16 min=   12.74 max=  242.63 p50=   13.90 p95=   21.06 p99=   45.49 rps=  83.38
  s2s.crud.fetchAllTickets                      n= 5003 err=   0 errRate=  0.00% avg=   14.95 min=   12.63 max=  242.52 p50=   13.73 p95=   20.79 p99=   44.76 rps=  83.38
  s2s.crud.fetchFilms                           n=    2 err=   0 errRate=  0.00% avg=   43.96 min=   37.88 max=   50.04 p50=   43.96 p95=   49.43 p99=   49.91 rps=   0.03

2026-05-06T20:51:06.151Z  INFO 1 --- [lab8-additional-service] [   scheduling-1] r.h.l.a.o.ObservabilityService           : [lab8-additional-service] observability refresh
window 10s
  calc.additional.maxViewersSummary             n=  173 err=   0 errRate=  0.00% avg=   16.94 min=   13.30 max=   58.84 p50=   14.73 p95=   21.72 p99=   23.96 rps=  17.30
  controller.AnalyticsController.maxViewersSummary n=  173 err=   0 errRate=  0.00% avg=   17.11 min=   13.39 max=   59.00 p50=   14.92 p95=   21.89 p99=   24.18 rps=  17.30
  s2s.crud.fetchAllTickets                      n=  173 err=   0 errRate=  0.00% avg=   16.65 min=   13.26 max=   24.30 p50=   14.66 p95=   21.55 p99=   23.43 rps=  17.30
  s2s.crud.fetchFilms                           n=    1 err=   0 errRate=  0.00% avg=   37.88 min=   37.88 max=   37.88 p50=   37.88 p95=   37.88 p99=   37.88 rps=   0.10
window 30s
  calc.additional.maxViewersSummary             n=  520 err=   0 errRate=  0.00% avg=   16.51 min=   13.11 max=   58.84 p50=   14.47 p95=   21.59 p99=   23.72 rps=  17.33
  controller.AnalyticsController.maxViewersSummary n=  520 err=   0 errRate=  0.00% avg=   16.69 min=   13.20 max=   59.00 p50=   14.67 p95=   21.78 p99=   23.95 rps=  17.33
  s2s.crud.fetchAllTickets                      n=  520 err=   0 errRate=  0.00% avg=   16.38 min=   13.07 max=   27.76 p50=   14.40 p95=   21.51 p99=   23.29 rps=  17.33
  s2s.crud.fetchFilms                           n=    1 err=   0 errRate=  0.00% avg=   37.88 min=   37.88 max=   37.88 p50=   37.88 p95=   37.88 p99=   37.88 rps=   0.03
window 1m
  calc.additional.maxViewersSummary             n= 4839 err=   0 errRate=  0.00% avg=   14.94 min=   12.66 max=  242.55 p50=   13.77 p95=   20.72 p99=   43.85 rps=  80.65
  controller.AnalyticsController.maxViewersSummary n= 4839 err=   0 errRate=  0.00% avg=   15.08 min=   12.74 max=  242.63 p50=   13.90 p95=   20.95 p99=   43.95 rps=  80.65
  s2s.crud.fetchAllTickets                      n= 4839 err=   0 errRate=  0.00% avg=   14.88 min=   12.63 max=  242.52 p50=   13.73 p95=   20.65 p99=   42.60 rps=  80.65
  s2s.crud.fetchFilms                           n=    2 err=   0 errRate=  0.00% avg=   43.96 min=   37.88 max=   50.04 p50=   43.96 p95=   49.43 p99=   49.91 rps=   0.03

2026-05-06T20:51:07.154Z  INFO 1 --- [lab8-additional-service] [   scheduling-1] r.h.l.a.o.ObservabilityService           : [lab8-additional-service] observability refresh
window 10s
  calc.additional.maxViewersSummary             n=  173 err=   0 errRate=  0.00% avg=   16.91 min=   13.30 max=   58.84 p50=   14.59 p95=   21.70 p99=   23.96 rps=  17.30
  controller.AnalyticsController.maxViewersSummary n=  173 err=   0 errRate=  0.00% avg=   17.07 min=   13.39 max=   59.00 p50=   14.71 p95=   21.86 p99=   24.18 rps=  17.30
  s2s.crud.fetchAllTickets                      n=  173 err=   0 errRate=  0.00% avg=   16.62 min=   13.25 max=   24.30 p50=   14.54 p95=   21.51 p99=   23.43 rps=  17.30
  s2s.crud.fetchFilms                           n=    1 err=   0 errRate=  0.00% avg=   37.88 min=   37.88 max=   37.88 p50=   37.88 p95=   37.88 p99=   37.88 rps=   0.10
window 30s
  calc.additional.maxViewersSummary             n=  526 err=   0 errRate=  0.00% avg=   16.46 min=   13.11 max=   58.84 p50=   14.45 p95=   21.60 p99=   23.69 rps=  17.53
  controller.AnalyticsController.maxViewersSummary n=  526 err=   0 errRate=  0.00% avg=   16.64 min=   13.20 max=   59.00 p50=   14.63 p95=   21.78 p99=   23.93 rps=  17.53
  s2s.crud.fetchAllTickets                      n=  526 err=   0 errRate=  0.00% avg=   16.32 min=   13.07 max=   27.76 p50=   14.37 p95=   21.51 p99=   23.29 rps=  17.53
  s2s.crud.fetchFilms                           n=    1 err=   0 errRate=  0.00% avg=   37.88 min=   37.88 max=   37.88 p50=   37.88 p95=   37.88 p99=   37.88 rps=   0.03
window 1m
  calc.additional.maxViewersSummary             n= 4665 err=   0 errRate=  0.00% avg=   14.87 min=   12.66 max=  242.55 p50=   13.78 p95=   20.68 p99=   37.93 rps=  77.75
  controller.AnalyticsController.maxViewersSummary n= 4665 err=   0 errRate=  0.00% avg=   15.02 min=   12.74 max=  242.63 p50=   13.90 p95=   20.84 p99=   38.06 rps=  77.75
  s2s.crud.fetchAllTickets                      n= 4665 err=   0 errRate=  0.00% avg=   14.81 min=   12.63 max=  242.52 p50=   13.74 p95=   20.61 p99=   37.37 rps=  77.75
  s2s.crud.fetchFilms                           n=    2 err=   0 errRate=  0.00% avg=   43.96 min=   37.88 max=   50.04 p50=   43.96 p95=   49.43 p99=   49.91 rps=   0.03

2026-05-06T20:51:08.158Z  INFO 1 --- [lab8-additional-service] [   scheduling-1] r.h.l.a.o.ObservabilityService           : [lab8-additional-service] observability refresh
window 10s
  calc.additional.maxViewersSummary             n=  171 err=   0 errRate=  0.00% avg=   16.54 min=   13.16 max=   24.37 p50=   14.45 p95=   21.58 p99=   23.49 rps=  17.10
  controller.AnalyticsController.maxViewersSummary n=  171 err=   0 errRate=  0.00% avg=   16.70 min=   13.28 max=   24.68 p50=   14.59 p95=   21.74 p99=   23.84 rps=  17.10
  s2s.crud.fetchAllTickets                      n=  171 err=   0 errRate=  0.00% avg=   16.47 min=   13.10 max=   24.30 p50=   14.37 p95=   21.49 p99=   23.43 rps=  17.10
window 30s
  calc.additional.maxViewersSummary             n=  529 err=   0 errRate=  0.00% avg=   16.44 min=   13.11 max=   58.84 p50=   14.44 p95=   21.59 p99=   23.68 rps=  17.63
  controller.AnalyticsController.maxViewersSummary n=  529 err=   0 errRate=  0.00% avg=   16.61 min=   13.20 max=   59.00 p50=   14.59 p95=   21.78 p99=   23.93 rps=  17.63
  s2s.crud.fetchAllTickets                      n=  529 err=   0 errRate=  0.00% avg=   16.30 min=   13.07 max=   27.76 p50=   14.37 p95=   21.51 p99=   23.29 rps=  17.63
  s2s.crud.fetchFilms                           n=    1 err=   0 errRate=  0.00% avg=   37.88 min=   37.88 max=   37.88 p50=   37.88 p95=   37.88 p99=   37.88 rps=   0.03
window 1m
  calc.additional.maxViewersSummary             n= 4472 err=   0 errRate=  0.00% avg=   14.92 min=   12.66 max=  242.55 p50=   13.79 p95=   20.70 p99=   39.08 rps=  74.53
  controller.AnalyticsController.maxViewersSummary n= 4472 err=   0 errRate=  0.00% avg=   15.06 min=   12.74 max=  242.63 p50=   13.91 p95=   20.92 p99=   39.56 rps=  74.53
  s2s.crud.fetchAllTickets                      n= 4472 err=   0 errRate=  0.00% avg=   14.85 min=   12.63 max=  242.52 p50=   13.75 p95=   20.64 p99=   37.87 rps=  74.53
  s2s.crud.fetchFilms                           n=    2 err=   0 errRate=  0.00% avg=   43.96 min=   37.88 max=   50.04 p50=   43.96 p95=   49.43 p99=   49.91 rps=   0.03

2026-05-06T20:51:09.161Z  INFO 1 --- [lab8-additional-service] [   scheduling-1] r.h.l.a.o.ObservabilityService           : [lab8-additional-service] observability refresh
window 10s
  calc.additional.maxViewersSummary             n=  167 err=   0 errRate=  0.00% avg=   16.59 min=   13.16 max=   24.37 p50=   14.56 p95=   21.48 p99=   22.93 rps=  16.70
  controller.AnalyticsController.maxViewersSummary n=  167 err=   0 errRate=  0.00% avg=   16.75 min=   13.28 max=   24.68 p50=   14.70 p95=   21.64 p99=   23.18 rps=  16.70
  s2s.crud.fetchAllTickets                      n=  167 err=   0 errRate=  0.00% avg=   16.52 min=   13.10 max=   24.30 p50=   14.51 p95=   21.40 p99=   22.87 rps=  16.70
window 30s
  calc.additional.maxViewersSummary             n=  521 err=   0 errRate=  0.00% avg=   16.46 min=   13.11 max=   58.84 p50=   14.41 p95=   21.58 p99=   23.71 rps=  17.37
  controller.AnalyticsController.maxViewersSummary n=  521 err=   0 errRate=  0.00% avg=   16.64 min=   13.20 max=   59.00 p50=   14.59 p95=   21.78 p99=   23.94 rps=  17.37
  s2s.crud.fetchAllTickets                      n=  521 err=   0 errRate=  0.00% avg=   16.32 min=   13.07 max=   27.76 p50=   14.36 p95=   21.50 p99=   23.29 rps=  17.37
  s2s.crud.fetchFilms                           n=    1 err=   0 errRate=  0.00% avg=   37.88 min=   37.88 max=   37.88 p50=   37.88 p95=   37.88 p99=   37.88 rps=   0.03
window 1m
  calc.additional.maxViewersSummary             n= 4293 err=   0 errRate=  0.00% avg=   14.85 min=   12.78 max=  242.55 p50=   13.81 p95=   20.67 p99=   32.01 rps=  71.55
  controller.AnalyticsController.maxViewersSummary n= 4293 err=   0 errRate=  0.00% avg=   14.99 min=   12.88 max=  242.63 p50=   13.93 p95=   20.83 p99=   32.17 rps=  71.55
  s2s.crud.fetchAllTickets                      n= 4293 err=   0 errRate=  0.00% avg=   14.78 min=   12.74 max=  242.52 p50=   13.76 p95=   20.57 p99=   31.28 rps=  71.55
  s2s.crud.fetchFilms                           n=    2 err=   0 errRate=  0.00% avg=   43.96 min=   37.88 max=   50.04 p50=   43.96 p95=   49.43 p99=   49.91 rps=   0.03

2026-05-06T20:51:09.998Z  INFO 1 --- [lab8-additional-service] [   scheduling-1] r.h.l.a.service.FilmCacheService         : film-cache stats: size=310 ttlMs=30000 lastRefreshAtMs=1778100657191 hits=41483 misses=8 refreshes=8
2026-05-06T20:51:10.164Z  INFO 1 --- [lab8-additional-service] [   scheduling-1] r.h.l.a.o.ObservabilityService           : [lab8-additional-service] observability refresh
window 10s
  calc.additional.maxViewersSummary             n=  172 err=   0 errRate=  0.00% avg=   16.42 min=   13.16 max=   24.37 p50=   14.44 p95=   21.51 p99=   22.91 rps=  17.20
  controller.AnalyticsController.maxViewersSummary n=  172 err=   0 errRate=  0.00% avg=   16.58 min=   13.28 max=   24.68 p50=   14.59 p95=   21.65 p99=   23.16 rps=  17.20
  s2s.crud.fetchAllTickets                      n=  172 err=   0 errRate=  0.00% avg=   16.35 min=   13.10 max=   24.30 p50=   14.37 p95=   21.42 p99=   22.85 rps=  17.20
window 30s
  calc.additional.maxViewersSummary             n=  524 err=   0 errRate=  0.00% avg=   16.47 min=   13.11 max=   58.84 p50=   14.44 p95=   21.58 p99=   23.70 rps=  17.47
  controller.AnalyticsController.maxViewersSummary n=  524 err=   0 errRate=  0.00% avg=   16.65 min=   13.20 max=   59.00 p50=   14.61 p95=   21.78 p99=   23.94 rps=  17.47
  s2s.crud.fetchAllTickets                      n=  524 err=   0 errRate=  0.00% avg=   16.34 min=   13.07 max=   27.76 p50=   14.37 p95=   21.50 p99=   23.29 rps=  17.47
  s2s.crud.fetchFilms                           n=    1 err=   0 errRate=  0.00% avg=   37.88 min=   37.88 max=   37.88 p50=   37.88 p95=   37.88 p99=   37.88 rps=   0.03
window 1m
  calc.additional.maxViewersSummary             n= 4115 err=   0 errRate=  0.00% avg=   14.68 min=   12.78 max=   69.10 p50=   13.81 p95=   20.61 p99=   25.27 rps=  68.58
  controller.AnalyticsController.maxViewersSummary n= 4115 err=   0 errRate=  0.00% avg=   14.82 min=   12.88 max=   69.43 p50=   13.93 p95=   20.77 p99=   25.44 rps=  68.58
  s2s.crud.fetchAllTickets                      n= 4115 err=   0 errRate=  0.00% avg=   14.61 min=   12.74 max=   52.11 p50=   13.77 p95=   20.52 p99=   24.22 rps=  68.58
  s2s.crud.fetchFilms                           n=    2 err=   0 errRate=  0.00% avg=   43.96 min=   37.88 max=   50.04 p50=   43.96 p95=   49.43 p99=   49.91 rps=   0.03

2026-05-06T20:51:11.167Z  INFO 1 --- [lab8-additional-service] [   scheduling-1] r.h.l.a.o.ObservabilityService           : [lab8-additional-service] observability refresh
window 10s
  calc.additional.maxViewersSummary             n=  176 err=   0 errRate=  0.00% avg=   16.35 min=   13.16 max=   24.37 p50=   14.44 p95=   21.54 p99=   23.34 rps=  17.60
  controller.AnalyticsController.maxViewersSummary n=  176 err=   0 errRate=  0.00% avg=   16.52 min=   13.28 max=   24.68 p50=   14.62 p95=   21.67 p99=   23.52 rps=  17.60
  s2s.crud.fetchAllTickets                      n=  176 err=   0 errRate=  0.00% avg=   16.28 min=   13.10 max=   24.30 p50=   14.37 p95=   21.45 p99=   23.28 rps=  17.60
window 30s
  calc.additional.maxViewersSummary             n=  526 err=   0 errRate=  0.00% avg=   16.41 min=   13.16 max=   58.84 p50=   14.40 p95=   21.55 p99=   23.61 rps=  17.53
  controller.AnalyticsController.maxViewersSummary n=  526 err=   0 errRate=  0.00% avg=   16.59 min=   13.28 max=   59.00 p50=   14.58 p95=   21.73 p99=   23.89 rps=  17.53
  s2s.crud.fetchAllTickets                      n=  526 err=   0 errRate=  0.00% avg=   16.27 min=   13.10 max=   27.05 p50=   14.32 p95=   21.44 p99=   23.29 rps=  17.53
  s2s.crud.fetchFilms                           n=    1 err=   0 errRate=  0.00% avg=   37.88 min=   37.88 max=   37.88 p50=   37.88 p95=   37.88 p99=   37.88 rps=   0.03
window 1m
  calc.additional.maxViewersSummary             n= 3935 err=   0 errRate=  0.00% avg=   14.67 min=   12.78 max=   69.10 p50=   13.82 p95=   20.60 p99=   23.67 rps=  65.58
  controller.AnalyticsController.maxViewersSummary n= 3935 err=   0 errRate=  0.00% avg=   14.82 min=   12.88 max=   69.43 p50=   13.94 p95=   20.77 p99=   23.88 rps=  65.58
  s2s.crud.fetchAllTickets                      n= 3935 err=   0 errRate=  0.00% avg=   14.60 min=   12.74 max=   50.26 p50=   13.78 p95=   20.52 p99=   23.39 rps=  65.58
  s2s.crud.fetchFilms                           n=    2 err=   0 errRate=  0.00% avg=   43.96 min=   37.88 max=   50.04 p50=   43.96 p95=   49.43 p99=   49.91 rps=   0.03

2026-05-06T20:51:12.169Z  INFO 1 --- [lab8-additional-service] [   scheduling-1] r.h.l.a.o.ObservabilityService           : [lab8-additional-service] observability refresh
window 10s
  calc.additional.maxViewersSummary             n=  168 err=   0 errRate=  0.00% avg=   16.45 min=   13.07 max=   24.37 p50=   14.44 p95=   21.52 p99=   23.38 rps=  16.80
  controller.AnalyticsController.maxViewersSummary n=  168 err=   0 errRate=  0.00% avg=   16.61 min=   13.20 max=   24.68 p50=   14.62 p95=   21.65 p99=   23.56 rps=  16.80
  s2s.crud.fetchAllTickets                      n=  168 err=   0 errRate=  0.00% avg=   16.39 min=   13.00 max=   24.30 p50=   14.38 p95=   21.42 p99=   23.32 rps=  16.80
window 30s
  calc.additional.maxViewersSummary             n=  523 err=   0 errRate=  0.00% avg=   16.43 min=   13.07 max=   58.84 p50=   14.41 p95=   21.54 p99=   23.62 rps=  17.43
  controller.AnalyticsController.maxViewersSummary n=  523 err=   0 errRate=  0.00% avg=   16.61 min=   13.20 max=   59.00 p50=   14.58 p95=   21.70 p99=   23.89 rps=  17.43
  s2s.crud.fetchAllTickets                      n=  523 err=   0 errRate=  0.00% avg=   16.29 min=   13.00 max=   27.05 p50=   14.35 p95=   21.43 p99=   23.29 rps=  17.43
  s2s.crud.fetchFilms                           n=    1 err=   0 errRate=  0.00% avg=   37.88 min=   37.88 max=   37.88 p50=   37.88 p95=   37.88 p99=   37.88 rps=   0.03
window 1m
  calc.additional.maxViewersSummary             n= 3713 err=   0 errRate=  0.00% avg=   14.73 min=   12.78 max=   69.10 p50=   13.83 p95=   20.67 p99=   24.30 rps=  61.88
  controller.AnalyticsController.maxViewersSummary n= 3713 err=   0 errRate=  0.00% avg=   14.88 min=   12.88 max=   69.43 p50=   13.96 p95=   20.84 p99=   24.59 rps=  61.88
  s2s.crud.fetchAllTickets                      n= 3713 err=   0 errRate=  0.00% avg=   14.66 min=   12.74 max=   50.26 p50=   13.79 p95=   20.60 p99=   23.64 rps=  61.88
  s2s.crud.fetchFilms                           n=    2 err=   0 errRate=  0.00% avg=   43.96 min=   37.88 max=   50.04 p50=   43.96 p95=   49.43 p99=   49.91 rps=   0.03

2026-05-06T20:51:13.171Z  INFO 1 --- [lab8-additional-service] [   scheduling-1] r.h.l.a.o.ObservabilityService           : [lab8-additional-service] observability refresh
window 10s
  calc.additional.maxViewersSummary             n=  157 err=   0 errRate=  0.00% avg=   18.98 min=   13.07 max=  154.54 p50=   14.52 p95=   22.33 p99=  125.75 rps=  15.70
  controller.AnalyticsController.maxViewersSummary n=  157 err=   0 errRate=  0.00% avg=   19.15 min=   13.20 max=  154.84 p50=   14.68 p95=   22.87 p99=  126.14 rps=  15.70
  s2s.crud.fetchAllTickets                      n=  157 err=   0 errRate=  0.00% avg=   18.91 min=   13.00 max=  154.48 p50=   14.47 p95=   22.28 p99=  125.68 rps=  15.70
window 30s
  calc.additional.maxViewersSummary             n=  513 err=   0 errRate=  0.00% avg=   17.18 min=   13.07 max=  154.54 p50=   14.42 p95=   21.62 p99=   29.02 rps=  17.10
  controller.AnalyticsController.maxViewersSummary n=  513 err=   0 errRate=  0.00% avg=   17.36 min=   13.20 max=  154.84 p50=   14.59 p95=   21.84 p99=   29.19 rps=  17.10
  s2s.crud.fetchAllTickets                      n=  513 err=   0 errRate=  0.00% avg=   17.05 min=   13.00 max=  154.48 p50=   14.36 p95=   21.52 p99=   27.03 rps=  17.10
  s2s.crud.fetchFilms                           n=    1 err=   0 errRate=  0.00% avg=   37.88 min=   37.88 max=   37.88 p50=   37.88 p95=   37.88 p99=   37.88 rps=   0.03
window 1m
  calc.additional.maxViewersSummary             n= 3515 err=   0 errRate=  0.00% avg=   14.87 min=   12.78 max=  154.54 p50=   13.85 p95=   20.69 p99=   25.18 rps=  58.58
  controller.AnalyticsController.maxViewersSummary n= 3515 err=   0 errRate=  0.00% avg=   15.01 min=   12.88 max=  154.84 p50=   13.99 p95=   20.88 p99=   25.37 rps=  58.58
  s2s.crud.fetchAllTickets                      n= 3515 err=   0 errRate=  0.00% avg=   14.80 min=   12.74 max=  154.48 p50=   13.81 p95=   20.63 p99=   23.72 rps=  58.58
  s2s.crud.fetchFilms                           n=    2 err=   0 errRate=  0.00% avg=   43.96 min=   37.88 max=   50.04 p50=   43.96 p95=   49.43 p99=   49.91 rps=   0.03

2026-05-06T20:51:14.173Z  INFO 1 --- [lab8-additional-service] [   scheduling-1] r.h.l.a.o.ObservabilityService           : [lab8-additional-service] observability refresh
window 10s
  calc.additional.maxViewersSummary             n=  139 err=   0 errRate=  0.00% avg=   19.16 min=   13.07 max=  154.54 p50=   14.48 p95=   22.22 p99=  133.96 rps=  13.90
  controller.AnalyticsController.maxViewersSummary n=  139 err=   0 errRate=  0.00% avg=   19.33 min=   13.20 max=  154.84 p50=   14.65 p95=   22.81 p99=  134.33 rps=  13.90
  s2s.crud.fetchAllTickets                      n=  139 err=   0 errRate=  0.00% avg=   19.09 min=   13.00 max=  154.48 p50=   14.39 p95=   22.17 p99=  133.89 rps=  13.90
window 30s
  calc.additional.maxViewersSummary             n=  507 err=   0 errRate=  0.00% avg=   17.20 min=   13.07 max=  154.54 p50=   14.41 p95=   21.61 p99=   29.14 rps=  16.90
  controller.AnalyticsController.maxViewersSummary n=  507 err=   0 errRate=  0.00% avg=   17.38 min=   13.20 max=  154.84 p50=   14.58 p95=   21.81 p99=   29.31 rps=  16.90
  s2s.crud.fetchAllTickets                      n=  507 err=   0 errRate=  0.00% avg=   17.06 min=   13.00 max=  154.48 p50=   14.35 p95=   21.51 p99=   27.04 rps=  16.90
  s2s.crud.fetchFilms                           n=    1 err=   0 errRate=  0.00% avg=   37.88 min=   37.88 max=   37.88 p50=   37.88 p95=   37.88 p99=   37.88 rps=   0.03
window 1m
  calc.additional.maxViewersSummary             n= 3336 err=   0 errRate=  0.00% avg=   14.74 min=   12.78 max=  154.54 p50=   13.85 p95=   20.60 p99=   22.46 rps=  55.60
  controller.AnalyticsController.maxViewersSummary n= 3336 err=   0 errRate=  0.00% avg=   14.89 min=   12.88 max=  154.84 p50=   13.99 p95=   20.77 p99=   22.72 rps=  55.60
  s2s.crud.fetchAllTickets                      n= 3336 err=   0 errRate=  0.00% avg=   14.67 min=   12.74 max=  154.48 p50=   13.81 p95=   20.52 p99=   22.07 rps=  55.60
  s2s.crud.fetchFilms                           n=    2 err=   0 errRate=  0.00% avg=   43.96 min=   37.88 max=   50.04 p50=   43.96 p95=   49.43 p99=   49.91 rps=   0.03

2026-05-06T20:51:15.176Z  INFO 1 --- [lab8-additional-service] [   scheduling-1] r.h.l.a.o.ObservabilityService           : [lab8-additional-service] observability refresh
window 10s
  calc.additional.maxViewersSummary             n=  124 err=   0 errRate=  0.00% avg=   24.70 min=   13.07 max=  164.86 p50=   14.60 p95=  105.14 p99=  163.60 rps=  12.40
  controller.AnalyticsController.maxViewersSummary n=  124 err=   0 errRate=  0.00% avg=   24.88 min=   13.20 max=  164.96 p50=   14.74 p95=  105.56 p99=  163.82 rps=  12.40
  s2s.crud.fetchAllTickets                      n=  124 err=   0 errRate=  0.00% avg=   24.63 min=   13.00 max=  164.82 p50=   14.55 p95=  105.08 p99=  163.55 rps=  12.40
window 30s
  calc.additional.maxViewersSummary             n=  496 err=   0 errRate=  0.00% avg=   18.44 min=   13.07 max=  164.86 p50=   14.41 p95=   21.91 p99=  120.33 rps=  16.53
  controller.AnalyticsController.maxViewersSummary n=  496 err=   0 errRate=  0.00% avg=   18.61 min=   13.20 max=  164.96 p50=   14.59 p95=   22.08 p99=  120.73 rps=  16.53
  s2s.crud.fetchAllTickets                      n=  496 err=   0 errRate=  0.00% avg=   18.30 min=   13.00 max=  164.82 p50=   14.36 p95=   21.74 p99=  120.27 rps=  16.53
  s2s.crud.fetchFilms                           n=    1 err=   0 errRate=  0.00% avg=   37.88 min=   37.88 max=   37.88 p50=   37.88 p95=   37.88 p99=   37.88 rps=   0.03
window 1m
  calc.additional.maxViewersSummary             n= 3158 err=   0 errRate=  0.00% avg=   15.00 min=   12.78 max=  164.86 p50=   13.88 p95=   20.68 p99=   22.77 rps=  52.63
  controller.AnalyticsController.maxViewersSummary n= 3158 err=   0 errRate=  0.00% avg=   15.14 min=   12.88 max=  164.96 p50=   14.01 p95=   20.85 p99=   23.06 rps=  52.63
  s2s.crud.fetchAllTickets                      n= 3158 err=   0 errRate=  0.00% avg=   14.92 min=   12.74 max=  164.82 p50=   13.83 p95=   20.61 p99=   22.66 rps=  52.63
  s2s.crud.fetchFilms                           n=    2 err=   0 errRate=  0.00% avg=   43.96 min=   37.88 max=   50.04 p50=   43.96 p95=   49.43 p99=   49.91 rps=   0.03

2026-05-06T20:51:16.178Z  INFO 1 --- [lab8-additional-service] [   scheduling-1] r.h.l.a.o.ObservabilityService           : [lab8-additional-service] observability refresh
window 10s
  calc.additional.maxViewersSummary             n=  121 err=   0 errRate=  0.00% avg=   26.68 min=   13.07 max=  164.86 p50=   14.61 p95=  105.68 p99=  163.61 rps=  12.10
  controller.AnalyticsController.maxViewersSummary n=  121 err=   0 errRate=  0.00% avg=   26.86 min=   13.20 max=  164.96 p50=   14.77 p95=  106.13 p99=  163.82 rps=  12.10
  s2s.crud.fetchAllTickets                      n=  121 err=   0 errRate=  0.00% avg=   26.62 min=   13.00 max=  164.82 p50=   14.55 p95=  105.61 p99=  163.56 rps=  12.10
window 30s
  calc.additional.maxViewersSummary             n=  488 err=   0 errRate=  0.00% avg=   18.95 min=   13.07 max=  164.86 p50=   14.45 p95=   22.55 p99=  122.94 rps=  16.27
  controller.AnalyticsController.maxViewersSummary n=  488 err=   0 errRate=  0.00% avg=   19.13 min=   13.20 max=  164.96 p50=   14.63 p95=   23.02 p99=  123.33 rps=  16.27
  s2s.crud.fetchAllTickets                      n=  488 err=   0 errRate=  0.00% avg=   18.81 min=   13.00 max=  164.82 p50=   14.38 p95=   22.03 p99=  122.88 rps=  16.27
  s2s.crud.fetchFilms                           n=    1 err=   0 errRate=  0.00% avg=   37.88 min=   37.88 max=   37.88 p50=   37.88 p95=   37.88 p99=   37.88 rps=   0.03
window 1m
  calc.additional.maxViewersSummary             n= 2952 err=   0 errRate=  0.00% avg=   15.18 min=   12.78 max=  164.86 p50=   13.91 p95=   20.78 p99=   23.33 rps=  49.20
  controller.AnalyticsController.maxViewersSummary n= 2952 err=   0 errRate=  0.00% avg=   15.33 min=   12.88 max=  164.96 p50=   14.05 p95=   20.97 p99=   23.54 rps=  49.20
  s2s.crud.fetchAllTickets                      n= 2952 err=   0 errRate=  0.00% avg=   15.10 min=   12.74 max=  164.82 p50=   13.87 p95=   20.70 p99=   23.13 rps=  49.20
  s2s.crud.fetchFilms                           n=    2 err=   0 errRate=  0.00% avg=   43.96 min=   37.88 max=   50.04 p50=   43.96 p95=   49.43 p99=   49.91 rps=   0.03

2026-05-06T20:51:17.180Z  INFO 1 --- [lab8-additional-service] [   scheduling-1] r.h.l.a.o.ObservabilityService           : [lab8-additional-service] observability refresh
window 10s
  calc.additional.maxViewersSummary             n=  123 err=   0 errRate=  0.00% avg=   26.42 min=   12.95 max=  164.86 p50=   14.63 p95=  105.32 p99=  163.60 rps=  12.30
  controller.AnalyticsController.maxViewersSummary n=  123 err=   0 errRate=  0.00% avg=   26.60 min=   13.06 max=  164.96 p50=   14.80 p95=  105.75 p99=  163.82 rps=  12.30
  s2s.crud.fetchAllTickets                      n=  123 err=   0 errRate=  0.00% avg=   26.37 min=   12.92 max=  164.82 p50=   14.56 p95=  105.26 p99=  163.55 rps=  12.30
window 30s
  calc.additional.maxViewersSummary             n=  486 err=   0 errRate=  0.00% avg=   18.94 min=   12.95 max=  164.86 p50=   14.44 p95=   22.61 p99=  123.59 rps=  16.20
  controller.AnalyticsController.maxViewersSummary n=  486 err=   0 errRate=  0.00% avg=   19.12 min=   13.06 max=  164.96 p50=   14.62 p95=   23.03 p99=  123.98 rps=  16.20
  s2s.crud.fetchAllTickets                      n=  486 err=   0 errRate=  0.00% avg=   18.80 min=   12.92 max=  164.82 p50=   14.37 p95=   22.04 p99=  123.53 rps=  16.20
  s2s.crud.fetchFilms                           n=    1 err=   0 errRate=  0.00% avg=   37.88 min=   37.88 max=   37.88 p50=   37.88 p95=   37.88 p99=   37.88 rps=   0.03
window 1m
  calc.additional.maxViewersSummary             n= 2761 err=   0 errRate=  0.00% avg=   15.28 min=   12.78 max=  164.86 p50=   13.94 p95=   20.84 p99=   23.47 rps=  46.02
  controller.AnalyticsController.maxViewersSummary n= 2761 err=   0 errRate=  0.00% avg=   15.43 min=   12.88 max=  164.96 p50=   14.09 p95=   21.03 p99=   23.78 rps=  46.02
  s2s.crud.fetchAllTickets                      n= 2761 err=   0 errRate=  0.00% avg=   15.20 min=   12.74 max=  164.82 p50=   13.90 p95=   20.76 p99=   23.19 rps=  46.02
  s2s.crud.fetchFilms                           n=    2 err=   0 errRate=  0.00% avg=   43.96 min=   37.88 max=   50.04 p50=   43.96 p95=   49.43 p99=   49.91 rps=   0.03

2026-05-06T20:51:18.182Z  INFO 1 --- [lab8-additional-service] [   scheduling-1] r.h.l.a.o.ObservabilityService           : [lab8-additional-service] observability refresh
window 10s
  calc.additional.maxViewersSummary             n=  123 err=   0 errRate=  0.00% avg=   26.38 min=   12.95 max=  164.86 p50=   14.49 p95=  105.32 p99=  163.60 rps=  12.30
  controller.AnalyticsController.maxViewersSummary n=  123 err=   0 errRate=  0.00% avg=   26.55 min=   13.06 max=  164.96 p50=   14.64 p95=  105.75 p99=  163.82 rps=  12.30
  s2s.crud.fetchAllTickets                      n=  123 err=   0 errRate=  0.00% avg=   26.32 min=   12.92 max=  164.82 p50=   14.45 p95=  105.26 p99=  163.55 rps=  12.30
window 30s
  calc.additional.maxViewersSummary             n=  484 err=   0 errRate=  0.00% avg=   18.92 min=   12.95 max=  164.86 p50=   14.44 p95=   22.03 p99=  124.24 rps=  16.13
  controller.AnalyticsController.maxViewersSummary n=  484 err=   0 errRate=  0.00% avg=   19.10 min=   13.06 max=  164.96 p50=   14.59 p95=   22.69 p99=  124.63 rps=  16.13
  s2s.crud.fetchAllTickets                      n=  484 err=   0 errRate=  0.00% avg=   18.78 min=   12.92 max=  164.82 p50=   14.37 p95=   21.94 p99=  124.18 rps=  16.13
  s2s.crud.fetchFilms                           n=    1 err=   0 errRate=  0.00% avg=   37.88 min=   37.88 max=   37.88 p50=   37.88 p95=   37.88 p99=   37.88 rps=   0.03
window 1m
  calc.additional.maxViewersSummary             n= 2574 err=   0 errRate=  0.00% avg=   15.34 min=   12.78 max=  164.86 p50=   13.95 p95=   20.90 p99=   23.72 rps=  42.90
  controller.AnalyticsController.maxViewersSummary n= 2574 err=   0 errRate=  0.00% avg=   15.48 min=   12.88 max=  164.96 p50=   14.09 p95=   21.08 p99=   23.94 rps=  42.90
  s2s.crud.fetchAllTickets                      n= 2574 err=   0 errRate=  0.00% avg=   15.25 min=   12.74 max=  164.82 p50=   13.91 p95=   20.80 p99=   23.38 rps=  42.90
  s2s.crud.fetchFilms                           n=    2 err=   0 errRate=  0.00% avg=   43.96 min=   37.88 max=   50.04 p50=   43.96 p95=   49.43 p99=   49.91 rps=   0.03

2026-05-06T20:51:19.183Z  INFO 1 --- [lab8-additional-service] [   scheduling-1] r.h.l.a.o.ObservabilityService           : [lab8-additional-service] observability refresh
window 10s
  calc.additional.maxViewersSummary             n=  123 err=   0 errRate=  0.00% avg=   26.26 min=   12.95 max=  164.86 p50=   14.44 p95=  105.32 p99=  163.60 rps=  12.30
  controller.AnalyticsController.maxViewersSummary n=  123 err=   0 errRate=  0.00% avg=   26.43 min=   13.06 max=  164.96 p50=   14.62 p95=  105.75 p99=  163.82 rps=  12.30
  s2s.crud.fetchAllTickets                      n=  123 err=   0 errRate=  0.00% avg=   26.19 min=   12.92 max=  164.82 p50=   14.39 p95=  105.26 p99=  163.55 rps=  12.30
window 30s
  calc.additional.maxViewersSummary             n=  482 err=   0 errRate=  0.00% avg=   18.96 min=   12.95 max=  164.86 p50=   14.44 p95=   22.04 p99=  124.89 rps=  16.07
  controller.AnalyticsController.maxViewersSummary n=  482 err=   0 errRate=  0.00% avg=   19.14 min=   13.06 max=  164.96 p50=   14.60 p95=   22.73 p99=  125.28 rps=  16.07
  s2s.crud.fetchAllTickets                      n=  482 err=   0 errRate=  0.00% avg=   18.82 min=   12.92 max=  164.82 p50=   14.37 p95=   21.94 p99=  124.83 rps=  16.07
  s2s.crud.fetchFilms                           n=    1 err=   0 errRate=  0.00% avg=   37.88 min=   37.88 max=   37.88 p50=   37.88 p95=   37.88 p99=   37.88 rps=   0.03
window 1m
  calc.additional.maxViewersSummary             n= 2381 err=   0 errRate=  0.00% avg=   15.46 min=   12.81 max=  164.86 p50=   13.98 p95=   20.95 p99=   24.56 rps=  39.68
  controller.AnalyticsController.maxViewersSummary n= 2381 err=   0 errRate=  0.00% avg=   15.61 min=   12.91 max=  164.96 p50=   14.12 p95=   21.14 p99=   24.84 rps=  39.68
  s2s.crud.fetchAllTickets                      n= 2381 err=   0 errRate=  0.00% avg=   15.38 min=   12.78 max=  164.82 p50=   13.93 p95=   20.86 p99=   23.66 rps=  39.68
  s2s.crud.fetchFilms                           n=    2 err=   0 errRate=  0.00% avg=   43.96 min=   37.88 max=   50.04 p50=   43.96 p95=   49.43 p99=   49.91 rps=   0.03

2026-05-06T20:51:19.998Z  INFO 1 --- [lab8-additional-service] [   scheduling-1] r.h.l.a.service.FilmCacheService         : film-cache stats: size=310 ttlMs=30000 lastRefreshAtMs=1778100657191 hits=41606 misses=8 refreshes=8
2026-05-06T20:51:20.185Z  INFO 1 --- [lab8-additional-service] [   scheduling-1] r.h.l.a.o.ObservabilityService           : [lab8-additional-service] observability refresh
window 10s
  calc.additional.maxViewersSummary             n=  121 err=   0 errRate=  0.00% avg=   26.39 min=   12.95 max=  164.86 p50=   14.44 p95=  105.68 p99=  163.61 rps=  12.10
  controller.AnalyticsController.maxViewersSummary n=  121 err=   0 errRate=  0.00% avg=   26.56 min=   13.06 max=  164.96 p50=   14.62 p95=  106.13 p99=  163.82 rps=  12.10
  s2s.crud.fetchAllTickets                      n=  121 err=   0 errRate=  0.00% avg=   26.32 min=   12.92 max=  164.82 p50=   14.39 p95=  105.61 p99=  163.56 rps=  12.10
window 30s
  calc.additional.maxViewersSummary             n=  482 err=   0 errRate=  0.00% avg=   18.98 min=   12.95 max=  164.86 p50=   14.44 p95=   22.01 p99=  124.89 rps=  16.07
  controller.AnalyticsController.maxViewersSummary n=  482 err=   0 errRate=  0.00% avg=   19.15 min=   13.06 max=  164.96 p50=   14.60 p95=   22.38 p99=  125.28 rps=  16.07
  s2s.crud.fetchAllTickets                      n=  482 err=   0 errRate=  0.00% avg=   18.83 min=   12.92 max=  164.82 p50=   14.37 p95=   21.91 p99=  124.83 rps=  16.07
  s2s.crud.fetchFilms                           n=    1 err=   0 errRate=  0.00% avg=   37.88 min=   37.88 max=   37.88 p50=   37.88 p95=   37.88 p99=   37.88 rps=   0.03
window 1m
  calc.additional.maxViewersSummary             n= 2202 err=   0 errRate=  0.00% avg=   15.58 min=   12.81 max=  164.86 p50=   13.98 p95=   21.04 p99=   25.30 rps=  36.70
  controller.AnalyticsController.maxViewersSummary n= 2202 err=   0 errRate=  0.00% avg=   15.73 min=   12.91 max=  164.96 p50=   14.13 p95=   21.24 p99=   25.48 rps=  36.70
  s2s.crud.fetchAllTickets                      n= 2202 err=   0 errRate=  0.00% avg=   15.50 min=   12.78 max=  164.82 p50=   13.94 p95=   20.93 p99=   23.73 rps=  36.70
  s2s.crud.fetchFilms                           n=    2 err=   0 errRate=  0.00% avg=   43.96 min=   37.88 max=   50.04 p50=   43.96 p95=   49.43 p99=   49.91 rps=   0.03

2026-05-06T20:51:21.187Z  INFO 1 --- [lab8-additional-service] [   scheduling-1] r.h.l.a.o.ObservabilityService           : [lab8-additional-service] observability refresh
window 10s
  calc.additional.maxViewersSummary             n=  118 err=   0 errRate=  0.00% avg=   26.80 min=   12.95 max=  164.86 p50=   14.47 p95=  107.63 p99=  163.61 rps=  11.80
  controller.AnalyticsController.maxViewersSummary n=  118 err=   0 errRate=  0.00% avg=   26.97 min=   13.06 max=  164.96 p50=   14.60 p95=  108.08 p99=  163.83 rps=  11.80
  s2s.crud.fetchAllTickets                      n=  118 err=   0 errRate=  0.00% avg=   26.73 min=   12.92 max=  164.82 p50=   14.42 p95=  107.57 p99=  163.57 rps=  11.80
window 30s
  calc.additional.maxViewersSummary             n=  477 err=   0 errRate=  0.00% avg=   19.00 min=   12.95 max=  164.86 p50=   14.44 p95=   22.03 p99=  126.52 rps=  15.90
  controller.AnalyticsController.maxViewersSummary n=  477 err=   0 errRate=  0.00% avg=   19.17 min=   13.06 max=  164.96 p50=   14.59 p95=   22.46 p99=  126.90 rps=  15.90
  s2s.crud.fetchAllTickets                      n=  477 err=   0 errRate=  0.00% avg=   18.85 min=   12.92 max=  164.82 p50=   14.37 p95=   21.92 p99=  126.46 rps=  15.90
  s2s.crud.fetchFilms                           n=    1 err=   0 errRate=  0.00% avg=   37.88 min=   37.88 max=   37.88 p50=   37.88 p95=   37.88 p99=   37.88 rps=   0.03
window 1m
  calc.additional.maxViewersSummary             n= 2032 err=   0 errRate=  0.00% avg=   15.76 min=   12.81 max=  164.86 p50=   14.03 p95=   21.18 p99=   27.07 rps=  33.87
  controller.AnalyticsController.maxViewersSummary n= 2032 err=   0 errRate=  0.00% avg=   15.91 min=   12.91 max=  164.96 p50=   14.19 p95=   21.38 p99=   27.30 rps=  33.87
  s2s.crud.fetchAllTickets                      n= 2032 err=   0 errRate=  0.00% avg=   15.66 min=   12.78 max=  164.82 p50=   13.98 p95=   21.07 p99=   24.95 rps=  33.87
  s2s.crud.fetchFilms                           n=    2 err=   0 errRate=  0.00% avg=   43.96 min=   37.88 max=   50.04 p50=   43.96 p95=   49.43 p99=   49.91 rps=   0.03

2026-05-06T20:51:22.188Z  INFO 1 --- [lab8-additional-service] [   scheduling-1] r.h.l.a.o.ObservabilityService           : [lab8-additional-service] observability refresh
window 10s
  calc.additional.maxViewersSummary             n=  124 err=   0 errRate=  0.00% avg=   26.03 min=   12.95 max=  164.86 p50=   14.36 p95=  105.14 p99=  163.60 rps=  12.40
  controller.AnalyticsController.maxViewersSummary n=  124 err=   0 errRate=  0.00% avg=   26.20 min=   13.06 max=  164.96 p50=   14.51 p95=  105.56 p99=  163.82 rps=  12.40
  s2s.crud.fetchAllTickets                      n=  124 err=   0 errRate=  0.00% avg=   25.96 min=   12.92 max=  164.82 p50=   14.31 p95=  105.08 p99=  163.55 rps=  12.40
window 30s
  calc.additional.maxViewersSummary             n=  472 err=   0 errRate=  0.00% avg=   19.04 min=   12.95 max=  164.86 p50=   14.44 p95=   22.06 p99=  128.15 rps=  15.73
  controller.AnalyticsController.maxViewersSummary n=  472 err=   0 errRate=  0.00% avg=   19.21 min=   13.06 max=  164.96 p50=   14.59 p95=   22.55 p99=  128.53 rps=  15.73
  s2s.crud.fetchAllTickets                      n=  472 err=   0 errRate=  0.00% avg=   18.89 min=   12.92 max=  164.82 p50=   14.38 p95=   21.93 p99=  128.09 rps=  15.73
  s2s.crud.fetchFilms                           n=    1 err=   0 errRate=  0.00% avg=   37.88 min=   37.88 max=   37.88 p50=   37.88 p95=   37.88 p99=   37.88 rps=   0.03
window 1m
  calc.additional.maxViewersSummary             n= 1857 err=   0 errRate=  0.00% avg=   15.95 min=   12.85 max=  164.86 p50=   14.07 p95=   21.30 p99=   28.45 rps=  30.95
  controller.AnalyticsController.maxViewersSummary n= 1857 err=   0 errRate=  0.00% avg=   16.10 min=   12.94 max=  164.96 p50=   14.23 p95=   21.48 p99=   28.60 rps=  30.95
  s2s.crud.fetchAllTickets                      n= 1857 err=   0 errRate=  0.00% avg=   15.85 min=   12.81 max=  164.82 p50=   14.01 p95=   21.19 p99=   26.95 rps=  30.95
  s2s.crud.fetchFilms                           n=    2 err=   0 errRate=  0.00% avg=   43.96 min=   37.88 max=   50.04 p50=   43.96 p95=   49.43 p99=   49.91 rps=   0.03

2026-05-06T20:51:23.190Z  INFO 1 --- [lab8-additional-service] [   scheduling-1] r.h.l.a.o.ObservabilityService           : [lab8-additional-service] observability refresh
window 10s
  calc.additional.maxViewersSummary             n=  144 err=   0 errRate=  0.00% avg=   21.79 min=   12.95 max=  164.86 p50=   14.26 p95=   71.01 p99=  163.56 rps=  14.40
  controller.AnalyticsController.maxViewersSummary n=  144 err=   0 errRate=  0.00% avg=   21.95 min=   13.06 max=  164.96 p50=   14.43 p95=   71.16 p99=  163.76 rps=  14.40
  s2s.crud.fetchAllTickets                      n=  144 err=   0 errRate=  0.00% avg=   21.72 min=   12.92 max=  164.82 p50=   14.20 p95=   70.96 p99=  163.50 rps=  14.40
window 30s
  calc.additional.maxViewersSummary             n=  482 err=   0 errRate=  0.00% avg=   18.94 min=   12.95 max=  164.86 p50=   14.43 p95=   22.01 p99=  124.89 rps=  16.07
  controller.AnalyticsController.maxViewersSummary n=  482 err=   0 errRate=  0.00% avg=   19.11 min=   13.06 max=  164.96 p50=   14.58 p95=   22.38 p99=  125.28 rps=  16.07
  s2s.crud.fetchAllTickets                      n=  482 err=   0 errRate=  0.00% avg=   18.79 min=   12.92 max=  164.82 p50=   14.37 p95=   21.91 p99=  124.83 rps=  16.07
  s2s.crud.fetchFilms                           n=    1 err=   0 errRate=  0.00% avg=   37.88 min=   37.88 max=   37.88 p50=   37.88 p95=   37.88 p99=   37.88 rps=   0.03
window 1m
  calc.additional.maxViewersSummary             n= 1674 err=   0 errRate=  0.00% avg=   16.18 min=   12.89 max=  164.86 p50=   14.12 p95=   21.36 p99=   30.32 rps=  27.90
  controller.AnalyticsController.maxViewersSummary n= 1674 err=   0 errRate=  0.00% avg=   16.34 min=   12.97 max=  164.96 p50=   14.27 p95=   21.59 p99=   30.62 rps=  27.90
  s2s.crud.fetchAllTickets                      n= 1674 err=   0 errRate=  0.00% avg=   16.08 min=   12.86 max=  164.82 p50=   14.07 p95=   21.24 p99=   28.16 rps=  27.90
  s2s.crud.fetchFilms                           n=    2 err=   0 errRate=  0.00% avg=   43.96 min=   37.88 max=   50.04 p50=   43.96 p95=   49.43 p99=   49.91 rps=   0.03

2026-05-06T20:51:24.191Z  INFO 1 --- [lab8-additional-service] [   scheduling-1] r.h.l.a.o.ObservabilityService           : [lab8-additional-service] observability refresh
window 10s
  calc.additional.maxViewersSummary             n=  156 err=   0 errRate=  0.00% avg=   21.48 min=   12.95 max=  164.86 p50=   14.30 p95=   62.40 p99=  163.53 rps=  15.60
  controller.AnalyticsController.maxViewersSummary n=  156 err=   0 errRate=  0.00% avg=   21.64 min=   13.06 max=  164.96 p50=   14.46 p95=   62.67 p99=  163.72 rps=  15.60
  s2s.crud.fetchAllTickets                      n=  156 err=   0 errRate=  0.00% avg=   21.41 min=   12.92 max=  164.82 p50=   14.24 p95=   62.35 p99=  163.47 rps=  15.60
window 30s
  calc.additional.maxViewersSummary             n=  468 err=   0 errRate=  0.00% avg=   19.10 min=   12.95 max=  164.86 p50=   14.46 p95=   22.08 p99=  129.45 rps=  15.60
  controller.AnalyticsController.maxViewersSummary n=  468 err=   0 errRate=  0.00% avg=   19.27 min=   13.06 max=  164.96 p50=   14.61 p95=   22.62 p99=  129.83 rps=  15.60
  s2s.crud.fetchAllTickets                      n=  468 err=   0 errRate=  0.00% avg=   18.96 min=   12.92 max=  164.82 p50=   14.39 p95=   21.93 p99=  129.40 rps=  15.60
  s2s.crud.fetchFilms                           n=    1 err=   0 errRate=  0.00% avg=   37.88 min=   37.88 max=   37.88 p50=   37.88 p95=   37.88 p99=   37.88 rps=   0.03
window 1m
  calc.additional.maxViewersSummary             n= 1505 err=   0 errRate=  0.00% avg=   16.47 min=   12.89 max=  164.86 p50=   14.19 p95=   21.47 p99=   39.65 rps=  25.08
  controller.AnalyticsController.maxViewersSummary n= 1505 err=   0 errRate=  0.00% avg=   16.63 min=   12.97 max=  164.96 p50=   14.35 p95=   21.66 p99=   39.80 rps=  25.08
  s2s.crud.fetchAllTickets                      n= 1505 err=   0 errRate=  0.00% avg=   16.36 min=   12.86 max=  164.82 p50=   14.14 p95=   21.34 p99=   29.65 rps=  25.08
  s2s.crud.fetchFilms                           n=    2 err=   0 errRate=  0.00% avg=   43.96 min=   37.88 max=   50.04 p50=   43.96 p95=   49.43 p99=   49.91 rps=   0.03

2026-05-06T20:51:25.193Z  INFO 1 --- [lab8-additional-service] [   scheduling-1] r.h.l.a.o.ObservabilityService           : [lab8-additional-service] observability refresh
window 10s
  calc.additional.maxViewersSummary             n=  164 err=   0 errRate=  0.00% avg=   17.68 min=   12.95 max=   85.17 p50=   14.35 p95=   21.87 p99=   75.89 rps=  16.40
  controller.AnalyticsController.maxViewersSummary n=  164 err=   0 errRate=  0.00% avg=   17.84 min=   13.06 max=   85.43 p50=   14.52 p95=   22.03 p99=   76.03 rps=  16.40
  s2s.crud.fetchAllTickets                      n=  164 err=   0 errRate=  0.00% avg=   17.62 min=   12.92 max=   85.13 p50=   14.30 p95=   21.80 p99=   75.83 rps=  16.40
window 30s
  calc.additional.maxViewersSummary             n=  458 err=   0 errRate=  0.00% avg=   19.29 min=   12.95 max=  164.86 p50=   14.49 p95=   23.30 p99=  132.71 rps=  15.27
  controller.AnalyticsController.maxViewersSummary n=  458 err=   0 errRate=  0.00% avg=   19.46 min=   13.06 max=  164.96 p50=   14.64 p95=   23.50 p99=  133.08 rps=  15.27
  s2s.crud.fetchAllTickets                      n=  458 err=   0 errRate=  0.00% avg=   19.15 min=   12.92 max=  164.82 p50=   14.43 p95=   23.17 p99=  132.65 rps=  15.27
  s2s.crud.fetchFilms                           n=    1 err=   0 errRate=  0.00% avg=   37.88 min=   37.88 max=   37.88 p50=   37.88 p95=   37.88 p99=   37.88 rps=   0.03
window 1m
  calc.additional.maxViewersSummary             n= 1319 err=   0 errRate=  0.00% avg=   16.87 min=   12.95 max=  164.86 p50=   14.27 p95=   21.63 p99=   55.52 rps=  21.98
  controller.AnalyticsController.maxViewersSummary n= 1319 err=   0 errRate=  0.00% avg=   17.04 min=   13.06 max=  164.96 p50=   14.44 p95=   21.81 p99=   55.82 rps=  21.98
  s2s.crud.fetchAllTickets                      n= 1319 err=   0 errRate=  0.00% avg=   16.75 min=   12.91 max=  164.82 p50=   14.22 p95=   21.51 p99=   38.48 rps=  21.98
  s2s.crud.fetchFilms                           n=    2 err=   0 errRate=  0.00% avg=   43.96 min=   37.88 max=   50.04 p50=   43.96 p95=   49.43 p99=   49.91 rps=   0.03

2026-05-06T20:51:26.194Z  INFO 1 --- [lab8-additional-service] [   scheduling-1] r.h.l.a.o.ObservabilityService           : [lab8-additional-service] observability refresh
window 10s
  calc.additional.maxViewersSummary             n=  166 err=   0 errRate=  0.00% avg=   16.44 min=   12.95 max=   27.24 p50=   14.40 p95=   21.62 p99=   25.63 rps=  16.60
  controller.AnalyticsController.maxViewersSummary n=  166 err=   0 errRate=  0.00% avg=   16.60 min=   13.06 max=   27.43 p50=   14.56 p95=   21.78 p99=   25.79 rps=  16.60
  s2s.crud.fetchAllTickets                      n=  166 err=   0 errRate=  0.00% avg=   16.37 min=   12.92 max=   27.15 p50=   14.34 p95=   21.46 p99=   25.57 rps=  16.60
window 30s
  calc.additional.maxViewersSummary             n=  459 err=   0 errRate=  0.00% avg=   19.33 min=   12.95 max=  164.86 p50=   14.50 p95=   23.30 p99=  132.39 rps=  15.30
  controller.AnalyticsController.maxViewersSummary n=  459 err=   0 errRate=  0.00% avg=   19.50 min=   13.06 max=  164.96 p50=   14.65 p95=   23.48 p99=  132.75 rps=  15.30
  s2s.crud.fetchAllTickets                      n=  459 err=   0 errRate=  0.00% avg=   19.18 min=   12.92 max=  164.82 p50=   14.44 p95=   23.17 p99=  132.33 rps=  15.30
  s2s.crud.fetchFilms                           n=    1 err=   0 errRate=  0.00% avg=   37.88 min=   37.88 max=   37.88 p50=   37.88 p95=   37.88 p99=   37.88 rps=   0.03
window 1m
  calc.additional.maxViewersSummary             n= 1117 err=   0 errRate=  0.00% avg=   17.41 min=   12.95 max=  164.86 p50=   14.40 p95=   21.91 p99=   67.46 rps=  18.62
  controller.AnalyticsController.maxViewersSummary n= 1117 err=   0 errRate=  0.00% avg=   17.59 min=   13.06 max=  164.96 p50=   14.56 p95=   22.07 p99=   67.78 rps=  18.62
  s2s.crud.fetchAllTickets                      n= 1117 err=   0 errRate=  0.00% avg=   17.27 min=   12.91 max=  164.82 p50=   14.33 p95=   21.77 p99=   55.83 rps=  18.62
  s2s.crud.fetchFilms                           n=    2 err=   0 errRate=  0.00% avg=   43.96 min=   37.88 max=   50.04 p50=   43.96 p95=   49.43 p99=   49.91 rps=   0.03

2026-05-06T20:51:27.196Z  INFO 1 --- [lab8-additional-service] [   scheduling-1] r.h.l.a.o.ObservabilityService           : [lab8-additional-service] observability refresh
window 10s
  calc.additional.maxViewersSummary             n=  158 err=   0 errRate=  0.00% avg=   16.65 min=   13.03 max=   27.24 p50=   14.43 p95=   21.69 p99=   25.71 rps=  15.80
  controller.AnalyticsController.maxViewersSummary n=  158 err=   0 errRate=  0.00% avg=   16.82 min=   13.15 max=   27.43 p50=   14.57 p95=   21.85 p99=   25.86 rps=  15.80
  s2s.crud.fetchAllTickets                      n=  158 err=   0 errRate=  0.00% avg=   16.58 min=   12.98 max=   27.15 p50=   14.36 p95=   21.64 p99=   25.65 rps=  15.80
window 30s
  calc.additional.maxViewersSummary             n=  456 err=   0 errRate=  0.00% avg=   19.38 min=   12.95 max=  164.86 p50=   14.49 p95=   23.44 p99=  133.37 rps=  15.20
  controller.AnalyticsController.maxViewersSummary n=  456 err=   0 errRate=  0.00% avg=   19.55 min=   13.06 max=  164.96 p50=   14.65 p95=   23.82 p99=  133.73 rps=  15.20
  s2s.crud.fetchAllTickets                      n=  456 err=   0 errRate=  0.00% avg=   19.23 min=   12.92 max=  164.82 p50=   14.43 p95=   23.20 p99=  133.31 rps=  15.20
  s2s.crud.fetchFilms                           n=    1 err=   0 errRate=  0.00% avg=   37.88 min=   37.88 max=   37.88 p50=   37.88 p95=   37.88 p99=   37.88 rps=   0.03
window 1m
  calc.additional.maxViewersSummary             n=  977 err=   0 errRate=  0.00% avg=   17.92 min=   12.95 max=  164.86 p50=   14.49 p95=   22.08 p99=   74.93 rps=  16.28
  controller.AnalyticsController.maxViewersSummary n=  977 err=   0 errRate=  0.00% avg=   18.10 min=   13.06 max=  164.96 p50=   14.66 p95=   22.37 p99=   75.06 rps=  16.28
  s2s.crud.fetchAllTickets                      n=  977 err=   0 errRate=  0.00% avg=   17.77 min=   12.91 max=  164.82 p50=   14.42 p95=   21.95 p99=   74.87 rps=  16.28
  s2s.crud.fetchFilms                           n=    2 err=   0 errRate=  0.00% avg=   43.96 min=   37.88 max=   50.04 p50=   43.96 p95=   49.43 p99=   49.91 rps=   0.03

2026-05-06T20:51:28.197Z  INFO 1 --- [lab8-additional-service] [   scheduling-1] r.h.l.a.o.ObservabilityService           : [lab8-additional-service] observability refresh
window 10s
  calc.additional.maxViewersSummary             n=  155 err=   0 errRate=  0.00% avg=   16.97 min=   13.16 max=   53.94 p50=   14.45 p95=   22.12 p99=   26.71 rps=  15.50
  controller.AnalyticsController.maxViewersSummary n=  155 err=   0 errRate=  0.00% avg=   17.14 min=   13.28 max=   54.10 p50=   14.57 p95=   22.29 p99=   26.85 rps=  15.50
  s2s.crud.fetchAllTickets                      n=  155 err=   0 errRate=  0.00% avg=   16.65 min=   13.11 max=   27.15 p50=   14.36 p95=   21.89 p99=   25.68 rps=  15.50
  s2s.crud.fetchFilms                           n=    1 err=   0 errRate=  0.00% avg=   39.65 min=   39.65 max=   39.65 p50=   39.65 p95=   39.65 p99=   39.65 rps=   0.10
window 30s
  calc.additional.maxViewersSummary             n=  449 err=   0 errRate=  0.00% avg=   19.40 min=   12.95 max=  164.86 p50=   14.48 p95=   23.56 p99=  135.65 rps=  14.97
  controller.AnalyticsController.maxViewersSummary n=  449 err=   0 errRate=  0.00% avg=   19.57 min=   13.06 max=  164.96 p50=   14.62 p95=   23.87 p99=  136.00 rps=  14.97
  s2s.crud.fetchAllTickets                      n=  449 err=   0 errRate=  0.00% avg=   19.25 min=   12.92 max=  164.82 p50=   14.39 p95=   23.25 p99=  135.59 rps=  14.97
  s2s.crud.fetchFilms                           n=    1 err=   0 errRate=  0.00% avg=   39.65 min=   39.65 max=   39.65 p50=   39.65 p95=   39.65 p99=   39.65 rps=   0.03
window 1m
  calc.additional.maxViewersSummary             n=  976 err=   0 errRate=  0.00% avg=   17.85 min=   12.95 max=  164.86 p50=   14.46 p95=   22.01 p99=   75.00 rps=  16.27
  controller.AnalyticsController.maxViewersSummary n=  976 err=   0 errRate=  0.00% avg=   18.02 min=   13.06 max=  164.96 p50=   14.63 p95=   22.20 p99=   75.14 rps=  16.27
  s2s.crud.fetchAllTickets                      n=  976 err=   0 errRate=  0.00% avg=   17.70 min=   12.91 max=  164.82 p50=   14.39 p95=   21.88 p99=   74.94 rps=  16.27
  s2s.crud.fetchFilms                           n=    2 err=   0 errRate=  0.00% avg=   38.76 min=   37.88 max=   39.65 p50=   38.76 p95=   39.56 p99=   39.63 rps=   0.03

2026-05-06T20:51:29.198Z  INFO 1 --- [lab8-additional-service] [   scheduling-1] r.h.l.a.o.ObservabilityService           : [lab8-additional-service] observability refresh
window 10s
  calc.additional.maxViewersSummary             n=  154 err=   0 errRate=  0.00% avg=   17.41 min=   13.16 max=   53.94 p50=   14.46 p95=   23.72 p99=   45.29 rps=  15.40
  controller.AnalyticsController.maxViewersSummary n=  154 err=   0 errRate=  0.00% avg=   17.58 min=   13.28 max=   54.10 p50=   14.59 p95=   23.91 p99=   45.78 rps=  15.40
  s2s.crud.fetchAllTickets                      n=  154 err=   0 errRate=  0.00% avg=   17.08 min=   13.11 max=   46.99 p50=   14.35 p95=   23.01 p99=   34.88 rps=  15.40
  s2s.crud.fetchFilms                           n=    1 err=   0 errRate=  0.00% avg=   39.65 min=   39.65 max=   39.65 p50=   39.65 p95=   39.65 p99=   39.65 rps=   0.10
window 30s
  calc.additional.maxViewersSummary             n=  445 err=   0 errRate=  0.00% avg=   19.54 min=   12.95 max=  164.86 p50=   14.48 p95=   23.74 p99=  136.95 rps=  14.83
  controller.AnalyticsController.maxViewersSummary n=  445 err=   0 errRate=  0.00% avg=   19.71 min=   13.06 max=  164.96 p50=   14.63 p95=   23.94 p99=  137.31 rps=  14.83
  s2s.crud.fetchAllTickets                      n=  445 err=   0 errRate=  0.00% avg=   19.38 min=   12.92 max=  164.82 p50=   14.40 p95=   23.64 p99=  136.89 rps=  14.83
  s2s.crud.fetchFilms                           n=    1 err=   0 errRate=  0.00% avg=   39.65 min=   39.65 max=   39.65 p50=   39.65 p95=   39.65 p99=   39.65 rps=   0.03
window 1m
  calc.additional.maxViewersSummary             n=  965 err=   0 errRate=  0.00% avg=   17.91 min=   12.95 max=  164.86 p50=   14.46 p95=   22.03 p99=   75.81 rps=  16.08
  controller.AnalyticsController.maxViewersSummary n=  965 err=   0 errRate=  0.00% avg=   18.09 min=   13.06 max=  164.96 p50=   14.63 p95=   22.30 p99=   75.95 rps=  16.08
  s2s.crud.fetchAllTickets                      n=  965 err=   0 errRate=  0.00% avg=   17.77 min=   12.92 max=  164.82 p50=   14.39 p95=   21.94 p99=   75.75 rps=  16.08
  s2s.crud.fetchFilms                           n=    2 err=   0 errRate=  0.00% avg=   38.76 min=   37.88 max=   39.65 p50=   38.76 p95=   39.56 p99=   39.63 rps=   0.03

2026-05-06T20:51:29.998Z  INFO 1 --- [lab8-additional-service] [   scheduling-1] r.h.l.a.service.FilmCacheService         : film-cache stats: size=310 ttlMs=30000 lastRefreshAtMs=1778100687219 hits=41761 misses=9 refreshes=9
2026-05-06T20:51:30.199Z  INFO 1 --- [lab8-additional-service] [   scheduling-1] r.h.l.a.o.ObservabilityService           : [lab8-additional-service] observability refresh
window 10s
  calc.additional.maxViewersSummary             n=  158 err=   0 errRate=  0.00% avg=   17.35 min=   13.16 max=   53.94 p50=   14.48 p95=   23.71 p99=   45.16 rps=  15.80
  controller.AnalyticsController.maxViewersSummary n=  158 err=   0 errRate=  0.00% avg=   17.53 min=   13.28 max=   54.10 p50=   14.62 p95=   23.90 p99=   45.67 rps=  15.80
  s2s.crud.fetchAllTickets                      n=  158 err=   0 errRate=  0.00% avg=   17.04 min=   13.11 max=   46.99 p50=   14.38 p95=   22.82 p99=   34.22 rps=  15.80
  s2s.crud.fetchFilms                           n=    1 err=   0 errRate=  0.00% avg=   39.65 min=   39.65 max=   39.65 p50=   39.65 p95=   39.65 p99=   39.65 rps=   0.10
window 30s
  calc.additional.maxViewersSummary             n=  453 err=   0 errRate=  0.00% avg=   19.44 min=   12.95 max=  164.86 p50=   14.47 p95=   23.72 p99=  134.34 rps=  15.10
  controller.AnalyticsController.maxViewersSummary n=  453 err=   0 errRate=  0.00% avg=   19.61 min=   13.06 max=  164.96 p50=   14.62 p95=   23.93 p99=  134.70 rps=  15.10
  s2s.crud.fetchAllTickets                      n=  453 err=   0 errRate=  0.00% avg=   19.28 min=   12.92 max=  164.82 p50=   14.39 p95=   23.62 p99=  134.28 rps=  15.10
  s2s.crud.fetchFilms                           n=    1 err=   0 errRate=  0.00% avg=   39.65 min=   39.65 max=   39.65 p50=   39.65 p95=   39.65 p99=   39.65 rps=   0.03
window 1m
  calc.additional.maxViewersSummary             n=  963 err=   0 errRate=  0.00% avg=   17.93 min=   12.95 max=  164.86 p50=   14.46 p95=   22.03 p99=   75.96 rps=  16.05
  controller.AnalyticsController.maxViewersSummary n=  963 err=   0 errRate=  0.00% avg=   18.11 min=   13.06 max=  164.96 p50=   14.63 p95=   22.31 p99=   76.10 rps=  16.05
  s2s.crud.fetchAllTickets                      n=  963 err=   0 errRate=  0.00% avg=   17.79 min=   12.92 max=  164.82 p50=   14.39 p95=   21.94 p99=   75.90 rps=  16.05
  s2s.crud.fetchFilms                           n=    2 err=   0 errRate=  0.00% avg=   38.76 min=   37.88 max=   39.65 p50=   38.76 p95=   39.56 p99=   39.63 rps=   0.03

2026-05-06T20:51:31.201Z  INFO 1 --- [lab8-additional-service] [   scheduling-1] r.h.l.a.o.ObservabilityService           : [lab8-additional-service] observability refresh
window 10s
  calc.additional.maxViewersSummary             n=  169 err=   0 errRate=  0.00% avg=   17.05 min=   13.16 max=   53.94 p50=   14.38 p95=   23.34 p99=   44.78 rps=  16.90
  controller.AnalyticsController.maxViewersSummary n=  169 err=   0 errRate=  0.00% avg=   17.22 min=   13.28 max=   54.10 p50=   14.56 p95=   23.52 p99=   45.35 rps=  16.90
  s2s.crud.fetchAllTickets                      n=  169 err=   0 errRate=  0.00% avg=   16.75 min=   13.11 max=   46.99 p50=   14.27 p95=   22.47 p99=   32.41 rps=  16.90
  s2s.crud.fetchFilms                           n=    1 err=   0 errRate=  0.00% avg=   39.65 min=   39.65 max=   39.65 p50=   39.65 p95=   39.65 p99=   39.65 rps=   0.10
window 30s
  calc.additional.maxViewersSummary             n=  461 err=   0 errRate=  0.00% avg=   19.28 min=   12.95 max=  164.86 p50=   14.42 p95=   23.70 p99=  131.74 rps=  15.37
  controller.AnalyticsController.maxViewersSummary n=  461 err=   0 errRate=  0.00% avg=   19.45 min=   13.06 max=  164.96 p50=   14.58 p95=   23.92 p99=  132.10 rps=  15.37
  s2s.crud.fetchAllTickets                      n=  461 err=   0 errRate=  0.00% avg=   19.13 min=   12.92 max=  164.82 p50=   14.36 p95=   23.60 p99=  131.68 rps=  15.37
  s2s.crud.fetchFilms                           n=    1 err=   0 errRate=  0.00% avg=   39.65 min=   39.65 max=   39.65 p50=   39.65 p95=   39.65 p99=   39.65 rps=   0.03
window 1m
  calc.additional.maxViewersSummary             n=  972 err=   0 errRate=  0.00% avg=   17.85 min=   12.95 max=  164.86 p50=   14.45 p95=   22.02 p99=   75.30 rps=  16.20
  controller.AnalyticsController.maxViewersSummary n=  972 err=   0 errRate=  0.00% avg=   18.03 min=   13.06 max=  164.96 p50=   14.60 p95=   22.29 p99=   75.43 rps=  16.20
  s2s.crud.fetchAllTickets                      n=  972 err=   0 errRate=  0.00% avg=   17.71 min=   12.92 max=  164.82 p50=   14.37 p95=   21.93 p99=   75.24 rps=  16.20
  s2s.crud.fetchFilms                           n=    2 err=   0 errRate=  0.00% avg=   38.76 min=   37.88 max=   39.65 p50=   38.76 p95=   39.56 p99=   39.63 rps=   0.03

2026-05-06T20:51:32.202Z  INFO 1 --- [lab8-additional-service] [   scheduling-1] r.h.l.a.o.ObservabilityService           : [lab8-additional-service] observability refresh
window 10s
  calc.additional.maxViewersSummary             n=  166 err=   0 errRate=  0.00% avg=   17.21 min=   13.11 max=   53.94 p50=   14.42 p95=   23.48 p99=   44.88 rps=  16.60
  controller.AnalyticsController.maxViewersSummary n=  166 err=   0 errRate=  0.00% avg=   17.38 min=   13.21 max=   54.10 p50=   14.58 p95=   23.66 p99=   45.44 rps=  16.60
  s2s.crud.fetchAllTickets                      n=  166 err=   0 errRate=  0.00% avg=   16.90 min=   13.06 max=   46.99 p50=   14.34 p95=   22.55 p99=   32.91 rps=  16.60
  s2s.crud.fetchFilms                           n=    1 err=   0 errRate=  0.00% avg=   39.65 min=   39.65 max=   39.65 p50=   39.65 p95=   39.65 p99=   39.65 rps=   0.10
window 30s
  calc.additional.maxViewersSummary             n=  458 err=   0 errRate=  0.00% avg=   19.32 min=   12.95 max=  164.86 p50=   14.42 p95=   23.71 p99=  132.71 rps=  15.27
  controller.AnalyticsController.maxViewersSummary n=  458 err=   0 errRate=  0.00% avg=   19.49 min=   13.06 max=  164.96 p50=   14.57 p95=   23.93 p99=  133.08 rps=  15.27
  s2s.crud.fetchAllTickets                      n=  458 err=   0 errRate=  0.00% avg=   19.16 min=   12.92 max=  164.82 p50=   14.35 p95=   23.61 p99=  132.65 rps=  15.27
  s2s.crud.fetchFilms                           n=    1 err=   0 errRate=  0.00% avg=   39.65 min=   39.65 max=   39.65 p50=   39.65 p95=   39.65 p99=   39.65 rps=   0.03
window 1m
  calc.additional.maxViewersSummary             n=  969 err=   0 errRate=  0.00% avg=   17.86 min=   12.95 max=  164.86 p50=   14.45 p95=   22.01 p99=   75.52 rps=  16.15
  controller.AnalyticsController.maxViewersSummary n=  969 err=   0 errRate=  0.00% avg=   18.04 min=   13.06 max=  164.96 p50=   14.62 p95=   22.26 p99=   75.66 rps=  16.15
  s2s.crud.fetchAllTickets                      n=  969 err=   0 errRate=  0.00% avg=   17.71 min=   12.92 max=  164.82 p50=   14.37 p95=   21.91 p99=   75.46 rps=  16.15
  s2s.crud.fetchFilms                           n=    2 err=   0 errRate=  0.00% avg=   38.76 min=   37.88 max=   39.65 p50=   38.76 p95=   39.56 p99=   39.63 rps=   0.03

2026-05-06T20:51:33.203Z  INFO 1 --- [lab8-additional-service] [   scheduling-1] r.h.l.a.o.ObservabilityService           : [lab8-additional-service] observability refresh
window 10s
  calc.additional.maxViewersSummary             n=  156 err=   0 errRate=  0.00% avg=   17.35 min=   13.11 max=   53.94 p50=   14.46 p95=   23.72 p99=   45.22 rps=  15.60
  controller.AnalyticsController.maxViewersSummary n=  156 err=   0 errRate=  0.00% avg=   17.52 min=   13.21 max=   54.10 p50=   14.65 p95=   23.90 p99=   45.72 rps=  15.60
  s2s.crud.fetchAllTickets                      n=  156 err=   0 errRate=  0.00% avg=   17.02 min=   13.06 max=   46.99 p50=   14.34 p95=   22.92 p99=   34.55 rps=  15.60
  s2s.crud.fetchFilms                           n=    1 err=   0 errRate=  0.00% avg=   39.65 min=   39.65 max=   39.65 p50=   39.65 p95=   39.65 p99=   39.65 rps=   0.10
window 30s
  calc.additional.maxViewersSummary             n=  456 err=   0 errRate=  0.00% avg=   19.30 min=   12.95 max=  164.86 p50=   14.41 p95=   23.69 p99=  133.37 rps=  15.20
  controller.AnalyticsController.maxViewersSummary n=  456 err=   0 errRate=  0.00% avg=   19.46 min=   13.06 max=  164.96 p50=   14.57 p95=   23.90 p99=  133.73 rps=  15.20
  s2s.crud.fetchAllTickets                      n=  456 err=   0 errRate=  0.00% avg=   19.14 min=   12.92 max=  164.82 p50=   14.34 p95=   23.27 p99=  133.31 rps=  15.20
  s2s.crud.fetchFilms                           n=    1 err=   0 errRate=  0.00% avg=   39.65 min=   39.65 max=   39.65 p50=   39.65 p95=   39.65 p99=   39.65 rps=   0.03
window 1m
  calc.additional.maxViewersSummary             n=  967 err=   0 errRate=  0.00% avg=   17.86 min=   12.95 max=  164.86 p50=   14.44 p95=   22.00 p99=   75.67 rps=  16.12
  controller.AnalyticsController.maxViewersSummary n=  967 err=   0 errRate=  0.00% avg=   18.04 min=   13.06 max=  164.96 p50=   14.60 p95=   22.23 p99=   75.80 rps=  16.12
  s2s.crud.fetchAllTickets                      n=  967 err=   0 errRate=  0.00% avg=   17.72 min=   12.92 max=  164.82 p50=   14.37 p95=   21.89 p99=   75.61 rps=  16.12
  s2s.crud.fetchFilms                           n=    2 err=   0 errRate=  0.00% avg=   38.76 min=   37.88 max=   39.65 p50=   38.76 p95=   39.56 p99=   39.63 rps=   0.03

2026-05-06T20:51:34.204Z  INFO 1 --- [lab8-additional-service] [   scheduling-1] r.h.l.a.o.ObservabilityService           : [lab8-additional-service] observability refresh
window 10s
  calc.additional.maxViewersSummary             n=  158 err=   0 errRate=  0.00% avg=   17.29 min=   13.11 max=   53.94 p50=   14.39 p95=   23.71 p99=   45.16 rps=  15.80
  controller.AnalyticsController.maxViewersSummary n=  158 err=   0 errRate=  0.00% avg=   17.46 min=   13.21 max=   54.10 p50=   14.59 p95=   23.90 p99=   45.67 rps=  15.80
  s2s.crud.fetchAllTickets                      n=  158 err=   0 errRate=  0.00% avg=   16.96 min=   13.06 max=   46.99 p50=   14.30 p95=   22.82 p99=   34.22 rps=  15.80
  s2s.crud.fetchFilms                           n=    1 err=   0 errRate=  0.00% avg=   39.65 min=   39.65 max=   39.65 p50=   39.65 p95=   39.65 p99=   39.65 rps=   0.10
window 30s
  calc.additional.maxViewersSummary             n=  453 err=   0 errRate=  0.00% avg=   19.31 min=   12.95 max=  164.86 p50=   14.39 p95=   23.69 p99=  134.34 rps=  15.10
  controller.AnalyticsController.maxViewersSummary n=  453 err=   0 errRate=  0.00% avg=   19.47 min=   13.06 max=  164.96 p50=   14.57 p95=   23.90 p99=  134.70 rps=  15.10
  s2s.crud.fetchAllTickets                      n=  453 err=   0 errRate=  0.00% avg=   19.15 min=   12.92 max=  164.82 p50=   14.33 p95=   23.34 p99=  134.28 rps=  15.10
  s2s.crud.fetchFilms                           n=    1 err=   0 errRate=  0.00% avg=   39.65 min=   39.65 max=   39.65 p50=   39.65 p95=   39.65 p99=   39.65 rps=   0.03
window 1m
  calc.additional.maxViewersSummary             n=  967 err=   0 errRate=  0.00% avg=   17.88 min=   12.95 max=  164.86 p50=   14.45 p95=   22.00 p99=   75.67 rps=  16.12
  controller.AnalyticsController.maxViewersSummary n=  967 err=   0 errRate=  0.00% avg=   18.05 min=   13.06 max=  164.96 p50=   14.62 p95=   22.23 p99=   75.80 rps=  16.12
  s2s.crud.fetchAllTickets                      n=  967 err=   0 errRate=  0.00% avg=   17.73 min=   12.92 max=  164.82 p50=   14.37 p95=   21.89 p99=   75.61 rps=  16.12
  s2s.crud.fetchFilms                           n=    2 err=   0 errRate=  0.00% avg=   38.76 min=   37.88 max=   39.65 p50=   38.76 p95=   39.56 p99=   39.63 rps=   0.03

2026-05-06T20:51:35.206Z  INFO 1 --- [lab8-additional-service] [   scheduling-1] r.h.l.a.o.ObservabilityService           : [lab8-additional-service] observability refresh
window 10s
  calc.additional.maxViewersSummary             n=  168 err=   0 errRate=  0.00% avg=   16.79 min=   13.07 max=   53.94 p50=   14.26 p95=   21.63 p99=   44.82 rps=  16.80
  controller.AnalyticsController.maxViewersSummary n=  168 err=   0 errRate=  0.00% avg=   16.95 min=   13.17 max=   54.10 p50=   14.39 p95=   21.82 p99=   45.38 rps=  16.80
  s2s.crud.fetchAllTickets                      n=  168 err=   0 errRate=  0.00% avg=   16.47 min=   13.04 max=   46.99 p50=   14.11 p95=   21.51 p99=   31.28 rps=  16.80
  s2s.crud.fetchFilms                           n=    1 err=   0 errRate=  0.00% avg=   39.65 min=   39.65 max=   39.65 p50=   39.65 p95=   39.65 p99=   39.65 rps=   0.10
window 30s
  calc.additional.maxViewersSummary             n=  456 err=   0 errRate=  0.00% avg=   19.26 min=   12.95 max=  164.86 p50=   14.37 p95=   23.69 p99=  133.37 rps=  15.20
  controller.AnalyticsController.maxViewersSummary n=  456 err=   0 errRate=  0.00% avg=   19.43 min=   13.06 max=  164.96 p50=   14.55 p95=   23.90 p99=  133.73 rps=  15.20
  s2s.crud.fetchAllTickets                      n=  456 err=   0 errRate=  0.00% avg=   19.10 min=   12.92 max=  164.82 p50=   14.30 p95=   23.27 p99=  133.31 rps=  15.20
  s2s.crud.fetchFilms                           n=    1 err=   0 errRate=  0.00% avg=   39.65 min=   39.65 max=   39.65 p50=   39.65 p95=   39.65 p99=   39.65 rps=   0.03
window 1m
  calc.additional.maxViewersSummary             n=  974 err=   0 errRate=  0.00% avg=   17.83 min=   12.95 max=  164.86 p50=   14.44 p95=   21.97 p99=   75.15 rps=  16.23
  controller.AnalyticsController.maxViewersSummary n=  974 err=   0 errRate=  0.00% avg=   18.00 min=   13.06 max=  164.96 p50=   14.59 p95=   22.15 p99=   75.28 rps=  16.23
  s2s.crud.fetchAllTickets                      n=  974 err=   0 errRate=  0.00% avg=   17.68 min=   12.92 max=  164.82 p50=   14.37 p95=   21.86 p99=   75.09 rps=  16.23
  s2s.crud.fetchFilms                           n=    2 err=   0 errRate=  0.00% avg=   38.76 min=   37.88 max=   39.65 p50=   38.76 p95=   39.56 p99=   39.63 rps=   0.03

2026-05-06T20:51:36.207Z  INFO 1 --- [lab8-additional-service] [   scheduling-1] r.h.l.a.o.ObservabilityService           : [lab8-additional-service] observability refresh
window 10s
  calc.additional.maxViewersSummary             n=  167 err=   0 errRate=  0.00% avg=   16.60 min=   13.07 max=   53.94 p50=   14.11 p95=   21.50 p99=   44.85 rps=  16.70
  controller.AnalyticsController.maxViewersSummary n=  167 err=   0 errRate=  0.00% avg=   16.75 min=   13.17 max=   54.10 p50=   14.28 p95=   21.70 p99=   45.41 rps=  16.70
  s2s.crud.fetchAllTickets                      n=  167 err=   0 errRate=  0.00% avg=   16.29 min=   13.04 max=   46.99 p50=   14.03 p95=   21.38 p99=   30.45 rps=  16.70
  s2s.crud.fetchFilms                           n=    1 err=   0 errRate=  0.00% avg=   39.65 min=   39.65 max=   39.65 p50=   39.65 p95=   39.65 p99=   39.65 rps=   0.10
window 30s
  calc.additional.maxViewersSummary             n=  454 err=   0 errRate=  0.00% avg=   19.23 min=   12.95 max=  164.86 p50=   14.34 p95=   23.69 p99=  134.02 rps=  15.13
  controller.AnalyticsController.maxViewersSummary n=  454 err=   0 errRate=  0.00% avg=   19.39 min=   13.06 max=  164.96 p50=   14.50 p95=   23.90 p99=  134.38 rps=  15.13
  s2s.crud.fetchAllTickets                      n=  454 err=   0 errRate=  0.00% avg=   19.07 min=   12.92 max=  164.82 p50=   14.26 p95=   23.01 p99=  133.96 rps=  15.13
  s2s.crud.fetchFilms                           n=    1 err=   0 errRate=  0.00% avg=   39.65 min=   39.65 max=   39.65 p50=   39.65 p95=   39.65 p99=   39.65 rps=   0.03
window 1m
  calc.additional.maxViewersSummary             n=  974 err=   0 errRate=  0.00% avg=   17.78 min=   12.95 max=  164.86 p50=   14.41 p95=   21.91 p99=   75.15 rps=  16.23
  controller.AnalyticsController.maxViewersSummary n=  974 err=   0 errRate=  0.00% avg=   17.95 min=   13.06 max=  164.96 p50=   14.58 p95=   22.07 p99=   75.28 rps=  16.23
  s2s.crud.fetchAllTickets                      n=  974 err=   0 errRate=  0.00% avg=   17.63 min=   12.92 max=  164.82 p50=   14.35 p95=   21.76 p99=   75.09 rps=  16.23
  s2s.crud.fetchFilms                           n=    2 err=   0 errRate=  0.00% avg=   38.76 min=   37.88 max=   39.65 p50=   38.76 p95=   39.56 p99=   39.63 rps=   0.03

2026-05-06T20:51:37.208Z  INFO 1 --- [lab8-additional-service] [   scheduling-1] r.h.l.a.o.ObservabilityService           : [lab8-additional-service] observability refresh
window 10s
  calc.additional.maxViewersSummary             n=  168 err=   0 errRate=  0.00% avg=   16.40 min=   12.96 max=   53.94 p50=   14.05 p95=   21.14 p99=   44.82 rps=  16.80
  controller.AnalyticsController.maxViewersSummary n=  168 err=   0 errRate=  0.00% avg=   16.55 min=   13.05 max=   54.10 p50=   14.20 p95=   21.34 p99=   45.38 rps=  16.80
  s2s.crud.fetchAllTickets                      n=  168 err=   0 errRate=  0.00% avg=   16.09 min=   12.93 max=   46.99 p50=   13.96 p95=   20.97 p99=   30.20 rps=  16.80
  s2s.crud.fetchFilms                           n=    1 err=   0 errRate=  0.00% avg=   39.65 min=   39.65 max=   39.65 p50=   39.65 p95=   39.65 p99=   39.65 rps=   0.10
window 30s
  calc.additional.maxViewersSummary             n=  449 err=   0 errRate=  0.00% avg=   19.23 min=   12.95 max=  164.86 p50=   14.33 p95=   23.70 p99=  135.65 rps=  14.97
  controller.AnalyticsController.maxViewersSummary n=  449 err=   0 errRate=  0.00% avg=   19.40 min=   13.05 max=  164.96 p50=   14.49 p95=   23.91 p99=  136.00 rps=  14.97
  s2s.crud.fetchAllTickets                      n=  449 err=   0 errRate=  0.00% avg=   19.08 min=   12.92 max=  164.82 p50=   14.25 p95=   23.24 p99=  135.59 rps=  14.97
  s2s.crud.fetchFilms                           n=    1 err=   0 errRate=  0.00% avg=   39.65 min=   39.65 max=   39.65 p50=   39.65 p95=   39.65 p99=   39.65 rps=   0.03
window 1m
  calc.additional.maxViewersSummary             n=  977 err=   0 errRate=  0.00% avg=   17.73 min=   12.95 max=  164.86 p50=   14.40 p95=   21.91 p99=   74.93 rps=  16.28
  controller.AnalyticsController.maxViewersSummary n=  977 err=   0 errRate=  0.00% avg=   17.90 min=   13.05 max=  164.96 p50=   14.57 p95=   22.07 p99=   75.06 rps=  16.28
  s2s.crud.fetchAllTickets                      n=  977 err=   0 errRate=  0.00% avg=   17.59 min=   12.92 max=  164.82 p50=   14.33 p95=   21.74 p99=   74.87 rps=  16.28
  s2s.crud.fetchFilms                           n=    2 err=   0 errRate=  0.00% avg=   38.76 min=   37.88 max=   39.65 p50=   38.76 p95=   39.56 p99=   39.63 rps=   0.03

2026-05-06T20:51:38.209Z  INFO 1 --- [lab8-additional-service] [   scheduling-1] r.h.l.a.o.ObservabilityService           : [lab8-additional-service] observability refresh
window 10s
  calc.additional.maxViewersSummary             n=  173 err=   0 errRate=  0.00% avg=   16.14 min=   12.96 max=   47.09 p50=   14.02 p95=   20.87 p99=   29.30 rps=  17.30
  controller.AnalyticsController.maxViewersSummary n=  173 err=   0 errRate=  0.00% avg=   16.29 min=   13.05 max=   47.32 p50=   14.15 p95=   21.08 p99=   29.64 rps=  17.30
  s2s.crud.fetchAllTickets                      n=  173 err=   0 errRate=  0.00% avg=   16.07 min=   12.93 max=   46.99 p50=   13.95 p95=   20.78 p99=   29.20 rps=  17.30
window 30s
  calc.additional.maxViewersSummary             n=  451 err=   0 errRate=  0.00% avg=   19.22 min=   12.95 max=  164.86 p50=   14.33 p95=   23.70 p99=  134.99 rps=  15.03
  controller.AnalyticsController.maxViewersSummary n=  451 err=   0 errRate=  0.00% avg=   19.38 min=   13.05 max=  164.96 p50=   14.49 p95=   23.91 p99=  135.35 rps=  15.03
  s2s.crud.fetchAllTickets                      n=  451 err=   0 errRate=  0.00% avg=   19.07 min=   12.92 max=  164.82 p50=   14.25 p95=   23.14 p99=  134.94 rps=  15.03
  s2s.crud.fetchFilms                           n=    1 err=   0 errRate=  0.00% avg=   39.65 min=   39.65 max=   39.65 p50=   39.65 p95=   39.65 p99=   39.65 rps=   0.03
window 1m
  calc.additional.maxViewersSummary             n=  981 err=   0 errRate=  0.00% avg=   17.72 min=   12.95 max=  164.86 p50=   14.38 p95=   21.91 p99=   74.63 rps=  16.35
  controller.AnalyticsController.maxViewersSummary n=  981 err=   0 errRate=  0.00% avg=   17.89 min=   13.05 max=  164.96 p50=   14.56 p95=   22.06 p99=   74.77 rps=  16.35
  s2s.crud.fetchAllTickets                      n=  981 err=   0 errRate=  0.00% avg=   17.58 min=   12.92 max=  164.82 p50=   14.30 p95=   21.72 p99=   74.58 rps=  16.35
  s2s.crud.fetchFilms                           n=    2 err=   0 errRate=  0.00% avg=   38.76 min=   37.88 max=   39.65 p50=   38.76 p95=   39.56 p99=   39.63 rps=   0.03

2026-05-06T20:51:39.210Z  INFO 1 --- [lab8-additional-service] [   scheduling-1] r.h.l.a.o.ObservabilityService           : [lab8-additional-service] observability refresh
window 10s
  calc.additional.maxViewersSummary             n=  180 err=   0 errRate=  0.00% avg=   15.55 min=   12.91 max=   21.93 p50=   13.75 p95=   20.58 p99=   21.48 rps=  18.00
  controller.AnalyticsController.maxViewersSummary n=  180 err=   0 errRate=  0.00% avg=   15.69 min=   13.02 max=   22.06 p50=   13.89 p95=   20.74 p99=   21.74 rps=  18.00
  s2s.crud.fetchAllTickets                      n=  180 err=   0 errRate=  0.00% avg=   15.48 min=   12.87 max=   21.88 p50=   13.68 p95=   20.47 p99=   21.41 rps=  18.00
window 30s
  calc.additional.maxViewersSummary             n=  456 err=   0 errRate=  0.00% avg=   19.07 min=   12.91 max=  164.86 p50=   14.23 p95=   23.69 p99=  133.37 rps=  15.20
  controller.AnalyticsController.maxViewersSummary n=  456 err=   0 errRate=  0.00% avg=   19.23 min=   13.02 max=  164.96 p50=   14.40 p95=   23.90 p99=  133.73 rps=  15.20
  s2s.crud.fetchAllTickets                      n=  456 err=   0 errRate=  0.00% avg=   18.91 min=   12.87 max=  164.82 p50=   14.15 p95=   22.92 p99=  133.31 rps=  15.20
  s2s.crud.fetchFilms                           n=    1 err=   0 errRate=  0.00% avg=   39.65 min=   39.65 max=   39.65 p50=   39.65 p95=   39.65 p99=   39.65 rps=   0.03
window 1m
  calc.additional.maxViewersSummary             n=  978 err=   0 errRate=  0.00% avg=   17.67 min=   12.91 max=  164.86 p50=   14.33 p95=   21.89 p99=   74.86 rps=  16.30
  controller.AnalyticsController.maxViewersSummary n=  978 err=   0 errRate=  0.00% avg=   17.84 min=   13.02 max=  164.96 p50=   14.50 p95=   22.05 p99=   74.99 rps=  16.30
  s2s.crud.fetchAllTickets                      n=  978 err=   0 errRate=  0.00% avg=   17.53 min=   12.87 max=  164.82 p50=   14.26 p95=   21.62 p99=   74.80 rps=  16.30
  s2s.crud.fetchFilms                           n=    2 err=   0 errRate=  0.00% avg=   38.76 min=   37.88 max=   39.65 p50=   38.76 p95=   39.56 p99=   39.63 rps=   0.03

2026-05-06T20:51:39.998Z  INFO 1 --- [lab8-additional-service] [   scheduling-1] r.h.l.a.service.FilmCacheService         : film-cache stats: size=310 ttlMs=30000 lastRefreshAtMs=1778100687219 hits=41941 misses=9 refreshes=9
2026-05-06T20:51:40.211Z  INFO 1 --- [lab8-additional-service] [   scheduling-1] r.h.l.a.o.ObservabilityService           : [lab8-additional-service] observability refresh
window 10s
  calc.additional.maxViewersSummary             n=  180 err=   0 errRate=  0.00% avg=   15.34 min=   12.91 max=   21.93 p50=   13.69 p95=   20.58 p99=   21.48 rps=  18.00
  controller.AnalyticsController.maxViewersSummary n=  180 err=   0 errRate=  0.00% avg=   15.48 min=   13.00 max=   22.06 p50=   13.82 p95=   20.75 p99=   21.74 rps=  18.00
  s2s.crud.fetchAllTickets                      n=  180 err=   0 errRate=  0.00% avg=   15.27 min=   12.87 max=   21.88 p50=   13.64 p95=   20.47 p99=   21.41 rps=  18.00
window 30s
  calc.additional.maxViewersSummary             n=  459 err=   0 errRate=  0.00% avg=   18.94 min=   12.91 max=  164.86 p50=   14.19 p95=   22.89 p99=  132.39 rps=  15.30
  controller.AnalyticsController.maxViewersSummary n=  459 err=   0 errRate=  0.00% avg=   19.10 min=   13.00 max=  164.96 p50=   14.37 p95=   23.07 p99=  132.75 rps=  15.30
  s2s.crud.fetchAllTickets                      n=  459 err=   0 errRate=  0.00% avg=   18.79 min=   12.87 max=  164.82 p50=   14.10 p95=   22.19 p99=  132.33 rps=  15.30
  s2s.crud.fetchFilms                           n=    1 err=   0 errRate=  0.00% avg=   39.65 min=   39.65 max=   39.65 p50=   39.65 p95=   39.65 p99=   39.65 rps=   0.03
window 1m
  calc.additional.maxViewersSummary             n=  985 err=   0 errRate=  0.00% avg=   17.63 min=   12.91 max=  164.86 p50=   14.32 p95=   21.75 p99=   74.34 rps=  16.42
  controller.AnalyticsController.maxViewersSummary n=  985 err=   0 errRate=  0.00% avg=   17.80 min=   13.00 max=  164.96 p50=   14.50 p95=   21.97 p99=   74.47 rps=  16.42
  s2s.crud.fetchAllTickets                      n=  985 err=   0 errRate=  0.00% avg=   17.49 min=   12.87 max=  164.82 p50=   14.26 p95=   21.56 p99=   74.28 rps=  16.42
  s2s.crud.fetchFilms                           n=    2 err=   0 errRate=  0.00% avg=   38.76 min=   37.88 max=   39.65 p50=   38.76 p95=   39.56 p99=   39.63 rps=   0.03

2026-05-06T20:51:41.213Z  INFO 1 --- [lab8-additional-service] [   scheduling-1] r.h.l.a.o.ObservabilityService           : [lab8-additional-service] observability refresh
window 10s
  calc.additional.maxViewersSummary             n=  166 err=   0 errRate=  0.00% avg=   15.48 min=   12.91 max=   21.93 p50=   13.66 p95=   20.51 p99=   21.50 rps=  16.60
  controller.AnalyticsController.maxViewersSummary n=  166 err=   0 errRate=  0.00% avg=   15.62 min=   13.00 max=   22.06 p50=   13.82 p95=   20.65 p99=   21.65 rps=  16.60
  s2s.crud.fetchAllTickets                      n=  166 err=   0 errRate=  0.00% avg=   15.42 min=   12.87 max=   21.88 p50=   13.61 p95=   20.44 p99=   21.43 rps=  16.60
window 30s
  calc.additional.maxViewersSummary             n=  453 err=   0 errRate=  0.00% avg=   19.01 min=   12.91 max=  164.86 p50=   14.19 p95=   23.16 p99=  134.34 rps=  15.10
  controller.AnalyticsController.maxViewersSummary n=  453 err=   0 errRate=  0.00% avg=   19.17 min=   13.00 max=  164.96 p50=   14.37 p95=   23.34 p99=  134.70 rps=  15.10
  s2s.crud.fetchAllTickets                      n=  453 err=   0 errRate=  0.00% avg=   18.86 min=   12.87 max=  164.82 p50=   14.10 p95=   22.36 p99=  134.28 rps=  15.10
  s2s.crud.fetchFilms                           n=    1 err=   0 errRate=  0.00% avg=   39.65 min=   39.65 max=   39.65 p50=   39.65 p95=   39.65 p99=   39.65 rps=   0.03
window 1m
  calc.additional.maxViewersSummary             n=  979 err=   0 errRate=  0.00% avg=   17.61 min=   12.91 max=  164.86 p50=   14.31 p95=   21.65 p99=   74.78 rps=  16.32
  controller.AnalyticsController.maxViewersSummary n=  979 err=   0 errRate=  0.00% avg=   17.78 min=   13.00 max=  164.96 p50=   14.49 p95=   21.83 p99=   74.91 rps=  16.32
  s2s.crud.fetchAllTickets                      n=  979 err=   0 errRate=  0.00% avg=   17.47 min=   12.87 max=  164.82 p50=   14.25 p95=   21.52 p99=   74.72 rps=  16.32
  s2s.crud.fetchFilms                           n=    2 err=   0 errRate=  0.00% avg=   38.76 min=   37.88 max=   39.65 p50=   38.76 p95=   39.56 p99=   39.63 rps=   0.03

2026-05-06T20:51:42.214Z  INFO 1 --- [lab8-additional-service] [   scheduling-1] r.h.l.a.o.ObservabilityService           : [lab8-additional-service] observability refresh
window 10s
  calc.additional.maxViewersSummary             n=  169 err=   0 errRate=  0.00% avg=   15.38 min=   12.91 max=   21.93 p50=   13.66 p95=   20.25 p99=   21.50 rps=  16.90
  controller.AnalyticsController.maxViewersSummary n=  169 err=   0 errRate=  0.00% avg=   15.52 min=   13.00 max=   22.06 p50=   13.82 p95=   20.45 p99=   21.64 rps=  16.90
  s2s.crud.fetchAllTickets                      n=  169 err=   0 errRate=  0.00% avg=   15.32 min=   12.87 max=   21.88 p50=   13.61 p95=   20.20 p99=   21.43 rps=  16.90
window 30s
  calc.additional.maxViewersSummary             n=  457 err=   0 errRate=  0.00% avg=   18.85 min=   12.91 max=  164.86 p50=   14.12 p95=   22.11 p99=  133.04 rps=  15.23
  controller.AnalyticsController.maxViewersSummary n=  457 err=   0 errRate=  0.00% avg=   19.01 min=   13.00 max=  164.96 p50=   14.32 p95=   22.28 p99=  133.40 rps=  15.23
  s2s.crud.fetchAllTickets                      n=  457 err=   0 errRate=  0.00% avg=   18.70 min=   12.87 max=  164.82 p50=   14.07 p95=   21.90 p99=  132.98 rps=  15.23
  s2s.crud.fetchFilms                           n=    1 err=   0 errRate=  0.00% avg=   39.65 min=   39.65 max=   39.65 p50=   39.65 p95=   39.65 p99=   39.65 rps=   0.03
window 1m
  calc.additional.maxViewersSummary             n=  982 err=   0 errRate=  0.00% avg=   17.59 min=   12.91 max=  164.86 p50=   14.31 p95=   21.65 p99=   74.56 rps=  16.37
  controller.AnalyticsController.maxViewersSummary n=  982 err=   0 errRate=  0.00% avg=   17.76 min=   13.00 max=  164.96 p50=   14.48 p95=   21.83 p99=   74.69 rps=  16.37
  s2s.crud.fetchAllTickets                      n=  982 err=   0 errRate=  0.00% avg=   17.45 min=   12.87 max=  164.82 p50=   14.24 p95=   21.52 p99=   74.50 rps=  16.37
  s2s.crud.fetchFilms                           n=    2 err=   0 errRate=  0.00% avg=   38.76 min=   37.88 max=   39.65 p50=   38.76 p95=   39.56 p99=   39.63 rps=   0.03

2026-05-06T20:51:43.215Z  INFO 1 --- [lab8-additional-service] [   scheduling-1] r.h.l.a.o.ObservabilityService           : [lab8-additional-service] observability refresh
window 10s
  calc.additional.maxViewersSummary             n=  174 err=   0 errRate=  0.00% avg=   15.31 min=   12.91 max=   21.93 p50=   13.62 p95=   20.15 p99=   21.14 rps=  17.40
  controller.AnalyticsController.maxViewersSummary n=  174 err=   0 errRate=  0.00% avg=   15.44 min=   13.00 max=   22.06 p50=   13.76 p95=   20.29 p99=   21.31 rps=  17.40
  s2s.crud.fetchAllTickets                      n=  174 err=   0 errRate=  0.00% avg=   15.26 min=   12.87 max=   21.88 p50=   13.58 p95=   20.10 p99=   20.94 rps=  17.40
window 30s
  calc.additional.maxViewersSummary             n=  474 err=   0 errRate=  0.00% avg=   17.95 min=   12.91 max=  164.86 p50=   14.08 p95=   21.65 p99=   89.75 rps=  15.80
  controller.AnalyticsController.maxViewersSummary n=  474 err=   0 errRate=  0.00% avg=   18.10 min=   13.00 max=  164.96 p50=   14.26 p95=   21.82 p99=   90.00 rps=  15.80
  s2s.crud.fetchAllTickets                      n=  474 err=   0 errRate=  0.00% avg=   17.80 min=   12.87 max=  164.82 p50=   14.02 p95=   21.51 p99=   89.70 rps=  15.80
  s2s.crud.fetchFilms                           n=    1 err=   0 errRate=  0.00% avg=   39.65 min=   39.65 max=   39.65 p50=   39.65 p95=   39.65 p99=   39.65 rps=   0.03
window 1m
  calc.additional.maxViewersSummary             n=  987 err=   0 errRate=  0.00% avg=   17.55 min=   12.91 max=  164.86 p50=   14.29 p95=   21.64 p99=   74.19 rps=  16.45
  controller.AnalyticsController.maxViewersSummary n=  987 err=   0 errRate=  0.00% avg=   17.72 min=   13.00 max=  164.96 p50=   14.47 p95=   21.83 p99=   74.32 rps=  16.45
  s2s.crud.fetchAllTickets                      n=  987 err=   0 errRate=  0.00% avg=   17.41 min=   12.87 max=  164.82 p50=   14.22 p95=   21.52 p99=   74.14 rps=  16.45
  s2s.crud.fetchFilms                           n=    2 err=   0 errRate=  0.00% avg=   38.76 min=   37.88 max=   39.65 p50=   38.76 p95=   39.56 p99=   39.63 rps=   0.03

2026-05-06T20:51:44.216Z  INFO 1 --- [lab8-additional-service] [   scheduling-1] r.h.l.a.o.ObservabilityService           : [lab8-additional-service] observability refresh
window 10s
  calc.additional.maxViewersSummary             n=  170 err=   0 errRate=  0.00% avg=   15.42 min=   12.91 max=   34.60 p50=   13.61 p95=   20.15 p99=   25.36 rps=  17.00
  controller.AnalyticsController.maxViewersSummary n=  170 err=   0 errRate=  0.00% avg=   15.56 min=   13.00 max=   34.76 p50=   13.75 p95=   20.28 p99=   25.50 rps=  17.00
  s2s.crud.fetchAllTickets                      n=  170 err=   0 errRate=  0.00% avg=   15.37 min=   12.87 max=   34.56 p50=   13.56 p95=   20.10 p99=   25.31 rps=  17.00
window 30s
  calc.additional.maxViewersSummary             n=  483 err=   0 errRate=  0.00% avg=   17.38 min=   12.91 max=  163.43 p50=   14.10 p95=   21.64 p99=   74.49 rps=  16.10
  controller.AnalyticsController.maxViewersSummary n=  483 err=   0 errRate=  0.00% avg=   17.54 min=   13.00 max=  163.59 p50=   14.28 p95=   21.81 p99=   74.62 rps=  16.10
  s2s.crud.fetchAllTickets                      n=  483 err=   0 errRate=  0.00% avg=   17.24 min=   12.87 max=  163.37 p50=   14.03 p95=   21.50 p99=   74.43 rps=  16.10
  s2s.crud.fetchFilms                           n=    1 err=   0 errRate=  0.00% avg=   39.65 min=   39.65 max=   39.65 p50=   39.65 p95=   39.65 p99=   39.65 rps=   0.03
window 1m
  calc.additional.maxViewersSummary             n=  989 err=   0 errRate=  0.00% avg=   17.58 min=   12.91 max=  164.86 p50=   14.29 p95=   21.65 p99=   74.04 rps=  16.48
  controller.AnalyticsController.maxViewersSummary n=  989 err=   0 errRate=  0.00% avg=   17.75 min=   13.00 max=  164.96 p50=   14.47 p95=   21.82 p99=   74.17 rps=  16.48
  s2s.crud.fetchAllTickets                      n=  989 err=   0 errRate=  0.00% avg=   17.44 min=   12.87 max=  164.82 p50=   14.22 p95=   21.53 p99=   73.99 rps=  16.48
  s2s.crud.fetchFilms                           n=    2 err=   0 errRate=  0.00% avg=   38.76 min=   37.88 max=   39.65 p50=   38.76 p95=   39.56 p99=   39.63 rps=   0.03

2026-05-06T20:51:45.218Z  INFO 1 --- [lab8-additional-service] [   scheduling-1] r.h.l.a.o.ObservabilityService           : [lab8-additional-service] observability refresh
window 10s
  calc.additional.maxViewersSummary             n=  163 err=   0 errRate=  0.00% avg=   15.60 min=   12.91 max=   34.60 p50=   13.63 p95=   20.16 p99=   26.14 rps=  16.30
  controller.AnalyticsController.maxViewersSummary n=  163 err=   0 errRate=  0.00% avg=   15.75 min=   13.00 max=   34.76 p50=   13.77 p95=   20.40 p99=   26.28 rps=  16.30
  s2s.crud.fetchAllTickets                      n=  163 err=   0 errRate=  0.00% avg=   15.56 min=   12.87 max=   34.56 p50=   13.59 p95=   20.11 p99=   26.09 rps=  16.30
window 30s
  calc.additional.maxViewersSummary             n=  495 err=   0 errRate=  0.00% avg=   16.69 min=   12.91 max=   85.17 p50=   14.08 p95=   21.53 p99=   47.50 rps=  16.50
  controller.AnalyticsController.maxViewersSummary n=  495 err=   0 errRate=  0.00% avg=   16.85 min=   13.00 max=   85.43 p50=   14.27 p95=   21.71 p99=   47.73 rps=  16.50
  s2s.crud.fetchAllTickets                      n=  495 err=   0 errRate=  0.00% avg=   16.55 min=   12.87 max=   85.13 p50=   14.03 p95=   21.40 p99=   43.80 rps=  16.50
  s2s.crud.fetchFilms                           n=    1 err=   0 errRate=  0.00% avg=   39.65 min=   39.65 max=   39.65 p50=   39.65 p95=   39.65 p99=   39.65 rps=   0.03
window 1m
  calc.additional.maxViewersSummary             n=  990 err=   0 errRate=  0.00% avg=   17.56 min=   12.91 max=  164.86 p50=   14.28 p95=   21.65 p99=   73.97 rps=  16.50
  controller.AnalyticsController.maxViewersSummary n=  990 err=   0 errRate=  0.00% avg=   17.73 min=   13.00 max=  164.96 p50=   14.46 p95=   21.82 p99=   74.10 rps=  16.50
  s2s.crud.fetchAllTickets                      n=  990 err=   0 errRate=  0.00% avg=   17.42 min=   12.87 max=  164.82 p50=   14.22 p95=   21.53 p99=   73.92 rps=  16.50
  s2s.crud.fetchFilms                           n=    2 err=   0 errRate=  0.00% avg=   38.76 min=   37.88 max=   39.65 p50=   38.76 p95=   39.56 p99=   39.63 rps=   0.03

2026-05-06T20:51:46.220Z  INFO 1 --- [lab8-additional-service] [   scheduling-1] r.h.l.a.o.ObservabilityService           : [lab8-additional-service] observability refresh
window 10s
  calc.additional.maxViewersSummary             n=  169 err=   0 errRate=  0.00% avg=   15.50 min=   12.91 max=   34.60 p50=   13.62 p95=   20.16 p99=   25.47 rps=  16.90
  controller.AnalyticsController.maxViewersSummary n=  169 err=   0 errRate=  0.00% avg=   15.63 min=   13.00 max=   34.76 p50=   13.75 p95=   20.38 p99=   25.61 rps=  16.90
  s2s.crud.fetchAllTickets                      n=  169 err=   0 errRate=  0.00% avg=   15.45 min=   12.87 max=   34.56 p50=   13.58 p95=   20.11 p99=   25.42 rps=  16.90
window 30s
  calc.additional.maxViewersSummary             n=  501 err=   0 errRate=  0.00% avg=   16.18 min=   12.91 max=   53.94 p50=   14.03 p95=   21.40 p99=   27.24 rps=  16.70
  controller.AnalyticsController.maxViewersSummary n=  501 err=   0 errRate=  0.00% avg=   16.33 min=   13.00 max=   54.10 p50=   14.20 p95=   21.65 p99=   27.43 rps=  16.70
  s2s.crud.fetchAllTickets                      n=  501 err=   0 errRate=  0.00% avg=   16.03 min=   12.87 max=   46.99 p50=   13.96 p95=   21.28 p99=   26.21 rps=  16.70
  s2s.crud.fetchFilms                           n=    1 err=   0 errRate=  0.00% avg=   39.65 min=   39.65 max=   39.65 p50=   39.65 p95=   39.65 p99=   39.65 rps=   0.03
window 1m
  calc.additional.maxViewersSummary             n=  990 err=   0 errRate=  0.00% avg=   17.54 min=   12.91 max=  164.86 p50=   14.28 p95=   21.65 p99=   73.97 rps=  16.50
  controller.AnalyticsController.maxViewersSummary n=  990 err=   0 errRate=  0.00% avg=   17.71 min=   13.00 max=  164.96 p50=   14.46 p95=   21.82 p99=   74.10 rps=  16.50
  s2s.crud.fetchAllTickets                      n=  990 err=   0 errRate=  0.00% avg=   17.40 min=   12.87 max=  164.82 p50=   14.21 p95=   21.53 p99=   73.92 rps=  16.50
  s2s.crud.fetchFilms                           n=    2 err=   0 errRate=  0.00% avg=   38.76 min=   37.88 max=   39.65 p50=   38.76 p95=   39.56 p99=   39.63 rps=   0.03

2026-05-06T20:51:47.223Z  INFO 1 --- [lab8-additional-service] [   scheduling-1] r.h.l.a.o.ObservabilityService           : [lab8-additional-service] observability refresh
window 10s
  calc.additional.maxViewersSummary             n=  176 err=   0 errRate=  0.00% avg=   15.52 min=   12.90 max=   34.60 p50=   13.62 p95=   20.16 p99=   24.70 rps=  17.60
  controller.AnalyticsController.maxViewersSummary n=  176 err=   0 errRate=  0.00% avg=   15.66 min=   13.00 max=   34.76 p50=   13.77 p95=   20.37 p99=   24.83 rps=  17.60
  s2s.crud.fetchAllTickets                      n=  176 err=   0 errRate=  0.00% avg=   15.47 min=   12.85 max=   34.56 p50=   13.57 p95=   20.10 p99=   24.65 rps=  17.60
window 30s
  calc.additional.maxViewersSummary             n=  502 err=   0 errRate=  0.00% avg=   16.17 min=   12.90 max=   53.94 p50=   14.01 p95=   21.40 p99=   27.23 rps=  16.73
  controller.AnalyticsController.maxViewersSummary n=  502 err=   0 errRate=  0.00% avg=   16.32 min=   13.00 max=   54.10 p50=   14.16 p95=   21.65 p99=   27.42 rps=  16.73
  s2s.crud.fetchAllTickets                      n=  502 err=   0 errRate=  0.00% avg=   16.03 min=   12.85 max=   46.99 p50=   13.94 p95=   21.27 p99=   26.20 rps=  16.73
  s2s.crud.fetchFilms                           n=    1 err=   0 errRate=  0.00% avg=   39.65 min=   39.65 max=   39.65 p50=   39.65 p95=   39.65 p99=   39.65 rps=   0.03
window 1m
  calc.additional.maxViewersSummary             n=  988 err=   0 errRate=  0.00% avg=   17.53 min=   12.90 max=  164.86 p50=   14.27 p95=   21.65 p99=   74.12 rps=  16.47
  controller.AnalyticsController.maxViewersSummary n=  988 err=   0 errRate=  0.00% avg=   17.70 min=   13.00 max=  164.96 p50=   14.44 p95=   21.82 p99=   74.25 rps=  16.47
  s2s.crud.fetchAllTickets                      n=  988 err=   0 errRate=  0.00% avg=   17.39 min=   12.85 max=  164.82 p50=   14.20 p95=   21.53 p99=   74.06 rps=  16.47
  s2s.crud.fetchFilms                           n=    2 err=   0 errRate=  0.00% avg=   38.76 min=   37.88 max=   39.65 p50=   38.76 p95=   39.56 p99=   39.63 rps=   0.03

2026-05-06T20:51:48.224Z  INFO 1 --- [lab8-additional-service] [   scheduling-1] r.h.l.a.o.ObservabilityService           : [lab8-additional-service] observability refresh
window 10s
  calc.additional.maxViewersSummary             n=  178 err=   0 errRate=  0.00% avg=   15.45 min=   12.90 max=   34.60 p50=   13.62 p95=   20.15 p99=   23.75 rps=  17.80
  controller.AnalyticsController.maxViewersSummary n=  178 err=   0 errRate=  0.00% avg=   15.59 min=   13.00 max=   34.76 p50=   13.77 p95=   20.31 p99=   23.91 rps=  17.80
  s2s.crud.fetchAllTickets                      n=  178 err=   0 errRate=  0.00% avg=   15.41 min=   12.85 max=   34.56 p50=   13.57 p95=   20.09 p99=   23.54 rps=  17.80
window 30s
  calc.additional.maxViewersSummary             n=  505 err=   0 errRate=  0.00% avg=   16.15 min=   12.90 max=   53.94 p50=   13.96 p95=   21.39 p99=   27.20 rps=  16.83
  controller.AnalyticsController.maxViewersSummary n=  505 err=   0 errRate=  0.00% avg=   16.30 min=   13.00 max=   54.10 p50=   14.14 p95=   21.58 p99=   27.39 rps=  16.83
  s2s.crud.fetchAllTickets                      n=  505 err=   0 errRate=  0.00% avg=   16.01 min=   12.85 max=   46.99 p50=   13.90 p95=   21.15 p99=   26.17 rps=  16.83
  s2s.crud.fetchFilms                           n=    1 err=   0 errRate=  0.00% avg=   39.65 min=   39.65 max=   39.65 p50=   39.65 p95=   39.65 p99=   39.65 rps=   0.03
window 1m
  calc.additional.maxViewersSummary             n=  989 err=   0 errRate=  0.00% avg=   17.51 min=   12.90 max=  164.86 p50=   14.25 p95=   21.61 p99=   74.04 rps=  16.48
  controller.AnalyticsController.maxViewersSummary n=  989 err=   0 errRate=  0.00% avg=   17.68 min=   13.00 max=  164.96 p50=   14.42 p95=   21.79 p99=   74.17 rps=  16.48
  s2s.crud.fetchAllTickets                      n=  989 err=   0 errRate=  0.00% avg=   17.37 min=   12.85 max=  164.82 p50=   14.18 p95=   21.50 p99=   73.99 rps=  16.48
  s2s.crud.fetchFilms                           n=    2 err=   0 errRate=  0.00% avg=   38.76 min=   37.88 max=   39.65 p50=   38.76 p95=   39.56 p99=   39.63 rps=   0.03

2026-05-06T20:51:49.225Z  INFO 1 --- [lab8-additional-service] [   scheduling-1] r.h.l.a.o.ObservabilityService           : [lab8-additional-service] observability refresh
window 10s
  calc.additional.maxViewersSummary             n=  169 err=   0 errRate=  0.00% avg=   15.75 min=   12.90 max=   34.60 p50=   13.76 p95=   20.43 p99=   24.83 rps=  16.90
  controller.AnalyticsController.maxViewersSummary n=  169 err=   0 errRate=  0.00% avg=   15.89 min=   13.00 max=   34.76 p50=   13.91 p95=   20.56 p99=   24.99 rps=  16.90
  s2s.crud.fetchAllTickets                      n=  169 err=   0 errRate=  0.00% avg=   15.70 min=   12.85 max=   34.56 p50=   13.71 p95=   20.36 p99=   24.64 rps=  16.90
window 30s
  calc.additional.maxViewersSummary             n=  502 err=   0 errRate=  0.00% avg=   16.19 min=   12.90 max=   53.94 p50=   14.00 p95=   21.21 p99=   27.23 rps=  16.73
  controller.AnalyticsController.maxViewersSummary n=  502 err=   0 errRate=  0.00% avg=   16.34 min=   13.00 max=   54.10 p50=   14.15 p95=   21.39 p99=   27.42 rps=  16.73
  s2s.crud.fetchAllTickets                      n=  502 err=   0 errRate=  0.00% avg=   16.05 min=   12.85 max=   46.99 p50=   13.94 p95=   21.09 p99=   26.20 rps=  16.73
  s2s.crud.fetchFilms                           n=    1 err=   0 errRate=  0.00% avg=   39.65 min=   39.65 max=   39.65 p50=   39.65 p95=   39.65 p99=   39.65 rps=   0.03
window 1m
  calc.additional.maxViewersSummary             n=  985 err=   0 errRate=  0.00% avg=   17.54 min=   12.90 max=  164.86 p50=   14.26 p95=   21.61 p99=   74.34 rps=  16.42
  controller.AnalyticsController.maxViewersSummary n=  985 err=   0 errRate=  0.00% avg=   17.70 min=   13.00 max=  164.96 p50=   14.43 p95=   21.79 p99=   74.47 rps=  16.42
  s2s.crud.fetchAllTickets                      n=  985 err=   0 errRate=  0.00% avg=   17.40 min=   12.85 max=  164.82 p50=   14.19 p95=   21.50 p99=   74.28 rps=  16.42
  s2s.crud.fetchFilms                           n=    2 err=   0 errRate=  0.00% avg=   38.76 min=   37.88 max=   39.65 p50=   38.76 p95=   39.56 p99=   39.63 rps=   0.03

2026-05-06T20:51:49.998Z  INFO 1 --- [lab8-additional-service] [   scheduling-1] r.h.l.a.service.FilmCacheService         : film-cache stats: size=310 ttlMs=30000 lastRefreshAtMs=1778100687219 hits=42106 misses=9 refreshes=9
2026-05-06T20:51:50.226Z  INFO 1 --- [lab8-additional-service] [   scheduling-1] r.h.l.a.o.ObservabilityService           : [lab8-additional-service] observability refresh
window 10s
  calc.additional.maxViewersSummary             n=  164 err=   0 errRate=  0.00% avg=   15.96 min=   12.90 max=   34.60 p50=   13.80 p95=   20.26 p99=   25.43 rps=  16.40
  controller.AnalyticsController.maxViewersSummary n=  164 err=   0 errRate=  0.00% avg=   16.09 min=   13.08 max=   34.76 p50=   13.96 p95=   20.37 p99=   25.59 rps=  16.40
  s2s.crud.fetchAllTickets                      n=  164 err=   0 errRate=  0.00% avg=   15.91 min=   12.85 max=   34.56 p50=   13.74 p95=   20.20 p99=   25.25 rps=  16.40
window 30s
  calc.additional.maxViewersSummary             n=  503 err=   0 errRate=  0.00% avg=   16.17 min=   12.90 max=   53.94 p50=   13.98 p95=   21.16 p99=   27.22 rps=  16.77
  controller.AnalyticsController.maxViewersSummary n=  503 err=   0 errRate=  0.00% avg=   16.32 min=   13.00 max=   54.10 p50=   14.14 p95=   21.35 p99=   27.41 rps=  16.77
  s2s.crud.fetchAllTickets                      n=  503 err=   0 errRate=  0.00% avg=   16.03 min=   12.85 max=   46.99 p50=   13.92 p95=   21.05 p99=   26.19 rps=  16.77
  s2s.crud.fetchFilms                           n=    1 err=   0 errRate=  0.00% avg=   39.65 min=   39.65 max=   39.65 p50=   39.65 p95=   39.65 p99=   39.65 rps=   0.03
window 1m
  calc.additional.maxViewersSummary             n=  985 err=   0 errRate=  0.00% avg=   17.54 min=   12.90 max=  164.86 p50=   14.24 p95=   21.59 p99=   74.34 rps=  16.42
  controller.AnalyticsController.maxViewersSummary n=  985 err=   0 errRate=  0.00% avg=   17.70 min=   13.00 max=  164.96 p50=   14.41 p95=   21.78 p99=   74.47 rps=  16.42
  s2s.crud.fetchAllTickets                      n=  985 err=   0 errRate=  0.00% avg=   17.40 min=   12.85 max=  164.82 p50=   14.18 p95=   21.48 p99=   74.28 rps=  16.42
  s2s.crud.fetchFilms                           n=    2 err=   0 errRate=  0.00% avg=   38.76 min=   37.88 max=   39.65 p50=   38.76 p95=   39.56 p99=   39.63 rps=   0.03

2026-05-06T20:51:51.227Z  INFO 1 --- [lab8-additional-service] [   scheduling-1] r.h.l.a.o.ObservabilityService           : [lab8-additional-service] observability refresh
window 10s
  calc.additional.maxViewersSummary             n=  167 err=   0 errRate=  0.00% avg=   16.01 min=   12.90 max=   34.60 p50=   13.82 p95=   20.49 p99=   28.81 rps=  16.70
  controller.AnalyticsController.maxViewersSummary n=  167 err=   0 errRate=  0.00% avg=   16.15 min=   13.08 max=   34.76 p50=   13.96 p95=   20.65 p99=   28.92 rps=  16.70
  s2s.crud.fetchAllTickets                      n=  167 err=   0 errRate=  0.00% avg=   15.96 min=   12.85 max=   34.56 p50=   13.76 p95=   20.40 p99=   28.77 rps=  16.70
window 30s
  calc.additional.maxViewersSummary             n=  502 err=   0 errRate=  0.00% avg=   16.19 min=   12.90 max=   53.94 p50=   13.97 p95=   21.16 p99=   27.23 rps=  16.73
  controller.AnalyticsController.maxViewersSummary n=  502 err=   0 errRate=  0.00% avg=   16.33 min=   13.00 max=   54.10 p50=   14.14 p95=   21.33 p99=   27.42 rps=  16.73
  s2s.crud.fetchAllTickets                      n=  502 err=   0 errRate=  0.00% avg=   16.05 min=   12.85 max=   46.99 p50=   13.90 p95=   21.05 p99=   26.61 rps=  16.73
  s2s.crud.fetchFilms                           n=    1 err=   0 errRate=  0.00% avg=   39.65 min=   39.65 max=   39.65 p50=   39.65 p95=   39.65 p99=   39.65 rps=   0.03
window 1m
  calc.additional.maxViewersSummary             n=  977 err=   0 errRate=  0.00% avg=   17.56 min=   12.90 max=  164.86 p50=   14.21 p95=   21.60 p99=   74.93 rps=  16.28
  controller.AnalyticsController.maxViewersSummary n=  977 err=   0 errRate=  0.00% avg=   17.72 min=   13.00 max=  164.96 p50=   14.39 p95=   21.78 p99=   75.06 rps=  16.28
  s2s.crud.fetchAllTickets                      n=  977 err=   0 errRate=  0.00% avg=   17.42 min=   12.85 max=  164.82 p50=   14.15 p95=   21.49 p99=   74.87 rps=  16.28
  s2s.crud.fetchFilms                           n=    2 err=   0 errRate=  0.00% avg=   38.76 min=   37.88 max=   39.65 p50=   38.76 p95=   39.56 p99=   39.63 rps=   0.03

2026-05-06T20:51:52.228Z  INFO 1 --- [lab8-additional-service] [   scheduling-1] r.h.l.a.o.ObservabilityService           : [lab8-additional-service] observability refresh
window 10s
  calc.additional.maxViewersSummary             n=  163 err=   0 errRate=  0.00% avg=   16.09 min=   12.90 max=   34.60 p50=   13.77 p95=   20.36 p99=   29.07 rps=  16.30
  controller.AnalyticsController.maxViewersSummary n=  163 err=   0 errRate=  0.00% avg=   16.23 min=   13.08 max=   34.76 p50=   13.95 p95=   20.55 p99=   29.18 rps=  16.30
  s2s.crud.fetchAllTickets                      n=  163 err=   0 errRate=  0.00% avg=   16.05 min=   12.85 max=   34.56 p50=   13.73 p95=   20.21 p99=   29.03 rps=  16.30
window 30s
  calc.additional.maxViewersSummary             n=  497 err=   0 errRate=  0.00% avg=   16.23 min=   12.90 max=   53.94 p50=   13.96 p95=   21.17 p99=   27.47 rps=  16.57
  controller.AnalyticsController.maxViewersSummary n=  497 err=   0 errRate=  0.00% avg=   16.37 min=   13.00 max=   54.10 p50=   14.14 p95=   21.33 p99=   27.66 rps=  16.57
  s2s.crud.fetchAllTickets                      n=  497 err=   0 errRate=  0.00% avg=   16.09 min=   12.85 max=   46.99 p50=   13.90 p95=   21.06 p99=   26.64 rps=  16.57
  s2s.crud.fetchFilms                           n=    1 err=   0 errRate=  0.00% avg=   39.65 min=   39.65 max=   39.65 p50=   39.65 p95=   39.65 p99=   39.65 rps=   0.03
window 1m
  calc.additional.maxViewersSummary             n=  970 err=   0 errRate=  0.00% avg=   17.59 min=   12.90 max=  164.86 p50=   14.21 p95=   21.61 p99=   75.45 rps=  16.17
  controller.AnalyticsController.maxViewersSummary n=  970 err=   0 errRate=  0.00% avg=   17.75 min=   13.00 max=  164.96 p50=   14.39 p95=   21.79 p99=   75.58 rps=  16.17
  s2s.crud.fetchAllTickets                      n=  970 err=   0 errRate=  0.00% avg=   17.45 min=   12.85 max=  164.82 p50=   14.15 p95=   21.49 p99=   75.39 rps=  16.17
  s2s.crud.fetchFilms                           n=    2 err=   0 errRate=  0.00% avg=   38.76 min=   37.88 max=   39.65 p50=   38.76 p95=   39.56 p99=   39.63 rps=   0.03

2026-05-06T20:51:53.229Z  INFO 1 --- [lab8-additional-service] [   scheduling-1] r.h.l.a.o.ObservabilityService           : [lab8-additional-service] observability refresh
window 10s
  calc.additional.maxViewersSummary             n=  165 err=   0 errRate=  0.00% avg=   16.05 min=   12.90 max=   34.60 p50=   13.83 p95=   20.35 p99=   28.94 rps=  16.50
  controller.AnalyticsController.maxViewersSummary n=  165 err=   0 errRate=  0.00% avg=   16.18 min=   13.08 max=   34.76 p50=   13.96 p95=   20.55 p99=   29.05 rps=  16.50
  s2s.crud.fetchAllTickets                      n=  165 err=   0 errRate=  0.00% avg=   16.00 min=   12.85 max=   34.56 p50=   13.78 p95=   20.23 p99=   28.90 rps=  16.50
window 30s
  calc.additional.maxViewersSummary             n=  495 err=   0 errRate=  0.00% avg=   16.20 min=   12.90 max=   53.94 p50=   13.93 p95=   21.18 p99=   27.58 rps=  16.50
  controller.AnalyticsController.maxViewersSummary n=  495 err=   0 errRate=  0.00% avg=   16.35 min=   13.00 max=   54.10 p50=   14.09 p95=   21.33 p99=   27.77 rps=  16.50
  s2s.crud.fetchAllTickets                      n=  495 err=   0 errRate=  0.00% avg=   16.06 min=   12.85 max=   46.99 p50=   13.87 p95=   21.07 p99=   26.65 rps=  16.50
  s2s.crud.fetchFilms                           n=    1 err=   0 errRate=  0.00% avg=   39.65 min=   39.65 max=   39.65 p50=   39.65 p95=   39.65 p99=   39.65 rps=   0.03
window 1m
  calc.additional.maxViewersSummary             n=  977 err=   0 errRate=  0.00% avg=   17.55 min=   12.90 max=  164.86 p50=   14.21 p95=   21.60 p99=   74.93 rps=  16.28
  controller.AnalyticsController.maxViewersSummary n=  977 err=   0 errRate=  0.00% avg=   17.71 min=   13.00 max=  164.96 p50=   14.39 p95=   21.78 p99=   75.06 rps=  16.28
  s2s.crud.fetchAllTickets                      n=  977 err=   0 errRate=  0.00% avg=   17.41 min=   12.85 max=  164.82 p50=   14.15 p95=   21.49 p99=   74.87 rps=  16.28
  s2s.crud.fetchFilms                           n=    2 err=   0 errRate=  0.00% avg=   38.76 min=   37.88 max=   39.65 p50=   38.76 p95=   39.56 p99=   39.63 rps=   0.03

2026-05-06T20:51:54.230Z  INFO 1 --- [lab8-additional-service] [   scheduling-1] r.h.l.a.o.ObservabilityService           : [lab8-additional-service] observability refresh
window 10s
  calc.additional.maxViewersSummary             n=  164 err=   0 errRate=  0.00% avg=   15.86 min=   12.90 max=   26.65 p50=   13.77 p95=   20.31 p99=   20.92 rps=  16.40
  controller.AnalyticsController.maxViewersSummary n=  164 err=   0 errRate=  0.00% avg=   16.00 min=   13.08 max=   26.74 p50=   13.95 p95=   20.51 p99=   21.08 rps=  16.40
  s2s.crud.fetchAllTickets                      n=  164 err=   0 errRate=  0.00% avg=   15.82 min=   12.85 max=   26.62 p50=   13.72 p95=   20.23 p99=   20.87 rps=  16.40
window 30s
  calc.additional.maxViewersSummary             n=  494 err=   0 errRate=  0.00% avg=   16.18 min=   12.90 max=   53.94 p50=   13.89 p95=   21.13 p99=   27.64 rps=  16.47
  controller.AnalyticsController.maxViewersSummary n=  494 err=   0 errRate=  0.00% avg=   16.33 min=   13.00 max=   54.10 p50=   14.06 p95=   21.33 p99=   27.83 rps=  16.47
  s2s.crud.fetchAllTickets                      n=  494 err=   0 errRate=  0.00% avg=   16.04 min=   12.85 max=   46.99 p50=   13.84 p95=   21.02 p99=   26.66 rps=  16.47
  s2s.crud.fetchFilms                           n=    1 err=   0 errRate=  0.00% avg=   39.65 min=   39.65 max=   39.65 p50=   39.65 p95=   39.65 p99=   39.65 rps=   0.03
window 1m
  calc.additional.maxViewersSummary             n=  962 err=   0 errRate=  0.00% avg=   17.60 min=   12.90 max=  164.86 p50=   14.21 p95=   21.62 p99=   76.04 rps=  16.03
  controller.AnalyticsController.maxViewersSummary n=  962 err=   0 errRate=  0.00% avg=   17.76 min=   13.00 max=  164.96 p50=   14.39 p95=   21.80 p99=   76.17 rps=  16.03
  s2s.crud.fetchAllTickets                      n=  962 err=   0 errRate=  0.00% avg=   17.46 min=   12.85 max=  164.82 p50=   14.15 p95=   21.50 p99=   75.97 rps=  16.03
  s2s.crud.fetchFilms                           n=    2 err=   0 errRate=  0.00% avg=   38.76 min=   37.88 max=   39.65 p50=   38.76 p95=   39.56 p99=   39.63 rps=   0.03

2026-05-06T20:51:55.231Z  INFO 1 --- [lab8-additional-service] [   scheduling-1] r.h.l.a.o.ObservabilityService           : [lab8-additional-service] observability refresh
window 10s
  calc.additional.maxViewersSummary             n=  165 err=   0 errRate=  0.00% avg=   15.82 min=   12.90 max=   26.65 p50=   13.77 p95=   20.26 p99=   20.91 rps=  16.50
  controller.AnalyticsController.maxViewersSummary n=  165 err=   0 errRate=  0.00% avg=   15.95 min=   13.08 max=   26.74 p50=   13.95 p95=   20.43 p99=   21.04 rps=  16.50
  s2s.crud.fetchAllTickets                      n=  165 err=   0 errRate=  0.00% avg=   15.77 min=   12.85 max=   26.62 p50=   13.73 p95=   20.20 p99=   20.87 rps=  16.50
window 30s
  calc.additional.maxViewersSummary             n=  496 err=   0 errRate=  0.00% avg=   16.08 min=   12.90 max=   53.94 p50=   13.85 p95=   20.85 p99=   26.97 rps=  16.53
  controller.AnalyticsController.maxViewersSummary n=  496 err=   0 errRate=  0.00% avg=   16.22 min=   13.00 max=   54.10 p50=   14.00 p95=   21.07 p99=   27.06 rps=  16.53
  s2s.crud.fetchAllTickets                      n=  496 err=   0 errRate=  0.00% avg=   15.94 min=   12.85 max=   46.99 p50=   13.78 p95=   20.74 p99=   25.29 rps=  16.53
  s2s.crud.fetchFilms                           n=    1 err=   0 errRate=  0.00% avg=   39.65 min=   39.65 max=   39.65 p50=   39.65 p95=   39.65 p99=   39.65 rps=   0.03
window 1m
  calc.additional.maxViewersSummary             n=  952 err=   0 errRate=  0.00% avg=   17.63 min=   12.90 max=  164.86 p50=   14.21 p95=   21.61 p99=   76.77 rps=  15.87
  controller.AnalyticsController.maxViewersSummary n=  952 err=   0 errRate=  0.00% avg=   17.78 min=   13.00 max=  164.96 p50=   14.39 p95=   21.79 p99=   76.92 rps=  15.87
  s2s.crud.fetchAllTickets                      n=  952 err=   0 errRate=  0.00% avg=   17.48 min=   12.85 max=  164.82 p50=   14.14 p95=   21.49 p99=   76.71 rps=  15.87
  s2s.crud.fetchFilms                           n=    2 err=   0 errRate=  0.00% avg=   38.76 min=   37.88 max=   39.65 p50=   38.76 p95=   39.56 p99=   39.63 rps=   0.03

2026-05-06T20:51:56.233Z  INFO 1 --- [lab8-additional-service] [   scheduling-1] r.h.l.a.o.ObservabilityService           : [lab8-additional-service] observability refresh
window 10s
  calc.additional.maxViewersSummary             n=  170 err=   0 errRate=  0.00% avg=   15.88 min=   12.73 max=   26.65 p50=   13.81 p95=   20.28 p99=   20.89 rps=  17.00
  controller.AnalyticsController.maxViewersSummary n=  170 err=   0 errRate=  0.00% avg=   16.02 min=   12.82 max=   26.74 p50=   13.97 p95=   20.44 p99=   21.02 rps=  17.00
  s2s.crud.fetchAllTickets                      n=  170 err=   0 errRate=  0.00% avg=   15.83 min=   12.69 max=   26.62 p50=   13.76 p95=   20.21 p99=   20.84 rps=  17.00
window 30s
  calc.additional.maxViewersSummary             n=  506 err=   0 errRate=  0.00% avg=   15.99 min=   12.73 max=   53.94 p50=   13.81 p95=   20.67 p99=   26.51 rps=  16.87
  controller.AnalyticsController.maxViewersSummary n=  506 err=   0 errRate=  0.00% avg=   16.13 min=   12.82 max=   54.10 p50=   13.96 p95=   20.91 p99=   26.60 rps=  16.87
  s2s.crud.fetchAllTickets                      n=  506 err=   0 errRate=  0.00% avg=   15.85 min=   12.69 max=   46.99 p50=   13.74 p95=   20.56 p99=   23.67 rps=  16.87
  s2s.crud.fetchFilms                           n=    1 err=   0 errRate=  0.00% avg=   39.65 min=   39.65 max=   39.65 p50=   39.65 p95=   39.65 p99=   39.65 rps=   0.03
window 1m
  calc.additional.maxViewersSummary             n=  963 err=   0 errRate=  0.00% avg=   17.57 min=   12.73 max=  164.86 p50=   14.17 p95=   21.56 p99=   75.96 rps=  16.05
  controller.AnalyticsController.maxViewersSummary n=  963 err=   0 errRate=  0.00% avg=   17.73 min=   12.82 max=  164.96 p50=   14.36 p95=   21.72 p99=   76.10 rps=  16.05
  s2s.crud.fetchAllTickets                      n=  963 err=   0 errRate=  0.00% avg=   17.43 min=   12.69 max=  164.82 p50=   14.12 p95=   21.46 p99=   75.90 rps=  16.05
  s2s.crud.fetchFilms                           n=    2 err=   0 errRate=  0.00% avg=   38.76 min=   37.88 max=   39.65 p50=   38.76 p95=   39.56 p99=   39.63 rps=   0.03

2026-05-06T20:51:57.234Z  INFO 1 --- [lab8-additional-service] [   scheduling-1] r.h.l.a.o.ObservabilityService           : [lab8-additional-service] observability refresh
window 10s
  calc.additional.maxViewersSummary             n=  163 err=   0 errRate=  0.00% avg=   15.95 min=   12.73 max=   26.65 p50=   13.83 p95=   20.26 p99=   20.92 rps=  16.30
  controller.AnalyticsController.maxViewersSummary n=  163 err=   0 errRate=  0.00% avg=   16.08 min=   12.82 max=   26.74 p50=   14.01 p95=   20.43 p99=   21.05 rps=  16.30
  s2s.crud.fetchAllTickets                      n=  163 err=   0 errRate=  0.00% avg=   15.90 min=   12.69 max=   26.62 p50=   13.78 p95=   20.20 p99=   20.88 rps=  16.30
window 30s
  calc.additional.maxViewersSummary             n=  508 err=   0 errRate=  0.00% avg=   15.94 min=   12.73 max=   53.94 p50=   13.77 p95=   20.61 p99=   26.45 rps=  16.93
  controller.AnalyticsController.maxViewersSummary n=  508 err=   0 errRate=  0.00% avg=   16.09 min=   12.82 max=   54.10 p50=   13.93 p95=   20.80 p99=   26.54 rps=  16.93
  s2s.crud.fetchAllTickets                      n=  508 err=   0 errRate=  0.00% avg=   15.81 min=   12.69 max=   46.99 p50=   13.71 p95=   20.50 p99=   23.54 rps=  16.93
  s2s.crud.fetchFilms                           n=    1 err=   0 errRate=  0.00% avg=   39.65 min=   39.65 max=   39.65 p50=   39.65 p95=   39.65 p99=   39.65 rps=   0.03
window 1m
  calc.additional.maxViewersSummary             n=  964 err=   0 errRate=  0.00% avg=   17.57 min=   12.73 max=  164.86 p50=   14.16 p95=   21.56 p99=   75.89 rps=  16.07
  controller.AnalyticsController.maxViewersSummary n=  964 err=   0 errRate=  0.00% avg=   17.72 min=   12.82 max=  164.96 p50=   14.34 p95=   21.72 p99=   76.03 rps=  16.07
  s2s.crud.fetchAllTickets                      n=  964 err=   0 errRate=  0.00% avg=   17.43 min=   12.69 max=  164.82 p50=   14.10 p95=   21.46 p99=   75.83 rps=  16.07
  s2s.crud.fetchFilms                           n=    1 err=   0 errRate=  0.00% avg=   39.65 min=   39.65 max=   39.65 p50=   39.65 p95=   39.65 p99=   39.65 rps=   0.02

2026-05-06T20:51:58.237Z  INFO 1 --- [lab8-additional-service] [   scheduling-1] r.h.l.a.o.ObservabilityService           : [lab8-additional-service] observability refresh
window 10s
  calc.additional.maxViewersSummary             n=  141 err=   0 errRate=  0.00% avg=   16.06 min=   12.73 max=   26.65 p50=   13.83 p95=   20.29 p99=   21.04 rps=  14.10
  controller.AnalyticsController.maxViewersSummary n=  141 err=   0 errRate=  0.00% avg=   16.20 min=   12.82 max=   26.74 p50=   14.01 p95=   20.44 p99=   21.16 rps=  14.10
  controller.ObservabilityController.getStats   n=    1 err=   0 errRate=  0.00% avg=   12.84 min=   12.84 max=   12.84 p50=   12.84 p95=   12.84 p99=   12.84 rps=   0.10
  s2s.crud.fetchAllTickets                      n=  141 err=   0 errRate=  0.00% avg=   16.02 min=   12.69 max=   26.62 p50=   13.78 p95=   20.21 p99=   20.99 rps=  14.10
window 30s
  calc.additional.maxViewersSummary             n=  491 err=   0 errRate=  0.00% avg=   15.88 min=   12.73 max=   47.09 p50=   13.77 p95=   20.54 p99=   24.00 rps=  16.37
  controller.AnalyticsController.maxViewersSummary n=  491 err=   0 errRate=  0.00% avg=   16.02 min=   12.82 max=   47.32 p50=   13.93 p95=   20.68 p99=   24.17 rps=  16.37
  controller.ObservabilityController.getStats   n=    1 err=   0 errRate=  0.00% avg=   12.84 min=   12.84 max=   12.84 p50=   12.84 p95=   12.84 p99=   12.84 rps=   0.03
  s2s.crud.fetchAllTickets                      n=  491 err=   0 errRate=  0.00% avg=   15.82 min=   12.69 max=   46.99 p50=   13.71 p95=   20.46 p99=   23.90 rps=  16.37
window 1m
  calc.additional.maxViewersSummary             n=  940 err=   0 errRate=  0.00% avg=   17.56 min=   12.73 max=  164.86 p50=   14.15 p95=   21.56 p99=   77.66 rps=  15.67
  controller.AnalyticsController.maxViewersSummary n=  940 err=   0 errRate=  0.00% avg=   17.71 min=   12.82 max=  164.96 p50=   14.34 p95=   21.72 p99=   77.80 rps=  15.67
  controller.ObservabilityController.getStats   n=    1 err=   0 errRate=  0.00% avg=   12.84 min=   12.84 max=   12.84 p50=   12.84 p95=   12.84 p99=   12.84 rps=   0.02
  s2s.crud.fetchAllTickets                      n=  940 err=   0 errRate=  0.00% avg=   17.46 min=   12.69 max=  164.82 p50=   14.09 p95=   21.46 p99=   77.59 rps=  15.67
  s2s.crud.fetchFilms                           n=    1 err=   0 errRate=  0.00% avg=   39.65 min=   39.65 max=   39.65 p50=   39.65 p95=   39.65 p99=   39.65 rps=   0.02

