Picked up JAVA_TOOL_OPTIONS: 

  .   ____          _            __ _ _
 /\\ / ___'_ __ _ _(_)_ __  __ _ \ \ \ \
( ( )\___ | '_ | '_| | '_ \/ _` | \ \ \ \
 \\/  ___)| |_)| | | | | || (_| |  ) ) ) )
  '  |____| .__|_| |_|_| |_\__, | / / / /
 =========|_|==============|___/=/_/_/_/

 :: Spring Boot ::                (v4.0.3)

2026-05-06T20:41:37.382Z  INFO 1 --- [lab8-additional-service] [           main] r.h.l.a.AdditionalServiceApplication     : Starting AdditionalServiceApplication v1.0-SNAPSHOT using Java 25.0.3 with PID 1 (/app/app.jar started by spring in /app)
2026-05-06T20:41:37.389Z  INFO 1 --- [lab8-additional-service] [           main] r.h.l.a.AdditionalServiceApplication     : No active profile set, falling back to 1 default profile: "default"
2026-05-06T20:41:43.191Z  INFO 1 --- [lab8-additional-service] [           main] o.s.boot.tomcat.TomcatWebServer          : Tomcat initialized with port 8081 (http)
2026-05-06T20:41:43.383Z  INFO 1 --- [lab8-additional-service] [           main] o.apache.catalina.core.StandardService   : Starting service [Tomcat]
2026-05-06T20:41:43.383Z  INFO 1 --- [lab8-additional-service] [           main] o.apache.catalina.core.StandardEngine    : Starting Servlet engine: [Apache Tomcat/11.0.18]
2026-05-06T20:41:43.791Z  INFO 1 --- [lab8-additional-service] [           main] b.w.c.s.WebApplicationContextInitializer : Root WebApplicationContext: initialization completed in 5991 ms
2026-05-06T20:41:48.284Z  INFO 1 --- [lab8-additional-service] [           main] o.s.boot.tomcat.TomcatWebServer          : Tomcat started on port 8081 (http) with context path '/'
2026-05-06T20:41:48.302Z  INFO 1 --- [lab8-additional-service] [   scheduling-1] r.h.l.a.service.FilmCacheService         : film-cache stats: size=0 ttlMs=30000 lastRefreshAtMs=0 hits=0 misses=0 refreshes=0
2026-05-06T20:41:48.308Z  INFO 1 --- [lab8-additional-service] [           main] r.h.l.a.AdditionalServiceApplication     : Started AdditionalServiceApplication in 13.422 seconds (process running for 16.687)
2026-05-06T20:41:58.295Z  INFO 1 --- [lab8-additional-service] [   scheduling-1] r.h.l.a.service.FilmCacheService         : film-cache stats: size=0 ttlMs=30000 lastRefreshAtMs=0 hits=0 misses=0 refreshes=0
2026-05-06T20:42:08.295Z  INFO 1 --- [lab8-additional-service] [   scheduling-1] r.h.l.a.service.FilmCacheService         : film-cache stats: size=0 ttlMs=30000 lastRefreshAtMs=0 hits=0 misses=0 refreshes=0
2026-05-06T20:42:18.295Z  INFO 1 --- [lab8-additional-service] [   scheduling-1] r.h.l.a.service.FilmCacheService         : film-cache stats: size=0 ttlMs=30000 lastRefreshAtMs=0 hits=0 misses=0 refreshes=0
2026-05-06T20:42:19.171Z  INFO 1 --- [lab8-additional-service] [nio-8081-exec-1] o.a.c.c.C.[Tomcat].[localhost].[/]       : Initializing Spring DispatcherServlet 'dispatcherServlet'
2026-05-06T20:42:19.172Z  INFO 1 --- [lab8-additional-service] [nio-8081-exec-1] o.s.web.servlet.DispatcherServlet        : Initializing Servlet 'dispatcherServlet'
2026-05-06T20:42:19.173Z  INFO 1 --- [lab8-additional-service] [nio-8081-exec-1] o.s.web.servlet.DispatcherServlet        : Completed initialization in 1 ms
2026-05-06T20:42:20.578Z  INFO 1 --- [lab8-additional-service] [   scheduling-1] r.h.l.a.o.ObservabilityService           : [lab8-additional-service] observability refresh
window 10s
  controller.ObservabilityController.getStats   n=    1 err=   0 errRate=  0.00% avg=  291.47 min=  291.47 max=  291.47 p50=  291.47 p95=  291.47 p99=  291.47 rps=   0.10
window 30s
  controller.ObservabilityController.getStats   n=    1 err=   0 errRate=  0.00% avg=  291.47 min=  291.47 max=  291.47 p50=  291.47 p95=  291.47 p99=  291.47 rps=   0.03
window 1m
  controller.ObservabilityController.getStats   n=    1 err=   0 errRate=  0.00% avg=  291.47 min=  291.47 max=  291.47 p50=  291.47 p95=  291.47 p99=  291.47 rps=   0.02

2026-05-06T20:42:21.585Z  INFO 1 --- [lab8-additional-service] [   scheduling-1] r.h.l.a.o.ObservabilityService           : [lab8-additional-service] observability refresh
window 10s
  controller.ObservabilityController.getStats   n=    1 err=   0 errRate=  0.00% avg=  291.47 min=  291.47 max=  291.47 p50=  291.47 p95=  291.47 p99=  291.47 rps=   0.10
window 30s
  controller.ObservabilityController.getStats   n=    1 err=   0 errRate=  0.00% avg=  291.47 min=  291.47 max=  291.47 p50=  291.47 p95=  291.47 p99=  291.47 rps=   0.03
window 1m
  controller.ObservabilityController.getStats   n=    1 err=   0 errRate=  0.00% avg=  291.47 min=  291.47 max=  291.47 p50=  291.47 p95=  291.47 p99=  291.47 rps=   0.02

2026-05-06T20:42:22.587Z  INFO 1 --- [lab8-additional-service] [   scheduling-1] r.h.l.a.o.ObservabilityService           : [lab8-additional-service] observability refresh
window 10s
  controller.ObservabilityController.getStats   n=    1 err=   0 errRate=  0.00% avg=  291.47 min=  291.47 max=  291.47 p50=  291.47 p95=  291.47 p99=  291.47 rps=   0.10
  s2s.crud.fetchFilms                           n=    1 err=   0 errRate=  0.00% avg= 1930.77 min= 1930.77 max= 1930.77 p50= 1930.77 p95= 1930.77 p99= 1930.77 rps=   0.10
window 30s
  controller.ObservabilityController.getStats   n=    1 err=   0 errRate=  0.00% avg=  291.47 min=  291.47 max=  291.47 p50=  291.47 p95=  291.47 p99=  291.47 rps=   0.03
  s2s.crud.fetchFilms                           n=    1 err=   0 errRate=  0.00% avg= 1930.77 min= 1930.77 max= 1930.77 p50= 1930.77 p95= 1930.77 p99= 1930.77 rps=   0.03
window 1m
  controller.ObservabilityController.getStats   n=    1 err=   0 errRate=  0.00% avg=  291.47 min=  291.47 max=  291.47 p50=  291.47 p95=  291.47 p99=  291.47 rps=   0.02
  s2s.crud.fetchFilms                           n=    1 err=   0 errRate=  0.00% avg= 1930.77 min= 1930.77 max= 1930.77 p50= 1930.77 p95= 1930.77 p99= 1930.77 rps=   0.02

2026-05-06T20:42:23.594Z  INFO 1 --- [lab8-additional-service] [   scheduling-1] r.h.l.a.o.ObservabilityService           : [lab8-additional-service] observability refresh
window 10s
  calc.additional.maxViewersSummary             n=   59 err=   0 errRate=  0.00% avg= 1439.46 min=  108.82 max= 2864.46 p50= 2362.25 p95= 2699.31 p99= 2769.42 rps=   5.90
  controller.AnalyticsController.maxViewersSummary n=   59 err=   0 errRate=  0.00% avg= 1519.82 min=  110.41 max= 3045.12 p50= 2487.86 p95= 2806.96 p99= 2955.99 rps=   5.90
  controller.ObservabilityController.getStats   n=    1 err=   0 errRate=  0.00% avg=  291.47 min=  291.47 max=  291.47 p50=  291.47 p95=  291.47 p99=  291.47 rps=   0.10
  s2s.crud.fetchAllTickets                      n=   59 err=   0 errRate=  0.00% avg=  365.98 min=  108.64 max=  751.65 p50=  356.47 p95=  587.22 p99=  658.39 rps=   5.90
  s2s.crud.fetchFilms                           n=    1 err=   0 errRate=  0.00% avg= 1930.77 min= 1930.77 max= 1930.77 p50= 1930.77 p95= 1930.77 p99= 1930.77 rps=   0.10
window 30s
  calc.additional.maxViewersSummary             n=   59 err=   0 errRate=  0.00% avg= 1439.46 min=  108.82 max= 2864.46 p50= 2362.25 p95= 2699.31 p99= 2769.42 rps=   1.97
  controller.AnalyticsController.maxViewersSummary n=   59 err=   0 errRate=  0.00% avg= 1519.82 min=  110.41 max= 3045.12 p50= 2487.86 p95= 2806.96 p99= 2955.99 rps=   1.97
  controller.ObservabilityController.getStats   n=    1 err=   0 errRate=  0.00% avg=  291.47 min=  291.47 max=  291.47 p50=  291.47 p95=  291.47 p99=  291.47 rps=   0.03
  s2s.crud.fetchAllTickets                      n=   59 err=   0 errRate=  0.00% avg=  365.98 min=  108.64 max=  751.65 p50=  356.47 p95=  587.22 p99=  658.39 rps=   1.97
  s2s.crud.fetchFilms                           n=    1 err=   0 errRate=  0.00% avg= 1930.77 min= 1930.77 max= 1930.77 p50= 1930.77 p95= 1930.77 p99= 1930.77 rps=   0.03
window 1m
  calc.additional.maxViewersSummary             n=   59 err=   0 errRate=  0.00% avg= 1439.46 min=  108.82 max= 2864.46 p50= 2362.25 p95= 2699.31 p99= 2769.42 rps=   0.98
  controller.AnalyticsController.maxViewersSummary n=   59 err=   0 errRate=  0.00% avg= 1519.82 min=  110.41 max= 3045.12 p50= 2487.86 p95= 2806.96 p99= 2955.99 rps=   0.98
  controller.ObservabilityController.getStats   n=    1 err=   0 errRate=  0.00% avg=  291.47 min=  291.47 max=  291.47 p50=  291.47 p95=  291.47 p99=  291.47 rps=   0.02
  s2s.crud.fetchAllTickets                      n=   59 err=   0 errRate=  0.00% avg=  365.98 min=  108.64 max=  751.65 p50=  356.47 p95=  587.22 p99=  658.39 rps=   0.98
  s2s.crud.fetchFilms                           n=    1 err=   0 errRate=  0.00% avg= 1930.77 min= 1930.77 max= 1930.77 p50= 1930.77 p95= 1930.77 p99= 1930.77 rps=   0.02

2026-05-06T20:42:24.602Z  INFO 1 --- [lab8-additional-service] [   scheduling-1] r.h.l.a.o.ObservabilityService           : [lab8-additional-service] observability refresh
window 10s
  calc.additional.maxViewersSummary             n=  106 err=   0 errRate=  0.00% avg= 1007.34 min=  108.82 max= 2864.46 p50=  489.14 p95= 2685.67 p99= 2700.60 rps=  10.60
  controller.AnalyticsController.maxViewersSummary n=  106 err=   0 errRate=  0.00% avg= 1053.40 min=  110.41 max= 3045.12 p50=  490.61 p95= 2793.26 p99= 2887.80 rps=  10.60
  controller.ObservabilityController.getStats   n=    1 err=   0 errRate=  0.00% avg=  291.47 min=  291.47 max=  291.47 p50=  291.47 p95=  291.47 p99=  291.47 rps=   0.10
  s2s.crud.fetchAllTickets                      n=  106 err=   0 errRate=  0.00% avg=  409.57 min=  108.64 max=  788.89 p50=  381.26 p95=  652.42 p99=  784.62 rps=  10.60
  s2s.crud.fetchFilms                           n=    1 err=   0 errRate=  0.00% avg= 1930.77 min= 1930.77 max= 1930.77 p50= 1930.77 p95= 1930.77 p99= 1930.77 rps=   0.10
window 30s
  calc.additional.maxViewersSummary             n=  106 err=   0 errRate=  0.00% avg= 1007.34 min=  108.82 max= 2864.46 p50=  489.14 p95= 2685.67 p99= 2700.60 rps=   3.53
  controller.AnalyticsController.maxViewersSummary n=  106 err=   0 errRate=  0.00% avg= 1053.40 min=  110.41 max= 3045.12 p50=  490.61 p95= 2793.26 p99= 2887.80 rps=   3.53
  controller.ObservabilityController.getStats   n=    1 err=   0 errRate=  0.00% avg=  291.47 min=  291.47 max=  291.47 p50=  291.47 p95=  291.47 p99=  291.47 rps=   0.03
  s2s.crud.fetchAllTickets                      n=  106 err=   0 errRate=  0.00% avg=  409.57 min=  108.64 max=  788.89 p50=  381.26 p95=  652.42 p99=  784.62 rps=   3.53
  s2s.crud.fetchFilms                           n=    1 err=   0 errRate=  0.00% avg= 1930.77 min= 1930.77 max= 1930.77 p50= 1930.77 p95= 1930.77 p99= 1930.77 rps=   0.03
window 1m
  calc.additional.maxViewersSummary             n=  106 err=   0 errRate=  0.00% avg= 1007.34 min=  108.82 max= 2864.46 p50=  489.14 p95= 2685.67 p99= 2700.60 rps=   1.77
  controller.AnalyticsController.maxViewersSummary n=  106 err=   0 errRate=  0.00% avg= 1053.40 min=  110.41 max= 3045.12 p50=  490.61 p95= 2793.26 p99= 2887.80 rps=   1.77
  controller.ObservabilityController.getStats   n=    1 err=   0 errRate=  0.00% avg=  291.47 min=  291.47 max=  291.47 p50=  291.47 p95=  291.47 p99=  291.47 rps=   0.02
  s2s.crud.fetchAllTickets                      n=  106 err=   0 errRate=  0.00% avg=  409.57 min=  108.64 max=  788.89 p50=  381.26 p95=  652.42 p99=  784.62 rps=   1.77
  s2s.crud.fetchFilms                           n=    1 err=   0 errRate=  0.00% avg= 1930.77 min= 1930.77 max= 1930.77 p50= 1930.77 p95= 1930.77 p99= 1930.77 rps=   0.02

2026-05-06T20:42:25.610Z  INFO 1 --- [lab8-additional-service] [   scheduling-1] r.h.l.a.o.ObservabilityService           : [lab8-additional-service] observability refresh
window 10s
  calc.additional.maxViewersSummary             n=  145 err=   0 errRate=  0.00% avg=  856.73 min=  108.82 max= 2864.46 p50=  470.39 p95= 2597.18 p99= 2700.56 rps=  14.50
  controller.AnalyticsController.maxViewersSummary n=  145 err=   0 errRate=  0.00% avg=  891.15 min=  110.41 max= 3045.12 p50=  472.69 p95= 2789.48 p99= 2859.38 rps=  14.50
  controller.ObservabilityController.getStats   n=    1 err=   0 errRate=  0.00% avg=  291.47 min=  291.47 max=  291.47 p50=  291.47 p95=  291.47 p99=  291.47 rps=   0.10
  s2s.crud.fetchAllTickets                      n=  145 err=   0 errRate=  0.00% avg=  419.67 min=  108.64 max=  817.16 p50=  383.60 p95=  701.62 p99=  796.37 rps=  14.50
  s2s.crud.fetchFilms                           n=    1 err=   0 errRate=  0.00% avg= 1930.77 min= 1930.77 max= 1930.77 p50= 1930.77 p95= 1930.77 p99= 1930.77 rps=   0.10
window 30s
  calc.additional.maxViewersSummary             n=  145 err=   0 errRate=  0.00% avg=  856.73 min=  108.82 max= 2864.46 p50=  470.39 p95= 2597.18 p99= 2700.56 rps=   4.83
  controller.AnalyticsController.maxViewersSummary n=  145 err=   0 errRate=  0.00% avg=  891.15 min=  110.41 max= 3045.12 p50=  472.69 p95= 2789.48 p99= 2859.38 rps=   4.83
  controller.ObservabilityController.getStats   n=    1 err=   0 errRate=  0.00% avg=  291.47 min=  291.47 max=  291.47 p50=  291.47 p95=  291.47 p99=  291.47 rps=   0.03
  s2s.crud.fetchAllTickets                      n=  145 err=   0 errRate=  0.00% avg=  419.67 min=  108.64 max=  817.16 p50=  383.60 p95=  701.62 p99=  796.37 rps=   4.83
  s2s.crud.fetchFilms                           n=    1 err=   0 errRate=  0.00% avg= 1930.77 min= 1930.77 max= 1930.77 p50= 1930.77 p95= 1930.77 p99= 1930.77 rps=   0.03
window 1m
  calc.additional.maxViewersSummary             n=  145 err=   0 errRate=  0.00% avg=  856.73 min=  108.82 max= 2864.46 p50=  470.39 p95= 2597.18 p99= 2700.56 rps=   2.42
  controller.AnalyticsController.maxViewersSummary n=  145 err=   0 errRate=  0.00% avg=  891.15 min=  110.41 max= 3045.12 p50=  472.69 p95= 2789.48 p99= 2859.38 rps=   2.42
  controller.ObservabilityController.getStats   n=    1 err=   0 errRate=  0.00% avg=  291.47 min=  291.47 max=  291.47 p50=  291.47 p95=  291.47 p99=  291.47 rps=   0.02
  s2s.crud.fetchAllTickets                      n=  145 err=   0 errRate=  0.00% avg=  419.67 min=  108.64 max=  817.16 p50=  383.60 p95=  701.62 p99=  796.37 rps=   2.42
  s2s.crud.fetchFilms                           n=    1 err=   0 errRate=  0.00% avg= 1930.77 min= 1930.77 max= 1930.77 p50= 1930.77 p95= 1930.77 p99= 1930.77 rps=   0.02

2026-05-06T20:42:26.614Z  INFO 1 --- [lab8-additional-service] [   scheduling-1] r.h.l.a.o.ObservabilityService           : [lab8-additional-service] observability refresh
window 10s
  calc.additional.maxViewersSummary             n=  197 err=   0 errRate=  0.00% avg=  744.67 min=  101.70 max= 2864.46 p50=  457.79 p95= 2588.93 p99= 2700.51 rps=  19.70
  controller.AnalyticsController.maxViewersSummary n=  197 err=   0 errRate=  0.00% avg=  770.56 min=  103.24 max= 3045.12 p50=  461.81 p95= 2757.96 p99= 2821.48 rps=  19.70
  controller.ObservabilityController.getStats   n=    1 err=   0 errRate=  0.00% avg=  291.47 min=  291.47 max=  291.47 p50=  291.47 p95=  291.47 p99=  291.47 rps=   0.10
  s2s.crud.fetchAllTickets                      n=  197 err=   0 errRate=  0.00% avg=  422.83 min=  100.81 max=  903.43 p50=  385.18 p95=  762.01 p99=  819.87 rps=  19.70
  s2s.crud.fetchFilms                           n=    1 err=   0 errRate=  0.00% avg= 1930.77 min= 1930.77 max= 1930.77 p50= 1930.77 p95= 1930.77 p99= 1930.77 rps=   0.10
window 30s
  calc.additional.maxViewersSummary             n=  197 err=   0 errRate=  0.00% avg=  744.67 min=  101.70 max= 2864.46 p50=  457.79 p95= 2588.93 p99= 2700.51 rps=   6.57
  controller.AnalyticsController.maxViewersSummary n=  197 err=   0 errRate=  0.00% avg=  770.56 min=  103.24 max= 3045.12 p50=  461.81 p95= 2757.96 p99= 2821.48 rps=   6.57
  controller.ObservabilityController.getStats   n=    1 err=   0 errRate=  0.00% avg=  291.47 min=  291.47 max=  291.47 p50=  291.47 p95=  291.47 p99=  291.47 rps=   0.03
  s2s.crud.fetchAllTickets                      n=  197 err=   0 errRate=  0.00% avg=  422.83 min=  100.81 max=  903.43 p50=  385.18 p95=  762.01 p99=  819.87 rps=   6.57
  s2s.crud.fetchFilms                           n=    1 err=   0 errRate=  0.00% avg= 1930.77 min= 1930.77 max= 1930.77 p50= 1930.77 p95= 1930.77 p99= 1930.77 rps=   0.03
window 1m
  calc.additional.maxViewersSummary             n=  197 err=   0 errRate=  0.00% avg=  744.67 min=  101.70 max= 2864.46 p50=  457.79 p95= 2588.93 p99= 2700.51 rps=   3.28
  controller.AnalyticsController.maxViewersSummary n=  197 err=   0 errRate=  0.00% avg=  770.56 min=  103.24 max= 3045.12 p50=  461.81 p95= 2757.96 p99= 2821.48 rps=   3.28
  controller.ObservabilityController.getStats   n=    1 err=   0 errRate=  0.00% avg=  291.47 min=  291.47 max=  291.47 p50=  291.47 p95=  291.47 p99=  291.47 rps=   0.02
  s2s.crud.fetchAllTickets                      n=  197 err=   0 errRate=  0.00% avg=  422.83 min=  100.81 max=  903.43 p50=  385.18 p95=  762.01 p99=  819.87 rps=   3.28
  s2s.crud.fetchFilms                           n=    1 err=   0 errRate=  0.00% avg= 1930.77 min= 1930.77 max= 1930.77 p50= 1930.77 p95= 1930.77 p99= 1930.77 rps=   0.02

2026-05-06T20:42:27.617Z  INFO 1 --- [lab8-additional-service] [   scheduling-1] r.h.l.a.o.ObservabilityService           : [lab8-additional-service] observability refresh
window 10s
  calc.additional.maxViewersSummary             n=  249 err=   0 errRate=  0.00% avg=  668.60 min=  101.70 max= 2864.46 p50=  406.56 p95= 2566.93 p99= 2699.87 rps=  24.90
  controller.AnalyticsController.maxViewersSummary n=  249 err=   0 errRate=  0.00% avg=  689.51 min=  103.24 max= 3045.12 p50=  408.17 p95= 2696.30 p99= 2812.38 rps=  24.90
  controller.ObservabilityController.getStats   n=    1 err=   0 errRate=  0.00% avg=  291.47 min=  291.47 max=  291.47 p50=  291.47 p95=  291.47 p99=  291.47 rps=   0.10
  s2s.crud.fetchAllTickets                      n=  249 err=   0 errRate=  0.00% avg=  413.92 min=  100.81 max=  977.14 p50=  383.60 p95=  764.39 p99=  852.50 rps=  24.90
  s2s.crud.fetchFilms                           n=    1 err=   0 errRate=  0.00% avg= 1930.77 min= 1930.77 max= 1930.77 p50= 1930.77 p95= 1930.77 p99= 1930.77 rps=   0.10
window 30s
  calc.additional.maxViewersSummary             n=  249 err=   0 errRate=  0.00% avg=  668.60 min=  101.70 max= 2864.46 p50=  406.56 p95= 2566.93 p99= 2699.87 rps=   8.30
  controller.AnalyticsController.maxViewersSummary n=  249 err=   0 errRate=  0.00% avg=  689.51 min=  103.24 max= 3045.12 p50=  408.17 p95= 2696.30 p99= 2812.38 rps=   8.30
  controller.ObservabilityController.getStats   n=    1 err=   0 errRate=  0.00% avg=  291.47 min=  291.47 max=  291.47 p50=  291.47 p95=  291.47 p99=  291.47 rps=   0.03
  s2s.crud.fetchAllTickets                      n=  249 err=   0 errRate=  0.00% avg=  413.92 min=  100.81 max=  977.14 p50=  383.60 p95=  764.39 p99=  852.50 rps=   8.30
  s2s.crud.fetchFilms                           n=    1 err=   0 errRate=  0.00% avg= 1930.77 min= 1930.77 max= 1930.77 p50= 1930.77 p95= 1930.77 p99= 1930.77 rps=   0.03
window 1m
  calc.additional.maxViewersSummary             n=  249 err=   0 errRate=  0.00% avg=  668.60 min=  101.70 max= 2864.46 p50=  406.56 p95= 2566.93 p99= 2699.87 rps=   4.15
  controller.AnalyticsController.maxViewersSummary n=  249 err=   0 errRate=  0.00% avg=  689.51 min=  103.24 max= 3045.12 p50=  408.17 p95= 2696.30 p99= 2812.38 rps=   4.15
  controller.ObservabilityController.getStats   n=    1 err=   0 errRate=  0.00% avg=  291.47 min=  291.47 max=  291.47 p50=  291.47 p95=  291.47 p99=  291.47 rps=   0.02
  s2s.crud.fetchAllTickets                      n=  249 err=   0 errRate=  0.00% avg=  413.92 min=  100.81 max=  977.14 p50=  383.60 p95=  764.39 p99=  852.50 rps=   4.15
  s2s.crud.fetchFilms                           n=    1 err=   0 errRate=  0.00% avg= 1930.77 min= 1930.77 max= 1930.77 p50= 1930.77 p95= 1930.77 p99= 1930.77 rps=   0.02

2026-05-06T20:42:28.295Z  INFO 1 --- [lab8-additional-service] [   scheduling-1] r.h.l.a.service.FilmCacheService         : film-cache stats: size=310 ttlMs=30000 lastRefreshAtMs=1778100140274 hits=302 misses=1 refreshes=1
2026-05-06T20:42:28.620Z  INFO 1 --- [lab8-additional-service] [   scheduling-1] r.h.l.a.o.ObservabilityService           : [lab8-additional-service] observability refresh
window 10s
  calc.additional.maxViewersSummary             n=  290 err=   0 errRate=  0.00% avg=  656.87 min=  101.70 max= 2864.46 p50=  461.77 p95= 2494.74 p99= 2699.33 rps=  29.00
  controller.AnalyticsController.maxViewersSummary n=  290 err=   0 errRate=  0.00% avg=  675.03 min=  103.24 max= 3045.12 p50=  464.89 p95= 2680.77 p99= 2807.09 rps=  29.00
  controller.ObservabilityController.getStats   n=    1 err=   0 errRate=  0.00% avg=  291.47 min=  291.47 max=  291.47 p50=  291.47 p95=  291.47 p99=  291.47 rps=   0.10
  s2s.crud.fetchAllTickets                      n=  290 err=   0 errRate=  0.00% avg=  438.10 min=  100.81 max= 1092.36 p50=  394.10 p95=  794.36 p99=  904.97 rps=  29.00
  s2s.crud.fetchFilms                           n=    1 err=   0 errRate=  0.00% avg= 1930.77 min= 1930.77 max= 1930.77 p50= 1930.77 p95= 1930.77 p99= 1930.77 rps=   0.10
window 30s
  calc.additional.maxViewersSummary             n=  290 err=   0 errRate=  0.00% avg=  656.87 min=  101.70 max= 2864.46 p50=  461.77 p95= 2494.74 p99= 2699.33 rps=   9.67
  controller.AnalyticsController.maxViewersSummary n=  290 err=   0 errRate=  0.00% avg=  675.03 min=  103.24 max= 3045.12 p50=  464.89 p95= 2680.77 p99= 2807.09 rps=   9.67
  controller.ObservabilityController.getStats   n=    1 err=   0 errRate=  0.00% avg=  291.47 min=  291.47 max=  291.47 p50=  291.47 p95=  291.47 p99=  291.47 rps=   0.03
  s2s.crud.fetchAllTickets                      n=  290 err=   0 errRate=  0.00% avg=  438.10 min=  100.81 max= 1092.36 p50=  394.10 p95=  794.36 p99=  904.97 rps=   9.67
  s2s.crud.fetchFilms                           n=    1 err=   0 errRate=  0.00% avg= 1930.77 min= 1930.77 max= 1930.77 p50= 1930.77 p95= 1930.77 p99= 1930.77 rps=   0.03
window 1m
  calc.additional.maxViewersSummary             n=  290 err=   0 errRate=  0.00% avg=  656.87 min=  101.70 max= 2864.46 p50=  461.77 p95= 2494.74 p99= 2699.33 rps=   4.83
  controller.AnalyticsController.maxViewersSummary n=  290 err=   0 errRate=  0.00% avg=  675.03 min=  103.24 max= 3045.12 p50=  464.89 p95= 2680.77 p99= 2807.09 rps=   4.83
  controller.ObservabilityController.getStats   n=    1 err=   0 errRate=  0.00% avg=  291.47 min=  291.47 max=  291.47 p50=  291.47 p95=  291.47 p99=  291.47 rps=   0.02
  s2s.crud.fetchAllTickets                      n=  290 err=   0 errRate=  0.00% avg=  438.10 min=  100.81 max= 1092.36 p50=  394.10 p95=  794.36 p99=  904.97 rps=   4.83
  s2s.crud.fetchFilms                           n=    1 err=   0 errRate=  0.00% avg= 1930.77 min= 1930.77 max= 1930.77 p50= 1930.77 p95= 1930.77 p99= 1930.77 rps=   0.02

2026-05-06T20:42:29.628Z  INFO 1 --- [lab8-additional-service] [   scheduling-1] r.h.l.a.o.ObservabilityService           : [lab8-additional-service] observability refresh
window 10s
  calc.additional.maxViewersSummary             n=  358 err=   0 errRate=  0.00% avg=  602.17 min=   32.87 max= 2864.46 p50=  405.09 p95= 2484.70 p99= 2696.60 rps=  35.80
  controller.AnalyticsController.maxViewersSummary n=  358 err=   0 errRate=  0.00% avg=  617.18 min=   34.38 max= 3045.12 p50=  407.61 p95= 2662.82 p99= 2801.50 rps=  35.80
  s2s.crud.fetchAllTickets                      n=  358 err=   0 errRate=  0.00% avg=  424.91 min=   30.69 max= 1092.36 p50=  387.47 p95=  791.79 p99=  896.44 rps=  35.80
  s2s.crud.fetchFilms                           n=    1 err=   0 errRate=  0.00% avg= 1930.77 min= 1930.77 max= 1930.77 p50= 1930.77 p95= 1930.77 p99= 1930.77 rps=   0.10
window 30s
  calc.additional.maxViewersSummary             n=  358 err=   0 errRate=  0.00% avg=  602.17 min=   32.87 max= 2864.46 p50=  405.09 p95= 2484.70 p99= 2696.60 rps=  11.93
  controller.AnalyticsController.maxViewersSummary n=  358 err=   0 errRate=  0.00% avg=  617.18 min=   34.38 max= 3045.12 p50=  407.61 p95= 2662.82 p99= 2801.50 rps=  11.93
  controller.ObservabilityController.getStats   n=    1 err=   0 errRate=  0.00% avg=  291.47 min=  291.47 max=  291.47 p50=  291.47 p95=  291.47 p99=  291.47 rps=   0.03
  s2s.crud.fetchAllTickets                      n=  358 err=   0 errRate=  0.00% avg=  424.91 min=   30.69 max= 1092.36 p50=  387.47 p95=  791.79 p99=  896.44 rps=  11.93
  s2s.crud.fetchFilms                           n=    1 err=   0 errRate=  0.00% avg= 1930.77 min= 1930.77 max= 1930.77 p50= 1930.77 p95= 1930.77 p99= 1930.77 rps=   0.03
window 1m
  calc.additional.maxViewersSummary             n=  358 err=   0 errRate=  0.00% avg=  602.17 min=   32.87 max= 2864.46 p50=  405.09 p95= 2484.70 p99= 2696.60 rps=   5.97
  controller.AnalyticsController.maxViewersSummary n=  358 err=   0 errRate=  0.00% avg=  617.18 min=   34.38 max= 3045.12 p50=  407.61 p95= 2662.82 p99= 2801.50 rps=   5.97
  controller.ObservabilityController.getStats   n=    1 err=   0 errRate=  0.00% avg=  291.47 min=  291.47 max=  291.47 p50=  291.47 p95=  291.47 p99=  291.47 rps=   0.02
  s2s.crud.fetchAllTickets                      n=  358 err=   0 errRate=  0.00% avg=  424.91 min=   30.69 max= 1092.36 p50=  387.47 p95=  791.79 p99=  896.44 rps=   5.97
  s2s.crud.fetchFilms                           n=    1 err=   0 errRate=  0.00% avg= 1930.77 min= 1930.77 max= 1930.77 p50= 1930.77 p95= 1930.77 p99= 1930.77 rps=   0.02

2026-05-06T20:42:30.632Z  INFO 1 --- [lab8-additional-service] [   scheduling-1] r.h.l.a.o.ObservabilityService           : [lab8-additional-service] observability refresh
window 10s
  calc.additional.maxViewersSummary             n=  429 err=   0 errRate=  0.00% avg=  542.54 min=   32.87 max= 2864.46 p50=  368.56 p95= 2466.93 p99= 2694.15 rps=  42.90
  controller.AnalyticsController.maxViewersSummary n=  428 err=   0 errRate=  0.00% avg=  556.47 min=   34.38 max= 3045.12 p50=  370.63 p95= 2597.02 p99= 2797.09 rps=  42.80
  s2s.crud.fetchAllTickets                      n=  429 err=   0 errRate=  0.00% avg=  394.58 min=   30.69 max= 1092.36 p50=  359.45 p95=  787.03 p99=  891.03 rps=  42.90
  s2s.crud.fetchFilms                           n=    1 err=   0 errRate=  0.00% avg= 1930.77 min= 1930.77 max= 1930.77 p50= 1930.77 p95= 1930.77 p99= 1930.77 rps=   0.10
window 30s
  calc.additional.maxViewersSummary             n=  429 err=   0 errRate=  0.00% avg=  542.54 min=   32.87 max= 2864.46 p50=  368.56 p95= 2466.93 p99= 2694.15 rps=  14.30
  controller.AnalyticsController.maxViewersSummary n=  428 err=   0 errRate=  0.00% avg=  556.47 min=   34.38 max= 3045.12 p50=  370.63 p95= 2597.02 p99= 2797.09 rps=  14.27
  controller.ObservabilityController.getStats   n=    1 err=   0 errRate=  0.00% avg=  291.47 min=  291.47 max=  291.47 p50=  291.47 p95=  291.47 p99=  291.47 rps=   0.03
  s2s.crud.fetchAllTickets                      n=  429 err=   0 errRate=  0.00% avg=  394.58 min=   30.69 max= 1092.36 p50=  359.45 p95=  787.03 p99=  891.03 rps=  14.30
  s2s.crud.fetchFilms                           n=    1 err=   0 errRate=  0.00% avg= 1930.77 min= 1930.77 max= 1930.77 p50= 1930.77 p95= 1930.77 p99= 1930.77 rps=   0.03
window 1m
  calc.additional.maxViewersSummary             n=  429 err=   0 errRate=  0.00% avg=  542.54 min=   32.87 max= 2864.46 p50=  368.56 p95= 2466.93 p99= 2694.15 rps=   7.15
  controller.AnalyticsController.maxViewersSummary n=  428 err=   0 errRate=  0.00% avg=  556.47 min=   34.38 max= 3045.12 p50=  370.63 p95= 2597.02 p99= 2797.09 rps=   7.13
  controller.ObservabilityController.getStats   n=    1 err=   0 errRate=  0.00% avg=  291.47 min=  291.47 max=  291.47 p50=  291.47 p95=  291.47 p99=  291.47 rps=   0.02
  s2s.crud.fetchAllTickets                      n=  429 err=   0 errRate=  0.00% avg=  394.58 min=   30.69 max= 1092.36 p50=  359.45 p95=  787.03 p99=  891.03 rps=   7.15
  s2s.crud.fetchFilms                           n=    1 err=   0 errRate=  0.00% avg= 1930.77 min= 1930.77 max= 1930.77 p50= 1930.77 p95= 1930.77 p99= 1930.77 rps=   0.02

2026-05-06T20:42:31.638Z  INFO 1 --- [lab8-additional-service] [   scheduling-1] r.h.l.a.o.ObservabilityService           : [lab8-additional-service] observability refresh
window 10s
  calc.additional.maxViewersSummary             n=  500 err=   0 errRate=  0.00% avg=  499.11 min=   32.87 max= 2864.46 p50=  310.91 p95= 2405.17 p99= 2692.90 rps=  50.00
  controller.AnalyticsController.maxViewersSummary n=  500 err=   0 errRate=  0.00% avg=  510.43 min=   34.38 max= 3045.12 p50=  312.70 p95= 2574.91 p99= 2793.74 rps=  50.00
  s2s.crud.fetchAllTickets                      n=  500 err=   0 errRate=  0.00% avg=  372.13 min=   30.69 max= 1092.36 p50=  307.52 p95=  783.25 p99=  890.69 rps=  50.00
  s2s.crud.fetchFilms                           n=    1 err=   0 errRate=  0.00% avg= 1930.77 min= 1930.77 max= 1930.77 p50= 1930.77 p95= 1930.77 p99= 1930.77 rps=   0.10
window 30s
  calc.additional.maxViewersSummary             n=  500 err=   0 errRate=  0.00% avg=  499.11 min=   32.87 max= 2864.46 p50=  310.91 p95= 2405.17 p99= 2692.90 rps=  16.67
  controller.AnalyticsController.maxViewersSummary n=  500 err=   0 errRate=  0.00% avg=  510.43 min=   34.38 max= 3045.12 p50=  312.70 p95= 2574.91 p99= 2793.74 rps=  16.67
  controller.ObservabilityController.getStats   n=    1 err=   0 errRate=  0.00% avg=  291.47 min=  291.47 max=  291.47 p50=  291.47 p95=  291.47 p99=  291.47 rps=   0.03
  s2s.crud.fetchAllTickets                      n=  500 err=   0 errRate=  0.00% avg=  372.13 min=   30.69 max= 1092.36 p50=  307.52 p95=  783.25 p99=  890.69 rps=  16.67
  s2s.crud.fetchFilms                           n=    1 err=   0 errRate=  0.00% avg= 1930.77 min= 1930.77 max= 1930.77 p50= 1930.77 p95= 1930.77 p99= 1930.77 rps=   0.03
window 1m
  calc.additional.maxViewersSummary             n=  500 err=   0 errRate=  0.00% avg=  499.11 min=   32.87 max= 2864.46 p50=  310.91 p95= 2405.17 p99= 2692.90 rps=   8.33
  controller.AnalyticsController.maxViewersSummary n=  500 err=   0 errRate=  0.00% avg=  510.43 min=   34.38 max= 3045.12 p50=  312.70 p95= 2574.91 p99= 2793.74 rps=   8.33
  controller.ObservabilityController.getStats   n=    1 err=   0 errRate=  0.00% avg=  291.47 min=  291.47 max=  291.47 p50=  291.47 p95=  291.47 p99=  291.47 rps=   0.02
  s2s.crud.fetchAllTickets                      n=  500 err=   0 errRate=  0.00% avg=  372.13 min=   30.69 max= 1092.36 p50=  307.52 p95=  783.25 p99=  890.69 rps=   8.33
  s2s.crud.fetchFilms                           n=    1 err=   0 errRate=  0.00% avg= 1930.77 min= 1930.77 max= 1930.77 p50= 1930.77 p95= 1930.77 p99= 1930.77 rps=   0.02

2026-05-06T20:42:32.655Z  INFO 1 --- [lab8-additional-service] [   scheduling-1] r.h.l.a.o.ObservabilityService           : [lab8-additional-service] observability refresh
window 10s
  calc.additional.maxViewersSummary             n=  579 err=   0 errRate=  0.00% avg=  453.86 min=   32.87 max= 2864.46 p50=  296.56 p95=  989.92 p99= 2670.39 rps=  57.90
  controller.AnalyticsController.maxViewersSummary n=  581 err=   0 errRate=  0.00% avg=  470.33 min=   34.38 max= 3045.12 p50=  298.88 p95= 2487.86 p99= 2792.33 rps=  58.10
  s2s.crud.fetchAllTickets                      n=  579 err=   0 errRate=  0.00% avg=  351.45 min=   30.69 max= 1092.36 p50=  295.84 p95=  773.39 p99=  887.49 rps=  57.90
window 30s
  calc.additional.maxViewersSummary             n=  581 err=   0 errRate=  0.00% avg=  460.43 min=   32.87 max= 2864.46 p50=  297.25 p95= 2362.25 p99= 2669.81 rps=  19.37
  controller.AnalyticsController.maxViewersSummary n=  581 err=   0 errRate=  0.00% avg=  470.33 min=   34.38 max= 3045.12 p50=  298.88 p95= 2487.86 p99= 2792.33 rps=  19.37
  controller.ObservabilityController.getStats   n=    1 err=   0 errRate=  0.00% avg=  291.47 min=  291.47 max=  291.47 p50=  291.47 p95=  291.47 p99=  291.47 rps=   0.03
  s2s.crud.fetchAllTickets                      n=  581 err=   0 errRate=  0.00% avg=  351.12 min=   30.69 max= 1092.36 p50=  295.40 p95=  773.30 p99=  887.41 rps=  19.37
  s2s.crud.fetchFilms                           n=    1 err=   0 errRate=  0.00% avg= 1930.77 min= 1930.77 max= 1930.77 p50= 1930.77 p95= 1930.77 p99= 1930.77 rps=   0.03
window 1m
  calc.additional.maxViewersSummary             n=  581 err=   0 errRate=  0.00% avg=  460.43 min=   32.87 max= 2864.46 p50=  297.25 p95= 2362.25 p99= 2669.81 rps=   9.68
  controller.AnalyticsController.maxViewersSummary n=  581 err=   0 errRate=  0.00% avg=  470.33 min=   34.38 max= 3045.12 p50=  298.88 p95= 2487.86 p99= 2792.33 rps=   9.68
  controller.ObservabilityController.getStats   n=    1 err=   0 errRate=  0.00% avg=  291.47 min=  291.47 max=  291.47 p50=  291.47 p95=  291.47 p99=  291.47 rps=   0.02
  s2s.crud.fetchAllTickets                      n=  581 err=   0 errRate=  0.00% avg=  351.12 min=   30.69 max= 1092.36 p50=  295.40 p95=  773.30 p99=  887.41 rps=   9.68
  s2s.crud.fetchFilms                           n=    1 err=   0 errRate=  0.00% avg= 1930.77 min= 1930.77 max= 1930.77 p50= 1930.77 p95= 1930.77 p99= 1930.77 rps=   0.02

2026-05-06T20:42:33.662Z  INFO 1 --- [lab8-additional-service] [   scheduling-1] r.h.l.a.o.ObservabilityService           : [lab8-additional-service] observability refresh
window 10s
  calc.additional.maxViewersSummary             n=  602 err=   0 errRate=  0.00% avg=  330.28 min=   32.87 max= 1092.47 p50=  284.86 p95=  771.33 p99=  886.71 rps=  60.20
  controller.AnalyticsController.maxViewersSummary n=  602 err=   0 errRate=  0.00% avg=  332.10 min=   34.38 max= 1094.04 p50=  286.01 p95=  774.40 p99=  890.85 rps=  60.20
  s2s.crud.fetchAllTickets                      n=  602 err=   0 errRate=  0.00% avg=  329.97 min=   30.69 max= 1092.36 p50=  284.71 p95=  771.09 p99=  886.58 rps=  60.20
window 30s
  calc.additional.maxViewersSummary             n=  664 err=   0 errRate=  0.00% avg=  429.19 min=   32.87 max= 2864.46 p50=  289.34 p95=  901.75 p99= 2621.95 rps=  22.13
  controller.AnalyticsController.maxViewersSummary n=  664 err=   0 errRate=  0.00% avg=  437.99 min=   34.38 max= 3045.12 p50=  290.93 p95=  904.82 p99= 2790.50 rps=  22.13
  controller.ObservabilityController.getStats   n=    1 err=   0 errRate=  0.00% avg=  291.47 min=  291.47 max=  291.47 p50=  291.47 p95=  291.47 p99=  291.47 rps=   0.03
  s2s.crud.fetchAllTickets                      n=  664 err=   0 errRate=  0.00% avg=  333.53 min=   30.69 max= 1092.36 p50=  288.65 p95=  749.23 p99=  885.67 rps=  22.13
  s2s.crud.fetchFilms                           n=    1 err=   0 errRate=  0.00% avg= 1930.77 min= 1930.77 max= 1930.77 p50= 1930.77 p95= 1930.77 p99= 1930.77 rps=   0.03
window 1m
  calc.additional.maxViewersSummary             n=  664 err=   0 errRate=  0.00% avg=  429.19 min=   32.87 max= 2864.46 p50=  289.34 p95=  901.75 p99= 2621.95 rps=  11.07
  controller.AnalyticsController.maxViewersSummary n=  664 err=   0 errRate=  0.00% avg=  437.99 min=   34.38 max= 3045.12 p50=  290.93 p95=  904.82 p99= 2790.50 rps=  11.07
  controller.ObservabilityController.getStats   n=    1 err=   0 errRate=  0.00% avg=  291.47 min=  291.47 max=  291.47 p50=  291.47 p95=  291.47 p99=  291.47 rps=   0.02
  s2s.crud.fetchAllTickets                      n=  664 err=   0 errRate=  0.00% avg=  333.53 min=   30.69 max= 1092.36 p50=  288.65 p95=  749.23 p99=  885.67 rps=  11.07
  s2s.crud.fetchFilms                           n=    1 err=   0 errRate=  0.00% avg= 1930.77 min= 1930.77 max= 1930.77 p50= 1930.77 p95= 1930.77 p99= 1930.77 rps=   0.02

2026-05-06T20:42:34.678Z  INFO 1 --- [lab8-additional-service] [   scheduling-1] r.h.l.a.o.ObservabilityService           : [lab8-additional-service] observability refresh
window 10s
  calc.additional.maxViewersSummary             n=  634 err=   0 errRate=  0.00% avg=  306.35 min=   32.87 max= 1092.47 p50=  254.98 p95=  714.11 p99=  886.29 rps=  63.40
  controller.AnalyticsController.maxViewersSummary n=  633 err=   0 errRate=  0.00% avg=  308.11 min=   34.38 max= 1094.04 p50=  258.56 p95=  715.96 p99=  890.51 rps=  63.30
  s2s.crud.fetchAllTickets                      n=  634 err=   0 errRate=  0.00% avg=  306.08 min=   30.69 max= 1092.36 p50=  254.82 p95=  713.95 p99=  886.11 rps=  63.40
window 30s
  calc.additional.maxViewersSummary             n=  749 err=   0 errRate=  0.00% avg=  406.04 min=   32.87 max= 2864.46 p50=  285.29 p95=  884.15 p99= 2597.11 rps=  24.97
  controller.AnalyticsController.maxViewersSummary n=  748 err=   0 errRate=  0.00% avg=  414.23 min=   34.38 max= 3045.12 p50=  286.38 p95=  887.45 p99= 2789.28 rps=  24.93
  controller.ObservabilityController.getStats   n=    1 err=   0 errRate=  0.00% avg=  291.47 min=  291.47 max=  291.47 p50=  291.47 p95=  291.47 p99=  291.47 rps=   0.03
  s2s.crud.fetchAllTickets                      n=  749 err=   0 errRate=  0.00% avg=  321.22 min=   30.69 max= 1092.36 p50=  283.25 p95=  704.39 p99=  883.68 rps=  24.97
  s2s.crud.fetchFilms                           n=    1 err=   0 errRate=  0.00% avg= 1930.77 min= 1930.77 max= 1930.77 p50= 1930.77 p95= 1930.77 p99= 1930.77 rps=   0.03
window 1m
  calc.additional.maxViewersSummary             n=  749 err=   0 errRate=  0.00% avg=  406.04 min=   32.87 max= 2864.46 p50=  285.29 p95=  884.15 p99= 2597.11 rps=  12.48
  controller.AnalyticsController.maxViewersSummary n=  748 err=   0 errRate=  0.00% avg=  414.23 min=   34.38 max= 3045.12 p50=  286.38 p95=  887.45 p99= 2789.28 rps=  12.47
  controller.ObservabilityController.getStats   n=    1 err=   0 errRate=  0.00% avg=  291.47 min=  291.47 max=  291.47 p50=  291.47 p95=  291.47 p99=  291.47 rps=   0.02
  s2s.crud.fetchAllTickets                      n=  749 err=   0 errRate=  0.00% avg=  321.22 min=   30.69 max= 1092.36 p50=  283.25 p95=  704.39 p99=  883.68 rps=  12.48
  s2s.crud.fetchFilms                           n=    1 err=   0 errRate=  0.00% avg= 1930.77 min= 1930.77 max= 1930.77 p50= 1930.77 p95= 1930.77 p99= 1930.77 rps=   0.02

2026-05-06T20:42:35.683Z  INFO 1 --- [lab8-additional-service] [   scheduling-1] r.h.l.a.o.ObservabilityService           : [lab8-additional-service] observability refresh
window 10s
  calc.additional.maxViewersSummary             n=  677 err=   0 errRate=  0.00% avg=  287.08 min=   32.87 max= 1092.47 p50=  226.67 p95=  691.54 p99=  885.72 rps=  67.70
  controller.AnalyticsController.maxViewersSummary n=  677 err=   0 errRate=  0.00% avg=  288.63 min=   34.38 max= 1094.04 p50=  227.39 p95=  694.31 p99=  890.01 rps=  67.70
  s2s.crud.fetchAllTickets                      n=  677 err=   0 errRate=  0.00% avg=  286.82 min=   30.69 max= 1092.36 p50=  226.58 p95=  691.39 p99=  885.47 rps=  67.70
window 30s
  calc.additional.maxViewersSummary             n=  827 err=   0 errRate=  0.00% avg=  388.28 min=   32.87 max= 2864.46 p50=  272.62 p95=  814.08 p99= 2596.35 rps=  27.57
  controller.AnalyticsController.maxViewersSummary n=  827 err=   0 errRate=  0.00% avg=  395.59 min=   34.38 max= 3045.12 p50=  274.26 p95=  814.87 p99= 2781.72 rps=  27.57
  controller.ObservabilityController.getStats   n=    1 err=   0 errRate=  0.00% avg=  291.47 min=  291.47 max=  291.47 p50=  291.47 p95=  291.47 p99=  291.47 rps=   0.03
  s2s.crud.fetchAllTickets                      n=  827 err=   0 errRate=  0.00% avg=  311.44 min=   30.69 max= 1092.36 p50=  271.95 p95=  696.70 p99=  878.10 rps=  27.57
  s2s.crud.fetchFilms                           n=    1 err=   0 errRate=  0.00% avg= 1930.77 min= 1930.77 max= 1930.77 p50= 1930.77 p95= 1930.77 p99= 1930.77 rps=   0.03
window 1m
  calc.additional.maxViewersSummary             n=  827 err=   0 errRate=  0.00% avg=  388.28 min=   32.87 max= 2864.46 p50=  272.62 p95=  814.08 p99= 2596.35 rps=  13.78
  controller.AnalyticsController.maxViewersSummary n=  827 err=   0 errRate=  0.00% avg=  395.59 min=   34.38 max= 3045.12 p50=  274.26 p95=  814.87 p99= 2781.72 rps=  13.78
  controller.ObservabilityController.getStats   n=    1 err=   0 errRate=  0.00% avg=  291.47 min=  291.47 max=  291.47 p50=  291.47 p95=  291.47 p99=  291.47 rps=   0.02
  s2s.crud.fetchAllTickets                      n=  827 err=   0 errRate=  0.00% avg=  311.44 min=   30.69 max= 1092.36 p50=  271.95 p95=  696.70 p99=  878.10 rps=  13.78
  s2s.crud.fetchFilms                           n=    1 err=   0 errRate=  0.00% avg= 1930.77 min= 1930.77 max= 1930.77 p50= 1930.77 p95= 1930.77 p99= 1930.77 rps=   0.02

2026-05-06T20:42:36.686Z  INFO 1 --- [lab8-additional-service] [   scheduling-1] r.h.l.a.o.ObservabilityService           : [lab8-additional-service] observability refresh
window 10s
  calc.additional.maxViewersSummary             n=  711 err=   0 errRate=  0.00% avg=  267.02 min=   27.97 max= 1092.47 p50=  220.31 p95=  599.11 p99=  825.01 rps=  71.10
  controller.AnalyticsController.maxViewersSummary n=  711 err=   0 errRate=  0.00% avg=  268.46 min=   28.30 max= 1094.04 p50=  220.90 p95=  599.79 p99=  825.60 rps=  71.10
  s2s.crud.fetchAllTickets                      n=  711 err=   0 errRate=  0.00% avg=  266.80 min=   27.89 max= 1092.36 p50=  220.19 p95=  598.89 p99=  824.40 rps=  71.10
window 30s
  calc.additional.maxViewersSummary             n=  916 err=   0 errRate=  0.00% avg=  371.56 min=   27.97 max= 2864.46 p50=  265.83 p95=  798.12 p99= 2593.48 rps=  30.53
  controller.AnalyticsController.maxViewersSummary n=  916 err=   0 errRate=  0.00% avg=  378.26 min=   28.30 max= 3045.12 p50=  268.41 p95=  800.74 p99= 2760.70 rps=  30.53
  controller.ObservabilityController.getStats   n=    1 err=   0 errRate=  0.00% avg=  291.47 min=  291.47 max=  291.47 p50=  291.47 p95=  291.47 p99=  291.47 rps=   0.03
  s2s.crud.fetchAllTickets                      n=  916 err=   0 errRate=  0.00% avg=  302.17 min=   27.89 max= 1092.36 p50=  263.17 p95=  687.44 p99=  860.68 rps=  30.53
  s2s.crud.fetchFilms                           n=    1 err=   0 errRate=  0.00% avg= 1930.77 min= 1930.77 max= 1930.77 p50= 1930.77 p95= 1930.77 p99= 1930.77 rps=   0.03
window 1m
  calc.additional.maxViewersSummary             n=  916 err=   0 errRate=  0.00% avg=  371.56 min=   27.97 max= 2864.46 p50=  265.83 p95=  798.12 p99= 2593.48 rps=  15.27
  controller.AnalyticsController.maxViewersSummary n=  916 err=   0 errRate=  0.00% avg=  378.26 min=   28.30 max= 3045.12 p50=  268.41 p95=  800.74 p99= 2760.70 rps=  15.27
  controller.ObservabilityController.getStats   n=    1 err=   0 errRate=  0.00% avg=  291.47 min=  291.47 max=  291.47 p50=  291.47 p95=  291.47 p99=  291.47 rps=   0.02
  s2s.crud.fetchAllTickets                      n=  916 err=   0 errRate=  0.00% avg=  302.17 min=   27.89 max= 1092.36 p50=  263.17 p95=  687.44 p99=  860.68 rps=  15.27
  s2s.crud.fetchFilms                           n=    1 err=   0 errRate=  0.00% avg= 1930.77 min= 1930.77 max= 1930.77 p50= 1930.77 p95= 1930.77 p99= 1930.77 rps=   0.02

2026-05-06T20:42:37.693Z  INFO 1 --- [lab8-additional-service] [   scheduling-1] r.h.l.a.o.ObservabilityService           : [lab8-additional-service] observability refresh
window 10s
  calc.additional.maxViewersSummary             n=  743 err=   0 errRate=  0.00% avg=  252.70 min=   27.97 max= 1092.47 p50=  213.33 p95=  573.64 p99=  818.42 rps=  74.30
  controller.AnalyticsController.maxViewersSummary n=  743 err=   0 errRate=  0.00% avg=  254.06 min=   28.30 max= 1094.04 p50=  214.19 p95=  574.06 p99=  819.12 rps=  74.30
  s2s.crud.fetchAllTickets                      n=  743 err=   0 errRate=  0.00% avg=  252.49 min=   27.89 max= 1092.36 p50=  213.19 p95=  573.47 p99=  816.37 rps=  74.30
window 30s
  calc.additional.maxViewersSummary             n=  999 err=   0 errRate=  0.00% avg=  357.88 min=   27.97 max= 2864.46 p50=  240.50 p95=  789.28 p99= 2587.67 rps=  33.30
  controller.AnalyticsController.maxViewersSummary n=  999 err=   0 errRate=  0.00% avg=  364.11 min=   28.30 max= 3045.12 p50=  241.22 p95=  790.32 p99= 2757.20 rps=  33.30
  controller.ObservabilityController.getStats   n=    1 err=   0 errRate=  0.00% avg=  291.47 min=  291.47 max=  291.47 p50=  291.47 p95=  291.47 p99=  291.47 rps=   0.03
  s2s.crud.fetchAllTickets                      n=  999 err=   0 errRate=  0.00% avg=  294.24 min=   27.89 max= 1092.36 p50=  240.37 p95=  684.28 p99=  827.70 rps=  33.30
  s2s.crud.fetchFilms                           n=    1 err=   0 errRate=  0.00% avg= 1930.77 min= 1930.77 max= 1930.77 p50= 1930.77 p95= 1930.77 p99= 1930.77 rps=   0.03
window 1m
  calc.additional.maxViewersSummary             n=  999 err=   0 errRate=  0.00% avg=  357.88 min=   27.97 max= 2864.46 p50=  240.50 p95=  789.28 p99= 2587.67 rps=  16.65
  controller.AnalyticsController.maxViewersSummary n=  999 err=   0 errRate=  0.00% avg=  364.11 min=   28.30 max= 3045.12 p50=  241.22 p95=  790.32 p99= 2757.20 rps=  16.65
  controller.ObservabilityController.getStats   n=    1 err=   0 errRate=  0.00% avg=  291.47 min=  291.47 max=  291.47 p50=  291.47 p95=  291.47 p99=  291.47 rps=   0.02
  s2s.crud.fetchAllTickets                      n=  999 err=   0 errRate=  0.00% avg=  294.24 min=   27.89 max= 1092.36 p50=  240.37 p95=  684.28 p99=  827.70 rps=  16.65
  s2s.crud.fetchFilms                           n=    1 err=   0 errRate=  0.00% avg= 1930.77 min= 1930.77 max= 1930.77 p50= 1930.77 p95= 1930.77 p99= 1930.77 rps=   0.02

2026-05-06T20:42:38.295Z  INFO 1 --- [lab8-additional-service] [   scheduling-1] r.h.l.a.service.FilmCacheService         : film-cache stats: size=310 ttlMs=30000 lastRefreshAtMs=1778100140274 hits=1069 misses=1 refreshes=1
2026-05-06T20:42:38.699Z  INFO 1 --- [lab8-additional-service] [   scheduling-1] r.h.l.a.o.ObservabilityService           : [lab8-additional-service] observability refresh
window 10s
  calc.additional.maxViewersSummary             n=  793 err=   0 errRate=  0.00% avg=  230.82 min=   27.97 max=  890.78 p50=  208.10 p95=  396.84 p99=  687.87 rps=  79.30
  controller.AnalyticsController.maxViewersSummary n=  793 err=   0 errRate=  0.00% avg=  232.10 min=   28.30 max=  891.20 p50=  209.59 p95=  397.70 p99=  688.33 rps=  79.30
  s2s.crud.fetchAllTickets                      n=  793 err=   0 errRate=  0.00% avg=  230.64 min=   27.89 max=  890.68 p50=  207.64 p95=  396.74 p99=  687.76 rps=  79.30
window 30s
  calc.additional.maxViewersSummary             n= 1086 err=   0 errRate=  0.00% avg=  345.65 min=   27.97 max= 2864.46 p50=  231.93 p95=  784.82 p99= 2575.95 rps=  36.20
  controller.AnalyticsController.maxViewersSummary n= 1086 err=   0 errRate=  0.00% avg=  351.45 min=   28.30 max= 3045.12 p50=  233.08 p95=  787.34 p99= 2712.15 rps=  36.20
  controller.ObservabilityController.getStats   n=    1 err=   0 errRate=  0.00% avg=  291.47 min=  291.47 max=  291.47 p50=  291.47 p95=  291.47 p99=  291.47 rps=   0.03
  s2s.crud.fetchAllTickets                      n= 1086 err=   0 errRate=  0.00% avg=  287.11 min=   27.89 max= 1092.36 p50=  231.29 p95=  670.64 p99=  818.62 rps=  36.20
  s2s.crud.fetchFilms                           n=    1 err=   0 errRate=  0.00% avg= 1930.77 min= 1930.77 max= 1930.77 p50= 1930.77 p95= 1930.77 p99= 1930.77 rps=   0.03
window 1m
  calc.additional.maxViewersSummary             n= 1086 err=   0 errRate=  0.00% avg=  345.65 min=   27.97 max= 2864.46 p50=  231.93 p95=  784.82 p99= 2575.95 rps=  18.10
  controller.AnalyticsController.maxViewersSummary n= 1086 err=   0 errRate=  0.00% avg=  351.45 min=   28.30 max= 3045.12 p50=  233.08 p95=  787.34 p99= 2712.15 rps=  18.10
  controller.ObservabilityController.getStats   n=    1 err=   0 errRate=  0.00% avg=  291.47 min=  291.47 max=  291.47 p50=  291.47 p95=  291.47 p99=  291.47 rps=   0.02
  s2s.crud.fetchAllTickets                      n= 1086 err=   0 errRate=  0.00% avg=  287.11 min=   27.89 max= 1092.36 p50=  231.29 p95=  670.64 p99=  818.62 rps=  18.10
  s2s.crud.fetchFilms                           n=    1 err=   0 errRate=  0.00% avg= 1930.77 min= 1930.77 max= 1930.77 p50= 1930.77 p95= 1930.77 p99= 1930.77 rps=   0.02

2026-05-06T20:42:39.704Z  INFO 1 --- [lab8-additional-service] [   scheduling-1] r.h.l.a.o.ObservabilityService           : [lab8-additional-service] observability refresh
window 10s
  calc.additional.maxViewersSummary             n=  817 err=   0 errRate=  0.00% avg=  217.33 min=   27.97 max=  537.43 p50=  204.43 p95=  370.74 p99=  411.94 rps=  81.70
  controller.AnalyticsController.maxViewersSummary n=  817 err=   0 errRate=  0.00% avg=  218.55 min=   28.30 max=  537.77 p50=  205.56 p95=  371.36 p99=  412.84 rps=  81.70
  s2s.crud.fetchAllTickets                      n=  817 err=   0 errRate=  0.00% avg=  217.16 min=   27.89 max=  536.65 p50=  204.34 p95=  370.64 p99=  411.80 rps=  81.70
window 30s
  calc.additional.maxViewersSummary             n= 1179 err=   0 errRate=  0.00% avg=  334.26 min=   27.97 max= 2864.46 p50=  225.14 p95=  773.51 p99= 2573.84 rps=  39.30
  controller.AnalyticsController.maxViewersSummary n= 1179 err=   0 errRate=  0.00% avg=  339.67 min=   28.30 max= 3045.12 p50=  225.67 p95=  775.97 p99= 2703.16 rps=  39.30
  controller.ObservabilityController.getStats   n=    1 err=   0 errRate=  0.00% avg=  291.47 min=  291.47 max=  291.47 p50=  291.47 p95=  291.47 p99=  291.47 rps=   0.03
  s2s.crud.fetchAllTickets                      n= 1179 err=   0 errRate=  0.00% avg=  280.32 min=   27.89 max= 1092.36 p50=  225.04 p95=  607.00 p99=  805.53 rps=  39.30
  s2s.crud.fetchFilms                           n=    1 err=   0 errRate=  0.00% avg= 1930.77 min= 1930.77 max= 1930.77 p50= 1930.77 p95= 1930.77 p99= 1930.77 rps=   0.03
window 1m
  calc.additional.maxViewersSummary             n= 1179 err=   0 errRate=  0.00% avg=  334.26 min=   27.97 max= 2864.46 p50=  225.14 p95=  773.51 p99= 2573.84 rps=  19.65
  controller.AnalyticsController.maxViewersSummary n= 1179 err=   0 errRate=  0.00% avg=  339.67 min=   28.30 max= 3045.12 p50=  225.67 p95=  775.97 p99= 2703.16 rps=  19.65
  controller.ObservabilityController.getStats   n=    1 err=   0 errRate=  0.00% avg=  291.47 min=  291.47 max=  291.47 p50=  291.47 p95=  291.47 p99=  291.47 rps=   0.02
  s2s.crud.fetchAllTickets                      n= 1179 err=   0 errRate=  0.00% avg=  280.32 min=   27.89 max= 1092.36 p50=  225.04 p95=  607.00 p99=  805.53 rps=  19.65
  s2s.crud.fetchFilms                           n=    1 err=   0 errRate=  0.00% avg= 1930.77 min= 1930.77 max= 1930.77 p50= 1930.77 p95= 1930.77 p99= 1930.77 rps=   0.02

2026-05-06T20:42:40.707Z  INFO 1 --- [lab8-additional-service] [   scheduling-1] r.h.l.a.o.ObservabilityService           : [lab8-additional-service] observability refresh
window 10s
  calc.additional.maxViewersSummary             n=  827 err=   0 errRate=  0.00% avg=  214.27 min=   27.97 max=  537.43 p50=  202.63 p95=  360.27 p99=  411.88 rps=  82.70
  controller.AnalyticsController.maxViewersSummary n=  827 err=   0 errRate=  0.00% avg=  215.37 min=   28.30 max=  537.77 p50=  203.40 p95=  361.43 p99=  412.81 rps=  82.70
  s2s.crud.fetchAllTickets                      n=  827 err=   0 errRate=  0.00% avg=  214.11 min=   27.89 max=  536.65 p50=  202.28 p95=  360.13 p99=  411.74 rps=  82.70
window 30s
  calc.additional.maxViewersSummary             n= 1264 err=   0 errRate=  0.00% avg=  325.79 min=   27.97 max= 2864.46 p50=  220.33 p95=  737.11 p99= 2562.96 rps=  42.13
  controller.AnalyticsController.maxViewersSummary n= 1264 err=   0 errRate=  0.00% avg=  330.88 min=   28.30 max= 3045.12 p50=  221.45 p95=  739.82 p99= 2692.52 rps=  42.13
  controller.ObservabilityController.getStats   n=    1 err=   0 errRate=  0.00% avg=  291.47 min=  291.47 max=  291.47 p50=  291.47 p95=  291.47 p99=  291.47 rps=   0.03
  s2s.crud.fetchAllTickets                      n= 1264 err=   0 errRate=  0.00% avg=  275.46 min=   27.89 max= 1092.36 p50=  220.21 p95=  603.94 p99=  802.21 rps=  42.13
  s2s.crud.fetchFilms                           n=    1 err=   0 errRate=  0.00% avg= 1930.77 min= 1930.77 max= 1930.77 p50= 1930.77 p95= 1930.77 p99= 1930.77 rps=   0.03
window 1m
  calc.additional.maxViewersSummary             n= 1264 err=   0 errRate=  0.00% avg=  325.79 min=   27.97 max= 2864.46 p50=  220.33 p95=  737.11 p99= 2562.96 rps=  21.07
  controller.AnalyticsController.maxViewersSummary n= 1264 err=   0 errRate=  0.00% avg=  330.88 min=   28.30 max= 3045.12 p50=  221.45 p95=  739.82 p99= 2692.52 rps=  21.07
  controller.ObservabilityController.getStats   n=    1 err=   0 errRate=  0.00% avg=  291.47 min=  291.47 max=  291.47 p50=  291.47 p95=  291.47 p99=  291.47 rps=   0.02
  s2s.crud.fetchAllTickets                      n= 1264 err=   0 errRate=  0.00% avg=  275.46 min=   27.89 max= 1092.36 p50=  220.21 p95=  603.94 p99=  802.21 rps=  21.07
  s2s.crud.fetchFilms                           n=    1 err=   0 errRate=  0.00% avg= 1930.77 min= 1930.77 max= 1930.77 p50= 1930.77 p95= 1930.77 p99= 1930.77 rps=   0.02

2026-05-06T20:42:41.710Z  INFO 1 --- [lab8-additional-service] [   scheduling-1] r.h.l.a.o.ObservabilityService           : [lab8-additional-service] observability refresh
window 10s
  calc.additional.maxViewersSummary             n=  841 err=   0 errRate=  0.00% avg=  211.91 min=   27.97 max=  537.43 p50=  201.98 p95=  360.50 p99=  405.49 rps=  84.10
  controller.AnalyticsController.maxViewersSummary n=  841 err=   0 errRate=  0.00% avg=  212.88 min=   28.30 max=  537.77 p50=  202.67 p95=  361.17 p99=  405.82 rps=  84.10
  s2s.crud.fetchAllTickets                      n=  841 err=   0 errRate=  0.00% avg=  211.75 min=   27.89 max=  536.65 p50=  201.89 p95=  360.37 p99=  405.41 rps=  84.10
window 30s
  calc.additional.maxViewersSummary             n= 1348 err=   0 errRate=  0.00% avg=  318.90 min=   27.97 max= 2864.46 p50=  219.25 p95=  702.44 p99= 2527.84 rps=  44.93
  controller.AnalyticsController.maxViewersSummary n= 1348 err=   0 errRate=  0.00% avg=  323.71 min=   28.30 max= 3045.12 p50=  220.33 p95=  705.51 p99= 2685.29 rps=  44.93
  controller.ObservabilityController.getStats   n=    1 err=   0 errRate=  0.00% avg=  291.47 min=  291.47 max=  291.47 p50=  291.47 p95=  291.47 p99=  291.47 rps=   0.03
  s2s.crud.fetchAllTickets                      n= 1348 err=   0 errRate=  0.00% avg=  271.70 min=   27.89 max= 1092.36 p50=  219.14 p95=  602.08 p99=  802.00 rps=  44.93
  s2s.crud.fetchFilms                           n=    1 err=   0 errRate=  0.00% avg= 1930.77 min= 1930.77 max= 1930.77 p50= 1930.77 p95= 1930.77 p99= 1930.77 rps=   0.03
window 1m
  calc.additional.maxViewersSummary             n= 1348 err=   0 errRate=  0.00% avg=  318.90 min=   27.97 max= 2864.46 p50=  219.25 p95=  702.44 p99= 2527.84 rps=  22.47
  controller.AnalyticsController.maxViewersSummary n= 1348 err=   0 errRate=  0.00% avg=  323.71 min=   28.30 max= 3045.12 p50=  220.33 p95=  705.51 p99= 2685.29 rps=  22.47
  controller.ObservabilityController.getStats   n=    1 err=   0 errRate=  0.00% avg=  291.47 min=  291.47 max=  291.47 p50=  291.47 p95=  291.47 p99=  291.47 rps=   0.02
  s2s.crud.fetchAllTickets                      n= 1348 err=   0 errRate=  0.00% avg=  271.70 min=   27.89 max= 1092.36 p50=  219.14 p95=  602.08 p99=  802.00 rps=  22.47
  s2s.crud.fetchFilms                           n=    1 err=   0 errRate=  0.00% avg= 1930.77 min= 1930.77 max= 1930.77 p50= 1930.77 p95= 1930.77 p99= 1930.77 rps=   0.02

2026-05-06T20:42:42.712Z  INFO 1 --- [lab8-additional-service] [   scheduling-1] r.h.l.a.o.ObservabilityService           : [lab8-additional-service] observability refresh
window 10s
  calc.additional.maxViewersSummary             n=  855 err=   0 errRate=  0.00% avg=  209.64 min=   27.97 max=  537.43 p50=  200.88 p95=  359.02 p99=  406.61 rps=  85.50
  controller.AnalyticsController.maxViewersSummary n=  855 err=   0 errRate=  0.00% avg=  210.56 min=   28.30 max=  537.77 p50=  202.12 p95=  359.58 p99=  407.32 rps=  85.50
  s2s.crud.fetchAllTickets                      n=  855 err=   0 errRate=  0.00% avg=  209.48 min=   27.89 max=  536.65 p50=  200.74 p95=  358.92 p99=  406.52 rps=  85.50
window 30s
  calc.additional.maxViewersSummary             n= 1443 err=   0 errRate=  0.00% avg=  310.56 min=   27.97 max= 2864.46 p50=  215.72 p95=  690.60 p99= 2494.78 rps=  48.10
  controller.AnalyticsController.maxViewersSummary n= 1443 err=   0 errRate=  0.00% avg=  315.10 min=   28.30 max= 3045.12 p50=  216.49 p95=  693.53 p99= 2680.99 rps=  48.10
  controller.ObservabilityController.getStats   n=    1 err=   0 errRate=  0.00% avg=  291.47 min=  291.47 max=  291.47 p50=  291.47 p95=  291.47 p99=  291.47 rps=   0.03
  s2s.crud.fetchAllTickets                      n= 1443 err=   0 errRate=  0.00% avg=  266.45 min=   27.89 max= 1092.36 p50=  215.62 p95=  598.65 p99=  800.73 rps=  48.10
  s2s.crud.fetchFilms                           n=    1 err=   0 errRate=  0.00% avg= 1930.77 min= 1930.77 max= 1930.77 p50= 1930.77 p95= 1930.77 p99= 1930.77 rps=   0.03
window 1m
  calc.additional.maxViewersSummary             n= 1443 err=   0 errRate=  0.00% avg=  310.56 min=   27.97 max= 2864.46 p50=  215.72 p95=  690.60 p99= 2494.78 rps=  24.05
  controller.AnalyticsController.maxViewersSummary n= 1443 err=   0 errRate=  0.00% avg=  315.10 min=   28.30 max= 3045.12 p50=  216.49 p95=  693.53 p99= 2680.99 rps=  24.05
  controller.ObservabilityController.getStats   n=    1 err=   0 errRate=  0.00% avg=  291.47 min=  291.47 max=  291.47 p50=  291.47 p95=  291.47 p99=  291.47 rps=   0.02
  s2s.crud.fetchAllTickets                      n= 1443 err=   0 errRate=  0.00% avg=  266.45 min=   27.89 max= 1092.36 p50=  215.62 p95=  598.65 p99=  800.73 rps=  24.05
  s2s.crud.fetchFilms                           n=    1 err=   0 errRate=  0.00% avg= 1930.77 min= 1930.77 max= 1930.77 p50= 1930.77 p95= 1930.77 p99= 1930.77 rps=   0.02

2026-05-06T20:42:43.716Z  INFO 1 --- [lab8-additional-service] [   scheduling-1] r.h.l.a.o.ObservabilityService           : [lab8-additional-service] observability refresh
window 10s
  calc.additional.maxViewersSummary             n=  875 err=   0 errRate=  0.00% avg=  206.75 min=   27.97 max=  537.43 p50=  200.36 p95=  338.57 p99=  404.71 rps=  87.50
  controller.AnalyticsController.maxViewersSummary n=  875 err=   0 errRate=  0.00% avg=  207.60 min=   28.30 max=  537.77 p50=  200.96 p95=  338.81 p99=  404.99 rps=  87.50
  s2s.crud.fetchAllTickets                      n=  875 err=   0 errRate=  0.00% avg=  206.59 min=   27.89 max=  536.65 p50=  200.28 p95=  338.48 p99=  404.62 rps=  87.50
window 30s
  calc.additional.maxViewersSummary             n= 1541 err=   0 errRate=  0.00% avg=  302.56 min=   27.97 max= 2864.46 p50=  212.82 p95=  686.68 p99= 2493.22 rps=  51.37
  controller.AnalyticsController.maxViewersSummary n= 1541 err=   0 errRate=  0.00% avg=  306.84 min=   28.30 max= 3045.12 p50=  213.30 p95=  687.22 p99= 2674.76 rps=  51.37
  controller.ObservabilityController.getStats   n=    1 err=   0 errRate=  0.00% avg=  291.47 min=  291.47 max=  291.47 p50=  291.47 p95=  291.47 p99=  291.47 rps=   0.03
  s2s.crud.fetchAllTickets                      n= 1541 err=   0 errRate=  0.00% avg=  261.25 min=   27.89 max= 1092.36 p50=  212.51 p95=  593.96 p99=  798.56 rps=  51.37
  s2s.crud.fetchFilms                           n=    1 err=   0 errRate=  0.00% avg= 1930.77 min= 1930.77 max= 1930.77 p50= 1930.77 p95= 1930.77 p99= 1930.77 rps=   0.03
window 1m
  calc.additional.maxViewersSummary             n= 1541 err=   0 errRate=  0.00% avg=  302.56 min=   27.97 max= 2864.46 p50=  212.82 p95=  686.68 p99= 2493.22 rps=  25.68
  controller.AnalyticsController.maxViewersSummary n= 1541 err=   0 errRate=  0.00% avg=  306.84 min=   28.30 max= 3045.12 p50=  213.30 p95=  687.22 p99= 2674.76 rps=  25.68
  controller.ObservabilityController.getStats   n=    1 err=   0 errRate=  0.00% avg=  291.47 min=  291.47 max=  291.47 p50=  291.47 p95=  291.47 p99=  291.47 rps=   0.02
  s2s.crud.fetchAllTickets                      n= 1541 err=   0 errRate=  0.00% avg=  261.25 min=   27.89 max= 1092.36 p50=  212.51 p95=  593.96 p99=  798.56 rps=  25.68
  s2s.crud.fetchFilms                           n=    1 err=   0 errRate=  0.00% avg= 1930.77 min= 1930.77 max= 1930.77 p50= 1930.77 p95= 1930.77 p99= 1930.77 rps=   0.02

2026-05-06T20:42:44.719Z  INFO 1 --- [lab8-additional-service] [   scheduling-1] r.h.l.a.o.ObservabilityService           : [lab8-additional-service] observability refresh
window 10s
  calc.additional.maxViewersSummary             n=  880 err=   0 errRate=  0.00% avg=  204.24 min=   27.97 max=  537.43 p50=  199.27 p95=  332.53 p99=  404.59 rps=  88.00
  controller.AnalyticsController.maxViewersSummary n=  880 err=   0 errRate=  0.00% avg=  205.06 min=   28.30 max=  537.77 p50=  199.89 p95=  332.88 p99=  404.87 rps=  88.00
  s2s.crud.fetchAllTickets                      n=  880 err=   0 errRate=  0.00% avg=  204.09 min=   27.89 max=  536.65 p50=  199.17 p95=  332.45 p99=  404.51 rps=  88.00
window 30s
  calc.additional.maxViewersSummary             n= 1636 err=   0 errRate=  0.00% avg=  296.55 min=   27.97 max= 2864.46 p50=  210.57 p95=  681.10 p99= 2490.93 rps=  54.53
  controller.AnalyticsController.maxViewersSummary n= 1636 err=   0 errRate=  0.00% avg=  300.61 min=   28.30 max= 3045.12 p50=  211.49 p95=  684.03 p99= 2670.85 rps=  54.53
  controller.ObservabilityController.getStats   n=    1 err=   0 errRate=  0.00% avg=  291.47 min=  291.47 max=  291.47 p50=  291.47 p95=  291.47 p99=  291.47 rps=   0.03
  s2s.crud.fetchAllTickets                      n= 1636 err=   0 errRate=  0.00% avg=  257.63 min=   27.89 max= 1092.36 p50=  210.47 p95=  590.34 p99=  797.43 rps=  54.53
  s2s.crud.fetchFilms                           n=    1 err=   0 errRate=  0.00% avg= 1930.77 min= 1930.77 max= 1930.77 p50= 1930.77 p95= 1930.77 p99= 1930.77 rps=   0.03
window 1m
  calc.additional.maxViewersSummary             n= 1636 err=   0 errRate=  0.00% avg=  296.55 min=   27.97 max= 2864.46 p50=  210.57 p95=  681.10 p99= 2490.93 rps=  27.27
  controller.AnalyticsController.maxViewersSummary n= 1636 err=   0 errRate=  0.00% avg=  300.61 min=   28.30 max= 3045.12 p50=  211.49 p95=  684.03 p99= 2670.85 rps=  27.27
  controller.ObservabilityController.getStats   n=    1 err=   0 errRate=  0.00% avg=  291.47 min=  291.47 max=  291.47 p50=  291.47 p95=  291.47 p99=  291.47 rps=   0.02
  s2s.crud.fetchAllTickets                      n= 1636 err=   0 errRate=  0.00% avg=  257.63 min=   27.89 max= 1092.36 p50=  210.47 p95=  590.34 p99=  797.43 rps=  27.27
  s2s.crud.fetchFilms                           n=    1 err=   0 errRate=  0.00% avg= 1930.77 min= 1930.77 max= 1930.77 p50= 1930.77 p95= 1930.77 p99= 1930.77 rps=   0.02

2026-05-06T20:42:45.725Z  INFO 1 --- [lab8-additional-service] [   scheduling-1] r.h.l.a.o.ObservabilityService           : [lab8-additional-service] observability refresh
window 10s
  calc.additional.maxViewersSummary             n=  908 err=   0 errRate=  0.00% avg=  200.43 min=   27.97 max=  537.43 p50=  197.49 p95=  328.02 p99=  401.74 rps=  90.80
  controller.AnalyticsController.maxViewersSummary n=  908 err=   0 errRate=  0.00% avg=  201.14 min=   28.30 max=  537.77 p50=  198.02 p95=  328.70 p99=  402.00 rps=  90.80
  s2s.crud.fetchAllTickets                      n=  908 err=   0 errRate=  0.00% avg=  200.29 min=   27.89 max=  536.65 p50=  197.35 p95=  327.94 p99=  401.65 rps=  90.80
window 30s
  calc.additional.maxViewersSummary             n= 1735 err=   0 errRate=  0.00% avg=  289.97 min=   27.97 max= 2864.46 p50=  208.85 p95=  609.89 p99= 2487.01 rps=  57.83
  controller.AnalyticsController.maxViewersSummary n= 1735 err=   0 errRate=  0.00% avg=  293.83 min=   28.30 max= 3045.12 p50=  209.94 p95=  613.06 p99= 2666.78 rps=  57.83
  controller.ObservabilityController.getStats   n=    1 err=   0 errRate=  0.00% avg=  291.47 min=  291.47 max=  291.47 p50=  291.47 p95=  291.47 p99=  291.47 rps=   0.03
  s2s.crud.fetchAllTickets                      n= 1735 err=   0 errRate=  0.00% avg=  253.27 min=   27.89 max= 1092.36 p50=  208.75 p95=  587.59 p99=  795.06 rps=  57.83
  s2s.crud.fetchFilms                           n=    1 err=   0 errRate=  0.00% avg= 1930.77 min= 1930.77 max= 1930.77 p50= 1930.77 p95= 1930.77 p99= 1930.77 rps=   0.03
window 1m
  calc.additional.maxViewersSummary             n= 1735 err=   0 errRate=  0.00% avg=  289.97 min=   27.97 max= 2864.46 p50=  208.85 p95=  609.89 p99= 2487.01 rps=  28.92
  controller.AnalyticsController.maxViewersSummary n= 1735 err=   0 errRate=  0.00% avg=  293.83 min=   28.30 max= 3045.12 p50=  209.94 p95=  613.06 p99= 2666.78 rps=  28.92
  controller.ObservabilityController.getStats   n=    1 err=   0 errRate=  0.00% avg=  291.47 min=  291.47 max=  291.47 p50=  291.47 p95=  291.47 p99=  291.47 rps=   0.02
  s2s.crud.fetchAllTickets                      n= 1735 err=   0 errRate=  0.00% avg=  253.27 min=   27.89 max= 1092.36 p50=  208.75 p95=  587.59 p99=  795.06 rps=  28.92
  s2s.crud.fetchFilms                           n=    1 err=   0 errRate=  0.00% avg= 1930.77 min= 1930.77 max= 1930.77 p50= 1930.77 p95= 1930.77 p99= 1930.77 rps=   0.02

2026-05-06T20:42:46.732Z  INFO 1 --- [lab8-additional-service] [   scheduling-1] r.h.l.a.o.ObservabilityService           : [lab8-additional-service] observability refresh
window 10s
  calc.additional.maxViewersSummary             n=  910 err=   0 errRate=  0.00% avg=  196.70 min=   28.50 max=  487.05 p50=  195.95 p95=  317.54 p99=  401.13 rps=  91.00
  controller.AnalyticsController.maxViewersSummary n=  910 err=   0 errRate=  0.00% avg=  197.43 min=   29.61 max=  487.29 p50=  196.58 p95=  319.18 p99=  401.42 rps=  91.00
  s2s.crud.fetchAllTickets                      n=  910 err=   0 errRate=  0.00% avg=  196.56 min=   28.42 max=  486.96 p50=  195.69 p95=  317.43 p99=  401.02 rps=  91.00
window 30s
  calc.additional.maxViewersSummary             n= 1826 err=   0 errRate=  0.00% avg=  284.42 min=   27.97 max= 2864.46 p50=  207.33 p95=  604.81 p99= 2480.56 rps=  60.87
  controller.AnalyticsController.maxViewersSummary n= 1826 err=   0 errRate=  0.00% avg=  288.14 min=   28.30 max= 3045.12 p50=  208.43 p95=  607.44 p99= 2658.18 rps=  60.87
  controller.ObservabilityController.getStats   n=    1 err=   0 errRate=  0.00% avg=  291.47 min=  291.47 max=  291.47 p50=  291.47 p95=  291.47 p99=  291.47 rps=   0.03
  s2s.crud.fetchAllTickets                      n= 1826 err=   0 errRate=  0.00% avg=  249.54 min=   27.89 max= 1092.36 p50=  207.17 p95=  582.75 p99=  790.72 rps=  60.87
  s2s.crud.fetchFilms                           n=    1 err=   0 errRate=  0.00% avg= 1930.77 min= 1930.77 max= 1930.77 p50= 1930.77 p95= 1930.77 p99= 1930.77 rps=   0.03
window 1m
  calc.additional.maxViewersSummary             n= 1826 err=   0 errRate=  0.00% avg=  284.42 min=   27.97 max= 2864.46 p50=  207.33 p95=  604.81 p99= 2480.56 rps=  30.43
  controller.AnalyticsController.maxViewersSummary n= 1826 err=   0 errRate=  0.00% avg=  288.14 min=   28.30 max= 3045.12 p50=  208.43 p95=  607.44 p99= 2658.18 rps=  30.43
  controller.ObservabilityController.getStats   n=    1 err=   0 errRate=  0.00% avg=  291.47 min=  291.47 max=  291.47 p50=  291.47 p95=  291.47 p99=  291.47 rps=   0.02
  s2s.crud.fetchAllTickets                      n= 1826 err=   0 errRate=  0.00% avg=  249.54 min=   27.89 max= 1092.36 p50=  207.17 p95=  582.75 p99=  790.72 rps=  30.43
  s2s.crud.fetchFilms                           n=    1 err=   0 errRate=  0.00% avg= 1930.77 min= 1930.77 max= 1930.77 p50= 1930.77 p95= 1930.77 p99= 1930.77 rps=   0.02

2026-05-06T20:42:47.744Z  INFO 1 --- [lab8-additional-service] [   scheduling-1] r.h.l.a.o.ObservabilityService           : [lab8-additional-service] observability refresh
window 10s
  calc.additional.maxViewersSummary             n=  918 err=   0 errRate=  0.00% avg=  195.98 min=   28.50 max=  492.50 p50=  196.22 p95=  316.10 p99=  401.70 rps=  91.80
  controller.AnalyticsController.maxViewersSummary n=  918 err=   0 errRate=  0.00% avg=  196.65 min=   29.61 max=  492.73 p50=  197.14 p95=  316.83 p99=  401.95 rps=  91.80
  s2s.crud.fetchAllTickets                      n=  918 err=   0 errRate=  0.00% avg=  195.84 min=   28.42 max=  492.44 p50=  196.11 p95=  316.02 p99=  401.60 rps=  91.80
window 30s
  calc.additional.maxViewersSummary             n= 1920 err=   0 errRate=  0.00% avg=  280.41 min=   27.97 max= 2864.46 p50=  206.84 p95=  602.41 p99= 2470.16 rps=  64.00
  controller.AnalyticsController.maxViewersSummary n= 1920 err=   0 errRate=  0.00% avg=  283.98 min=   28.30 max= 3045.12 p50=  208.07 p95=  604.09 p99= 2646.00 rps=  64.00
  controller.ObservabilityController.getStats   n=    1 err=   0 errRate=  0.00% avg=  291.47 min=  291.47 max=  291.47 p50=  291.47 p95=  291.47 p99=  291.47 rps=   0.03
  s2s.crud.fetchAllTickets                      n= 1920 err=   0 errRate=  0.00% avg=  247.23 min=   27.89 max= 1092.36 p50=  206.71 p95=  579.51 p99=  790.11 rps=  64.00
  s2s.crud.fetchFilms                           n=    1 err=   0 errRate=  0.00% avg= 1930.77 min= 1930.77 max= 1930.77 p50= 1930.77 p95= 1930.77 p99= 1930.77 rps=   0.03
window 1m
  calc.additional.maxViewersSummary             n= 1920 err=   0 errRate=  0.00% avg=  280.41 min=   27.97 max= 2864.46 p50=  206.84 p95=  602.41 p99= 2470.16 rps=  32.00
  controller.AnalyticsController.maxViewersSummary n= 1920 err=   0 errRate=  0.00% avg=  283.98 min=   28.30 max= 3045.12 p50=  208.07 p95=  604.09 p99= 2646.00 rps=  32.00
  controller.ObservabilityController.getStats   n=    1 err=   0 errRate=  0.00% avg=  291.47 min=  291.47 max=  291.47 p50=  291.47 p95=  291.47 p99=  291.47 rps=   0.02
  s2s.crud.fetchAllTickets                      n= 1920 err=   0 errRate=  0.00% avg=  247.23 min=   27.89 max= 1092.36 p50=  206.71 p95=  579.51 p99=  790.11 rps=  32.00
  s2s.crud.fetchFilms                           n=    1 err=   0 errRate=  0.00% avg= 1930.77 min= 1930.77 max= 1930.77 p50= 1930.77 p95= 1930.77 p99= 1930.77 rps=   0.02

2026-05-06T20:42:48.295Z  INFO 1 --- [lab8-additional-service] [   scheduling-1] r.h.l.a.service.FilmCacheService         : film-cache stats: size=310 ttlMs=30000 lastRefreshAtMs=1778100140274 hits=1989 misses=1 refreshes=1
2026-05-06T20:42:48.754Z  INFO 1 --- [lab8-additional-service] [   scheduling-1] r.h.l.a.o.ObservabilityService           : [lab8-additional-service] observability refresh
window 10s
  calc.additional.maxViewersSummary             n=  928 err=   0 errRate=  0.00% avg=  195.55 min=   28.50 max=  492.50 p50=  195.42 p95=  317.73 p99=  402.29 rps=  92.80
  controller.AnalyticsController.maxViewersSummary n=  929 err=   0 errRate=  0.00% avg=  196.19 min=   29.61 max=  492.73 p50=  196.45 p95=  318.02 p99=  402.53 rps=  92.90
  s2s.crud.fetchAllTickets                      n=  928 err=   0 errRate=  0.00% avg=  195.41 min=   28.42 max=  492.44 p50=  195.27 p95=  317.63 p99=  402.21 rps=  92.80
window 30s
  calc.additional.maxViewersSummary             n= 2018 err=   0 errRate=  0.00% avg=  276.34 min=   27.97 max= 2864.46 p50=  206.06 p95=  599.24 p99= 2469.79 rps=  67.27
  controller.AnalyticsController.maxViewersSummary n= 2018 err=   0 errRate=  0.00% avg=  279.75 min=   28.30 max= 3045.12 p50=  207.28 p95=  600.13 p99= 2631.55 rps=  67.27
  controller.ObservabilityController.getStats   n=    1 err=   0 errRate=  0.00% avg=  291.47 min=  291.47 max=  291.47 p50=  291.47 p95=  291.47 p99=  291.47 rps=   0.03
  s2s.crud.fetchAllTickets                      n= 2018 err=   0 errRate=  0.00% avg=  244.76 min=   27.89 max= 1092.36 p50=  205.90 p95=  574.69 p99=  788.74 rps=  67.27
  s2s.crud.fetchFilms                           n=    1 err=   0 errRate=  0.00% avg= 1930.77 min= 1930.77 max= 1930.77 p50= 1930.77 p95= 1930.77 p99= 1930.77 rps=   0.03
window 1m
  calc.additional.maxViewersSummary             n= 2018 err=   0 errRate=  0.00% avg=  276.34 min=   27.97 max= 2864.46 p50=  206.06 p95=  599.24 p99= 2469.79 rps=  33.63
  controller.AnalyticsController.maxViewersSummary n= 2018 err=   0 errRate=  0.00% avg=  279.75 min=   28.30 max= 3045.12 p50=  207.28 p95=  600.13 p99= 2631.55 rps=  33.63
  controller.ObservabilityController.getStats   n=    1 err=   0 errRate=  0.00% avg=  291.47 min=  291.47 max=  291.47 p50=  291.47 p95=  291.47 p99=  291.47 rps=   0.02
  s2s.crud.fetchAllTickets                      n= 2018 err=   0 errRate=  0.00% avg=  244.76 min=   27.89 max= 1092.36 p50=  205.90 p95=  574.69 p99=  788.74 rps=  33.63
  s2s.crud.fetchFilms                           n=    1 err=   0 errRate=  0.00% avg= 1930.77 min= 1930.77 max= 1930.77 p50= 1930.77 p95= 1930.77 p99= 1930.77 rps=   0.02

2026-05-06T20:42:49.757Z  INFO 1 --- [lab8-additional-service] [   scheduling-1] r.h.l.a.o.ObservabilityService           : [lab8-additional-service] observability refresh
window 10s
  calc.additional.maxViewersSummary             n=  929 err=   0 errRate=  0.00% avg=  194.77 min=   20.00 max=  492.50 p50=  194.97 p95=  316.29 p99=  402.28 rps=  92.90
  controller.AnalyticsController.maxViewersSummary n=  929 err=   0 errRate=  0.00% avg=  195.36 min=   20.34 max=  492.73 p50=  195.74 p95=  316.59 p99=  402.53 rps=  92.90
  s2s.crud.fetchAllTickets                      n=  929 err=   0 errRate=  0.00% avg=  194.65 min=   19.94 max=  492.44 p50=  194.90 p95=  316.20 p99=  402.20 rps=  92.90
window 30s
  calc.additional.maxViewersSummary             n= 2112 err=   0 errRate=  0.00% avg=  272.64 min=   20.00 max= 2864.46 p50=  205.47 p95=  594.86 p99= 2468.19 rps=  70.40
  controller.AnalyticsController.maxViewersSummary n= 2112 err=   0 errRate=  0.00% avg=  275.92 min=   20.34 max= 3045.12 p50=  206.64 p95=  597.03 p99= 2597.71 rps=  70.40
  s2s.crud.fetchAllTickets                      n= 2112 err=   0 errRate=  0.00% avg=  242.47 min=   19.94 max= 1092.36 p50=  205.28 p95=  568.03 p99=  787.74 rps=  70.40
  s2s.crud.fetchFilms                           n=    1 err=   0 errRate=  0.00% avg= 1930.77 min= 1930.77 max= 1930.77 p50= 1930.77 p95= 1930.77 p99= 1930.77 rps=   0.03
window 1m
  calc.additional.maxViewersSummary             n= 2112 err=   0 errRate=  0.00% avg=  272.64 min=   20.00 max= 2864.46 p50=  205.47 p95=  594.86 p99= 2468.19 rps=  35.20
  controller.AnalyticsController.maxViewersSummary n= 2112 err=   0 errRate=  0.00% avg=  275.92 min=   20.34 max= 3045.12 p50=  206.64 p95=  597.03 p99= 2597.71 rps=  35.20
  controller.ObservabilityController.getStats   n=    1 err=   0 errRate=  0.00% avg=  291.47 min=  291.47 max=  291.47 p50=  291.47 p95=  291.47 p99=  291.47 rps=   0.02
  s2s.crud.fetchAllTickets                      n= 2112 err=   0 errRate=  0.00% avg=  242.47 min=   19.94 max= 1092.36 p50=  205.28 p95=  568.03 p99=  787.74 rps=  35.20
  s2s.crud.fetchFilms                           n=    1 err=   0 errRate=  0.00% avg= 1930.77 min= 1930.77 max= 1930.77 p50= 1930.77 p95= 1930.77 p99= 1930.77 rps=   0.02

2026-05-06T20:42:50.773Z  INFO 1 --- [lab8-additional-service] [   scheduling-1] r.h.l.a.o.ObservabilityService           : [lab8-additional-service] observability refresh
window 10s
  calc.additional.maxViewersSummary             n=  908 err=   0 errRate=  0.00% avg=  192.65 min=   20.00 max=  492.50 p50=  193.67 p95=  315.85 p99=  403.99 rps=  90.80
  controller.AnalyticsController.maxViewersSummary n=  909 err=   0 errRate=  0.00% avg=  193.30 min=   20.34 max=  492.73 p50=  194.23 p95=  316.21 p99=  404.22 rps=  90.90
  s2s.crud.fetchAllTickets                      n=  908 err=   0 errRate=  0.00% avg=  192.50 min=   19.94 max=  492.44 p50=  193.33 p95=  315.77 p99=  403.91 rps=  90.80
  s2s.crud.fetchFilms                           n=    1 err=   0 errRate=  0.00% avg=  418.82 min=  418.82 max=  418.82 p50=  418.82 p95=  418.82 p99=  418.82 rps=   0.10
window 30s
  calc.additional.maxViewersSummary             n= 2180 err=   0 errRate=  0.00% avg=  269.68 min=   20.00 max= 2864.46 p50=  204.45 p95=  592.72 p99= 2465.22 rps=  72.67
  controller.AnalyticsController.maxViewersSummary n= 2180 err=   0 errRate=  0.00% avg=  272.89 min=   20.34 max= 3045.12 p50=  205.44 p95=  594.85 p99= 2595.76 rps=  72.67
  s2s.crud.fetchAllTickets                      n= 2180 err=   0 errRate=  0.00% avg=  240.43 min=   19.94 max= 1092.36 p50=  204.33 p95=  537.63 p99=  786.08 rps=  72.67
  s2s.crud.fetchFilms                           n=    2 err=   0 errRate=  0.00% avg= 1174.80 min=  418.82 max= 1930.77 p50= 1174.80 p95= 1855.18 p99= 1915.65 rps=   0.07
window 1m
  calc.additional.maxViewersSummary             n= 2180 err=   0 errRate=  0.00% avg=  269.68 min=   20.00 max= 2864.46 p50=  204.45 p95=  592.72 p99= 2465.22 rps=  36.33
  controller.AnalyticsController.maxViewersSummary n= 2180 err=   0 errRate=  0.00% avg=  272.89 min=   20.34 max= 3045.12 p50=  205.44 p95=  594.85 p99= 2595.76 rps=  36.33
  controller.ObservabilityController.getStats   n=    1 err=   0 errRate=  0.00% avg=  291.47 min=  291.47 max=  291.47 p50=  291.47 p95=  291.47 p99=  291.47 rps=   0.02
  s2s.crud.fetchAllTickets                      n= 2180 err=   0 errRate=  0.00% avg=  240.43 min=   19.94 max= 1092.36 p50=  204.33 p95=  537.63 p99=  786.08 rps=  36.33
  s2s.crud.fetchFilms                           n=    2 err=   0 errRate=  0.00% avg= 1174.80 min=  418.82 max= 1930.77 p50= 1174.80 p95= 1855.18 p99= 1915.65 rps=   0.03

2026-05-06T20:42:51.777Z  INFO 1 --- [lab8-additional-service] [   scheduling-1] r.h.l.a.o.ObservabilityService           : [lab8-additional-service] observability refresh
window 10s
  calc.additional.maxViewersSummary             n=  921 err=   0 errRate=  0.00% avg=  201.92 min=   20.00 max=  909.02 p50=  193.18 p95=  379.09 p99=  625.37 rps=  92.10
  controller.AnalyticsController.maxViewersSummary n=  921 err=   0 errRate=  0.00% avg=  202.51 min=   20.34 max=  909.30 p50=  193.80 p95=  381.31 p99=  625.56 rps=  92.10
  s2s.crud.fetchAllTickets                      n=  921 err=   0 errRate=  0.00% avg=  191.02 min=   19.94 max=  575.90 p50=  191.55 p95=  315.43 p99=  411.50 rps=  92.10
  s2s.crud.fetchFilms                           n=    1 err=   0 errRate=  0.00% avg=  418.82 min=  418.82 max=  418.82 p50=  418.82 p95=  418.82 p99=  418.82 rps=   0.10
window 30s
  calc.additional.maxViewersSummary             n= 2276 err=   0 errRate=  0.00% avg=  271.12 min=   20.00 max= 2864.46 p50=  204.42 p95=  600.75 p99= 2462.98 rps=  75.87
  controller.AnalyticsController.maxViewersSummary n= 2276 err=   0 errRate=  0.00% avg=  274.21 min=   20.34 max= 3045.12 p50=  205.29 p95=  601.63 p99= 2586.32 rps=  75.87
  s2s.crud.fetchAllTickets                      n= 2276 err=   0 errRate=  0.00% avg=  238.76 min=   19.94 max= 1092.36 p50=  203.59 p95=  514.86 p99=  785.03 rps=  75.87
  s2s.crud.fetchFilms                           n=    2 err=   0 errRate=  0.00% avg= 1174.80 min=  418.82 max= 1930.77 p50= 1174.80 p95= 1855.18 p99= 1915.65 rps=   0.07
window 1m
  calc.additional.maxViewersSummary             n= 2276 err=   0 errRate=  0.00% avg=  271.12 min=   20.00 max= 2864.46 p50=  204.42 p95=  600.75 p99= 2462.98 rps=  37.93
  controller.AnalyticsController.maxViewersSummary n= 2276 err=   0 errRate=  0.00% avg=  274.21 min=   20.34 max= 3045.12 p50=  205.29 p95=  601.63 p99= 2586.32 rps=  37.93
  controller.ObservabilityController.getStats   n=    1 err=   0 errRate=  0.00% avg=  291.47 min=  291.47 max=  291.47 p50=  291.47 p95=  291.47 p99=  291.47 rps=   0.02
  s2s.crud.fetchAllTickets                      n= 2276 err=   0 errRate=  0.00% avg=  238.76 min=   19.94 max= 1092.36 p50=  203.59 p95=  514.86 p99=  785.03 rps=  37.93
  s2s.crud.fetchFilms                           n=    2 err=   0 errRate=  0.00% avg= 1174.80 min=  418.82 max= 1930.77 p50= 1174.80 p95= 1855.18 p99= 1915.65 rps=   0.03

2026-05-06T20:42:52.784Z  INFO 1 --- [lab8-additional-service] [   scheduling-1] r.h.l.a.o.ObservabilityService           : [lab8-additional-service] observability refresh
window 10s
  calc.additional.maxViewersSummary             n=  936 err=   0 errRate=  0.00% avg=  196.46 min=   20.00 max=  909.02 p50=  190.12 p95=  371.67 p99=  622.87 rps=  93.60
  controller.AnalyticsController.maxViewersSummary n=  936 err=   0 errRate=  0.00% avg=  197.03 min=   20.34 max=  909.30 p50=  190.61 p95=  372.33 p99=  623.06 rps=  93.60
  s2s.crud.fetchAllTickets                      n=  936 err=   0 errRate=  0.00% avg=  185.75 min=   19.94 max=  575.90 p50=  188.84 p95=  313.62 p99=  410.19 rps=  93.60
  s2s.crud.fetchFilms                           n=    1 err=   0 errRate=  0.00% avg=  418.82 min=  418.82 max=  418.82 p50=  418.82 p95=  418.82 p99=  418.82 rps=   0.10
window 30s
  calc.additional.maxViewersSummary             n= 2374 err=   0 errRate=  0.00% avg=  250.62 min=   20.00 max= 2864.46 p50=  202.23 p95=  586.91 p99=  883.12 rps=  79.13
  controller.AnalyticsController.maxViewersSummary n= 2374 err=   0 errRate=  0.00% avg=  252.44 min=   20.34 max= 3045.12 p50=  203.29 p95=  587.90 p99=  884.96 rps=  79.13
  s2s.crud.fetchAllTickets                      n= 2374 err=   0 errRate=  0.00% avg=  233.80 min=   19.94 max= 1092.36 p50=  201.65 p95=  504.80 p99=  784.24 rps=  79.13
  s2s.crud.fetchFilms                           n=    1 err=   0 errRate=  0.00% avg=  418.82 min=  418.82 max=  418.82 p50=  418.82 p95=  418.82 p99=  418.82 rps=   0.03
window 1m
  calc.additional.maxViewersSummary             n= 2390 err=   0 errRate=  0.00% avg=  265.29 min=   20.00 max= 2864.46 p50=  202.69 p95=  596.92 p99= 2411.95 rps=  39.83
  controller.AnalyticsController.maxViewersSummary n= 2390 err=   0 errRate=  0.00% avg=  268.25 min=   20.34 max= 3045.12 p50=  203.68 p95=  597.82 p99= 2576.57 rps=  39.83
  controller.ObservabilityController.getStats   n=    1 err=   0 errRate=  0.00% avg=  291.47 min=  291.47 max=  291.47 p50=  291.47 p95=  291.47 p99=  291.47 rps=   0.02
  s2s.crud.fetchAllTickets                      n= 2390 err=   0 errRate=  0.00% avg=  234.46 min=   19.94 max= 1092.36 p50=  201.89 p95=  503.65 p99=  784.10 rps=  39.83
  s2s.crud.fetchFilms                           n=    2 err=   0 errRate=  0.00% avg= 1174.80 min=  418.82 max= 1930.77 p50= 1174.80 p95= 1855.18 p99= 1915.65 rps=   0.03

2026-05-06T20:42:53.789Z  INFO 1 --- [lab8-additional-service] [   scheduling-1] r.h.l.a.o.ObservabilityService           : [lab8-additional-service] observability refresh
window 10s
  calc.additional.maxViewersSummary             n=  949 err=   0 errRate=  0.00% avg=  193.25 min=   20.00 max=  909.02 p50=  189.57 p95=  335.56 p99=  620.70 rps=  94.90
  controller.AnalyticsController.maxViewersSummary n=  949 err=   0 errRate=  0.00% avg=  193.80 min=   20.34 max=  909.30 p50=  190.11 p95=  335.74 p99=  620.89 rps=  94.90
  s2s.crud.fetchAllTickets                      n=  949 err=   0 errRate=  0.00% avg=  182.69 min=   19.94 max=  575.90 p50=  188.24 p95=  310.39 p99=  404.45 rps=  94.90
  s2s.crud.fetchFilms                           n=    1 err=   0 errRate=  0.00% avg=  418.82 min=  418.82 max=  418.82 p50=  418.82 p95=  418.82 p99=  418.82 rps=   0.10
window 30s
  calc.additional.maxViewersSummary             n= 2427 err=   0 errRate=  0.00% avg=  231.40 min=   20.00 max= 1092.47 p50=  200.16 p95=  532.01 p99=  786.12 rps=  80.90
  controller.AnalyticsController.maxViewersSummary n= 2427 err=   0 errRate=  0.00% avg=  232.36 min=   20.34 max= 1094.04 p50=  201.01 p95=  537.87 p99=  788.65 rps=  80.90
  s2s.crud.fetchAllTickets                      n= 2427 err=   0 errRate=  0.00% avg=  227.14 min=   19.94 max= 1092.36 p50=  199.55 p95=  492.00 p99=  783.80 rps=  80.90
  s2s.crud.fetchFilms                           n=    1 err=   0 errRate=  0.00% avg=  418.82 min=  418.82 max=  418.82 p50=  418.82 p95=  418.82 p99=  418.82 rps=   0.03
window 1m
  calc.additional.maxViewersSummary             n= 2496 err=   0 errRate=  0.00% avg=  260.68 min=   20.00 max= 2864.46 p50=  201.35 p95=  593.87 p99= 2405.17 rps=  41.60
  controller.AnalyticsController.maxViewersSummary n= 2496 err=   0 errRate=  0.00% avg=  263.53 min=   20.34 max= 3045.12 p50=  202.29 p95=  596.46 p99= 2574.91 rps=  41.60
  controller.ObservabilityController.getStats   n=    1 err=   0 errRate=  0.00% avg=  291.47 min=  291.47 max=  291.47 p50=  291.47 p95=  291.47 p99=  291.47 rps=   0.02
  s2s.crud.fetchAllTickets                      n= 2496 err=   0 errRate=  0.00% avg=  231.16 min=   19.94 max= 1092.36 p50=  200.62 p95=  498.84 p99=  783.25 rps=  41.60
  s2s.crud.fetchFilms                           n=    2 err=   0 errRate=  0.00% avg= 1174.80 min=  418.82 max= 1930.77 p50= 1174.80 p95= 1855.18 p99= 1915.65 rps=   0.03

2026-05-06T20:42:54.803Z  INFO 1 --- [lab8-additional-service] [   scheduling-1] r.h.l.a.o.ObservabilityService           : [lab8-additional-service] observability refresh
window 10s
  calc.additional.maxViewersSummary             n=  956 err=   0 errRate=  0.00% avg=  189.69 min=   20.00 max=  909.02 p50=  187.85 p95=  328.74 p99=  619.53 rps=  95.60
  controller.AnalyticsController.maxViewersSummary n=  956 err=   0 errRate=  0.00% avg=  190.25 min=   20.34 max=  909.30 p50=  188.37 p95=  329.02 p99=  619.72 rps=  95.60
  s2s.crud.fetchAllTickets                      n=  956 err=   0 errRate=  0.00% avg=  179.21 min=   19.94 max=  575.90 p50=  185.45 p95=  308.04 p99=  398.09 rps=  95.60
  s2s.crud.fetchFilms                           n=    1 err=   0 errRate=  0.00% avg=  418.82 min=  418.82 max=  418.82 p50=  418.82 p95=  418.82 p99=  418.82 rps=   0.10
window 30s
  calc.additional.maxViewersSummary             n= 2484 err=   0 errRate=  0.00% avg=  224.22 min=   20.00 max= 1092.47 p50=  199.09 p95=  498.83 p99=  784.29 rps=  82.80
  controller.AnalyticsController.maxViewersSummary n= 2484 err=   0 errRate=  0.00% avg=  225.13 min=   20.34 max= 1094.04 p50=  199.89 p95=  500.94 p99=  786.09 rps=  82.80
  s2s.crud.fetchAllTickets                      n= 2484 err=   0 errRate=  0.00% avg=  220.06 min=   19.94 max= 1092.36 p50=  198.19 p95=  423.36 p99=  776.16 rps=  82.80
  s2s.crud.fetchFilms                           n=    1 err=   0 errRate=  0.00% avg=  418.82 min=  418.82 max=  418.82 p50=  418.82 p95=  418.82 p99=  418.82 rps=   0.03
window 1m
  calc.additional.maxViewersSummary             n= 2603 err=   0 errRate=  0.00% avg=  256.73 min=   20.00 max= 2864.46 p50=  200.72 p95=  589.08 p99= 2372.60 rps=  43.38
  controller.AnalyticsController.maxViewersSummary n= 2603 err=   0 errRate=  0.00% avg=  259.49 min=   20.34 max= 3045.12 p50=  201.77 p95=  592.51 p99= 2574.03 rps=  43.38
  controller.ObservabilityController.getStats   n=    1 err=   0 errRate=  0.00% avg=  291.47 min=  291.47 max=  291.47 p50=  291.47 p95=  291.47 p99=  291.47 rps=   0.02
  s2s.crud.fetchAllTickets                      n= 2603 err=   0 errRate=  0.00% avg=  228.42 min=   19.94 max= 1092.36 p50=  200.08 p95=  494.34 p99=  780.67 rps=  43.38
  s2s.crud.fetchFilms                           n=    2 err=   0 errRate=  0.00% avg= 1174.80 min=  418.82 max= 1930.77 p50= 1174.80 p95= 1855.18 p99= 1915.65 rps=   0.03

2026-05-06T20:42:55.806Z  INFO 1 --- [lab8-additional-service] [   scheduling-1] r.h.l.a.o.ObservabilityService           : [lab8-additional-service] observability refresh
window 10s
  calc.additional.maxViewersSummary             n=  968 err=   0 errRate=  0.00% avg=  186.90 min=   20.00 max=  909.02 p50=  183.30 p95=  329.34 p99=  617.52 rps=  96.80
  controller.AnalyticsController.maxViewersSummary n=  968 err=   0 errRate=  0.00% avg=  187.46 min=   20.34 max=  909.30 p50=  183.86 p95=  329.67 p99=  617.72 rps=  96.80
  s2s.crud.fetchAllTickets                      n=  968 err=   0 errRate=  0.00% avg=  176.55 min=   19.94 max=  575.90 p50=  180.06 p95=  308.87 p99=  400.36 rps=  96.80
  s2s.crud.fetchFilms                           n=    1 err=   0 errRate=  0.00% avg=  418.82 min=  418.82 max=  418.82 p50=  418.82 p95=  418.82 p99=  418.82 rps=   0.10
window 30s
  calc.additional.maxViewersSummary             n= 2561 err=   0 errRate=  0.00% avg=  217.51 min=   20.00 max= 1092.47 p50=  197.51 p95=  419.09 p99=  772.30 rps=  85.37
  controller.AnalyticsController.maxViewersSummary n= 2561 err=   0 errRate=  0.00% avg=  218.39 min=   20.34 max= 1094.04 p50=  198.20 p95=  419.56 p99=  775.09 rps=  85.37
  s2s.crud.fetchAllTickets                      n= 2561 err=   0 errRate=  0.00% avg=  213.48 min=   19.94 max= 1092.36 p50=  196.87 p95=  401.24 p99=  728.10 rps=  85.37
  s2s.crud.fetchFilms                           n=    1 err=   0 errRate=  0.00% avg=  418.82 min=  418.82 max=  418.82 p50=  418.82 p95=  418.82 p99=  418.82 rps=   0.03
window 1m
  calc.additional.maxViewersSummary             n= 2715 err=   0 errRate=  0.00% avg=  252.71 min=   20.00 max= 2864.46 p50=  199.92 p95=  586.62 p99= 2367.89 rps=  45.25
  controller.AnalyticsController.maxViewersSummary n= 2715 err=   0 errRate=  0.00% avg=  255.37 min=   20.34 max= 3045.12 p50=  200.66 p95=  587.61 p99= 2560.47 rps=  45.25
  controller.ObservabilityController.getStats   n=    1 err=   0 errRate=  0.00% avg=  291.47 min=  291.47 max=  291.47 p50=  291.47 p95=  291.47 p99=  291.47 rps=   0.02
  s2s.crud.fetchAllTickets                      n= 2715 err=   0 errRate=  0.00% avg=  225.56 min=   19.94 max= 1092.36 p50=  199.23 p95=  489.72 p99=  775.07 rps=  45.25
  s2s.crud.fetchFilms                           n=    2 err=   0 errRate=  0.00% avg= 1174.80 min=  418.82 max= 1930.77 p50= 1174.80 p95= 1855.18 p99= 1915.65 rps=   0.03

2026-05-06T20:42:56.810Z  INFO 1 --- [lab8-additional-service] [   scheduling-1] r.h.l.a.o.ObservabilityService           : [lab8-additional-service] observability refresh
window 10s
  calc.additional.maxViewersSummary             n=  989 err=   0 errRate=  0.00% avg=  183.16 min=   20.00 max=  909.02 p50=  171.53 p95=  323.69 p99=  614.02 rps=  98.90
  controller.AnalyticsController.maxViewersSummary n=  989 err=   0 errRate=  0.00% avg=  183.64 min=   20.34 max=  909.30 p50=  172.91 p95=  323.98 p99=  614.21 rps=  98.90
  s2s.crud.fetchAllTickets                      n=  989 err=   0 errRate=  0.00% avg=  173.02 min=   19.94 max=  575.90 p50=  170.97 p95=  307.43 p99=  400.02 rps=  98.90
  s2s.crud.fetchFilms                           n=    1 err=   0 errRate=  0.00% avg=  418.82 min=  418.82 max=  418.82 p50=  418.82 p95=  418.82 p99=  418.82 rps=   0.10
window 30s
  calc.additional.maxViewersSummary             n= 2611 err=   0 errRate=  0.00% avg=  210.58 min=   20.00 max= 1092.47 p50=  196.18 p95=  399.93 p99=  701.23 rps=  87.03
  controller.AnalyticsController.maxViewersSummary n= 2611 err=   0 errRate=  0.00% avg=  211.41 min=   20.34 max= 1094.04 p50=  196.90 p95=  401.26 p99=  702.47 rps=  87.03
  s2s.crud.fetchAllTickets                      n= 2611 err=   0 errRate=  0.00% avg=  206.64 min=   19.94 max= 1092.36 p50=  195.54 p95=  388.63 p99=  687.70 rps=  87.03
  s2s.crud.fetchFilms                           n=    1 err=   0 errRate=  0.00% avg=  418.82 min=  418.82 max=  418.82 p50=  418.82 p95=  418.82 p99=  418.82 rps=   0.03
window 1m
  calc.additional.maxViewersSummary             n= 2823 err=   0 errRate=  0.00% avg=  248.79 min=   20.00 max= 2864.46 p50=  198.94 p95=  579.80 p99= 2363.08 rps=  47.05
  controller.AnalyticsController.maxViewersSummary n= 2823 err=   0 errRate=  0.00% avg=  251.37 min=   20.34 max= 3045.12 p50=  199.64 p95=  580.62 p99= 2490.02 rps=  47.05
  controller.ObservabilityController.getStats   n=    1 err=   0 errRate=  0.00% avg=  291.47 min=  291.47 max=  291.47 p50=  291.47 p95=  291.47 p99=  291.47 rps=   0.02
  s2s.crud.fetchAllTickets                      n= 2823 err=   0 errRate=  0.00% avg=  222.68 min=   19.94 max= 1092.36 p50=  198.05 p95=  486.94 p99=  774.02 rps=  47.05
  s2s.crud.fetchFilms                           n=    2 err=   0 errRate=  0.00% avg= 1174.80 min=  418.82 max= 1930.77 p50= 1174.80 p95= 1855.18 p99= 1915.65 rps=   0.03

2026-05-06T20:42:57.877Z  INFO 1 --- [lab8-additional-service] [   scheduling-1] r.h.l.a.o.ObservabilityService           : [lab8-additional-service] observability refresh
window 10s
  calc.additional.maxViewersSummary             n=  988 err=   0 errRate=  0.00% avg=  179.20 min=   17.27 max=  909.02 p50=  140.60 p95=  317.55 p99=  614.18 rps=  98.80
  controller.AnalyticsController.maxViewersSummary n=  988 err=   0 errRate=  0.00% avg=  179.72 min=   17.51 max=  909.30 p50=  140.80 p95=  317.85 p99=  614.38 rps=  98.80
  s2s.crud.fetchAllTickets                      n=  988 err=   0 errRate=  0.00% avg=  169.06 min=   17.14 max=  575.90 p50=  139.54 p95=  302.49 p99=  396.43 rps=  98.80
  s2s.crud.fetchFilms                           n=    1 err=   0 errRate=  0.00% avg=  418.82 min=  418.82 max=  418.82 p50=  418.82 p95=  418.82 p99=  418.82 rps=   0.10
window 30s
  calc.additional.maxViewersSummary             n= 2659 err=   0 errRate=  0.00% avg=  204.31 min=   17.27 max=  917.57 p50=  194.84 p95=  383.59 p99=  687.67 rps=  88.63
  controller.AnalyticsController.maxViewersSummary n= 2659 err=   0 errRate=  0.00% avg=  205.11 min=   17.51 max=  918.06 p50=  195.68 p95=  385.10 p99=  689.02 rps=  88.63
  s2s.crud.fetchAllTickets                      n= 2659 err=   0 errRate=  0.00% avg=  200.43 min=   17.14 max=  917.44 p50=  194.35 p95=  369.09 p99=  587.09 rps=  88.63
  s2s.crud.fetchFilms                           n=    1 err=   0 errRate=  0.00% avg=  418.82 min=  418.82 max=  418.82 p50=  418.82 p95=  418.82 p99=  418.82 rps=   0.03
window 1m
  calc.additional.maxViewersSummary             n= 2923 err=   0 errRate=  0.00% avg=  245.98 min=   17.27 max= 2864.46 p50=  198.04 p95=  574.34 p99= 2082.90 rps=  48.72
  controller.AnalyticsController.maxViewersSummary n= 2923 err=   0 errRate=  0.00% avg=  248.51 min=   17.51 max= 3045.12 p50=  198.97 p95=  578.05 p99= 2181.22 rps=  48.72
  controller.ObservabilityController.getStats   n=    1 err=   0 errRate=  0.00% avg=  291.47 min=  291.47 max=  291.47 p50=  291.47 p95=  291.47 p99=  291.47 rps=   0.02
  s2s.crud.fetchAllTickets                      n= 2923 err=   0 errRate=  0.00% avg=  220.76 min=   17.14 max= 1092.36 p50=  197.53 p95=  478.83 p99=  772.86 rps=  48.72
  s2s.crud.fetchFilms                           n=    2 err=   0 errRate=  0.00% avg= 1174.80 min=  418.82 max= 1930.77 p50= 1174.80 p95= 1855.18 p99= 1915.65 rps=   0.03

2026-05-06T20:42:58.295Z  INFO 1 --- [lab8-additional-service] [   scheduling-1] r.h.l.a.service.FilmCacheService         : film-cache stats: size=310 ttlMs=30000 lastRefreshAtMs=1778100170334 hits=2985 misses=2 refreshes=2
2026-05-06T20:42:58.880Z  INFO 1 --- [lab8-additional-service] [   scheduling-1] r.h.l.a.o.ObservabilityService           : [lab8-additional-service] observability refresh
window 10s
  calc.additional.maxViewersSummary             n= 1013 err=   0 errRate=  0.00% avg=  173.84 min=   17.27 max=  909.02 p50=  130.31 p95=  314.15 p99=  611.18 rps= 101.30
  controller.AnalyticsController.maxViewersSummary n= 1013 err=   0 errRate=  0.00% avg=  174.35 min=   17.51 max=  909.30 p50=  130.68 p95=  314.59 p99=  611.58 rps= 101.30
  s2s.crud.fetchAllTickets                      n= 1013 err=   0 errRate=  0.00% avg=  163.95 min=   17.14 max=  575.90 p50=  128.90 p95=  300.19 p99=  396.22 rps= 101.30
  s2s.crud.fetchFilms                           n=    1 err=   0 errRate=  0.00% avg=  418.82 min=  418.82 max=  418.82 p50=  418.82 p95=  418.82 p99=  418.82 rps=   0.10
window 30s
  calc.additional.maxViewersSummary             n= 2739 err=   0 errRate=  0.00% avg=  195.98 min=   17.27 max=  909.02 p50=  193.31 p95=  340.89 p99=  567.89 rps=  91.30
  controller.AnalyticsController.maxViewersSummary n= 2739 err=   0 errRate=  0.00% avg=  196.75 min=   17.51 max=  909.30 p50=  193.98 p95=  341.08 p99=  568.31 rps=  91.30
  s2s.crud.fetchAllTickets                      n= 2739 err=   0 errRate=  0.00% avg=  192.23 min=   17.14 max=  890.68 p50=  192.63 p95=  323.90 p99=  413.98 rps=  91.30
  s2s.crud.fetchFilms                           n=    1 err=   0 errRate=  0.00% avg=  418.82 min=  418.82 max=  418.82 p50=  418.82 p95=  418.82 p99=  418.82 rps=   0.03
window 1m
  calc.additional.maxViewersSummary             n= 3046 err=   0 errRate=  0.00% avg=  241.67 min=   17.27 max= 2864.46 p50=  197.09 p95=  555.16 p99= 1041.19 rps=  50.77
  controller.AnalyticsController.maxViewersSummary n= 3046 err=   0 errRate=  0.00% avg=  244.11 min=   17.51 max= 3045.12 p50=  197.92 p95=  559.02 p99= 1042.37 rps=  50.77
  controller.ObservabilityController.getStats   n=    1 err=   0 errRate=  0.00% avg=  291.47 min=  291.47 max=  291.47 p50=  291.47 p95=  291.47 p99=  291.47 rps=   0.02
  s2s.crud.fetchAllTickets                      n= 3046 err=   0 errRate=  0.00% avg=  217.47 min=   17.14 max= 1092.36 p50=  196.59 p95=  469.59 p99=  769.27 rps=  50.77
  s2s.crud.fetchFilms                           n=    2 err=   0 errRate=  0.00% avg= 1174.80 min=  418.82 max= 1930.77 p50= 1174.80 p95= 1855.18 p99= 1915.65 rps=   0.03

2026-05-06T20:42:59.885Z  INFO 1 --- [lab8-additional-service] [   scheduling-1] r.h.l.a.o.ObservabilityService           : [lab8-additional-service] observability refresh
window 10s
  calc.additional.maxViewersSummary             n= 1034 err=   0 errRate=  0.00% avg=  167.38 min=   17.27 max=  909.02 p50=  124.37 p95=  302.97 p99=  609.73 rps= 103.40
  controller.AnalyticsController.maxViewersSummary n= 1034 err=   0 errRate=  0.00% avg=  167.96 min=   17.51 max=  909.30 p50=  125.13 p95=  303.47 p99=  610.46 rps= 103.40
  s2s.crud.fetchAllTickets                      n= 1034 err=   0 errRate=  0.00% avg=  157.68 min=   17.14 max=  575.90 p50=  123.71 p95=  294.21 p99=  377.56 rps= 103.40
  s2s.crud.fetchFilms                           n=    1 err=   0 errRate=  0.00% avg=  418.82 min=  418.82 max=  418.82 p50=  418.82 p95=  418.82 p99=  418.82 rps=   0.10
window 30s
  calc.additional.maxViewersSummary             n= 2782 err=   0 errRate=  0.00% avg=  190.88 min=   17.27 max=  909.02 p50=  191.10 p95=  325.48 p99=  499.96 rps=  92.73
  controller.AnalyticsController.maxViewersSummary n= 2782 err=   0 errRate=  0.00% avg=  191.65 min=   17.51 max=  909.30 p50=  191.84 p95=  326.65 p99=  500.59 rps=  92.73
  s2s.crud.fetchAllTickets                      n= 2782 err=   0 errRate=  0.00% avg=  187.19 min=   17.14 max=  575.90 p50=  190.58 p95=  318.28 p99=  404.08 rps=  92.73
  s2s.crud.fetchFilms                           n=    1 err=   0 errRate=  0.00% avg=  418.82 min=  418.82 max=  418.82 p50=  418.82 p95=  418.82 p99=  418.82 rps=   0.03
window 1m
  calc.additional.maxViewersSummary             n= 3157 err=   0 errRate=  0.00% avg=  237.82 min=   17.27 max= 2864.46 p50=  196.08 p95=  518.02 p99=  944.39 rps=  52.62
  controller.AnalyticsController.maxViewersSummary n= 3157 err=   0 errRate=  0.00% avg=  240.21 min=   17.51 max= 3045.12 p50=  196.68 p95=  519.06 p99=  944.97 rps=  52.62
  controller.ObservabilityController.getStats   n=    1 err=   0 errRate=  0.00% avg=  291.47 min=  291.47 max=  291.47 p50=  291.47 p95=  291.47 p99=  291.47 rps=   0.02
  s2s.crud.fetchAllTickets                      n= 3157 err=   0 errRate=  0.00% avg=  214.46 min=   17.14 max= 1092.36 p50=  195.41 p95=  461.31 p99=  763.44 rps=  52.62
  s2s.crud.fetchFilms                           n=    2 err=   0 errRate=  0.00% avg= 1174.80 min=  418.82 max= 1930.77 p50= 1174.80 p95= 1855.18 p99= 1915.65 rps=   0.03

2026-05-06T20:43:00.889Z  INFO 1 --- [lab8-additional-service] [   scheduling-1] r.h.l.a.o.ObservabilityService           : [lab8-additional-service] observability refresh
window 10s
  calc.additional.maxViewersSummary             n= 1101 err=   0 errRate=  0.00% avg=  161.68 min=   17.27 max=  909.02 p50=  120.71 p95=  298.69 p99=  605.11 rps= 110.10
  controller.AnalyticsController.maxViewersSummary n= 1101 err=   0 errRate=  0.00% avg=  162.20 min=   17.51 max=  909.30 p50=  121.11 p95=  299.03 p99=  606.92 rps= 110.10
  s2s.crud.fetchAllTickets                      n= 1101 err=   0 errRate=  0.00% avg=  153.73 min=   17.14 max=  575.90 p50=  120.65 p95=  292.78 p99=  375.65 rps= 110.10
window 30s
  calc.additional.maxViewersSummary             n= 2832 err=   0 errRate=  0.00% avg=  186.69 min=   17.27 max=  909.02 p50=  188.08 p95=  319.38 p99=  497.93 rps=  94.40
  controller.AnalyticsController.maxViewersSummary n= 2832 err=   0 errRate=  0.00% avg=  187.41 min=   17.51 max=  909.30 p50=  188.98 p95=  320.18 p99=  498.51 rps=  94.40
  s2s.crud.fetchAllTickets                      n= 2832 err=   0 errRate=  0.00% avg=  183.06 min=   17.14 max=  575.90 p50=  187.61 p95=  314.25 p99=  401.39 rps=  94.40
  s2s.crud.fetchFilms                           n=    1 err=   0 errRate=  0.00% avg=  418.82 min=  418.82 max=  418.82 p50=  418.82 p95=  418.82 p99=  418.82 rps=   0.03
window 1m
  calc.additional.maxViewersSummary             n= 3284 err=   0 errRate=  0.00% avg=  233.69 min=   17.27 max= 2864.46 p50=  194.57 p95=  507.01 p99=  910.48 rps=  54.73
  controller.AnalyticsController.maxViewersSummary n= 3284 err=   0 errRate=  0.00% avg=  236.00 min=   17.51 max= 3045.12 p50=  195.35 p95=  510.44 p99=  910.79 rps=  54.73
  controller.ObservabilityController.getStats   n=    1 err=   0 errRate=  0.00% avg=  291.47 min=  291.47 max=  291.47 p50=  291.47 p95=  291.47 p99=  291.47 rps=   0.02
  s2s.crud.fetchAllTickets                      n= 3284 err=   0 errRate=  0.00% avg=  211.23 min=   17.14 max= 1092.36 p50=  194.18 p95=  433.50 p99=  753.21 rps=  54.73
  s2s.crud.fetchFilms                           n=    2 err=   0 errRate=  0.00% avg= 1174.80 min=  418.82 max= 1930.77 p50= 1174.80 p95= 1855.18 p99= 1915.65 rps=   0.03

2026-05-06T20:43:01.892Z  INFO 1 --- [lab8-additional-service] [   scheduling-1] r.h.l.a.o.ObservabilityService           : [lab8-additional-service] observability refresh
window 10s
  calc.additional.maxViewersSummary             n= 1122 err=   0 errRate=  0.00% avg=  146.84 min=   17.27 max=  401.52 p50=  118.30 p95=  286.71 p99=  311.01 rps= 112.20
  controller.AnalyticsController.maxViewersSummary n= 1122 err=   0 errRate=  0.00% avg=  147.36 min=   17.51 max=  401.87 p50=  118.75 p95=  286.97 p99=  311.98 rps= 112.20
  s2s.crud.fetchAllTickets                      n= 1122 err=   0 errRate=  0.00% avg=  146.74 min=   17.14 max=  401.46 p50=  118.24 p95=  286.63 p99=  310.75 rps= 112.20
window 30s
  calc.additional.maxViewersSummary             n= 2886 err=   0 errRate=  0.00% avg=  183.02 min=   17.27 max=  909.02 p50=  184.91 p95=  315.98 p99=  495.70 rps=  96.20
  controller.AnalyticsController.maxViewersSummary n= 2886 err=   0 errRate=  0.00% avg=  183.69 min=   17.51 max=  909.30 p50=  185.40 p95=  316.76 p99=  496.26 rps=  96.20
  s2s.crud.fetchAllTickets                      n= 2886 err=   0 errRate=  0.00% avg=  179.46 min=   17.14 max=  575.90 p50=  183.96 p95=  312.00 p99=  398.97 rps=  96.20
  s2s.crud.fetchFilms                           n=    1 err=   0 errRate=  0.00% avg=  418.82 min=  418.82 max=  418.82 p50=  418.82 p95=  418.82 p99=  418.82 rps=   0.03
window 1m
  calc.additional.maxViewersSummary             n= 3410 err=   0 errRate=  0.00% avg=  229.68 min=   17.27 max= 2864.46 p50=  193.18 p95=  501.98 p99=  902.65 rps=  56.83
  controller.AnalyticsController.maxViewersSummary n= 3410 err=   0 errRate=  0.00% avg=  231.92 min=   17.51 max= 3045.12 p50=  193.90 p95=  504.09 p99=  905.76 rps=  56.83
  controller.ObservabilityController.getStats   n=    1 err=   0 errRate=  0.00% avg=  291.47 min=  291.47 max=  291.47 p50=  291.47 p95=  291.47 p99=  291.47 rps=   0.02
  s2s.crud.fetchAllTickets                      n= 3410 err=   0 errRate=  0.00% avg=  208.05 min=   17.14 max= 1092.36 p50=  192.58 p95=  421.76 p99=  734.41 rps=  56.83
  s2s.crud.fetchFilms                           n=    2 err=   0 errRate=  0.00% avg= 1174.80 min=  418.82 max= 1930.77 p50= 1174.80 p95= 1855.18 p99= 1915.65 rps=   0.03

2026-05-06T20:43:02.905Z  INFO 1 --- [lab8-additional-service] [   scheduling-1] r.h.l.a.o.ObservabilityService           : [lab8-additional-service] observability refresh
window 10s
  calc.additional.maxViewersSummary             n= 1130 err=   0 errRate=  0.00% avg=  143.39 min=   17.27 max=  401.52 p50=  117.68 p95=  283.41 p99=  310.93 rps= 113.00
  controller.AnalyticsController.maxViewersSummary n= 1130 err=   0 errRate=  0.00% avg=  143.91 min=   17.51 max=  401.87 p50=  118.13 p95=  283.88 p99=  311.88 rps= 113.00
  s2s.crud.fetchAllTickets                      n= 1130 err=   0 errRate=  0.00% avg=  143.30 min=   17.14 max=  401.46 p50=  117.63 p95=  283.35 p99=  310.62 rps= 113.00
window 30s
  calc.additional.maxViewersSummary             n= 2929 err=   0 errRate=  0.00% avg=  179.47 min=   17.27 max=  909.02 p50=  181.24 p95=  314.18 p99=  495.07 rps=  97.63
  controller.AnalyticsController.maxViewersSummary n= 2929 err=   0 errRate=  0.00% avg=  180.11 min=   17.51 max=  909.30 p50=  181.67 p95=  314.75 p99=  495.55 rps=  97.63
  s2s.crud.fetchAllTickets                      n= 2929 err=   0 errRate=  0.00% avg=  175.96 min=   17.14 max=  575.90 p50=  180.36 p95=  308.89 p99=  398.55 rps=  97.63
  s2s.crud.fetchFilms                           n=    1 err=   0 errRate=  0.00% avg=  418.82 min=  418.82 max=  418.82 p50=  418.82 p95=  418.82 p99=  418.82 rps=   0.03
window 1m
  calc.additional.maxViewersSummary             n= 3531 err=   0 errRate=  0.00% avg=  226.00 min=   17.27 max= 2864.46 p50=  191.72 p95=  498.75 p99=  892.48 rps=  58.85
  controller.AnalyticsController.maxViewersSummary n= 3531 err=   0 errRate=  0.00% avg=  228.17 min=   17.51 max= 3045.12 p50=  192.42 p95=  501.23 p99=  893.66 rps=  58.85
  controller.ObservabilityController.getStats   n=    1 err=   0 errRate=  0.00% avg=  291.47 min=  291.47 max=  291.47 p50=  291.47 p95=  291.47 p99=  291.47 rps=   0.02
  s2s.crud.fetchAllTickets                      n= 3531 err=   0 errRate=  0.00% avg=  205.10 min=   17.14 max= 1092.36 p50=  191.33 p95=  413.33 p99=  718.90 rps=  58.85
  s2s.crud.fetchFilms                           n=    2 err=   0 errRate=  0.00% avg= 1174.80 min=  418.82 max= 1930.77 p50= 1174.80 p95= 1855.18 p99= 1915.65 rps=   0.03

2026-05-06T20:43:03.909Z  INFO 1 --- [lab8-additional-service] [   scheduling-1] r.h.l.a.o.ObservabilityService           : [lab8-additional-service] observability refresh
window 10s
  calc.additional.maxViewersSummary             n= 1107 err=   0 errRate=  0.00% avg=  144.04 min=   17.27 max=  401.52 p50=  118.11 p95=  283.16 p99=  311.15 rps= 110.70
  controller.AnalyticsController.maxViewersSummary n= 1107 err=   0 errRate=  0.00% avg=  144.70 min=   17.51 max=  401.87 p50=  118.43 p95=  283.40 p99=  312.19 rps= 110.70
  s2s.crud.fetchAllTickets                      n= 1107 err=   0 errRate=  0.00% avg=  143.95 min=   17.14 max=  401.46 p50=  118.06 p95=  283.10 p99=  311.00 rps= 110.70
window 30s
  calc.additional.maxViewersSummary             n= 2929 err=   0 errRate=  0.00% avg=  178.25 min=   17.27 max=  909.02 p50=  179.42 p95=  312.16 p99=  495.07 rps=  97.63
  controller.AnalyticsController.maxViewersSummary n= 2929 err=   0 errRate=  0.00% avg=  178.93 min=   17.51 max=  909.30 p50=  180.38 p95=  312.72 p99=  495.55 rps=  97.63
  s2s.crud.fetchAllTickets                      n= 2929 err=   0 errRate=  0.00% avg=  174.75 min=   17.14 max=  575.90 p50=  178.71 p95=  306.82 p99=  397.32 rps=  97.63
  s2s.crud.fetchFilms                           n=    1 err=   0 errRate=  0.00% avg=  418.82 min=  418.82 max=  418.82 p50=  418.82 p95=  418.82 p99=  418.82 rps=   0.03
window 1m
  calc.additional.maxViewersSummary             n= 3613 err=   0 errRate=  0.00% avg=  224.64 min=   17.27 max= 2864.46 p50=  191.71 p95=  494.28 p99=  891.22 rps=  60.22
  controller.AnalyticsController.maxViewersSummary n= 3613 err=   0 errRate=  0.00% avg=  226.82 min=   17.51 max= 3045.12 p50=  192.48 p95=  495.45 p99=  892.73 rps=  60.22
  controller.ObservabilityController.getStats   n=    1 err=   0 errRate=  0.00% avg=  291.47 min=  291.47 max=  291.47 p50=  291.47 p95=  291.47 p99=  291.47 rps=   0.02
  s2s.crud.fetchAllTickets                      n= 3613 err=   0 errRate=  0.00% avg=  204.22 min=   17.14 max= 1092.36 p50=  191.33 p95=  411.23 p99=  708.60 rps=  60.22
  s2s.crud.fetchFilms                           n=    2 err=   0 errRate=  0.00% avg= 1174.80 min=  418.82 max= 1930.77 p50= 1174.80 p95= 1855.18 p99= 1915.65 rps=   0.03

2026-05-06T20:43:04.922Z  INFO 1 --- [lab8-additional-service] [   scheduling-1] r.h.l.a.o.ObservabilityService           : [lab8-additional-service] observability refresh
window 10s
  calc.additional.maxViewersSummary             n= 1120 err=   0 errRate=  0.00% avg=  139.13 min=   17.27 max=  401.52 p50=  115.94 p95=  260.22 p99=  306.96 rps= 112.00
  controller.AnalyticsController.maxViewersSummary n= 1120 err=   0 errRate=  0.00% avg=  139.78 min=   17.51 max=  401.87 p50=  116.50 p95=  260.41 p99=  307.12 rps= 112.00
  s2s.crud.fetchAllTickets                      n= 1120 err=   0 errRate=  0.00% avg=  139.05 min=   17.14 max=  401.46 p50=  115.77 p95=  260.15 p99=  306.90 rps= 112.00
window 30s
  calc.additional.maxViewersSummary             n= 2966 err=   0 errRate=  0.00% avg=  174.93 min=   17.27 max=  909.02 p50=  173.41 p95=  309.90 p99=  495.06 rps=  98.87
  controller.AnalyticsController.maxViewersSummary n= 2966 err=   0 errRate=  0.00% avg=  175.58 min=   17.51 max=  909.30 p50=  174.53 p95=  310.82 p99=  495.43 rps=  98.87
  s2s.crud.fetchAllTickets                      n= 2966 err=   0 errRate=  0.00% avg=  171.47 min=   17.14 max=  575.90 p50=  171.86 p95=  305.61 p99=  396.49 rps=  98.87
  s2s.crud.fetchFilms                           n=    1 err=   0 errRate=  0.00% avg=  418.82 min=  418.82 max=  418.82 p50=  418.82 p95=  418.82 p99=  418.82 rps=   0.03
window 1m
  calc.additional.maxViewersSummary             n= 3735 err=   0 errRate=  0.00% avg=  221.22 min=   17.27 max= 2864.46 p50=  190.21 p95=  489.45 p99=  889.40 rps=  62.25
  controller.AnalyticsController.maxViewersSummary n= 3735 err=   0 errRate=  0.00% avg=  223.34 min=   17.51 max= 3045.12 p50=  191.08 p95=  490.95 p99=  891.08 rps=  62.25
  controller.ObservabilityController.getStats   n=    1 err=   0 errRate=  0.00% avg=  291.47 min=  291.47 max=  291.47 p50=  291.47 p95=  291.47 p99=  291.47 rps=   0.02
  s2s.crud.fetchAllTickets                      n= 3735 err=   0 errRate=  0.00% avg=  201.47 min=   17.14 max= 1092.36 p50=  189.84 p95=  406.99 p99=  704.58 rps=  62.25
  s2s.crud.fetchFilms                           n=    2 err=   0 errRate=  0.00% avg= 1174.80 min=  418.82 max= 1930.77 p50= 1174.80 p95= 1855.18 p99= 1915.65 rps=   0.03

2026-05-06T20:43:05.937Z  INFO 1 --- [lab8-additional-service] [   scheduling-1] r.h.l.a.o.ObservabilityService           : [lab8-additional-service] observability refresh
window 10s
  calc.additional.maxViewersSummary             n= 1132 err=   0 errRate=  0.00% avg=  135.33 min=   17.27 max=  368.35 p50=  114.44 p95=  231.18 p99=  299.36 rps= 113.20
  controller.AnalyticsController.maxViewersSummary n= 1132 err=   0 errRate=  0.00% avg=  135.95 min=   17.51 max=  368.53 p50=  114.83 p95=  233.16 p99=  299.58 rps= 113.20
  s2s.crud.fetchAllTickets                      n= 1132 err=   0 errRate=  0.00% avg=  135.24 min=   17.14 max=  368.29 p50=  114.37 p95=  231.13 p99=  299.30 rps= 113.20
window 30s
  calc.additional.maxViewersSummary             n= 3017 err=   0 errRate=  0.00% avg=  170.79 min=   17.27 max=  909.02 p50=  153.40 p95=  306.26 p99=  489.28 rps= 100.57
  controller.AnalyticsController.maxViewersSummary n= 3017 err=   0 errRate=  0.00% avg=  171.41 min=   17.51 max=  909.30 p50=  154.12 p95=  307.03 p99=  489.49 rps= 100.57
  s2s.crud.fetchAllTickets                      n= 3017 err=   0 errRate=  0.00% avg=  167.39 min=   17.14 max=  575.90 p50=  143.31 p95=  302.62 p99=  392.85 rps= 100.57
  s2s.crud.fetchFilms                           n=    1 err=   0 errRate=  0.00% avg=  418.82 min=  418.82 max=  418.82 p50=  418.82 p95=  418.82 p99=  418.82 rps=   0.03
window 1m
  calc.additional.maxViewersSummary             n= 3859 err=   0 errRate=  0.00% avg=  217.88 min=   17.27 max= 2864.46 p50=  188.19 p95=  477.01 p99=  885.96 rps=  64.32
  controller.AnalyticsController.maxViewersSummary n= 3859 err=   0 errRate=  0.00% avg=  219.94 min=   17.51 max= 3045.12 p50=  189.10 p95=  478.63 p99=  890.22 rps=  64.32
  controller.ObservabilityController.getStats   n=    1 err=   0 errRate=  0.00% avg=  291.47 min=  291.47 max=  291.47 p50=  291.47 p95=  291.47 p99=  291.47 rps=   0.02
  s2s.crud.fetchAllTickets                      n= 3859 err=   0 errRate=  0.00% avg=  198.75 min=   17.14 max= 1092.36 p50=  187.74 p95=  403.39 p99=  702.26 rps=  64.32
  s2s.crud.fetchFilms                           n=    2 err=   0 errRate=  0.00% avg= 1174.80 min=  418.82 max= 1930.77 p50= 1174.80 p95= 1855.18 p99= 1915.65 rps=   0.03

2026-05-06T20:43:06.953Z  INFO 1 --- [lab8-additional-service] [   scheduling-1] r.h.l.a.o.ObservabilityService           : [lab8-additional-service] observability refresh
window 10s
  calc.additional.maxViewersSummary             n= 1162 err=   0 errRate=  0.00% avg=  131.28 min=   17.27 max=  368.35 p50=  113.17 p95=  222.12 p99=  298.23 rps= 116.20
  controller.AnalyticsController.maxViewersSummary n= 1162 err=   0 errRate=  0.00% avg=  131.90 min=   17.51 max=  368.53 p50=  113.49 p95=  224.82 p99=  298.45 rps= 116.20
  s2s.crud.fetchAllTickets                      n= 1162 err=   0 errRate=  0.00% avg=  131.19 min=   17.14 max=  368.29 p50=  113.06 p95=  222.06 p99=  298.17 rps= 116.20
window 30s
  calc.additional.maxViewersSummary             n= 3057 err=   0 errRate=  0.00% avg=  167.50 min=   17.27 max=  909.02 p50=  132.35 p95=  303.66 p99=  488.22 rps= 101.90
  controller.AnalyticsController.maxViewersSummary n= 3058 err=   0 errRate=  0.00% avg=  168.09 min=   17.51 max=  909.30 p50=  133.69 p95=  304.04 p99=  488.42 rps= 101.93
  s2s.crud.fetchAllTickets                      n= 3057 err=   0 errRate=  0.00% avg=  164.15 min=   17.14 max=  575.90 p50=  131.96 p95=  300.89 p99=  391.08 rps= 101.90
  s2s.crud.fetchFilms                           n=    1 err=   0 errRate=  0.00% avg=  418.82 min=  418.82 max=  418.82 p50=  418.82 p95=  418.82 p99=  418.82 rps=   0.03
window 1m
  calc.additional.maxViewersSummary             n= 3991 err=   0 errRate=  0.00% avg=  214.51 min=   17.27 max= 2864.46 p50=  186.16 p95=  466.89 p99=  882.59 rps=  66.52
  controller.AnalyticsController.maxViewersSummary n= 3991 err=   0 errRate=  0.00% avg=  216.52 min=   17.51 max= 3045.12 p50=  187.12 p95=  468.59 p99=  883.85 rps=  66.52
  controller.ObservabilityController.getStats   n=    1 err=   0 errRate=  0.00% avg=  291.47 min=  291.47 max=  291.47 p50=  291.47 p95=  291.47 p99=  291.47 rps=   0.02
  s2s.crud.fetchAllTickets                      n= 3991 err=   0 errRate=  0.00% avg=  196.02 min=   17.14 max= 1092.36 p50=  185.54 p95=  400.58 p99=  698.01 rps=  66.52
  s2s.crud.fetchFilms                           n=    2 err=   0 errRate=  0.00% avg= 1174.80 min=  418.82 max= 1930.77 p50= 1174.80 p95= 1855.18 p99= 1915.65 rps=   0.03

2026-05-06T20:43:07.968Z  INFO 1 --- [lab8-additional-service] [   scheduling-1] r.h.l.a.o.ObservabilityService           : [lab8-additional-service] observability refresh
window 10s
  calc.additional.maxViewersSummary             n= 1205 err=   0 errRate=  0.00% avg=  125.90 min=   17.38 max=  368.35 p50=  111.53 p95=  211.70 p99=  287.23 rps= 120.50
  controller.AnalyticsController.maxViewersSummary n= 1205 err=   0 errRate=  0.00% avg=  126.45 min=   17.54 max=  368.53 p50=  111.99 p95=  213.61 p99=  287.40 rps= 120.50
  s2s.crud.fetchAllTickets                      n= 1205 err=   0 errRate=  0.00% avg=  125.80 min=   17.01 max=  368.29 p50=  111.38 p95=  211.16 p99=  287.16 rps= 120.50
window 30s
  calc.additional.maxViewersSummary             n= 3114 err=   0 errRate=  0.00% avg=  163.49 min=   17.27 max=  909.02 p50=  125.42 p95=  302.66 p99=  479.77 rps= 103.80
  controller.AnalyticsController.maxViewersSummary n= 3114 err=   0 errRate=  0.00% avg=  164.07 min=   17.51 max=  909.30 p50=  125.84 p95=  303.22 p99=  480.15 rps= 103.80
  s2s.crud.fetchAllTickets                      n= 3114 err=   0 errRate=  0.00% avg=  160.20 min=   17.01 max=  575.90 p50=  125.16 p95=  299.64 p99=  386.22 rps= 103.80
  s2s.crud.fetchFilms                           n=    1 err=   0 errRate=  0.00% avg=  418.82 min=  418.82 max=  418.82 p50=  418.82 p95=  418.82 p99=  418.82 rps=   0.03
window 1m
  calc.additional.maxViewersSummary             n= 4137 err=   0 errRate=  0.00% avg=  210.71 min=   17.27 max= 2864.46 p50=  183.28 p95=  428.15 p99=  852.50 rps=  68.95
  controller.AnalyticsController.maxViewersSummary n= 4137 err=   0 errRate=  0.00% avg=  212.66 min=   17.51 max= 3045.12 p50=  184.00 p95=  430.41 p99=  853.21 rps=  68.95
  controller.ObservabilityController.getStats   n=    1 err=   0 errRate=  0.00% avg=  291.47 min=  291.47 max=  291.47 p50=  291.47 p95=  291.47 p99=  291.47 rps=   0.02
  s2s.crud.fetchAllTickets                      n= 4137 err=   0 errRate=  0.00% avg=  192.87 min=   17.01 max= 1092.36 p50=  182.85 p95=  397.76 p99=  696.55 rps=  68.95
  s2s.crud.fetchFilms                           n=    2 err=   0 errRate=  0.00% avg= 1174.80 min=  418.82 max= 1930.77 p50= 1174.80 p95= 1855.18 p99= 1915.65 rps=   0.03

2026-05-06T20:43:08.295Z  INFO 1 --- [lab8-additional-service] [   scheduling-1] r.h.l.a.service.FilmCacheService         : film-cache stats: size=310 ttlMs=30000 lastRefreshAtMs=1778100170334 hits=4204 misses=2 refreshes=2
2026-05-06T20:43:08.973Z  INFO 1 --- [lab8-additional-service] [   scheduling-1] r.h.l.a.o.ObservabilityService           : [lab8-additional-service] observability refresh
window 10s
  calc.additional.maxViewersSummary             n= 1253 err=   0 errRate=  0.00% avg=  119.09 min=   15.70 max=  306.08 p50=  109.30 p95=  205.26 p99=  254.60 rps= 125.30
  controller.AnalyticsController.maxViewersSummary n= 1254 err=   0 errRate=  0.00% avg=  119.72 min=   16.38 max=  306.27 p50=  109.85 p95=  206.26 p99=  254.49 rps= 125.40
  s2s.crud.fetchAllTickets                      n= 1253 err=   0 errRate=  0.00% avg=  119.00 min=   15.62 max=  306.04 p50=  109.25 p95=  205.21 p99=  254.12 rps= 125.30
window 30s
  calc.additional.maxViewersSummary             n= 3195 err=   0 errRate=  0.00% avg=  158.25 min=   15.70 max=  909.02 p50=  121.31 p95=  300.81 p99=  434.40 rps= 106.50
  controller.AnalyticsController.maxViewersSummary n= 3195 err=   0 errRate=  0.00% avg=  158.80 min=   16.38 max=  909.30 p50=  121.71 p95=  301.17 p99=  435.63 rps= 106.50
  s2s.crud.fetchAllTickets                      n= 3195 err=   0 errRate=  0.00% avg=  155.04 min=   15.62 max=  575.90 p50=  121.04 p95=  297.86 p99=  383.55 rps= 106.50
  s2s.crud.fetchFilms                           n=    1 err=   0 errRate=  0.00% avg=  418.82 min=  418.82 max=  418.82 p50=  418.82 p95=  418.82 p99=  418.82 rps=   0.03
window 1m
  calc.additional.maxViewersSummary             n= 4304 err=   0 errRate=  0.00% avg=  205.88 min=   15.70 max= 2864.46 p50=  178.08 p95=  414.41 p99=  817.01 rps=  71.73
  controller.AnalyticsController.maxViewersSummary n= 4304 err=   0 errRate=  0.00% avg=  207.77 min=   16.38 max= 3045.12 p50=  179.08 p95=  416.04 p99=  817.76 rps=  71.73
  controller.ObservabilityController.getStats   n=    1 err=   0 errRate=  0.00% avg=  291.47 min=  291.47 max=  291.47 p50=  291.47 p95=  291.47 p99=  291.47 rps=   0.02
  s2s.crud.fetchAllTickets                      n= 4304 err=   0 errRate=  0.00% avg=  188.72 min=   15.62 max= 1092.36 p50=  177.50 p95=  396.23 p99=  690.48 rps=  71.73
  s2s.crud.fetchFilms                           n=    2 err=   0 errRate=  0.00% avg= 1174.80 min=  418.82 max= 1930.77 p50= 1174.80 p95= 1855.18 p99= 1915.65 rps=   0.03

2026-05-06T20:43:09.977Z  INFO 1 --- [lab8-additional-service] [   scheduling-1] r.h.l.a.o.ObservabilityService           : [lab8-additional-service] observability refresh
window 10s
  calc.additional.maxViewersSummary             n= 1283 err=   0 errRate=  0.00% avg=  114.66 min=   15.57 max=  306.08 p50=  107.37 p95=  202.86 p99=  238.58 rps= 128.30
  controller.AnalyticsController.maxViewersSummary n= 1283 err=   0 errRate=  0.00% avg=  115.15 min=   15.71 max=  306.27 p50=  107.96 p95=  204.32 p99=  238.75 rps= 128.30
  s2s.crud.fetchAllTickets                      n= 1283 err=   0 errRate=  0.00% avg=  114.56 min=   15.52 max=  306.04 p50=  107.32 p95=  202.81 p99=  238.51 rps= 128.30
window 30s
  calc.additional.maxViewersSummary             n= 3250 err=   0 errRate=  0.00% avg=  154.22 min=   15.57 max=  909.02 p50=  118.70 p95=  299.41 p99=  426.91 rps= 108.33
  controller.AnalyticsController.maxViewersSummary n= 3250 err=   0 errRate=  0.00% avg=  154.77 min=   15.71 max=  909.30 p50=  119.19 p95=  299.97 p99=  427.66 rps= 108.33
  s2s.crud.fetchAllTickets                      n= 3250 err=   0 errRate=  0.00% avg=  151.06 min=   15.52 max=  575.90 p50=  118.61 p95=  296.78 p99=  381.07 rps= 108.33
  s2s.crud.fetchFilms                           n=    1 err=   0 errRate=  0.00% avg=  418.82 min=  418.82 max=  418.82 p50=  418.82 p95=  418.82 p99=  418.82 rps=   0.03
window 1m
  calc.additional.maxViewersSummary             n= 4450 err=   0 errRate=  0.00% avg=  202.15 min=   15.57 max= 2864.46 p50=  170.88 p95=  411.19 p99=  804.47 rps=  74.17
  controller.AnalyticsController.maxViewersSummary n= 4450 err=   0 errRate=  0.00% avg=  203.99 min=   15.71 max= 3045.12 p50=  171.84 p95=  411.64 p99=  805.75 rps=  74.17
  controller.ObservabilityController.getStats   n=    1 err=   0 errRate=  0.00% avg=  291.47 min=  291.47 max=  291.47 p50=  291.47 p95=  291.47 p99=  291.47 rps=   0.02
  s2s.crud.fetchAllTickets                      n= 4450 err=   0 errRate=  0.00% avg=  185.55 min=   15.52 max= 1092.36 p50=  170.39 p95=  392.75 p99=  688.85 rps=  74.17
  s2s.crud.fetchFilms                           n=    2 err=   0 errRate=  0.00% avg= 1174.80 min=  418.82 max= 1930.77 p50= 1174.80 p95= 1855.18 p99= 1915.65 rps=   0.03

2026-05-06T20:43:10.983Z  INFO 1 --- [lab8-additional-service] [   scheduling-1] r.h.l.a.o.ObservabilityService           : [lab8-additional-service] observability refresh
window 10s
  calc.additional.maxViewersSummary             n= 1306 err=   0 errRate=  0.00% avg=  111.53 min=   15.57 max=  297.94 p50=  106.26 p95=  201.50 p99=  229.95 rps= 130.60
  controller.AnalyticsController.maxViewersSummary n= 1306 err=   0 errRate=  0.00% avg=  112.01 min=   15.71 max=  298.08 p50=  106.60 p95=  202.06 p99=  230.12 rps= 130.60
  s2s.crud.fetchAllTickets                      n= 1306 err=   0 errRate=  0.00% avg=  111.44 min=   15.52 max=  297.89 p50=  106.20 p95=  201.44 p99=  229.91 rps= 130.60
window 30s
  calc.additional.maxViewersSummary             n= 3316 err=   0 errRate=  0.00% avg=  150.21 min=   15.57 max=  909.02 p50=  117.24 p95=  297.00 p99=  421.37 rps= 110.53
  controller.AnalyticsController.maxViewersSummary n= 3316 err=   0 errRate=  0.00% avg=  150.74 min=   15.71 max=  909.30 p50=  117.54 p95=  297.52 p99=  421.57 rps= 110.53
  s2s.crud.fetchAllTickets                      n= 3316 err=   0 errRate=  0.00% avg=  147.12 min=   15.52 max=  575.90 p50=  117.07 p95=  294.84 p99=  377.83 rps= 110.53
  s2s.crud.fetchFilms                           n=    1 err=   0 errRate=  0.00% avg=  418.82 min=  418.82 max=  418.82 p50=  418.82 p95=  418.82 p99=  418.82 rps=   0.03
window 1m
  calc.additional.maxViewersSummary             n= 4603 err=   0 errRate=  0.00% avg=  198.69 min=   15.57 max= 2864.46 p50=  158.39 p95=  406.22 p99=  802.29 rps=  76.72
  controller.AnalyticsController.maxViewersSummary n= 4603 err=   0 errRate=  0.00% avg=  200.47 min=   15.71 max= 3045.12 p50=  159.28 p95=  407.84 p99=  803.50 rps=  76.72
  controller.ObservabilityController.getStats   n=    1 err=   0 errRate=  0.00% avg=  291.47 min=  291.47 max=  291.47 p50=  291.47 p95=  291.47 p99=  291.47 rps=   0.02
  s2s.crud.fetchAllTickets                      n= 4603 err=   0 errRate=  0.00% avg=  182.64 min=   15.52 max= 1092.36 p50=  157.44 p95=  389.48 p99=  687.33 rps=  76.72
  s2s.crud.fetchFilms                           n=    2 err=   0 errRate=  0.00% avg= 1174.80 min=  418.82 max= 1930.77 p50= 1174.80 p95= 1855.18 p99= 1915.65 rps=   0.03

2026-05-06T20:43:11.989Z  INFO 1 --- [lab8-additional-service] [   scheduling-1] r.h.l.a.o.ObservabilityService           : [lab8-additional-service] observability refresh
window 10s
  calc.additional.maxViewersSummary             n= 1328 err=   0 errRate=  0.00% avg=  107.86 min=   15.57 max=  297.94 p50=  104.75 p95=  200.69 p99=  228.26 rps= 132.80
  controller.AnalyticsController.maxViewersSummary n= 1328 err=   0 errRate=  0.00% avg=  108.36 min=   15.71 max=  298.08 p50=  105.08 p95=  201.12 p99=  228.70 rps= 132.80
  s2s.crud.fetchAllTickets                      n= 1328 err=   0 errRate=  0.00% avg=  107.76 min=   15.52 max=  297.89 p50=  104.68 p95=  200.64 p99=  228.21 rps= 132.80
window 30s
  calc.additional.maxViewersSummary             n= 3375 err=   0 errRate=  0.00% avg=  146.02 min=   15.57 max=  909.02 p50=  115.40 p95=  294.84 p99=  414.52 rps= 112.50
  controller.AnalyticsController.maxViewersSummary n= 3375 err=   0 errRate=  0.00% avg=  146.55 min=   15.71 max=  909.30 p50=  115.86 p95=  295.24 p99=  414.74 rps= 112.50
  s2s.crud.fetchAllTickets                      n= 3375 err=   0 errRate=  0.00% avg=  142.98 min=   15.52 max=  575.90 p50=  115.22 p95=  291.83 p99=  360.35 rps= 112.50
  s2s.crud.fetchFilms                           n=    1 err=   0 errRate=  0.00% avg=  418.82 min=  418.82 max=  418.82 p50=  418.82 p95=  418.82 p99=  418.82 rps=   0.03
window 1m
  calc.additional.maxViewersSummary             n= 4750 err=   0 errRate=  0.00% avg=  195.36 min=   15.57 max= 2864.46 p50=  135.50 p95=  401.84 p99=  798.59 rps=  79.17
  controller.AnalyticsController.maxViewersSummary n= 4750 err=   0 errRate=  0.00% avg=  197.10 min=   15.71 max= 3045.12 p50=  136.39 p95=  402.64 p99=  801.22 rps=  79.17
  controller.ObservabilityController.getStats   n=    1 err=   0 errRate=  0.00% avg=  291.47 min=  291.47 max=  291.47 p50=  291.47 p95=  291.47 p99=  291.47 rps=   0.02
  s2s.crud.fetchAllTickets                      n= 4750 err=   0 errRate=  0.00% avg=  179.80 min=   15.52 max= 1092.36 p50=  135.13 p95=  386.52 p99=  686.74 rps=  79.17
  s2s.crud.fetchFilms                           n=    2 err=   0 errRate=  0.00% avg= 1174.80 min=  418.82 max= 1930.77 p50= 1174.80 p95= 1855.18 p99= 1915.65 rps=   0.03

2026-05-06T20:43:12.993Z  INFO 1 --- [lab8-additional-service] [   scheduling-1] r.h.l.a.o.ObservabilityService           : [lab8-additional-service] observability refresh
window 10s
  calc.additional.maxViewersSummary             n= 1359 err=   0 errRate=  0.00% avg=  105.34 min=   15.57 max=  297.94 p50=  104.08 p95=  200.24 p99=  227.30 rps= 135.90
  controller.AnalyticsController.maxViewersSummary n= 1359 err=   0 errRate=  0.00% avg=  105.84 min=   15.71 max=  298.08 p50=  104.31 p95=  200.72 p99=  228.39 rps= 135.90
  s2s.crud.fetchAllTickets                      n= 1359 err=   0 errRate=  0.00% avg=  105.24 min=   15.52 max=  297.89 p50=  104.02 p95=  200.19 p99=  227.24 rps= 135.90
window 30s
  calc.additional.maxViewersSummary             n= 3416 err=   0 errRate=  0.00% avg=  142.71 min=   15.57 max=  909.02 p50=  114.18 p95=  293.23 p99=  410.73 rps= 113.87
  controller.AnalyticsController.maxViewersSummary n= 3416 err=   0 errRate=  0.00% avg=  143.23 min=   15.71 max=  909.30 p50=  114.62 p95=  293.50 p99=  410.96 rps= 113.87
  s2s.crud.fetchAllTickets                      n= 3416 err=   0 errRate=  0.00% avg=  139.71 min=   15.52 max=  575.90 p50=  114.04 p95=  289.20 p99=  335.81 rps= 113.87
  s2s.crud.fetchFilms                           n=    1 err=   0 errRate=  0.00% avg=  418.82 min=  418.82 max=  418.82 p50=  418.82 p95=  418.82 p99=  418.82 rps=   0.03
window 1m
  calc.additional.maxViewersSummary             n= 4892 err=   0 errRate=  0.00% avg=  192.45 min=   15.57 max= 2864.46 p50=  129.70 p95=  398.75 p99=  797.38 rps=  81.53
  controller.AnalyticsController.maxViewersSummary n= 4892 err=   0 errRate=  0.00% avg=  194.15 min=   15.71 max= 3045.12 p50=  130.81 p95=  400.09 p99=  798.37 rps=  81.53
  controller.ObservabilityController.getStats   n=    1 err=   0 errRate=  0.00% avg=  291.47 min=  291.47 max=  291.47 p50=  291.47 p95=  291.47 p99=  291.47 rps=   0.02
  s2s.crud.fetchAllTickets                      n= 4892 err=   0 errRate=  0.00% avg=  177.34 min=   15.52 max= 1092.36 p50=  129.28 p95=  383.71 p99=  685.50 rps=  81.53
  s2s.crud.fetchFilms                           n=    2 err=   0 errRate=  0.00% avg= 1174.80 min=  418.82 max= 1930.77 p50= 1174.80 p95= 1855.18 p99= 1915.65 rps=   0.03

2026-05-06T20:43:13.997Z  INFO 1 --- [lab8-additional-service] [   scheduling-1] r.h.l.a.o.ObservabilityService           : [lab8-additional-service] observability refresh
window 10s
  calc.additional.maxViewersSummary             n= 1417 err=   0 errRate=  0.00% avg=  101.92 min=   15.57 max=  297.94 p50=  103.38 p95=  197.15 p99=  216.80 rps= 141.70
  controller.AnalyticsController.maxViewersSummary n= 1417 err=   0 errRate=  0.00% avg=  102.31 min=   15.71 max=  298.08 p50=  103.97 p95=  198.27 p99=  217.04 rps= 141.70
  s2s.crud.fetchAllTickets                      n= 1417 err=   0 errRate=  0.00% avg=  101.82 min=   15.52 max=  297.89 p50=  103.27 p95=  197.10 p99=  216.73 rps= 141.70
window 30s
  calc.additional.maxViewersSummary             n= 3464 err=   0 errRate=  0.00% avg=  139.89 min=   15.57 max=  909.02 p50=  113.26 p95=  289.48 p99=  404.21 rps= 115.47
  controller.AnalyticsController.maxViewersSummary n= 3464 err=   0 errRate=  0.00% avg=  140.42 min=   15.71 max=  909.30 p50=  113.74 p95=  289.75 p99=  404.52 rps= 115.47
  s2s.crud.fetchAllTickets                      n= 3464 err=   0 errRate=  0.00% avg=  136.93 min=   15.52 max=  575.90 p50=  113.11 p95=  286.04 p99=  324.55 rps= 115.47
  s2s.crud.fetchFilms                           n=    1 err=   0 errRate=  0.00% avg=  418.82 min=  418.82 max=  418.82 p50=  418.82 p95=  418.82 p99=  418.82 rps=   0.03
window 1m
  calc.additional.maxViewersSummary             n= 5031 err=   0 errRate=  0.00% avg=  190.05 min=   15.57 max= 2864.46 p50=  126.99 p95=  397.10 p99=  790.85 rps=  83.85
  controller.AnalyticsController.maxViewersSummary n= 5031 err=   0 errRate=  0.00% avg=  191.72 min=   15.71 max= 3045.12 p50=  127.65 p95=  397.90 p99=  792.18 rps=  83.85
  controller.ObservabilityController.getStats   n=    1 err=   0 errRate=  0.00% avg=  291.47 min=  291.47 max=  291.47 p50=  291.47 p95=  291.47 p99=  291.47 rps=   0.02
  s2s.crud.fetchAllTickets                      n= 5031 err=   0 errRate=  0.00% avg=  175.36 min=   15.52 max= 1092.36 p50=  126.55 p95=  381.49 p99=  683.77 rps=  83.85
  s2s.crud.fetchFilms                           n=    2 err=   0 errRate=  0.00% avg= 1174.80 min=  418.82 max= 1930.77 p50= 1174.80 p95= 1855.18 p99= 1915.65 rps=   0.03

2026-05-06T20:43:15.002Z  INFO 1 --- [lab8-additional-service] [   scheduling-1] r.h.l.a.o.ObservabilityService           : [lab8-additional-service] observability refresh
window 10s
  calc.additional.maxViewersSummary             n= 1442 err=   0 errRate=  0.00% avg=   98.53 min=   15.57 max=  297.94 p50=  102.27 p95=  192.86 p99=  214.86 rps= 144.20
  controller.AnalyticsController.maxViewersSummary n= 1442 err=   0 errRate=  0.00% avg=   98.92 min=   15.71 max=  298.08 p50=  102.65 p95=  193.43 p99=  215.08 rps= 144.20
  s2s.crud.fetchAllTickets                      n= 1442 err=   0 errRate=  0.00% avg=   98.42 min=   15.52 max=  297.89 p50=  102.20 p95=  192.80 p99=  214.80 rps= 144.20
window 30s
  calc.additional.maxViewersSummary             n= 3522 err=   0 errRate=  0.00% avg=  135.91 min=   15.57 max=  909.02 p50=  111.63 p95=  286.02 p99=  399.17 rps= 117.40
  controller.AnalyticsController.maxViewersSummary n= 3522 err=   0 errRate=  0.00% avg=  136.43 min=   15.71 max=  909.30 p50=  112.21 p95=  286.36 p99=  399.54 rps= 117.40
  s2s.crud.fetchAllTickets                      n= 3522 err=   0 errRate=  0.00% avg=  133.00 min=   15.52 max=  575.90 p50=  111.52 p95=  283.11 p99=  321.41 rps= 117.40
  s2s.crud.fetchFilms                           n=    1 err=   0 errRate=  0.00% avg=  418.82 min=  418.82 max=  418.82 p50=  418.82 p95=  418.82 p99=  418.82 rps=   0.03
window 1m
  calc.additional.maxViewersSummary             n= 5188 err=   0 errRate=  0.00% avg=  186.86 min=   15.57 max= 2864.46 p50=  123.84 p95=  394.98 p99=  789.32 rps=  86.47
  controller.AnalyticsController.maxViewersSummary n= 5188 err=   0 errRate=  0.00% avg=  188.49 min=   15.71 max= 3045.12 p50=  124.65 p95=  395.88 p99=  790.37 rps=  86.47
  controller.ObservabilityController.getStats   n=    1 err=   0 errRate=  0.00% avg=  291.47 min=  291.47 max=  291.47 p50=  291.47 p95=  291.47 p99=  291.47 rps=   0.02
  s2s.crud.fetchAllTickets                      n= 5188 err=   0 errRate=  0.00% avg=  172.60 min=   15.52 max= 1092.36 p50=  123.58 p95=  378.94 p99=  682.75 rps=  86.47
  s2s.crud.fetchFilms                           n=    2 err=   0 errRate=  0.00% avg= 1174.80 min=  418.82 max= 1930.77 p50= 1174.80 p95= 1855.18 p99= 1915.65 rps=   0.03

2026-05-06T20:43:16.007Z  INFO 1 --- [lab8-additional-service] [   scheduling-1] r.h.l.a.o.ObservabilityService           : [lab8-additional-service] observability refresh
window 10s
  calc.additional.maxViewersSummary             n= 1443 err=   0 errRate=  0.00% avg=   97.63 min=   15.57 max=  297.94 p50=  101.85 p95=  191.67 p99=  210.51 rps= 144.30
  controller.AnalyticsController.maxViewersSummary n= 1443 err=   0 errRate=  0.00% avg=   98.08 min=   15.71 max=  298.08 p50=  102.17 p95=  192.24 p99=  210.70 rps= 144.30
  s2s.crud.fetchAllTickets                      n= 1443 err=   0 errRate=  0.00% avg=   97.53 min=   15.52 max=  297.89 p50=  101.75 p95=  191.62 p99=  210.46 rps= 144.30
window 30s
  calc.additional.maxViewersSummary             n= 3547 err=   0 errRate=  0.00% avg=  133.86 min=   15.57 max=  909.02 p50=  111.09 p95=  283.78 p99=  398.31 rps= 118.23
  controller.AnalyticsController.maxViewersSummary n= 3547 err=   0 errRate=  0.00% avg=  134.39 min=   15.71 max=  909.30 p50=  111.49 p95=  284.19 p99=  398.88 rps= 118.23
  s2s.crud.fetchAllTickets                      n= 3547 err=   0 errRate=  0.00% avg=  130.97 min=   15.52 max=  575.90 p50=  110.91 p95=  279.65 p99=  319.06 rps= 118.23
  s2s.crud.fetchFilms                           n=    1 err=   0 errRate=  0.00% avg=  418.82 min=  418.82 max=  418.82 p50=  418.82 p95=  418.82 p99=  418.82 rps=   0.03
window 1m
  calc.additional.maxViewersSummary             n= 5311 err=   0 errRate=  0.00% avg=  185.06 min=   15.57 max= 2864.46 p50=  122.90 p95=  392.57 p99=  788.00 rps=  88.52
  controller.AnalyticsController.maxViewersSummary n= 5311 err=   0 errRate=  0.00% avg=  186.68 min=   15.71 max= 3045.12 p50=  123.46 p95=  393.54 p99=  789.24 rps=  88.52
  controller.ObservabilityController.getStats   n=    1 err=   0 errRate=  0.00% avg=  291.47 min=  291.47 max=  291.47 p50=  291.47 p95=  291.47 p99=  291.47 rps=   0.02
  s2s.crud.fetchAllTickets                      n= 5311 err=   0 errRate=  0.00% avg=  171.14 min=   15.52 max= 1092.36 p50=  122.68 p95=  377.25 p99=  679.52 rps=  88.52
  s2s.crud.fetchFilms                           n=    2 err=   0 errRate=  0.00% avg= 1174.80 min=  418.82 max= 1930.77 p50= 1174.80 p95= 1855.18 p99= 1915.65 rps=   0.03

2026-05-06T20:43:17.015Z  INFO 1 --- [lab8-additional-service] [   scheduling-1] r.h.l.a.o.ObservabilityService           : [lab8-additional-service] observability refresh
window 10s
  calc.additional.maxViewersSummary             n= 1432 err=   0 errRate=  0.00% avg=   97.36 min=   15.57 max=  297.89 p50=  101.04 p95=  192.44 p99=  210.31 rps= 143.20
  controller.AnalyticsController.maxViewersSummary n= 1432 err=   0 errRate=  0.00% avg=   97.81 min=   15.71 max=  298.01 p50=  101.25 p95=  194.67 p99=  210.52 rps= 143.20
  s2s.crud.fetchAllTickets                      n= 1432 err=   0 errRate=  0.00% avg=   97.25 min=   15.52 max=  297.84 p50=  100.94 p95=  192.38 p99=  210.26 rps= 143.20
window 30s
  calc.additional.maxViewersSummary             n= 3579 err=   0 errRate=  0.00% avg=  131.87 min=   15.57 max=  909.02 p50=  110.41 p95=  281.30 p99=  397.21 rps= 119.30
  controller.AnalyticsController.maxViewersSummary n= 3579 err=   0 errRate=  0.00% avg=  132.39 min=   15.71 max=  909.30 p50=  110.93 p95=  281.54 p99=  398.03 rps= 119.30
  s2s.crud.fetchAllTickets                      n= 3579 err=   0 errRate=  0.00% avg=  129.00 min=   15.52 max=  575.90 p50=  110.23 p95=  273.40 p99=  314.45 rps= 119.30
  s2s.crud.fetchFilms                           n=    1 err=   0 errRate=  0.00% avg=  418.82 min=  418.82 max=  418.82 p50=  418.82 p95=  418.82 p99=  418.82 rps=   0.03
window 1m
  calc.additional.maxViewersSummary             n= 5433 err=   0 errRate=  0.00% avg=  183.41 min=   15.57 max= 2864.46 p50=  121.96 p95=  388.81 p99=  786.09 rps=  90.55
  controller.AnalyticsController.maxViewersSummary n= 5433 err=   0 errRate=  0.00% avg=  185.01 min=   15.71 max= 3045.12 p50=  122.61 p95=  391.40 p99=  788.60 rps=  90.55
  controller.ObservabilityController.getStats   n=    1 err=   0 errRate=  0.00% avg=  291.47 min=  291.47 max=  291.47 p50=  291.47 p95=  291.47 p99=  291.47 rps=   0.02
  s2s.crud.fetchAllTickets                      n= 5433 err=   0 errRate=  0.00% avg=  169.80 min=   15.52 max= 1092.36 p50=  121.84 p95=  375.37 p99=  670.25 rps=  90.55
  s2s.crud.fetchFilms                           n=    2 err=   0 errRate=  0.00% avg= 1174.80 min=  418.82 max= 1930.77 p50= 1174.80 p95= 1855.18 p99= 1915.65 rps=   0.03

2026-05-06T20:43:18.019Z  INFO 1 --- [lab8-additional-service] [   scheduling-1] r.h.l.a.o.ObservabilityService           : [lab8-additional-service] observability refresh
window 10s
  calc.additional.maxViewersSummary             n= 1419 err=   0 errRate=  0.00% avg=   97.04 min=   15.57 max=  297.89 p50=  100.50 p95=  191.96 p99=  209.91 rps= 141.90
  controller.AnalyticsController.maxViewersSummary n= 1419 err=   0 errRate=  0.00% avg=   97.49 min=   15.71 max=  298.01 p50=  100.71 p95=  192.33 p99=  210.08 rps= 141.90
  s2s.crud.fetchAllTickets                      n= 1419 err=   0 errRate=  0.00% avg=   96.94 min=   15.52 max=  297.84 p50=  100.43 p95=  191.66 p99=  209.86 rps= 141.90
window 30s
  calc.additional.maxViewersSummary             n= 3621 err=   0 errRate=  0.00% avg=  128.87 min=   15.57 max=  909.02 p50=  109.73 p95=  237.87 p99=  383.58 rps= 120.70
  controller.AnalyticsController.maxViewersSummary n= 3621 err=   0 errRate=  0.00% avg=  129.38 min=   15.71 max=  909.30 p50=  110.14 p95=  238.06 p99=  383.86 rps= 120.70
  s2s.crud.fetchAllTickets                      n= 3621 err=   0 errRate=  0.00% avg=  126.03 min=   15.52 max=  575.90 p50=  109.51 p95=  232.81 p99=  312.12 rps= 120.70
  s2s.crud.fetchFilms                           n=    1 err=   0 errRate=  0.00% avg=  418.82 min=  418.82 max=  418.82 p50=  418.82 p95=  418.82 p99=  418.82 rps=   0.03
window 1m
  calc.additional.maxViewersSummary             n= 5564 err=   0 errRate=  0.00% avg=  181.57 min=   15.57 max= 2864.46 p50=  121.36 p95=  386.52 p99=  785.30 rps=  92.73
  controller.AnalyticsController.maxViewersSummary n= 5564 err=   0 errRate=  0.00% avg=  183.14 min=   15.71 max= 3045.12 p50=  121.84 p95=  387.30 p99=  787.94 rps=  92.73
  controller.ObservabilityController.getStats   n=    1 err=   0 errRate=  0.00% avg=  291.47 min=  291.47 max=  291.47 p50=  291.47 p95=  291.47 p99=  291.47 rps=   0.02
  s2s.crud.fetchAllTickets                      n= 5564 err=   0 errRate=  0.00% avg=  168.28 min=   15.52 max= 1092.36 p50=  121.12 p95=  370.71 p99=  631.20 rps=  92.73
  s2s.crud.fetchFilms                           n=    2 err=   0 errRate=  0.00% avg= 1174.80 min=  418.82 max= 1930.77 p50= 1174.80 p95= 1855.18 p99= 1915.65 rps=   0.03

2026-05-06T20:43:18.295Z  INFO 1 --- [lab8-additional-service] [   scheduling-1] r.h.l.a.service.FilmCacheService         : film-cache stats: size=310 ttlMs=30000 lastRefreshAtMs=1778100170334 hits=5605 misses=2 refreshes=2
2026-05-06T20:43:19.024Z  INFO 1 --- [lab8-additional-service] [   scheduling-1] r.h.l.a.o.ObservabilityService           : [lab8-additional-service] observability refresh
window 10s
  calc.additional.maxViewersSummary             n= 1387 err=   0 errRate=  0.00% avg=  100.17 min=   15.57 max=  297.89 p50=  101.10 p95=  196.56 p99=  219.08 rps= 138.70
  controller.AnalyticsController.maxViewersSummary n= 1387 err=   0 errRate=  0.00% avg=  100.63 min=   15.71 max=  298.01 p50=  101.45 p95=  197.51 p99=  219.26 rps= 138.70
  s2s.crud.fetchAllTickets                      n= 1387 err=   0 errRate=  0.00% avg=  100.07 min=   15.52 max=  297.84 p50=  101.03 p95=  196.51 p99=  219.02 rps= 138.70
window 30s
  calc.additional.maxViewersSummary             n= 3652 err=   0 errRate=  0.00% avg=  126.98 min=   15.57 max=  909.02 p50=  109.19 p95=  228.46 p99=  364.25 rps= 121.73
  controller.AnalyticsController.maxViewersSummary n= 3652 err=   0 errRate=  0.00% avg=  127.49 min=   15.71 max=  909.30 p50=  109.65 p95=  229.35 p99=  364.44 rps= 121.73
  s2s.crud.fetchAllTickets                      n= 3652 err=   0 errRate=  0.00% avg=  124.17 min=   15.52 max=  575.90 p50=  109.02 p95=  224.74 p99=  309.07 rps= 121.73
  s2s.crud.fetchFilms                           n=    1 err=   0 errRate=  0.00% avg=  418.82 min=  418.82 max=  418.82 p50=  418.82 p95=  418.82 p99=  418.82 rps=   0.03
window 1m
  calc.additional.maxViewersSummary             n= 5691 err=   0 errRate=  0.00% avg=  180.12 min=   15.57 max= 2864.46 p50=  120.81 p95=  383.68 p99=  784.23 rps=  94.85
  controller.AnalyticsController.maxViewersSummary n= 5691 err=   0 errRate=  0.00% avg=  181.65 min=   15.71 max= 3045.12 p50=  121.33 p95=  386.20 p99=  785.91 rps=  94.85
  controller.ObservabilityController.getStats   n=    1 err=   0 errRate=  0.00% avg=  291.47 min=  291.47 max=  291.47 p50=  291.47 p95=  291.47 p99=  291.47 rps=   0.02
  s2s.crud.fetchAllTickets                      n= 5691 err=   0 errRate=  0.00% avg=  167.12 min=   15.52 max= 1092.36 p50=  120.59 p95=  368.93 p99=  609.71 rps=  94.85
  s2s.crud.fetchFilms                           n=    2 err=   0 errRate=  0.00% avg= 1174.80 min=  418.82 max= 1930.77 p50= 1174.80 p95= 1855.18 p99= 1915.65 rps=   0.03

2026-05-06T20:43:20.029Z  INFO 1 --- [lab8-additional-service] [   scheduling-1] r.h.l.a.o.ObservabilityService           : [lab8-additional-service] observability refresh
window 10s
  calc.additional.maxViewersSummary             n= 1400 err=   0 errRate=  0.00% avg=   99.53 min=   14.91 max=  297.89 p50=  101.04 p95=  195.53 p99=  216.26 rps= 140.00
  controller.AnalyticsController.maxViewersSummary n= 1400 err=   0 errRate=  0.00% avg=   99.98 min=   15.48 max=  298.01 p50=  101.23 p95=  196.24 p99=  216.62 rps= 140.00
  s2s.crud.fetchAllTickets                      n= 1400 err=   0 errRate=  0.00% avg=   99.44 min=   14.85 max=  297.84 p50=  100.94 p95=  195.49 p99=  216.19 rps= 140.00
window 30s
  calc.additional.maxViewersSummary             n= 3714 err=   0 errRate=  0.00% avg=  123.51 min=   14.91 max=  909.02 p50=  108.03 p95=  221.33 p99=  334.20 rps= 123.80
  controller.AnalyticsController.maxViewersSummary n= 3714 err=   0 errRate=  0.00% avg=  124.01 min=   15.48 max=  909.30 p50=  108.58 p95=  222.22 p99=  334.39 rps= 123.80
  s2s.crud.fetchAllTickets                      n= 3714 err=   0 errRate=  0.00% avg=  120.75 min=   14.85 max=  575.90 p50=  107.90 p95=  219.36 p99=  299.75 rps= 123.80
  s2s.crud.fetchFilms                           n=    1 err=   0 errRate=  0.00% avg=  418.82 min=  418.82 max=  418.82 p50=  418.82 p95=  418.82 p99=  418.82 rps=   0.03
window 1m
  calc.additional.maxViewersSummary             n= 5850 err=   0 errRate=  0.00% avg=  177.59 min=   14.91 max= 2864.46 p50=  119.30 p95=  380.55 p99=  779.44 rps=  97.50
  controller.AnalyticsController.maxViewersSummary n= 5850 err=   0 errRate=  0.00% avg=  179.10 min=   15.48 max= 3045.12 p50=  119.89 p95=  381.83 p99=  781.07 rps=  97.50
  s2s.crud.fetchAllTickets                      n= 5850 err=   0 errRate=  0.00% avg=  164.94 min=   14.85 max= 1092.36 p50=  119.09 p95=  362.22 p99=  607.67 rps=  97.50
  s2s.crud.fetchFilms                           n=    2 err=   0 errRate=  0.00% avg= 1174.80 min=  418.82 max= 1930.77 p50= 1174.80 p95= 1855.18 p99= 1915.65 rps=   0.03

2026-05-06T20:43:21.051Z  INFO 1 --- [lab8-additional-service] [   scheduling-1] r.h.l.a.o.ObservabilityService           : [lab8-additional-service] observability refresh
window 10s
  calc.additional.maxViewersSummary             n= 1362 err=   0 errRate=  0.00% avg=  104.74 min=   14.91 max=  428.44 p50=  101.30 p95=  201.92 p99=  384.86 rps= 136.20
  controller.AnalyticsController.maxViewersSummary n= 1362 err=   0 errRate=  0.00% avg=  105.20 min=   15.48 max=  428.58 p50=  101.58 p95=  202.34 p99=  385.11 rps= 136.20
  s2s.crud.fetchAllTickets                      n= 1362 err=   0 errRate=  0.00% avg=   99.66 min=   14.85 max=  297.84 p50=  100.76 p95=  192.81 p99=  217.28 rps= 136.20
  s2s.crud.fetchFilms                           n=    1 err=   0 errRate=  0.00% avg=  307.48 min=  307.48 max=  307.48 p50=  307.48 p95=  307.48 p99=  307.48 rps=   0.10
window 30s
  calc.additional.maxViewersSummary             n= 3773 err=   0 errRate=  0.00% avg=  122.39 min=   14.91 max=  909.02 p50=  107.55 p95=  221.87 p99=  325.50 rps= 125.77
  controller.AnalyticsController.maxViewersSummary n= 3773 err=   0 errRate=  0.00% avg=  122.88 min=   15.48 max=  909.30 p50=  108.06 p95=  222.60 p99=  325.71 rps= 125.77
  s2s.crud.fetchAllTickets                      n= 3773 err=   0 errRate=  0.00% avg=  119.28 min=   14.85 max=  575.90 p50=  107.14 p95=  217.55 p99=  298.67 rps= 125.77
  s2s.crud.fetchFilms                           n=    1 err=   0 errRate=  0.00% avg=  307.48 min=  307.48 max=  307.48 p50=  307.48 p95=  307.48 p99=  307.48 rps=   0.03
window 1m
  calc.additional.maxViewersSummary             n= 5967 err=   0 errRate=  0.00% avg=  177.21 min=   14.91 max= 2864.46 p50=  118.74 p95=  383.94 p99=  774.70 rps=  99.45
  controller.AnalyticsController.maxViewersSummary n= 5967 err=   0 errRate=  0.00% avg=  178.69 min=   15.48 max= 3045.12 p50=  119.28 p95=  385.91 p99=  776.31 rps=  99.45
  s2s.crud.fetchAllTickets                      n= 5967 err=   0 errRate=  0.00% avg=  163.67 min=   14.85 max= 1092.36 p50=  118.30 p95=  360.60 p99=  606.74 rps=  99.45
  s2s.crud.fetchFilms                           n=    3 err=   0 errRate=  0.00% avg=  885.69 min=  307.48 max= 1930.77 p50=  418.82 p95= 1779.58 p99= 1900.53 rps=   0.05

2026-05-06T20:43:22.060Z  INFO 1 --- [lab8-additional-service] [   scheduling-1] r.h.l.a.o.ObservabilityService           : [lab8-additional-service] observability refresh
window 10s
  calc.additional.maxViewersSummary             n= 1362 err=   0 errRate=  0.00% avg=  104.69 min=   14.91 max=  428.44 p50=  101.09 p95=  201.43 p99=  384.86 rps= 136.20
  controller.AnalyticsController.maxViewersSummary n= 1361 err=   0 errRate=  0.00% avg=  105.12 min=   15.48 max=  428.58 p50=  101.26 p95=  201.82 p99=  385.12 rps= 136.10
  s2s.crud.fetchAllTickets                      n= 1362 err=   0 errRate=  0.00% avg=   99.61 min=   14.85 max=  297.84 p50=  100.56 p95=  192.81 p99=  217.28 rps= 136.20
  s2s.crud.fetchFilms                           n=    1 err=   0 errRate=  0.00% avg=  307.48 min=  307.48 max=  307.48 p50=  307.48 p95=  307.48 p99=  307.48 rps=   0.10
window 30s
  calc.additional.maxViewersSummary             n= 3814 err=   0 errRate=  0.00% avg=  118.00 min=   14.91 max=  428.44 p50=  106.69 p95=  216.70 p99=  308.98 rps= 127.13
  controller.AnalyticsController.maxViewersSummary n= 3813 err=   0 errRate=  0.00% avg=  118.48 min=   15.48 max=  428.58 p50=  107.03 p95=  217.33 p99=  309.14 rps= 127.10
  s2s.crud.fetchAllTickets                      n= 3814 err=   0 errRate=  0.00% avg=  116.12 min=   14.85 max=  401.46 p50=  106.22 p95=  211.96 p99=  294.99 rps= 127.13
  s2s.crud.fetchFilms                           n=    1 err=   0 errRate=  0.00% avg=  307.48 min=  307.48 max=  307.48 p50=  307.48 p95=  307.48 p99=  307.48 rps=   0.03
window 1m
  calc.additional.maxViewersSummary             n= 6121 err=   0 errRate=  0.00% avg=  175.05 min=   14.91 max= 2864.46 p50=  117.91 p95=  380.92 p99=  773.04 rps= 102.02
  controller.AnalyticsController.maxViewersSummary n= 6120 err=   0 errRate=  0.00% avg=  176.51 min=   15.48 max= 3045.12 p50=  118.39 p95=  382.24 p99=  775.68 rps= 102.00
  s2s.crud.fetchAllTickets                      n= 6121 err=   0 errRate=  0.00% avg=  161.85 min=   14.85 max= 1092.36 p50=  117.55 p95=  356.52 p99=  605.56 rps= 102.02
  s2s.crud.fetchFilms                           n=    3 err=   0 errRate=  0.00% avg=  885.69 min=  307.48 max= 1930.77 p50=  418.82 p95= 1779.58 p99= 1900.53 rps=   0.05

2026-05-06T20:43:23.070Z  INFO 1 --- [lab8-additional-service] [   scheduling-1] r.h.l.a.o.ObservabilityService           : [lab8-additional-service] observability refresh
window 10s
  calc.additional.maxViewersSummary             n= 1361 err=   0 errRate=  0.00% avg=  106.10 min=   14.28 max=  428.44 p50=  101.58 p95=  201.45 p99=  384.86 rps= 136.10
  controller.AnalyticsController.maxViewersSummary n= 1361 err=   0 errRate=  0.00% avg=  106.59 min=   14.49 max=  428.58 p50=  101.95 p95=  201.82 p99=  385.12 rps= 136.10
  s2s.crud.fetchAllTickets                      n= 1361 err=   0 errRate=  0.00% avg=  101.02 min=   14.23 max=  297.84 p50=  101.03 p95=  194.55 p99=  213.68 rps= 136.10
  s2s.crud.fetchFilms                           n=    1 err=   0 errRate=  0.00% avg=  307.48 min=  307.48 max=  307.48 p50=  307.48 p95=  307.48 p99=  307.48 rps=   0.10
window 30s
  calc.additional.maxViewersSummary             n= 3835 err=   0 errRate=  0.00% avg=  116.61 min=   14.28 max=  428.44 p50=  106.27 p95=  214.59 p99=  308.78 rps= 127.83
  controller.AnalyticsController.maxViewersSummary n= 3835 err=   0 errRate=  0.00% avg=  117.11 min=   14.49 max=  428.58 p50=  106.70 p95=  216.05 p99=  308.93 rps= 127.83
  s2s.crud.fetchAllTickets                      n= 3835 err=   0 errRate=  0.00% avg=  114.74 min=   14.23 max=  401.46 p50=  105.94 p95=  210.12 p99=  294.83 rps= 127.83
  s2s.crud.fetchFilms                           n=    1 err=   0 errRate=  0.00% avg=  307.48 min=  307.48 max=  307.48 p50=  307.48 p95=  307.48 p99=  307.48 rps=   0.03
window 1m
  calc.additional.maxViewersSummary             n= 6226 err=   0 errRate=  0.00% avg=  162.67 min=   14.28 max= 2864.46 p50=  117.45 p95=  361.48 p99=  670.91 rps= 103.77
  controller.AnalyticsController.maxViewersSummary n= 6226 err=   0 errRate=  0.00% avg=  163.39 min=   14.49 max= 3045.12 p50=  117.91 p95=  363.94 p99=  675.50 rps= 103.77
  s2s.crud.fetchAllTickets                      n= 6226 err=   0 errRate=  0.00% avg=  159.52 min=   14.23 max= 1092.36 p50=  117.07 p95=  325.77 p99=  604.58 rps= 103.77
  s2s.crud.fetchFilms                           n=    2 err=   0 errRate=  0.00% avg=  363.15 min=  307.48 max=  418.82 p50=  363.15 p95=  413.25 p99=  417.71 rps=   0.03

2026-05-06T20:43:24.082Z  INFO 1 --- [lab8-additional-service] [   scheduling-1] r.h.l.a.o.ObservabilityService           : [lab8-additional-service] observability refresh
window 10s
  calc.additional.maxViewersSummary             n= 1357 err=   0 errRate=  0.00% avg=  105.11 min=   14.28 max=  428.44 p50=  100.86 p95=  200.90 p99=  384.88 rps= 135.70
  controller.AnalyticsController.maxViewersSummary n= 1357 err=   0 errRate=  0.00% avg=  105.58 min=   14.49 max=  428.58 p50=  101.10 p95=  201.42 p99=  385.13 rps= 135.70
  s2s.crud.fetchAllTickets                      n= 1357 err=   0 errRate=  0.00% avg=  100.01 min=   14.23 max=  302.56 p50=  100.45 p95=  193.97 p99=  212.81 rps= 135.70
  s2s.crud.fetchFilms                           n=    1 err=   0 errRate=  0.00% avg=  307.48 min=  307.48 max=  307.48 p50=  307.48 p95=  307.48 p99=  307.48 rps=   0.10
window 30s
  calc.additional.maxViewersSummary             n= 3871 err=   0 errRate=  0.00% avg=  114.68 min=   14.28 max=  428.44 p50=  105.56 p95=  212.49 p99=  307.46 rps= 129.03
  controller.AnalyticsController.maxViewersSummary n= 3871 err=   0 errRate=  0.00% avg=  115.18 min=   14.49 max=  428.58 p50=  105.98 p95=  213.52 p99=  307.62 rps= 129.03
  s2s.crud.fetchAllTickets                      n= 3871 err=   0 errRate=  0.00% avg=  112.83 min=   14.23 max=  401.46 p50=  105.11 p95=  208.19 p99=  293.07 rps= 129.03
  s2s.crud.fetchFilms                           n=    1 err=   0 errRate=  0.00% avg=  307.48 min=  307.48 max=  307.48 p50=  307.48 p95=  307.48 p99=  307.48 rps=   0.03
window 1m
  calc.additional.maxViewersSummary             n= 6322 err=   0 errRate=  0.00% avg=  159.05 min=   14.28 max= 1092.47 p50=  116.37 p95=  329.06 p99=  612.36 rps= 105.37
  controller.AnalyticsController.maxViewersSummary n= 6322 err=   0 errRate=  0.00% avg=  159.72 min=   14.49 max= 1094.04 p50=  117.01 p95=  329.38 p99=  617.44 rps= 105.37
  s2s.crud.fetchAllTickets                      n= 6322 err=   0 errRate=  0.00% avg=  156.28 min=   14.23 max= 1092.36 p50=  115.74 p95=  315.39 p99=  601.86 rps= 105.37
  s2s.crud.fetchFilms                           n=    2 err=   0 errRate=  0.00% avg=  363.15 min=  307.48 max=  418.82 p50=  363.15 p95=  413.25 p99=  417.71 rps=   0.03

2026-05-06T20:43:25.093Z  INFO 1 --- [lab8-additional-service] [   scheduling-1] r.h.l.a.o.ObservabilityService           : [lab8-additional-service] observability refresh
window 10s
  calc.additional.maxViewersSummary             n= 1333 err=   0 errRate=  0.00% avg=  107.09 min=   14.28 max=  428.44 p50=  101.57 p95=  203.24 p99=  384.97 rps= 133.30
  controller.AnalyticsController.maxViewersSummary n= 1333 err=   0 errRate=  0.00% avg=  107.59 min=   14.49 max=  428.58 p50=  101.96 p95=  203.38 p99=  385.24 rps= 133.30
  s2s.crud.fetchAllTickets                      n= 1333 err=   0 errRate=  0.00% avg=  101.88 min=   14.23 max=  302.56 p50=  100.87 p95=  196.77 p99=  222.33 rps= 133.30
  s2s.crud.fetchFilms                           n=    1 err=   0 errRate=  0.00% avg=  307.48 min=  307.48 max=  307.48 p50=  307.48 p95=  307.48 p99=  307.48 rps=   0.10
window 30s
  calc.additional.maxViewersSummary             n= 3900 err=   0 errRate=  0.00% avg=  112.74 min=   14.28 max=  428.44 p50=  104.85 p95=  208.80 p99=  300.88 rps= 130.00
  controller.AnalyticsController.maxViewersSummary n= 3900 err=   0 errRate=  0.00% avg=  113.24 min=   14.49 max=  428.58 p50=  105.38 p95=  209.89 p99=  301.07 rps= 130.00
  s2s.crud.fetchAllTickets                      n= 3900 err=   0 errRate=  0.00% avg=  110.89 min=   14.23 max=  401.46 p50=  104.48 p95=  205.26 p99=  288.25 rps= 130.00
  s2s.crud.fetchFilms                           n=    1 err=   0 errRate=  0.00% avg=  307.48 min=  307.48 max=  307.48 p50=  307.48 p95=  307.48 p99=  307.48 rps=   0.03
window 1m
  calc.additional.maxViewersSummary             n= 6412 err=   0 errRate=  0.00% avg=  155.92 min=   14.28 max= 1092.47 p50=  115.45 p95=  316.83 p99=  605.90 rps= 106.87
  controller.AnalyticsController.maxViewersSummary n= 6412 err=   0 errRate=  0.00% avg=  156.57 min=   14.49 max= 1094.04 p50=  116.04 p95=  318.09 p99=  607.58 rps= 106.87
  s2s.crud.fetchAllTickets                      n= 6412 err=   0 errRate=  0.00% avg=  153.18 min=   14.23 max= 1092.36 p50=  115.14 p95=  309.68 p99=  595.99 rps= 106.87
  s2s.crud.fetchFilms                           n=    2 err=   0 errRate=  0.00% avg=  363.15 min=  307.48 max=  418.82 p50=  363.15 p95=  413.25 p99=  417.71 rps=   0.03

2026-05-06T20:43:26.102Z  INFO 1 --- [lab8-additional-service] [   scheduling-1] r.h.l.a.o.ObservabilityService           : [lab8-additional-service] observability refresh
window 10s
  calc.additional.maxViewersSummary             n= 1342 err=   0 errRate=  0.00% avg=  106.93 min=   14.28 max=  428.44 p50=  101.54 p95=  204.23 p99=  384.93 rps= 134.20
  controller.AnalyticsController.maxViewersSummary n= 1342 err=   0 errRate=  0.00% avg=  107.38 min=   14.49 max=  428.58 p50=  101.98 p95=  204.74 p99=  385.20 rps= 134.20
  s2s.crud.fetchAllTickets                      n= 1342 err=   0 errRate=  0.00% avg=  101.75 min=   14.23 max=  302.56 p50=  100.79 p95=  195.99 p99=  224.65 rps= 134.20
  s2s.crud.fetchFilms                           n=    1 err=   0 errRate=  0.00% avg=  307.48 min=  307.48 max=  307.48 p50=  307.48 p95=  307.48 p99=  307.48 rps=   0.10
window 30s
  calc.additional.maxViewersSummary             n= 3908 err=   0 errRate=  0.00% avg=  111.64 min=   14.28 max=  428.44 p50=  104.54 p95=  206.74 p99=  298.95 rps= 130.27
  controller.AnalyticsController.maxViewersSummary n= 3908 err=   0 errRate=  0.00% avg=  112.14 min=   14.49 max=  428.58 p50=  104.90 p95=  207.53 p99=  299.36 rps= 130.27
  s2s.crud.fetchAllTickets                      n= 3908 err=   0 errRate=  0.00% avg=  109.80 min=   14.23 max=  368.29 p50=  104.09 p95=  203.67 p99=  281.23 rps= 130.27
  s2s.crud.fetchFilms                           n=    1 err=   0 errRate=  0.00% avg=  307.48 min=  307.48 max=  307.48 p50=  307.48 p95=  307.48 p99=  307.48 rps=   0.03
window 1m
  calc.additional.maxViewersSummary             n= 6486 err=   0 errRate=  0.00% avg=  152.57 min=   14.28 max= 1092.47 p50=  115.03 p95=  311.17 p99=  595.64 rps= 108.10
  controller.AnalyticsController.maxViewersSummary n= 6486 err=   0 errRate=  0.00% avg=  153.21 min=   14.49 max= 1094.04 p50=  115.48 p95=  312.23 p99=  596.81 rps= 108.10
  s2s.crud.fetchAllTickets                      n= 6486 err=   0 errRate=  0.00% avg=  149.87 min=   14.23 max= 1092.36 p50=  114.65 p95=  304.44 p99=  510.58 rps= 108.10
  s2s.crud.fetchFilms                           n=    2 err=   0 errRate=  0.00% avg=  363.15 min=  307.48 max=  418.82 p50=  363.15 p95=  413.25 p99=  417.71 rps=   0.03

2026-05-06T20:43:27.108Z  INFO 1 --- [lab8-additional-service] [   scheduling-1] r.h.l.a.o.ObservabilityService           : [lab8-additional-service] observability refresh
window 10s
  calc.additional.maxViewersSummary             n= 1371 err=   0 errRate=  0.00% avg=  103.32 min=   14.28 max=  428.44 p50=  100.95 p95=  202.31 p99=  384.82 rps= 137.10
  controller.AnalyticsController.maxViewersSummary n= 1371 err=   0 errRate=  0.00% avg=  103.75 min=   14.49 max=  428.58 p50=  101.31 p95=  202.51 p99=  385.07 rps= 137.10
  s2s.crud.fetchAllTickets                      n= 1371 err=   0 errRate=  0.00% avg=   98.25 min=   14.23 max=  302.56 p50=  100.25 p95=  192.35 p99=  220.21 rps= 137.10
  s2s.crud.fetchFilms                           n=    1 err=   0 errRate=  0.00% avg=  307.48 min=  307.48 max=  307.48 p50=  307.48 p95=  307.48 p99=  307.48 rps=   0.10
window 30s
  calc.additional.maxViewersSummary             n= 3983 err=   0 errRate=  0.00% avg=  109.11 min=   14.28 max=  428.44 p50=  103.76 p95=  204.25 p99=  297.52 rps= 132.77
  controller.AnalyticsController.maxViewersSummary n= 3983 err=   0 errRate=  0.00% avg=  109.60 min=   14.49 max=  428.58 p50=  104.17 p95=  204.95 p99=  297.65 rps= 132.77
  s2s.crud.fetchAllTickets                      n= 3983 err=   0 errRate=  0.00% avg=  107.30 min=   14.23 max=  368.29 p50=  103.31 p95=  201.51 p99=  264.70 rps= 132.77
  s2s.crud.fetchFilms                           n=    1 err=   0 errRate=  0.00% avg=  307.48 min=  307.48 max=  307.48 p50=  307.48 p95=  307.48 p99=  307.48 rps=   0.03
window 1m
  calc.additional.maxViewersSummary             n= 6590 err=   0 errRate=  0.00% avg=  148.71 min=   14.28 max= 1092.47 p50=  114.00 p95=  305.76 p99=  531.77 rps= 109.83
  controller.AnalyticsController.maxViewersSummary n= 6590 err=   0 errRate=  0.00% avg=  149.33 min=   14.49 max= 1094.04 p50=  114.55 p95=  306.95 p99=  532.93 rps= 109.83
  s2s.crud.fetchAllTickets                      n= 6590 err=   0 errRate=  0.00% avg=  146.05 min=   14.23 max= 1092.36 p50=  113.61 p95=  301.04 p99=  461.33 rps= 109.83
  s2s.crud.fetchFilms                           n=    2 err=   0 errRate=  0.00% avg=  363.15 min=  307.48 max=  418.82 p50=  363.15 p95=  413.25 p99=  417.71 rps=   0.03

2026-05-06T20:43:28.113Z  INFO 1 --- [lab8-additional-service] [   scheduling-1] r.h.l.a.o.ObservabilityService           : [lab8-additional-service] observability refresh
window 10s
  calc.additional.maxViewersSummary             n= 1403 err=   0 errRate=  0.00% avg=  101.39 min=   14.28 max=  428.44 p50=  100.42 p95=  198.35 p99=  383.58 rps= 140.30
  controller.AnalyticsController.maxViewersSummary n= 1403 err=   0 errRate=  0.00% avg=  101.82 min=   14.49 max=  428.58 p50=  100.58 p95=  198.79 p99=  383.81 rps= 140.30
  s2s.crud.fetchAllTickets                      n= 1403 err=   0 errRate=  0.00% avg=   96.44 min=   14.23 max=  302.56 p50=   99.57 p95=  191.00 p99=  219.57 rps= 140.30
  s2s.crud.fetchFilms                           n=    1 err=   0 errRate=  0.00% avg=  307.48 min=  307.48 max=  307.48 p50=  307.48 p95=  307.48 p99=  307.48 rps=   0.10
window 30s
  calc.additional.maxViewersSummary             n= 4025 err=   0 errRate=  0.00% avg=  106.98 min=   14.28 max=  428.44 p50=  103.18 p95=  201.56 p99=  292.65 rps= 134.17
  controller.AnalyticsController.maxViewersSummary n= 4025 err=   0 errRate=  0.00% avg=  107.46 min=   14.49 max=  428.58 p50=  103.55 p95=  202.11 p99=  292.94 rps= 134.17
  s2s.crud.fetchAllTickets                      n= 4025 err=   0 errRate=  0.00% avg=  105.19 min=   14.23 max=  368.29 p50=  102.89 p95=  199.72 p99=  228.21 rps= 134.17
  s2s.crud.fetchFilms                           n=    1 err=   0 errRate=  0.00% avg=  307.48 min=  307.48 max=  307.48 p50=  307.48 p95=  307.48 p99=  307.48 rps=   0.03
window 1m
  calc.additional.maxViewersSummary             n= 6699 err=   0 errRate=  0.00% avg=  145.29 min=   14.28 max=  917.57 p50=  113.09 p95=  301.93 p99=  476.82 rps= 111.65
  controller.AnalyticsController.maxViewersSummary n= 6699 err=   0 errRate=  0.00% avg=  145.89 min=   14.49 max=  918.06 p50=  113.60 p95=  302.89 p99=  478.10 rps= 111.65
  s2s.crud.fetchAllTickets                      n= 6699 err=   0 errRate=  0.00% avg=  142.68 min=   14.23 max=  917.44 p50=  112.71 p95=  298.42 p99=  402.44 rps= 111.65
  s2s.crud.fetchFilms                           n=    2 err=   0 errRate=  0.00% avg=  363.15 min=  307.48 max=  418.82 p50=  363.15 p95=  413.25 p99=  417.71 rps=   0.03

2026-05-06T20:43:28.295Z  INFO 1 --- [lab8-additional-service] [   scheduling-1] r.h.l.a.service.FilmCacheService         : film-cache stats: size=310 ttlMs=30000 lastRefreshAtMs=1778100200338 hits=7016 misses=3 refreshes=3
2026-05-06T20:43:29.123Z  INFO 1 --- [lab8-additional-service] [   scheduling-1] r.h.l.a.o.ObservabilityService           : [lab8-additional-service] observability refresh
window 10s
  calc.additional.maxViewersSummary             n= 1418 err=   0 errRate=  0.00% avg=   98.25 min=   14.28 max=  428.44 p50=   99.42 p95=  194.54 p99=  375.14 rps= 141.80
  controller.AnalyticsController.maxViewersSummary n= 1418 err=   0 errRate=  0.00% avg=   98.66 min=   14.49 max=  428.58 p50=   99.78 p95=  194.76 p99=  375.37 rps= 141.80
  s2s.crud.fetchAllTickets                      n= 1418 err=   0 errRate=  0.00% avg=   93.35 min=   14.23 max=  302.56 p50=   99.00 p95=  185.89 p99=  213.51 rps= 141.80
  s2s.crud.fetchFilms                           n=    1 err=   0 errRate=  0.00% avg=  307.48 min=  307.48 max=  307.48 p50=  307.48 p95=  307.48 p99=  307.48 rps=   0.10
window 30s
  calc.additional.maxViewersSummary             n= 4055 err=   0 errRate=  0.00% avg=  105.24 min=   14.28 max=  428.44 p50=  102.59 p95=  199.91 p99=  286.46 rps= 135.17
  controller.AnalyticsController.maxViewersSummary n= 4055 err=   0 errRate=  0.00% avg=  105.70 min=   14.49 max=  428.58 p50=  103.02 p95=  200.55 p99=  286.62 rps= 135.17
  s2s.crud.fetchAllTickets                      n= 4055 err=   0 errRate=  0.00% avg=  103.46 min=   14.23 max=  306.04 p50=  102.23 p95=  198.46 p99=  226.02 rps= 135.17
  s2s.crud.fetchFilms                           n=    1 err=   0 errRate=  0.00% avg=  307.48 min=  307.48 max=  307.48 p50=  307.48 p95=  307.48 p99=  307.48 rps=   0.03
window 1m
  calc.additional.maxViewersSummary             n= 6800 err=   0 errRate=  0.00% avg=  141.53 min=   14.28 max=  909.02 p50=  112.27 p95=  299.24 p99=  402.35 rps= 113.33
  controller.AnalyticsController.maxViewersSummary n= 6800 err=   0 errRate=  0.00% avg=  142.12 min=   14.49 max=  909.30 p50=  112.72 p95=  300.19 p99=  402.72 rps= 113.33
  s2s.crud.fetchAllTickets                      n= 6800 err=   0 errRate=  0.00% avg=  138.96 min=   14.23 max=  890.68 p50=  111.99 p95=  296.08 p99=  386.46 rps= 113.33
  s2s.crud.fetchFilms                           n=    2 err=   0 errRate=  0.00% avg=  363.15 min=  307.48 max=  418.82 p50=  363.15 p95=  413.25 p99=  417.71 rps=   0.03

2026-05-06T20:43:30.130Z  INFO 1 --- [lab8-additional-service] [   scheduling-1] r.h.l.a.o.ObservabilityService           : [lab8-additional-service] observability refresh
window 10s
  calc.additional.maxViewersSummary             n= 1385 err=   0 errRate=  0.00% avg=  100.49 min=   14.28 max=  428.44 p50=   99.83 p95=  196.86 p99=  384.77 rps= 138.50
  controller.AnalyticsController.maxViewersSummary n= 1385 err=   0 errRate=  0.00% avg=  100.93 min=   14.49 max=  428.58 p50=  100.29 p95=  197.15 p99=  385.01 rps= 138.50
  s2s.crud.fetchAllTickets                      n= 1385 err=   0 errRate=  0.00% avg=   95.48 min=   14.23 max=  302.56 p50=   99.35 p95=  189.24 p99=  216.38 rps= 138.50
  s2s.crud.fetchFilms                           n=    1 err=   0 errRate=  0.00% avg=  307.48 min=  307.48 max=  307.48 p50=  307.48 p95=  307.48 p99=  307.48 rps=   0.10
window 30s
  calc.additional.maxViewersSummary             n= 4070 err=   0 errRate=  0.00% avg=  104.44 min=   14.28 max=  428.44 p50=  102.24 p95=  199.46 p99=  282.78 rps= 135.67
  controller.AnalyticsController.maxViewersSummary n= 4070 err=   0 errRate=  0.00% avg=  104.90 min=   14.49 max=  428.58 p50=  102.61 p95=  199.99 p99=  282.93 rps= 135.67
  s2s.crud.fetchAllTickets                      n= 4070 err=   0 errRate=  0.00% avg=  102.67 min=   14.23 max=  306.04 p50=  101.98 p95=  198.16 p99=  226.02 rps= 135.67
  s2s.crud.fetchFilms                           n=    1 err=   0 errRate=  0.00% avg=  307.48 min=  307.48 max=  307.48 p50=  307.48 p95=  307.48 p99=  307.48 rps=   0.03
window 1m
  calc.additional.maxViewersSummary             n= 6854 err=   0 errRate=  0.00% avg=  139.38 min=   14.28 max=  909.02 p50=  111.80 p95=  297.13 p99=  397.86 rps= 114.23
  controller.AnalyticsController.maxViewersSummary n= 6854 err=   0 errRate=  0.00% avg=  139.96 min=   14.49 max=  909.30 p50=  112.30 p95=  297.85 p99=  398.21 rps= 114.23
  s2s.crud.fetchAllTickets                      n= 6854 err=   0 errRate=  0.00% avg=  136.83 min=   14.23 max=  575.90 p50=  111.46 p95=  293.65 p99=  379.23 rps= 114.23
  s2s.crud.fetchFilms                           n=    2 err=   0 errRate=  0.00% avg=  363.15 min=  307.48 max=  418.82 p50=  363.15 p95=  413.25 p99=  417.71 rps=   0.03

2026-05-06T20:43:31.181Z  INFO 1 --- [lab8-additional-service] [   scheduling-1] r.h.l.a.o.ObservabilityService           : [lab8-additional-service] observability refresh
window 10s
  calc.additional.maxViewersSummary             n= 1416 err=   0 errRate=  0.00% avg=   94.97 min=   14.28 max=  302.62 p50=   99.49 p95=  188.26 p99=  215.91 rps= 141.60
  controller.AnalyticsController.maxViewersSummary n= 1416 err=   0 errRate=  0.00% avg=   95.40 min=   14.49 max=  303.45 p50=   99.82 p95=  189.24 p99=  216.11 rps= 141.60
  s2s.crud.fetchAllTickets                      n= 1416 err=   0 errRate=  0.00% avg=   94.86 min=   14.23 max=  302.56 p50=   99.40 p95=  188.22 p99=  215.83 rps= 141.60
window 30s
  calc.additional.maxViewersSummary             n= 4085 err=   0 errRate=  0.00% avg=  103.30 min=   14.28 max=  428.44 p50=  101.92 p95=  198.82 p99=  270.97 rps= 136.17
  controller.AnalyticsController.maxViewersSummary n= 4085 err=   0 errRate=  0.00% avg=  103.76 min=   14.49 max=  428.58 p50=  102.30 p95=  199.29 p99=  271.17 rps= 136.17
  s2s.crud.fetchAllTickets                      n= 4085 err=   0 errRate=  0.00% avg=  101.54 min=   14.23 max=  302.56 p50=  101.69 p95=  197.11 p99=  221.75 rps= 136.17
  s2s.crud.fetchFilms                           n=    1 err=   0 errRate=  0.00% avg=  307.48 min=  307.48 max=  307.48 p50=  307.48 p95=  307.48 p99=  307.48 rps=   0.03
window 1m
  calc.additional.maxViewersSummary             n= 6931 err=   0 errRate=  0.00% avg=  137.18 min=   14.28 max=  909.02 p50=  111.17 p95=  296.01 p99=  396.62 rps= 115.52
  controller.AnalyticsController.maxViewersSummary n= 6933 err=   0 errRate=  0.00% avg=  137.81 min=   14.49 max=  909.30 p50=  111.61 p95=  296.60 p99=  397.33 rps= 115.55
  s2s.crud.fetchAllTickets                      n= 6931 err=   0 errRate=  0.00% avg=  134.66 min=   14.23 max=  575.90 p50=  110.88 p95=  291.84 p99=  375.52 rps= 115.52
  s2s.crud.fetchFilms                           n=    2 err=   0 errRate=  0.00% avg=  363.15 min=  307.48 max=  418.82 p50=  363.15 p95=  413.25 p99=  417.71 rps=   0.03

2026-05-06T20:43:32.186Z  INFO 1 --- [lab8-additional-service] [   scheduling-1] r.h.l.a.o.ObservabilityService           : [lab8-additional-service] observability refresh
window 10s
  calc.additional.maxViewersSummary             n= 1397 err=   0 errRate=  0.00% avg=   95.62 min=   14.28 max=  302.62 p50=   99.30 p95=  194.06 p99=  217.46 rps= 139.70
  controller.AnalyticsController.maxViewersSummary n= 1397 err=   0 errRate=  0.00% avg=   96.06 min=   14.49 max=  303.45 p50=   99.75 p95=  194.65 p99=  217.67 rps= 139.70
  s2s.crud.fetchAllTickets                      n= 1397 err=   0 errRate=  0.00% avg=   95.52 min=   14.23 max=  302.56 p50=   99.19 p95=  194.02 p99=  217.42 rps= 139.70
window 30s
  calc.additional.maxViewersSummary             n= 4089 err=   0 errRate=  0.00% avg=  102.49 min=   14.28 max=  428.44 p50=  101.63 p95=  198.62 p99=  258.89 rps= 136.30
  controller.AnalyticsController.maxViewersSummary n= 4089 err=   0 errRate=  0.00% avg=  102.95 min=   14.49 max=  428.58 p50=  102.02 p95=  199.22 p99=  259.03 rps= 136.30
  s2s.crud.fetchAllTickets                      n= 4089 err=   0 errRate=  0.00% avg=  100.73 min=   14.23 max=  302.56 p50=  101.37 p95=  197.41 p99=  221.05 rps= 136.30
  s2s.crud.fetchFilms                           n=    1 err=   0 errRate=  0.00% avg=  307.48 min=  307.48 max=  307.48 p50=  307.48 p95=  307.48 p99=  307.48 rps=   0.03
window 1m
  calc.additional.maxViewersSummary             n= 6988 err=   0 errRate=  0.00% avg=  135.45 min=   14.28 max=  909.02 p50=  110.61 p95=  294.25 p99=  395.21 rps= 116.47
  controller.AnalyticsController.maxViewersSummary n= 6988 err=   0 errRate=  0.00% avg=  135.99 min=   14.49 max=  909.30 p50=  111.08 p95=  295.12 p99=  396.03 rps= 116.47
  s2s.crud.fetchAllTickets                      n= 6988 err=   0 errRate=  0.00% avg=  132.95 min=   14.23 max=  575.90 p50=  110.29 p95=  289.22 p99=  369.10 rps= 116.47
  s2s.crud.fetchFilms                           n=    2 err=   0 errRate=  0.00% avg=  363.15 min=  307.48 max=  418.82 p50=  363.15 p95=  413.25 p99=  417.71 rps=   0.03

2026-05-06T20:43:33.198Z  INFO 1 --- [lab8-additional-service] [   scheduling-1] r.h.l.a.o.ObservabilityService           : [lab8-additional-service] observability refresh
window 10s
  calc.additional.maxViewersSummary             n= 1418 err=   0 errRate=  0.00% avg=   93.38 min=   15.46 max=  286.15 p50=   99.03 p95=  187.80 p99=  207.34 rps= 141.80
  controller.AnalyticsController.maxViewersSummary n= 1418 err=   0 errRate=  0.00% avg=   93.75 min=   15.59 max=  286.28 p50=   99.48 p95=  188.15 p99=  207.47 rps= 141.80
  s2s.crud.fetchAllTickets                      n= 1418 err=   0 errRate=  0.00% avg=   93.27 min=   15.40 max=  286.10 p50=   98.90 p95=  187.75 p99=  207.17 rps= 141.80
window 30s
  calc.additional.maxViewersSummary             n= 4137 err=   0 errRate=  0.00% avg=  101.49 min=   14.28 max=  428.44 p50=  101.44 p95=  198.20 p99=  257.25 rps= 137.90
  controller.AnalyticsController.maxViewersSummary n= 4137 err=   0 errRate=  0.00% avg=  101.93 min=   14.49 max=  428.58 p50=  101.82 p95=  198.56 p99=  257.41 rps= 137.90
  s2s.crud.fetchAllTickets                      n= 4137 err=   0 errRate=  0.00% avg=   99.75 min=   14.23 max=  302.56 p50=  101.15 p95=  196.02 p99=  219.57 rps= 137.90
  s2s.crud.fetchFilms                           n=    1 err=   0 errRate=  0.00% avg=  307.48 min=  307.48 max=  307.48 p50=  307.48 p95=  307.48 p99=  307.48 rps=   0.03
window 1m
  calc.additional.maxViewersSummary             n= 7062 err=   0 errRate=  0.00% avg=  133.60 min=   14.28 max=  909.02 p50=  110.02 p95=  292.45 p99=  394.96 rps= 117.70
  controller.AnalyticsController.maxViewersSummary n= 7062 err=   0 errRate=  0.00% avg=  134.13 min=   14.49 max=  909.30 p50=  110.48 p95=  293.20 p99=  395.31 rps= 117.70
  s2s.crud.fetchAllTickets                      n= 7062 err=   0 errRate=  0.00% avg=  131.13 min=   14.23 max=  575.90 p50=  109.70 p95=  286.85 p99=  363.66 rps= 117.70
  s2s.crud.fetchFilms                           n=    2 err=   0 errRate=  0.00% avg=  363.15 min=  307.48 max=  418.82 p50=  363.15 p95=  413.25 p99=  417.71 rps=   0.03

2026-05-06T20:43:34.204Z  INFO 1 --- [lab8-additional-service] [   scheduling-1] r.h.l.a.o.ObservabilityService           : [lab8-additional-service] observability refresh
window 10s
  calc.additional.maxViewersSummary             n= 1407 err=   0 errRate=  0.00% avg=   93.84 min=   15.46 max=  286.15 p50=   99.08 p95=  192.69 p99=  211.88 rps= 140.70
  controller.AnalyticsController.maxViewersSummary n= 1407 err=   0 errRate=  0.00% avg=   94.19 min=   15.59 max=  286.28 p50=   99.53 p95=  193.39 p99=  212.35 rps= 140.70
  s2s.crud.fetchAllTickets                      n= 1407 err=   0 errRate=  0.00% avg=   93.74 min=   15.40 max=  286.10 p50=   98.97 p95=  192.64 p99=  211.84 rps= 140.70
window 30s
  calc.additional.maxViewersSummary             n= 4177 err=   0 errRate=  0.00% avg=   99.94 min=   14.28 max=  428.44 p50=  101.07 p95=  196.07 p99=  254.42 rps= 139.23
  controller.AnalyticsController.maxViewersSummary n= 4177 err=   0 errRate=  0.00% avg=  100.35 min=   14.49 max=  428.58 p50=  101.43 p95=  196.46 p99=  255.35 rps= 139.23
  s2s.crud.fetchAllTickets                      n= 4177 err=   0 errRate=  0.00% avg=   98.22 min=   14.23 max=  302.56 p50=  100.78 p95=  194.19 p99=  214.05 rps= 139.23
  s2s.crud.fetchFilms                           n=    1 err=   0 errRate=  0.00% avg=  307.48 min=  307.48 max=  307.48 p50=  307.48 p95=  307.48 p99=  307.48 rps=   0.03
window 1m
  calc.additional.maxViewersSummary             n= 7110 err=   0 errRate=  0.00% avg=  131.89 min=   14.28 max=  909.02 p50=  109.45 p95=  289.53 p99=  392.32 rps= 118.50
  controller.AnalyticsController.maxViewersSummary n= 7110 err=   0 errRate=  0.00% avg=  132.41 min=   14.49 max=  909.30 p50=  109.93 p95=  289.83 p99=  393.10 rps= 118.50
  s2s.crud.fetchAllTickets                      n= 7110 err=   0 errRate=  0.00% avg=  129.43 min=   14.23 max=  575.90 p50=  109.18 p95=  283.90 p99=  337.77 rps= 118.50
  s2s.crud.fetchFilms                           n=    2 err=   0 errRate=  0.00% avg=  363.15 min=  307.48 max=  418.82 p50=  363.15 p95=  413.25 p99=  417.71 rps=   0.03

2026-05-06T20:43:35.209Z  INFO 1 --- [lab8-additional-service] [   scheduling-1] r.h.l.a.o.ObservabilityService           : [lab8-additional-service] observability refresh
window 10s
  calc.additional.maxViewersSummary             n= 1431 err=   0 errRate=  0.00% avg=   92.43 min=   15.14 max=  275.51 p50=   98.82 p95=  189.51 p99=  204.69 rps= 143.10
  controller.AnalyticsController.maxViewersSummary n= 1431 err=   0 errRate=  0.00% avg=   92.76 min=   15.29 max=  275.72 p50=   99.15 p95=  190.57 p99=  204.84 rps= 143.10
  s2s.crud.fetchAllTickets                      n= 1431 err=   0 errRate=  0.00% avg=   92.36 min=   15.09 max=  275.47 p50=   98.78 p95=  189.46 p99=  204.56 rps= 143.10
window 30s
  calc.additional.maxViewersSummary             n= 4209 err=   0 errRate=  0.00% avg=   99.08 min=   14.28 max=  428.44 p50=  100.69 p95=  195.80 p99=  232.52 rps= 140.30
  controller.AnalyticsController.maxViewersSummary n= 4209 err=   0 errRate=  0.00% avg=   99.48 min=   14.49 max=  428.58 p50=  100.94 p95=  196.28 p99=  232.64 rps= 140.30
  s2s.crud.fetchAllTickets                      n= 4209 err=   0 errRate=  0.00% avg=   97.37 min=   14.23 max=  302.56 p50=  100.48 p95=  193.64 p99=  213.63 rps= 140.30
  s2s.crud.fetchFilms                           n=    1 err=   0 errRate=  0.00% avg=  307.48 min=  307.48 max=  307.48 p50=  307.48 p95=  307.48 p99=  307.48 rps=   0.03
window 1m
  calc.additional.maxViewersSummary             n= 7189 err=   0 errRate=  0.00% avg=  130.05 min=   14.28 max=  909.02 p50=  108.73 p95=  287.88 p99=  391.83 rps= 119.82
  controller.AnalyticsController.maxViewersSummary n= 7189 err=   0 errRate=  0.00% avg=  130.56 min=   14.49 max=  909.30 p50=  109.17 p95=  288.43 p99=  392.31 rps= 119.82
  s2s.crud.fetchAllTickets                      n= 7189 err=   0 errRate=  0.00% avg=  127.63 min=   14.23 max=  575.90 p50=  108.42 p95=  283.15 p99=  334.78 rps= 119.82
  s2s.crud.fetchFilms                           n=    2 err=   0 errRate=  0.00% avg=  363.15 min=  307.48 max=  418.82 p50=  363.15 p95=  413.25 p99=  417.71 rps=   0.03

2026-05-06T20:43:36.219Z  INFO 1 --- [lab8-additional-service] [   scheduling-1] r.h.l.a.o.ObservabilityService           : [lab8-additional-service] observability refresh
window 10s
  calc.additional.maxViewersSummary             n= 1457 err=   0 errRate=  0.00% avg=   90.87 min=   15.14 max=  275.51 p50=   98.54 p95=  187.80 p99=  203.12 rps= 145.70
  controller.AnalyticsController.maxViewersSummary n= 1457 err=   0 errRate=  0.00% avg=   91.18 min=   15.29 max=  275.72 p50=   98.78 p95=  188.20 p99=  203.74 rps= 145.70
  s2s.crud.fetchAllTickets                      n= 1457 err=   0 errRate=  0.00% avg=   90.80 min=   15.09 max=  275.47 p50=   98.49 p95=  187.75 p99=  203.08 rps= 145.70
window 30s
  calc.additional.maxViewersSummary             n= 4241 err=   0 errRate=  0.00% avg=   98.11 min=   14.28 max=  428.44 p50=  100.41 p95=  194.97 p99=  230.88 rps= 141.37
  controller.AnalyticsController.maxViewersSummary n= 4241 err=   0 errRate=  0.00% avg=   98.51 min=   14.49 max=  428.58 p50=  100.68 p95=  195.53 p99=  231.01 rps= 141.37
  s2s.crud.fetchAllTickets                      n= 4241 err=   0 errRate=  0.00% avg=   96.41 min=   14.23 max=  302.56 p50=  100.14 p95=  192.03 p99=  211.66 rps= 141.37
  s2s.crud.fetchFilms                           n=    1 err=   0 errRate=  0.00% avg=  307.48 min=  307.48 max=  307.48 p50=  307.48 p95=  307.48 p99=  307.48 rps=   0.03
window 1m
  calc.additional.maxViewersSummary             n= 7267 err=   0 errRate=  0.00% avg=  127.97 min=   14.28 max=  909.02 p50=  107.99 p95=  284.69 p99=  384.84 rps= 121.12
  controller.AnalyticsController.maxViewersSummary n= 7267 err=   0 errRate=  0.00% avg=  128.46 min=   14.49 max=  909.30 p50=  108.47 p95=  284.90 p99=  385.12 rps= 121.12
  s2s.crud.fetchAllTickets                      n= 7267 err=   0 errRate=  0.00% avg=  125.57 min=   14.23 max=  575.90 p50=  107.73 p95=  279.74 p99=  323.57 rps= 121.12
  s2s.crud.fetchFilms                           n=    2 err=   0 errRate=  0.00% avg=  363.15 min=  307.48 max=  418.82 p50=  363.15 p95=  413.25 p99=  417.71 rps=   0.03

2026-05-06T20:43:37.232Z  INFO 1 --- [lab8-additional-service] [   scheduling-1] r.h.l.a.o.ObservabilityService           : [lab8-additional-service] observability refresh
window 10s
  calc.additional.maxViewersSummary             n= 1461 err=   0 errRate=  0.00% avg=   90.96 min=   15.14 max=  275.51 p50=   98.55 p95=  186.20 p99=  202.27 rps= 146.10
  controller.AnalyticsController.maxViewersSummary n= 1461 err=   0 errRate=  0.00% avg=   91.27 min=   15.29 max=  275.72 p50=   98.78 p95=  186.56 p99=  202.50 rps= 146.10
  s2s.crud.fetchAllTickets                      n= 1461 err=   0 errRate=  0.00% avg=   90.89 min=   15.09 max=  275.47 p50=   98.50 p95=  186.15 p99=  202.23 rps= 146.10
window 30s
  calc.additional.maxViewersSummary             n= 4264 err=   0 errRate=  0.00% avg=   97.01 min=   14.28 max=  428.44 p50=   99.99 p95=  193.90 p99=  226.09 rps= 142.13
  controller.AnalyticsController.maxViewersSummary n= 4264 err=   0 errRate=  0.00% avg=   97.41 min=   14.49 max=  428.58 p50=  100.29 p95=  194.68 p99=  226.26 rps= 142.13
  s2s.crud.fetchAllTickets                      n= 4264 err=   0 errRate=  0.00% avg=   95.32 min=   14.23 max=  302.56 p50=   99.76 p95=  191.00 p99=  210.97 rps= 142.13
  s2s.crud.fetchFilms                           n=    1 err=   0 errRate=  0.00% avg=  307.48 min=  307.48 max=  307.48 p50=  307.48 p95=  307.48 p99=  307.48 rps=   0.03
window 1m
  calc.additional.maxViewersSummary             n= 7336 err=   0 errRate=  0.00% avg=  126.09 min=   14.28 max=  909.02 p50=  107.28 p95=  282.39 p99=  383.51 rps= 122.27
  controller.AnalyticsController.maxViewersSummary n= 7336 err=   0 errRate=  0.00% avg=  126.57 min=   14.49 max=  909.30 p50=  107.73 p95=  282.73 p99=  384.21 rps= 122.27
  s2s.crud.fetchAllTickets                      n= 7336 err=   0 errRate=  0.00% avg=  123.72 min=   14.23 max=  575.90 p50=  107.05 p95=  273.30 p99=  319.50 rps= 122.27
  s2s.crud.fetchFilms                           n=    2 err=   0 errRate=  0.00% avg=  363.15 min=  307.48 max=  418.82 p50=  363.15 p95=  413.25 p99=  417.71 rps=   0.03

2026-05-06T20:43:38.257Z  INFO 1 --- [lab8-additional-service] [   scheduling-1] r.h.l.a.o.ObservabilityService           : [lab8-additional-service] observability refresh
window 10s
  calc.additional.maxViewersSummary             n= 1453 err=   0 errRate=  0.00% avg=   90.88 min=   14.07 max=  275.51 p50=   98.80 p95=  185.49 p99=  202.29 rps= 145.30
  controller.AnalyticsController.maxViewersSummary n= 1454 err=   0 errRate=  0.00% avg=   91.20 min=   14.20 max=  275.72 p50=   99.18 p95=  185.96 p99=  202.51 rps= 145.40
  s2s.crud.fetchAllTickets                      n= 1453 err=   0 errRate=  0.00% avg=   90.82 min=   14.01 max=  275.47 p50=   98.75 p95=  185.45 p99=  202.25 rps= 145.30
window 30s
  calc.additional.maxViewersSummary             n= 4270 err=   0 errRate=  0.00% avg=   96.38 min=   14.07 max=  428.44 p50=   99.84 p95=  192.76 p99=  226.09 rps= 142.33
  controller.AnalyticsController.maxViewersSummary n= 4270 err=   0 errRate=  0.00% avg=   96.77 min=   14.20 max=  428.58 p50=  100.10 p95=  193.42 p99=  226.25 rps= 142.33
  s2s.crud.fetchAllTickets                      n= 4270 err=   0 errRate=  0.00% avg=   94.69 min=   14.01 max=  302.56 p50=   99.57 p95=  189.59 p99=  210.89 rps= 142.33
  s2s.crud.fetchFilms                           n=    1 err=   0 errRate=  0.00% avg=  307.48 min=  307.48 max=  307.48 p50=  307.48 p95=  307.48 p99=  307.48 rps=   0.03
window 1m
  calc.additional.maxViewersSummary             n= 7405 err=   0 errRate=  0.00% avg=  124.31 min=   14.07 max=  909.02 p50=  106.68 p95=  278.95 p99=  382.99 rps= 123.42
  controller.AnalyticsController.maxViewersSummary n= 7405 err=   0 errRate=  0.00% avg=  124.78 min=   14.20 max=  909.30 p50=  106.98 p95=  279.20 p99=  383.65 rps= 123.42
  s2s.crud.fetchAllTickets                      n= 7405 err=   0 errRate=  0.00% avg=  121.95 min=   14.01 max=  575.90 p50=  106.43 p95=  266.38 p99=  318.41 rps= 123.42
  s2s.crud.fetchFilms                           n=    2 err=   0 errRate=  0.00% avg=  363.15 min=  307.48 max=  418.82 p50=  363.15 p95=  413.25 p99=  417.71 rps=   0.03

2026-05-06T20:43:38.295Z  INFO 1 --- [lab8-additional-service] [   scheduling-1] r.h.l.a.service.FilmCacheService         : film-cache stats: size=310 ttlMs=30000 lastRefreshAtMs=1778100200338 hits=8474 misses=3 refreshes=3
2026-05-06T20:43:39.263Z  INFO 1 --- [lab8-additional-service] [   scheduling-1] r.h.l.a.o.ObservabilityService           : [lab8-additional-service] observability refresh
window 10s
  calc.additional.maxViewersSummary             n= 1473 err=   0 errRate=  0.00% avg=   90.86 min=   14.07 max=  275.51 p50=   98.63 p95=  186.92 p99=  207.19 rps= 147.30
  controller.AnalyticsController.maxViewersSummary n= 1473 err=   0 errRate=  0.00% avg=   91.17 min=   14.20 max=  275.72 p50=   98.83 p95=  188.32 p99=  207.57 rps= 147.30
  s2s.crud.fetchAllTickets                      n= 1473 err=   0 errRate=  0.00% avg=   90.78 min=   14.01 max=  275.47 p50=   98.57 p95=  186.87 p99=  207.14 rps= 147.30
window 30s
  calc.additional.maxViewersSummary             n= 4278 err=   0 errRate=  0.00% avg=   96.57 min=   14.07 max=  428.44 p50=   99.80 p95=  193.20 p99=  226.09 rps= 142.60
  controller.AnalyticsController.maxViewersSummary n= 4278 err=   0 errRate=  0.00% avg=   96.97 min=   14.20 max=  428.58 p50=  100.06 p95=  194.06 p99=  226.25 rps= 142.60
  s2s.crud.fetchAllTickets                      n= 4278 err=   0 errRate=  0.00% avg=   94.89 min=   14.01 max=  302.56 p50=   99.54 p95=  190.31 p99=  210.97 rps= 142.60
  s2s.crud.fetchFilms                           n=    1 err=   0 errRate=  0.00% avg=  307.48 min=  307.48 max=  307.48 p50=  307.48 p95=  307.48 p99=  307.48 rps=   0.03
window 1m
  calc.additional.maxViewersSummary             n= 7481 err=   0 errRate=  0.00% avg=  122.42 min=   14.07 max=  909.02 p50=  106.14 p95=  272.16 p99=  376.68 rps= 124.68
  controller.AnalyticsController.maxViewersSummary n= 7481 err=   0 errRate=  0.00% avg=  122.88 min=   14.20 max=  909.30 p50=  106.46 p95=  273.03 p99=  377.53 rps= 124.68
  s2s.crud.fetchAllTickets                      n= 7481 err=   0 errRate=  0.00% avg=  120.08 min=   14.01 max=  575.90 p50=  105.94 p95=  233.44 p99=  314.23 rps= 124.68
  s2s.crud.fetchFilms                           n=    2 err=   0 errRate=  0.00% avg=  363.15 min=  307.48 max=  418.82 p50=  363.15 p95=  413.25 p99=  417.71 rps=   0.03

2026-05-06T20:43:40.280Z  INFO 1 --- [lab8-additional-service] [   scheduling-1] r.h.l.a.o.ObservabilityService           : [lab8-additional-service] observability refresh
window 10s
  calc.additional.maxViewersSummary             n= 1472 err=   0 errRate=  0.00% avg=   89.88 min=   14.07 max=  332.93 p50=   98.53 p95=  184.32 p99=  207.41 rps= 147.20
  controller.AnalyticsController.maxViewersSummary n= 1471 err=   0 errRate=  0.00% avg=   90.20 min=   14.20 max=  333.06 p50=   98.74 p95=  184.79 p99=  207.65 rps= 147.10
  s2s.crud.fetchAllTickets                      n= 1472 err=   0 errRate=  0.00% avg=   89.81 min=   14.01 max=  332.88 p50=   98.48 p95=  184.27 p99=  207.35 rps= 147.20
window 30s
  calc.additional.maxViewersSummary             n= 4254 err=   0 errRate=  0.00% avg=   96.37 min=   14.07 max=  428.44 p50=   99.59 p95=  192.36 p99=  226.95 rps= 141.80
  controller.AnalyticsController.maxViewersSummary n= 4253 err=   0 errRate=  0.00% avg=   96.78 min=   14.20 max=  428.58 p50=   99.89 p95=  193.39 p99=  227.15 rps= 141.77
  s2s.crud.fetchAllTickets                      n= 4254 err=   0 errRate=  0.00% avg=   94.69 min=   14.01 max=  332.88 p50=   99.40 p95=  189.47 p99=  210.60 rps= 141.80
  s2s.crud.fetchFilms                           n=    1 err=   0 errRate=  0.00% avg=  307.48 min=  307.48 max=  307.48 p50=  307.48 p95=  307.48 p99=  307.48 rps=   0.03
window 1m
  calc.additional.maxViewersSummary             n= 7528 err=   0 errRate=  0.00% avg=  121.02 min=   14.07 max=  909.02 p50=  105.64 p95=  264.49 p99=  375.50 rps= 125.47
  controller.AnalyticsController.maxViewersSummary n= 7527 err=   0 errRate=  0.00% avg=  121.49 min=   14.20 max=  909.30 p50=  106.00 p95=  264.99 p99=  376.31 rps= 125.45
  s2s.crud.fetchAllTickets                      n= 7528 err=   0 errRate=  0.00% avg=  118.70 min=   14.01 max=  575.90 p50=  105.42 p95=  228.94 p99=  314.15 rps= 125.47
  s2s.crud.fetchFilms                           n=    2 err=   0 errRate=  0.00% avg=  363.15 min=  307.48 max=  418.82 p50=  363.15 p95=  413.25 p99=  417.71 rps=   0.03

2026-05-06T20:43:41.288Z  INFO 1 --- [lab8-additional-service] [   scheduling-1] r.h.l.a.o.ObservabilityService           : [lab8-additional-service] observability refresh
window 10s
  calc.additional.maxViewersSummary             n= 1445 err=   0 errRate=  0.00% avg=   91.70 min=   14.07 max=  332.93 p50=   98.63 p95=  190.53 p99=  211.23 rps= 144.50
  controller.AnalyticsController.maxViewersSummary n= 1445 err=   0 errRate=  0.00% avg=   92.03 min=   14.20 max=  333.06 p50=   98.85 p95=  190.73 p99=  211.62 rps= 144.50
  s2s.crud.fetchAllTickets                      n= 1445 err=   0 errRate=  0.00% avg=   91.63 min=   14.01 max=  332.88 p50=   98.57 p95=  190.48 p99=  211.19 rps= 144.50
window 30s
  calc.additional.maxViewersSummary             n= 4222 err=   0 errRate=  0.00% avg=   97.11 min=   14.07 max=  428.44 p50=   99.58 p95=  194.77 p99=  231.82 rps= 140.73
  controller.AnalyticsController.maxViewersSummary n= 4222 err=   0 errRate=  0.00% avg=   97.51 min=   14.20 max=  428.58 p50=   99.93 p95=  195.04 p99=  231.94 rps= 140.73
  s2s.crud.fetchAllTickets                      n= 4222 err=   0 errRate=  0.00% avg=   95.41 min=   14.01 max=  332.88 p50=   99.41 p95=  191.93 p99=  213.24 rps= 140.73
  s2s.crud.fetchFilms                           n=    1 err=   0 errRate=  0.00% avg=  307.48 min=  307.48 max=  307.48 p50=  307.48 p95=  307.48 p99=  307.48 rps=   0.03
window 1m
  calc.additional.maxViewersSummary             n= 7551 err=   0 errRate=  0.00% avg=  120.03 min=   14.07 max=  909.02 p50=  105.41 p95=  232.89 p99=  339.27 rps= 125.85
  controller.AnalyticsController.maxViewersSummary n= 7551 err=   0 errRate=  0.00% avg=  120.49 min=   14.20 max=  909.30 p50=  105.76 p95=  233.44 p99=  339.46 rps= 125.85
  s2s.crud.fetchAllTickets                      n= 7551 err=   0 errRate=  0.00% avg=  117.72 min=   14.01 max=  575.90 p50=  105.10 p95=  224.01 p99=  309.45 rps= 125.85
  s2s.crud.fetchFilms                           n=    2 err=   0 errRate=  0.00% avg=  363.15 min=  307.48 max=  418.82 p50=  363.15 p95=  413.25 p99=  417.71 rps=   0.03

2026-05-06T20:43:42.293Z  INFO 1 --- [lab8-additional-service] [   scheduling-1] r.h.l.a.o.ObservabilityService           : [lab8-additional-service] observability refresh
window 10s
  calc.additional.maxViewersSummary             n= 1468 err=   0 errRate=  0.00% avg=   90.61 min=   14.07 max=  332.93 p50=   98.52 p95=  188.91 p99=  209.27 rps= 146.80
  controller.AnalyticsController.maxViewersSummary n= 1468 err=   0 errRate=  0.00% avg=   90.94 min=   14.20 max=  333.06 p50=   98.78 p95=  189.25 p99=  209.62 rps= 146.80
  s2s.crud.fetchAllTickets                      n= 1468 err=   0 errRate=  0.00% avg=   90.53 min=   14.01 max=  332.88 p50=   98.45 p95=  188.86 p99=  209.23 rps= 146.80
window 30s
  calc.additional.maxViewersSummary             n= 4233 err=   0 errRate=  0.00% avg=   96.90 min=   14.07 max=  428.44 p50=   99.45 p95=  194.82 p99=  231.28 rps= 141.10
  controller.AnalyticsController.maxViewersSummary n= 4233 err=   0 errRate=  0.00% avg=   97.30 min=   14.20 max=  428.58 p50=   99.79 p95=  195.10 p99=  231.40 rps= 141.10
  s2s.crud.fetchAllTickets                      n= 4233 err=   0 errRate=  0.00% avg=   95.21 min=   14.01 max=  332.88 p50=   99.26 p95=  191.97 p99=  213.53 rps= 141.10
  s2s.crud.fetchFilms                           n=    1 err=   0 errRate=  0.00% avg=  307.48 min=  307.48 max=  307.48 p50=  307.48 p95=  307.48 p99=  307.48 rps=   0.03
window 1m
  calc.additional.maxViewersSummary             n= 7621 err=   0 errRate=  0.00% avg=  118.29 min=   14.07 max=  909.02 p50=  104.77 p95=  225.12 p99=  330.01 rps= 127.02
  controller.AnalyticsController.maxViewersSummary n= 7621 err=   0 errRate=  0.00% avg=  118.75 min=   14.20 max=  909.30 p50=  105.20 p95=  226.16 p99=  330.98 rps= 127.02
  s2s.crud.fetchAllTickets                      n= 7621 err=   0 errRate=  0.00% avg=  116.00 min=   14.01 max=  575.90 p50=  104.53 p95=  219.86 p99=  308.64 rps= 127.02
  s2s.crud.fetchFilms                           n=    2 err=   0 errRate=  0.00% avg=  363.15 min=  307.48 max=  418.82 p50=  363.15 p95=  413.25 p99=  417.71 rps=   0.03

2026-05-06T20:43:43.299Z  INFO 1 --- [lab8-additional-service] [   scheduling-1] r.h.l.a.o.ObservabilityService           : [lab8-additional-service] observability refresh
window 10s
  calc.additional.maxViewersSummary             n= 1495 err=   0 errRate=  0.00% avg=   89.09 min=   14.07 max=  332.93 p50=   98.11 p95=  188.87 p99=  209.08 rps= 149.50
  controller.AnalyticsController.maxViewersSummary n= 1495 err=   0 errRate=  0.00% avg=   89.41 min=   14.20 max=  333.06 p50=   98.42 p95=  189.16 p99=  209.29 rps= 149.50
  s2s.crud.fetchAllTickets                      n= 1495 err=   0 errRate=  0.00% avg=   89.02 min=   14.01 max=  332.88 p50=   98.03 p95=  188.82 p99=  209.03 rps= 149.50
window 30s
  calc.additional.maxViewersSummary             n= 4263 err=   0 errRate=  0.00% avg=   95.87 min=   14.07 max=  428.44 p50=   99.27 p95=  194.38 p99=  226.78 rps= 142.10
  controller.AnalyticsController.maxViewersSummary n= 4263 err=   0 errRate=  0.00% avg=   96.26 min=   14.20 max=  428.58 p50=   99.65 p95=  194.68 p99=  226.92 rps= 142.10
  s2s.crud.fetchAllTickets                      n= 4263 err=   0 errRate=  0.00% avg=   94.19 min=   14.01 max=  332.88 p50=   99.06 p95=  191.37 p99=  211.12 rps= 142.10
  s2s.crud.fetchFilms                           n=    1 err=   0 errRate=  0.00% avg=  307.48 min=  307.48 max=  307.48 p50=  307.48 p95=  307.48 p99=  307.48 rps=   0.03
window 1m
  calc.additional.maxViewersSummary             n= 7688 err=   0 errRate=  0.00% avg=  116.57 min=   14.07 max=  909.02 p50=  104.28 p95=  221.48 p99=  326.32 rps= 128.13
  controller.AnalyticsController.maxViewersSummary n= 7688 err=   0 errRate=  0.00% avg=  117.02 min=   14.20 max=  909.30 p50=  104.67 p95=  222.37 p99=  326.86 rps= 128.13
  s2s.crud.fetchAllTickets                      n= 7688 err=   0 errRate=  0.00% avg=  114.31 min=   14.01 max=  575.90 p50=  104.08 p95=  217.48 p99=  306.29 rps= 128.13
  s2s.crud.fetchFilms                           n=    2 err=   0 errRate=  0.00% avg=  363.15 min=  307.48 max=  418.82 p50=  363.15 p95=  413.25 p99=  417.71 rps=   0.03

2026-05-06T20:43:44.305Z  INFO 1 --- [lab8-additional-service] [   scheduling-1] r.h.l.a.o.ObservabilityService           : [lab8-additional-service] observability refresh
window 10s
  calc.additional.maxViewersSummary             n= 1534 err=   0 errRate=  0.00% avg=   86.78 min=   14.07 max=  332.93 p50=   97.40 p95=  183.00 p99=  207.49 rps= 153.40
  controller.AnalyticsController.maxViewersSummary n= 1534 err=   0 errRate=  0.00% avg=   87.10 min=   14.20 max=  333.06 p50=   97.69 p95=  183.21 p99=  207.67 rps= 153.40
  s2s.crud.fetchAllTickets                      n= 1534 err=   0 errRate=  0.00% avg=   86.70 min=   14.01 max=  332.88 p50=   97.35 p95=  182.77 p99=  207.44 rps= 153.40
window 30s
  calc.additional.maxViewersSummary             n= 4289 err=   0 errRate=  0.00% avg=   95.00 min=   14.07 max=  428.44 p50=   98.91 p95=  193.62 p99=  226.31 rps= 142.97
  controller.AnalyticsController.maxViewersSummary n= 4289 err=   0 errRate=  0.00% avg=   95.38 min=   14.20 max=  428.58 p50=   99.28 p95=  194.06 p99=  226.44 rps= 142.97
  s2s.crud.fetchAllTickets                      n= 4289 err=   0 errRate=  0.00% avg=   93.32 min=   14.01 max=  332.88 p50=   98.75 p95=  190.49 p99=  210.87 rps= 142.97
  s2s.crud.fetchFilms                           n=    1 err=   0 errRate=  0.00% avg=  307.48 min=  307.48 max=  307.48 p50=  307.48 p95=  307.48 p99=  307.48 rps=   0.03
window 1m
  calc.additional.maxViewersSummary             n= 7768 err=   0 errRate=  0.00% avg=  114.59 min=   14.07 max=  909.02 p50=  103.77 p95=  217.90 p99=  319.66 rps= 129.47
  controller.AnalyticsController.maxViewersSummary n= 7768 err=   0 errRate=  0.00% avg=  115.04 min=   14.20 max=  909.30 p50=  104.17 p95=  219.23 p99=  320.77 rps= 129.47
  s2s.crud.fetchAllTickets                      n= 7768 err=   0 errRate=  0.00% avg=  112.35 min=   14.01 max=  575.90 p50=  103.54 p95=  214.61 p99=  302.57 rps= 129.47
  s2s.crud.fetchFilms                           n=    2 err=   0 errRate=  0.00% avg=  363.15 min=  307.48 max=  418.82 p50=  363.15 p95=  413.25 p99=  417.71 rps=   0.03

2026-05-06T20:43:45.312Z  INFO 1 --- [lab8-additional-service] [   scheduling-1] r.h.l.a.o.ObservabilityService           : [lab8-additional-service] observability refresh
window 10s
  calc.additional.maxViewersSummary             n= 1533 err=   0 errRate=  0.00% avg=   87.23 min=   14.07 max=  332.93 p50=   97.57 p95=  183.02 p99=  207.49 rps= 153.30
  controller.AnalyticsController.maxViewersSummary n= 1533 err=   0 errRate=  0.00% avg=   87.55 min=   14.20 max=  333.06 p50=   97.95 p95=  183.24 p99=  207.67 rps= 153.30
  s2s.crud.fetchAllTickets                      n= 1533 err=   0 errRate=  0.00% avg=   87.16 min=   14.01 max=  332.88 p50=   97.50 p95=  182.81 p99=  207.44 rps= 153.30
window 30s
  calc.additional.maxViewersSummary             n= 4289 err=   0 errRate=  0.00% avg=   95.17 min=   14.07 max=  428.44 p50=   99.03 p95=  193.78 p99=  226.31 rps= 142.97
  controller.AnalyticsController.maxViewersSummary n= 4289 err=   0 errRate=  0.00% avg=   95.54 min=   14.20 max=  428.58 p50=   99.47 p95=  194.11 p99=  226.44 rps= 142.97
  s2s.crud.fetchAllTickets                      n= 4289 err=   0 errRate=  0.00% avg=   93.50 min=   14.01 max=  332.88 p50=   98.82 p95=  191.10 p99=  211.02 rps= 142.97
  s2s.crud.fetchFilms                           n=    1 err=   0 errRate=  0.00% avg=  307.48 min=  307.48 max=  307.48 p50=  307.48 p95=  307.48 p99=  307.48 rps=   0.03
window 1m
  calc.additional.maxViewersSummary             n= 7829 err=   0 errRate=  0.00% avg=  113.15 min=   14.07 max=  909.02 p50=  103.40 p95=  216.10 p99=  319.13 rps= 130.48
  controller.AnalyticsController.maxViewersSummary n= 7829 err=   0 errRate=  0.00% avg=  113.59 min=   14.20 max=  909.30 p50=  103.83 p95=  216.71 p99=  320.19 rps= 130.48
  s2s.crud.fetchAllTickets                      n= 7829 err=   0 errRate=  0.00% avg=  110.92 min=   14.01 max=  575.90 p50=  103.22 p95=  212.72 p99=  301.32 rps= 130.48
  s2s.crud.fetchFilms                           n=    2 err=   0 errRate=  0.00% avg=  363.15 min=  307.48 max=  418.82 p50=  363.15 p95=  413.25 p99=  417.71 rps=   0.03

2026-05-06T20:43:46.320Z  INFO 1 --- [lab8-additional-service] [   scheduling-1] r.h.l.a.o.ObservabilityService           : [lab8-additional-service] observability refresh
window 10s
  calc.additional.maxViewersSummary             n= 1494 err=   0 errRate=  0.00% avg=   89.70 min=   14.07 max=  332.93 p50=   98.07 p95=  192.65 p99=  209.07 rps= 149.40
  controller.AnalyticsController.maxViewersSummary n= 1494 err=   0 errRate=  0.00% avg=   90.02 min=   14.20 max=  333.06 p50=   98.44 p95=  193.00 p99=  209.44 rps= 149.40
  s2s.crud.fetchAllTickets                      n= 1494 err=   0 errRate=  0.00% avg=   89.63 min=   14.01 max=  332.88 p50=   98.01 p95=  192.61 p99=  209.03 rps= 149.40
window 30s
  calc.additional.maxViewersSummary             n= 4299 err=   0 errRate=  0.00% avg=   94.88 min=   14.07 max=  428.44 p50=   99.03 p95=  193.62 p99=  222.78 rps= 143.30
  controller.AnalyticsController.maxViewersSummary n= 4299 err=   0 errRate=  0.00% avg=   95.24 min=   14.20 max=  428.58 p50=   99.47 p95=  193.97 p99=  222.91 rps= 143.30
  s2s.crud.fetchAllTickets                      n= 4299 err=   0 errRate=  0.00% avg=   93.21 min=   14.01 max=  332.88 p50=   98.82 p95=  191.39 p99=  210.98 rps= 143.30
  s2s.crud.fetchFilms                           n=    1 err=   0 errRate=  0.00% avg=  307.48 min=  307.48 max=  307.48 p50=  307.48 p95=  307.48 p99=  307.48 rps=   0.03
window 1m
  calc.additional.maxViewersSummary             n= 7847 err=   0 errRate=  0.00% avg=  112.40 min=   14.07 max=  909.02 p50=  103.28 p95=  214.09 p99=  318.53 rps= 130.78
  controller.AnalyticsController.maxViewersSummary n= 7847 err=   0 errRate=  0.00% avg=  112.83 min=   14.20 max=  909.30 p50=  103.73 p95=  215.09 p99=  318.70 rps= 130.78
  s2s.crud.fetchAllTickets                      n= 7847 err=   0 errRate=  0.00% avg=  110.18 min=   14.01 max=  575.90 p50=  103.10 p95=  210.58 p99=  300.69 rps= 130.78
  s2s.crud.fetchFilms                           n=    2 err=   0 errRate=  0.00% avg=  363.15 min=  307.48 max=  418.82 p50=  363.15 p95=  413.25 p99=  417.71 rps=   0.03

2026-05-06T20:43:47.380Z  INFO 1 --- [lab8-additional-service] [   scheduling-1] r.h.l.a.o.ObservabilityService           : [lab8-additional-service] observability refresh
window 10s
  calc.additional.maxViewersSummary             n= 1440 err=   0 errRate=  0.00% avg=   96.01 min=   14.07 max=  408.10 p50=   98.79 p95=  199.40 p99=  303.93 rps= 144.00
  controller.AnalyticsController.maxViewersSummary n= 1440 err=   0 errRate=  0.00% avg=   96.34 min=   14.20 max=  408.23 p50=   98.97 p95=  199.96 p99=  304.24 rps= 144.00
  s2s.crud.fetchAllTickets                      n= 1440 err=   0 errRate=  0.00% avg=   95.94 min=   14.01 max=  408.06 p50=   98.71 p95=  199.36 p99=  303.88 rps= 144.00
window 30s
  calc.additional.maxViewersSummary             n= 4278 err=   0 errRate=  0.00% avg=   96.46 min=   14.07 max=  428.44 p50=   99.25 p95=  196.77 p99=  300.80 rps= 142.60
  controller.AnalyticsController.maxViewersSummary n= 4278 err=   0 errRate=  0.00% avg=   96.82 min=   14.20 max=  428.58 p50=   99.62 p95=  197.13 p99=  301.08 rps= 142.60
  s2s.crud.fetchAllTickets                      n= 4278 err=   0 errRate=  0.00% avg=   94.79 min=   14.01 max=  408.06 p50=   99.05 p95=  194.48 p99=  221.89 rps= 142.60
  s2s.crud.fetchFilms                           n=    1 err=   0 errRate=  0.00% avg=  307.48 min=  307.48 max=  307.48 p50=  307.48 p95=  307.48 p99=  307.48 rps=   0.03
window 1m
  calc.additional.maxViewersSummary             n= 7872 err=   0 errRate=  0.00% avg=  112.11 min=   14.07 max=  909.02 p50=  103.24 p95=  214.06 p99=  323.82 rps= 131.20
  controller.AnalyticsController.maxViewersSummary n= 7872 err=   0 errRate=  0.00% avg=  112.54 min=   14.20 max=  909.30 p50=  103.61 p95=  214.65 p99=  324.00 rps= 131.20
  s2s.crud.fetchAllTickets                      n= 7872 err=   0 errRate=  0.00% avg=  109.90 min=   14.01 max=  575.90 p50=  103.02 p95=  210.44 p99=  302.07 rps= 131.20
  s2s.crud.fetchFilms                           n=    2 err=   0 errRate=  0.00% avg=  363.15 min=  307.48 max=  418.82 p50=  363.15 p95=  413.25 p99=  417.71 rps=   0.03

2026-05-06T20:43:48.295Z  INFO 1 --- [lab8-additional-service] [   scheduling-1] r.h.l.a.service.FilmCacheService         : film-cache stats: size=310 ttlMs=30000 lastRefreshAtMs=1778100200338 hits=9903 misses=3 refreshes=3
2026-05-06T20:43:48.385Z  INFO 1 --- [lab8-additional-service] [   scheduling-1] r.h.l.a.o.ObservabilityService           : [lab8-additional-service] observability refresh
window 10s
  calc.additional.maxViewersSummary             n= 1432 err=   0 errRate=  0.00% avg=   95.67 min=   14.69 max=  408.10 p50=   98.38 p95=  198.92 p99=  304.05 rps= 143.20
  controller.AnalyticsController.maxViewersSummary n= 1432 err=   0 errRate=  0.00% avg=   96.01 min=   14.88 max=  408.23 p50=   98.75 p95=  199.34 p99=  304.39 rps= 143.20
  s2s.crud.fetchAllTickets                      n= 1432 err=   0 errRate=  0.00% avg=   95.61 min=   14.62 max=  408.06 p50=   98.32 p95=  198.88 p99=  304.00 rps= 143.20
window 30s
  calc.additional.maxViewersSummary             n= 4304 err=   0 errRate=  0.00% avg=   95.60 min=   14.07 max=  428.44 p50=   98.99 p95=  195.95 p99=  300.64 rps= 143.47
  controller.AnalyticsController.maxViewersSummary n= 4304 err=   0 errRate=  0.00% avg=   95.96 min=   14.20 max=  428.58 p50=   99.39 p95=  196.35 p99=  300.97 rps= 143.47
  s2s.crud.fetchAllTickets                      n= 4304 err=   0 errRate=  0.00% avg=   93.94 min=   14.01 max=  408.06 p50=   98.77 p95=  193.77 p99=  219.28 rps= 143.47
  s2s.crud.fetchFilms                           n=    1 err=   0 errRate=  0.00% avg=  307.48 min=  307.48 max=  307.48 p50=  307.48 p95=  307.48 p99=  307.48 rps=   0.03
window 1m
  calc.additional.maxViewersSummary             n= 7930 err=   0 errRate=  0.00% avg=  110.61 min=   14.07 max=  909.02 p50=  102.82 p95=  211.00 p99=  320.20 rps= 132.17
  controller.AnalyticsController.maxViewersSummary n= 7930 err=   0 errRate=  0.00% avg=  111.04 min=   14.20 max=  909.30 p50=  103.24 p95=  211.73 p99=  320.70 rps= 132.17
  s2s.crud.fetchAllTickets                      n= 7930 err=   0 errRate=  0.00% avg=  108.42 min=   14.01 max=  575.90 p50=  102.62 p95=  207.96 p99=  299.70 rps= 132.17
  s2s.crud.fetchFilms                           n=    2 err=   0 errRate=  0.00% avg=  363.15 min=  307.48 max=  418.82 p50=  363.15 p95=  413.25 p99=  417.71 rps=   0.03

2026-05-06T20:43:49.391Z  INFO 1 --- [lab8-additional-service] [   scheduling-1] r.h.l.a.o.ObservabilityService           : [lab8-additional-service] observability refresh
window 10s
  calc.additional.maxViewersSummary             n= 1434 err=   0 errRate=  0.00% avg=   95.10 min=   15.28 max=  408.10 p50=   98.26 p95=  198.95 p99=  304.02 rps= 143.40
  controller.AnalyticsController.maxViewersSummary n= 1434 err=   0 errRate=  0.00% avg=   95.44 min=   15.58 max=  408.23 p50=   98.61 p95=  199.58 p99=  304.35 rps= 143.40
  s2s.crud.fetchAllTickets                      n= 1434 err=   0 errRate=  0.00% avg=   95.04 min=   15.24 max=  408.06 p50=   98.23 p95=  198.91 p99=  303.97 rps= 143.40
window 30s
  calc.additional.maxViewersSummary             n= 4330 err=   0 errRate=  0.00% avg=   94.62 min=   14.07 max=  428.44 p50=   98.79 p95=  195.45 p99=  300.60 rps= 144.33
  controller.AnalyticsController.maxViewersSummary n= 4330 err=   0 errRate=  0.00% avg=   94.97 min=   14.20 max=  428.58 p50=   99.17 p95=  195.96 p99=  300.88 rps= 144.33
  s2s.crud.fetchAllTickets                      n= 4330 err=   0 errRate=  0.00% avg=   92.97 min=   14.01 max=  408.06 p50=   98.62 p95=  193.37 p99=  218.80 rps= 144.33
  s2s.crud.fetchFilms                           n=    1 err=   0 errRate=  0.00% avg=  307.48 min=  307.48 max=  307.48 p50=  307.48 p95=  307.48 p99=  307.48 rps=   0.03
window 1m
  calc.additional.maxViewersSummary             n= 8007 err=   0 errRate=  0.00% avg=  108.89 min=   14.07 max=  909.02 p50=  102.36 p95=  208.58 p99=  313.46 rps= 133.45
  controller.AnalyticsController.maxViewersSummary n= 8007 err=   0 errRate=  0.00% avg=  109.31 min=   14.20 max=  909.30 p50=  102.75 p95=  208.92 p99=  314.19 rps= 133.45
  s2s.crud.fetchAllTickets                      n= 8007 err=   0 errRate=  0.00% avg=  106.71 min=   14.01 max=  575.90 p50=  102.17 p95=  205.47 p99=  296.89 rps= 133.45
  s2s.crud.fetchFilms                           n=    2 err=   0 errRate=  0.00% avg=  363.15 min=  307.48 max=  418.82 p50=  363.15 p95=  413.25 p99=  417.71 rps=   0.03

2026-05-06T20:43:50.399Z  INFO 1 --- [lab8-additional-service] [   scheduling-1] r.h.l.a.o.ObservabilityService           : [lab8-additional-service] observability refresh
window 10s
  calc.additional.maxViewersSummary             n= 1411 err=   0 errRate=  0.00% avg=   92.34 min=   15.28 max=  408.10 p50=   97.47 p95=  198.87 p99=  302.82 rps= 141.10
  controller.AnalyticsController.maxViewersSummary n= 1411 err=   0 errRate=  0.00% avg=   92.64 min=   15.58 max=  408.23 p50=   97.81 p95=  199.08 p99=  302.94 rps= 141.10
  s2s.crud.fetchAllTickets                      n= 1411 err=   0 errRate=  0.00% avg=   92.28 min=   15.24 max=  408.06 p50=   97.43 p95=  198.81 p99=  302.78 rps= 141.10
window 30s
  calc.additional.maxViewersSummary             n= 4271 err=   0 errRate=  0.00% avg=   94.01 min=   14.07 max=  428.44 p50=   98.57 p95=  195.75 p99=  300.84 rps= 142.37
  controller.AnalyticsController.maxViewersSummary n= 4271 err=   0 errRate=  0.00% avg=   94.36 min=   14.20 max=  428.58 p50=   98.86 p95=  196.06 p99=  301.11 rps= 142.37
  s2s.crud.fetchAllTickets                      n= 4271 err=   0 errRate=  0.00% avg=   92.34 min=   14.01 max=  408.06 p50=   98.37 p95=  193.50 p99=  219.40 rps= 142.37
  s2s.crud.fetchFilms                           n=    1 err=   0 errRate=  0.00% avg=  307.48 min=  307.48 max=  307.48 p50=  307.48 p95=  307.48 p99=  307.48 rps=   0.03
window 1m
  calc.additional.maxViewersSummary             n= 8006 err=   0 errRate=  0.00% avg=  107.37 min=   14.07 max=  909.02 p50=  101.95 p95=  206.73 p99=  310.21 rps= 133.43
  controller.AnalyticsController.maxViewersSummary n= 8006 err=   0 errRate=  0.00% avg=  107.78 min=   14.20 max=  909.30 p50=  102.31 p95=  207.19 p99=  310.83 rps= 133.43
  s2s.crud.fetchAllTickets                      n= 8006 err=   0 errRate=  0.00% avg=  105.20 min=   14.01 max=  575.90 p50=  101.74 p95=  204.20 p99=  294.14 rps= 133.43
  s2s.crud.fetchFilms                           n=    2 err=   0 errRate=  0.00% avg=  363.15 min=  307.48 max=  418.82 p50=  363.15 p95=  413.25 p99=  417.71 rps=   0.03

2026-05-06T20:43:51.405Z  INFO 1 --- [lab8-additional-service] [   scheduling-1] r.h.l.a.o.ObservabilityService           : [lab8-additional-service] observability refresh
window 10s
  calc.additional.maxViewersSummary             n= 1422 err=   0 errRate=  0.00% avg=   90.31 min=   15.28 max=  408.10 p50=   96.57 p95=  199.84 p99=  302.63 rps= 142.20
  controller.AnalyticsController.maxViewersSummary n= 1422 err=   0 errRate=  0.00% avg=   90.60 min=   15.58 max=  408.23 p50=   96.89 p95=  199.96 p99=  302.75 rps= 142.20
  s2s.crud.fetchAllTickets                      n= 1422 err=   0 errRate=  0.00% avg=   88.75 min=   15.24 max=  408.06 p50=   96.35 p95=  197.30 p99=  302.60 rps= 142.20
  s2s.crud.fetchFilms                           n=    1 err=   0 errRate=  0.00% avg=  128.83 min=  128.83 max=  128.83 p50=  128.83 p95=  128.83 p99=  128.83 rps=   0.10
window 30s
  calc.additional.maxViewersSummary             n= 4282 err=   0 errRate=  0.00% avg=   92.55 min=   14.07 max=  408.10 p50=   98.44 p95=  194.88 p99=  227.06 rps= 142.73
  controller.AnalyticsController.maxViewersSummary n= 4282 err=   0 errRate=  0.00% avg=   92.91 min=   14.20 max=  408.23 p50=   98.75 p95=  195.09 p99=  227.18 rps= 142.73
  s2s.crud.fetchAllTickets                      n= 4282 err=   0 errRate=  0.00% avg=   91.98 min=   14.01 max=  408.06 p50=   98.28 p95=  193.42 p99=  219.38 rps= 142.73
  s2s.crud.fetchFilms                           n=    1 err=   0 errRate=  0.00% avg=  128.83 min=  128.83 max=  128.83 p50=  128.83 p95=  128.83 p99=  128.83 rps=   0.03
window 1m
  calc.additional.maxViewersSummary             n= 8071 err=   0 errRate=  0.00% avg=  105.13 min=   14.07 max=  428.44 p50=  101.75 p95=  205.06 p99=  297.45 rps= 134.52
  controller.AnalyticsController.maxViewersSummary n= 8071 err=   0 errRate=  0.00% avg=  105.54 min=   14.20 max=  428.58 p50=  102.09 p95=  205.61 p99=  297.74 rps= 134.52
  s2s.crud.fetchAllTickets                      n= 8071 err=   0 errRate=  0.00% avg=  103.94 min=   14.01 max=  408.06 p50=  101.51 p95=  202.63 p99=  289.90 rps= 134.52
  s2s.crud.fetchFilms                           n=    2 err=   0 errRate=  0.00% avg=  218.15 min=  128.83 max=  307.48 p50=  218.15 p95=  298.54 p99=  305.69 rps=   0.03

2026-05-06T20:43:52.412Z  INFO 1 --- [lab8-additional-service] [   scheduling-1] r.h.l.a.o.ObservabilityService           : [lab8-additional-service] observability refresh
window 10s
  calc.additional.maxViewersSummary             n= 1388 err=   0 errRate=  0.00% avg=   87.20 min=   14.85 max=  408.10 p50=   95.45 p95=  199.55 p99=  303.19 rps= 138.80
  controller.AnalyticsController.maxViewersSummary n= 1388 err=   0 errRate=  0.00% avg=   87.50 min=   15.13 max=  408.23 p50=   95.90 p95=  199.78 p99=  303.35 rps= 138.80
  s2s.crud.fetchAllTickets                      n= 1388 err=   0 errRate=  0.00% avg=   85.61 min=   14.81 max=  408.06 p50=   95.20 p95=  196.70 p99=  303.15 rps= 138.80
  s2s.crud.fetchFilms                           n=    1 err=   0 errRate=  0.00% avg=  128.83 min=  128.83 max=  128.83 p50=  128.83 p95=  128.83 p99=  128.83 rps=   0.10
window 30s
  calc.additional.maxViewersSummary             n= 4260 err=   0 errRate=  0.00% avg=   91.09 min=   14.07 max=  408.10 p50=   97.99 p95=  194.78 p99=  227.29 rps= 142.00
  controller.AnalyticsController.maxViewersSummary n= 4260 err=   0 errRate=  0.00% avg=   91.44 min=   14.20 max=  408.23 p50=   98.28 p95=  195.04 p99=  227.42 rps= 142.00
  s2s.crud.fetchAllTickets                      n= 4260 err=   0 errRate=  0.00% avg=   90.51 min=   14.01 max=  408.06 p50=   97.85 p95=  193.18 p99=  218.24 rps= 142.00
  s2s.crud.fetchFilms                           n=    1 err=   0 errRate=  0.00% avg=  128.83 min=  128.83 max=  128.83 p50=  128.83 p95=  128.83 p99=  128.83 rps=   0.03
window 1m
  calc.additional.maxViewersSummary             n= 8088 err=   0 errRate=  0.00% avg=  103.55 min=   14.07 max=  428.44 p50=  101.30 p95=  203.77 p99=  297.12 rps= 134.80
  controller.AnalyticsController.maxViewersSummary n= 8088 err=   0 errRate=  0.00% avg=  103.96 min=   14.20 max=  428.58 p50=  101.58 p95=  204.57 p99=  297.58 rps= 134.80
  s2s.crud.fetchAllTickets                      n= 8088 err=   0 errRate=  0.00% avg=  102.36 min=   14.01 max=  408.06 p50=  101.03 p95=  201.83 p99=  289.00 rps= 134.80
  s2s.crud.fetchFilms                           n=    2 err=   0 errRate=  0.00% avg=  218.15 min=  128.83 max=  307.48 p50=  218.15 p95=  298.54 p99=  305.69 rps=   0.03

2026-05-06T20:43:53.417Z  INFO 1 --- [lab8-additional-service] [   scheduling-1] r.h.l.a.o.ObservabilityService           : [lab8-additional-service] observability refresh
window 10s
  calc.additional.maxViewersSummary             n= 1357 err=   0 errRate=  0.00% avg=   84.71 min=   14.85 max=  408.10 p50=   93.79 p95=  199.75 p99=  303.66 rps= 135.70
  controller.AnalyticsController.maxViewersSummary n= 1357 err=   0 errRate=  0.00% avg=   85.01 min=   15.13 max=  408.23 p50=   94.07 p95=  199.95 p99=  303.93 rps= 135.70
  s2s.crud.fetchAllTickets                      n= 1357 err=   0 errRate=  0.00% avg=   83.08 min=   14.81 max=  408.06 p50=   93.22 p95=  197.29 p99=  303.62 rps= 135.70
  s2s.crud.fetchFilms                           n=    1 err=   0 errRate=  0.00% avg=  128.83 min=  128.83 max=  128.83 p50=  128.83 p95=  128.83 p99=  128.83 rps=   0.10
window 30s
  calc.additional.maxViewersSummary             n= 4262 err=   0 errRate=  0.00% avg=   89.18 min=   14.07 max=  408.10 p50=   97.38 p95=  193.95 p99=  221.54 rps= 142.07
  controller.AnalyticsController.maxViewersSummary n= 4262 err=   0 errRate=  0.00% avg=   89.51 min=   14.20 max=  408.23 p50=   97.73 p95=  194.49 p99=  221.72 rps= 142.07
  s2s.crud.fetchAllTickets                      n= 4262 err=   0 errRate=  0.00% avg=   88.60 min=   14.01 max=  408.06 p50=   97.24 p95=  192.10 p99=  216.34 rps= 142.07
  s2s.crud.fetchFilms                           n=    1 err=   0 errRate=  0.00% avg=  128.83 min=  128.83 max=  128.83 p50=  128.83 p95=  128.83 p99=  128.83 rps=   0.03
window 1m
  calc.additional.maxViewersSummary             n= 8112 err=   0 errRate=  0.00% avg=  101.94 min=   14.07 max=  428.44 p50=  100.77 p95=  202.43 p99=  296.97 rps= 135.20
  controller.AnalyticsController.maxViewersSummary n= 8112 err=   0 errRate=  0.00% avg=  102.35 min=   14.20 max=  428.58 p50=  101.08 p95=  202.98 p99=  297.47 rps= 135.20
  s2s.crud.fetchAllTickets                      n= 8112 err=   0 errRate=  0.00% avg=  100.75 min=   14.01 max=  408.06 p50=  100.58 p95=  200.72 p99=  287.35 rps= 135.20
  s2s.crud.fetchFilms                           n=    2 err=   0 errRate=  0.00% avg=  218.15 min=  128.83 max=  307.48 p50=  218.15 p95=  298.54 p99=  305.69 rps=   0.03

2026-05-06T20:43:54.426Z  INFO 1 --- [lab8-additional-service] [   scheduling-1] r.h.l.a.o.ObservabilityService           : [lab8-additional-service] observability refresh
window 10s
  calc.additional.maxViewersSummary             n= 1317 err=   0 errRate=  0.00% avg=   83.11 min=   14.85 max=  408.10 p50=   92.53 p95=  199.93 p99=  304.28 rps= 131.70
  controller.AnalyticsController.maxViewersSummary n= 1317 err=   0 errRate=  0.00% avg=   83.40 min=   15.13 max=  408.23 p50=   92.88 p95=  200.21 p99=  304.67 rps= 131.70
  s2s.crud.fetchAllTickets                      n= 1317 err=   0 errRate=  0.00% avg=   81.44 min=   14.81 max=  408.06 p50=   92.04 p95=  197.38 p99=  304.23 rps= 131.70
  s2s.crud.fetchFilms                           n=    1 err=   0 errRate=  0.00% avg=  128.83 min=  128.83 max=  128.83 p50=  128.83 p95=  128.83 p99=  128.83 rps=   0.10
window 30s
  calc.additional.maxViewersSummary             n= 4253 err=   0 errRate=  0.00% avg=   88.02 min=   14.07 max=  408.10 p50=   97.07 p95=  194.08 p99=  221.57 rps= 141.77
  controller.AnalyticsController.maxViewersSummary n= 4253 err=   0 errRate=  0.00% avg=   88.34 min=   14.20 max=  408.23 p50=   97.37 p95=  194.55 p99=  221.75 rps= 141.77
  s2s.crud.fetchAllTickets                      n= 4253 err=   0 errRate=  0.00% avg=   87.44 min=   14.01 max=  408.06 p50=   96.92 p95=  192.12 p99=  216.36 rps= 141.77
  s2s.crud.fetchFilms                           n=    1 err=   0 errRate=  0.00% avg=  128.83 min=  128.83 max=  128.83 p50=  128.83 p95=  128.83 p99=  128.83 rps=   0.03
window 1m
  calc.additional.maxViewersSummary             n= 8136 err=   0 errRate=  0.00% avg=  100.59 min=   14.07 max=  428.44 p50=  100.44 p95=  201.48 p99=  296.04 rps= 135.60
  controller.AnalyticsController.maxViewersSummary n= 8136 err=   0 errRate=  0.00% avg=  100.99 min=   14.20 max=  428.58 p50=  100.72 p95=  202.06 p99=  296.24 rps= 135.60
  s2s.crud.fetchAllTickets                      n= 8136 err=   0 errRate=  0.00% avg=   99.41 min=   14.01 max=  408.06 p50=  100.21 p95=  199.80 p99=  285.44 rps= 135.60
  s2s.crud.fetchFilms                           n=    2 err=   0 errRate=  0.00% avg=  218.15 min=  128.83 max=  307.48 p50=  218.15 p95=  298.54 p99=  305.69 rps=   0.03

2026-05-06T20:43:55.436Z  INFO 1 --- [lab8-additional-service] [   scheduling-1] r.h.l.a.o.ObservabilityService           : [lab8-additional-service] observability refresh
window 10s
  calc.additional.maxViewersSummary             n= 1302 err=   0 errRate=  0.00% avg=   80.46 min=   14.85 max=  408.10 p50=   88.83 p95=  199.85 p99=  304.51 rps= 130.20
  controller.AnalyticsController.maxViewersSummary n= 1302 err=   0 errRate=  0.00% avg=   80.76 min=   15.13 max=  408.23 p50=   89.39 p95=  200.16 p99=  304.95 rps= 130.20
  s2s.crud.fetchAllTickets                      n= 1302 err=   0 errRate=  0.00% avg=   78.77 min=   14.81 max=  408.06 p50=   88.19 p95=  197.30 p99=  304.46 rps= 130.20
  s2s.crud.fetchFilms                           n=    1 err=   0 errRate=  0.00% avg=  128.83 min=  128.83 max=  128.83 p50=  128.83 p95=  128.83 p99=  128.83 rps=   0.10
window 30s
  calc.additional.maxViewersSummary             n= 4262 err=   0 errRate=  0.00% avg=   86.70 min=   14.07 max=  408.10 p50=   96.66 p95=  192.84 p99=  216.38 rps= 142.07
  controller.AnalyticsController.maxViewersSummary n= 4262 err=   0 errRate=  0.00% avg=   87.02 min=   14.20 max=  408.23 p50=   97.02 p95=  193.37 p99=  216.70 rps= 142.07
  s2s.crud.fetchAllTickets                      n= 4262 err=   0 errRate=  0.00% avg=   86.14 min=   14.01 max=  408.06 p50=   96.58 p95=  190.29 p99=  212.86 rps= 142.07
  s2s.crud.fetchFilms                           n=    1 err=   0 errRate=  0.00% avg=  128.83 min=  128.83 max=  128.83 p50=  128.83 p95=  128.83 p99=  128.83 rps=   0.03
window 1m
  calc.additional.maxViewersSummary             n= 8170 err=   0 errRate=  0.00% avg=   99.09 min=   14.07 max=  428.44 p50=  100.00 p95=  200.11 p99=  294.83 rps= 136.17
  controller.AnalyticsController.maxViewersSummary n= 8170 err=   0 errRate=  0.00% avg=   99.49 min=   14.20 max=  428.58 p50=  100.30 p95=  200.48 p99=  295.05 rps= 136.17
  s2s.crud.fetchAllTickets                      n= 8170 err=   0 errRate=  0.00% avg=   97.91 min=   14.01 max=  408.06 p50=   99.80 p95=  198.83 p99=  269.84 rps= 136.17
  s2s.crud.fetchFilms                           n=    2 err=   0 errRate=  0.00% avg=  218.15 min=  128.83 max=  307.48 p50=  218.15 p95=  298.54 p99=  305.69 rps=   0.03

2026-05-06T20:43:56.469Z  INFO 1 --- [lab8-additional-service] [   scheduling-1] r.h.l.a.o.ObservabilityService           : [lab8-additional-service] observability refresh
window 10s
  calc.additional.maxViewersSummary             n= 1323 err=   0 errRate=  0.00% avg=   72.52 min=   14.85 max=  408.10 p50=   77.51 p95=  194.40 p99=  299.85 rps= 132.30
  controller.AnalyticsController.maxViewersSummary n= 1323 err=   0 errRate=  0.00% avg=   72.81 min=   15.13 max=  408.23 p50=   78.07 p95=  194.57 p99=  300.16 rps= 132.30
  s2s.crud.fetchAllTickets                      n= 1323 err=   0 errRate=  0.00% avg=   70.85 min=   14.81 max=  408.06 p50=   77.46 p95=  159.36 p99=  298.85 rps= 132.30
  s2s.crud.fetchFilms                           n=    1 err=   0 errRate=  0.00% avg=  128.83 min=  128.83 max=  128.83 p50=  128.83 p95=  128.83 p99=  128.83 rps=   0.10
window 30s
  calc.additional.maxViewersSummary             n= 4269 err=   0 errRate=  0.00% avg=   85.22 min=   14.07 max=  408.10 p50=   96.17 p95=  192.11 p99=  216.37 rps= 142.30
  controller.AnalyticsController.maxViewersSummary n= 4269 err=   0 errRate=  0.00% avg=   85.53 min=   14.20 max=  408.23 p50=   96.54 p95=  192.58 p99=  216.65 rps= 142.30
  s2s.crud.fetchAllTickets                      n= 4269 err=   0 errRate=  0.00% avg=   84.65 min=   14.01 max=  408.06 p50=   96.06 p95=  188.93 p99=  212.84 rps= 142.30
  s2s.crud.fetchFilms                           n=    1 err=   0 errRate=  0.00% avg=  128.83 min=  128.83 max=  128.83 p50=  128.83 p95=  128.83 p99=  128.83 rps=   0.03
window 1m
  calc.additional.maxViewersSummary             n= 8195 err=   0 errRate=  0.00% avg=   97.54 min=   14.07 max=  428.44 p50=   99.55 p95=  199.39 p99=  290.69 rps= 136.58
  controller.AnalyticsController.maxViewersSummary n= 8195 err=   0 errRate=  0.00% avg=   97.94 min=   14.20 max=  428.58 p50=   99.87 p95=  199.94 p99=  290.84 rps= 136.58
  s2s.crud.fetchAllTickets                      n= 8195 err=   0 errRate=  0.00% avg=   96.37 min=   14.01 max=  408.06 p50=   99.39 p95=  198.18 p99=  257.19 rps= 136.58
  s2s.crud.fetchFilms                           n=    2 err=   0 errRate=  0.00% avg=  218.15 min=  128.83 max=  307.48 p50=  218.15 p95=  298.54 p99=  305.69 rps=   0.03

2026-05-06T20:43:57.475Z  INFO 1 --- [lab8-additional-service] [   scheduling-1] r.h.l.a.o.ObservabilityService           : [lab8-additional-service] observability refresh
window 10s
  calc.additional.maxViewersSummary             n= 1361 err=   0 errRate=  0.00% avg=   64.31 min=   14.85 max=  300.26 p50=   40.62 p95=  116.80 p99=  202.01 rps= 136.10
  controller.AnalyticsController.maxViewersSummary n= 1362 err=   0 errRate=  0.00% avg=   64.62 min=   15.13 max=  300.43 p50=   41.26 p95=  117.17 p99=  202.72 rps= 136.20
  s2s.crud.fetchAllTickets                      n= 1361 err=   0 errRate=  0.00% avg=   62.68 min=   14.81 max=  204.93 p50=   40.58 p95=  115.56 p99=  190.85 rps= 136.10
  s2s.crud.fetchFilms                           n=    1 err=   0 errRate=  0.00% avg=  128.83 min=  128.83 max=  128.83 p50=  128.83 p95=  128.83 p99=  128.83 rps=   0.10
window 30s
  calc.additional.maxViewersSummary             n= 4250 err=   0 errRate=  0.00% avg=   84.18 min=   14.07 max=  408.10 p50=   95.67 p95=  191.93 p99=  216.41 rps= 141.67
  controller.AnalyticsController.maxViewersSummary n= 4250 err=   0 errRate=  0.00% avg=   84.49 min=   14.20 max=  408.23 p50=   95.99 p95=  192.31 p99=  216.79 rps= 141.67
  s2s.crud.fetchAllTickets                      n= 4250 err=   0 errRate=  0.00% avg=   83.61 min=   14.01 max=  408.06 p50=   95.55 p95=  188.61 p99=  212.90 rps= 141.67
  s2s.crud.fetchFilms                           n=    1 err=   0 errRate=  0.00% avg=  128.83 min=  128.83 max=  128.83 p50=  128.83 p95=  128.83 p99=  128.83 rps=   0.03
window 1m
  calc.additional.maxViewersSummary             n= 8251 err=   0 errRate=  0.00% avg=   95.79 min=   14.07 max=  428.44 p50=   99.19 p95=  198.46 p99=  283.23 rps= 137.52
  controller.AnalyticsController.maxViewersSummary n= 8251 err=   0 errRate=  0.00% avg=   96.18 min=   14.20 max=  428.58 p50=   99.57 p95=  198.83 p99=  283.52 rps= 137.52
  s2s.crud.fetchAllTickets                      n= 8251 err=   0 errRate=  0.00% avg=   94.62 min=   14.01 max=  408.06 p50=   98.98 p95=  196.90 p99=  226.30 rps= 137.52
  s2s.crud.fetchFilms                           n=    2 err=   0 errRate=  0.00% avg=  218.15 min=  128.83 max=  307.48 p50=  218.15 p95=  298.54 p99=  305.69 rps=   0.03

2026-05-06T20:43:58.295Z  INFO 1 --- [lab8-additional-service] [   scheduling-1] r.h.l.a.service.FilmCacheService         : film-cache stats: size=310 ttlMs=30000 lastRefreshAtMs=1778100230342 hits=11241 misses=4 refreshes=4
2026-05-06T20:43:58.483Z  INFO 1 --- [lab8-additional-service] [   scheduling-1] r.h.l.a.o.ObservabilityService           : [lab8-additional-service] observability refresh
window 10s
  calc.additional.maxViewersSummary             n= 1340 err=   0 errRate=  0.00% avg=   61.78 min=   14.85 max=  300.26 p50=   34.30 p95=  113.48 p99=  201.94 rps= 134.00
  controller.AnalyticsController.maxViewersSummary n= 1340 err=   0 errRate=  0.00% avg=   62.06 min=   15.13 max=  300.43 p50=   34.48 p95=  113.97 p99=  203.00 rps= 134.00
  s2s.crud.fetchAllTickets                      n= 1340 err=   0 errRate=  0.00% avg=   60.13 min=   14.81 max=  204.93 p50=   34.16 p95=  111.97 p99=  173.54 rps= 134.00
  s2s.crud.fetchFilms                           n=    1 err=   0 errRate=  0.00% avg=  128.83 min=  128.83 max=  128.83 p50=  128.83 p95=  128.83 p99=  128.83 rps=   0.10
window 30s
  calc.additional.maxViewersSummary             n= 4235 err=   0 errRate=  0.00% avg=   83.52 min=   14.07 max=  408.10 p50=   95.30 p95=  191.72 p99=  216.45 rps= 141.17
  controller.AnalyticsController.maxViewersSummary n= 4235 err=   0 errRate=  0.00% avg=   83.83 min=   14.20 max=  408.23 p50=   95.63 p95=  192.17 p99=  216.90 rps= 141.17
  s2s.crud.fetchAllTickets                      n= 4235 err=   0 errRate=  0.00% avg=   82.95 min=   14.01 max=  408.06 p50=   95.13 p95=  188.50 p99=  212.95 rps= 141.17
  s2s.crud.fetchFilms                           n=    1 err=   0 errRate=  0.00% avg=  128.83 min=  128.83 max=  128.83 p50=  128.83 p95=  128.83 p99=  128.83 rps=   0.03
window 1m
  calc.additional.maxViewersSummary             n= 8274 err=   0 errRate=  0.00% avg=   94.53 min=   14.07 max=  428.44 p50=   98.86 p95=  197.48 p99=  271.13 rps= 137.90
  controller.AnalyticsController.maxViewersSummary n= 8274 err=   0 errRate=  0.00% avg=   94.93 min=   14.20 max=  428.58 p50=   99.21 p95=  197.96 p99=  271.39 rps= 137.90
  s2s.crud.fetchAllTickets                      n= 8274 err=   0 errRate=  0.00% avg=   93.37 min=   14.01 max=  408.06 p50=   98.68 p95=  195.43 p99=  221.41 rps= 137.90
  s2s.crud.fetchFilms                           n=    2 err=   0 errRate=  0.00% avg=  218.15 min=  128.83 max=  307.48 p50=  218.15 p95=  298.54 p99=  305.69 rps=   0.03

2026-05-06T20:43:59.489Z  INFO 1 --- [lab8-additional-service] [   scheduling-1] r.h.l.a.o.ObservabilityService           : [lab8-additional-service] observability refresh
window 10s
  calc.additional.maxViewersSummary             n= 1298 err=   0 errRate=  0.00% avg=   60.83 min=   14.85 max=  300.26 p50=   33.66 p95=  112.38 p99=  201.70 rps= 129.80
  controller.AnalyticsController.maxViewersSummary n= 1298 err=   0 errRate=  0.00% avg=   61.12 min=   15.13 max=  300.43 p50=   33.77 p95=  112.61 p99=  201.87 rps= 129.80
  s2s.crud.fetchAllTickets                      n= 1298 err=   0 errRate=  0.00% avg=   59.13 min=   14.81 max=  194.72 p50=   33.62 p95=  111.08 p99=  171.80 rps= 129.80
  s2s.crud.fetchFilms                           n=    1 err=   0 errRate=  0.00% avg=  128.83 min=  128.83 max=  128.83 p50=  128.83 p95=  128.83 p99=  128.83 rps=   0.10
window 30s
  calc.additional.maxViewersSummary             n= 4212 err=   0 errRate=  0.00% avg=   82.71 min=   14.07 max=  408.10 p50=   94.75 p95=  191.72 p99=  216.50 rps= 140.40
  controller.AnalyticsController.maxViewersSummary n= 4212 err=   0 errRate=  0.00% avg=   83.02 min=   14.20 max=  408.23 p50=   95.09 p95=  192.20 p99=  217.06 rps= 140.40
  s2s.crud.fetchAllTickets                      n= 4212 err=   0 errRate=  0.00% avg=   82.14 min=   14.01 max=  408.06 p50=   94.58 p95=  188.56 p99=  213.01 rps= 140.40
  s2s.crud.fetchFilms                           n=    1 err=   0 errRate=  0.00% avg=  128.83 min=  128.83 max=  128.83 p50=  128.83 p95=  128.83 p99=  128.83 rps=   0.03
window 1m
  calc.additional.maxViewersSummary             n= 8279 err=   0 errRate=  0.00% avg=   93.60 min=   14.07 max=  428.44 p50=   98.57 p95=  196.97 p99=  257.27 rps= 137.98
  controller.AnalyticsController.maxViewersSummary n= 8279 err=   0 errRate=  0.00% avg=   93.99 min=   14.20 max=  428.58 p50=   98.88 p95=  197.57 p99=  257.64 rps= 137.98
  s2s.crud.fetchAllTickets                      n= 8279 err=   0 errRate=  0.00% avg=   92.44 min=   14.01 max=  408.06 p50=   98.39 p95=  194.81 p99=  220.59 rps= 137.98
  s2s.crud.fetchFilms                           n=    2 err=   0 errRate=  0.00% avg=  218.15 min=  128.83 max=  307.48 p50=  218.15 p95=  298.54 p99=  305.69 rps=   0.03

2026-05-06T20:44:00.496Z  INFO 1 --- [lab8-additional-service] [   scheduling-1] r.h.l.a.o.ObservabilityService           : [lab8-additional-service] observability refresh
window 10s
  calc.additional.maxViewersSummary             n= 1357 err=   0 errRate=  0.00% avg=   60.56 min=   14.77 max=  300.26 p50=   32.92 p95=  112.22 p99=  201.51 rps= 135.70
  controller.AnalyticsController.maxViewersSummary n= 1357 err=   0 errRate=  0.00% avg=   60.85 min=   14.94 max=  300.43 p50=   33.16 p95=  112.54 p99=  201.68 rps= 135.70
  s2s.crud.fetchAllTickets                      n= 1357 err=   0 errRate=  0.00% avg=   58.93 min=   14.72 max=  194.72 p50=   32.88 p95=  110.79 p99=  170.49 rps= 135.70
window 30s
  calc.additional.maxViewersSummary             n= 4228 err=   0 errRate=  0.00% avg=   81.26 min=   14.07 max=  408.10 p50=   94.16 p95=  190.06 p99=  216.13 rps= 140.93
  controller.AnalyticsController.maxViewersSummary n= 4228 err=   0 errRate=  0.00% avg=   81.57 min=   14.20 max=  408.23 p50=   94.38 p95=  190.35 p99=  216.31 rps= 140.93
  s2s.crud.fetchAllTickets                      n= 4228 err=   0 errRate=  0.00% avg=   80.69 min=   14.01 max=  408.06 p50=   93.97 p95=  186.08 p99=  212.51 rps= 140.93
  s2s.crud.fetchFilms                           n=    1 err=   0 errRate=  0.00% avg=  128.83 min=  128.83 max=  128.83 p50=  128.83 p95=  128.83 p99=  128.83 rps=   0.03
window 1m
  calc.additional.maxViewersSummary             n= 8306 err=   0 errRate=  0.00% avg=   92.30 min=   14.07 max=  428.44 p50=   98.23 p95=  195.93 p99=  235.18 rps= 138.43
  controller.AnalyticsController.maxViewersSummary n= 8306 err=   0 errRate=  0.00% avg=   92.68 min=   14.20 max=  428.58 p50=   98.52 p95=  196.42 p99=  235.42 rps= 138.43
  s2s.crud.fetchAllTickets                      n= 8306 err=   0 errRate=  0.00% avg=   91.14 min=   14.01 max=  408.06 p50=   98.04 p95=  193.78 p99=  217.86 rps= 138.43
  s2s.crud.fetchFilms                           n=    2 err=   0 errRate=  0.00% avg=  218.15 min=  128.83 max=  307.48 p50=  218.15 p95=  298.54 p99=  305.69 rps=   0.03

2026-05-06T20:44:01.501Z  INFO 1 --- [lab8-additional-service] [   scheduling-1] r.h.l.a.o.ObservabilityService           : [lab8-additional-service] observability refresh
window 10s
  calc.additional.maxViewersSummary             n= 1342 err=   0 errRate=  0.00% avg=   56.58 min=   14.77 max=  191.48 p50=   31.61 p95=  107.54 p99=  125.45 rps= 134.20
  controller.AnalyticsController.maxViewersSummary n= 1342 err=   0 errRate=  0.00% avg=   56.87 min=   14.94 max=  191.84 p50=   31.83 p95=  107.80 p99=  126.88 rps= 134.20
  s2s.crud.fetchAllTickets                      n= 1342 err=   0 errRate=  0.00% avg=   56.51 min=   14.72 max=  191.43 p50=   31.56 p95=  107.50 p99=  125.39 rps= 134.20
window 30s
  calc.additional.maxViewersSummary             n= 4211 err=   0 errRate=  0.00% avg=   79.76 min=   14.07 max=  408.10 p50=   93.41 p95=  187.31 p99=  216.23 rps= 140.37
  controller.AnalyticsController.maxViewersSummary n= 4211 err=   0 errRate=  0.00% avg=   80.06 min=   14.20 max=  408.23 p50=   93.78 p95=  187.65 p99=  216.38 rps= 140.37
  s2s.crud.fetchAllTickets                      n= 4211 err=   0 errRate=  0.00% avg=   79.19 min=   14.01 max=  408.06 p50=   93.30 p95=  182.02 p99=  212.66 rps= 140.37
  s2s.crud.fetchFilms                           n=    1 err=   0 errRate=  0.00% avg=  128.83 min=  128.83 max=  128.83 p50=  128.83 p95=  128.83 p99=  128.83 rps=   0.03
window 1m
  calc.additional.maxViewersSummary             n= 8296 err=   0 errRate=  0.00% avg=   91.33 min=   14.07 max=  428.44 p50=   97.87 p95=  195.68 p99=  235.31 rps= 138.27
  controller.AnalyticsController.maxViewersSummary n= 8296 err=   0 errRate=  0.00% avg=   91.71 min=   14.20 max=  428.58 p50=   98.20 p95=  196.24 p99=  235.47 rps= 138.27
  s2s.crud.fetchAllTickets                      n= 8296 err=   0 errRate=  0.00% avg=   90.18 min=   14.01 max=  408.06 p50=   97.66 p95=  193.43 p99=  217.83 rps= 138.27
  s2s.crud.fetchFilms                           n=    2 err=   0 errRate=  0.00% avg=  218.15 min=  128.83 max=  307.48 p50=  218.15 p95=  298.54 p99=  305.69 rps=   0.03

2026-05-06T20:44:02.507Z  INFO 1 --- [lab8-additional-service] [   scheduling-1] r.h.l.a.o.ObservabilityService           : [lab8-additional-service] observability refresh
window 10s
  calc.additional.maxViewersSummary             n= 1338 err=   0 errRate=  0.00% avg=   58.20 min=   14.77 max=  191.48 p50=   32.89 p95=  109.05 p99=  128.57 rps= 133.80
  controller.AnalyticsController.maxViewersSummary n= 1338 err=   0 errRate=  0.00% avg=   58.51 min=   14.94 max=  191.84 p50=   33.23 p95=  109.29 p99=  129.44 rps= 133.80
  s2s.crud.fetchAllTickets                      n= 1338 err=   0 errRate=  0.00% avg=   58.13 min=   14.72 max=  191.43 p50=   32.84 p95=  109.01 p99=  128.52 rps= 133.80
window 30s
  calc.additional.maxViewersSummary             n= 4194 err=   0 errRate=  0.00% avg=   79.06 min=   14.07 max=  408.10 p50=   93.21 p95=  186.02 p99=  215.72 rps= 139.80
  controller.AnalyticsController.maxViewersSummary n= 4194 err=   0 errRate=  0.00% avg=   79.38 min=   14.20 max=  408.23 p50=   93.53 p95=  186.54 p99=  216.06 rps= 139.80
  s2s.crud.fetchAllTickets                      n= 4194 err=   0 errRate=  0.00% avg=   78.49 min=   14.01 max=  408.06 p50=   93.05 p95=  176.93 p99=  211.45 rps= 139.80
  s2s.crud.fetchFilms                           n=    1 err=   0 errRate=  0.00% avg=  128.83 min=  128.83 max=  128.83 p50=  128.83 p95=  128.83 p99=  128.83 rps=   0.03
window 1m
  calc.additional.maxViewersSummary             n= 8296 err=   0 errRate=  0.00% avg=   90.43 min=   14.07 max=  428.44 p50=   97.63 p95=  195.06 p99=  233.04 rps= 138.27
  controller.AnalyticsController.maxViewersSummary n= 8296 err=   0 errRate=  0.00% avg=   90.81 min=   14.20 max=  428.58 p50=   97.95 p95=  195.62 p99=  233.78 rps= 138.27
  s2s.crud.fetchAllTickets                      n= 8296 err=   0 errRate=  0.00% avg=   89.27 min=   14.01 max=  408.06 p50=   97.42 p95=  192.67 p99=  216.95 rps= 138.27
  s2s.crud.fetchFilms                           n=    2 err=   0 errRate=  0.00% avg=  218.15 min=  128.83 max=  307.48 p50=  218.15 p95=  298.54 p99=  305.69 rps=   0.03

2026-05-06T20:44:03.515Z  INFO 1 --- [lab8-additional-service] [   scheduling-1] r.h.l.a.o.ObservabilityService           : [lab8-additional-service] observability refresh
window 10s
  calc.additional.maxViewersSummary             n= 1336 err=   0 errRate=  0.00% avg=   59.26 min=   14.77 max=  191.48 p50=   34.38 p95=  109.17 p99=  128.58 rps= 133.60
  controller.AnalyticsController.maxViewersSummary n= 1336 err=   0 errRate=  0.00% avg=   59.58 min=   14.94 max=  191.84 p50=   34.52 p95=  109.40 p99=  129.45 rps= 133.60
  s2s.crud.fetchAllTickets                      n= 1336 err=   0 errRate=  0.00% avg=   59.20 min=   14.72 max=  191.43 p50=   34.29 p95=  109.13 p99=  128.53 rps= 133.60
window 30s
  calc.additional.maxViewersSummary             n= 4207 err=   0 errRate=  0.00% avg=   77.94 min=   14.07 max=  408.10 p50=   92.53 p95=  185.64 p99=  215.67 rps= 140.23
  controller.AnalyticsController.maxViewersSummary n= 4207 err=   0 errRate=  0.00% avg=   78.26 min=   14.20 max=  408.23 p50=   92.88 p95=  186.12 p99=  216.03 rps= 140.23
  s2s.crud.fetchAllTickets                      n= 4207 err=   0 errRate=  0.00% avg=   77.37 min=   14.01 max=  408.06 p50=   92.32 p95=  176.38 p99=  211.37 rps= 140.23
  s2s.crud.fetchFilms                           n=    1 err=   0 errRate=  0.00% avg=  128.83 min=  128.83 max=  128.83 p50=  128.83 p95=  128.83 p99=  128.83 rps=   0.03
window 1m
  calc.additional.maxViewersSummary             n= 8344 err=   0 errRate=  0.00% avg=   89.48 min=   14.07 max=  428.44 p50=   97.31 p95=  193.84 p99=  231.48 rps= 139.07
  controller.AnalyticsController.maxViewersSummary n= 8344 err=   0 errRate=  0.00% avg=   89.86 min=   14.20 max=  428.58 p50=   97.68 p95=  194.62 p99=  231.65 rps= 139.07
  s2s.crud.fetchAllTickets                      n= 8344 err=   0 errRate=  0.00% avg=   88.33 min=   14.01 max=  408.06 p50=   97.19 p95=  191.14 p99=  216.23 rps= 139.07
  s2s.crud.fetchFilms                           n=    2 err=   0 errRate=  0.00% avg=  218.15 min=  128.83 max=  307.48 p50=  218.15 p95=  298.54 p99=  305.69 rps=   0.03

2026-05-06T20:44:04.521Z  INFO 1 --- [lab8-additional-service] [   scheduling-1] r.h.l.a.o.ObservabilityService           : [lab8-additional-service] observability refresh
window 10s
  calc.additional.maxViewersSummary             n= 1354 err=   0 errRate=  0.00% avg=   58.84 min=   13.87 max=  191.48 p50=   34.09 p95=  107.63 p99=  128.09 rps= 135.40
  controller.AnalyticsController.maxViewersSummary n= 1354 err=   0 errRate=  0.00% avg=   59.16 min=   13.99 max=  191.84 p50=   34.26 p95=  108.02 p99=  128.95 rps= 135.40
  s2s.crud.fetchAllTickets                      n= 1354 err=   0 errRate=  0.00% avg=   58.77 min=   13.84 max=  191.43 p50=   34.04 p95=  107.58 p99=  128.05 rps= 135.40
window 30s
  calc.additional.maxViewersSummary             n= 4198 err=   0 errRate=  0.00% avg=   76.65 min=   13.87 max=  408.10 p50=   91.84 p95=  179.74 p99=  215.70 rps= 139.93
  controller.AnalyticsController.maxViewersSummary n= 4198 err=   0 errRate=  0.00% avg=   76.96 min=   13.99 max=  408.23 p50=   92.20 p95=  179.87 p99=  216.04 rps= 139.93
  s2s.crud.fetchAllTickets                      n= 4198 err=   0 errRate=  0.00% avg=   76.08 min=   13.84 max=  408.06 p50=   91.63 p95=  156.65 p99=  209.71 rps= 139.93
  s2s.crud.fetchFilms                           n=    1 err=   0 errRate=  0.00% avg=  128.83 min=  128.83 max=  128.83 p50=  128.83 p95=  128.83 p99=  128.83 rps=   0.03
window 1m
  calc.additional.maxViewersSummary             n= 8383 err=   0 errRate=  0.00% avg=   88.14 min=   13.87 max=  428.44 p50=   97.07 p95=  191.86 p99=  224.53 rps= 139.72
  controller.AnalyticsController.maxViewersSummary n= 8383 err=   0 errRate=  0.00% avg=   88.50 min=   13.99 max=  428.58 p50=   97.39 p95=  192.22 p99=  224.69 rps= 139.72
  s2s.crud.fetchAllTickets                      n= 8383 err=   0 errRate=  0.00% avg=   87.00 min=   13.84 max=  408.06 p50=   96.88 p95=  188.40 p99=  211.95 rps= 139.72
  s2s.crud.fetchFilms                           n=    2 err=   0 errRate=  0.00% avg=  218.15 min=  128.83 max=  307.48 p50=  218.15 p95=  298.54 p99=  305.69 rps=   0.03

2026-05-06T20:44:05.527Z  INFO 1 --- [lab8-additional-service] [   scheduling-1] r.h.l.a.o.ObservabilityService           : [lab8-additional-service] observability refresh
window 10s
  calc.additional.maxViewersSummary             n= 1344 err=   0 errRate=  0.00% avg=   58.29 min=   13.87 max=  191.48 p50=   32.55 p95=  107.20 p99=  126.42 rps= 134.40
  controller.AnalyticsController.maxViewersSummary n= 1344 err=   0 errRate=  0.00% avg=   58.61 min=   13.99 max=  191.84 p50=   33.11 p95=  107.53 p99=  127.66 rps= 134.40
  s2s.crud.fetchAllTickets                      n= 1344 err=   0 errRate=  0.00% avg=   58.23 min=   13.84 max=  191.43 p50=   32.49 p95=  107.16 p99=  126.36 rps= 134.40
window 30s
  calc.additional.maxViewersSummary             n= 4167 err=   0 errRate=  0.00% avg=   75.48 min=   13.87 max=  408.10 p50=   90.53 p95=  162.48 p99=  215.89 rps= 138.90
  controller.AnalyticsController.maxViewersSummary n= 4167 err=   0 errRate=  0.00% avg=   75.80 min=   13.99 max=  408.23 p50=   90.93 p95=  163.01 p99=  216.16 rps= 138.90
  s2s.crud.fetchAllTickets                      n= 4167 err=   0 errRate=  0.00% avg=   74.91 min=   13.84 max=  408.06 p50=   90.34 p95=  140.97 p99=  209.19 rps= 138.90
  s2s.crud.fetchFilms                           n=    1 err=   0 errRate=  0.00% avg=  128.83 min=  128.83 max=  128.83 p50=  128.83 p95=  128.83 p99=  128.83 rps=   0.03
window 1m
  calc.additional.maxViewersSummary             n= 8381 err=   0 errRate=  0.00% avg=   87.27 min=   13.87 max=  428.44 p50=   96.72 p95=  191.48 p99=  224.53 rps= 139.68
  controller.AnalyticsController.maxViewersSummary n= 8381 err=   0 errRate=  0.00% avg=   87.63 min=   13.99 max=  428.58 p50=   97.04 p95=  191.89 p99=  224.70 rps= 139.68
  s2s.crud.fetchAllTickets                      n= 8381 err=   0 errRate=  0.00% avg=   86.12 min=   13.84 max=  408.06 p50=   96.58 p95=  187.90 p99=  211.89 rps= 139.68
  s2s.crud.fetchFilms                           n=    2 err=   0 errRate=  0.00% avg=  218.15 min=  128.83 max=  307.48 p50=  218.15 p95=  298.54 p99=  305.69 rps=   0.03

2026-05-06T20:44:06.534Z  INFO 1 --- [lab8-additional-service] [   scheduling-1] r.h.l.a.o.ObservabilityService           : [lab8-additional-service] observability refresh
window 10s
  calc.additional.maxViewersSummary             n= 1353 err=   0 errRate=  0.00% avg=   57.80 min=   13.87 max=  191.48 p50=   32.13 p95=  107.18 p99=  126.38 rps= 135.30
  controller.AnalyticsController.maxViewersSummary n= 1353 err=   0 errRate=  0.00% avg=   58.12 min=   13.99 max=  191.84 p50=   32.48 p95=  107.51 p99=  127.61 rps= 135.30
  s2s.crud.fetchAllTickets                      n= 1353 err=   0 errRate=  0.00% avg=   57.75 min=   13.84 max=  191.43 p50=   32.09 p95=  107.14 p99=  126.32 rps= 135.30
window 30s
  calc.additional.maxViewersSummary             n= 4158 err=   0 errRate=  0.00% avg=   74.17 min=   13.87 max=  408.10 p50=   88.94 p95=  158.46 p99=  215.94 rps= 138.60
  controller.AnalyticsController.maxViewersSummary n= 4158 err=   0 errRate=  0.00% avg=   74.49 min=   13.99 max=  408.23 p50=   89.43 p95=  159.57 p99=  216.20 rps= 138.60
  s2s.crud.fetchAllTickets                      n= 4158 err=   0 errRate=  0.00% avg=   73.60 min=   13.84 max=  408.06 p50=   88.71 p95=  140.65 p99=  209.26 rps= 138.60
  s2s.crud.fetchFilms                           n=    1 err=   0 errRate=  0.00% avg=  128.83 min=  128.83 max=  128.83 p50=  128.83 p95=  128.83 p99=  128.83 rps=   0.03
window 1m
  calc.additional.maxViewersSummary             n= 8409 err=   0 errRate=  0.00% avg=   86.04 min=   13.87 max=  428.44 p50=   96.25 p95=  189.86 p99=  221.49 rps= 140.15
  controller.AnalyticsController.maxViewersSummary n= 8409 err=   0 errRate=  0.00% avg=   86.40 min=   13.99 max=  428.58 p50=   96.63 p95=  190.38 p99=  221.64 rps= 140.15
  s2s.crud.fetchAllTickets                      n= 8409 err=   0 errRate=  0.00% avg=   84.90 min=   13.84 max=  408.06 p50=   96.07 p95=  186.23 p99=  210.84 rps= 140.15
  s2s.crud.fetchFilms                           n=    2 err=   0 errRate=  0.00% avg=  218.15 min=  128.83 max=  307.48 p50=  218.15 p95=  298.54 p99=  305.69 rps=   0.03

2026-05-06T20:44:07.546Z  INFO 1 --- [lab8-additional-service] [   scheduling-1] r.h.l.a.o.ObservabilityService           : [lab8-additional-service] observability refresh
window 10s
  calc.additional.maxViewersSummary             n= 1349 err=   0 errRate=  0.00% avg=   57.52 min=   13.49 max=  303.02 p50=   31.76 p95=  107.13 p99=  127.38 rps= 134.90
  controller.AnalyticsController.maxViewersSummary n= 1349 err=   0 errRate=  0.00% avg=   57.84 min=   13.67 max=  303.21 p50=   32.14 p95=  107.37 p99=  128.31 rps= 134.90
  s2s.crud.fetchAllTickets                      n= 1349 err=   0 errRate=  0.00% avg=   57.46 min=   13.45 max=  302.97 p50=   31.72 p95=  107.08 p99=  127.33 rps= 134.90
window 30s
  calc.additional.maxViewersSummary             n= 4137 err=   0 errRate=  0.00% avg=   73.03 min=   13.49 max=  408.10 p50=   86.32 p95=  154.63 p99=  216.44 rps= 137.90
  controller.AnalyticsController.maxViewersSummary n= 4138 err=   0 errRate=  0.00% avg=   73.35 min=   13.67 max=  408.23 p50=   86.96 p95=  155.23 p99=  216.87 rps= 137.93
  s2s.crud.fetchAllTickets                      n= 4137 err=   0 errRate=  0.00% avg=   72.45 min=   13.45 max=  408.06 p50=   85.89 p95=  138.59 p99=  210.30 rps= 137.90
  s2s.crud.fetchFilms                           n=    1 err=   0 errRate=  0.00% avg=  128.83 min=  128.83 max=  128.83 p50=  128.83 p95=  128.83 p99=  128.83 rps=   0.03
window 1m
  calc.additional.maxViewersSummary             n= 8400 err=   0 errRate=  0.00% avg=   85.15 min=   13.49 max=  428.44 p50=   95.80 p95=  189.34 p99=  221.76 rps= 140.00
  controller.AnalyticsController.maxViewersSummary n= 8400 err=   0 errRate=  0.00% avg=   85.51 min=   13.67 max=  428.58 p50=   96.20 p95=  189.85 p99=  221.93 rps= 140.00
  s2s.crud.fetchAllTickets                      n= 8400 err=   0 errRate=  0.00% avg=   84.01 min=   13.45 max=  408.06 p50=   95.62 p95=  185.68 p99=  210.97 rps= 140.00
  s2s.crud.fetchFilms                           n=    2 err=   0 errRate=  0.00% avg=  218.15 min=  128.83 max=  307.48 p50=  218.15 p95=  298.54 p99=  305.69 rps=   0.03

2026-05-06T20:44:08.295Z  INFO 1 --- [lab8-additional-service] [   scheduling-1] r.h.l.a.service.FilmCacheService         : film-cache stats: size=310 ttlMs=30000 lastRefreshAtMs=1778100230342 hits=12563 misses=4 refreshes=4
2026-05-06T20:44:08.556Z  INFO 1 --- [lab8-additional-service] [   scheduling-1] r.h.l.a.o.ObservabilityService           : [lab8-additional-service] observability refresh
window 10s
  calc.additional.maxViewersSummary             n= 1318 err=   0 errRate=  0.00% avg=   57.00 min=   13.49 max=  303.02 p50=   31.08 p95=  107.21 p99=  128.70 rps= 131.80
  controller.AnalyticsController.maxViewersSummary n= 1318 err=   0 errRate=  0.00% avg=   57.32 min=   13.67 max=  303.21 p50=   31.29 p95=  107.53 p99=  130.17 rps= 131.80
  s2s.crud.fetchAllTickets                      n= 1318 err=   0 errRate=  0.00% avg=   56.94 min=   13.45 max=  302.97 p50=   31.04 p95=  107.16 p99=  128.65 rps= 131.80
window 30s
  calc.additional.maxViewersSummary             n= 4089 err=   0 errRate=  0.00% avg=   72.14 min=   13.49 max=  408.10 p50=   84.83 p95=  142.82 p99=  216.56 rps= 136.30
  controller.AnalyticsController.maxViewersSummary n= 4089 err=   0 errRate=  0.00% avg=   72.45 min=   13.67 max=  408.23 p50=   85.31 p95=  143.48 p99=  217.16 rps= 136.30
  s2s.crud.fetchAllTickets                      n= 4089 err=   0 errRate=  0.00% avg=   71.56 min=   13.45 max=  408.06 p50=   84.43 p95=  136.07 p99=  209.84 rps= 136.30
  s2s.crud.fetchFilms                           n=    1 err=   0 errRate=  0.00% avg=  128.83 min=  128.83 max=  128.83 p50=  128.83 p95=  128.83 p99=  128.83 rps=   0.03
window 1m
  calc.additional.maxViewersSummary             n= 8354 err=   0 errRate=  0.00% avg=   84.65 min=   13.49 max=  428.44 p50=   95.60 p95=  189.05 p99=  221.98 rps= 139.23
  controller.AnalyticsController.maxViewersSummary n= 8354 err=   0 errRate=  0.00% avg=   85.00 min=   13.67 max=  428.58 p50=   95.96 p95=  189.63 p99=  222.15 rps= 139.23
  s2s.crud.fetchAllTickets                      n= 8354 err=   0 errRate=  0.00% avg=   83.50 min=   13.45 max=  408.06 p50=   95.40 p95=  184.90 p99=  210.91 rps= 139.23
  s2s.crud.fetchFilms                           n=    2 err=   0 errRate=  0.00% avg=  218.15 min=  128.83 max=  307.48 p50=  218.15 p95=  298.54 p99=  305.69 rps=   0.03

2026-05-06T20:44:09.569Z  INFO 1 --- [lab8-additional-service] [   scheduling-1] r.h.l.a.o.ObservabilityService           : [lab8-additional-service] observability refresh
window 10s
  calc.additional.maxViewersSummary             n= 1325 err=   0 errRate=  0.00% avg=   55.13 min=   13.49 max=  303.02 p50=   29.94 p95=  106.45 p99=  126.89 rps= 132.50
  controller.AnalyticsController.maxViewersSummary n= 1325 err=   0 errRate=  0.00% avg=   55.45 min=   13.67 max=  303.21 p50=   30.16 p95=  106.90 p99=  128.17 rps= 132.50
  s2s.crud.fetchAllTickets                      n= 1325 err=   0 errRate=  0.00% avg=   55.07 min=   13.45 max=  302.97 p50=   29.89 p95=  106.40 p99=  126.83 rps= 132.50
window 30s
  calc.additional.maxViewersSummary             n= 4062 err=   0 errRate=  0.00% avg=   71.09 min=   13.49 max=  408.10 p50=   81.83 p95=  143.77 p99=  216.64 rps= 135.40
  controller.AnalyticsController.maxViewersSummary n= 4062 err=   0 errRate=  0.00% avg=   71.41 min=   13.67 max=  408.23 p50=   82.30 p95=  144.74 p99=  217.18 rps= 135.40
  s2s.crud.fetchAllTickets                      n= 4062 err=   0 errRate=  0.00% avg=   70.51 min=   13.45 max=  408.06 p50=   81.34 p95=  136.10 p99=  210.08 rps= 135.40
  s2s.crud.fetchFilms                           n=    1 err=   0 errRate=  0.00% avg=  128.83 min=  128.83 max=  128.83 p50=  128.83 p95=  128.83 p99=  128.83 rps=   0.03
window 1m
  calc.additional.maxViewersSummary             n= 8343 err=   0 errRate=  0.00% avg=   83.94 min=   13.49 max=  428.44 p50=   95.24 p95=  188.82 p99=  222.03 rps= 139.05
  controller.AnalyticsController.maxViewersSummary n= 8343 err=   0 errRate=  0.00% avg=   84.29 min=   13.67 max=  428.58 p50=   95.58 p95=  189.38 p99=  222.20 rps= 139.05
  s2s.crud.fetchAllTickets                      n= 8343 err=   0 errRate=  0.00% avg=   82.79 min=   13.45 max=  408.06 p50=   95.02 p95=  184.19 p99=  210.92 rps= 139.05
  s2s.crud.fetchFilms                           n=    2 err=   0 errRate=  0.00% avg=  218.15 min=  128.83 max=  307.48 p50=  218.15 p95=  298.54 p99=  305.69 rps=   0.03

2026-05-06T20:44:10.581Z  INFO 1 --- [lab8-additional-service] [   scheduling-1] r.h.l.a.o.ObservabilityService           : [lab8-additional-service] observability refresh
window 10s
  calc.additional.maxViewersSummary             n= 1292 err=   0 errRate=  0.00% avg=   57.36 min=   13.49 max=  303.02 p50=   30.49 p95=  109.92 p99=  188.67 rps= 129.20
  controller.AnalyticsController.maxViewersSummary n= 1292 err=   0 errRate=  0.00% avg=   57.67 min=   13.67 max=  303.21 p50=   30.78 p95=  110.62 p99=  189.28 rps= 129.20
  s2s.crud.fetchAllTickets                      n= 1292 err=   0 errRate=  0.00% avg=   57.30 min=   13.45 max=  302.97 p50=   30.40 p95=  109.72 p99=  188.63 rps= 129.20
window 30s
  calc.additional.maxViewersSummary             n= 4051 err=   0 errRate=  0.00% avg=   70.39 min=   13.49 max=  408.10 p50=   79.15 p95=  159.53 p99=  216.67 rps= 135.03
  controller.AnalyticsController.maxViewersSummary n= 4051 err=   0 errRate=  0.00% avg=   70.70 min=   13.67 max=  408.23 p50=   79.50 p95=  159.68 p99=  217.20 rps= 135.03
  s2s.crud.fetchAllTickets                      n= 4051 err=   0 errRate=  0.00% avg=   69.81 min=   13.45 max=  408.06 p50=   78.87 p95=  140.85 p99=  210.18 rps= 135.03
  s2s.crud.fetchFilms                           n=    1 err=   0 errRate=  0.00% avg=  128.83 min=  128.83 max=  128.83 p50=  128.83 p95=  128.83 p99=  128.83 rps=   0.03
window 1m
  calc.additional.maxViewersSummary             n= 8296 err=   0 errRate=  0.00% avg=   83.71 min=   13.49 max=  428.44 p50=   95.09 p95=  188.80 p99=  222.80 rps= 138.27
  controller.AnalyticsController.maxViewersSummary n= 8296 err=   0 errRate=  0.00% avg=   84.06 min=   13.67 max=  428.58 p50=   95.46 p95=  189.36 p99=  222.93 rps= 138.27
  s2s.crud.fetchAllTickets                      n= 8296 err=   0 errRate=  0.00% avg=   82.55 min=   13.45 max=  408.06 p50=   94.87 p95=  183.90 p99=  210.64 rps= 138.27
  s2s.crud.fetchFilms                           n=    2 err=   0 errRate=  0.00% avg=  218.15 min=  128.83 max=  307.48 p50=  218.15 p95=  298.54 p99=  305.69 rps=   0.03

2026-05-06T20:44:11.586Z  INFO 1 --- [lab8-additional-service] [   scheduling-1] r.h.l.a.o.ObservabilityService           : [lab8-additional-service] observability refresh
window 10s
  calc.additional.maxViewersSummary             n= 1273 err=   0 errRate=  0.00% avg=   60.87 min=   13.49 max=  319.30 p50=   32.21 p95=  121.83 p99=  201.48 rps= 127.30
  controller.AnalyticsController.maxViewersSummary n= 1273 err=   0 errRate=  0.00% avg=   61.20 min=   13.67 max=  319.55 p50=   32.52 p95=  122.93 p99=  201.73 rps= 127.30
  s2s.crud.fetchAllTickets                      n= 1273 err=   0 errRate=  0.00% avg=   60.81 min=   13.45 max=  319.25 p50=   32.17 p95=  121.79 p99=  201.44 rps= 127.30
window 30s
  calc.additional.maxViewersSummary             n= 4037 err=   0 errRate=  0.00% avg=   69.61 min=   13.49 max=  408.10 p50=   77.51 p95=  136.42 p99=  216.41 rps= 134.57
  controller.AnalyticsController.maxViewersSummary n= 4037 err=   0 errRate=  0.00% avg=   69.92 min=   13.67 max=  408.23 p50=   78.07 p95=  136.68 p99=  216.71 rps= 134.57
  s2s.crud.fetchAllTickets                      n= 4037 err=   0 errRate=  0.00% avg=   69.03 min=   13.45 max=  408.06 p50=   77.46 p95=  134.17 p99=  208.05 rps= 134.57
  s2s.crud.fetchFilms                           n=    1 err=   0 errRate=  0.00% avg=  128.83 min=  128.83 max=  128.83 p50=  128.83 p95=  128.83 p99=  128.83 rps=   0.03
window 1m
  calc.additional.maxViewersSummary             n= 8253 err=   0 errRate=  0.00% avg=   83.68 min=   13.49 max=  428.44 p50=   94.95 p95=  189.72 p99=  226.09 rps= 137.55
  controller.AnalyticsController.maxViewersSummary n= 8253 err=   0 errRate=  0.00% avg=   84.03 min=   13.67 max=  428.58 p50=   95.36 p95=  190.37 p99=  226.27 rps= 137.55
  s2s.crud.fetchAllTickets                      n= 8253 err=   0 errRate=  0.00% avg=   82.52 min=   13.45 max=  408.06 p50=   94.77 p95=  185.57 p99=  211.16 rps= 137.55
  s2s.crud.fetchFilms                           n=    2 err=   0 errRate=  0.00% avg=  218.15 min=  128.83 max=  307.48 p50=  218.15 p95=  298.54 p99=  305.69 rps=   0.03

2026-05-06T20:44:12.592Z  INFO 1 --- [lab8-additional-service] [   scheduling-1] r.h.l.a.o.ObservabilityService           : [lab8-additional-service] observability refresh
window 10s
  calc.additional.maxViewersSummary             n= 1219 err=   0 errRate=  0.00% avg=   61.65 min=   13.49 max=  319.30 p50=   31.13 p95=  139.35 p99=  204.67 rps= 121.90
  controller.AnalyticsController.maxViewersSummary n= 1219 err=   0 errRate=  0.00% avg=   61.95 min=   13.67 max=  319.55 p50=   31.29 p95=  139.47 p99=  204.80 rps= 121.90
  s2s.crud.fetchAllTickets                      n= 1219 err=   0 errRate=  0.00% avg=   61.59 min=   13.45 max=  319.25 p50=   31.09 p95=  139.32 p99=  204.63 rps= 121.90
window 30s
  calc.additional.maxViewersSummary             n= 3941 err=   0 errRate=  0.00% avg=   69.49 min=   13.49 max=  408.10 p50=   76.36 p95=  158.40 p99=  267.25 rps= 131.37
  controller.AnalyticsController.maxViewersSummary n= 3941 err=   0 errRate=  0.00% avg=   69.80 min=   13.67 max=  408.23 p50=   76.67 p95=  158.63 p99=  267.85 rps= 131.37
  s2s.crud.fetchAllTickets                      n= 3941 err=   0 errRate=  0.00% avg=   68.89 min=   13.45 max=  408.06 p50=   76.29 p95=  143.60 p99=  209.72 rps= 131.37
  s2s.crud.fetchFilms                           n=    1 err=   0 errRate=  0.00% avg=  128.83 min=  128.83 max=  128.83 p50=  128.83 p95=  128.83 p99=  128.83 rps=   0.03
window 1m
  calc.additional.maxViewersSummary             n= 8183 err=   0 errRate=  0.00% avg=   83.50 min=   13.49 max=  428.44 p50=   94.68 p95=  190.13 p99=  254.54 rps= 136.38
  controller.AnalyticsController.maxViewersSummary n= 8183 err=   0 errRate=  0.00% avg=   83.85 min=   13.67 max=  428.58 p50=   95.04 p95=  190.66 p99=  255.59 rps= 136.38
  s2s.crud.fetchAllTickets                      n= 8183 err=   0 errRate=  0.00% avg=   82.33 min=   13.45 max=  408.06 p50=   94.51 p95=  185.70 p99=  211.90 rps= 136.38
  s2s.crud.fetchFilms                           n=    2 err=   0 errRate=  0.00% avg=  218.15 min=  128.83 max=  307.48 p50=  218.15 p95=  298.54 p99=  305.69 rps=   0.03

2026-05-06T20:44:13.597Z  INFO 1 --- [lab8-additional-service] [   scheduling-1] r.h.l.a.o.ObservabilityService           : [lab8-additional-service] observability refresh
window 10s
  calc.additional.maxViewersSummary             n= 1174 err=   0 errRate=  0.00% avg=   66.62 min=   13.49 max=  429.83 p50=   33.28 p95=  190.20 p99=  300.55 rps= 117.40
  controller.AnalyticsController.maxViewersSummary n= 1174 err=   0 errRate=  0.00% avg=   66.92 min=   13.67 max=  430.90 p50=   33.56 p95=  190.38 p99=  300.70 rps= 117.40
  s2s.crud.fetchAllTickets                      n= 1174 err=   0 errRate=  0.00% avg=   66.56 min=   13.45 max=  429.79 p50=   33.23 p95=  190.16 p99=  300.51 rps= 117.40
window 30s
  calc.additional.maxViewersSummary             n= 3855 err=   0 errRate=  0.00% avg=   70.29 min=   13.49 max=  429.83 p50=   75.53 p95=  185.79 p99=  294.89 rps= 128.50
  controller.AnalyticsController.maxViewersSummary n= 3855 err=   0 errRate=  0.00% avg=   70.60 min=   13.67 max=  430.90 p50=   75.88 p95=  186.53 p99=  295.16 rps= 128.50
  s2s.crud.fetchAllTickets                      n= 3855 err=   0 errRate=  0.00% avg=   69.68 min=   13.45 max=  429.79 p50=   75.46 p95=  164.40 p99=  292.64 rps= 128.50
  s2s.crud.fetchFilms                           n=    1 err=   0 errRate=  0.00% avg=  128.83 min=  128.83 max=  128.83 p50=  128.83 p95=  128.83 p99=  128.83 rps=   0.03
window 1m
  calc.additional.maxViewersSummary             n= 8132 err=   0 errRate=  0.00% avg=   83.59 min=   13.49 max=  429.83 p50=   94.59 p95=  191.71 p99=  283.73 rps= 135.53
  controller.AnalyticsController.maxViewersSummary n= 8132 err=   0 errRate=  0.00% avg=   83.93 min=   13.67 max=  430.90 p50=   94.92 p95=  192.15 p99=  284.17 rps= 135.53
  s2s.crud.fetchAllTickets                      n= 8132 err=   0 errRate=  0.00% avg=   82.41 min=   13.45 max=  429.79 p50=   94.42 p95=  187.76 p99=  215.96 rps= 135.53
  s2s.crud.fetchFilms                           n=    2 err=   0 errRate=  0.00% avg=  218.15 min=  128.83 max=  307.48 p50=  218.15 p95=  298.54 p99=  305.69 rps=   0.03

2026-05-06T20:44:14.605Z  INFO 1 --- [lab8-additional-service] [   scheduling-1] r.h.l.a.o.ObservabilityService           : [lab8-additional-service] observability refresh
window 10s
  calc.additional.maxViewersSummary             n= 1114 err=   0 errRate=  0.00% avg=   74.04 min=   13.49 max=  429.83 p50=   64.02 p95=  201.54 p99=  311.60 rps= 111.40
  controller.AnalyticsController.maxViewersSummary n= 1114 err=   0 errRate=  0.00% avg=   74.34 min=   13.67 max=  430.90 p50=   64.32 p95=  201.77 p99=  311.73 rps= 111.40
  s2s.crud.fetchAllTickets                      n= 1114 err=   0 errRate=  0.00% avg=   73.97 min=   13.45 max=  429.79 p50=   63.96 p95=  201.45 p99=  311.56 rps= 111.40
window 30s
  calc.additional.maxViewersSummary             n= 3775 err=   0 errRate=  0.00% avg=   71.41 min=   13.49 max=  429.83 p50=   75.41 p95=  194.45 p99=  299.02 rps= 125.83
  controller.AnalyticsController.maxViewersSummary n= 3775 err=   0 errRate=  0.00% avg=   71.72 min=   13.67 max=  430.90 p50=   75.86 p95=  194.68 p99=  299.21 rps= 125.83
  s2s.crud.fetchAllTickets                      n= 3775 err=   0 errRate=  0.00% avg=   70.79 min=   13.45 max=  429.79 p50=   75.37 p95=  188.84 p99=  297.80 rps= 125.83
  s2s.crud.fetchFilms                           n=    1 err=   0 errRate=  0.00% avg=  128.83 min=  128.83 max=  128.83 p50=  128.83 p95=  128.83 p99=  128.83 rps=   0.03
window 1m
  calc.additional.maxViewersSummary             n= 8055 err=   0 errRate=  0.00% avg=   84.17 min=   13.49 max=  429.83 p50=   94.61 p95=  193.95 p99=  290.46 rps= 134.25
  controller.AnalyticsController.maxViewersSummary n= 8055 err=   0 errRate=  0.00% avg=   84.52 min=   13.67 max=  430.90 p50=   94.95 p95=  194.61 p99=  290.69 rps= 134.25
  s2s.crud.fetchAllTickets                      n= 8055 err=   0 errRate=  0.00% avg=   82.99 min=   13.45 max=  429.79 p50=   94.44 p95=  190.42 p99=  219.57 rps= 134.25
  s2s.crud.fetchFilms                           n=    2 err=   0 errRate=  0.00% avg=  218.15 min=  128.83 max=  307.48 p50=  218.15 p95=  298.54 p99=  305.69 rps=   0.03

2026-05-06T20:44:15.613Z  INFO 1 --- [lab8-additional-service] [   scheduling-1] r.h.l.a.o.ObservabilityService           : [lab8-additional-service] observability refresh
window 10s
  calc.additional.maxViewersSummary             n= 1095 err=   0 errRate=  0.00% avg=   76.54 min=   13.49 max=  429.83 p50=   71.51 p95=  201.68 p99=  311.71 rps= 109.50
  controller.AnalyticsController.maxViewersSummary n= 1095 err=   0 errRate=  0.00% avg=   76.84 min=   13.67 max=  430.90 p50=   71.82 p95=  201.93 p99=  311.85 rps= 109.50
  s2s.crud.fetchAllTickets                      n= 1095 err=   0 errRate=  0.00% avg=   76.47 min=   13.45 max=  429.79 p50=   71.47 p95=  201.64 p99=  311.66 rps= 109.50
window 30s
  calc.additional.maxViewersSummary             n= 3738 err=   0 errRate=  0.00% avg=   70.72 min=   13.49 max=  429.83 p50=   73.13 p95=  193.55 p99=  299.15 rps= 124.60
  controller.AnalyticsController.maxViewersSummary n= 3738 err=   0 errRate=  0.00% avg=   71.03 min=   13.67 max=  430.90 p50=   73.46 p95=  194.21 p99=  299.30 rps= 124.60
  s2s.crud.fetchAllTickets                      n= 3738 err=   0 errRate=  0.00% avg=   70.09 min=   13.45 max=  429.79 p50=   73.09 p95=  187.51 p99=  298.35 rps= 124.60
  s2s.crud.fetchFilms                           n=    1 err=   0 errRate=  0.00% avg=  128.83 min=  128.83 max=  128.83 p50=  128.83 p95=  128.83 p99=  128.83 rps=   0.03
window 1m
  calc.additional.maxViewersSummary             n= 8024 err=   0 errRate=  0.00% avg=   83.80 min=   13.49 max=  429.83 p50=   94.43 p95=  194.43 p99=  290.58 rps= 133.73
  controller.AnalyticsController.maxViewersSummary n= 8024 err=   0 errRate=  0.00% avg=   84.14 min=   13.67 max=  430.90 p50=   94.76 p95=  194.68 p99=  290.74 rps= 133.73
  s2s.crud.fetchAllTickets                      n= 8024 err=   0 errRate=  0.00% avg=   82.61 min=   13.45 max=  429.79 p50=   94.19 p95=  190.99 p99=  220.27 rps= 133.73
  s2s.crud.fetchFilms                           n=    2 err=   0 errRate=  0.00% avg=  218.15 min=  128.83 max=  307.48 p50=  218.15 p95=  298.54 p99=  305.69 rps=   0.03

2026-05-06T20:44:16.621Z  INFO 1 --- [lab8-additional-service] [   scheduling-1] r.h.l.a.o.ObservabilityService           : [lab8-additional-service] observability refresh
window 10s
  calc.additional.maxViewersSummary             n= 1048 err=   0 errRate=  0.00% avg=   81.81 min=   13.49 max=  429.83 p50=   79.93 p95=  202.65 p99=  312.08 rps= 104.80
  controller.AnalyticsController.maxViewersSummary n= 1048 err=   0 errRate=  0.00% avg=   82.11 min=   13.67 max=  430.90 p50=   80.54 p95=  202.77 p99=  312.42 rps= 104.80
  s2s.crud.fetchAllTickets                      n= 1048 err=   0 errRate=  0.00% avg=   81.74 min=   13.45 max=  429.79 p50=   79.88 p95=  202.61 p99=  312.05 rps= 104.80
window 30s
  calc.additional.maxViewersSummary             n= 3734 err=   0 errRate=  0.00% avg=   69.53 min=   13.49 max=  429.83 p50=   70.88 p95=  187.35 p99=  295.20 rps= 124.47
  controller.AnalyticsController.maxViewersSummary n= 3734 err=   0 errRate=  0.00% avg=   69.84 min=   13.67 max=  430.90 p50=   71.11 p95=  187.60 p99=  295.76 rps= 124.47
  s2s.crud.fetchAllTickets                      n= 3734 err=   0 errRate=  0.00% avg=   68.90 min=   13.45 max=  429.79 p50=   70.84 p95=  170.41 p99=  294.49 rps= 124.47
  s2s.crud.fetchFilms                           n=    1 err=   0 errRate=  0.00% avg=  128.83 min=  128.83 max=  128.83 p50=  128.83 p95=  128.83 p99=  128.83 rps=   0.03
window 1m
  calc.additional.maxViewersSummary             n= 8016 err=   0 errRate=  0.00% avg=   83.27 min=   13.49 max=  429.83 p50=   94.23 p95=  192.81 p99=  290.12 rps= 133.60
  controller.AnalyticsController.maxViewersSummary n= 8016 err=   0 errRate=  0.00% avg=   83.61 min=   13.67 max=  430.90 p50=   94.61 p95=  193.38 p99=  290.42 rps= 133.60
  s2s.crud.fetchAllTickets                      n= 8016 err=   0 errRate=  0.00% avg=   82.09 min=   13.45 max=  429.79 p50=   93.97 p95=  188.92 p99=  219.58 rps= 133.60
  s2s.crud.fetchFilms                           n=    2 err=   0 errRate=  0.00% avg=  218.15 min=  128.83 max=  307.48 p50=  218.15 p95=  298.54 p99=  305.69 rps=   0.03

2026-05-06T20:44:17.627Z  INFO 1 --- [lab8-additional-service] [   scheduling-1] r.h.l.a.o.ObservabilityService           : [lab8-additional-service] observability refresh
window 10s
  calc.additional.maxViewersSummary             n=  983 err=   0 errRate=  0.00% avg=   88.91 min=   14.02 max=  429.83 p50=   90.42 p95=  205.60 p99=  315.90 rps=  98.30
  controller.AnalyticsController.maxViewersSummary n=  983 err=   0 errRate=  0.00% avg=   89.22 min=   14.19 max=  430.90 p50=   90.93 p95=  205.72 p99=  316.03 rps=  98.30
  s2s.crud.fetchAllTickets                      n=  983 err=   0 errRate=  0.00% avg=   88.85 min=   13.98 max=  429.79 p50=   90.35 p95=  205.56 p99=  315.86 rps=  98.30
window 30s
  calc.additional.maxViewersSummary             n= 3684 err=   0 errRate=  0.00% avg=   68.12 min=   13.49 max=  429.83 p50=   69.09 p95=  166.10 p99=  267.24 rps= 122.80
  controller.AnalyticsController.maxViewersSummary n= 3684 err=   0 errRate=  0.00% avg=   68.42 min=   13.67 max=  430.90 p50=   69.29 p95=  166.41 p99=  267.71 rps= 122.80
  s2s.crud.fetchAllTickets                      n= 3684 err=   0 errRate=  0.00% avg=   67.48 min=   13.45 max=  429.79 p50=   69.02 p95=  155.99 p99=  220.93 rps= 122.80
  s2s.crud.fetchFilms                           n=    1 err=   0 errRate=  0.00% avg=  128.83 min=  128.83 max=  128.83 p50=  128.83 p95=  128.83 p99=  128.83 rps=   0.03
window 1m
  calc.additional.maxViewersSummary             n= 7961 err=   0 errRate=  0.00% avg=   83.41 min=   13.49 max=  429.83 p50=   94.20 p95=  193.46 p99=  291.36 rps= 132.68
  controller.AnalyticsController.maxViewersSummary n= 7961 err=   0 errRate=  0.00% avg=   83.74 min=   13.67 max=  430.90 p50=   94.55 p95=  193.86 p99=  291.83 rps= 132.68
  s2s.crud.fetchAllTickets                      n= 7961 err=   0 errRate=  0.00% avg=   82.21 min=   13.45 max=  429.79 p50=   93.96 p95=  189.42 p99=  221.21 rps= 132.68
  s2s.crud.fetchFilms                           n=    2 err=   0 errRate=  0.00% avg=  218.15 min=  128.83 max=  307.48 p50=  218.15 p95=  298.54 p99=  305.69 rps=   0.03

2026-05-06T20:44:18.295Z  INFO 1 --- [lab8-additional-service] [   scheduling-1] r.h.l.a.service.FilmCacheService         : film-cache stats: size=310 ttlMs=30000 lastRefreshAtMs=1778100230342 hits=13554 misses=4 refreshes=4
2026-05-06T20:44:18.636Z  INFO 1 --- [lab8-additional-service] [   scheduling-1] r.h.l.a.o.ObservabilityService           : [lab8-additional-service] observability refresh
window 10s
  calc.additional.maxViewersSummary             n=  991 err=   0 errRate=  0.00% avg=   88.49 min=   14.02 max=  429.83 p50=   89.48 p95=  205.81 p99=  318.75 rps=  99.10
  controller.AnalyticsController.maxViewersSummary n=  991 err=   0 errRate=  0.00% avg=   88.79 min=   14.19 max=  430.90 p50=   90.33 p95=  205.98 p99=  318.92 rps=  99.10
  s2s.crud.fetchAllTickets                      n=  991 err=   0 errRate=  0.00% avg=   88.42 min=   13.98 max=  429.79 p50=   89.42 p95=  205.77 p99=  318.70 rps=  99.10
window 30s
  calc.additional.maxViewersSummary             n= 3639 err=   0 errRate=  0.00% avg=   67.25 min=   13.49 max=  429.83 p50=   44.87 p95=  165.90 p99=  272.56 rps= 121.30
  controller.AnalyticsController.maxViewersSummary n= 3639 err=   0 errRate=  0.00% avg=   67.56 min=   13.67 max=  430.90 p50=   45.05 p95=  166.37 p99=  273.24 rps= 121.30
  s2s.crud.fetchAllTickets                      n= 3639 err=   0 errRate=  0.00% avg=   66.61 min=   13.45 max=  429.79 p50=   44.83 p95=  155.33 p99=  221.27 rps= 121.30
  s2s.crud.fetchFilms                           n=    1 err=   0 errRate=  0.00% avg=  128.83 min=  128.83 max=  128.83 p50=  128.83 p95=  128.83 p99=  128.83 rps=   0.03
window 1m
  calc.additional.maxViewersSummary             n= 7952 err=   0 errRate=  0.00% avg=   82.51 min=   13.49 max=  429.83 p50=   93.86 p95=  192.30 p99=  291.98 rps= 132.53
  controller.AnalyticsController.maxViewersSummary n= 7952 err=   0 errRate=  0.00% avg=   82.84 min=   13.67 max=  430.90 p50=   94.22 p95=  192.74 p99=  292.21 rps= 132.53
  s2s.crud.fetchAllTickets                      n= 7952 err=   0 errRate=  0.00% avg=   81.31 min=   13.45 max=  429.79 p50=   93.63 p95=  188.53 p99=  220.49 rps= 132.53
  s2s.crud.fetchFilms                           n=    2 err=   0 errRate=  0.00% avg=  218.15 min=  128.83 max=  307.48 p50=  218.15 p95=  298.54 p99=  305.69 rps=   0.03

2026-05-06T20:44:19.647Z  INFO 1 --- [lab8-additional-service] [   scheduling-1] r.h.l.a.o.ObservabilityService           : [lab8-additional-service] observability refresh
window 10s
  calc.additional.maxViewersSummary             n= 1004 err=   0 errRate=  0.00% avg=   86.96 min=   13.56 max=  429.83 p50=   87.07 p95=  205.91 p99=  319.29 rps= 100.40
  controller.AnalyticsController.maxViewersSummary n= 1004 err=   0 errRate=  0.00% avg=   87.25 min=   13.70 max=  430.90 p50=   87.59 p95=  206.12 p99=  319.53 rps= 100.40
  s2s.crud.fetchAllTickets                      n= 1004 err=   0 errRate=  0.00% avg=   86.89 min=   13.52 max=  429.79 p50=   86.88 p95=  205.87 p99=  319.23 rps= 100.40
window 30s
  calc.additional.maxViewersSummary             n= 3622 err=   0 errRate=  0.00% avg=   65.96 min=   13.49 max=  429.83 p50=   35.52 p95=  160.84 p99=  274.53 rps= 120.73
  controller.AnalyticsController.maxViewersSummary n= 3622 err=   0 errRate=  0.00% avg=   66.26 min=   13.67 max=  430.90 p50=   35.80 p95=  161.51 p99=  274.71 rps= 120.73
  s2s.crud.fetchAllTickets                      n= 3622 err=   0 errRate=  0.00% avg=   65.31 min=   13.45 max=  429.79 p50=   35.48 p95=  154.29 p99=  221.73 rps= 120.73
  s2s.crud.fetchFilms                           n=    1 err=   0 errRate=  0.00% avg=  128.83 min=  128.83 max=  128.83 p50=  128.83 p95=  128.83 p99=  128.83 rps=   0.03
window 1m
  calc.additional.maxViewersSummary             n= 7954 err=   0 errRate=  0.00% avg=   81.53 min=   13.49 max=  429.83 p50=   93.44 p95=  191.98 p99=  292.89 rps= 132.57
  controller.AnalyticsController.maxViewersSummary n= 7954 err=   0 errRate=  0.00% avg=   81.86 min=   13.67 max=  430.90 p50=   93.80 p95=  192.31 p99=  293.46 rps= 132.57
  s2s.crud.fetchAllTickets                      n= 7954 err=   0 errRate=  0.00% avg=   80.34 min=   13.45 max=  429.79 p50=   93.21 p95=  187.92 p99=  220.69 rps= 132.57
  s2s.crud.fetchFilms                           n=    2 err=   0 errRate=  0.00% avg=  218.15 min=  128.83 max=  307.48 p50=  218.15 p95=  298.54 p99=  305.69 rps=   0.03

2026-05-06T20:44:20.677Z  INFO 1 --- [lab8-additional-service] [   scheduling-1] r.h.l.a.o.ObservabilityService           : [lab8-additional-service] observability refresh
window 10s
  calc.additional.maxViewersSummary             n= 1003 err=   0 errRate=  0.00% avg=   85.50 min=   13.56 max=  429.83 p50=   86.73 p95=  209.73 p99=  319.29 rps= 100.30
  controller.AnalyticsController.maxViewersSummary n= 1003 err=   0 errRate=  0.00% avg=   85.80 min=   13.70 max=  430.90 p50=   87.00 p95=  210.04 p99=  319.53 rps= 100.30
  s2s.crud.fetchAllTickets                      n= 1003 err=   0 errRate=  0.00% avg=   84.48 min=   13.52 max=  429.79 p50=   86.64 p95=  205.51 p99=  319.24 rps= 100.30
  s2s.crud.fetchFilms                           n=    1 err=   0 errRate=  0.00% avg=  209.74 min=  209.74 max=  209.74 p50=  209.74 p95=  209.74 p99=  209.74 rps=   0.10
window 30s
  calc.additional.maxViewersSummary             n= 3639 err=   0 errRate=  0.00% avg=   65.42 min=   13.49 max=  429.83 p50=   35.51 p95=  147.26 p99=  262.14 rps= 121.30
  controller.AnalyticsController.maxViewersSummary n= 3639 err=   0 errRate=  0.00% avg=   65.73 min=   13.67 max=  430.90 p50=   35.76 p95=  147.41 p99=  262.64 rps= 121.30
  s2s.crud.fetchAllTickets                      n= 3639 err=   0 errRate=  0.00% avg=   65.10 min=   13.45 max=  429.79 p50=   35.47 p95=  145.35 p99=  221.65 rps= 121.30
  s2s.crud.fetchFilms                           n=    1 err=   0 errRate=  0.00% avg=  209.74 min=  209.74 max=  209.74 p50=  209.74 p95=  209.74 p99=  209.74 rps=   0.03
window 1m
  calc.additional.maxViewersSummary             n= 7935 err=   0 errRate=  0.00% avg=   81.19 min=   13.49 max=  429.83 p50=   93.15 p95=  192.15 p99=  294.90 rps= 132.25
  controller.AnalyticsController.maxViewersSummary n= 7935 err=   0 errRate=  0.00% avg=   81.52 min=   13.67 max=  430.90 p50=   93.52 p95=  192.62 p99=  295.63 rps= 132.25
  s2s.crud.fetchAllTickets                      n= 7935 err=   0 errRate=  0.00% avg=   79.91 min=   13.45 max=  429.79 p50=   92.89 p95=  187.86 p99=  220.76 rps= 132.25
  s2s.crud.fetchFilms                           n=    2 err=   0 errRate=  0.00% avg=  169.28 min=  128.83 max=  209.74 p50=  169.28 p95=  205.69 p99=  208.93 rps=   0.03

2026-05-06T20:44:21.688Z  INFO 1 --- [lab8-additional-service] [   scheduling-1] r.h.l.a.o.ObservabilityService           : [lab8-additional-service] observability refresh
window 10s
  calc.additional.maxViewersSummary             n= 1018 err=   0 errRate=  0.00% avg=   86.20 min=   13.56 max=  429.83 p50=   82.82 p95=  221.47 p99=  328.11 rps= 101.80
  controller.AnalyticsController.maxViewersSummary n= 1018 err=   0 errRate=  0.00% avg=   86.74 min=   13.70 max=  430.90 p50=   84.12 p95=  221.63 p99=  328.33 rps= 101.80
  s2s.crud.fetchAllTickets                      n= 1018 err=   0 errRate=  0.00% avg=   83.66 min=   13.52 max=  429.79 p50=   82.03 p95=  204.22 p99=  314.77 rps= 101.80
  s2s.crud.fetchFilms                           n=    1 err=   0 errRate=  0.00% avg=  209.74 min=  209.74 max=  209.74 p50=  209.74 p95=  209.74 p99=  209.74 rps=   0.10
window 30s
  calc.additional.maxViewersSummary             n= 3636 err=   0 errRate=  0.00% avg=   66.42 min=   13.49 max=  429.83 p50=   36.20 p95=  158.88 p99=  298.99 rps= 121.20
  controller.AnalyticsController.maxViewersSummary n= 3636 err=   0 errRate=  0.00% avg=   66.80 min=   13.67 max=  430.90 p50=   36.62 p95=  160.91 p99=  299.28 rps= 121.20
  s2s.crud.fetchAllTickets                      n= 3636 err=   0 errRate=  0.00% avg=   65.67 min=   13.45 max=  429.79 p50=   36.15 p95=  154.86 p99=  236.56 rps= 121.20
  s2s.crud.fetchFilms                           n=    1 err=   0 errRate=  0.00% avg=  209.74 min=  209.74 max=  209.74 p50=  209.74 p95=  209.74 p99=  209.74 rps=   0.03
window 1m
  calc.additional.maxViewersSummary             n= 7904 err=   0 errRate=  0.00% avg=   80.27 min=   13.49 max=  429.83 p50=   92.91 p95=  191.52 p99=  283.23 rps= 131.73
  controller.AnalyticsController.maxViewersSummary n= 7904 err=   0 errRate=  0.00% avg=   80.63 min=   13.67 max=  430.90 p50=   93.31 p95=  192.00 p99=  285.09 rps= 131.73
  s2s.crud.fetchAllTickets                      n= 7904 err=   0 errRate=  0.00% avg=   79.61 min=   13.45 max=  429.79 p50=   92.68 p95=  188.73 p99=  221.36 rps= 131.73
  s2s.crud.fetchFilms                           n=    2 err=   0 errRate=  0.00% avg=  169.28 min=  128.83 max=  209.74 p50=  169.28 p95=  205.69 p99=  208.93 rps=   0.03

2026-05-06T20:44:22.709Z  INFO 1 --- [lab8-additional-service] [   scheduling-1] r.h.l.a.o.ObservabilityService           : [lab8-additional-service] observability refresh
window 10s
  calc.additional.maxViewersSummary             n= 1079 err=   0 errRate=  0.00% avg=   81.42 min=   13.56 max=  429.83 p50=   72.52 p95=  214.08 p99=  318.69 rps= 107.90
  controller.AnalyticsController.maxViewersSummary n= 1079 err=   0 errRate=  0.00% avg=   82.16 min=   13.70 max=  430.90 p50=   73.95 p95=  214.44 p99=  318.84 rps= 107.90
  s2s.crud.fetchAllTickets                      n= 1079 err=   0 errRate=  0.00% avg=   79.01 min=   13.52 max=  429.79 p50=   72.37 p95=  199.62 p99=  313.05 rps= 107.90
  s2s.crud.fetchFilms                           n=    1 err=   0 errRate=  0.00% avg=  209.74 min=  209.74 max=  209.74 p50=  209.74 p95=  209.74 p99=  209.74 rps=   0.10
window 30s
  calc.additional.maxViewersSummary             n= 3634 err=   0 errRate=  0.00% avg=   66.56 min=   13.49 max=  429.83 p50=   37.88 p95=  159.04 p99=  299.00 rps= 121.13
  controller.AnalyticsController.maxViewersSummary n= 3634 err=   0 errRate=  0.00% avg=   67.00 min=   13.67 max=  430.90 p50=   38.51 p95=  161.00 p99=  299.28 rps= 121.13
  s2s.crud.fetchAllTickets                      n= 3634 err=   0 errRate=  0.00% avg=   65.81 min=   13.45 max=  429.79 p50=   37.81 p95=  154.91 p99=  236.63 rps= 121.13
  s2s.crud.fetchFilms                           n=    1 err=   0 errRate=  0.00% avg=  209.74 min=  209.74 max=  209.74 p50=  209.74 p95=  209.74 p99=  209.74 rps=   0.03
window 1m
  calc.additional.maxViewersSummary             n= 7903 err=   0 errRate=  0.00% avg=   79.51 min=   13.49 max=  429.83 p50=   92.32 p95=  191.33 p99=  283.25 rps= 131.72
  controller.AnalyticsController.maxViewersSummary n= 7903 err=   0 errRate=  0.00% avg=   79.89 min=   13.67 max=  430.90 p50=   92.77 p95=  191.81 p99=  285.10 rps= 131.72
  s2s.crud.fetchAllTickets                      n= 7903 err=   0 errRate=  0.00% avg=   78.85 min=   13.45 max=  429.79 p50=   92.06 p95=  188.40 p99=  221.36 rps= 131.72
  s2s.crud.fetchFilms                           n=    2 err=   0 errRate=  0.00% avg=  169.28 min=  128.83 max=  209.74 p50=  169.28 p95=  205.69 p99=  208.93 rps=   0.03

2026-05-06T20:44:23.717Z  INFO 1 --- [lab8-additional-service] [   scheduling-1] r.h.l.a.o.ObservabilityService           : [lab8-additional-service] observability refresh
window 10s
  calc.additional.maxViewersSummary             n= 1179 err=   0 errRate=  0.00% avg=   70.09 min=   13.27 max=  399.67 p50=   36.46 p95=  199.17 p99=  301.78 rps= 117.90
  controller.AnalyticsController.maxViewersSummary n= 1179 err=   0 errRate=  0.00% avg=   70.80 min=   13.38 max=  399.77 p50=   37.19 p95=  199.64 p99=  301.89 rps= 117.90
  s2s.crud.fetchAllTickets                      n= 1179 err=   0 errRate=  0.00% avg=   67.89 min=   13.23 max=  395.77 p50=   36.42 p95=  191.44 p99=  256.69 rps= 117.90
  s2s.crud.fetchFilms                           n=    1 err=   0 errRate=  0.00% avg=  209.74 min=  209.74 max=  209.74 p50=  209.74 p95=  209.74 p99=  209.74 rps=   0.10
window 30s
  calc.additional.maxViewersSummary             n= 3680 err=   0 errRate=  0.00% avg=   65.18 min=   13.27 max=  429.83 p50=   34.93 p95=  157.44 p99=  298.95 rps= 122.67
  controller.AnalyticsController.maxViewersSummary n= 3680 err=   0 errRate=  0.00% avg=   65.62 min=   13.38 max=  430.90 p50=   35.26 p95=  158.73 p99=  299.23 rps= 122.67
  s2s.crud.fetchAllTickets                      n= 3680 err=   0 errRate=  0.00% avg=   64.43 min=   13.23 max=  429.79 p50=   34.86 p95=  153.34 p99=  235.10 rps= 122.67
  s2s.crud.fetchFilms                           n=    1 err=   0 errRate=  0.00% avg=  209.74 min=  209.74 max=  209.74 p50=  209.74 p95=  209.74 p99=  209.74 rps=   0.03
window 1m
  calc.additional.maxViewersSummary             n= 7946 err=   0 errRate=  0.00% avg=   77.80 min=   13.27 max=  429.83 p50=   90.97 p95=  189.22 p99=  275.75 rps= 132.43
  controller.AnalyticsController.maxViewersSummary n= 7946 err=   0 errRate=  0.00% avg=   78.18 min=   13.38 max=  430.90 p50=   91.46 p95=  190.20 p99=  279.28 rps= 132.43
  s2s.crud.fetchAllTickets                      n= 7946 err=   0 errRate=  0.00% avg=   77.14 min=   13.23 max=  429.79 p50=   90.60 p95=  186.73 p99=  220.06 rps= 132.43
  s2s.crud.fetchFilms                           n=    2 err=   0 errRate=  0.00% avg=  169.28 min=  128.83 max=  209.74 p50=  169.28 p95=  205.69 p99=  208.93 rps=   0.03

2026-05-06T20:44:24.723Z  INFO 1 --- [lab8-additional-service] [   scheduling-1] r.h.l.a.o.ObservabilityService           : [lab8-additional-service] observability refresh
window 10s
  calc.additional.maxViewersSummary             n= 1246 err=   0 errRate=  0.00% avg=   62.02 min=   13.27 max=  399.67 p50=   32.16 p95=  164.62 p99=  300.12 rps= 124.60
  controller.AnalyticsController.maxViewersSummary n= 1246 err=   0 errRate=  0.00% avg=   62.71 min=   13.38 max=  399.77 p50=   32.48 p95=  171.53 p99=  300.28 rps= 124.60
  s2s.crud.fetchAllTickets                      n= 1246 err=   0 errRate=  0.00% avg=   59.93 min=   13.23 max=  395.77 p50=   32.10 p95=  151.17 p99=  204.84 rps= 124.60
  s2s.crud.fetchFilms                           n=    1 err=   0 errRate=  0.00% avg=  209.74 min=  209.74 max=  209.74 p50=  209.74 p95=  209.74 p99=  209.74 rps=   0.10
window 30s
  calc.additional.maxViewersSummary             n= 3689 err=   0 errRate=  0.00% avg=   64.52 min=   13.27 max=  429.83 p50=   34.13 p95=  156.65 p99=  298.94 rps= 122.97
  controller.AnalyticsController.maxViewersSummary n= 3689 err=   0 errRate=  0.00% avg=   64.96 min=   13.38 max=  430.90 p50=   34.41 p95=  158.23 p99=  299.23 rps= 122.97
  s2s.crud.fetchAllTickets                      n= 3689 err=   0 errRate=  0.00% avg=   63.77 min=   13.23 max=  429.79 p50=   34.08 p95=  151.32 p99=  234.80 rps= 122.97
  s2s.crud.fetchFilms                           n=    1 err=   0 errRate=  0.00% avg=  209.74 min=  209.74 max=  209.74 p50=  209.74 p95=  209.74 p99=  209.74 rps=   0.03
window 1m
  calc.additional.maxViewersSummary             n= 7958 err=   0 errRate=  0.00% avg=   76.89 min=   13.27 max=  429.83 p50=   90.21 p95=  188.83 p99=  275.70 rps= 132.63
  controller.AnalyticsController.maxViewersSummary n= 7958 err=   0 errRate=  0.00% avg=   77.26 min=   13.38 max=  430.90 p50=   90.64 p95=  189.45 p99=  278.70 rps= 132.63
  s2s.crud.fetchAllTickets                      n= 7958 err=   0 errRate=  0.00% avg=   76.24 min=   13.23 max=  429.79 p50=   89.90 p95=  186.03 p99=  219.43 rps= 132.63
  s2s.crud.fetchFilms                           n=    2 err=   0 errRate=  0.00% avg=  169.28 min=  128.83 max=  209.74 p50=  169.28 p95=  205.69 p99=  208.93 rps=   0.03

2026-05-06T20:44:25.728Z  INFO 1 --- [lab8-additional-service] [   scheduling-1] r.h.l.a.o.ObservabilityService           : [lab8-additional-service] observability refresh
window 10s
  calc.additional.maxViewersSummary             n= 1267 err=   0 errRate=  0.00% avg=   60.39 min=   13.27 max=  399.67 p50=   30.64 p95=  154.20 p99=  300.01 rps= 126.70
  controller.AnalyticsController.maxViewersSummary n= 1267 err=   0 errRate=  0.00% avg=   61.07 min=   13.38 max=  399.77 p50=   31.08 p95=  154.77 p99=  300.20 rps= 126.70
  s2s.crud.fetchAllTickets                      n= 1267 err=   0 errRate=  0.00% avg=   58.34 min=   13.23 max=  395.77 p50=   30.59 p95=  146.93 p99=  201.17 rps= 126.70
  s2s.crud.fetchFilms                           n=    1 err=   0 errRate=  0.00% avg=  209.74 min=  209.74 max=  209.74 p50=  209.74 p95=  209.74 p99=  209.74 rps=   0.10
window 30s
  calc.additional.maxViewersSummary             n= 3704 err=   0 errRate=  0.00% avg=   64.39 min=   13.27 max=  429.83 p50=   34.12 p95=  156.33 p99=  298.86 rps= 123.47
  controller.AnalyticsController.maxViewersSummary n= 3704 err=   0 errRate=  0.00% avg=   64.83 min=   13.38 max=  430.90 p50=   34.34 p95=  157.75 p99=  299.21 rps= 123.47
  s2s.crud.fetchAllTickets                      n= 3704 err=   0 errRate=  0.00% avg=   63.65 min=   13.23 max=  429.79 p50=   34.04 p95=  151.19 p99=  234.03 rps= 123.47
  s2s.crud.fetchFilms                           n=    1 err=   0 errRate=  0.00% avg=  209.74 min=  209.74 max=  209.74 p50=  209.74 p95=  209.74 p99=  209.74 rps=   0.03
window 1m
  calc.additional.maxViewersSummary             n= 7974 err=   0 errRate=  0.00% avg=   76.08 min=   13.27 max=  429.83 p50=   89.24 p95=  187.85 p99=  274.32 rps= 132.90
  controller.AnalyticsController.maxViewersSummary n= 7974 err=   0 errRate=  0.00% avg=   76.45 min=   13.38 max=  430.90 p50=   89.73 p95=  188.16 p99=  275.06 rps= 132.90
  s2s.crud.fetchAllTickets                      n= 7974 err=   0 errRate=  0.00% avg=   75.43 min=   13.23 max=  429.79 p50=   89.00 p95=  184.07 p99=  216.75 rps= 132.90
  s2s.crud.fetchFilms                           n=    2 err=   0 errRate=  0.00% avg=  169.28 min=  128.83 max=  209.74 p50=  169.28 p95=  205.69 p99=  208.93 rps=   0.03

2026-05-06T20:44:26.746Z  INFO 1 --- [lab8-additional-service] [   scheduling-1] r.h.l.a.o.ObservabilityService           : [lab8-additional-service] observability refresh
window 10s
  calc.additional.maxViewersSummary             n= 1362 err=   0 errRate=  0.00% avg=   53.21 min=   13.06 max=  399.67 p50=   27.84 p95=  133.63 p99=  299.76 rps= 136.20
  controller.AnalyticsController.maxViewersSummary n= 1362 err=   0 errRate=  0.00% avg=   53.86 min=   13.19 max=  399.77 p50=   28.15 p95=  133.76 p99=  299.99 rps= 136.20
  s2s.crud.fetchAllTickets                      n= 1362 err=   0 errRate=  0.00% avg=   51.30 min=   13.02 max=  395.77 p50=   27.80 p95=  126.81 p99=  191.33 rps= 136.20
  s2s.crud.fetchFilms                           n=    1 err=   0 errRate=  0.00% avg=  209.74 min=  209.74 max=  209.74 p50=  209.74 p95=  209.74 p99=  209.74 rps=   0.10
window 30s
  calc.additional.maxViewersSummary             n= 3741 err=   0 errRate=  0.00% avg=   62.64 min=   13.06 max=  429.83 p50=   32.10 p95=  154.79 p99=  298.04 rps= 124.70
  controller.AnalyticsController.maxViewersSummary n= 3741 err=   0 errRate=  0.00% avg=   63.07 min=   13.19 max=  430.90 p50=   32.39 p95=  155.48 p99=  299.19 rps= 124.70
  s2s.crud.fetchAllTickets                      n= 3741 err=   0 errRate=  0.00% avg=   61.90 min=   13.02 max=  429.79 p50=   32.06 p95=  150.58 p99=  229.38 rps= 124.70
  s2s.crud.fetchFilms                           n=    1 err=   0 errRate=  0.00% avg=  209.74 min=  209.74 max=  209.74 p50=  209.74 p95=  209.74 p99=  209.74 rps=   0.03
window 1m
  calc.additional.maxViewersSummary             n= 8011 err=   0 errRate=  0.00% avg=   74.59 min=   13.06 max=  429.83 p50=   87.18 p95=  186.81 p99=  274.16 rps= 133.52
  controller.AnalyticsController.maxViewersSummary n= 8011 err=   0 errRate=  0.00% avg=   74.96 min=   13.19 max=  430.90 p50=   87.76 p95=  187.61 p99=  274.77 rps= 133.52
  s2s.crud.fetchAllTickets                      n= 8011 err=   0 errRate=  0.00% avg=   73.95 min=   13.02 max=  429.79 p50=   86.80 p95=  183.28 p99=  216.71 rps= 133.52
  s2s.crud.fetchFilms                           n=    2 err=   0 errRate=  0.00% avg=  169.28 min=  128.83 max=  209.74 p50=  169.28 p95=  205.69 p99=  208.93 rps=   0.03

2026-05-06T20:44:27.780Z  INFO 1 --- [lab8-additional-service] [   scheduling-1] r.h.l.a.o.ObservabilityService           : [lab8-additional-service] observability refresh
window 10s
  calc.additional.maxViewersSummary             n= 1407 err=   0 errRate=  0.00% avg=   50.81 min=   13.06 max=  399.67 p50=   27.71 p95=  107.45 p99=  299.12 rps= 140.70
  controller.AnalyticsController.maxViewersSummary n= 1406 err=   0 errRate=  0.00% avg=   51.44 min=   13.19 max=  399.77 p50=   28.07 p95=  107.81 p99=  299.37 rps= 140.60
  s2s.crud.fetchAllTickets                      n= 1407 err=   0 errRate=  0.00% avg=   48.96 min=   13.02 max=  330.64 p50=   27.67 p95=  105.55 p99=  189.46 rps= 140.70
  s2s.crud.fetchFilms                           n=    1 err=   0 errRate=  0.00% avg=  209.74 min=  209.74 max=  209.74 p50=  209.74 p95=  209.74 p99=  209.74 rps=   0.10
window 30s
  calc.additional.maxViewersSummary             n= 3727 err=   0 errRate=  0.00% avg=   63.10 min=   13.06 max=  429.83 p50=   32.49 p95=  156.15 p99=  298.35 rps= 124.23
  controller.AnalyticsController.maxViewersSummary n= 3726 err=   0 errRate=  0.00% avg=   63.53 min=   13.19 max=  430.90 p50=   33.03 p95=  157.74 p99=  299.20 rps= 124.20
  s2s.crud.fetchAllTickets                      n= 3727 err=   0 errRate=  0.00% avg=   62.36 min=   13.02 max=  429.79 p50=   32.38 p95=  151.17 p99=  231.14 rps= 124.23
  s2s.crud.fetchFilms                           n=    1 err=   0 errRate=  0.00% avg=  209.74 min=  209.74 max=  209.74 p50=  209.74 p95=  209.74 p99=  209.74 rps=   0.03
window 1m
  calc.additional.maxViewersSummary             n= 7972 err=   0 errRate=  0.00% avg=   74.25 min=   13.06 max=  429.83 p50=   86.69 p95=  186.49 p99=  274.33 rps= 132.87
  controller.AnalyticsController.maxViewersSummary n= 7971 err=   0 errRate=  0.00% avg=   74.62 min=   13.19 max=  430.90 p50=   87.15 p95=  187.14 p99=  275.09 rps= 132.85
  s2s.crud.fetchAllTickets                      n= 7972 err=   0 errRate=  0.00% avg=   73.60 min=   13.02 max=  429.79 p50=   86.26 p95=  182.33 p99=  216.75 rps= 132.87
  s2s.crud.fetchFilms                           n=    2 err=   0 errRate=  0.00% avg=  169.28 min=  128.83 max=  209.74 p50=  169.28 p95=  205.69 p99=  208.93 rps=   0.03

2026-05-06T20:44:28.295Z  INFO 1 --- [lab8-additional-service] [   scheduling-1] r.h.l.a.service.FilmCacheService         : film-cache stats: size=310 ttlMs=30000 lastRefreshAtMs=1778100260371 hits=14960 misses=5 refreshes=5
2026-05-06T20:44:28.786Z  INFO 1 --- [lab8-additional-service] [   scheduling-1] r.h.l.a.o.ObservabilityService           : [lab8-additional-service] observability refresh
window 10s
  calc.additional.maxViewersSummary             n= 1418 err=   0 errRate=  0.00% avg=   49.90 min=   13.06 max=  399.67 p50=   27.95 p95=  103.97 p99=  295.68 rps= 141.80
  controller.AnalyticsController.maxViewersSummary n= 1418 err=   0 errRate=  0.00% avg=   50.56 min=   13.19 max=  399.77 p50=   28.50 p95=  105.44 p99=  299.30 rps= 141.80
  s2s.crud.fetchAllTickets                      n= 1418 err=   0 errRate=  0.00% avg=   48.06 min=   13.02 max=  251.28 p50=   27.91 p95=  102.97 p99=  189.03 rps= 141.80
  s2s.crud.fetchFilms                           n=    1 err=   0 errRate=  0.00% avg=  209.74 min=  209.74 max=  209.74 p50=  209.74 p95=  209.74 p99=  209.74 rps=   0.10
window 30s
  calc.additional.maxViewersSummary             n= 3727 err=   0 errRate=  0.00% avg=   62.61 min=   13.06 max=  429.83 p50=   32.20 p95=  155.14 p99=  298.35 rps= 124.23
  controller.AnalyticsController.maxViewersSummary n= 3727 err=   0 errRate=  0.00% avg=   63.05 min=   13.19 max=  430.90 p50=   32.54 p95=  157.01 p99=  299.20 rps= 124.23
  s2s.crud.fetchAllTickets                      n= 3727 err=   0 errRate=  0.00% avg=   61.87 min=   13.02 max=  429.79 p50=   32.15 p95=  150.94 p99=  231.14 rps= 124.23
  s2s.crud.fetchFilms                           n=    1 err=   0 errRate=  0.00% avg=  209.74 min=  209.74 max=  209.74 p50=  209.74 p95=  209.74 p99=  209.74 rps=   0.03
window 1m
  calc.additional.maxViewersSummary             n= 7962 err=   0 errRate=  0.00% avg=   73.61 min=   13.06 max=  429.83 p50=   84.97 p95=  186.33 p99=  274.38 rps= 132.70
  controller.AnalyticsController.maxViewersSummary n= 7962 err=   0 errRate=  0.00% avg=   73.99 min=   13.19 max=  430.90 p50=   85.51 p95=  187.01 p99=  275.17 rps= 132.70
  s2s.crud.fetchAllTickets                      n= 7962 err=   0 errRate=  0.00% avg=   72.97 min=   13.02 max=  429.79 p50=   84.58 p95=  182.00 p99=  216.76 rps= 132.70
  s2s.crud.fetchFilms                           n=    2 err=   0 errRate=  0.00% avg=  169.28 min=  128.83 max=  209.74 p50=  169.28 p95=  205.69 p99=  208.93 rps=   0.03

2026-05-06T20:44:29.791Z  INFO 1 --- [lab8-additional-service] [   scheduling-1] r.h.l.a.o.ObservabilityService           : [lab8-additional-service] observability refresh
window 10s
  calc.additional.maxViewersSummary             n= 1406 err=   0 errRate=  0.00% avg=   50.06 min=   13.06 max=  399.67 p50=   27.72 p95=  105.51 p99=  298.04 rps= 140.60
  controller.AnalyticsController.maxViewersSummary n= 1406 err=   0 errRate=  0.00% avg=   50.72 min=   13.19 max=  399.77 p50=   28.23 p95=  106.12 p99=  299.31 rps= 140.60
  s2s.crud.fetchAllTickets                      n= 1406 err=   0 errRate=  0.00% avg=   48.20 min=   13.02 max=  251.28 p50=   27.68 p95=  104.34 p99=  189.47 rps= 140.60
  s2s.crud.fetchFilms                           n=    1 err=   0 errRate=  0.00% avg=  209.74 min=  209.74 max=  209.74 p50=  209.74 p95=  209.74 p99=  209.74 rps=   0.10
window 30s
  calc.additional.maxViewersSummary             n= 3729 err=   0 errRate=  0.00% avg=   61.82 min=   13.06 max=  429.83 p50=   31.48 p95=  154.50 p99=  298.31 rps= 124.30
  controller.AnalyticsController.maxViewersSummary n= 3729 err=   0 errRate=  0.00% avg=   62.27 min=   13.19 max=  430.90 p50=   31.87 p95=  154.81 p99=  299.19 rps= 124.30
  s2s.crud.fetchAllTickets                      n= 3729 err=   0 errRate=  0.00% avg=   61.09 min=   13.02 max=  429.79 p50=   31.42 p95=  148.54 p99=  230.89 rps= 124.30
  s2s.crud.fetchFilms                           n=    1 err=   0 errRate=  0.00% avg=  209.74 min=  209.74 max=  209.74 p50=  209.74 p95=  209.74 p99=  209.74 rps=   0.03
window 1m
  calc.additional.maxViewersSummary             n= 7955 err=   0 errRate=  0.00% avg=   72.75 min=   13.06 max=  429.83 p50=   82.62 p95=  185.98 p99=  274.04 rps= 132.58
  controller.AnalyticsController.maxViewersSummary n= 7955 err=   0 errRate=  0.00% avg=   73.12 min=   13.19 max=  430.90 p50=   83.23 p95=  186.93 p99=  274.56 rps= 132.58
  s2s.crud.fetchAllTickets                      n= 7955 err=   0 errRate=  0.00% avg=   72.10 min=   13.02 max=  429.79 p50=   82.32 p95=  180.29 p99=  216.60 rps= 132.58
  s2s.crud.fetchFilms                           n=    2 err=   0 errRate=  0.00% avg=  169.28 min=  128.83 max=  209.74 p50=  169.28 p95=  205.69 p99=  208.93 rps=   0.03

2026-05-06T20:44:30.800Z  INFO 1 --- [lab8-additional-service] [   scheduling-1] r.h.l.a.o.ObservabilityService           : [lab8-additional-service] observability refresh
window 10s
  calc.additional.maxViewersSummary             n= 1459 err=   0 errRate=  0.00% avg=   44.86 min=   13.06 max=  257.76 p50=   26.82 p95=  101.24 p99=  114.07 rps= 145.90
  controller.AnalyticsController.maxViewersSummary n= 1459 err=   0 errRate=  0.00% avg=   45.47 min=   13.19 max=  293.15 p50=   27.04 p95=  101.84 p99=  114.58 rps= 145.90
  s2s.crud.fetchAllTickets                      n= 1459 err=   0 errRate=  0.00% avg=   44.79 min=   13.02 max=  251.28 p50=   26.76 p95=  101.13 p99=  114.03 rps= 145.90
window 30s
  calc.additional.maxViewersSummary             n= 3754 err=   0 errRate=  0.00% avg=   61.27 min=   13.06 max=  429.83 p50=   31.15 p95=  153.71 p99=  297.75 rps= 125.13
  controller.AnalyticsController.maxViewersSummary n= 3754 err=   0 errRate=  0.00% avg=   61.71 min=   13.19 max=  430.90 p50=   31.53 p95=  154.46 p99=  299.18 rps= 125.13
  s2s.crud.fetchAllTickets                      n= 3754 err=   0 errRate=  0.00% avg=   60.53 min=   13.02 max=  429.79 p50=   31.10 p95=  148.11 p99=  227.74 rps= 125.13
  s2s.crud.fetchFilms                           n=    1 err=   0 errRate=  0.00% avg=  209.74 min=  209.74 max=  209.74 p50=  209.74 p95=  209.74 p99=  209.74 rps=   0.03
window 1m
  calc.additional.maxViewersSummary             n= 7965 err=   0 errRate=  0.00% avg=   71.61 min=   13.06 max=  429.83 p50=   79.57 p95=  183.62 p99=  274.01 rps= 132.75
  controller.AnalyticsController.maxViewersSummary n= 7965 err=   0 errRate=  0.00% avg=   71.98 min=   13.19 max=  430.90 p50=   80.06 p95=  184.12 p99=  274.51 rps= 132.75
  s2s.crud.fetchAllTickets                      n= 7965 err=   0 errRate=  0.00% avg=   70.97 min=   13.02 max=  429.79 p50=   79.37 p95=  176.06 p99=  216.57 rps= 132.75
  s2s.crud.fetchFilms                           n=    2 err=   0 errRate=  0.00% avg=  169.28 min=  128.83 max=  209.74 p50=  169.28 p95=  205.69 p99=  208.93 rps=   0.03

2026-05-06T20:44:31.805Z  INFO 1 --- [lab8-additional-service] [   scheduling-1] r.h.l.a.o.ObservabilityService           : [lab8-additional-service] observability refresh
window 10s
  calc.additional.maxViewersSummary             n= 1481 err=   0 errRate=  0.00% avg=   43.60 min=   13.06 max=  197.08 p50=   25.91 p95=  100.63 p99=  111.56 rps= 148.10
  controller.AnalyticsController.maxViewersSummary n= 1481 err=   0 errRate=  0.00% avg=   44.03 min=   13.19 max=  197.18 p50=   26.37 p95=  101.40 p99=  111.82 rps= 148.10
  s2s.crud.fetchAllTickets                      n= 1481 err=   0 errRate=  0.00% avg=   43.53 min=   13.02 max=  197.05 p50=   25.82 p95=  100.58 p99=  111.52 rps= 148.10
window 30s
  calc.additional.maxViewersSummary             n= 3773 err=   0 errRate=  0.00% avg=   60.78 min=   13.06 max=  429.83 p50=   30.64 p95=  152.89 p99=  297.33 rps= 125.77
  controller.AnalyticsController.maxViewersSummary n= 3773 err=   0 errRate=  0.00% avg=   61.22 min=   13.19 max=  430.90 p50=   30.89 p95=  154.05 p99=  299.16 rps= 125.77
  s2s.crud.fetchAllTickets                      n= 3773 err=   0 errRate=  0.00% avg=   60.05 min=   13.02 max=  429.79 p50=   30.53 p95=  147.91 p99=  225.35 rps= 125.77
  s2s.crud.fetchFilms                           n=    1 err=   0 errRate=  0.00% avg=  209.74 min=  209.74 max=  209.74 p50=  209.74 p95=  209.74 p99=  209.74 rps=   0.03
window 1m
  calc.additional.maxViewersSummary             n= 7999 err=   0 errRate=  0.00% avg=   70.67 min=   13.06 max=  429.83 p50=   77.68 p95=  179.98 p99=  273.92 rps= 133.32
  controller.AnalyticsController.maxViewersSummary n= 7999 err=   0 errRate=  0.00% avg=   71.04 min=   13.19 max=  430.90 p50=   78.32 p95=  180.49 p99=  274.34 rps= 133.32
  s2s.crud.fetchAllTickets                      n= 7999 err=   0 errRate=  0.00% avg=   70.03 min=   13.02 max=  429.79 p50=   77.64 p95=  169.50 p99=  216.49 rps= 133.32
  s2s.crud.fetchFilms                           n=    2 err=   0 errRate=  0.00% avg=  169.28 min=  128.83 max=  209.74 p50=  169.28 p95=  205.69 p99=  208.93 rps=   0.03

2026-05-06T20:44:32.811Z  INFO 1 --- [lab8-additional-service] [   scheduling-1] r.h.l.a.o.ObservabilityService           : [lab8-additional-service] observability refresh
window 10s
  calc.additional.maxViewersSummary             n= 1471 err=   0 errRate=  0.00% avg=   43.33 min=   13.06 max=  197.08 p50=   25.80 p95=  101.42 p99=  113.05 rps= 147.10
  controller.AnalyticsController.maxViewersSummary n= 1471 err=   0 errRate=  0.00% avg=   43.62 min=   13.19 max=  197.18 p50=   26.05 p95=  101.73 p99=  113.16 rps= 147.10
  s2s.crud.fetchAllTickets                      n= 1471 err=   0 errRate=  0.00% avg=   43.26 min=   13.02 max=  197.05 p50=   25.72 p95=  101.33 p99=  113.01 rps= 147.10
window 30s
  calc.additional.maxViewersSummary             n= 3789 err=   0 errRate=  0.00% avg=   60.12 min=   13.06 max=  429.83 p50=   30.27 p95=  152.15 p99=  296.97 rps= 126.30
  controller.AnalyticsController.maxViewersSummary n= 3789 err=   0 errRate=  0.00% avg=   60.54 min=   13.19 max=  430.90 p50=   30.59 p95=  153.39 p99=  299.15 rps= 126.30
  s2s.crud.fetchAllTickets                      n= 3789 err=   0 errRate=  0.00% avg=   59.39 min=   13.02 max=  429.79 p50=   30.21 p95=  147.63 p99=  223.34 rps= 126.30
  s2s.crud.fetchFilms                           n=    1 err=   0 errRate=  0.00% avg=  209.74 min=  209.74 max=  209.74 p50=  209.74 p95=  209.74 p99=  209.74 rps=   0.03
window 1m
  calc.additional.maxViewersSummary             n= 7981 err=   0 errRate=  0.00% avg=   69.96 min=   13.06 max=  429.83 p50=   75.93 p95=  174.33 p99=  273.97 rps= 133.02
  controller.AnalyticsController.maxViewersSummary n= 7981 err=   0 errRate=  0.00% avg=   70.33 min=   13.19 max=  430.90 p50=   76.21 p95=  176.31 p99=  274.43 rps= 133.02
  s2s.crud.fetchAllTickets                      n= 7981 err=   0 errRate=  0.00% avg=   69.32 min=   13.02 max=  429.79 p50=   75.83 p95=  160.55 p99=  216.30 rps= 133.02
  s2s.crud.fetchFilms                           n=    2 err=   0 errRate=  0.00% avg=  169.28 min=  128.83 max=  209.74 p50=  169.28 p95=  205.69 p99=  208.93 rps=   0.03

2026-05-06T20:44:33.816Z  INFO 1 --- [lab8-additional-service] [   scheduling-1] r.h.l.a.o.ObservabilityService           : [lab8-additional-service] observability refresh
window 10s
  calc.additional.maxViewersSummary             n= 1437 err=   0 errRate=  0.00% avg=   45.01 min=   13.06 max=  197.08 p50=   26.46 p95=  102.01 p99=  113.08 rps= 143.70
  controller.AnalyticsController.maxViewersSummary n= 1437 err=   0 errRate=  0.00% avg=   45.31 min=   13.19 max=  197.18 p50=   26.70 p95=  102.44 p99=  113.20 rps= 143.70
  s2s.crud.fetchAllTickets                      n= 1437 err=   0 errRate=  0.00% avg=   44.95 min=   13.02 max=  197.05 p50=   26.40 p95=  101.92 p99=  113.04 rps= 143.70
window 30s
  calc.additional.maxViewersSummary             n= 3786 err=   0 errRate=  0.00% avg=   59.54 min=   13.06 max=  429.83 p50=   29.95 p95=  152.32 p99=  297.04 rps= 126.20
  controller.AnalyticsController.maxViewersSummary n= 3786 err=   0 errRate=  0.00% avg=   59.96 min=   13.19 max=  430.90 p50=   30.27 p95=  153.55 p99=  299.16 rps= 126.20
  s2s.crud.fetchAllTickets                      n= 3786 err=   0 errRate=  0.00% avg=   58.81 min=   13.02 max=  429.79 p50=   29.90 p95=  147.71 p99=  223.72 rps= 126.20
  s2s.crud.fetchFilms                           n=    1 err=   0 errRate=  0.00% avg=  209.74 min=  209.74 max=  209.74 p50=  209.74 p95=  209.74 p99=  209.74 rps=   0.03
window 1m
  calc.additional.maxViewersSummary             n= 7983 err=   0 errRate=  0.00% avg=   68.99 min=   13.06 max=  429.83 p50=   72.76 p95=  169.76 p99=  273.97 rps= 133.05
  controller.AnalyticsController.maxViewersSummary n= 7983 err=   0 errRate=  0.00% avg=   69.36 min=   13.19 max=  430.90 p50=   73.43 p95=  171.89 p99=  274.42 rps= 133.05
  s2s.crud.fetchAllTickets                      n= 7983 err=   0 errRate=  0.00% avg=   68.34 min=   13.02 max=  429.79 p50=   72.67 p95=  156.03 p99=  216.30 rps= 133.05
  s2s.crud.fetchFilms                           n=    2 err=   0 errRate=  0.00% avg=  169.28 min=  128.83 max=  209.74 p50=  169.28 p95=  205.69 p99=  208.93 rps=   0.03

2026-05-06T20:44:34.824Z  INFO 1 --- [lab8-additional-service] [   scheduling-1] r.h.l.a.o.ObservabilityService           : [lab8-additional-service] observability refresh
window 10s
  calc.additional.maxViewersSummary             n= 1424 err=   0 errRate=  0.00% avg=   45.38 min=   13.06 max=  197.08 p50=   26.56 p95=  102.47 p99=  113.09 rps= 142.40
  controller.AnalyticsController.maxViewersSummary n= 1424 err=   0 errRate=  0.00% avg=   45.70 min=   13.19 max=  197.18 p50=   26.77 p95=  102.76 p99=  113.78 rps= 142.40
  s2s.crud.fetchAllTickets                      n= 1424 err=   0 errRate=  0.00% avg=   45.32 min=   13.02 max=  197.05 p50=   26.49 p95=  102.32 p99=  113.05 rps= 142.40
window 30s
  calc.additional.maxViewersSummary             n= 3774 err=   0 errRate=  0.00% avg=   59.37 min=   13.06 max=  429.83 p50=   29.94 p95=  152.86 p99=  297.31 rps= 125.80
  controller.AnalyticsController.maxViewersSummary n= 3774 err=   0 errRate=  0.00% avg=   59.80 min=   13.19 max=  430.90 p50=   30.18 p95=  154.02 p99=  299.16 rps= 125.80
  s2s.crud.fetchAllTickets                      n= 3774 err=   0 errRate=  0.00% avg=   58.64 min=   13.02 max=  429.79 p50=   29.88 p95=  147.90 p99=  225.23 rps= 125.80
  s2s.crud.fetchFilms                           n=    1 err=   0 errRate=  0.00% avg=  209.74 min=  209.74 max=  209.74 p50=  209.74 p95=  209.74 p99=  209.74 rps=   0.03
window 1m
  calc.additional.maxViewersSummary             n= 7955 err=   0 errRate=  0.00% avg=   68.30 min=   13.06 max=  429.83 p50=   69.28 p95=  160.66 p99=  274.04 rps= 132.58
  controller.AnalyticsController.maxViewersSummary n= 7955 err=   0 errRate=  0.00% avg=   68.67 min=   13.19 max=  430.90 p50=   69.87 p95=  162.87 p99=  274.56 rps= 132.58
  s2s.crud.fetchAllTickets                      n= 7955 err=   0 errRate=  0.00% avg=   67.65 min=   13.02 max=  429.79 p50=   69.22 p95=  152.36 p99=  216.36 rps= 132.58
  s2s.crud.fetchFilms                           n=    2 err=   0 errRate=  0.00% avg=  169.28 min=  128.83 max=  209.74 p50=  169.28 p95=  205.69 p99=  208.93 rps=   0.03

2026-05-06T20:44:35.829Z  INFO 1 --- [lab8-additional-service] [   scheduling-1] r.h.l.a.o.ObservabilityService           : [lab8-additional-service] observability refresh
window 10s
  calc.additional.maxViewersSummary             n= 1416 err=   0 errRate=  0.00% avg=   45.81 min=   13.06 max=  197.08 p50=   26.54 p95=  104.19 p99=  121.51 rps= 141.60
  controller.AnalyticsController.maxViewersSummary n= 1416 err=   0 errRate=  0.00% avg=   46.16 min=   13.19 max=  197.18 p50=   26.72 p95=  104.62 p99=  125.75 rps= 141.60
  s2s.crud.fetchAllTickets                      n= 1416 err=   0 errRate=  0.00% avg=   45.75 min=   13.02 max=  197.05 p50=   26.44 p95=  103.63 p99=  121.48 rps= 141.60
window 30s
  calc.additional.maxViewersSummary             n= 3775 err=   0 errRate=  0.00% avg=   59.61 min=   13.06 max=  429.83 p50=   30.14 p95=  151.80 p99=  297.28 rps= 125.83
  controller.AnalyticsController.maxViewersSummary n= 3775 err=   0 errRate=  0.00% avg=   60.05 min=   13.19 max=  430.90 p50=   30.41 p95=  153.05 p99=  299.16 rps= 125.83
  s2s.crud.fetchAllTickets                      n= 3775 err=   0 errRate=  0.00% avg=   58.87 min=   13.02 max=  429.79 p50=   30.09 p95=  147.47 p99=  225.10 rps= 125.83
  s2s.crud.fetchFilms                           n=    1 err=   0 errRate=  0.00% avg=  209.74 min=  209.74 max=  209.74 p50=  209.74 p95=  209.74 p99=  209.74 rps=   0.03
window 1m
  calc.additional.maxViewersSummary             n= 7939 err=   0 errRate=  0.00% avg=   67.78 min=   13.06 max=  429.83 p50=   66.01 p95=  154.41 p99=  274.09 rps= 132.32
  controller.AnalyticsController.maxViewersSummary n= 7939 err=   0 errRate=  0.00% avg=   68.16 min=   13.19 max=  430.90 p50=   67.21 p95=  154.76 p99=  274.63 rps= 132.32
  s2s.crud.fetchAllTickets                      n= 7939 err=   0 errRate=  0.00% avg=   67.14 min=   13.02 max=  429.79 p50=   65.97 p95=  146.45 p99=  216.40 rps= 132.32
  s2s.crud.fetchFilms                           n=    2 err=   0 errRate=  0.00% avg=  169.28 min=  128.83 max=  209.74 p50=  169.28 p95=  205.69 p99=  208.93 rps=   0.03

2026-05-06T20:44:36.845Z  INFO 1 --- [lab8-additional-service] [   scheduling-1] r.h.l.a.o.ObservabilityService           : [lab8-additional-service] observability refresh
window 10s
  calc.additional.maxViewersSummary             n= 1376 err=   0 errRate=  0.00% avg=   48.57 min=   13.27 max=  197.08 p50=   27.62 p95=  104.81 p99=  122.68 rps= 137.60
  controller.AnalyticsController.maxViewersSummary n= 1376 err=   0 errRate=  0.00% avg=   48.92 min=   13.37 max=  197.18 p50=   27.88 p95=  105.33 p99=  127.13 rps= 137.60
  s2s.crud.fetchAllTickets                      n= 1376 err=   0 errRate=  0.00% avg=   48.51 min=   13.23 max=  197.05 p50=   27.56 p95=  104.41 p99=  122.65 rps= 137.60
window 30s
  calc.additional.maxViewersSummary             n= 3775 err=   0 errRate=  0.00% avg=   59.54 min=   13.06 max=  429.83 p50=   30.10 p95=  151.80 p99=  297.28 rps= 125.83
  controller.AnalyticsController.maxViewersSummary n= 3775 err=   0 errRate=  0.00% avg=   59.98 min=   13.19 max=  430.90 p50=   30.35 p95=  153.05 p99=  299.16 rps= 125.83
  s2s.crud.fetchAllTickets                      n= 3775 err=   0 errRate=  0.00% avg=   58.80 min=   13.02 max=  429.79 p50=   30.05 p95=  147.47 p99=  225.10 rps= 125.83
  s2s.crud.fetchFilms                           n=    1 err=   0 errRate=  0.00% avg=  209.74 min=  209.74 max=  209.74 p50=  209.74 p95=  209.74 p99=  209.74 rps=   0.03
window 1m
  calc.additional.maxViewersSummary             n= 7924 err=   0 errRate=  0.00% avg=   66.91 min=   13.06 max=  429.83 p50=   44.56 p95=  152.43 p99=  274.13 rps= 132.07
  controller.AnalyticsController.maxViewersSummary n= 7924 err=   0 errRate=  0.00% avg=   67.29 min=   13.19 max=  430.90 p50=   45.67 p95=  153.65 p99=  274.71 rps= 132.07
  s2s.crud.fetchAllTickets                      n= 7924 err=   0 errRate=  0.00% avg=   66.26 min=   13.02 max=  429.79 p50=   44.51 p95=  145.36 p99=  216.43 rps= 132.07
  s2s.crud.fetchFilms                           n=    2 err=   0 errRate=  0.00% avg=  169.28 min=  128.83 max=  209.74 p50=  169.28 p95=  205.69 p99=  208.93 rps=   0.03

2026-05-06T20:44:37.859Z  INFO 1 --- [lab8-additional-service] [   scheduling-1] r.h.l.a.o.ObservabilityService           : [lab8-additional-service] observability refresh
window 10s
  calc.additional.maxViewersSummary             n= 1403 err=   0 errRate=  0.00% avg=   45.94 min=   13.27 max=  197.08 p50=   26.97 p95=  103.32 p99=  119.33 rps= 140.30
  controller.AnalyticsController.maxViewersSummary n= 1403 err=   0 errRate=  0.00% avg=   46.27 min=   13.37 max=  197.18 p50=   27.21 p95=  103.52 p99=  120.07 rps= 140.30
  s2s.crud.fetchAllTickets                      n= 1403 err=   0 errRate=  0.00% avg=   45.89 min=   13.23 max=  197.05 p50=   26.92 p95=  103.24 p99=  119.30 rps= 140.30
window 30s
  calc.additional.maxViewersSummary             n= 3797 err=   0 errRate=  0.00% avg=   59.00 min=   13.06 max=  429.83 p50=   29.94 p95=  151.15 p99=  295.38 rps= 126.57
  controller.AnalyticsController.maxViewersSummary n= 3797 err=   0 errRate=  0.00% avg=   59.44 min=   13.19 max=  430.90 p50=   30.21 p95=  151.31 p99=  296.92 rps= 126.57
  s2s.crud.fetchAllTickets                      n= 3797 err=   0 errRate=  0.00% avg=   58.27 min=   13.02 max=  429.79 p50=   29.87 p95=  147.17 p99=  221.38 rps= 126.57
  s2s.crud.fetchFilms                           n=    1 err=   0 errRate=  0.00% avg=  209.74 min=  209.74 max=  209.74 p50=  209.74 p95=  209.74 p99=  209.74 rps=   0.03
window 1m
  calc.additional.maxViewersSummary             n= 7908 err=   0 errRate=  0.00% avg=   66.13 min=   13.06 max=  429.83 p50=   38.83 p95=  153.08 p99=  274.17 rps= 131.80
  controller.AnalyticsController.maxViewersSummary n= 7908 err=   0 errRate=  0.00% avg=   66.51 min=   13.19 max=  430.90 p50=   39.44 p95=  153.82 p99=  274.78 rps= 131.80
  s2s.crud.fetchAllTickets                      n= 7908 err=   0 errRate=  0.00% avg=   65.48 min=   13.02 max=  429.79 p50=   38.76 p95=  145.45 p99=  216.47 rps= 131.80
  s2s.crud.fetchFilms                           n=    2 err=   0 errRate=  0.00% avg=  169.28 min=  128.83 max=  209.74 p50=  169.28 p95=  205.69 p99=  208.93 rps=   0.03

2026-05-06T20:44:38.295Z  INFO 1 --- [lab8-additional-service] [   scheduling-1] r.h.l.a.service.FilmCacheService         : film-cache stats: size=310 ttlMs=30000 lastRefreshAtMs=1778100260371 hits=16391 misses=5 refreshes=5
2026-05-06T20:44:38.872Z  INFO 1 --- [lab8-additional-service] [   scheduling-1] r.h.l.a.o.ObservabilityService           : [lab8-additional-service] observability refresh
window 10s
  calc.additional.maxViewersSummary             n= 1395 err=   0 errRate=  0.00% avg=   45.17 min=   13.06 max=  197.87 p50=   26.36 p95=  104.19 p99=  126.27 rps= 139.50
  controller.AnalyticsController.maxViewersSummary n= 1395 err=   0 errRate=  0.00% avg=   45.49 min=   13.16 max=  198.02 p50=   26.61 p95=  104.35 p99=  129.49 rps= 139.50
  s2s.crud.fetchAllTickets                      n= 1395 err=   0 errRate=  0.00% avg=   45.11 min=   13.03 max=  197.83 p50=   26.30 p95=  103.89 p99=  126.24 rps= 139.50
window 30s
  calc.additional.maxViewersSummary             n= 3800 err=   0 errRate=  0.00% avg=   58.26 min=   13.06 max=  429.83 p50=   29.61 p95=  150.65 p99=  295.34 rps= 126.67
  controller.AnalyticsController.maxViewersSummary n= 3800 err=   0 errRate=  0.00% avg=   58.70 min=   13.16 max=  430.90 p50=   29.87 p95=  150.76 p99=  296.85 rps= 126.67
  s2s.crud.fetchAllTickets                      n= 3800 err=   0 errRate=  0.00% avg=   57.54 min=   13.02 max=  429.79 p50=   29.54 p95=  146.41 p99=  221.37 rps= 126.67
  s2s.crud.fetchFilms                           n=    1 err=   0 errRate=  0.00% avg=  209.74 min=  209.74 max=  209.74 p50=  209.74 p95=  209.74 p99=  209.74 rps=   0.03
window 1m
  calc.additional.maxViewersSummary             n= 7882 err=   0 errRate=  0.00% avg=   65.17 min=   13.06 max=  429.83 p50=   35.53 p95=  147.86 p99=  274.29 rps= 131.37
  controller.AnalyticsController.maxViewersSummary n= 7882 err=   0 errRate=  0.00% avg=   65.55 min=   13.16 max=  430.90 p50=   35.90 p95=  148.41 p99=  275.16 rps= 131.37
  s2s.crud.fetchAllTickets                      n= 7882 err=   0 errRate=  0.00% avg=   64.52 min=   13.02 max=  429.79 p50=   35.48 p95=  143.60 p99=  216.53 rps= 131.37
  s2s.crud.fetchFilms                           n=    2 err=   0 errRate=  0.00% avg=  169.28 min=  128.83 max=  209.74 p50=  169.28 p95=  205.69 p99=  208.93 rps=   0.03

2026-05-06T20:44:39.878Z  INFO 1 --- [lab8-additional-service] [   scheduling-1] r.h.l.a.o.ObservabilityService           : [lab8-additional-service] observability refresh
window 10s
  calc.additional.maxViewersSummary             n= 1324 err=   0 errRate=  0.00% avg=   49.94 min=   13.06 max=  611.59 p50=   26.66 p95=  108.20 p99=  201.60 rps= 132.40
  controller.AnalyticsController.maxViewersSummary n= 1324 err=   0 errRate=  0.00% avg=   50.26 min=   13.16 max=  611.69 p50=   26.94 p95=  109.25 p99=  201.79 rps= 132.40
  s2s.crud.fetchAllTickets                      n= 1324 err=   0 errRate=  0.00% avg=   49.88 min=   13.03 max=  611.55 p50=   26.59 p95=  108.17 p99=  201.55 rps= 132.40
window 30s
  calc.additional.maxViewersSummary             n= 3728 err=   0 errRate=  0.00% avg=   60.15 min=   13.06 max=  611.59 p50=   29.93 p95=  172.11 p99=  299.32 rps= 124.27
  controller.AnalyticsController.maxViewersSummary n= 3728 err=   0 errRate=  0.00% avg=   60.59 min=   13.16 max=  611.69 p50=   30.19 p95=  173.87 p99=  299.81 rps= 124.27
  s2s.crud.fetchAllTickets                      n= 3728 err=   0 errRate=  0.00% avg=   59.41 min=   13.02 max=  611.55 p50=   29.86 p95=  166.48 p99=  274.37 rps= 124.27
  s2s.crud.fetchFilms                           n=    1 err=   0 errRate=  0.00% avg=  209.74 min=  209.74 max=  209.74 p50=  209.74 p95=  209.74 p99=  209.74 rps=   0.03
window 1m
  calc.additional.maxViewersSummary             n= 7804 err=   0 errRate=  0.00% avg=   65.49 min=   13.06 max=  611.59 p50=   35.15 p95=  164.63 p99=  284.84 rps= 130.07
  controller.AnalyticsController.maxViewersSummary n= 7804 err=   0 errRate=  0.00% avg=   65.87 min=   13.16 max=  611.69 p50=   35.54 p95=  166.25 p99=  289.27 rps= 130.07
  s2s.crud.fetchAllTickets                      n= 7804 err=   0 errRate=  0.00% avg=   64.84 min=   13.02 max=  611.55 p50=   35.10 p95=  154.68 p99=  221.36 rps= 130.07
  s2s.crud.fetchFilms                           n=    2 err=   0 errRate=  0.00% avg=  169.28 min=  128.83 max=  209.74 p50=  169.28 p95=  205.69 p99=  208.93 rps=   0.03

2026-05-06T20:44:40.883Z  INFO 1 --- [lab8-additional-service] [   scheduling-1] r.h.l.a.o.ObservabilityService           : [lab8-additional-service] observability refresh
window 10s
  calc.additional.maxViewersSummary             n= 1302 err=   0 errRate=  0.00% avg=   53.24 min=   13.06 max=  611.59 p50=   28.25 p95=  111.88 p99=  203.57 rps= 130.20
  controller.AnalyticsController.maxViewersSummary n= 1302 err=   0 errRate=  0.00% avg=   53.57 min=   13.16 max=  611.69 p50=   28.40 p95=  112.27 p99=  203.66 rps= 130.20
  s2s.crud.fetchAllTickets                      n= 1302 err=   0 errRate=  0.00% avg=   53.19 min=   13.03 max=  611.55 p50=   28.18 p95=  111.84 p99=  203.53 rps= 130.20
window 30s
  calc.additional.maxViewersSummary             n= 3777 err=   0 errRate=  0.00% avg=   59.30 min=   13.06 max=  611.59 p50=   29.96 p95=  157.93 p99=  299.43 rps= 125.90
  controller.AnalyticsController.maxViewersSummary n= 3777 err=   0 errRate=  0.00% avg=   59.74 min=   13.16 max=  611.69 p50=   30.23 p95=  161.98 p99=  299.85 rps= 125.90
  s2s.crud.fetchAllTickets                      n= 3777 err=   0 errRate=  0.00% avg=   58.57 min=   13.02 max=  611.55 p50=   29.90 p95=  151.77 p99=  275.92 rps= 125.90
  s2s.crud.fetchFilms                           n=    1 err=   0 errRate=  0.00% avg=  209.74 min=  209.74 max=  209.74 p50=  209.74 p95=  209.74 p99=  209.74 rps=   0.03
window 1m
  calc.additional.maxViewersSummary             n= 7825 err=   0 errRate=  0.00% avg=   64.87 min=   13.06 max=  611.59 p50=   34.61 p95=  153.19 p99=  286.67 rps= 130.42
  controller.AnalyticsController.maxViewersSummary n= 7825 err=   0 errRate=  0.00% avg=   65.24 min=   13.16 max=  611.69 p50=   34.88 p95=  154.27 p99=  289.45 rps= 130.42
  s2s.crud.fetchAllTickets                      n= 7825 err=   0 errRate=  0.00% avg=   64.21 min=   13.02 max=  611.55 p50=   34.50 p95=  145.47 p99=  221.72 rps= 130.42
  s2s.crud.fetchFilms                           n=    2 err=   0 errRate=  0.00% avg=  169.28 min=  128.83 max=  209.74 p50=  169.28 p95=  205.69 p99=  208.93 rps=   0.03

2026-05-06T20:44:41.890Z  INFO 1 --- [lab8-additional-service] [   scheduling-1] r.h.l.a.o.ObservabilityService           : [lab8-additional-service] observability refresh
window 10s
  calc.additional.maxViewersSummary             n= 1327 err=   0 errRate=  0.00% avg=   51.04 min=   13.06 max=  611.59 p50=   27.24 p95=  111.56 p99=  203.27 rps= 132.70
  controller.AnalyticsController.maxViewersSummary n= 1327 err=   0 errRate=  0.00% avg=   51.36 min=   13.16 max=  611.69 p50=   27.47 p95=  112.15 p99=  203.39 rps= 132.70
  s2s.crud.fetchAllTickets                      n= 1327 err=   0 errRate=  0.00% avg=   50.99 min=   13.03 max=  611.55 p50=   27.19 p95=  111.52 p99=  203.23 rps= 132.70
window 30s
  calc.additional.maxViewersSummary             n= 3837 err=   0 errRate=  0.00% avg=   57.37 min=   13.06 max=  611.59 p50=   29.04 p95=  147.24 p99=  299.09 rps= 127.90
  controller.AnalyticsController.maxViewersSummary n= 3837 err=   0 errRate=  0.00% avg=   57.81 min=   13.16 max=  611.69 p50=   29.34 p95=  147.42 p99=  299.35 rps= 127.90
  s2s.crud.fetchAllTickets                      n= 3837 err=   0 errRate=  0.00% avg=   56.66 min=   13.02 max=  611.55 p50=   28.98 p95=  144.09 p99=  261.60 rps= 127.90
  s2s.crud.fetchFilms                           n=    1 err=   0 errRate=  0.00% avg=  209.74 min=  209.74 max=  209.74 p50=  209.74 p95=  209.74 p99=  209.74 rps=   0.03
window 1m
  calc.additional.maxViewersSummary             n= 7856 err=   0 errRate=  0.00% avg=   63.38 min=   13.06 max=  611.59 p50=   32.97 p95=  142.96 p99=  285.93 rps= 130.93
  controller.AnalyticsController.maxViewersSummary n= 7856 err=   0 errRate=  0.00% avg=   63.75 min=   13.16 max=  611.69 p50=   33.31 p95=  143.11 p99=  289.40 rps= 130.93
  s2s.crud.fetchAllTickets                      n= 7856 err=   0 errRate=  0.00% avg=   62.73 min=   13.02 max=  611.55 p50=   32.92 p95=  138.92 p99=  221.22 rps= 130.93
  s2s.crud.fetchFilms                           n=    2 err=   0 errRate=  0.00% avg=  169.28 min=  128.83 max=  209.74 p50=  169.28 p95=  205.69 p99=  208.93 rps=   0.03

2026-05-06T20:44:42.900Z  INFO 1 --- [lab8-additional-service] [   scheduling-1] r.h.l.a.o.ObservabilityService           : [lab8-additional-service] observability refresh
window 10s
  calc.additional.maxViewersSummary             n= 1316 err=   0 errRate=  0.00% avg=   51.34 min=   13.06 max=  611.59 p50=   27.39 p95=  110.31 p99=  203.40 rps= 131.60
  controller.AnalyticsController.maxViewersSummary n= 1316 err=   0 errRate=  0.00% avg=   51.73 min=   13.16 max=  611.69 p50=   27.72 p95=  111.52 p99=  203.51 rps= 131.60
  s2s.crud.fetchAllTickets                      n= 1316 err=   0 errRate=  0.00% avg=   51.29 min=   13.03 max=  611.55 p50=   27.34 p95=  110.28 p99=  203.37 rps= 131.60
window 30s
  calc.additional.maxViewersSummary             n= 3874 err=   0 errRate=  0.00% avg=   56.60 min=   13.06 max=  611.59 p50=   28.89 p95=  140.85 p99=  294.05 rps= 129.13
  controller.AnalyticsController.maxViewersSummary n= 3874 err=   0 errRate=  0.00% avg=   57.05 min=   13.16 max=  611.69 p50=   29.23 p95=  140.95 p99=  295.48 rps= 129.13
  s2s.crud.fetchAllTickets                      n= 3874 err=   0 errRate=  0.00% avg=   55.88 min=   13.02 max=  611.55 p50=   28.82 p95=  138.08 p99=  236.42 rps= 129.13
  s2s.crud.fetchFilms                           n=    1 err=   0 errRate=  0.00% avg=  209.74 min=  209.74 max=  209.74 p50=  209.74 p95=  209.74 p99=  209.74 rps=   0.03
window 1m
  calc.additional.maxViewersSummary             n= 7808 err=   0 errRate=  0.00% avg=   62.95 min=   13.06 max=  611.59 p50=   32.44 p95=  145.11 p99=  287.07 rps= 130.13
  controller.AnalyticsController.maxViewersSummary n= 7808 err=   0 errRate=  0.00% avg=   63.33 min=   13.16 max=  611.69 p50=   32.79 p95=  145.24 p99=  289.48 rps= 130.13
  s2s.crud.fetchAllTickets                      n= 7808 err=   0 errRate=  0.00% avg=   62.29 min=   13.02 max=  611.55 p50=   32.36 p95=  140.05 p99=  221.35 rps= 130.13
  s2s.crud.fetchFilms                           n=    2 err=   0 errRate=  0.00% avg=  169.28 min=  128.83 max=  209.74 p50=  169.28 p95=  205.69 p99=  208.93 rps=   0.03

2026-05-06T20:44:43.906Z  INFO 1 --- [lab8-additional-service] [   scheduling-1] r.h.l.a.o.ObservabilityService           : [lab8-additional-service] observability refresh
window 10s
  calc.additional.maxViewersSummary             n= 1311 err=   0 errRate=  0.00% avg=   52.48 min=   13.06 max=  611.59 p50=   27.86 p95=  111.42 p99=  203.46 rps= 131.10
  controller.AnalyticsController.maxViewersSummary n= 1311 err=   0 errRate=  0.00% avg=   52.90 min=   13.16 max=  611.69 p50=   28.16 p95=  112.13 p99=  203.56 rps= 131.10
  s2s.crud.fetchAllTickets                      n= 1311 err=   0 errRate=  0.00% avg=   52.43 min=   13.03 max=  611.55 p50=   27.83 p95=  111.38 p99=  203.43 rps= 131.10
window 30s
  calc.additional.maxViewersSummary             n= 3932 err=   0 errRate=  0.00% avg=   54.59 min=   13.06 max=  611.59 p50=   28.54 p95=  123.49 p99=  248.20 rps= 131.07
  controller.AnalyticsController.maxViewersSummary n= 3932 err=   0 errRate=  0.00% avg=   55.06 min=   13.16 max=  611.69 p50=   28.89 p95=  124.06 p99=  248.47 rps= 131.07
  s2s.crud.fetchAllTickets                      n= 3932 err=   0 errRate=  0.00% avg=   53.90 min=   13.02 max=  611.55 p50=   28.50 p95=  121.68 p99=  209.51 rps= 131.07
  s2s.crud.fetchFilms                           n=    1 err=   0 errRate=  0.00% avg=  209.74 min=  209.74 max=  209.74 p50=  209.74 p95=  209.74 p99=  209.74 rps=   0.03
window 1m
  calc.additional.maxViewersSummary             n= 7775 err=   0 errRate=  0.00% avg=   62.51 min=   13.06 max=  611.59 p50=   32.16 p95=  142.96 p99=  287.52 rps= 129.58
  controller.AnalyticsController.maxViewersSummary n= 7775 err=   0 errRate=  0.00% avg=   62.89 min=   13.16 max=  611.69 p50=   32.42 p95=  143.11 p99=  289.78 rps= 129.58
  s2s.crud.fetchAllTickets                      n= 7775 err=   0 errRate=  0.00% avg=   61.85 min=   13.02 max=  611.55 p50=   32.10 p95=  138.93 p99=  221.49 rps= 129.58
  s2s.crud.fetchFilms                           n=    2 err=   0 errRate=  0.00% avg=  169.28 min=  128.83 max=  209.74 p50=  169.28 p95=  205.69 p99=  208.93 rps=   0.03

2026-05-06T20:44:44.913Z  INFO 1 --- [lab8-additional-service] [   scheduling-1] r.h.l.a.o.ObservabilityService           : [lab8-additional-service] observability refresh
window 10s
  calc.additional.maxViewersSummary             n= 1342 err=   0 errRate=  0.00% avg=   50.35 min=   12.92 max=  611.59 p50=   26.51 p95=  114.46 p99=  203.09 rps= 134.20
  controller.AnalyticsController.maxViewersSummary n= 1342 err=   0 errRate=  0.00% avg=   50.72 min=   13.00 max=  611.69 p50=   26.87 p95=  114.57 p99=  203.23 rps= 134.20
  s2s.crud.fetchAllTickets                      n= 1342 err=   0 errRate=  0.00% avg=   50.30 min=   12.88 max=  611.55 p50=   26.48 p95=  114.43 p99=  203.05 rps= 134.20
window 30s
  calc.additional.maxViewersSummary             n= 4020 err=   0 errRate=  0.00% avg=   51.96 min=   12.92 max=  611.59 p50=   28.01 p95=  112.84 p99=  205.20 rps= 134.00
  controller.AnalyticsController.maxViewersSummary n= 4020 err=   0 errRate=  0.00% avg=   52.41 min=   13.00 max=  611.69 p50=   28.27 p95=  113.14 p99=  206.45 rps= 134.00
  s2s.crud.fetchAllTickets                      n= 4020 err=   0 errRate=  0.00% avg=   51.27 min=   12.88 max=  611.55 p50=   27.96 p95=  112.41 p99=  196.62 rps= 134.00
  s2s.crud.fetchFilms                           n=    1 err=   0 errRate=  0.00% avg=  209.74 min=  209.74 max=  209.74 p50=  209.74 p95=  209.74 p99=  209.74 rps=   0.03
window 1m
  calc.additional.maxViewersSummary             n= 7771 err=   0 errRate=  0.00% avg=   61.44 min=   12.92 max=  611.59 p50=   31.35 p95=  140.36 p99=  287.57 rps= 129.52
  controller.AnalyticsController.maxViewersSummary n= 7771 err=   0 errRate=  0.00% avg=   61.82 min=   13.00 max=  611.69 p50=   31.69 p95=  140.61 p99=  289.83 rps= 129.52
  s2s.crud.fetchAllTickets                      n= 7771 err=   0 errRate=  0.00% avg=   60.78 min=   12.88 max=  611.55 p50=   31.30 p95=  136.86 p99=  221.51 rps= 129.52
  s2s.crud.fetchFilms                           n=    2 err=   0 errRate=  0.00% avg=  169.28 min=  128.83 max=  209.74 p50=  169.28 p95=  205.69 p99=  208.93 rps=   0.03

2026-05-06T20:44:45.919Z  INFO 1 --- [lab8-additional-service] [   scheduling-1] r.h.l.a.o.ObservabilityService           : [lab8-additional-service] observability refresh
window 10s
  calc.additional.maxViewersSummary             n= 1359 err=   0 errRate=  0.00% avg=   50.08 min=   12.92 max=  611.59 p50=   26.49 p95=  110.12 p99=  207.01 rps= 135.90
  controller.AnalyticsController.maxViewersSummary n= 1359 err=   0 errRate=  0.00% avg=   50.43 min=   13.00 max=  611.69 p50=   26.80 p95=  111.18 p99=  207.13 rps= 135.90
  s2s.crud.fetchAllTickets                      n= 1359 err=   0 errRate=  0.00% avg=   50.03 min=   12.88 max=  611.55 p50=   26.46 p95=  110.09 p99=  206.97 rps= 135.90
window 30s
  calc.additional.maxViewersSummary             n= 4047 err=   0 errRate=  0.00% avg=   51.44 min=   12.92 max=  611.59 p50=   27.76 p95=  112.42 p99=  208.84 rps= 134.90
  controller.AnalyticsController.maxViewersSummary n= 4047 err=   0 errRate=  0.00% avg=   51.89 min=   13.00 max=  611.69 p50=   28.05 p95=  112.68 p99=  209.62 rps= 134.90
  s2s.crud.fetchAllTickets                      n= 4047 err=   0 errRate=  0.00% avg=   50.76 min=   12.88 max=  611.55 p50=   27.73 p95=  111.81 p99=  196.88 rps= 134.90
  s2s.crud.fetchFilms                           n=    1 err=   0 errRate=  0.00% avg=  209.74 min=  209.74 max=  209.74 p50=  209.74 p95=  209.74 p99=  209.74 rps=   0.03
window 1m
  calc.additional.maxViewersSummary             n= 7783 err=   0 errRate=  0.00% avg=   60.66 min=   12.92 max=  611.59 p50=   30.96 p95=  136.34 p99=  288.48 rps= 129.72
  controller.AnalyticsController.maxViewersSummary n= 7783 err=   0 errRate=  0.00% avg=   61.05 min=   13.00 max=  611.69 p50=   31.24 p95=  136.64 p99=  290.65 rps= 129.72
  s2s.crud.fetchAllTickets                      n= 7783 err=   0 errRate=  0.00% avg=   60.01 min=   12.88 max=  611.55 p50=   30.91 p95=  133.38 p99=  222.73 rps= 129.72
  s2s.crud.fetchFilms                           n=    2 err=   0 errRate=  0.00% avg=  169.28 min=  128.83 max=  209.74 p50=  169.28 p95=  205.69 p99=  208.93 rps=   0.03

2026-05-06T20:44:46.924Z  INFO 1 --- [lab8-additional-service] [   scheduling-1] r.h.l.a.o.ObservabilityService           : [lab8-additional-service] observability refresh
window 10s
  calc.additional.maxViewersSummary             n= 1360 err=   0 errRate=  0.00% avg=   49.35 min=   12.92 max=  611.59 p50=   26.23 p95=  109.46 p99=  206.93 rps= 136.00
  controller.AnalyticsController.maxViewersSummary n= 1360 err=   0 errRate=  0.00% avg=   49.71 min=   13.00 max=  611.69 p50=   26.43 p95=  111.00 p99=  207.04 rps= 136.00
  s2s.crud.fetchAllTickets                      n= 1360 err=   0 errRate=  0.00% avg=   49.30 min=   12.88 max=  611.55 p50=   26.18 p95=  109.42 p99=  206.89 rps= 136.00
window 30s
  calc.additional.maxViewersSummary             n= 4095 err=   0 errRate=  0.00% avg=   49.94 min=   12.92 max=  611.59 p50=   27.16 p95=  108.24 p99=  202.47 rps= 136.50
  controller.AnalyticsController.maxViewersSummary n= 4095 err=   0 errRate=  0.00% avg=   50.39 min=   13.00 max=  611.69 p50=   27.44 p95=  108.88 p99=  202.67 rps= 136.50
  s2s.crud.fetchAllTickets                      n= 4095 err=   0 errRate=  0.00% avg=   49.26 min=   12.88 max=  611.55 p50=   27.11 p95=  107.79 p99=  193.56 rps= 136.50
  s2s.crud.fetchFilms                           n=    1 err=   0 errRate=  0.00% avg=  209.74 min=  209.74 max=  209.74 p50=  209.74 p95=  209.74 p99=  209.74 rps=   0.03
window 1m
  calc.additional.maxViewersSummary             n= 7811 err=   0 errRate=  0.00% avg=   58.75 min=   12.92 max=  611.59 p50=   30.42 p95=  126.60 p99=  221.40 rps= 130.18
  controller.AnalyticsController.maxViewersSummary n= 7811 err=   0 errRate=  0.00% avg=   59.13 min=   13.00 max=  611.69 p50=   30.72 p95=  127.10 p99=  221.59 rps= 130.18
  s2s.crud.fetchAllTickets                      n= 7811 err=   0 errRate=  0.00% avg=   58.09 min=   12.88 max=  611.55 p50=   30.34 p95=  123.82 p99=  203.23 rps= 130.18
  s2s.crud.fetchFilms                           n=    2 err=   0 errRate=  0.00% avg=  169.28 min=  128.83 max=  209.74 p50=  169.28 p95=  205.69 p99=  208.93 rps=   0.03

2026-05-06T20:44:47.939Z  INFO 1 --- [lab8-additional-service] [   scheduling-1] r.h.l.a.o.ObservabilityService           : [lab8-additional-service] observability refresh
window 10s
  calc.additional.maxViewersSummary             n= 1368 err=   0 errRate=  0.00% avg=   47.45 min=   12.92 max=  611.59 p50=   24.69 p95=  109.40 p99=  206.27 rps= 136.80
  controller.AnalyticsController.maxViewersSummary n= 1368 err=   0 errRate=  0.00% avg=   47.79 min=   13.00 max=  611.69 p50=   24.86 p95=  110.75 p99=  206.39 rps= 136.80
  s2s.crud.fetchAllTickets                      n= 1368 err=   0 errRate=  0.00% avg=   47.39 min=   12.88 max=  611.55 p50=   24.62 p95=  109.34 p99=  206.24 rps= 136.80
window 30s
  calc.additional.maxViewersSummary             n= 4192 err=   0 errRate=  0.00% avg=   48.05 min=   12.92 max=  611.59 p50=   26.49 p95=  106.29 p99=  197.89 rps= 139.73
  controller.AnalyticsController.maxViewersSummary n= 4192 err=   0 errRate=  0.00% avg=   48.49 min=   13.00 max=  611.69 p50=   26.78 p95=  106.99 p99=  198.06 rps= 139.73
  s2s.crud.fetchAllTickets                      n= 4192 err=   0 errRate=  0.00% avg=   47.39 min=   12.88 max=  611.55 p50=   26.42 p95=  105.92 p99=  190.14 rps= 139.73
  s2s.crud.fetchFilms                           n=    1 err=   0 errRate=  0.00% avg=  209.74 min=  209.74 max=  209.74 p50=  209.74 p95=  209.74 p99=  209.74 rps=   0.03
window 1m
  calc.additional.maxViewersSummary             n= 7863 err=   0 errRate=  0.00% avg=   57.15 min=   12.92 max=  611.59 p50=   29.76 p95=  121.24 p99=  220.72 rps= 131.05
  controller.AnalyticsController.maxViewersSummary n= 7863 err=   0 errRate=  0.00% avg=   57.53 min=   13.00 max=  611.69 p50=   29.99 p95=  121.73 p99=  220.93 rps= 131.05
  s2s.crud.fetchAllTickets                      n= 7863 err=   0 errRate=  0.00% avg=   56.50 min=   12.88 max=  611.55 p50=   29.70 p95=  118.44 p99=  202.55 rps= 131.05
  s2s.crud.fetchFilms                           n=    2 err=   0 errRate=  0.00% avg=  169.28 min=  128.83 max=  209.74 p50=  169.28 p95=  205.69 p99=  208.93 rps=   0.03

2026-05-06T20:44:48.295Z  INFO 1 --- [lab8-additional-service] [   scheduling-1] r.h.l.a.service.FilmCacheService         : film-cache stats: size=310 ttlMs=30000 lastRefreshAtMs=1778100260371 hits=17782 misses=5 refreshes=5
2026-05-06T20:44:48.945Z  INFO 1 --- [lab8-additional-service] [   scheduling-1] r.h.l.a.o.ObservabilityService           : [lab8-additional-service] observability refresh
window 10s
  calc.additional.maxViewersSummary             n= 1470 err=   0 errRate=  0.00% avg=   43.54 min=   12.88 max=  611.59 p50=   23.23 p95=  107.71 p99=  200.72 rps= 147.00
  controller.AnalyticsController.maxViewersSummary n= 1470 err=   0 errRate=  0.00% avg=   43.86 min=   12.96 max=  611.69 p50=   23.46 p95=  108.54 p99=  200.84 rps= 147.00
  s2s.crud.fetchAllTickets                      n= 1470 err=   0 errRate=  0.00% avg=   43.49 min=   12.84 max=  611.55 p50=   23.14 p95=  107.44 p99=  200.69 rps= 147.00
window 30s
  calc.additional.maxViewersSummary             n= 4270 err=   0 errRate=  0.00% avg=   46.15 min=   12.88 max=  611.59 p50=   25.73 p95=  105.33 p99=  197.28 rps= 142.33
  controller.AnalyticsController.maxViewersSummary n= 4270 err=   0 errRate=  0.00% avg=   46.59 min=   12.96 max=  611.69 p50=   26.01 p95=  105.86 p99=  197.70 rps= 142.33
  s2s.crud.fetchAllTickets                      n= 4270 err=   0 errRate=  0.00% avg=   45.50 min=   12.84 max=  611.55 p50=   25.67 p95=  104.82 p99=  189.18 rps= 142.33
  s2s.crud.fetchFilms                           n=    1 err=   0 errRate=  0.00% avg=  209.74 min=  209.74 max=  209.74 p50=  209.74 p95=  209.74 p99=  209.74 rps=   0.03
window 1m
  calc.additional.maxViewersSummary             n= 7908 err=   0 errRate=  0.00% avg=   55.64 min=   12.88 max=  611.59 p50=   28.89 p95=  118.84 p99=  220.39 rps= 131.80
  controller.AnalyticsController.maxViewersSummary n= 7909 err=   0 errRate=  0.00% avg=   56.02 min=   12.96 max=  611.69 p50=   29.20 p95=  119.40 p99=  220.53 rps= 131.82
  s2s.crud.fetchAllTickets                      n= 7908 err=   0 errRate=  0.00% avg=   55.00 min=   12.84 max=  611.55 p50=   28.84 p95=  116.83 p99=  202.11 rps= 131.80
  s2s.crud.fetchFilms                           n=    2 err=   0 errRate=  0.00% avg=  169.28 min=  128.83 max=  209.74 p50=  169.28 p95=  205.69 p99=  208.93 rps=   0.03

2026-05-06T20:44:49.951Z  INFO 1 --- [lab8-additional-service] [   scheduling-1] r.h.l.a.o.ObservabilityService           : [lab8-additional-service] observability refresh
window 10s
  calc.additional.maxViewersSummary             n= 1585 err=   0 errRate=  0.00% avg=   37.17 min=   12.88 max=  313.77 p50=   22.03 p95=  101.14 p99=  119.09 rps= 158.50
  controller.AnalyticsController.maxViewersSummary n= 1585 err=   0 errRate=  0.00% avg=   37.49 min=   12.96 max=  313.88 p50=   22.27 p95=  101.46 p99=  119.23 rps= 158.50
  s2s.crud.fetchAllTickets                      n= 1585 err=   0 errRate=  0.00% avg=   37.12 min=   12.84 max=  313.74 p50=   21.99 p95=  101.11 p99=  119.05 rps= 158.50
window 30s
  calc.additional.maxViewersSummary             n= 4317 err=   0 errRate=  0.00% avg=   45.33 min=   12.88 max=  611.59 p50=   25.32 p95=  104.96 p99=  197.03 rps= 143.90
  controller.AnalyticsController.maxViewersSummary n= 4317 err=   0 errRate=  0.00% avg=   45.76 min=   12.96 max=  611.69 p50=   25.60 p95=  105.50 p99=  197.61 rps= 143.90
  s2s.crud.fetchAllTickets                      n= 4317 err=   0 errRate=  0.00% avg=   44.69 min=   12.84 max=  611.55 p50=   25.26 p95=  104.36 p99=  189.03 rps= 143.90
  s2s.crud.fetchFilms                           n=    1 err=   0 errRate=  0.00% avg=  209.74 min=  209.74 max=  209.74 p50=  209.74 p95=  209.74 p99=  209.74 rps=   0.03
window 1m
  calc.additional.maxViewersSummary             n= 7967 err=   0 errRate=  0.00% avg=   54.67 min=   12.88 max=  611.59 p50=   28.46 p95=  118.45 p99=  218.82 rps= 132.78
  controller.AnalyticsController.maxViewersSummary n= 7967 err=   0 errRate=  0.00% avg=   55.04 min=   12.96 max=  611.69 p50=   28.74 p95=  118.83 p99=  218.95 rps= 132.78
  s2s.crud.fetchAllTickets                      n= 7967 err=   0 errRate=  0.00% avg=   54.03 min=   12.84 max=  611.55 p50=   28.39 p95=  116.50 p99=  201.98 rps= 132.78
  s2s.crud.fetchFilms                           n=    2 err=   0 errRate=  0.00% avg=  169.28 min=  128.83 max=  209.74 p50=  169.28 p95=  205.69 p99=  208.93 rps=   0.03

2026-05-06T20:44:50.957Z  INFO 1 --- [lab8-additional-service] [   scheduling-1] r.h.l.a.o.ObservabilityService           : [lab8-additional-service] observability refresh
window 10s
  calc.additional.maxViewersSummary             n= 1640 err=   0 errRate=  0.00% avg=   33.26 min=   12.85 max=  307.99 p50=   20.42 p95=   99.09 p99=  112.29 rps= 164.00
  controller.AnalyticsController.maxViewersSummary n= 1640 err=   0 errRate=  0.00% avg=   33.56 min=   12.93 max=  308.40 p50=   20.64 p95=   99.49 p99=  112.39 rps= 164.00
  s2s.crud.fetchAllTickets                      n= 1640 err=   0 errRate=  0.00% avg=   32.99 min=   12.82 max=  307.93 p50=   20.28 p95=   98.93 p99=  112.25 rps= 164.00
  s2s.crud.fetchFilms                           n=    1 err=   0 errRate=  0.00% avg=   71.72 min=   71.72 max=   71.72 p50=   71.72 p95=   71.72 p99=   71.72 rps=   0.10
window 30s
  calc.additional.maxViewersSummary             n= 4410 err=   0 errRate=  0.00% avg=   42.79 min=   12.85 max=  611.59 p50=   24.63 p95=  102.88 p99=  153.10 rps= 147.00
  controller.AnalyticsController.maxViewersSummary n= 4410 err=   0 errRate=  0.00% avg=   43.19 min=   12.93 max=  611.69 p50=   24.93 p95=  103.32 p99=  154.50 rps= 147.00
  s2s.crud.fetchAllTickets                      n= 4410 err=   0 errRate=  0.00% avg=   42.65 min=   12.82 max=  611.55 p50=   24.52 p95=  102.78 p99=  153.05 rps= 147.00
  s2s.crud.fetchFilms                           n=    1 err=   0 errRate=  0.00% avg=   71.72 min=   71.72 max=   71.72 p50=   71.72 p95=   71.72 p99=   71.72 rps=   0.03
window 1m
  calc.additional.maxViewersSummary             n= 8044 err=   0 errRate=  0.00% avg=   53.48 min=   12.85 max=  611.59 p50=   28.12 p95=  115.03 p99=  209.68 rps= 134.07
  controller.AnalyticsController.maxViewersSummary n= 8045 err=   0 errRate=  0.00% avg=   53.84 min=   12.93 max=  611.69 p50=   28.35 p95=  115.72 p99=  209.93 rps= 134.08
  s2s.crud.fetchAllTickets                      n= 8044 err=   0 errRate=  0.00% avg=   53.06 min=   12.82 max=  611.55 p50=   28.05 p95=  114.35 p99=  201.86 rps= 134.07
  s2s.crud.fetchFilms                           n=    2 err=   0 errRate=  0.00% avg=  140.73 min=   71.72 max=  209.74 p50=  140.73 p95=  202.83 p99=  208.36 rps=   0.03

2026-05-06T20:44:51.967Z  INFO 1 --- [lab8-additional-service] [   scheduling-1] r.h.l.a.o.ObservabilityService           : [lab8-additional-service] observability refresh
window 10s
  calc.additional.maxViewersSummary             n= 1639 err=   0 errRate=  0.00% avg=   32.27 min=   12.85 max=  307.99 p50=   19.62 p95=   99.09 p99=  112.30 rps= 163.90
  controller.AnalyticsController.maxViewersSummary n= 1638 err=   0 errRate=  0.00% avg=   32.56 min=   12.93 max=  308.40 p50=   19.86 p95=   99.44 p99=  112.42 rps= 163.80
  s2s.crud.fetchAllTickets                      n= 1639 err=   0 errRate=  0.00% avg=   31.99 min=   12.82 max=  307.93 p50=   19.44 p95=   98.77 p99=  112.27 rps= 163.90
  s2s.crud.fetchFilms                           n=    1 err=   0 errRate=  0.00% avg=   71.72 min=   71.72 max=   71.72 p50=   71.72 p95=   71.72 p99=   71.72 rps=   0.10
window 30s
  calc.additional.maxViewersSummary             n= 4460 err=   0 errRate=  0.00% avg=   41.42 min=   12.85 max=  611.59 p50=   23.94 p95=  102.45 p99=  142.74 rps= 148.67
  controller.AnalyticsController.maxViewersSummary n= 4459 err=   0 errRate=  0.00% avg=   41.75 min=   12.93 max=  611.69 p50=   24.26 p95=  102.67 p99=  142.86 rps= 148.63
  s2s.crud.fetchAllTickets                      n= 4460 err=   0 errRate=  0.00% avg=   41.28 min=   12.82 max=  611.55 p50=   23.84 p95=  102.30 p99=  142.71 rps= 148.67
  s2s.crud.fetchFilms                           n=    1 err=   0 errRate=  0.00% avg=   71.72 min=   71.72 max=   71.72 p50=   71.72 p95=   71.72 p99=   71.72 rps=   0.03
window 1m
  calc.additional.maxViewersSummary             n= 8094 err=   0 errRate=  0.00% avg=   52.69 min=   12.85 max=  611.59 p50=   27.75 p95=  114.55 p99=  209.61 rps= 134.90
  controller.AnalyticsController.maxViewersSummary n= 8093 err=   0 errRate=  0.00% avg=   53.06 min=   12.93 max=  611.69 p50=   28.01 p95=  115.04 p99=  209.78 rps= 134.88
  s2s.crud.fetchAllTickets                      n= 8094 err=   0 errRate=  0.00% avg=   52.27 min=   12.82 max=  611.55 p50=   27.67 p95=  113.93 p99=  201.82 rps= 134.90
  s2s.crud.fetchFilms                           n=    2 err=   0 errRate=  0.00% avg=  140.73 min=   71.72 max=  209.74 p50=  140.73 p95=  202.83 p99=  208.36 rps=   0.03

2026-05-06T20:44:52.973Z  INFO 1 --- [lab8-additional-service] [   scheduling-1] r.h.l.a.o.ObservabilityService           : [lab8-additional-service] observability refresh
window 10s
  calc.additional.maxViewersSummary             n= 1677 err=   0 errRate=  0.00% avg=   31.71 min=   12.85 max=  307.99 p50=   19.73 p95=   98.67 p99=  108.91 rps= 167.70
  controller.AnalyticsController.maxViewersSummary n= 1677 err=   0 errRate=  0.00% avg=   31.95 min=   12.93 max=  308.40 p50=   19.91 p95=   99.05 p99=  109.90 rps= 167.70
  s2s.crud.fetchAllTickets                      n= 1677 err=   0 errRate=  0.00% avg=   31.44 min=   12.82 max=  307.93 p50=   19.61 p95=   98.35 p99=  108.69 rps= 167.70
  s2s.crud.fetchFilms                           n=    1 err=   0 errRate=  0.00% avg=   71.72 min=   71.72 max=   71.72 p50=   71.72 p95=   71.72 p99=   71.72 rps=   0.10
window 30s
  calc.additional.maxViewersSummary             n= 4449 err=   0 errRate=  0.00% avg=   41.35 min=   12.85 max=  611.59 p50=   23.79 p95=  102.47 p99=  142.94 rps= 148.30
  controller.AnalyticsController.maxViewersSummary n= 4449 err=   0 errRate=  0.00% avg=   41.65 min=   12.93 max=  611.69 p50=   24.05 p95=  102.76 p99=  143.04 rps= 148.30
  s2s.crud.fetchAllTickets                      n= 4449 err=   0 errRate=  0.00% avg=   41.21 min=   12.82 max=  611.55 p50=   23.70 p95=  102.42 p99=  142.91 rps= 148.30
  s2s.crud.fetchFilms                           n=    1 err=   0 errRate=  0.00% avg=   71.72 min=   71.72 max=   71.72 p50=   71.72 p95=   71.72 p99=   71.72 rps=   0.03
window 1m
  calc.additional.maxViewersSummary             n= 8098 err=   0 errRate=  0.00% avg=   52.56 min=   12.85 max=  611.59 p50=   27.67 p95=  114.55 p99=  209.60 rps= 134.97
  controller.AnalyticsController.maxViewersSummary n= 8098 err=   0 errRate=  0.00% avg=   52.92 min=   12.93 max=  611.69 p50=   27.94 p95=  114.97 p99=  209.76 rps= 134.97
  s2s.crud.fetchAllTickets                      n= 8098 err=   0 errRate=  0.00% avg=   52.14 min=   12.82 max=  611.55 p50=   27.57 p95=  113.87 p99=  201.81 rps= 134.97
  s2s.crud.fetchFilms                           n=    2 err=   0 errRate=  0.00% avg=  140.73 min=   71.72 max=  209.74 p50=  140.73 p95=  202.83 p99=  208.36 rps=   0.03

2026-05-06T20:44:53.982Z  INFO 1 --- [lab8-additional-service] [   scheduling-1] r.h.l.a.o.ObservabilityService           : [lab8-additional-service] observability refresh
window 10s
  calc.additional.maxViewersSummary             n= 1720 err=   0 errRate=  0.00% avg=   29.24 min=   12.78 max=  307.99 p50=   18.64 p95=   96.12 p99=  107.95 rps= 172.00
  controller.AnalyticsController.maxViewersSummary n= 1720 err=   0 errRate=  0.00% avg=   29.46 min=   12.88 max=  308.40 p50=   18.86 p95=   96.42 p99=  109.19 rps= 172.00
  s2s.crud.fetchAllTickets                      n= 1720 err=   0 errRate=  0.00% avg=   28.97 min=   12.74 max=  307.93 p50=   18.48 p95=   95.58 p99=  107.63 rps= 172.00
  s2s.crud.fetchFilms                           n=    1 err=   0 errRate=  0.00% avg=   71.72 min=   71.72 max=   71.72 p50=   71.72 p95=   71.72 p99=   71.72 rps=   0.10
window 30s
  calc.additional.maxViewersSummary             n= 4452 err=   0 errRate=  0.00% avg=   40.95 min=   12.78 max=  611.59 p50=   23.64 p95=  102.46 p99=  142.88 rps= 148.40
  controller.AnalyticsController.maxViewersSummary n= 4452 err=   0 errRate=  0.00% avg=   41.25 min=   12.88 max=  611.69 p50=   23.91 p95=  102.70 p99=  142.99 rps= 148.40
  s2s.crud.fetchAllTickets                      n= 4452 err=   0 errRate=  0.00% avg=   40.82 min=   12.74 max=  611.55 p50=   23.55 p95=  102.34 p99=  142.85 rps= 148.40
  s2s.crud.fetchFilms                           n=    1 err=   0 errRate=  0.00% avg=   71.72 min=   71.72 max=   71.72 p50=   71.72 p95=   71.72 p99=   71.72 rps=   0.03
window 1m
  calc.additional.maxViewersSummary             n= 8145 err=   0 errRate=  0.00% avg=   51.92 min=   12.78 max=  611.59 p50=   27.41 p95=  114.37 p99=  209.18 rps= 135.75
  controller.AnalyticsController.maxViewersSummary n= 8145 err=   0 errRate=  0.00% avg=   52.28 min=   12.88 max=  611.69 p50=   27.69 p95=  114.74 p99=  209.32 rps= 135.75
  s2s.crud.fetchAllTickets                      n= 8145 err=   0 errRate=  0.00% avg=   51.50 min=   12.74 max=  611.55 p50=   27.32 p95=  113.74 p99=  201.79 rps= 135.75
  s2s.crud.fetchFilms                           n=    2 err=   0 errRate=  0.00% avg=  140.73 min=   71.72 max=  209.74 p50=  140.73 p95=  202.83 p99=  208.36 rps=   0.03

2026-05-06T20:44:54.989Z  INFO 1 --- [lab8-additional-service] [   scheduling-1] r.h.l.a.o.ObservabilityService           : [lab8-additional-service] observability refresh
window 10s
  calc.additional.maxViewersSummary             n= 1754 err=   0 errRate=  0.00% avg=   26.82 min=   12.78 max=  307.99 p50=   16.18 p95=   94.07 p99=  103.25 rps= 175.40
  controller.AnalyticsController.maxViewersSummary n= 1754 err=   0 errRate=  0.00% avg=   27.03 min=   12.88 max=  308.40 p50=   16.40 p95=   94.59 p99=  103.60 rps= 175.40
  s2s.crud.fetchAllTickets                      n= 1754 err=   0 errRate=  0.00% avg=   26.56 min=   12.74 max=  307.93 p50=   16.07 p95=   93.56 p99=  103.22 rps= 175.40
  s2s.crud.fetchFilms                           n=    1 err=   0 errRate=  0.00% avg=   71.72 min=   71.72 max=   71.72 p50=   71.72 p95=   71.72 p99=   71.72 rps=   0.10
window 30s
  calc.additional.maxViewersSummary             n= 4517 err=   0 errRate=  0.00% avg=   39.75 min=   12.78 max=  611.59 p50=   22.99 p95=  102.34 p99=  141.87 rps= 150.57
  controller.AnalyticsController.maxViewersSummary n= 4517 err=   0 errRate=  0.00% avg=   40.04 min=   12.88 max=  611.69 p50=   23.23 p95=  102.58 p99=  141.98 rps= 150.57
  s2s.crud.fetchAllTickets                      n= 4517 err=   0 errRate=  0.00% avg=   39.61 min=   12.74 max=  611.55 p50=   22.87 p95=  102.29 p99=  141.84 rps= 150.57
  s2s.crud.fetchFilms                           n=    1 err=   0 errRate=  0.00% avg=   71.72 min=   71.72 max=   71.72 p50=   71.72 p95=   71.72 p99=   71.72 rps=   0.03
window 1m
  calc.additional.maxViewersSummary             n= 8223 err=   0 errRate=  0.00% avg=   50.75 min=   12.78 max=  611.59 p50=   26.66 p95=  112.77 p99=  208.06 rps= 137.05
  controller.AnalyticsController.maxViewersSummary n= 8223 err=   0 errRate=  0.00% avg=   51.11 min=   12.88 max=  611.69 p50=   26.95 p95=  113.11 p99=  208.37 rps= 137.05
  s2s.crud.fetchAllTickets                      n= 8223 err=   0 errRate=  0.00% avg=   50.34 min=   12.74 max=  611.55 p50=   26.57 p95=  112.40 p99=  201.75 rps= 137.05
  s2s.crud.fetchFilms                           n=    2 err=   0 errRate=  0.00% avg=  140.73 min=   71.72 max=  209.74 p50=  140.73 p95=  202.83 p99=  208.36 rps=   0.03

2026-05-06T20:44:55.995Z  INFO 1 --- [lab8-additional-service] [   scheduling-1] r.h.l.a.o.ObservabilityService           : [lab8-additional-service] observability refresh
window 10s
  calc.additional.maxViewersSummary             n= 1797 err=   0 errRate=  0.00% avg=   23.49 min=   12.66 max=  113.81 p50=   14.38 p95=   85.54 p99=  100.73 rps= 179.70
  controller.AnalyticsController.maxViewersSummary n= 1797 err=   0 errRate=  0.00% avg=   23.67 min=   12.74 max=  113.93 p50=   14.59 p95=   85.96 p99=  100.94 rps= 179.70
  s2s.crud.fetchAllTickets                      n= 1797 err=   0 errRate=  0.00% avg=   23.23 min=   12.63 max=  113.77 p50=   14.33 p95=   84.50 p99=  100.22 rps= 179.70
  s2s.crud.fetchFilms                           n=    1 err=   0 errRate=  0.00% avg=   71.72 min=   71.72 max=   71.72 p50=   71.72 p95=   71.72 p99=   71.72 rps=   0.10
window 30s
  calc.additional.maxViewersSummary             n= 4552 err=   0 errRate=  0.00% avg=   38.22 min=   12.66 max=  611.59 p50=   22.06 p95=  102.22 p99=  141.59 rps= 151.73
  controller.AnalyticsController.maxViewersSummary n= 4552 err=   0 errRate=  0.00% avg=   38.51 min=   12.74 max=  611.69 p50=   22.33 p95=  102.45 p99=  141.69 rps= 151.73
  s2s.crud.fetchAllTickets                      n= 4552 err=   0 errRate=  0.00% avg=   38.09 min=   12.63 max=  611.55 p50=   21.98 p95=  102.15 p99=  141.55 rps= 151.73
  s2s.crud.fetchFilms                           n=    1 err=   0 errRate=  0.00% avg=   71.72 min=   71.72 max=   71.72 p50=   71.72 p95=   71.72 p99=   71.72 rps=   0.03
window 1m
  calc.additional.maxViewersSummary             n= 8263 err=   0 errRate=  0.00% avg=   49.88 min=   12.66 max=  611.59 p50=   26.25 p95=  112.59 p99=  206.98 rps= 137.72
  controller.AnalyticsController.maxViewersSummary n= 8263 err=   0 errRate=  0.00% avg=   50.23 min=   12.74 max=  611.69 p50=   26.51 p95=  112.93 p99=  207.64 rps= 137.72
  s2s.crud.fetchAllTickets                      n= 8263 err=   0 errRate=  0.00% avg=   49.47 min=   12.63 max=  611.55 p50=   26.16 p95=  112.34 p99=  201.73 rps= 137.72
  s2s.crud.fetchFilms                           n=    2 err=   0 errRate=  0.00% avg=  140.73 min=   71.72 max=  209.74 p50=  140.73 p95=  202.83 p99=  208.36 rps=   0.03

2026-05-06T20:44:57.004Z  INFO 1 --- [lab8-additional-service] [   scheduling-1] r.h.l.a.o.ObservabilityService           : [lab8-additional-service] observability refresh
window 10s
  calc.additional.maxViewersSummary             n= 1845 err=   0 errRate=  0.00% avg=   21.19 min=   12.66 max=  113.81 p50=   14.01 p95=   73.52 p99=   99.15 rps= 184.50
  controller.AnalyticsController.maxViewersSummary n= 1845 err=   0 errRate=  0.00% avg=   21.37 min=   12.74 max=  113.93 p50=   14.18 p95=   73.92 p99=   99.26 rps= 184.50
  s2s.crud.fetchAllTickets                      n= 1845 err=   0 errRate=  0.00% avg=   20.95 min=   12.63 max=  113.77 p50=   13.97 p95=   72.28 p99=   97.67 rps= 184.50
  s2s.crud.fetchFilms                           n=    1 err=   0 errRate=  0.00% avg=   71.72 min=   71.72 max=   71.72 p50=   71.72 p95=   71.72 p99=   71.72 rps=   0.10
window 30s
  calc.additional.maxViewersSummary             n= 4576 err=   0 errRate=  0.00% avg=   37.60 min=   12.66 max=  611.59 p50=   21.68 p95=  101.78 p99=  140.80 rps= 152.53
  controller.AnalyticsController.maxViewersSummary n= 4576 err=   0 errRate=  0.00% avg=   37.88 min=   12.74 max=  611.69 p50=   21.94 p95=  102.08 p99=  140.89 rps= 152.53
  s2s.crud.fetchAllTickets                      n= 4576 err=   0 errRate=  0.00% avg=   37.47 min=   12.63 max=  611.55 p50=   21.56 p95=  101.72 p99=  140.76 rps= 152.53
  s2s.crud.fetchFilms                           n=    1 err=   0 errRate=  0.00% avg=   71.72 min=   71.72 max=   71.72 p50=   71.72 p95=   71.72 p99=   71.72 rps=   0.03
window 1m
  calc.additional.maxViewersSummary             n= 8320 err=   0 errRate=  0.00% avg=   48.97 min=   12.66 max=  611.59 p50=   25.73 p95=  112.40 p99=  205.90 rps= 138.67
  controller.AnalyticsController.maxViewersSummary n= 8320 err=   0 errRate=  0.00% avg=   49.32 min=   12.74 max=  611.69 p50=   26.01 p95=  112.68 p99=  206.80 rps= 138.67
  s2s.crud.fetchAllTickets                      n= 8320 err=   0 errRate=  0.00% avg=   48.57 min=   12.63 max=  611.55 p50=   25.66 p95=  112.06 p99=  201.69 rps= 138.67
  s2s.crud.fetchFilms                           n=    2 err=   0 errRate=  0.00% avg=  140.73 min=   71.72 max=  209.74 p50=  140.73 p95=  202.83 p99=  208.36 rps=   0.03

2026-05-06T20:44:58.009Z  INFO 1 --- [lab8-additional-service] [   scheduling-1] r.h.l.a.o.ObservabilityService           : [lab8-additional-service] observability refresh
window 10s
  calc.additional.maxViewersSummary             n= 1773 err=   0 errRate=  0.00% avg=   23.00 min=   12.66 max=  279.94 p50=   13.97 p95=   85.18 p99=  106.58 rps= 177.30
  controller.AnalyticsController.maxViewersSummary n= 1773 err=   0 errRate=  0.00% avg=   23.18 min=   12.74 max=  280.44 p50=   14.12 p95=   85.97 p99=  106.68 rps= 177.30
  s2s.crud.fetchAllTickets                      n= 1773 err=   0 errRate=  0.00% avg=   22.75 min=   12.63 max=  279.91 p50=   13.92 p95=   84.00 p99=  106.54 rps= 177.30
  s2s.crud.fetchFilms                           n=    1 err=   0 errRate=  0.00% avg=   71.72 min=   71.72 max=   71.72 p50=   71.72 p95=   71.72 p99=   71.72 rps=   0.10
window 30s
  calc.additional.maxViewersSummary             n= 4569 err=   0 errRate=  0.00% avg=   37.13 min=   12.66 max=  611.59 p50=   21.30 p95=  102.30 p99=  165.81 rps= 152.30
  controller.AnalyticsController.maxViewersSummary n= 4569 err=   0 errRate=  0.00% avg=   37.40 min=   12.74 max=  611.69 p50=   21.56 p95=  102.55 p99=  166.63 rps= 152.30
  s2s.crud.fetchAllTickets                      n= 4569 err=   0 errRate=  0.00% avg=   37.00 min=   12.63 max=  611.55 p50=   21.15 p95=  102.20 p99=  165.78 rps= 152.30
  s2s.crud.fetchFilms                           n=    1 err=   0 errRate=  0.00% avg=   71.72 min=   71.72 max=   71.72 p50=   71.72 p95=   71.72 p99=   71.72 rps=   0.03
window 1m
  calc.additional.maxViewersSummary             n= 8295 err=   0 errRate=  0.00% avg=   48.82 min=   12.66 max=  611.59 p50=   25.63 p95=  112.79 p99=  210.06 rps= 138.25
  controller.AnalyticsController.maxViewersSummary n= 8295 err=   0 errRate=  0.00% avg=   49.17 min=   12.74 max=  611.69 p50=   25.89 p95=  113.12 p99=  210.24 rps= 138.25
  s2s.crud.fetchAllTickets                      n= 8295 err=   0 errRate=  0.00% avg=   48.42 min=   12.63 max=  611.55 p50=   25.55 p95=  112.38 p99=  202.14 rps= 138.25
  s2s.crud.fetchFilms                           n=    2 err=   0 errRate=  0.00% avg=  140.73 min=   71.72 max=  209.74 p50=  140.73 p95=  202.83 p99=  208.36 rps=   0.03

2026-05-06T20:44:58.295Z  INFO 1 --- [lab8-additional-service] [   scheduling-1] r.h.l.a.service.FilmCacheService         : film-cache stats: size=310 ttlMs=30000 lastRefreshAtMs=1778100290375 hits=19502 misses=6 refreshes=6
2026-05-06T20:44:59.015Z  INFO 1 --- [lab8-additional-service] [   scheduling-1] r.h.l.a.o.ObservabilityService           : [lab8-additional-service] observability refresh
window 10s
  calc.additional.maxViewersSummary             n= 1606 err=   0 errRate=  0.00% avg=   27.92 min=   12.66 max=  373.49 p50=   13.99 p95=   98.31 p99=  199.24 rps= 160.60
  controller.AnalyticsController.maxViewersSummary n= 1606 err=   0 errRate=  0.00% avg=   28.09 min=   12.74 max=  373.74 p50=   14.14 p95=   98.49 p99=  199.96 rps= 160.60
  s2s.crud.fetchAllTickets                      n= 1606 err=   0 errRate=  0.00% avg=   27.64 min=   12.63 max=  373.45 p50=   13.94 p95=   96.29 p99=  199.20 rps= 160.60
  s2s.crud.fetchFilms                           n=    1 err=   0 errRate=  0.00% avg=   71.72 min=   71.72 max=   71.72 p50=   71.72 p95=   71.72 p99=   71.72 rps=   0.10
window 30s
  calc.additional.maxViewersSummary             n= 4469 err=   0 errRate=  0.00% avg=   38.28 min=   12.66 max=  611.59 p50=   21.11 p95=  103.82 p99=  197.05 rps= 148.97
  controller.AnalyticsController.maxViewersSummary n= 4469 err=   0 errRate=  0.00% avg=   38.55 min=   12.74 max=  611.69 p50=   21.38 p95=  104.21 p99=  197.52 rps= 148.97
  s2s.crud.fetchAllTickets                      n= 4469 err=   0 errRate=  0.00% avg=   38.14 min=   12.63 max=  611.55 p50=   21.04 p95=  103.66 p99=  197.01 rps= 148.97
  s2s.crud.fetchFilms                           n=    1 err=   0 errRate=  0.00% avg=   71.72 min=   71.72 max=   71.72 p50=   71.72 p95=   71.72 p99=   71.72 rps=   0.03
window 1m
  calc.additional.maxViewersSummary             n= 8190 err=   0 errRate=  0.00% avg=   49.33 min=   12.66 max=  611.59 p50=   25.55 p95=  116.95 p99=  221.46 rps= 136.50
  controller.AnalyticsController.maxViewersSummary n= 8190 err=   0 errRate=  0.00% avg=   49.68 min=   12.74 max=  611.69 p50=   25.80 p95=  117.56 p99=  221.61 rps= 136.50
  s2s.crud.fetchAllTickets                      n= 8190 err=   0 errRate=  0.00% avg=   48.92 min=   12.63 max=  611.55 p50=   25.45 p95=  116.22 p99=  205.66 rps= 136.50
  s2s.crud.fetchFilms                           n=    2 err=   0 errRate=  0.00% avg=  140.73 min=   71.72 max=  209.74 p50=  140.73 p95=  202.83 p99=  208.36 rps=   0.03

2026-05-06T20:45:00.022Z  INFO 1 --- [lab8-additional-service] [   scheduling-1] r.h.l.a.o.ObservabilityService           : [lab8-additional-service] observability refresh
window 10s
  calc.additional.maxViewersSummary             n= 1462 err=   0 errRate=  0.00% avg=   31.18 min=   12.66 max=  373.49 p50=   13.99 p95=  106.55 p99=  200.63 rps= 146.20
  controller.AnalyticsController.maxViewersSummary n= 1463 err=   0 errRate=  0.00% avg=   31.35 min=   12.74 max=  373.74 p50=   14.14 p95=  106.70 p99=  201.12 rps= 146.30
  s2s.crud.fetchAllTickets                      n= 1462 err=   0 errRate=  0.00% avg=   30.88 min=   12.63 max=  373.45 p50=   13.94 p95=  106.50 p99=  200.60 rps= 146.20
  s2s.crud.fetchFilms                           n=    1 err=   0 errRate=  0.00% avg=   71.72 min=   71.72 max=   71.72 p50=   71.72 p95=   71.72 p99=   71.72 rps=   0.10
window 30s
  calc.additional.maxViewersSummary             n= 4375 err=   0 errRate=  0.00% avg=   38.98 min=   12.66 max=  611.59 p50=   21.03 p95=  104.93 p99=  197.22 rps= 145.83
  controller.AnalyticsController.maxViewersSummary n= 4375 err=   0 errRate=  0.00% avg=   39.25 min=   12.74 max=  611.69 p50=   21.21 p95=  105.38 p99=  197.82 rps= 145.83
  s2s.crud.fetchAllTickets                      n= 4375 err=   0 errRate=  0.00% avg=   38.84 min=   12.63 max=  611.55 p50=   20.96 p95=  104.81 p99=  197.18 rps= 145.83
  s2s.crud.fetchFilms                           n=    1 err=   0 errRate=  0.00% avg=   71.72 min=   71.72 max=   71.72 p50=   71.72 p95=   71.72 p99=   71.72 rps=   0.03
window 1m
  calc.additional.maxViewersSummary             n= 8102 err=   0 errRate=  0.00% avg=   49.45 min=   12.66 max=  611.59 p50=   25.49 p95=  119.97 p99=  221.87 rps= 135.03
  controller.AnalyticsController.maxViewersSummary n= 8102 err=   0 errRate=  0.00% avg=   49.80 min=   12.74 max=  611.69 p50=   25.72 p95=  120.70 p99=  222.23 rps= 135.03
  s2s.crud.fetchAllTickets                      n= 8102 err=   0 errRate=  0.00% avg=   49.04 min=   12.63 max=  611.55 p50=   25.40 p95=  119.18 p99=  205.91 rps= 135.03
  s2s.crud.fetchFilms                           n=    2 err=   0 errRate=  0.00% avg=  140.73 min=   71.72 max=  209.74 p50=  140.73 p95=  202.83 p99=  208.36 rps=   0.03

2026-05-06T20:45:01.028Z  INFO 1 --- [lab8-additional-service] [   scheduling-1] r.h.l.a.o.ObservabilityService           : [lab8-additional-service] observability refresh
window 10s
  calc.additional.maxViewersSummary             n= 1343 err=   0 errRate=  0.00% avg=   34.84 min=   12.66 max=  373.49 p50=   13.98 p95=  112.52 p99=  233.69 rps= 134.30
  controller.AnalyticsController.maxViewersSummary n= 1343 err=   0 errRate=  0.00% avg=   35.02 min=   12.74 max=  373.74 p50=   14.14 p95=  112.62 p99=  234.24 rps= 134.30
  s2s.crud.fetchAllTickets                      n= 1343 err=   0 errRate=  0.00% avg=   34.80 min=   12.63 max=  373.45 p50=   13.94 p95=  112.49 p99=  233.65 rps= 134.30
window 30s
  calc.additional.maxViewersSummary             n= 4280 err=   0 errRate=  0.00% avg=   39.84 min=   12.66 max=  611.59 p50=   21.12 p95=  105.63 p99=  197.73 rps= 142.67
  controller.AnalyticsController.maxViewersSummary n= 4280 err=   0 errRate=  0.00% avg=   40.11 min=   12.74 max=  611.69 p50=   21.39 p95=  106.19 p99=  197.86 rps= 142.67
  s2s.crud.fetchAllTickets                      n= 4280 err=   0 errRate=  0.00% avg=   39.70 min=   12.63 max=  611.55 p50=   21.05 p95=  105.55 p99=  197.70 rps= 142.67
  s2s.crud.fetchFilms                           n=    1 err=   0 errRate=  0.00% avg=   71.72 min=   71.72 max=   71.72 p50=   71.72 p95=   71.72 p99=   71.72 rps=   0.03
window 1m
  calc.additional.maxViewersSummary             n= 8039 err=   0 errRate=  0.00% avg=   49.69 min=   12.66 max=  611.59 p50=   25.54 p95=  121.15 p99=  229.67 rps= 133.98
  controller.AnalyticsController.maxViewersSummary n= 8039 err=   0 errRate=  0.00% avg=   50.04 min=   12.74 max=  611.69 p50=   25.78 p95=  121.67 p99=  229.88 rps= 133.98
  s2s.crud.fetchAllTickets                      n= 8039 err=   0 errRate=  0.00% avg=   49.27 min=   12.63 max=  611.55 p50=   25.44 p95=  119.51 p99=  207.59 rps= 133.98
  s2s.crud.fetchFilms                           n=    2 err=   0 errRate=  0.00% avg=  140.73 min=   71.72 max=  209.74 p50=  140.73 p95=  202.83 p99=  208.36 rps=   0.03

2026-05-06T20:45:02.033Z  INFO 1 --- [lab8-additional-service] [   scheduling-1] r.h.l.a.o.ObservabilityService           : [lab8-additional-service] observability refresh
window 10s
  calc.additional.maxViewersSummary             n= 1226 err=   0 errRate=  0.00% avg=   40.01 min=   12.66 max=  373.49 p50=   14.07 p95=  134.50 p99=  260.92 rps= 122.60
  controller.AnalyticsController.maxViewersSummary n= 1226 err=   0 errRate=  0.00% avg=   40.19 min=   12.74 max=  373.74 p50=   14.23 p95=  134.63 p99=  261.05 rps= 122.60
  s2s.crud.fetchAllTickets                      n= 1226 err=   0 errRate=  0.00% avg=   39.97 min=   12.63 max=  373.45 p50=   14.03 p95=  134.47 p99=  260.89 rps= 122.60
window 30s
  calc.additional.maxViewersSummary             n= 4189 err=   0 errRate=  0.00% avg=   40.46 min=   12.66 max=  611.59 p50=   21.08 p95=  106.27 p99=  197.77 rps= 139.63
  controller.AnalyticsController.maxViewersSummary n= 4189 err=   0 errRate=  0.00% avg=   40.73 min=   12.74 max=  611.69 p50=   21.29 p95=  106.61 p99=  197.93 rps= 139.63
  s2s.crud.fetchAllTickets                      n= 4189 err=   0 errRate=  0.00% avg=   40.32 min=   12.63 max=  611.55 p50=   21.02 p95=  106.14 p99=  197.73 rps= 139.63
  s2s.crud.fetchFilms                           n=    1 err=   0 errRate=  0.00% avg=   71.72 min=   71.72 max=   71.72 p50=   71.72 p95=   71.72 p99=   71.72 rps=   0.03
window 1m
  calc.additional.maxViewersSummary             n= 7973 err=   0 errRate=  0.00% avg=   50.04 min=   12.66 max=  611.59 p50=   25.59 p95=  121.58 p99=  234.88 rps= 132.88
  controller.AnalyticsController.maxViewersSummary n= 7973 err=   0 errRate=  0.00% avg=   50.39 min=   12.74 max=  611.69 p50=   25.87 p95=  122.48 p99=  235.05 rps= 132.88
  s2s.crud.fetchAllTickets                      n= 7973 err=   0 errRate=  0.00% avg=   49.62 min=   12.63 max=  611.55 p50=   25.50 p95=  120.55 p99=  208.88 rps= 132.88
  s2s.crud.fetchFilms                           n=    2 err=   0 errRate=  0.00% avg=  140.73 min=   71.72 max=  209.74 p50=  140.73 p95=  202.83 p99=  208.36 rps=   0.03

2026-05-06T20:45:03.038Z  INFO 1 --- [lab8-additional-service] [   scheduling-1] r.h.l.a.o.ObservabilityService           : [lab8-additional-service] observability refresh
window 10s
  calc.additional.maxViewersSummary             n= 1134 err=   0 errRate=  0.00% avg=   43.28 min=   12.66 max=  373.49 p50=   13.91 p95=  154.68 p99=  263.35 rps= 113.40
  controller.AnalyticsController.maxViewersSummary n= 1134 err=   0 errRate=  0.00% avg=   43.44 min=   12.74 max=  373.74 p50=   14.03 p95=  154.81 p99=  263.45 rps= 113.40
  s2s.crud.fetchAllTickets                      n= 1134 err=   0 errRate=  0.00% avg=   43.24 min=   12.63 max=  373.45 p50=   13.87 p95=  154.65 p99=  263.24 rps= 113.40
window 30s
  calc.additional.maxViewersSummary             n= 4113 err=   0 errRate=  0.00% avg=   41.16 min=   12.66 max=  611.59 p50=   21.06 p95=  108.39 p99=  197.85 rps= 137.10
  controller.AnalyticsController.maxViewersSummary n= 4113 err=   0 errRate=  0.00% avg=   41.43 min=   12.74 max=  611.69 p50=   21.28 p95=  109.07 p99=  198.00 rps= 137.10
  s2s.crud.fetchAllTickets                      n= 4113 err=   0 errRate=  0.00% avg=   41.02 min=   12.63 max=  611.55 p50=   20.98 p95=  108.27 p99=  197.82 rps= 137.10
  s2s.crud.fetchFilms                           n=    1 err=   0 errRate=  0.00% avg=   71.72 min=   71.72 max=   71.72 p50=   71.72 p95=   71.72 p99=   71.72 rps=   0.03
window 1m
  calc.additional.maxViewersSummary             n= 7897 err=   0 errRate=  0.00% avg=   50.22 min=   12.66 max=  611.59 p50=   25.56 p95=  122.61 p99=  236.06 rps= 131.62
  controller.AnalyticsController.maxViewersSummary n= 7897 err=   0 errRate=  0.00% avg=   50.56 min=   12.74 max=  611.69 p50=   25.80 p95=  123.35 p99=  236.34 rps= 131.62
  s2s.crud.fetchAllTickets                      n= 7897 err=   0 errRate=  0.00% avg=   49.80 min=   12.63 max=  611.55 p50=   25.46 p95=  121.53 p99=  209.55 rps= 131.62
  s2s.crud.fetchFilms                           n=    2 err=   0 errRate=  0.00% avg=  140.73 min=   71.72 max=  209.74 p50=  140.73 p95=  202.83 p99=  208.36 rps=   0.03

2026-05-06T20:45:04.043Z  INFO 1 --- [lab8-additional-service] [   scheduling-1] r.h.l.a.o.ObservabilityService           : [lab8-additional-service] observability refresh
window 10s
  calc.additional.maxViewersSummary             n=  989 err=   0 errRate=  0.00% avg=   51.09 min=   12.66 max=  373.49 p50=   13.91 p95=  158.00 p99=  273.88 rps=  98.90
  controller.AnalyticsController.maxViewersSummary n=  990 err=   0 errRate=  0.00% avg=   51.19 min=   12.74 max=  373.74 p50=   14.04 p95=  158.40 p99=  274.21 rps=  99.00
  s2s.crud.fetchAllTickets                      n=  989 err=   0 errRate=  0.00% avg=   51.05 min=   12.63 max=  373.45 p50=   13.88 p95=  157.95 p99=  273.84 rps=  98.90
window 30s
  calc.additional.maxViewersSummary             n= 4020 err=   0 errRate=  0.00% avg=   42.07 min=   12.66 max=  611.59 p50=   21.00 p95=  115.77 p99=  198.09 rps= 134.00
  controller.AnalyticsController.maxViewersSummary n= 4020 err=   0 errRate=  0.00% avg=   42.33 min=   12.74 max=  611.69 p50=   21.17 p95=  116.25 p99=  198.34 rps= 134.00
  s2s.crud.fetchAllTickets                      n= 4020 err=   0 errRate=  0.00% avg=   41.93 min=   12.63 max=  611.55 p50=   20.90 p95=  115.74 p99=  198.06 rps= 134.00
  s2s.crud.fetchFilms                           n=    1 err=   0 errRate=  0.00% avg=   71.72 min=   71.72 max=   71.72 p50=   71.72 p95=   71.72 p99=   71.72 rps=   0.03
window 1m
  calc.additional.maxViewersSummary             n= 7799 err=   0 errRate=  0.00% avg=   50.46 min=   12.66 max=  611.59 p50=   25.49 p95=  123.89 p99=  237.78 rps= 129.98
  controller.AnalyticsController.maxViewersSummary n= 7799 err=   0 errRate=  0.00% avg=   50.80 min=   12.74 max=  611.69 p50=   25.72 p95=  124.17 p99=  238.16 rps= 129.98
  s2s.crud.fetchAllTickets                      n= 7799 err=   0 errRate=  0.00% avg=   50.03 min=   12.63 max=  611.55 p50=   25.39 p95=  123.31 p99=  209.72 rps= 129.98
  s2s.crud.fetchFilms                           n=    2 err=   0 errRate=  0.00% avg=  140.73 min=   71.72 max=  209.74 p50=  140.73 p95=  202.83 p99=  208.36 rps=   0.03

2026-05-06T20:45:05.049Z  INFO 1 --- [lab8-additional-service] [   scheduling-1] r.h.l.a.o.ObservabilityService           : [lab8-additional-service] observability refresh
window 10s
  calc.additional.maxViewersSummary             n=  908 err=   0 errRate=  0.00% avg=   58.14 min=   12.66 max=  373.49 p50=   14.23 p95=  162.46 p99=  274.11 rps=  90.80
  controller.AnalyticsController.maxViewersSummary n=  908 err=   0 errRate=  0.00% avg=   58.29 min=   12.74 max=  373.74 p50=   14.40 p95=  162.58 p99=  274.25 rps=  90.80
  s2s.crud.fetchAllTickets                      n=  908 err=   0 errRate=  0.00% avg=   58.10 min=   12.63 max=  373.45 p50=   14.18 p95=  162.43 p99=  274.07 rps=  90.80
window 30s
  calc.additional.maxViewersSummary             n= 4020 err=   0 errRate=  0.00% avg=   41.53 min=   12.66 max=  611.59 p50=   20.31 p95=  118.52 p99=  198.09 rps= 134.00
  controller.AnalyticsController.maxViewersSummary n= 4021 err=   0 errRate=  0.00% avg=   41.78 min=   12.74 max=  611.69 p50=   20.56 p95=  118.64 p99=  198.34 rps= 134.03
  s2s.crud.fetchAllTickets                      n= 4020 err=   0 errRate=  0.00% avg=   41.39 min=   12.63 max=  611.55 p50=   20.20 p95=  118.48 p99=  198.06 rps= 134.00
  s2s.crud.fetchFilms                           n=    1 err=   0 errRate=  0.00% avg=   71.72 min=   71.72 max=   71.72 p50=   71.72 p95=   71.72 p99=   71.72 rps=   0.03
window 1m
  calc.additional.maxViewersSummary             n= 7788 err=   0 errRate=  0.00% avg=   50.26 min=   12.66 max=  611.59 p50=   25.20 p95=  126.53 p99=  237.79 rps= 129.80
  controller.AnalyticsController.maxViewersSummary n= 7788 err=   0 errRate=  0.00% avg=   50.60 min=   12.74 max=  611.69 p50=   25.47 p95=  126.72 p99=  238.16 rps= 129.80
  s2s.crud.fetchAllTickets                      n= 7788 err=   0 errRate=  0.00% avg=   49.84 min=   12.63 max=  611.55 p50=   25.11 p95=  125.77 p99=  209.74 rps= 129.80
  s2s.crud.fetchFilms                           n=    2 err=   0 errRate=  0.00% avg=  140.73 min=   71.72 max=  209.74 p50=  140.73 p95=  202.83 p99=  208.36 rps=   0.03

2026-05-06T20:45:06.054Z  INFO 1 --- [lab8-additional-service] [   scheduling-1] r.h.l.a.o.ObservabilityService           : [lab8-additional-service] observability refresh
window 10s
  calc.additional.maxViewersSummary             n=  919 err=   0 errRate=  0.00% avg=   57.70 min=   12.73 max=  373.49 p50=   14.42 p95=  161.86 p99=  274.08 rps=  91.90
  controller.AnalyticsController.maxViewersSummary n=  919 err=   0 errRate=  0.00% avg=   57.85 min=   12.80 max=  373.74 p50=   14.61 p95=  161.97 p99=  274.25 rps=  91.90
  s2s.crud.fetchAllTickets                      n=  919 err=   0 errRate=  0.00% avg=   57.65 min=   12.69 max=  373.45 p50=   14.37 p95=  161.82 p99=  274.04 rps=  91.90
window 30s
  calc.additional.maxViewersSummary             n= 4075 err=   0 errRate=  0.00% avg=   39.90 min=   12.66 max=  611.59 p50=   18.97 p95=  117.86 p99=  197.94 rps= 135.83
  controller.AnalyticsController.maxViewersSummary n= 4075 err=   0 errRate=  0.00% avg=   40.13 min=   12.74 max=  611.69 p50=   19.20 p95=  118.00 p99=  198.12 rps= 135.83
  s2s.crud.fetchAllTickets                      n= 4075 err=   0 errRate=  0.00% avg=   39.76 min=   12.63 max=  611.55 p50=   18.86 p95=  117.82 p99=  197.90 rps= 135.83
  s2s.crud.fetchFilms                           n=    1 err=   0 errRate=  0.00% avg=   71.72 min=   71.72 max=   71.72 p50=   71.72 p95=   71.72 p99=   71.72 rps=   0.03
window 1m
  calc.additional.maxViewersSummary             n= 7846 err=   0 errRate=  0.00% avg=   49.33 min=   12.66 max=  611.59 p50=   24.63 p95=  126.02 p99=  236.97 rps= 130.77
  controller.AnalyticsController.maxViewersSummary n= 7846 err=   0 errRate=  0.00% avg=   49.67 min=   12.74 max=  611.69 p50=   24.91 p95=  126.39 p99=  237.31 rps= 130.77
  s2s.crud.fetchAllTickets                      n= 7846 err=   0 errRate=  0.00% avg=   48.91 min=   12.63 max=  611.55 p50=   24.52 p95=  125.59 p99=  209.64 rps= 130.77
  s2s.crud.fetchFilms                           n=    2 err=   0 errRate=  0.00% avg=  140.73 min=   71.72 max=  209.74 p50=  140.73 p95=  202.83 p99=  208.36 rps=   0.03

2026-05-06T20:45:07.061Z  INFO 1 --- [lab8-additional-service] [   scheduling-1] r.h.l.a.o.ObservabilityService           : [lab8-additional-service] observability refresh
window 10s
  calc.additional.maxViewersSummary             n=  918 err=   0 errRate=  0.00% avg=   57.70 min=   12.78 max=  373.49 p50=   14.32 p95=  161.92 p99=  274.08 rps=  91.80
  controller.AnalyticsController.maxViewersSummary n=  918 err=   0 errRate=  0.00% avg=   57.85 min=   12.86 max=  373.74 p50=   14.51 p95=  162.02 p99=  274.25 rps=  91.80
  s2s.crud.fetchAllTickets                      n=  918 err=   0 errRate=  0.00% avg=   57.65 min=   12.75 max=  373.45 p50=   14.26 p95=  161.88 p99=  274.05 rps=  91.80
window 30s
  calc.additional.maxViewersSummary             n= 4130 err=   0 errRate=  0.00% avg=   38.46 min=   12.66 max=  611.59 p50=   17.39 p95=  117.54 p99=  197.83 rps= 137.67
  controller.AnalyticsController.maxViewersSummary n= 4130 err=   0 errRate=  0.00% avg=   38.69 min=   12.74 max=  611.69 p50=   17.56 p95=  117.67 p99=  197.99 rps= 137.67
  s2s.crud.fetchAllTickets                      n= 4130 err=   0 errRate=  0.00% avg=   38.32 min=   12.63 max=  611.55 p50=   17.30 p95=  117.50 p99=  197.80 rps= 137.67
  s2s.crud.fetchFilms                           n=    1 err=   0 errRate=  0.00% avg=   71.72 min=   71.72 max=   71.72 p50=   71.72 p95=   71.72 p99=   71.72 rps=   0.03
window 1m
  calc.additional.maxViewersSummary             n= 7899 err=   0 errRate=  0.00% avg=   48.52 min=   12.66 max=  611.59 p50=   24.02 p95=  125.81 p99=  236.03 rps= 131.65
  controller.AnalyticsController.maxViewersSummary n= 7899 err=   0 errRate=  0.00% avg=   48.86 min=   12.74 max=  611.69 p50=   24.33 p95=  126.10 p99=  236.30 rps= 131.65
  s2s.crud.fetchAllTickets                      n= 7899 err=   0 errRate=  0.00% avg=   48.10 min=   12.63 max=  611.55 p50=   23.93 p95=  125.23 p99=  209.55 rps= 131.65
  s2s.crud.fetchFilms                           n=    2 err=   0 errRate=  0.00% avg=  140.73 min=   71.72 max=  209.74 p50=  140.73 p95=  202.83 p99=  208.36 rps=   0.03

2026-05-06T20:45:08.073Z  INFO 1 --- [lab8-additional-service] [   scheduling-1] r.h.l.a.o.ObservabilityService           : [lab8-additional-service] observability refresh
window 10s
  calc.additional.maxViewersSummary             n= 1005 err=   0 errRate=  0.00% avg=   50.01 min=   12.79 max=  373.49 p50=   14.32 p95=  143.39 p99=  198.70 rps= 100.50
  controller.AnalyticsController.maxViewersSummary n= 1004 err=   0 errRate=  0.00% avg=   50.19 min=   12.93 max=  373.74 p50=   14.51 p95=  143.83 p99=  198.87 rps= 100.40
  s2s.crud.fetchAllTickets                      n= 1005 err=   0 errRate=  0.00% avg=   49.96 min=   12.75 max=  373.45 p50=   14.28 p95=  143.35 p99=  198.64 rps= 100.50
window 30s
  calc.additional.maxViewersSummary             n= 4148 err=   0 errRate=  0.00% avg=   37.80 min=   12.66 max=  611.59 p50=   16.20 p95=  117.46 p99=  197.81 rps= 138.27
  controller.AnalyticsController.maxViewersSummary n= 4147 err=   0 errRate=  0.00% avg=   38.03 min=   12.74 max=  611.69 p50=   16.43 p95=  117.61 p99=  197.97 rps= 138.23
  s2s.crud.fetchAllTickets                      n= 4148 err=   0 errRate=  0.00% avg=   37.66 min=   12.63 max=  611.55 p50=   16.12 p95=  117.42 p99=  197.78 rps= 138.27
  s2s.crud.fetchFilms                           n=    1 err=   0 errRate=  0.00% avg=   71.72 min=   71.72 max=   71.72 p50=   71.72 p95=   71.72 p99=   71.72 rps=   0.03
window 1m
  calc.additional.maxViewersSummary             n= 7959 err=   0 errRate=  0.00% avg=   47.73 min=   12.66 max=  611.59 p50=   23.58 p95=  125.31 p99=  227.15 rps= 132.65
  controller.AnalyticsController.maxViewersSummary n= 7958 err=   0 errRate=  0.00% avg=   48.07 min=   12.74 max=  611.69 p50=   23.90 p95=  125.76 p99=  227.54 rps= 132.63
  s2s.crud.fetchAllTickets                      n= 7959 err=   0 errRate=  0.00% avg=   47.32 min=   12.63 max=  611.55 p50=   23.48 p95=  124.76 p99=  207.05 rps= 132.65
  s2s.crud.fetchFilms                           n=    2 err=   0 errRate=  0.00% avg=  140.73 min=   71.72 max=  209.74 p50=  140.73 p95=  202.83 p99=  208.36 rps=   0.03

2026-05-06T20:45:08.295Z  INFO 1 --- [lab8-additional-service] [   scheduling-1] r.h.l.a.service.FilmCacheService         : film-cache stats: size=310 ttlMs=30000 lastRefreshAtMs=1778100290375 hits=20533 misses=6 refreshes=6
2026-05-06T20:45:09.080Z  INFO 1 --- [lab8-additional-service] [   scheduling-1] r.h.l.a.o.ObservabilityService           : [lab8-additional-service] observability refresh
window 10s
  calc.additional.maxViewersSummary             n= 1132 err=   0 errRate=  0.00% avg=   43.30 min=   12.79 max=  168.62 p50=   15.01 p95=  123.07 p99=  155.21 rps= 113.20
  controller.AnalyticsController.maxViewersSummary n= 1132 err=   0 errRate=  0.00% avg=   43.47 min=   12.93 max=  168.76 p50=   15.22 p95=  123.18 p99=  155.49 rps= 113.20
  s2s.crud.fetchAllTickets                      n= 1132 err=   0 errRate=  0.00% avg=   43.25 min=   12.75 max=  168.58 p50=   14.97 p95=  123.04 p99=  155.17 rps= 113.20
window 30s
  calc.additional.maxViewersSummary             n= 4213 err=   0 errRate=  0.00% avg=   37.23 min=   12.66 max=  611.59 p50=   16.89 p95=  115.39 p99=  196.41 rps= 140.43
  controller.AnalyticsController.maxViewersSummary n= 4213 err=   0 errRate=  0.00% avg=   37.45 min=   12.74 max=  611.69 p50=   17.12 p95=  115.49 p99=  197.04 rps= 140.43
  s2s.crud.fetchAllTickets                      n= 4213 err=   0 errRate=  0.00% avg=   37.09 min=   12.63 max=  611.55 p50=   16.79 p95=  115.35 p99=  196.38 rps= 140.43
  s2s.crud.fetchFilms                           n=    1 err=   0 errRate=  0.00% avg=   71.72 min=   71.72 max=   71.72 p50=   71.72 p95=   71.72 p99=   71.72 rps=   0.03
window 1m
  calc.additional.maxViewersSummary             n= 7993 err=   0 errRate=  0.00% avg=   47.36 min=   12.66 max=  611.59 p50=   23.51 p95=  124.74 p99=  222.88 rps= 133.22
  controller.AnalyticsController.maxViewersSummary n= 7993 err=   0 errRate=  0.00% avg=   47.69 min=   12.74 max=  611.69 p50=   23.84 p95=  125.04 p99=  223.22 rps= 133.22
  s2s.crud.fetchAllTickets                      n= 7993 err=   0 errRate=  0.00% avg=   46.94 min=   12.63 max=  611.55 p50=   23.42 p95=  123.92 p99=  206.13 rps= 133.22
  s2s.crud.fetchFilms                           n=    2 err=   0 errRate=  0.00% avg=  140.73 min=   71.72 max=  209.74 p50=  140.73 p95=  202.83 p99=  208.36 rps=   0.03

2026-05-06T20:45:10.094Z  INFO 1 --- [lab8-additional-service] [   scheduling-1] r.h.l.a.o.ObservabilityService           : [lab8-additional-service] observability refresh
window 10s
  calc.additional.maxViewersSummary             n= 1253 err=   0 errRate=  0.00% avg=   37.89 min=   12.79 max=  162.85 p50=   14.98 p95=  119.78 p99=  131.65 rps= 125.30
  controller.AnalyticsController.maxViewersSummary n= 1253 err=   0 errRate=  0.00% avg=   38.07 min=   12.93 max=  162.97 p50=   15.17 p95=  119.95 p99=  131.77 rps= 125.30
  s2s.crud.fetchAllTickets                      n= 1253 err=   0 errRate=  0.00% avg=   37.85 min=   12.75 max=  162.81 p50=   14.90 p95=  119.75 p99=  131.61 rps= 125.30
window 30s
  calc.additional.maxViewersSummary             n= 4289 err=   0 errRate=  0.00% avg=   35.20 min=   12.66 max=  373.49 p50=   16.37 p95=  109.02 p99=  168.31 rps= 142.97
  controller.AnalyticsController.maxViewersSummary n= 4289 err=   0 errRate=  0.00% avg=   35.42 min=   12.74 max=  373.74 p50=   16.65 p95=  109.69 p99=  169.37 rps= 142.97
  s2s.crud.fetchAllTickets                      n= 4289 err=   0 errRate=  0.00% avg=   35.06 min=   12.63 max=  373.45 p50=   16.28 p95=  108.85 p99=  168.28 rps= 142.97
  s2s.crud.fetchFilms                           n=    1 err=   0 errRate=  0.00% avg=   71.72 min=   71.72 max=   71.72 p50=   71.72 p95=   71.72 p99=   71.72 rps=   0.03
window 1m
  calc.additional.maxViewersSummary             n= 8031 err=   0 errRate=  0.00% avg=   46.83 min=   12.66 max=  611.59 p50=   23.32 p95=  124.48 p99=  221.73 rps= 133.85
  controller.AnalyticsController.maxViewersSummary n= 8031 err=   0 errRate=  0.00% avg=   47.16 min=   12.74 max=  611.69 p50=   23.60 p95=  124.91 p99=  222.02 rps= 133.85
  s2s.crud.fetchAllTickets                      n= 8031 err=   0 errRate=  0.00% avg=   46.42 min=   12.63 max=  611.55 p50=   23.26 p95=  123.81 p99=  205.83 rps= 133.85
  s2s.crud.fetchFilms                           n=    2 err=   0 errRate=  0.00% avg=  140.73 min=   71.72 max=  209.74 p50=  140.73 p95=  202.83 p99=  208.36 rps=   0.03

2026-05-06T20:45:11.103Z  INFO 1 --- [lab8-additional-service] [   scheduling-1] r.h.l.a.o.ObservabilityService           : [lab8-additional-service] observability refresh
window 10s
  calc.additional.maxViewersSummary             n= 1400 err=   0 errRate=  0.00% avg=   31.83 min=   12.79 max=  162.85 p50=   14.20 p95=  119.02 p99=  129.43 rps= 140.00
  controller.AnalyticsController.maxViewersSummary n= 1400 err=   0 errRate=  0.00% avg=   32.00 min=   12.93 max=  162.97 p50=   14.39 p95=  119.29 p99=  129.58 rps= 140.00
  s2s.crud.fetchAllTickets                      n= 1400 err=   0 errRate=  0.00% avg=   31.78 min=   12.75 max=  162.81 p50=   14.15 p95=  118.96 p99=  129.39 rps= 140.00
window 30s
  calc.additional.maxViewersSummary             n= 4367 err=   0 errRate=  0.00% avg=   33.28 min=   12.66 max=  373.49 p50=   15.13 p95=  107.77 p99=  166.17 rps= 145.57
  controller.AnalyticsController.maxViewersSummary n= 4367 err=   0 errRate=  0.00% avg=   33.50 min=   12.74 max=  373.74 p50=   15.32 p95=  108.33 p99=  167.06 rps= 145.57
  s2s.crud.fetchAllTickets                      n= 4367 err=   0 errRate=  0.00% avg=   33.15 min=   12.63 max=  373.45 p50=   15.07 p95=  107.66 p99=  166.13 rps= 145.57
  s2s.crud.fetchFilms                           n=    1 err=   0 errRate=  0.00% avg=   71.72 min=   71.72 max=   71.72 p50=   71.72 p95=   71.72 p99=   71.72 rps=   0.03
window 1m
  calc.additional.maxViewersSummary             n= 8146 err=   0 errRate=  0.00% avg=   45.22 min=   12.66 max=  611.59 p50=   22.69 p95=  121.04 p99=  221.06 rps= 135.77
  controller.AnalyticsController.maxViewersSummary n= 8146 err=   0 errRate=  0.00% avg=   45.54 min=   12.74 max=  611.69 p50=   22.99 p95=  121.31 p99=  221.24 rps= 135.77
  s2s.crud.fetchAllTickets                      n= 8146 err=   0 errRate=  0.00% avg=   44.81 min=   12.63 max=  611.55 p50=   22.59 p95=  120.42 p99=  205.00 rps= 135.77
  s2s.crud.fetchFilms                           n=    2 err=   0 errRate=  0.00% avg=  140.73 min=   71.72 max=  209.74 p50=  140.73 p95=  202.83 p99=  208.36 rps=   0.03

2026-05-06T20:45:12.110Z  INFO 1 --- [lab8-additional-service] [   scheduling-1] r.h.l.a.o.ObservabilityService           : [lab8-additional-service] observability refresh
window 10s
  calc.additional.maxViewersSummary             n= 1543 err=   0 errRate=  0.00% avg=   26.80 min=   12.79 max=  162.85 p50=   13.91 p95=  118.38 p99=  128.83 rps= 154.30
  controller.AnalyticsController.maxViewersSummary n= 1543 err=   0 errRate=  0.00% avg=   26.97 min=   12.93 max=  162.97 p50=   14.04 p95=  118.54 p99=  128.95 rps= 154.30
  s2s.crud.fetchAllTickets                      n= 1543 err=   0 errRate=  0.00% avg=   26.76 min=   12.75 max=  162.81 p50=   13.87 p95=  118.35 p99=  128.79 rps= 154.30
window 30s
  calc.additional.maxViewersSummary             n= 4391 err=   0 errRate=  0.00% avg=   32.57 min=   12.66 max=  373.49 p50=   14.61 p95=  107.70 p99=  166.13 rps= 146.37
  controller.AnalyticsController.maxViewersSummary n= 4391 err=   0 errRate=  0.00% avg=   32.78 min=   12.74 max=  373.74 p50=   14.82 p95=  108.25 p99=  166.62 rps= 146.37
  s2s.crud.fetchAllTickets                      n= 4391 err=   0 errRate=  0.00% avg=   32.43 min=   12.63 max=  373.45 p50=   14.57 p95=  107.61 p99=  166.08 rps= 146.37
  s2s.crud.fetchFilms                           n=    1 err=   0 errRate=  0.00% avg=   71.72 min=   71.72 max=   71.72 p50=   71.72 p95=   71.72 p99=   71.72 rps=   0.03
window 1m
  calc.additional.maxViewersSummary             n= 8244 err=   0 errRate=  0.00% avg=   43.99 min=   12.66 max=  611.59 p50=   22.07 p95=  118.62 p99=  217.51 rps= 137.40
  controller.AnalyticsController.maxViewersSummary n= 8244 err=   0 errRate=  0.00% avg=   44.30 min=   12.74 max=  611.69 p50=   22.37 p95=  118.78 p99=  217.76 rps= 137.40
  s2s.crud.fetchAllTickets                      n= 8244 err=   0 errRate=  0.00% avg=   43.58 min=   12.63 max=  611.55 p50=   22.01 p95=  117.88 p99=  202.80 rps= 137.40
  s2s.crud.fetchFilms                           n=    2 err=   0 errRate=  0.00% avg=  140.73 min=   71.72 max=  209.74 p50=  140.73 p95=  202.83 p99=  208.36 rps=   0.03

2026-05-06T20:45:13.117Z  INFO 1 --- [lab8-additional-service] [   scheduling-1] r.h.l.a.o.ObservabilityService           : [lab8-additional-service] observability refresh
window 10s
  calc.additional.maxViewersSummary             n= 1684 err=   0 errRate=  0.00% avg=   22.18 min=   12.79 max=  162.85 p50=   13.81 p95=   93.35 p99=  125.81 rps= 168.40
  controller.AnalyticsController.maxViewersSummary n= 1684 err=   0 errRate=  0.00% avg=   22.34 min=   12.93 max=  162.97 p50=   13.95 p95=   94.18 p99=  126.02 rps= 168.40
  s2s.crud.fetchAllTickets                      n= 1684 err=   0 errRate=  0.00% avg=   22.13 min=   12.75 max=  162.81 p50=   13.76 p95=   93.31 p99=  125.76 rps= 168.40
window 30s
  calc.additional.maxViewersSummary             n= 4479 err=   0 errRate=  0.00% avg=   30.86 min=   12.66 max=  373.49 p50=   14.33 p95=  107.13 p99=  165.15 rps= 149.30
  controller.AnalyticsController.maxViewersSummary n= 4479 err=   0 errRate=  0.00% avg=   31.04 min=   12.74 max=  373.74 p50=   14.51 p95=  107.48 p99=  165.52 rps= 149.30
  s2s.crud.fetchAllTickets                      n= 4479 err=   0 errRate=  0.00% avg=   30.73 min=   12.63 max=  373.45 p50=   14.28 p95=  107.09 p99=  165.12 rps= 149.30
  s2s.crud.fetchFilms                           n=    1 err=   0 errRate=  0.00% avg=   71.72 min=   71.72 max=   71.72 p50=   71.72 p95=   71.72 p99=   71.72 rps=   0.03
window 1m
  calc.additional.maxViewersSummary             n= 8364 err=   0 errRate=  0.00% avg=   42.90 min=   12.66 max=  611.59 p50=   21.52 p95=  116.53 p99=  210.62 rps= 139.40
  controller.AnalyticsController.maxViewersSummary n= 8364 err=   0 errRate=  0.00% avg=   43.22 min=   12.74 max=  611.69 p50=   21.80 p95=  116.77 p99=  210.74 rps= 139.40
  s2s.crud.fetchAllTickets                      n= 8364 err=   0 errRate=  0.00% avg=   42.51 min=   12.63 max=  611.55 p50=   21.42 p95=  115.93 p99=  200.08 rps= 139.40
  s2s.crud.fetchFilms                           n=    2 err=   0 errRate=  0.00% avg=  140.73 min=   71.72 max=  209.74 p50=  140.73 p95=  202.83 p99=  208.36 rps=   0.03

2026-05-06T20:45:14.123Z  INFO 1 --- [lab8-additional-service] [   scheduling-1] r.h.l.a.o.ObservabilityService           : [lab8-additional-service] observability refresh
window 10s
  calc.additional.maxViewersSummary             n= 1817 err=   0 errRate=  0.00% avg=   20.51 min=   12.79 max=  139.27 p50=   13.85 p95=   72.00 p99=  125.28 rps= 181.70
  controller.AnalyticsController.maxViewersSummary n= 1817 err=   0 errRate=  0.00% avg=   20.68 min=   12.93 max=  139.37 p50=   13.99 p95=   72.63 p99=  125.37 rps= 181.70
  s2s.crud.fetchAllTickets                      n= 1817 err=   0 errRate=  0.00% avg=   20.46 min=   12.75 max=  139.24 p50=   13.81 p95=   71.95 p99=  125.24 rps= 181.70
window 30s
  calc.additional.maxViewersSummary             n= 4518 err=   0 errRate=  0.00% avg=   30.15 min=   12.66 max=  373.49 p50=   14.28 p95=  105.27 p99=  164.69 rps= 150.60
  controller.AnalyticsController.maxViewersSummary n= 4518 err=   0 errRate=  0.00% avg=   30.34 min=   12.74 max=  373.74 p50=   14.46 p95=  105.50 p99=  165.04 rps= 150.60
  s2s.crud.fetchAllTickets                      n= 4518 err=   0 errRate=  0.00% avg=   30.02 min=   12.63 max=  373.45 p50=   14.23 p95=  105.23 p99=  164.65 rps= 150.60
  s2s.crud.fetchFilms                           n=    1 err=   0 errRate=  0.00% avg=   71.72 min=   71.72 max=   71.72 p50=   71.72 p95=   71.72 p99=   71.72 rps=   0.03
window 1m
  calc.additional.maxViewersSummary             n= 8471 err=   0 errRate=  0.00% avg=   41.65 min=   12.66 max=  611.59 p50=   21.27 p95=  112.52 p99=  199.79 rps= 141.18
  controller.AnalyticsController.maxViewersSummary n= 8471 err=   0 errRate=  0.00% avg=   41.97 min=   12.74 max=  611.69 p50=   21.58 p95=  112.73 p99=  200.29 rps= 141.18
  s2s.crud.fetchAllTickets                      n= 8471 err=   0 errRate=  0.00% avg=   41.26 min=   12.63 max=  611.55 p50=   21.17 p95=  112.19 p99=  197.87 rps= 141.18
  s2s.crud.fetchFilms                           n=    2 err=   0 errRate=  0.00% avg=  140.73 min=   71.72 max=  209.74 p50=  140.73 p95=  202.83 p99=  208.36 rps=   0.03

2026-05-06T20:45:15.134Z  INFO 1 --- [lab8-additional-service] [   scheduling-1] r.h.l.a.o.ObservabilityService           : [lab8-additional-service] observability refresh
window 10s
  calc.additional.maxViewersSummary             n= 1890 err=   0 errRate=  0.00% avg=   18.73 min=   12.86 max=  103.91 p50=   13.84 p95=   36.42 p99=   93.79 rps= 189.00
  controller.AnalyticsController.maxViewersSummary n= 1890 err=   0 errRate=  0.00% avg=   18.90 min=   12.95 max=  104.26 p50=   13.98 p95=   36.65 p99=   94.25 rps= 189.00
  s2s.crud.fetchAllTickets                      n= 1890 err=   0 errRate=  0.00% avg=   18.68 min=   12.82 max=  103.88 p50=   13.80 p95=   36.39 p99=   93.73 rps= 189.00
window 30s
  calc.additional.maxViewersSummary             n= 4565 err=   0 errRate=  0.00% avg=   29.60 min=   12.66 max=  373.49 p50=   14.17 p95=  105.05 p99=  163.64 rps= 152.17
  controller.AnalyticsController.maxViewersSummary n= 4565 err=   0 errRate=  0.00% avg=   29.78 min=   12.74 max=  373.74 p50=   14.34 p95=  105.26 p99=  163.86 rps= 152.17
  s2s.crud.fetchAllTickets                      n= 4565 err=   0 errRate=  0.00% avg=   29.47 min=   12.63 max=  373.45 p50=   14.13 p95=  105.02 p99=  163.61 rps= 152.17
  s2s.crud.fetchFilms                           n=    1 err=   0 errRate=  0.00% avg=   71.72 min=   71.72 max=   71.72 p50=   71.72 p95=   71.72 p99=   71.72 rps=   0.03
window 1m
  calc.additional.maxViewersSummary             n= 8582 err=   0 errRate=  0.00% avg=   40.03 min=   12.66 max=  611.59 p50=   20.70 p95=  108.76 p99=  195.08 rps= 143.03
  controller.AnalyticsController.maxViewersSummary n= 8582 err=   0 errRate=  0.00% avg=   40.34 min=   12.74 max=  611.69 p50=   20.99 p95=  109.52 p99=  196.69 rps= 143.03
  s2s.crud.fetchAllTickets                      n= 8582 err=   0 errRate=  0.00% avg=   39.64 min=   12.63 max=  611.55 p50=   20.63 p95=  108.39 p99=  188.97 rps= 143.03
  s2s.crud.fetchFilms                           n=    2 err=   0 errRate=  0.00% avg=  140.73 min=   71.72 max=  209.74 p50=  140.73 p95=  202.83 p99=  208.36 rps=   0.03

2026-05-06T20:45:16.141Z  INFO 1 --- [lab8-additional-service] [   scheduling-1] r.h.l.a.o.ObservabilityService           : [lab8-additional-service] observability refresh
window 10s
  calc.additional.maxViewersSummary             n= 1871 err=   0 errRate=  0.00% avg=   19.78 min=   12.86 max=  139.12 p50=   13.94 p95=   53.48 p99=   94.00 rps= 187.10
  controller.AnalyticsController.maxViewersSummary n= 1871 err=   0 errRate=  0.00% avg=   19.95 min=   12.95 max=  139.66 p50=   14.09 p95=   53.74 p99=   94.61 rps= 187.10
  s2s.crud.fetchAllTickets                      n= 1871 err=   0 errRate=  0.00% avg=   19.73 min=   12.82 max=  139.07 p50=   13.90 p95=   53.44 p99=   93.96 rps= 187.10
window 30s
  calc.additional.maxViewersSummary             n= 4588 err=   0 errRate=  0.00% avg=   28.77 min=   12.66 max=  373.49 p50=   14.13 p95=  104.33 p99=  161.90 rps= 152.93
  controller.AnalyticsController.maxViewersSummary n= 4588 err=   0 errRate=  0.00% avg=   28.95 min=   12.74 max=  373.74 p50=   14.30 p95=  104.63 p99=  162.00 rps= 152.93
  s2s.crud.fetchAllTickets                      n= 4588 err=   0 errRate=  0.00% avg=   28.64 min=   12.63 max=  373.45 p50=   14.10 p95=  104.30 p99=  161.86 rps= 152.93
  s2s.crud.fetchFilms                           n=    1 err=   0 errRate=  0.00% avg=   71.72 min=   71.72 max=   71.72 p50=   71.72 p95=   71.72 p99=   71.72 rps=   0.03
window 1m
  calc.additional.maxViewersSummary             n= 8641 err=   0 errRate=  0.00% avg=   39.17 min=   12.66 max=  611.59 p50=   20.37 p95=  107.94 p99=  193.31 rps= 144.02
  controller.AnalyticsController.maxViewersSummary n= 8641 err=   0 errRate=  0.00% avg=   39.48 min=   12.74 max=  611.69 p50=   20.64 p95=  108.54 p99=  194.32 rps= 144.02
  s2s.crud.fetchAllTickets                      n= 8641 err=   0 errRate=  0.00% avg=   38.78 min=   12.63 max=  611.55 p50=   20.30 p95=  107.66 p99=  188.65 rps= 144.02
  s2s.crud.fetchFilms                           n=    2 err=   0 errRate=  0.00% avg=  140.73 min=   71.72 max=  209.74 p50=  140.73 p95=  202.83 p99=  208.36 rps=   0.03

2026-05-06T20:45:17.147Z  INFO 1 --- [lab8-additional-service] [   scheduling-1] r.h.l.a.o.ObservabilityService           : [lab8-additional-service] observability refresh
window 10s
  calc.additional.maxViewersSummary             n= 1765 err=   0 errRate=  0.00% avg=   22.31 min=   12.86 max=  139.12 p50=   14.18 p95=   61.92 p99=   94.34 rps= 176.50
  controller.AnalyticsController.maxViewersSummary n= 1765 err=   0 errRate=  0.00% avg=   22.50 min=   12.95 max=  139.66 p50=   14.35 p95=   62.06 p99=   94.68 rps= 176.50
  s2s.crud.fetchAllTickets                      n= 1765 err=   0 errRate=  0.00% avg=   22.27 min=   12.82 max=  139.07 p50=   14.14 p95=   61.88 p99=   94.31 rps= 176.50
window 30s
  calc.additional.maxViewersSummary             n= 4540 err=   0 errRate=  0.00% avg=   28.93 min=   12.66 max=  373.49 p50=   14.12 p95=  104.36 p99=  162.42 rps= 151.33
  controller.AnalyticsController.maxViewersSummary n= 4540 err=   0 errRate=  0.00% avg=   29.10 min=   12.74 max=  373.74 p50=   14.27 p95=  104.72 p99=  162.53 rps= 151.33
  s2s.crud.fetchAllTickets                      n= 4540 err=   0 errRate=  0.00% avg=   28.80 min=   12.63 max=  373.45 p50=   14.07 p95=  104.33 p99=  162.38 rps= 151.33
  s2s.crud.fetchFilms                           n=    1 err=   0 errRate=  0.00% avg=   71.72 min=   71.72 max=   71.72 p50=   71.72 p95=   71.72 p99=   71.72 rps=   0.03
window 1m
  calc.additional.maxViewersSummary             n= 8659 err=   0 errRate=  0.00% avg=   38.79 min=   12.66 max=  611.59 p50=   20.39 p95=  106.68 p99=  193.17 rps= 144.32
  controller.AnalyticsController.maxViewersSummary n= 8659 err=   0 errRate=  0.00% avg=   39.10 min=   12.74 max=  611.69 p50=   20.70 p95=  107.12 p99=  194.30 rps= 144.32
  s2s.crud.fetchAllTickets                      n= 8659 err=   0 errRate=  0.00% avg=   38.40 min=   12.63 max=  611.55 p50=   20.33 p95=  106.29 p99=  187.97 rps= 144.32
  s2s.crud.fetchFilms                           n=    2 err=   0 errRate=  0.00% avg=  140.73 min=   71.72 max=  209.74 p50=  140.73 p95=  202.83 p99=  208.36 rps=   0.03

2026-05-06T20:45:18.156Z  INFO 1 --- [lab8-additional-service] [   scheduling-1] r.h.l.a.o.ObservabilityService           : [lab8-additional-service] observability refresh
window 10s
  calc.additional.maxViewersSummary             n= 1665 err=   0 errRate=  0.00% avg=   24.89 min=   12.86 max=  139.12 p50=   14.26 p95=   71.78 p99=   97.69 rps= 166.50
  controller.AnalyticsController.maxViewersSummary n= 1666 err=   0 errRate=  0.00% avg=   25.07 min=   12.95 max=  139.66 p50=   14.44 p95=   71.96 p99=   97.94 rps= 166.60
  s2s.crud.fetchAllTickets                      n= 1665 err=   0 errRate=  0.00% avg=   24.85 min=   12.82 max=  139.07 p50=   14.22 p95=   71.73 p99=   97.65 rps= 166.50
window 30s
  calc.additional.maxViewersSummary             n= 4429 err=   0 errRate=  0.00% avg=   30.04 min=   12.66 max=  373.49 p50=   14.15 p95=  105.03 p99=  164.44 rps= 147.63
  controller.AnalyticsController.maxViewersSummary n= 4429 err=   0 errRate=  0.00% avg=   30.21 min=   12.74 max=  373.74 p50=   14.31 p95=  105.25 p99=  164.76 rps= 147.63
  s2s.crud.fetchAllTickets                      n= 4429 err=   0 errRate=  0.00% avg=   29.91 min=   12.63 max=  373.45 p50=   14.11 p95=  105.00 p99=  164.41 rps= 147.63
  s2s.crud.fetchFilms                           n=    1 err=   0 errRate=  0.00% avg=   71.72 min=   71.72 max=   71.72 p50=   71.72 p95=   71.72 p99=   71.72 rps=   0.03
window 1m
  calc.additional.maxViewersSummary             n= 8645 err=   0 errRate=  0.00% avg=   38.69 min=   12.66 max=  611.59 p50=   20.41 p95=  106.07 p99=  183.98 rps= 144.08
  controller.AnalyticsController.maxViewersSummary n= 8645 err=   0 errRate=  0.00% avg=   39.00 min=   12.74 max=  611.69 p50=   20.72 p95=  106.36 p99=  189.04 rps= 144.08
  s2s.crud.fetchAllTickets                      n= 8645 err=   0 errRate=  0.00% avg=   38.30 min=   12.63 max=  611.55 p50=   20.34 p95=  105.61 p99=  177.61 rps= 144.08
  s2s.crud.fetchFilms                           n=    2 err=   0 errRate=  0.00% avg=  140.73 min=   71.72 max=  209.74 p50=  140.73 p95=  202.83 p99=  208.36 rps=   0.03

2026-05-06T20:45:18.295Z  INFO 1 --- [lab8-additional-service] [   scheduling-1] r.h.l.a.service.FilmCacheService         : film-cache stats: size=310 ttlMs=30000 lastRefreshAtMs=1778100290375 hits=22189 misses=6 refreshes=6
2026-05-06T20:45:19.162Z  INFO 1 --- [lab8-additional-service] [   scheduling-1] r.h.l.a.o.ObservabilityService           : [lab8-additional-service] observability refresh
window 10s
  calc.additional.maxViewersSummary             n= 1584 err=   0 errRate=  0.00% avg=   26.10 min=   12.86 max=  139.12 p50=   14.15 p95=   76.42 p99=   95.46 rps= 158.40
  controller.AnalyticsController.maxViewersSummary n= 1584 err=   0 errRate=  0.00% avg=   26.28 min=   12.95 max=  139.66 p50=   14.30 p95=   76.64 p99=   95.58 rps= 158.40
  s2s.crud.fetchAllTickets                      n= 1584 err=   0 errRate=  0.00% avg=   26.06 min=   12.82 max=  139.07 p50=   14.10 p95=   76.39 p99=   95.42 rps= 158.40
window 30s
  calc.additional.maxViewersSummary             n= 4314 err=   0 errRate=  0.00% avg=   31.29 min=   12.66 max=  373.49 p50=   14.18 p95=  106.29 p99=  165.42 rps= 143.80
  controller.AnalyticsController.maxViewersSummary n= 4314 err=   0 errRate=  0.00% avg=   31.46 min=   12.74 max=  373.74 p50=   14.35 p95=  106.38 p99=  165.71 rps= 143.80
  s2s.crud.fetchAllTickets                      n= 4314 err=   0 errRate=  0.00% avg=   31.15 min=   12.63 max=  373.45 p50=   14.14 p95=  106.25 p99=  165.37 rps= 143.80
  s2s.crud.fetchFilms                           n=    1 err=   0 errRate=  0.00% avg=   71.72 min=   71.72 max=   71.72 p50=   71.72 p95=   71.72 p99=   71.72 rps=   0.03
window 1m
  calc.additional.maxViewersSummary             n= 8581 err=   0 errRate=  0.00% avg=   38.57 min=   12.66 max=  611.59 p50=   20.37 p95=  105.40 p99=  182.62 rps= 143.02
  controller.AnalyticsController.maxViewersSummary n= 8582 err=   0 errRate=  0.00% avg=   38.87 min=   12.74 max=  611.69 p50=   20.67 p95=  105.94 p99=  188.39 rps= 143.03
  s2s.crud.fetchAllTickets                      n= 8581 err=   0 errRate=  0.00% avg=   38.18 min=   12.63 max=  611.55 p50=   20.31 p95=  105.09 p99=  176.71 rps= 143.02
  s2s.crud.fetchFilms                           n=    2 err=   0 errRate=  0.00% avg=  140.73 min=   71.72 max=  209.74 p50=  140.73 p95=  202.83 p99=  208.36 rps=   0.03

2026-05-06T20:45:20.168Z  INFO 1 --- [lab8-additional-service] [   scheduling-1] r.h.l.a.o.ObservabilityService           : [lab8-additional-service] observability refresh
window 10s
  calc.additional.maxViewersSummary             n= 1511 err=   0 errRate=  0.00% avg=   27.83 min=   12.86 max=  139.12 p50=   14.19 p95=   77.89 p99=   96.85 rps= 151.10
  controller.AnalyticsController.maxViewersSummary n= 1511 err=   0 errRate=  0.00% avg=   28.00 min=   12.95 max=  139.66 p50=   14.36 p95=   78.06 p99=   97.09 rps= 151.10
  s2s.crud.fetchAllTickets                      n= 1511 err=   0 errRate=  0.00% avg=   27.79 min=   12.82 max=  139.07 p50=   14.15 p95=   77.84 p99=   96.81 rps= 151.10
window 30s
  calc.additional.maxViewersSummary             n= 4213 err=   0 errRate=  0.00% avg=   32.07 min=   12.66 max=  373.49 p50=   14.24 p95=  106.69 p99=  165.76 rps= 140.43
  controller.AnalyticsController.maxViewersSummary n= 4213 err=   0 errRate=  0.00% avg=   32.24 min=   12.74 max=  373.74 p50=   14.41 p95=  106.79 p99=  165.88 rps= 140.43
  s2s.crud.fetchAllTickets                      n= 4213 err=   0 errRate=  0.00% avg=   31.93 min=   12.63 max=  373.45 p50=   14.19 p95=  106.65 p99=  165.72 rps= 140.43
  s2s.crud.fetchFilms                           n=    1 err=   0 errRate=  0.00% avg=   71.72 min=   71.72 max=   71.72 p50=   71.72 p95=   71.72 p99=   71.72 rps=   0.03
window 1m
  calc.additional.maxViewersSummary             n= 8537 err=   0 errRate=  0.00% avg=   38.61 min=   12.66 max=  611.59 p50=   20.40 p95=  105.43 p99=  183.12 rps= 142.28
  controller.AnalyticsController.maxViewersSummary n= 8537 err=   0 errRate=  0.00% avg=   38.92 min=   12.74 max=  611.69 p50=   20.70 p95=  105.95 p99=  189.18 rps= 142.28
  s2s.crud.fetchAllTickets                      n= 8537 err=   0 errRate=  0.00% avg=   38.22 min=   12.63 max=  611.55 p50=   20.34 p95=  105.10 p99=  176.99 rps= 142.28
  s2s.crud.fetchFilms                           n=    2 err=   0 errRate=  0.00% avg=  140.73 min=   71.72 max=  209.74 p50=  140.73 p95=  202.83 p99=  208.36 rps=   0.03

2026-05-06T20:45:21.173Z  INFO 1 --- [lab8-additional-service] [   scheduling-1] r.h.l.a.o.ObservabilityService           : [lab8-additional-service] observability refresh
window 10s
  calc.additional.maxViewersSummary             n= 1307 err=   0 errRate=  0.00% avg=   30.39 min=   12.90 max=  180.89 p50=   14.70 p95=   79.15 p99=   97.68 rps= 130.70
  controller.AnalyticsController.maxViewersSummary n= 1307 err=   0 errRate=  0.00% avg=   30.57 min=   13.00 max=  181.43 p50=   14.80 p95=   79.40 p99=   97.81 rps= 130.70
  s2s.crud.fetchAllTickets                      n= 1307 err=   0 errRate=  0.00% avg=   30.16 min=   12.87 max=  139.07 p50=   14.65 p95=   78.88 p99=   97.17 rps= 130.70
  s2s.crud.fetchFilms                           n=    1 err=   0 errRate=  0.00% avg=  127.86 min=  127.86 max=  127.86 p50=  127.86 p95=  127.86 p99=  127.86 rps=   0.10
window 30s
  calc.additional.maxViewersSummary             n= 4044 err=   0 errRate=  0.00% avg=   32.48 min=   12.66 max=  373.49 p50=   14.23 p95=  107.70 p99=  167.37 rps= 134.80
  controller.AnalyticsController.maxViewersSummary n= 4044 err=   0 errRate=  0.00% avg=   32.65 min=   12.74 max=  373.74 p50=   14.41 p95=  107.89 p99=  167.48 rps= 134.80
  s2s.crud.fetchAllTickets                      n= 4044 err=   0 errRate=  0.00% avg=   32.37 min=   12.63 max=  373.45 p50=   14.18 p95=  107.54 p99=  165.94 rps= 134.80
  s2s.crud.fetchFilms                           n=    1 err=   0 errRate=  0.00% avg=  127.86 min=  127.86 max=  127.86 p50=  127.86 p95=  127.86 p99=  127.86 rps=   0.03
window 1m
  calc.additional.maxViewersSummary             n= 8467 err=   0 errRate=  0.00% avg=   37.63 min=   12.66 max=  611.59 p50=   20.29 p95=  104.32 p99=  165.20 rps= 141.12
  controller.AnalyticsController.maxViewersSummary n= 8467 err=   0 errRate=  0.00% avg=   37.92 min=   12.74 max=  611.69 p50=   20.58 p95=  104.69 p99=  165.65 rps= 141.12
  s2s.crud.fetchAllTickets                      n= 8467 err=   0 errRate=  0.00% avg=   37.50 min=   12.63 max=  611.55 p50=   20.20 p95=  104.15 p99=  163.75 rps= 141.12
  s2s.crud.fetchFilms                           n=    2 err=   0 errRate=  0.00% avg=   99.79 min=   71.72 max=  127.86 p50=   99.79 p95=  125.05 p99=  127.30 rps=   0.03

2026-05-06T20:45:22.180Z  INFO 1 --- [lab8-additional-service] [   scheduling-1] r.h.l.a.o.ObservabilityService           : [lab8-additional-service] observability refresh
window 10s
  calc.additional.maxViewersSummary             n= 1122 err=   0 errRate=  0.00% avg=   33.45 min=   12.90 max=  180.89 p50=   17.52 p95=   80.18 p99=   98.00 rps= 112.20
  controller.AnalyticsController.maxViewersSummary n= 1122 err=   0 errRate=  0.00% avg=   33.63 min=   13.00 max=  181.43 p50=   17.89 p95=   80.71 p99=   98.29 rps= 112.20
  s2s.crud.fetchAllTickets                      n= 1122 err=   0 errRate=  0.00% avg=   33.18 min=   12.87 max=  139.07 p50=   17.48 p95=   80.07 p99=   97.64 rps= 112.20
  s2s.crud.fetchFilms                           n=    1 err=   0 errRate=  0.00% avg=  127.86 min=  127.86 max=  127.86 p50=  127.86 p95=  127.86 p99=  127.86 rps=   0.10
window 30s
  calc.additional.maxViewersSummary             n= 3874 err=   0 errRate=  0.00% avg=   32.80 min=   12.66 max=  373.49 p50=   14.20 p95=  108.67 p99=  168.36 rps= 129.13
  controller.AnalyticsController.maxViewersSummary n= 3874 err=   0 errRate=  0.00% avg=   32.97 min=   12.74 max=  373.74 p50=   14.37 p95=  108.82 p99=  168.60 rps= 129.13
  s2s.crud.fetchAllTickets                      n= 3874 err=   0 errRate=  0.00% avg=   32.68 min=   12.63 max=  373.45 p50=   14.16 p95=  108.20 p99=  166.76 rps= 129.13
  s2s.crud.fetchFilms                           n=    1 err=   0 errRate=  0.00% avg=  127.86 min=  127.86 max=  127.86 p50=  127.86 p95=  127.86 p99=  127.86 rps=   0.03
window 1m
  calc.additional.maxViewersSummary             n= 8333 err=   0 errRate=  0.00% avg=   37.39 min=   12.66 max=  611.59 p50=   20.08 p95=  104.33 p99=  165.48 rps= 138.88
  controller.AnalyticsController.maxViewersSummary n= 8333 err=   0 errRate=  0.00% avg=   37.64 min=   12.74 max=  611.69 p50=   20.39 p95=  104.63 p99=  165.85 rps= 138.88
  s2s.crud.fetchAllTickets                      n= 8333 err=   0 errRate=  0.00% avg=   37.26 min=   12.63 max=  611.55 p50=   20.00 p95=  104.16 p99=  164.77 rps= 138.88
  s2s.crud.fetchFilms                           n=    2 err=   0 errRate=  0.00% avg=   99.79 min=   71.72 max=  127.86 p50=   99.79 p95=  125.05 p99=  127.30 rps=   0.03

2026-05-06T20:45:23.185Z  INFO 1 --- [lab8-additional-service] [   scheduling-1] r.h.l.a.o.ObservabilityService           : [lab8-additional-service] observability refresh
window 10s
  calc.additional.maxViewersSummary             n=  927 err=   0 errRate=  0.00% avg=   37.91 min=   12.90 max=  180.89 p50=   30.46 p95=   82.79 p99=   98.49 rps=  92.70
  controller.AnalyticsController.maxViewersSummary n=  927 err=   0 errRate=  0.00% avg=   38.10 min=   13.00 max=  181.43 p50=   30.54 p95=   83.01 p99=   98.75 rps=  92.70
  s2s.crud.fetchAllTickets                      n=  927 err=   0 errRate=  0.00% avg=   37.60 min=   12.87 max=  139.07 p50=   30.31 p95=   82.72 p99=   97.95 rps=  92.70
  s2s.crud.fetchFilms                           n=    1 err=   0 errRate=  0.00% avg=  127.86 min=  127.86 max=  127.86 p50=  127.86 p95=  127.86 p99=  127.86 rps=   0.10
window 30s
  calc.additional.maxViewersSummary             n= 3739 err=   0 errRate=  0.00% avg=   32.52 min=   12.66 max=  373.49 p50=   14.12 p95=  109.79 p99=  171.59 rps= 124.63
  controller.AnalyticsController.maxViewersSummary n= 3739 err=   0 errRate=  0.00% avg=   32.69 min=   12.74 max=  373.74 p50=   14.27 p95=  109.90 p99=  171.91 rps= 124.63
  s2s.crud.fetchAllTickets                      n= 3739 err=   0 errRate=  0.00% avg=   32.41 min=   12.63 max=  373.45 p50=   14.07 p95=  109.41 p99=  168.21 rps= 124.63
  s2s.crud.fetchFilms                           n=    1 err=   0 errRate=  0.00% avg=  127.86 min=  127.86 max=  127.86 p50=  127.86 p95=  127.86 p99=  127.86 rps=   0.03
window 1m
  calc.additional.maxViewersSummary             n= 8171 err=   0 errRate=  0.00% avg=   37.37 min=   12.66 max=  611.59 p50=   19.93 p95=  104.67 p99=  165.81 rps= 136.18
  controller.AnalyticsController.maxViewersSummary n= 8171 err=   0 errRate=  0.00% avg=   37.61 min=   12.74 max=  611.69 p50=   20.19 p95=  104.93 p99=  166.01 rps= 136.18
  s2s.crud.fetchAllTickets                      n= 8171 err=   0 errRate=  0.00% avg=   37.24 min=   12.63 max=  611.55 p50=   19.86 p95=  104.37 p99=  165.43 rps= 136.18
  s2s.crud.fetchFilms                           n=    2 err=   0 errRate=  0.00% avg=   99.79 min=   71.72 max=  127.86 p50=   99.79 p95=  125.05 p99=  127.30 rps=   0.03

2026-05-06T20:45:24.190Z  INFO 1 --- [lab8-additional-service] [   scheduling-1] r.h.l.a.o.ObservabilityService           : [lab8-additional-service] observability refresh
window 10s
  calc.additional.maxViewersSummary             n=  764 err=   0 errRate=  0.00% avg=   39.00 min=   12.90 max=  180.89 p50=   35.72 p95=   79.44 p99=   99.23 rps=  76.40
  controller.AnalyticsController.maxViewersSummary n=  764 err=   0 errRate=  0.00% avg=   39.18 min=   13.00 max=  181.43 p50=   35.90 p95=   80.01 p99=   99.46 rps=  76.40
  s2s.crud.fetchAllTickets                      n=  764 err=   0 errRate=  0.00% avg=   38.63 min=   12.87 max=  139.07 p50=   35.68 p95=   79.25 p99=   98.20 rps=  76.40
  s2s.crud.fetchFilms                           n=    1 err=   0 errRate=  0.00% avg=  127.86 min=  127.86 max=  127.86 p50=  127.86 p95=  127.86 p99=  127.86 rps=   0.10
window 30s
  calc.additional.maxViewersSummary             n= 3562 err=   0 errRate=  0.00% avg=   33.10 min=   12.66 max=  373.49 p50=   14.12 p95=  112.17 p99=  176.63 rps= 118.73
  controller.AnalyticsController.maxViewersSummary n= 3562 err=   0 errRate=  0.00% avg=   33.26 min=   12.74 max=  373.74 p50=   14.29 p95=  112.27 p99=  176.93 rps= 118.73
  s2s.crud.fetchAllTickets                      n= 3562 err=   0 errRate=  0.00% avg=   32.98 min=   12.63 max=  373.45 p50=   14.08 p95=  111.61 p99=  170.45 rps= 118.73
  s2s.crud.fetchFilms                           n=    1 err=   0 errRate=  0.00% avg=  127.86 min=  127.86 max=  127.86 p50=  127.86 p95=  127.86 p99=  127.86 rps=   0.03
window 1m
  calc.additional.maxViewersSummary             n= 8026 err=   0 errRate=  0.00% avg=   37.36 min=   12.66 max=  611.59 p50=   19.81 p95=  104.84 p99=  166.04 rps= 133.77
  controller.AnalyticsController.maxViewersSummary n= 8026 err=   0 errRate=  0.00% avg=   37.60 min=   12.74 max=  611.69 p50=   20.09 p95=  105.16 p99=  166.38 rps= 133.77
  s2s.crud.fetchAllTickets                      n= 8026 err=   0 errRate=  0.00% avg=   37.23 min=   12.63 max=  611.55 p50=   19.76 p95=  104.65 p99=  165.68 rps= 133.77
  s2s.crud.fetchFilms                           n=    2 err=   0 errRate=  0.00% avg=   99.79 min=   71.72 max=  127.86 p50=   99.79 p95=  125.05 p99=  127.30 rps=   0.03

2026-05-06T20:45:25.197Z  INFO 1 --- [lab8-additional-service] [   scheduling-1] r.h.l.a.o.ObservabilityService           : [lab8-additional-service] observability refresh
window 10s
  calc.additional.maxViewersSummary             n=  574 err=   0 errRate=  0.00% avg=   47.23 min=   13.05 max=  180.89 p50=   49.87 p95=   82.10 p99=  103.02 rps=  57.40
  controller.AnalyticsController.maxViewersSummary n=  574 err=   0 errRate=  0.00% avg=   47.41 min=   13.14 max=  181.43 p50=   50.07 p95=   82.27 p99=  103.12 rps=  57.40
  s2s.crud.fetchAllTickets                      n=  574 err=   0 errRate=  0.00% avg=   46.74 min=   13.02 max=  139.07 p50=   49.81 p95=   81.04 p99=   98.99 rps=  57.40
  s2s.crud.fetchFilms                           n=    1 err=   0 errRate=  0.00% avg=  127.86 min=  127.86 max=  127.86 p50=  127.86 p95=  127.86 p99=  127.86 rps=   0.10
window 30s
  calc.additional.maxViewersSummary             n= 3365 err=   0 errRate=  0.00% avg=   34.24 min=   12.66 max=  373.49 p50=   14.22 p95=  114.05 p99=  177.96 rps= 112.17
  controller.AnalyticsController.maxViewersSummary n= 3365 err=   0 errRate=  0.00% avg=   34.41 min=   12.74 max=  373.74 p50=   14.40 p95=  114.13 p99=  178.08 rps= 112.17
  s2s.crud.fetchAllTickets                      n= 3365 err=   0 errRate=  0.00% avg=   34.12 min=   12.63 max=  373.45 p50=   14.18 p95=  113.77 p99=  176.53 rps= 112.17
  s2s.crud.fetchFilms                           n=    1 err=   0 errRate=  0.00% avg=  127.86 min=  127.86 max=  127.86 p50=  127.86 p95=  127.86 p99=  127.86 rps=   0.03
window 1m
  calc.additional.maxViewersSummary             n= 7901 err=   0 errRate=  0.00% avg=   37.22 min=   12.66 max=  611.59 p50=   19.64 p95=  104.97 p99=  166.28 rps= 131.68
  controller.AnalyticsController.maxViewersSummary n= 7901 err=   0 errRate=  0.00% avg=   37.46 min=   12.74 max=  611.69 p50=   19.86 p95=  105.32 p99=  166.63 rps= 131.68
  s2s.crud.fetchAllTickets                      n= 7901 err=   0 errRate=  0.00% avg=   37.09 min=   12.63 max=  611.55 p50=   19.55 p95=  104.81 p99=  165.78 rps= 131.68
  s2s.crud.fetchFilms                           n=    2 err=   0 errRate=  0.00% avg=   99.79 min=   71.72 max=  127.86 p50=   99.79 p95=  125.05 p99=  127.30 rps=   0.03

2026-05-06T20:45:26.202Z  INFO 1 --- [lab8-additional-service] [   scheduling-1] r.h.l.a.o.ObservabilityService           : [lab8-additional-service] observability refresh
window 10s
  calc.additional.maxViewersSummary             n=  418 err=   0 errRate=  0.00% avg=   54.36 min=   13.12 max=  180.89 p50=   56.45 p95=   82.95 p99=  106.80 rps=  41.80
  controller.AnalyticsController.maxViewersSummary n=  418 err=   0 errRate=  0.00% avg=   54.53 min=   13.24 max=  181.43 p50=   56.64 p95=   83.20 p99=  106.90 rps=  41.80
  s2s.crud.fetchAllTickets                      n=  418 err=   0 errRate=  0.00% avg=   53.71 min=   13.07 max=  113.78 p50=   56.24 p95=   82.74 p99=   98.46 rps=  41.80
  s2s.crud.fetchFilms                           n=    1 err=   0 errRate=  0.00% avg=  127.86 min=  127.86 max=  127.86 p50=  127.86 p95=  127.86 p99=  127.86 rps=   0.10
window 30s
  calc.additional.maxViewersSummary             n= 3201 err=   0 errRate=  0.00% avg=   35.29 min=   12.73 max=  373.49 p50=   14.37 p95=  116.62 p99=  178.15 rps= 106.70
  controller.AnalyticsController.maxViewersSummary n= 3201 err=   0 errRate=  0.00% avg=   35.46 min=   12.80 max=  373.74 p50=   14.54 p95=  116.73 p99=  178.91 rps= 106.70
  s2s.crud.fetchAllTickets                      n= 3201 err=   0 errRate=  0.00% avg=   35.17 min=   12.69 max=  373.45 p50=   14.32 p95=  115.73 p99=  177.92 rps= 106.70
  s2s.crud.fetchFilms                           n=    1 err=   0 errRate=  0.00% avg=  127.86 min=  127.86 max=  127.86 p50=  127.86 p95=  127.86 p99=  127.86 rps=   0.03
window 1m
  calc.additional.maxViewersSummary             n= 7746 err=   0 errRate=  0.00% avg=   37.03 min=   12.66 max=  611.59 p50=   19.48 p95=  105.10 p99=  166.51 rps= 129.10
  controller.AnalyticsController.maxViewersSummary n= 7746 err=   0 errRate=  0.00% avg=   37.27 min=   12.74 max=  611.69 p50=   19.74 p95=  105.38 p99=  166.86 rps= 129.10
  s2s.crud.fetchAllTickets                      n= 7746 err=   0 errRate=  0.00% avg=   36.90 min=   12.63 max=  611.55 p50=   19.40 p95=  104.87 p99=  166.16 rps= 129.10
  s2s.crud.fetchFilms                           n=    2 err=   0 errRate=  0.00% avg=   99.79 min=   71.72 max=  127.86 p50=   99.79 p95=  125.05 p99=  127.30 rps=   0.03

2026-05-06T20:45:27.207Z  INFO 1 --- [lab8-additional-service] [   scheduling-1] r.h.l.a.o.ObservabilityService           : [lab8-additional-service] observability refresh
window 10s
  calc.additional.maxViewersSummary             n=  344 err=   0 errRate=  0.00% avg=   52.51 min=   13.12 max=  180.89 p50=   57.31 p95=   84.53 p99=  110.45 rps=  34.40
  controller.AnalyticsController.maxViewersSummary n=  344 err=   0 errRate=  0.00% avg=   52.67 min=   13.24 max=  181.43 p50=   57.44 p95=   84.65 p99=  110.55 rps=  34.40
  s2s.crud.fetchAllTickets                      n=  344 err=   0 errRate=  0.00% avg=   51.72 min=   13.07 max=  113.78 p50=   56.26 p95=   84.11 p99=  100.00 rps=  34.40
  s2s.crud.fetchFilms                           n=    1 err=   0 errRate=  0.00% avg=  127.86 min=  127.86 max=  127.86 p50=  127.86 p95=  127.86 p99=  127.86 rps=   0.10
window 30s
  calc.additional.maxViewersSummary             n= 3020 err=   0 errRate=  0.00% avg=   36.61 min=   12.78 max=  373.49 p50=   14.63 p95=  117.49 p99=  180.59 rps= 100.67
  controller.AnalyticsController.maxViewersSummary n= 3020 err=   0 errRate=  0.00% avg=   36.78 min=   12.86 max=  373.74 p50=   14.81 p95=  117.64 p99=  181.06 rps= 100.67
  s2s.crud.fetchAllTickets                      n= 3020 err=   0 errRate=  0.00% avg=   36.48 min=   12.75 max=  373.45 p50=   14.56 p95=  117.37 p99=  179.04 rps= 100.67
  s2s.crud.fetchFilms                           n=    1 err=   0 errRate=  0.00% avg=  127.86 min=  127.86 max=  127.86 p50=  127.86 p95=  127.86 p99=  127.86 rps=   0.03
window 1m
  calc.additional.maxViewersSummary             n= 7606 err=   0 errRate=  0.00% avg=   37.06 min=   12.66 max=  611.59 p50=   19.53 p95=  105.11 p99=  166.52 rps= 126.77
  controller.AnalyticsController.maxViewersSummary n= 7606 err=   0 errRate=  0.00% avg=   37.29 min=   12.74 max=  611.69 p50=   19.79 p95=  105.38 p99=  167.03 rps= 126.77
  s2s.crud.fetchAllTickets                      n= 7606 err=   0 errRate=  0.00% avg=   36.92 min=   12.63 max=  611.55 p50=   19.46 p95=  104.90 p99=  166.23 rps= 126.77
  s2s.crud.fetchFilms                           n=    2 err=   0 errRate=  0.00% avg=   99.79 min=   71.72 max=  127.86 p50=   99.79 p95=  125.05 p99=  127.30 rps=   0.03

2026-05-06T20:45:28.212Z  INFO 1 --- [lab8-additional-service] [   scheduling-1] r.h.l.a.o.ObservabilityService           : [lab8-additional-service] observability refresh
window 10s
  calc.additional.maxViewersSummary             n=  276 err=   0 errRate=  0.00% avg=   45.59 min=   13.12 max=  180.89 p50=   41.62 p95=   82.73 p99=  102.31 rps=  27.60
  controller.AnalyticsController.maxViewersSummary n=  276 err=   0 errRate=  0.00% avg=   45.76 min=   13.24 max=  181.43 p50=   41.74 p95=   82.83 p99=  102.52 rps=  27.60
  s2s.crud.fetchAllTickets                      n=  276 err=   0 errRate=  0.00% avg=   44.62 min=   13.07 max=  113.78 p50=   41.57 p95=   82.17 p99=   93.94 rps=  27.60
  s2s.crud.fetchFilms                           n=    1 err=   0 errRate=  0.00% avg=  127.86 min=  127.86 max=  127.86 p50=  127.86 p95=  127.86 p99=  127.86 rps=   0.10
window 30s
  calc.additional.maxViewersSummary             n= 2957 err=   0 errRate=  0.00% avg=   34.97 min=   12.79 max=  287.59 p50=   14.53 p95=  114.25 p99=  161.44 rps=  98.57
  controller.AnalyticsController.maxViewersSummary n= 2957 err=   0 errRate=  0.00% avg=   35.14 min=   12.93 max=  287.78 p50=   14.75 p95=  114.33 p99=  161.56 rps=  98.57
  s2s.crud.fetchAllTickets                      n= 2957 err=   0 errRate=  0.00% avg=   34.84 min=   12.75 max=  287.56 p50=   14.48 p95=  113.80 p99=  159.40 rps=  98.57
  s2s.crud.fetchFilms                           n=    1 err=   0 errRate=  0.00% avg=  127.86 min=  127.86 max=  127.86 p50=  127.86 p95=  127.86 p99=  127.86 rps=   0.03
window 1m
  calc.additional.maxViewersSummary             n= 7504 err=   0 errRate=  0.00% avg=   36.47 min=   12.66 max=  611.59 p50=   19.21 p95=  105.15 p99=  166.52 rps= 125.07
  controller.AnalyticsController.maxViewersSummary n= 7504 err=   0 errRate=  0.00% avg=   36.71 min=   12.74 max=  611.69 p50=   19.50 p95=  105.41 p99=  167.04 rps= 125.07
  s2s.crud.fetchAllTickets                      n= 7504 err=   0 errRate=  0.00% avg=   36.34 min=   12.63 max=  611.55 p50=   19.08 p95=  104.93 p99=  166.24 rps= 125.07
  s2s.crud.fetchFilms                           n=    2 err=   0 errRate=  0.00% avg=   99.79 min=   71.72 max=  127.86 p50=   99.79 p95=  125.05 p99=  127.30 rps=   0.03

2026-05-06T20:45:28.295Z  INFO 1 --- [lab8-additional-service] [   scheduling-1] r.h.l.a.service.FilmCacheService         : film-cache stats: size=310 ttlMs=30000 lastRefreshAtMs=1778100320432 hits=22449 misses=7 refreshes=7
2026-05-06T20:45:29.218Z  INFO 1 --- [lab8-additional-service] [   scheduling-1] r.h.l.a.o.ObservabilityService           : [lab8-additional-service] observability refresh
window 10s
  calc.additional.maxViewersSummary             n=  209 err=   0 errRate=  0.00% avg=   34.42 min=   13.12 max=  180.89 p50=   32.69 p95=   66.37 p99=   90.62 rps=  20.90
  controller.AnalyticsController.maxViewersSummary n=  209 err=   0 errRate=  0.00% avg=   34.59 min=   13.24 max=  181.43 p50=   32.81 p95=   66.55 p99=   91.01 rps=  20.90
  s2s.crud.fetchAllTickets                      n=  209 err=   0 errRate=  0.00% avg=   33.16 min=   13.07 max=   90.90 p50=   32.61 p95=   64.37 p99=   78.81 rps=  20.90
  s2s.crud.fetchFilms                           n=    1 err=   0 errRate=  0.00% avg=  127.86 min=  127.86 max=  127.86 p50=  127.86 p95=  127.86 p99=  127.86 rps=   0.10
window 30s
  calc.additional.maxViewersSummary             n= 2935 err=   0 errRate=  0.00% avg=   33.19 min=   12.79 max=  180.89 p50=   14.50 p95=  107.66 p99=  128.61 rps=  97.83
  controller.AnalyticsController.maxViewersSummary n= 2935 err=   0 errRate=  0.00% avg=   33.36 min=   12.93 max=  181.43 p50=   14.68 p95=  107.80 p99=  128.72 rps=  97.83
  s2s.crud.fetchAllTickets                      n= 2935 err=   0 errRate=  0.00% avg=   33.06 min=   12.75 max=  168.58 p50=   14.45 p95=  107.39 p99=  127.80 rps=  97.83
  s2s.crud.fetchFilms                           n=    1 err=   0 errRate=  0.00% avg=  127.86 min=  127.86 max=  127.86 p50=  127.86 p95=  127.86 p99=  127.86 rps=   0.03
window 1m
  calc.additional.maxViewersSummary             n= 7385 err=   0 errRate=  0.00% avg=   36.26 min=   12.66 max=  611.59 p50=   18.95 p95=  104.85 p99=  166.60 rps= 123.08
  controller.AnalyticsController.maxViewersSummary n= 7385 err=   0 errRate=  0.00% avg=   36.49 min=   12.74 max=  611.69 p50=   19.16 p95=  105.21 p99=  167.25 rps= 123.08
  s2s.crud.fetchAllTickets                      n= 7385 err=   0 errRate=  0.00% avg=   36.13 min=   12.63 max=  611.55 p50=   18.84 p95=  104.73 p99=  166.28 rps= 123.08
  s2s.crud.fetchFilms                           n=    2 err=   0 errRate=  0.00% avg=   99.79 min=   71.72 max=  127.86 p50=   99.79 p95=  125.05 p99=  127.30 rps=   0.03

2026-05-06T20:45:30.223Z  INFO 1 --- [lab8-additional-service] [   scheduling-1] r.h.l.a.o.ObservabilityService           : [lab8-additional-service] observability refresh
window 10s
  calc.additional.maxViewersSummary             n=  136 err=   0 errRate=  0.00% avg=   24.11 min=   13.12 max=  180.89 p50=   15.21 p95=   48.92 p99=  139.48 rps=  13.60
  controller.AnalyticsController.maxViewersSummary n=  136 err=   0 errRate=  0.00% avg=   24.28 min=   13.24 max=  181.43 p50=   15.44 p95=   49.06 p99=  139.62 rps=  13.60
  s2s.crud.fetchAllTickets                      n=  136 err=   0 errRate=  0.00% avg=   22.20 min=   13.07 max=   67.93 p50=   15.15 p95=   48.85 p99=   59.58 rps=  13.60
  s2s.crud.fetchFilms                           n=    1 err=   0 errRate=  0.00% avg=  127.86 min=  127.86 max=  127.86 p50=  127.86 p95=  127.86 p99=  127.86 rps=   0.10
window 30s
  calc.additional.maxViewersSummary             n= 2907 err=   0 errRate=  0.00% avg=   31.80 min=   12.79 max=  180.89 p50=   14.42 p95=  105.10 p99=  125.76 rps=  96.90
  controller.AnalyticsController.maxViewersSummary n= 2907 err=   0 errRate=  0.00% avg=   31.97 min=   12.93 max=  181.43 p50=   14.58 p95=  105.35 p99=  125.85 rps=  96.90
  s2s.crud.fetchAllTickets                      n= 2907 err=   0 errRate=  0.00% avg=   31.66 min=   12.75 max=  162.81 p50=   14.37 p95=  104.93 p99=  125.46 rps=  96.90
  s2s.crud.fetchFilms                           n=    1 err=   0 errRate=  0.00% avg=  127.86 min=  127.86 max=  127.86 p50=  127.86 p95=  127.86 p99=  127.86 rps=   0.03
window 1m
  calc.additional.maxViewersSummary             n= 7262 err=   0 errRate=  0.00% avg=   36.10 min=   12.66 max=  611.59 p50=   18.56 p95=  105.11 p99=  167.44 rps= 121.03
  controller.AnalyticsController.maxViewersSummary n= 7262 err=   0 errRate=  0.00% avg=   36.33 min=   12.74 max=  611.69 p50=   18.83 p95=  105.41 p99=  168.38 rps= 121.03
  s2s.crud.fetchAllTickets                      n= 7262 err=   0 errRate=  0.00% avg=   35.96 min=   12.63 max=  611.55 p50=   18.50 p95=  104.93 p99=  166.48 rps= 121.03
  s2s.crud.fetchFilms                           n=    2 err=   0 errRate=  0.00% avg=   99.79 min=   71.72 max=  127.86 p50=   99.79 p95=  125.05 p99=  127.30 rps=   0.03

2026-05-06T20:45:31.228Z  INFO 1 --- [lab8-additional-service] [   scheduling-1] r.h.l.a.o.ObservabilityService           : [lab8-additional-service] observability refresh
window 10s
  calc.additional.maxViewersSummary             n=  147 err=   0 errRate=  0.00% avg=   20.16 min=   13.12 max=   68.01 p50=   14.36 p95=   44.97 p99=   59.44 rps=  14.70
  controller.AnalyticsController.maxViewersSummary n=  147 err=   0 errRate=  0.00% avg=   20.33 min=   13.24 max=   68.25 p50=   14.52 p95=   45.12 p99=   59.59 rps=  14.70
  s2s.crud.fetchAllTickets                      n=  147 err=   0 errRate=  0.00% avg=   20.11 min=   13.07 max=   67.93 p50=   14.32 p95=   44.90 p99=   59.37 rps=  14.70
window 30s
  calc.additional.maxViewersSummary             n= 2861 err=   0 errRate=  0.00% avg=   30.27 min=   12.79 max=  180.89 p50=   14.34 p95=  105.07 p99=  125.77 rps=  95.37
  controller.AnalyticsController.maxViewersSummary n= 2861 err=   0 errRate=  0.00% avg=   30.45 min=   12.93 max=  181.43 p50=   14.51 p95=  105.27 p99=  125.86 rps=  95.37
  s2s.crud.fetchAllTickets                      n= 2861 err=   0 errRate=  0.00% avg=   30.14 min=   12.75 max=  162.81 p50=   14.29 p95=  104.93 p99=  125.54 rps=  95.37
  s2s.crud.fetchFilms                           n=    1 err=   0 errRate=  0.00% avg=  127.86 min=  127.86 max=  127.86 p50=  127.86 p95=  127.86 p99=  127.86 rps=   0.03
window 1m
  calc.additional.maxViewersSummary             n= 7129 err=   0 errRate=  0.00% avg=   36.12 min=   12.66 max=  611.59 p50=   18.41 p95=  105.57 p99=  168.25 rps= 118.82
  controller.AnalyticsController.maxViewersSummary n= 7129 err=   0 errRate=  0.00% avg=   36.35 min=   12.74 max=  611.69 p50=   18.65 p95=  105.99 p99=  168.70 rps= 118.82
  s2s.crud.fetchAllTickets                      n= 7129 err=   0 errRate=  0.00% avg=   35.99 min=   12.63 max=  611.55 p50=   18.34 p95=  105.24 p99=  166.81 rps= 118.82
  s2s.crud.fetchFilms                           n=    2 err=   0 errRate=  0.00% avg=   99.79 min=   71.72 max=  127.86 p50=   99.79 p95=  125.05 p99=  127.30 rps=   0.03

2026-05-06T20:45:32.242Z  INFO 1 --- [lab8-additional-service] [   scheduling-1] r.h.l.a.o.ObservabilityService           : [lab8-additional-service] observability refresh
window 10s
  calc.additional.maxViewersSummary             n=  159 err=   0 errRate=  0.00% avg=   18.50 min=   13.12 max=   62.37 p50=   14.09 p95=   39.50 p99=   58.13 rps=  15.90
  controller.AnalyticsController.maxViewersSummary n=  159 err=   0 errRate=  0.00% avg=   18.69 min=   13.24 max=   62.86 p50=   14.28 p95=   39.61 p99=   58.67 rps=  15.90
  s2s.crud.fetchAllTickets                      n=  159 err=   0 errRate=  0.00% avg=   18.45 min=   13.07 max=   62.31 p50=   14.04 p95=   39.47 p99=   58.09 rps=  15.90
window 30s
  calc.additional.maxViewersSummary             n= 2825 err=   0 errRate=  0.00% avg=   28.67 min=   12.79 max=  180.89 p50=   14.25 p95=   97.67 p99=  125.74 rps=  94.17
  controller.AnalyticsController.maxViewersSummary n= 2825 err=   0 errRate=  0.00% avg=   28.85 min=   12.93 max=  181.43 p50=   14.44 p95=   97.81 p99=  125.83 rps=  94.17
  s2s.crud.fetchAllTickets                      n= 2825 err=   0 errRate=  0.00% avg=   28.54 min=   12.75 max=  162.81 p50=   14.21 p95=   97.17 p99=  125.42 rps=  94.17
  s2s.crud.fetchFilms                           n=    1 err=   0 errRate=  0.00% avg=  127.86 min=  127.86 max=  127.86 p50=  127.86 p95=  127.86 p99=  127.86 rps=   0.03
window 1m
  calc.additional.maxViewersSummary             n= 7006 err=   0 errRate=  0.00% avg=   35.72 min=   12.66 max=  611.59 p50=   18.07 p95=  105.24 p99=  168.60 rps= 116.77
  controller.AnalyticsController.maxViewersSummary n= 7006 err=   0 errRate=  0.00% avg=   35.95 min=   12.74 max=  611.69 p50=   18.32 p95=  105.65 p99=  173.59 rps= 116.77
  s2s.crud.fetchAllTickets                      n= 7006 err=   0 errRate=  0.00% avg=   35.59 min=   12.63 max=  611.55 p50=   18.02 p95=  105.06 p99=  168.10 rps= 116.77
  s2s.crud.fetchFilms                           n=    2 err=   0 errRate=  0.00% avg=   99.79 min=   71.72 max=  127.86 p50=   99.79 p95=  125.05 p99=  127.30 rps=   0.03

2026-05-06T20:45:33.250Z  INFO 1 --- [lab8-additional-service] [   scheduling-1] r.h.l.a.o.ObservabilityService           : [lab8-additional-service] observability refresh
window 10s
  calc.additional.maxViewersSummary             n=  158 err=   0 errRate=  0.00% avg=   17.03 min=   13.12 max=   74.51 p50=   14.06 p95=   22.39 p99=   59.06 rps=  15.80
  controller.AnalyticsController.maxViewersSummary n=  158 err=   0 errRate=  0.00% avg=   17.21 min=   13.24 max=   74.70 p50=   14.27 p95=   22.63 p99=   59.73 rps=  15.80
  s2s.crud.fetchAllTickets                      n=  158 err=   0 errRate=  0.00% avg=   16.98 min=   13.07 max=   74.46 p50=   14.01 p95=   22.34 p99=   59.02 rps=  15.80
window 30s
  calc.additional.maxViewersSummary             n= 2782 err=   0 errRate=  0.00% avg=   26.95 min=   12.79 max=  180.89 p50=   14.20 p95=   82.79 p99=  125.19 rps=  92.73
  controller.AnalyticsController.maxViewersSummary n= 2782 err=   0 errRate=  0.00% avg=   27.13 min=   12.93 max=  181.43 p50=   14.39 p95=   83.05 p99=  125.28 rps=  92.73
  s2s.crud.fetchAllTickets                      n= 2782 err=   0 errRate=  0.00% avg=   26.82 min=   12.75 max=  162.81 p50=   14.16 p95=   82.73 p99=  124.78 rps=  92.73
  s2s.crud.fetchFilms                           n=    1 err=   0 errRate=  0.00% avg=  127.86 min=  127.86 max=  127.86 p50=  127.86 p95=  127.86 p99=  127.86 rps=   0.03
window 1m
  calc.additional.maxViewersSummary             n= 6880 err=   0 errRate=  0.00% avg=   35.56 min=   12.66 max=  611.59 p50=   17.68 p95=  105.32 p99=  174.00 rps= 114.67
  controller.AnalyticsController.maxViewersSummary n= 6880 err=   0 errRate=  0.00% avg=   35.79 min=   12.74 max=  611.69 p50=   17.88 p95=  105.95 p99=  176.62 rps= 114.67
  s2s.crud.fetchAllTickets                      n= 6880 err=   0 errRate=  0.00% avg=   35.42 min=   12.63 max=  611.55 p50=   17.61 p95=  105.18 p99=  168.31 rps= 114.67
  s2s.crud.fetchFilms                           n=    2 err=   0 errRate=  0.00% avg=   99.79 min=   71.72 max=  127.86 p50=   99.79 p95=  125.05 p99=  127.30 rps=   0.03

2026-05-06T20:45:34.254Z  INFO 1 --- [lab8-additional-service] [   scheduling-1] r.h.l.a.o.ObservabilityService           : [lab8-additional-service] observability refresh
window 10s
  calc.additional.maxViewersSummary             n=  151 err=   0 errRate=  0.00% avg=   17.37 min=   13.12 max=   74.51 p50=   14.15 p95=   23.52 p99=   59.46 rps=  15.10
  controller.AnalyticsController.maxViewersSummary n=  151 err=   0 errRate=  0.00% avg=   17.56 min=   13.27 max=   74.70 p50=   14.34 p95=   23.71 p99=   60.12 rps=  15.10
  s2s.crud.fetchAllTickets                      n=  151 err=   0 errRate=  0.00% avg=   17.32 min=   13.07 max=   74.46 p50=   14.10 p95=   23.45 p99=   59.42 rps=  15.10
window 30s
  calc.additional.maxViewersSummary             n= 2741 err=   0 errRate=  0.00% avg=   25.13 min=   12.79 max=  180.89 p50=   14.17 p95=   75.80 p99=  100.68 rps=  91.37
  controller.AnalyticsController.maxViewersSummary n= 2741 err=   0 errRate=  0.00% avg=   25.30 min=   12.93 max=  181.43 p50=   14.34 p95=   76.28 p99=  100.95 rps=  91.37
  s2s.crud.fetchAllTickets                      n= 2741 err=   0 errRate=  0.00% avg=   24.99 min=   12.75 max=  139.24 p50=   14.13 p95=   75.44 p99=   99.49 rps=  91.37
  s2s.crud.fetchFilms                           n=    1 err=   0 errRate=  0.00% avg=  127.86 min=  127.86 max=  127.86 p50=  127.86 p95=  127.86 p99=  127.86 rps=   0.03
window 1m
  calc.additional.maxViewersSummary             n= 6745 err=   0 errRate=  0.00% avg=   35.28 min=   12.66 max=  611.59 p50=   17.15 p95=  105.75 p99=  176.43 rps= 112.42
  controller.AnalyticsController.maxViewersSummary n= 6745 err=   0 errRate=  0.00% avg=   35.51 min=   12.74 max=  611.69 p50=   17.38 p95=  106.24 p99=  177.13 rps= 112.42
  s2s.crud.fetchAllTickets                      n= 6745 err=   0 errRate=  0.00% avg=   35.14 min=   12.63 max=  611.55 p50=   17.06 p95=  105.61 p99=  171.26 rps= 112.42
  s2s.crud.fetchFilms                           n=    2 err=   0 errRate=  0.00% avg=   99.79 min=   71.72 max=  127.86 p50=   99.79 p95=  125.05 p99=  127.30 rps=   0.03

2026-05-06T20:45:35.259Z  INFO 1 --- [lab8-additional-service] [   scheduling-1] r.h.l.a.o.ObservabilityService           : [lab8-additional-service] observability refresh
window 10s
  calc.additional.maxViewersSummary             n=  157 err=   0 errRate=  0.00% avg=   17.30 min=   13.12 max=   74.51 p50=   14.16 p95=   22.97 p99=   59.12 rps=  15.70
  controller.AnalyticsController.maxViewersSummary n=  157 err=   0 errRate=  0.00% avg=   17.49 min=   13.27 max=   74.70 p50=   14.36 p95=   23.15 p99=   59.79 rps=  15.70
  s2s.crud.fetchAllTickets                      n=  157 err=   0 errRate=  0.00% avg=   17.25 min=   13.07 max=   74.46 p50=   14.12 p95=   22.90 p99=   59.07 rps=  15.70
window 30s
  calc.additional.maxViewersSummary             n= 2609 err=   0 errRate=  0.00% avg=   24.95 min=   12.86 max=  180.89 p50=   14.24 p95=   74.25 p99=   95.10 rps=  86.97
  controller.AnalyticsController.maxViewersSummary n= 2609 err=   0 errRate=  0.00% avg=   25.12 min=   12.95 max=  181.43 p50=   14.41 p95=   74.39 p99=   95.23 rps=  86.97
  s2s.crud.fetchAllTickets                      n= 2609 err=   0 errRate=  0.00% avg=   24.80 min=   12.82 max=  139.07 p50=   14.18 p95=   73.34 p99=   94.43 rps=  86.97
  s2s.crud.fetchFilms                           n=    1 err=   0 errRate=  0.00% avg=  127.86 min=  127.86 max=  127.86 p50=  127.86 p95=  127.86 p99=  127.86 rps=   0.03
window 1m
  calc.additional.maxViewersSummary             n= 6641 err=   0 errRate=  0.00% avg=   34.79 min=   12.66 max=  611.59 p50=   16.61 p95=  105.11 p99=  177.02 rps= 110.68
  controller.AnalyticsController.maxViewersSummary n= 6641 err=   0 errRate=  0.00% avg=   35.00 min=   12.74 max=  611.69 p50=   16.87 p95=  105.42 p99=  177.82 rps= 110.68
  s2s.crud.fetchAllTickets                      n= 6641 err=   0 errRate=  0.00% avg=   34.65 min=   12.63 max=  611.55 p50=   16.51 p95=  104.93 p99=  175.04 rps= 110.68
  s2s.crud.fetchFilms                           n=    2 err=   0 errRate=  0.00% avg=   99.79 min=   71.72 max=  127.86 p50=   99.79 p95=  125.05 p99=  127.30 rps=   0.03

2026-05-06T20:45:36.265Z  INFO 1 --- [lab8-additional-service] [   scheduling-1] r.h.l.a.o.ObservabilityService           : [lab8-additional-service] observability refresh
window 10s
  calc.additional.maxViewersSummary             n=  158 err=   0 errRate=  0.00% avg=   17.27 min=   13.16 max=   74.51 p50=   14.12 p95=   22.88 p99=   59.06 rps=  15.80
  controller.AnalyticsController.maxViewersSummary n=  158 err=   0 errRate=  0.00% avg=   17.46 min=   13.28 max=   74.70 p50=   14.34 p95=   23.06 p99=   59.73 rps=  15.80
  s2s.crud.fetchAllTickets                      n=  158 err=   0 errRate=  0.00% avg=   17.21 min=   13.11 max=   74.46 p50=   14.08 p95=   22.81 p99=   59.02 rps=  15.80
window 30s
  calc.additional.maxViewersSummary             n= 2431 err=   0 errRate=  0.00% avg=   25.75 min=   12.86 max=  180.89 p50=   14.36 p95=   75.43 p99=   97.14 rps=  81.03
  controller.AnalyticsController.maxViewersSummary n= 2431 err=   0 errRate=  0.00% avg=   25.93 min=   12.95 max=  181.43 p50=   14.52 p95=   75.77 p99=   97.38 rps=  81.03
  s2s.crud.fetchAllTickets                      n= 2431 err=   0 errRate=  0.00% avg=   25.60 min=   12.82 max=  139.07 p50=   14.32 p95=   75.17 p99=   94.98 rps=  81.03
  s2s.crud.fetchFilms                           n=    1 err=   0 errRate=  0.00% avg=  127.86 min=  127.86 max=  127.86 p50=  127.86 p95=  127.86 p99=  127.86 rps=   0.03
window 1m
  calc.additional.maxViewersSummary             n= 6510 err=   0 errRate=  0.00% avg=   34.45 min=   12.66 max=  611.59 p50=   16.07 p95=  104.84 p99=  177.90 rps= 108.50
  controller.AnalyticsController.maxViewersSummary n= 6510 err=   0 errRate=  0.00% avg=   34.66 min=   12.74 max=  611.69 p50=   16.26 p95=  105.07 p99=  178.13 rps= 108.50
  s2s.crud.fetchAllTickets                      n= 6510 err=   0 errRate=  0.00% avg=   34.30 min=   12.63 max=  611.55 p50=   15.99 p95=  104.72 p99=  176.54 rps= 108.50
  s2s.crud.fetchFilms                           n=    2 err=   0 errRate=  0.00% avg=   99.79 min=   71.72 max=  127.86 p50=   99.79 p95=  125.05 p99=  127.30 rps=   0.03

2026-05-06T20:45:37.269Z  INFO 1 --- [lab8-additional-service] [   scheduling-1] r.h.l.a.o.ObservabilityService           : [lab8-additional-service] observability refresh
window 10s
  calc.additional.maxViewersSummary             n=  157 err=   0 errRate=  0.00% avg=   17.11 min=   13.16 max=   74.51 p50=   13.96 p95=   22.97 p99=   59.12 rps=  15.70
  controller.AnalyticsController.maxViewersSummary n=  157 err=   0 errRate=  0.00% avg=   17.30 min=   13.28 max=   74.70 p50=   14.25 p95=   23.15 p99=   59.79 rps=  15.70
  s2s.crud.fetchAllTickets                      n=  157 err=   0 errRate=  0.00% avg=   17.05 min=   13.11 max=   74.46 p50=   13.92 p95=   22.90 p99=   59.07 rps=  15.70
window 30s
  calc.additional.maxViewersSummary             n= 2255 err=   0 errRate=  0.00% avg=   26.70 min=   12.86 max=  180.89 p50=   14.64 p95=   76.75 p99=   97.40 rps=  75.17
  controller.AnalyticsController.maxViewersSummary n= 2255 err=   0 errRate=  0.00% avg=   26.88 min=   12.95 max=  181.43 p50=   14.79 p95=   77.04 p99=   97.77 rps=  75.17
  s2s.crud.fetchAllTickets                      n= 2255 err=   0 errRate=  0.00% avg=   26.54 min=   12.82 max=  139.07 p50=   14.60 p95=   76.44 p99=   97.07 rps=  75.17
  s2s.crud.fetchFilms                           n=    1 err=   0 errRate=  0.00% avg=  127.86 min=  127.86 max=  127.86 p50=  127.86 p95=  127.86 p99=  127.86 rps=   0.03
window 1m
  calc.additional.maxViewersSummary             n= 6379 err=   0 errRate=  0.00% avg=   34.18 min=   12.66 max=  611.59 p50=   15.61 p95=  105.11 p99=  178.01 rps= 106.32
  controller.AnalyticsController.maxViewersSummary n= 6379 err=   0 errRate=  0.00% avg=   34.39 min=   12.74 max=  611.69 p50=   15.83 p95=  105.42 p99=  179.03 rps= 106.32
  s2s.crud.fetchAllTickets                      n= 6379 err=   0 errRate=  0.00% avg=   34.03 min=   12.63 max=  611.55 p50=   15.52 p95=  104.94 p99=  177.37 rps= 106.32
  s2s.crud.fetchFilms                           n=    2 err=   0 errRate=  0.00% avg=   99.79 min=   71.72 max=  127.86 p50=   99.79 p95=  125.05 p99=  127.30 rps=   0.03

2026-05-06T20:45:38.273Z  INFO 1 --- [lab8-additional-service] [   scheduling-1] r.h.l.a.o.ObservabilityService           : [lab8-additional-service] observability refresh
window 10s
  calc.additional.maxViewersSummary             n=  160 err=   0 errRate=  0.00% avg=   17.80 min=   13.16 max=   78.46 p50=   13.97 p95=   24.87 p99=   74.34 rps=  16.00
  controller.AnalyticsController.maxViewersSummary n=  160 err=   0 errRate=  0.00% avg=   17.99 min=   13.28 max=   78.85 p50=   14.25 p95=   25.04 p99=   74.62 rps=  16.00
  s2s.crud.fetchAllTickets                      n=  160 err=   0 errRate=  0.00% avg=   17.75 min=   13.11 max=   78.39 p50=   13.92 p95=   24.81 p99=   74.27 rps=  16.00
window 30s
  calc.additional.maxViewersSummary             n= 2082 err=   0 errRate=  0.00% avg=   27.21 min=   12.86 max=  180.89 p50=   14.50 p95=   77.93 p99=   97.69 rps=  69.40
  controller.AnalyticsController.maxViewersSummary n= 2082 err=   0 errRate=  0.00% avg=   27.39 min=   12.95 max=  181.43 p50=   14.71 p95=   78.09 p99=   97.89 rps=  69.40
  s2s.crud.fetchAllTickets                      n= 2082 err=   0 errRate=  0.00% avg=   27.05 min=   12.82 max=  139.07 p50=   14.47 p95=   77.60 p99=   97.25 rps=  69.40
  s2s.crud.fetchFilms                           n=    1 err=   0 errRate=  0.00% avg=  127.86 min=  127.86 max=  127.86 p50=  127.86 p95=  127.86 p99=  127.86 rps=   0.03
window 1m
  calc.additional.maxViewersSummary             n= 6226 err=   0 errRate=  0.00% avg=   34.31 min=   12.66 max=  611.59 p50=   15.43 p95=  105.88 p99=  178.93 rps= 103.77
  controller.AnalyticsController.maxViewersSummary n= 6226 err=   0 errRate=  0.00% avg=   34.52 min=   12.74 max=  611.69 p50=   15.71 p95=  106.24 p99=  179.52 rps= 103.77
  s2s.crud.fetchAllTickets                      n= 6226 err=   0 errRate=  0.00% avg=   34.16 min=   12.63 max=  611.55 p50=   15.37 p95=  105.66 p99=  178.06 rps= 103.77
  s2s.crud.fetchFilms                           n=    2 err=   0 errRate=  0.00% avg=   99.79 min=   71.72 max=  127.86 p50=   99.79 p95=  125.05 p99=  127.30 rps=   0.03

2026-05-06T20:45:38.295Z  INFO 1 --- [lab8-additional-service] [   scheduling-1] r.h.l.a.service.FilmCacheService         : film-cache stats: size=310 ttlMs=30000 lastRefreshAtMs=1778100320432 hits=22608 misses=7 refreshes=7
2026-05-06T20:45:39.283Z  INFO 1 --- [lab8-additional-service] [   scheduling-1] r.h.l.a.o.ObservabilityService           : [lab8-additional-service] observability refresh
window 10s
  calc.additional.maxViewersSummary             n=  170 err=   0 errRate=  0.00% avg=   17.42 min=   13.12 max=   78.46 p50=   13.92 p95=   22.32 p99=   74.31 rps=  17.00
  controller.AnalyticsController.maxViewersSummary n=  170 err=   0 errRate=  0.00% avg=   17.61 min=   13.27 max=   78.85 p50=   14.13 p95=   22.49 p99=   74.61 rps=  17.00
  s2s.crud.fetchAllTickets                      n=  170 err=   0 errRate=  0.00% avg=   17.37 min=   13.08 max=   78.39 p50=   13.88 p95=   22.28 p99=   74.24 rps=  17.00
window 30s
  calc.additional.maxViewersSummary             n= 1948 err=   0 errRate=  0.00% avg=   26.33 min=   12.86 max=  180.89 p50=   14.24 p95=   74.52 p99=   94.14 rps=  64.93
  controller.AnalyticsController.maxViewersSummary n= 1948 err=   0 errRate=  0.00% avg=   26.50 min=   12.95 max=  181.43 p50=   14.41 p95=   74.68 p99=   94.91 rps=  64.93
  s2s.crud.fetchAllTickets                      n= 1948 err=   0 errRate=  0.00% avg=   26.15 min=   12.82 max=  139.07 p50=   14.19 p95=   74.22 p99=   93.19 rps=  64.93
  s2s.crud.fetchFilms                           n=    1 err=   0 errRate=  0.00% avg=  127.86 min=  127.86 max=  127.86 p50=  127.86 p95=  127.86 p99=  127.86 rps=   0.03
window 1m
  calc.additional.maxViewersSummary             n= 6183 err=   0 errRate=  0.00% avg=   33.34 min=   12.66 max=  472.94 p50=   15.26 p95=  104.40 p99=  165.54 rps= 103.05
  controller.AnalyticsController.maxViewersSummary n= 6183 err=   0 errRate=  0.00% avg=   33.55 min=   12.74 max=  473.11 p50=   15.50 p95=  104.90 p99=  165.91 rps= 103.05
  s2s.crud.fetchAllTickets                      n= 6183 err=   0 errRate=  0.00% avg=   33.19 min=   12.63 max=  472.90 p50=   15.19 p95=  104.30 p99=  165.10 rps= 103.05
  s2s.crud.fetchFilms                           n=    2 err=   0 errRate=  0.00% avg=   99.79 min=   71.72 max=  127.86 p50=   99.79 p95=  125.05 p99=  127.30 rps=   0.03

2026-05-06T20:45:40.290Z  INFO 1 --- [lab8-additional-service] [   scheduling-1] r.h.l.a.o.ObservabilityService           : [lab8-additional-service] observability refresh
window 10s
  calc.additional.maxViewersSummary             n=  161 err=   0 errRate=  0.00% avg=   17.47 min=   13.12 max=   78.46 p50=   13.91 p95=   22.33 p99=   74.34 rps=  16.10
  controller.AnalyticsController.maxViewersSummary n=  161 err=   0 errRate=  0.00% avg=   17.66 min=   13.27 max=   78.85 p50=   14.08 p95=   22.49 p99=   74.62 rps=  16.10
  s2s.crud.fetchAllTickets                      n=  161 err=   0 errRate=  0.00% avg=   17.41 min=   13.08 max=   78.39 p50=   13.87 p95=   22.29 p99=   74.27 rps=  16.10
window 30s
  calc.additional.maxViewersSummary             n= 1781 err=   0 errRate=  0.00% avg=   26.82 min=   12.86 max=  180.89 p50=   14.19 p95=   75.57 p99=   95.52 rps=  59.37
  controller.AnalyticsController.maxViewersSummary n= 1781 err=   0 errRate=  0.00% avg=   26.99 min=   12.95 max=  181.43 p50=   14.36 p95=   75.67 p99=   95.65 rps=  59.37
  s2s.crud.fetchAllTickets                      n= 1781 err=   0 errRate=  0.00% avg=   26.63 min=   12.82 max=  139.07 p50=   14.14 p95=   75.14 p99=   93.86 rps=  59.37
  s2s.crud.fetchFilms                           n=    1 err=   0 errRate=  0.00% avg=  127.86 min=  127.86 max=  127.86 p50=  127.86 p95=  127.86 p99=  127.86 rps=   0.03
window 1m
  calc.additional.maxViewersSummary             n= 6090 err=   0 errRate=  0.00% avg=   32.42 min=   12.66 max=  373.49 p50=   15.05 p95=  102.45 p99=  155.84 rps= 101.50
  controller.AnalyticsController.maxViewersSummary n= 6090 err=   0 errRate=  0.00% avg=   32.63 min=   12.74 max=  373.74 p50=   15.26 p95=  102.73 p99=  156.06 rps= 101.50
  s2s.crud.fetchAllTickets                      n= 6090 err=   0 errRate=  0.00% avg=   32.27 min=   12.63 max=  373.45 p50=   15.00 p95=  102.33 p99=  155.27 rps= 101.50
  s2s.crud.fetchFilms                           n=    2 err=   0 errRate=  0.00% avg=   99.79 min=   71.72 max=  127.86 p50=   99.79 p95=  125.05 p99=  127.30 rps=   0.03

2026-05-06T20:45:41.293Z  INFO 1 --- [lab8-additional-service] [   scheduling-1] r.h.l.a.o.ObservabilityService           : [lab8-additional-service] observability refresh
window 10s
  calc.additional.maxViewersSummary             n=  162 err=   0 errRate=  0.00% avg=   17.61 min=   13.12 max=   78.46 p50=   13.96 p95=   24.33 p99=   74.33 rps=  16.20
  controller.AnalyticsController.maxViewersSummary n=  162 err=   0 errRate=  0.00% avg=   17.79 min=   13.27 max=   78.85 p50=   14.16 p95=   24.53 p99=   74.62 rps=  16.20
  s2s.crud.fetchAllTickets                      n=  162 err=   0 errRate=  0.00% avg=   17.56 min=   13.08 max=   78.39 p50=   13.91 p95=   24.27 p99=   74.26 rps=  16.20
window 30s
  calc.additional.maxViewersSummary             n= 1592 err=   0 errRate=  0.00% avg=   28.41 min=   12.90 max=  180.89 p50=   14.51 p95=   77.76 p99=   97.19 rps=  53.07
  controller.AnalyticsController.maxViewersSummary n= 1592 err=   0 errRate=  0.00% avg=   28.58 min=   13.00 max=  181.43 p50=   14.74 p95=   77.90 p99=   97.44 rps=  53.07
  s2s.crud.fetchAllTickets                      n= 1592 err=   0 errRate=  0.00% avg=   28.20 min=   12.87 max=  139.07 p50=   14.47 p95=   76.96 p99=   95.27 rps=  53.07
  s2s.crud.fetchFilms                           n=    1 err=   0 errRate=  0.00% avg=  127.86 min=  127.86 max=  127.86 p50=  127.86 p95=  127.86 p99=  127.86 rps=   0.03
window 1m
  calc.additional.maxViewersSummary             n= 5971 err=   0 errRate=  0.00% avg=   31.86 min=   12.66 max=  373.49 p50=   14.88 p95=  102.08 p99=  155.84 rps=  99.52
  controller.AnalyticsController.maxViewersSummary n= 5971 err=   0 errRate=  0.00% avg=   32.07 min=   12.74 max=  373.74 p50=   15.09 p95=  102.34 p99=  156.08 rps=  99.52
  s2s.crud.fetchAllTickets                      n= 5971 err=   0 errRate=  0.00% avg=   31.71 min=   12.63 max=  373.45 p50=   14.82 p95=  101.86 p99=  155.28 rps=  99.52
  s2s.crud.fetchFilms                           n=    2 err=   0 errRate=  0.00% avg=   99.79 min=   71.72 max=  127.86 p50=   99.79 p95=  125.05 p99=  127.30 rps=   0.03

2026-05-06T20:45:42.297Z  INFO 1 --- [lab8-additional-service] [   scheduling-1] r.h.l.a.o.ObservabilityService           : [lab8-additional-service] observability refresh
window 10s
  calc.additional.maxViewersSummary             n=  154 err=   0 errRate=  0.00% avg=   17.39 min=   13.12 max=   78.46 p50=   14.06 p95=   22.65 p99=   74.36 rps=  15.40
  controller.AnalyticsController.maxViewersSummary n=  154 err=   0 errRate=  0.00% avg=   17.56 min=   13.27 max=   78.85 p50=   14.22 p95=   22.82 p99=   74.63 rps=  15.40
  s2s.crud.fetchAllTickets                      n=  154 err=   0 errRate=  0.00% avg=   17.33 min=   13.08 max=   78.39 p50=   14.01 p95=   22.60 p99=   74.29 rps=  15.40
window 30s
  calc.additional.maxViewersSummary             n= 1418 err=   0 errRate=  0.00% avg=   30.26 min=   12.90 max=  180.89 p50=   16.01 p95=   78.57 p99=   97.56 rps=  47.27
  controller.AnalyticsController.maxViewersSummary n= 1418 err=   0 errRate=  0.00% avg=   30.44 min=   13.00 max=  181.43 p50=   16.18 p95=   78.84 p99=   97.77 rps=  47.27
  s2s.crud.fetchAllTickets                      n= 1418 err=   0 errRate=  0.00% avg=   30.04 min=   12.87 max=  139.07 p50=   15.96 p95=   78.33 p99=   97.13 rps=  47.27
  s2s.crud.fetchFilms                           n=    1 err=   0 errRate=  0.00% avg=  127.86 min=  127.86 max=  127.86 p50=  127.86 p95=  127.86 p99=  127.86 rps=   0.03
window 1m
  calc.additional.maxViewersSummary             n= 5809 err=   0 errRate=  0.00% avg=   31.91 min=   12.66 max=  373.49 p50=   14.77 p95=  102.34 p99=  155.96 rps=  96.82
  controller.AnalyticsController.maxViewersSummary n= 5809 err=   0 errRate=  0.00% avg=   32.12 min=   12.74 max=  373.74 p50=   14.96 p95=  102.56 p99=  156.19 rps=  96.82
  s2s.crud.fetchAllTickets                      n= 5809 err=   0 errRate=  0.00% avg=   31.76 min=   12.63 max=  373.45 p50=   14.70 p95=  102.23 p99=  155.76 rps=  96.82
  s2s.crud.fetchFilms                           n=    2 err=   0 errRate=  0.00% avg=   99.79 min=   71.72 max=  127.86 p50=   99.79 p95=  125.05 p99=  127.30 rps=   0.03

2026-05-06T20:45:43.303Z  INFO 1 --- [lab8-additional-service] [   scheduling-1] r.h.l.a.o.ObservabilityService           : [lab8-additional-service] observability refresh
window 10s
  calc.additional.maxViewersSummary             n=  154 err=   0 errRate=  0.00% avg=   16.85 min=   13.04 max=   78.46 p50=   13.95 p95=   21.99 p99=   49.20 rps=  15.40
  controller.AnalyticsController.maxViewersSummary n=  154 err=   0 errRate=  0.00% avg=   17.02 min=   13.19 max=   78.85 p50=   14.14 p95=   22.14 p99=   49.48 rps=  15.40
  s2s.crud.fetchAllTickets                      n=  154 err=   0 errRate=  0.00% avg=   16.79 min=   12.99 max=   78.39 p50=   13.90 p95=   21.95 p99=   49.14 rps=  15.40
window 30s
  calc.additional.maxViewersSummary             n= 1218 err=   0 errRate=  0.00% avg=   33.00 min=   12.90 max=  180.89 p50=   20.05 p95=   79.53 p99=   97.69 rps=  40.60
  controller.AnalyticsController.maxViewersSummary n= 1218 err=   0 errRate=  0.00% avg=   33.18 min=   13.00 max=  181.43 p50=   20.27 p95=   80.05 p99=   98.12 rps=  40.60
  s2s.crud.fetchAllTickets                      n= 1218 err=   0 errRate=  0.00% avg=   32.74 min=   12.87 max=  139.07 p50=   20.00 p95=   79.27 p99=   97.52 rps=  40.60
  s2s.crud.fetchFilms                           n=    1 err=   0 errRate=  0.00% avg=  127.86 min=  127.86 max=  127.86 p50=  127.86 p95=  127.86 p99=  127.86 rps=   0.03
window 1m
  calc.additional.maxViewersSummary             n= 5718 err=   0 errRate=  0.00% avg=   31.14 min=   12.66 max=  373.49 p50=   14.62 p95=  102.24 p99=  155.75 rps=  95.30
  controller.AnalyticsController.maxViewersSummary n= 5718 err=   0 errRate=  0.00% avg=   31.32 min=   12.74 max=  373.74 p50=   14.81 p95=  102.43 p99=  155.93 rps=  95.30
  s2s.crud.fetchAllTickets                      n= 5718 err=   0 errRate=  0.00% avg=   30.98 min=   12.63 max=  373.45 p50=   14.57 p95=  102.03 p99=  155.21 rps=  95.30
  s2s.crud.fetchFilms                           n=    2 err=   0 errRate=  0.00% avg=   99.79 min=   71.72 max=  127.86 p50=   99.79 p95=  125.05 p99=  127.30 rps=   0.03

2026-05-06T20:45:44.306Z  INFO 1 --- [lab8-additional-service] [   scheduling-1] r.h.l.a.o.ObservabilityService           : [lab8-additional-service] observability refresh
window 10s
  calc.additional.maxViewersSummary             n=  159 err=   0 errRate=  0.00% avg=   16.98 min=   13.04 max=   78.46 p50=   13.91 p95=   23.36 p99=   53.41 rps=  15.90
  controller.AnalyticsController.maxViewersSummary n=  159 err=   0 errRate=  0.00% avg=   17.15 min=   13.19 max=   78.85 p50=   14.13 p95=   23.53 p99=   53.66 rps=  15.90
  s2s.crud.fetchAllTickets                      n=  159 err=   0 errRate=  0.00% avg=   16.93 min=   12.99 max=   78.39 p50=   13.87 p95=   23.30 p99=   53.35 rps=  15.90
window 30s
  calc.additional.maxViewersSummary             n= 1054 err=   0 errRate=  0.00% avg=   33.05 min=   12.90 max=  180.89 p50=   20.00 p95=   78.00 p99=   97.84 rps=  35.13
  controller.AnalyticsController.maxViewersSummary n= 1054 err=   0 errRate=  0.00% avg=   33.23 min=   13.00 max=  181.43 p50=   20.18 p95=   78.21 p99=   97.99 rps=  35.13
  s2s.crud.fetchAllTickets                      n= 1054 err=   0 errRate=  0.00% avg=   32.76 min=   12.87 max=  139.07 p50=   19.96 p95=   77.83 p99=   97.16 rps=  35.13
  s2s.crud.fetchFilms                           n=    1 err=   0 errRate=  0.00% avg=  127.86 min=  127.86 max=  127.86 p50=  127.86 p95=  127.86 p99=  127.86 rps=   0.03
window 1m
  calc.additional.maxViewersSummary             n= 5576 err=   0 errRate=  0.00% avg=   30.60 min=   12.66 max=  373.49 p50=   14.47 p95=  101.56 p99=  155.88 rps=  92.93
  controller.AnalyticsController.maxViewersSummary n= 5576 err=   0 errRate=  0.00% avg=   30.78 min=   12.74 max=  373.74 p50=   14.65 p95=  101.69 p99=  156.08 rps=  92.93
  s2s.crud.fetchAllTickets                      n= 5576 err=   0 errRate=  0.00% avg=   30.44 min=   12.63 max=  373.45 p50=   14.41 p95=  101.27 p99=  155.40 rps=  92.93
  s2s.crud.fetchFilms                           n=    2 err=   0 errRate=  0.00% avg=   99.79 min=   71.72 max=  127.86 p50=   99.79 p95=  125.05 p99=  127.30 rps=   0.03

2026-05-06T20:45:45.309Z  INFO 1 --- [lab8-additional-service] [   scheduling-1] r.h.l.a.o.ObservabilityService           : [lab8-additional-service] observability refresh
window 10s
  calc.additional.maxViewersSummary             n=  157 err=   0 errRate=  0.00% avg=   16.85 min=   13.04 max=   78.46 p50=   13.86 p95=   23.44 p99=   54.13 rps=  15.70
  controller.AnalyticsController.maxViewersSummary n=  157 err=   0 errRate=  0.00% avg=   17.02 min=   13.19 max=   78.85 p50=   14.05 p95=   23.62 p99=   54.38 rps=  15.70
  s2s.crud.fetchAllTickets                      n=  157 err=   0 errRate=  0.00% avg=   16.79 min=   12.99 max=   78.39 p50=   13.80 p95=   23.39 p99=   54.07 rps=  15.70
window 30s
  calc.additional.maxViewersSummary             n=  864 err=   0 errRate=  0.00% avg=   37.19 min=   13.04 max=  180.89 p50=   27.01 p95=   79.08 p99=   98.48 rps=  28.80
  controller.AnalyticsController.maxViewersSummary n=  864 err=   0 errRate=  0.00% avg=   37.37 min=   13.14 max=  181.43 p50=   27.25 p95=   79.33 p99=   98.74 rps=  28.80
  s2s.crud.fetchAllTickets                      n=  864 err=   0 errRate=  0.00% avg=   36.85 min=   12.99 max=  139.07 p50=   26.95 p95=   78.85 p99=   97.77 rps=  28.80
  s2s.crud.fetchFilms                           n=    1 err=   0 errRate=  0.00% avg=  127.86 min=  127.86 max=  127.86 p50=  127.86 p95=  127.86 p99=  127.86 rps=   0.03
window 1m
  calc.additional.maxViewersSummary             n= 5434 err=   0 errRate=  0.00% avg=   30.66 min=   12.66 max=  373.49 p50=   14.40 p95=  102.00 p99=  156.03 rps=  90.57
  controller.AnalyticsController.maxViewersSummary n= 5434 err=   0 errRate=  0.00% avg=   30.85 min=   12.74 max=  373.74 p50=   14.57 p95=  102.22 p99=  156.18 rps=  90.57
  s2s.crud.fetchAllTickets                      n= 5434 err=   0 errRate=  0.00% avg=   30.50 min=   12.63 max=  373.45 p50=   14.34 p95=  101.56 p99=  155.80 rps=  90.57
  s2s.crud.fetchFilms                           n=    2 err=   0 errRate=  0.00% avg=   99.79 min=   71.72 max=  127.86 p50=   99.79 p95=  125.05 p99=  127.30 rps=   0.03

2026-05-06T20:45:46.312Z  INFO 1 --- [lab8-additional-service] [   scheduling-1] r.h.l.a.o.ObservabilityService           : [lab8-additional-service] observability refresh
window 10s
  calc.additional.maxViewersSummary             n=  157 err=   0 errRate=  0.00% avg=   17.06 min=   13.04 max=   78.46 p50=   13.91 p95=   23.44 p99=   54.13 rps=  15.70
  controller.AnalyticsController.maxViewersSummary n=  157 err=   0 errRate=  0.00% avg=   17.23 min=   13.19 max=   78.85 p50=   14.13 p95=   23.62 p99=   54.38 rps=  15.70
  s2s.crud.fetchAllTickets                      n=  157 err=   0 errRate=  0.00% avg=   17.00 min=   12.99 max=   78.39 p50=   13.87 p95=   23.39 p99=   54.07 rps=  15.70
window 30s
  calc.additional.maxViewersSummary             n=  727 err=   0 errRate=  0.00% avg=   38.29 min=   13.04 max=  180.89 p50=   29.01 p95=   79.43 p99=   98.37 rps=  24.23
  controller.AnalyticsController.maxViewersSummary n=  727 err=   0 errRate=  0.00% avg=   38.46 min=   13.19 max=  181.43 p50=   29.42 p95=   79.99 p99=   98.59 rps=  24.23
  s2s.crud.fetchAllTickets                      n=  727 err=   0 errRate=  0.00% avg=   37.89 min=   12.99 max=  113.78 p50=   28.87 p95=   79.24 p99=   97.49 rps=  24.23
  s2s.crud.fetchFilms                           n=    1 err=   0 errRate=  0.00% avg=  127.86 min=  127.86 max=  127.86 p50=  127.86 p95=  127.86 p99=  127.86 rps=   0.03
window 1m
  calc.additional.maxViewersSummary             n= 5312 err=   0 errRate=  0.00% avg=   30.15 min=   12.66 max=  373.49 p50=   14.32 p95=  101.51 p99=  156.05 rps=  88.53
  controller.AnalyticsController.maxViewersSummary n= 5312 err=   0 errRate=  0.00% avg=   30.32 min=   12.74 max=  373.74 p50=   14.49 p95=  101.63 p99=  156.19 rps=  88.53
  s2s.crud.fetchAllTickets                      n= 5312 err=   0 errRate=  0.00% avg=   29.98 min=   12.63 max=  373.45 p50=   14.27 p95=  101.24 p99=  155.80 rps=  88.53
  s2s.crud.fetchFilms                           n=    2 err=   0 errRate=  0.00% avg=   99.79 min=   71.72 max=  127.86 p50=   99.79 p95=  125.05 p99=  127.30 rps=   0.03

2026-05-06T20:45:47.315Z  INFO 1 --- [lab8-additional-service] [   scheduling-1] r.h.l.a.o.ObservabilityService           : [lab8-additional-service] observability refresh
window 10s
  calc.additional.maxViewersSummary             n=  152 err=   0 errRate=  0.00% avg=   17.24 min=   13.04 max=   78.46 p50=   14.02 p95=   23.66 p99=   55.92 rps=  15.20
  controller.AnalyticsController.maxViewersSummary n=  152 err=   0 errRate=  0.00% avg=   17.42 min=   13.19 max=   78.85 p50=   14.21 p95=   23.84 p99=   56.18 rps=  15.20
  s2s.crud.fetchAllTickets                      n=  152 err=   0 errRate=  0.00% avg=   17.19 min=   12.99 max=   78.39 p50=   13.96 p95=   23.61 p99=   55.86 rps=  15.20
window 30s
  calc.additional.maxViewersSummary             n=  645 err=   0 errRate=  0.00% avg=   35.23 min=   13.04 max=  180.89 p50=   20.49 p95=   80.10 p99=   98.49 rps=  21.50
  controller.AnalyticsController.maxViewersSummary n=  645 err=   0 errRate=  0.00% avg=   35.40 min=   13.19 max=  181.43 p50=   20.68 p95=   80.28 p99=   98.75 rps=  21.50
  s2s.crud.fetchAllTickets                      n=  645 err=   0 errRate=  0.00% avg=   34.79 min=   12.99 max=  113.78 p50=   20.45 p95=   79.79 p99=   97.85 rps=  21.50
  s2s.crud.fetchFilms                           n=    1 err=   0 errRate=  0.00% avg=  127.86 min=  127.86 max=  127.86 p50=  127.86 p95=  127.86 p99=  127.86 rps=   0.03
window 1m
  calc.additional.maxViewersSummary             n= 5173 err=   0 errRate=  0.00% avg=   29.84 min=   12.66 max=  373.49 p50=   14.22 p95=  101.65 p99=  157.58 rps=  86.22
  controller.AnalyticsController.maxViewersSummary n= 5173 err=   0 errRate=  0.00% avg=   30.02 min=   12.74 max=  373.74 p50=   14.39 p95=  101.76 p99=  157.87 rps=  86.22
  s2s.crud.fetchAllTickets                      n= 5173 err=   0 errRate=  0.00% avg=   29.68 min=   12.63 max=  373.45 p50=   14.18 p95=  101.42 p99=  155.96 rps=  86.22
  s2s.crud.fetchFilms                           n=    2 err=   0 errRate=  0.00% avg=   99.79 min=   71.72 max=  127.86 p50=   99.79 p95=  125.05 p99=  127.30 rps=   0.03

2026-05-06T20:45:48.295Z  INFO 1 --- [lab8-additional-service] [   scheduling-1] r.h.l.a.service.FilmCacheService         : film-cache stats: size=310 ttlMs=30000 lastRefreshAtMs=1778100320432 hits=22768 misses=7 refreshes=7
2026-05-06T20:45:48.319Z  INFO 1 --- [lab8-additional-service] [   scheduling-1] r.h.l.a.o.ObservabilityService           : [lab8-additional-service] observability refresh
window 10s
  calc.additional.maxViewersSummary             n=  160 err=   0 errRate=  0.00% avg=   16.39 min=   13.04 max=   38.35 p50=   14.03 p95=   22.43 p99=   27.25 rps=  16.00
  controller.AnalyticsController.maxViewersSummary n=  160 err=   0 errRate=  0.00% avg=   16.57 min=   13.19 max=   38.52 p50=   14.22 p95=   22.70 p99=   27.40 rps=  16.00
  s2s.crud.fetchAllTickets                      n=  160 err=   0 errRate=  0.00% avg=   16.34 min=   12.99 max=   38.29 p50=   13.97 p95=   22.39 p99=   27.19 rps=  16.00
window 30s
  calc.additional.maxViewersSummary             n=  584 err=   0 errRate=  0.00% avg=   29.11 min=   13.04 max=  180.89 p50=   19.94 p95=   74.48 p99=   84.24 rps=  19.47
  controller.AnalyticsController.maxViewersSummary n=  584 err=   0 errRate=  0.00% avg=   29.29 min=   13.19 max=  181.43 p50=   20.07 p95=   74.64 p99=   84.34 rps=  19.47
  s2s.crud.fetchAllTickets                      n=  584 err=   0 errRate=  0.00% avg=   28.63 min=   12.99 max=   90.90 p50=   19.89 p95=   74.19 p99=   82.93 rps=  19.47
  s2s.crud.fetchFilms                           n=    1 err=   0 errRate=  0.00% avg=  127.86 min=  127.86 max=  127.86 p50=  127.86 p95=  127.86 p99=  127.86 rps=   0.03
window 1m
  calc.additional.maxViewersSummary             n= 4987 err=   0 errRate=  0.00% avg=   30.24 min=   12.66 max=  373.49 p50=   14.25 p95=  102.33 p99=  160.70 rps=  83.12
  controller.AnalyticsController.maxViewersSummary n= 4987 err=   0 errRate=  0.00% avg=   30.42 min=   12.74 max=  373.74 p50=   14.43 p95=  102.58 p99=  160.94 rps=  83.12
  s2s.crud.fetchAllTickets                      n= 4987 err=   0 errRate=  0.00% avg=   30.07 min=   12.63 max=  373.45 p50=   14.20 p95=  102.18 p99=  157.36 rps=  83.12
  s2s.crud.fetchFilms                           n=    2 err=   0 errRate=  0.00% avg=   99.79 min=   71.72 max=  127.86 p50=   99.79 p95=  125.05 p99=  127.30 rps=   0.03

2026-05-06T20:45:49.324Z  INFO 1 --- [lab8-additional-service] [   scheduling-1] r.h.l.a.o.ObservabilityService           : [lab8-additional-service] observability refresh
window 10s
  calc.additional.maxViewersSummary             n=  155 err=   0 errRate=  0.00% avg=   16.49 min=   13.03 max=   38.35 p50=   14.15 p95=   22.52 p99=   27.50 rps=  15.50
  controller.AnalyticsController.maxViewersSummary n=  155 err=   0 errRate=  0.00% avg=   16.66 min=   13.13 max=   38.52 p50=   14.36 p95=   22.75 p99=   27.65 rps=  15.50
  s2s.crud.fetchAllTickets                      n=  155 err=   0 errRate=  0.00% avg=   16.44 min=   12.99 max=   38.29 p50=   14.09 p95=   22.48 p99=   27.44 rps=  15.50
window 30s
  calc.additional.maxViewersSummary             n=  522 err=   0 errRate=  0.00% avg=   22.61 min=   13.03 max=  180.89 p50=   15.30 p95=   52.17 p99=   67.37 rps=  17.40
  controller.AnalyticsController.maxViewersSummary n=  522 err=   0 errRate=  0.00% avg=   22.78 min=   13.13 max=  181.43 p50=   15.53 p95=   52.55 p99=   67.62 rps=  17.40
  s2s.crud.fetchAllTickets                      n=  522 err=   0 errRate=  0.00% avg=   22.07 min=   12.99 max=   78.39 p50=   15.23 p95=   52.14 p99=   64.39 rps=  17.40
  s2s.crud.fetchFilms                           n=    1 err=   0 errRate=  0.00% avg=  127.86 min=  127.86 max=  127.86 p50=  127.86 p95=  127.86 p99=  127.86 rps=   0.03
window 1m
  calc.additional.maxViewersSummary             n= 4831 err=   0 errRate=  0.00% avg=   30.46 min=   12.66 max=  373.49 p50=   14.21 p95=  103.27 p99=  161.59 rps=  80.52
  controller.AnalyticsController.maxViewersSummary n= 4831 err=   0 errRate=  0.00% avg=   30.63 min=   12.74 max=  373.74 p50=   14.39 p95=  103.46 p99=  161.70 rps=  80.52
  s2s.crud.fetchAllTickets                      n= 4831 err=   0 errRate=  0.00% avg=   30.28 min=   12.63 max=  373.45 p50=   14.17 p95=  102.96 p99=  159.95 rps=  80.52
  s2s.crud.fetchFilms                           n=    2 err=   0 errRate=  0.00% avg=   99.79 min=   71.72 max=  127.86 p50=   99.79 p95=  125.05 p99=  127.30 rps=   0.03

2026-05-06T20:45:50.327Z  INFO 1 --- [lab8-additional-service] [   scheduling-1] r.h.l.a.o.ObservabilityService           : [lab8-additional-service] observability refresh
window 10s
  calc.additional.maxViewersSummary             n=  161 err=   0 errRate=  0.00% avg=   16.43 min=   13.03 max=   38.35 p50=   14.04 p95=   22.42 p99=   27.20 rps=  16.10
  controller.AnalyticsController.maxViewersSummary n=  161 err=   0 errRate=  0.00% avg=   16.60 min=   13.13 max=   38.52 p50=   14.23 p95=   22.69 p99=   27.35 rps=  16.10
  s2s.crud.fetchAllTickets                      n=  161 err=   0 errRate=  0.00% avg=   16.38 min=   12.99 max=   38.29 p50=   13.98 p95=   22.38 p99=   27.14 rps=  16.10
window 30s
  calc.additional.maxViewersSummary             n=  460 err=   0 errRate=  0.00% avg=   19.07 min=   13.03 max=  180.89 p50=   14.14 p95=   37.52 p99=   70.55 rps=  15.33
  controller.AnalyticsController.maxViewersSummary n=  460 err=   0 errRate=  0.00% avg=   19.24 min=   13.13 max=  181.43 p50=   14.31 p95=   37.65 p99=   70.84 rps=  15.33
  s2s.crud.fetchAllTickets                      n=  460 err=   0 errRate=  0.00% avg=   18.47 min=   12.99 max=   78.39 p50=   14.08 p95=   37.44 p99=   61.09 rps=  15.33
  s2s.crud.fetchFilms                           n=    1 err=   0 errRate=  0.00% avg=  127.86 min=  127.86 max=  127.86 p50=  127.86 p95=  127.86 p99=  127.86 rps=   0.03
window 1m
  calc.additional.maxViewersSummary             n= 4656 err=   0 errRate=  0.00% avg=   30.81 min=   12.66 max=  373.49 p50=   14.21 p95=  104.34 p99=  163.84 rps=  77.60
  controller.AnalyticsController.maxViewersSummary n= 4656 err=   0 errRate=  0.00% avg=   30.99 min=   12.74 max=  373.74 p50=   14.39 p95=  104.70 p99=  164.09 rps=  77.60
  s2s.crud.fetchAllTickets                      n= 4656 err=   0 errRate=  0.00% avg=   30.63 min=   12.63 max=  373.45 p50=   14.17 p95=  104.15 p99=  161.40 rps=  77.60
  s2s.crud.fetchFilms                           n=    2 err=   0 errRate=  0.00% avg=   99.79 min=   71.72 max=  127.86 p50=   99.79 p95=  125.05 p99=  127.30 rps=   0.03

2026-05-06T20:45:51.330Z  INFO 1 --- [lab8-additional-service] [   scheduling-1] r.h.l.a.o.ObservabilityService           : [lab8-additional-service] observability refresh
window 10s
  calc.additional.maxViewersSummary             n=  150 err=   0 errRate=  0.00% avg=   16.75 min=   13.03 max=   69.87 p50=   14.01 p95=   22.60 p99=   34.37 rps=  15.00
  controller.AnalyticsController.maxViewersSummary n=  150 err=   0 errRate=  0.00% avg=   16.92 min=   13.13 max=   70.05 p50=   14.19 p95=   22.80 p99=   34.51 rps=  15.00
  s2s.crud.fetchAllTickets                      n=  150 err=   0 errRate=  0.00% avg=   16.34 min=   12.99 max=   38.29 p50=   13.93 p95=   22.23 p99=   27.50 rps=  15.00
  s2s.crud.fetchFilms                           n=    1 err=   0 errRate=  0.00% avg=   53.68 min=   53.68 max=   53.68 p50=   53.68 p95=   53.68 p99=   53.68 rps=   0.10
window 30s
  calc.additional.maxViewersSummary             n=  459 err=   0 errRate=  0.00% avg=   18.04 min=   13.03 max=   78.46 p50=   14.09 p95=   36.24 p99=   64.74 rps=  15.30
  controller.AnalyticsController.maxViewersSummary n=  459 err=   0 errRate=  0.00% avg=   18.21 min=   13.13 max=   78.85 p50=   14.27 p95=   36.38 p99=   65.13 rps=  15.30
  s2s.crud.fetchAllTickets                      n=  459 err=   0 errRate=  0.00% avg=   17.87 min=   12.99 max=   78.39 p50=   14.04 p95=   35.95 p99=   61.11 rps=  15.30
  s2s.crud.fetchFilms                           n=    1 err=   0 errRate=  0.00% avg=   53.68 min=   53.68 max=   53.68 p50=   53.68 p95=   53.68 p99=   53.68 rps=   0.03
window 1m
  calc.additional.maxViewersSummary             n= 4474 err=   0 errRate=  0.00% avg=   31.12 min=   12.66 max=  373.49 p50=   14.21 p95=  105.08 p99=  165.56 rps=  74.57
  controller.AnalyticsController.maxViewersSummary n= 4474 err=   0 errRate=  0.00% avg=   31.30 min=   12.74 max=  373.74 p50=   14.39 p95=  105.31 p99=  165.79 rps=  74.57
  s2s.crud.fetchAllTickets                      n= 4474 err=   0 errRate=  0.00% avg=   31.01 min=   12.63 max=  373.45 p50=   14.16 p95=  104.93 p99=  163.41 rps=  74.57
  s2s.crud.fetchFilms                           n=    2 err=   0 errRate=  0.00% avg=   90.77 min=   53.68 max=  127.86 p50=   90.77 p95=  124.15 p99=  127.12 rps=   0.03

2026-05-06T20:45:52.333Z  INFO 1 --- [lab8-additional-service] [   scheduling-1] r.h.l.a.o.ObservabilityService           : [lab8-additional-service] observability refresh
window 10s
  calc.additional.maxViewersSummary             n=  149 err=   0 errRate=  0.00% avg=   16.82 min=   13.03 max=   69.87 p50=   14.04 p95=   22.29 p99=   34.45 rps=  14.90
  controller.AnalyticsController.maxViewersSummary n=  149 err=   0 errRate=  0.00% avg=   16.99 min=   13.13 max=   70.05 p50=   14.23 p95=   22.65 p99=   34.59 rps=  14.90
  s2s.crud.fetchAllTickets                      n=  149 err=   0 errRate=  0.00% avg=   16.40 min=   12.99 max=   38.29 p50=   13.98 p95=   21.96 p99=   27.55 rps=  14.90
  s2s.crud.fetchFilms                           n=    1 err=   0 errRate=  0.00% avg=   53.68 min=   53.68 max=   53.68 p50=   53.68 p95=   53.68 p99=   53.68 rps=   0.10
window 30s
  calc.additional.maxViewersSummary             n=  463 err=   0 errRate=  0.00% avg=   17.58 min=   13.03 max=   78.46 p50=   14.09 p95=   25.14 p99=   61.09 rps=  15.43
  controller.AnalyticsController.maxViewersSummary n=  463 err=   0 errRate=  0.00% avg=   17.76 min=   13.13 max=   78.85 p50=   14.27 p95=   25.31 p99=   61.37 rps=  15.43
  s2s.crud.fetchAllTickets                      n=  463 err=   0 errRate=  0.00% avg=   17.41 min=   12.99 max=   78.39 p50=   14.04 p95=   24.70 p99=   57.94 rps=  15.43
  s2s.crud.fetchFilms                           n=    1 err=   0 errRate=  0.00% avg=   53.68 min=   53.68 max=   53.68 p50=   53.68 p95=   53.68 p99=   53.68 rps=   0.03
window 1m
  calc.additional.maxViewersSummary             n= 4326 err=   0 errRate=  0.00% avg=   31.19 min=   12.66 max=  373.49 p50=   14.18 p95=  106.23 p99=  165.82 rps=  72.10
  controller.AnalyticsController.maxViewersSummary n= 4326 err=   0 errRate=  0.00% avg=   31.36 min=   12.74 max=  373.74 p50=   14.35 p95=  106.31 p99=  165.92 rps=  72.10
  s2s.crud.fetchAllTickets                      n= 4326 err=   0 errRate=  0.00% avg=   31.07 min=   12.63 max=  373.45 p50=   14.13 p95=  105.43 p99=  165.32 rps=  72.10
  s2s.crud.fetchFilms                           n=    2 err=   0 errRate=  0.00% avg=   90.77 min=   53.68 max=  127.86 p50=   90.77 p95=  124.15 p99=  127.12 rps=   0.03

2026-05-06T20:45:53.336Z  INFO 1 --- [lab8-additional-service] [   scheduling-1] r.h.l.a.o.ObservabilityService           : [lab8-additional-service] observability refresh
window 10s
  calc.additional.maxViewersSummary             n=  158 err=   0 errRate=  0.00% avg=   16.72 min=   13.03 max=   69.87 p50=   14.02 p95=   22.19 p99=   33.72 rps=  15.80
  controller.AnalyticsController.maxViewersSummary n=  158 err=   0 errRate=  0.00% avg=   16.89 min=   13.13 max=   70.05 p50=   14.17 p95=   22.72 p99=   33.86 rps=  15.80
  s2s.crud.fetchAllTickets                      n=  158 err=   0 errRate=  0.00% avg=   16.33 min=   13.00 max=   38.29 p50=   13.92 p95=   21.84 p99=   27.06 rps=  15.80
  s2s.crud.fetchFilms                           n=    1 err=   0 errRate=  0.00% avg=   53.68 min=   53.68 max=   53.68 p50=   53.68 p95=   53.68 p99=   53.68 rps=   0.10
window 30s
  calc.additional.maxViewersSummary             n=  474 err=   0 errRate=  0.00% avg=   16.87 min=   13.03 max=   78.46 p50=   14.00 p95=   22.34 p99=   58.13 rps=  15.80
  controller.AnalyticsController.maxViewersSummary n=  474 err=   0 errRate=  0.00% avg=   17.05 min=   13.13 max=   78.85 p50=   14.22 p95=   22.59 p99=   58.85 rps=  15.80
  s2s.crud.fetchAllTickets                      n=  474 err=   0 errRate=  0.00% avg=   16.71 min=   12.99 max=   78.39 p50=   13.94 p95=   22.27 p99=   43.22 rps=  15.80
  s2s.crud.fetchFilms                           n=    1 err=   0 errRate=  0.00% avg=   53.68 min=   53.68 max=   53.68 p50=   53.68 p95=   53.68 p99=   53.68 rps=   0.03
window 1m
  calc.additional.maxViewersSummary             n= 4197 err=   0 errRate=  0.00% avg=   30.68 min=   12.66 max=  373.49 p50=   14.08 p95=  106.66 p99=  166.12 rps=  69.95
  controller.AnalyticsController.maxViewersSummary n= 4197 err=   0 errRate=  0.00% avg=   30.85 min=   12.74 max=  373.74 p50=   14.25 p95=  106.76 p99=  166.23 rps=  69.95
  s2s.crud.fetchAllTickets                      n= 4197 err=   0 errRate=  0.00% avg=   30.57 min=   12.63 max=  373.45 p50=   14.04 p95=  106.39 p99=  165.76 rps=  69.95
  s2s.crud.fetchFilms                           n=    2 err=   0 errRate=  0.00% avg=   90.77 min=   53.68 max=  127.86 p50=   90.77 p95=  124.15 p99=  127.12 rps=   0.03

2026-05-06T20:45:54.342Z  INFO 1 --- [lab8-additional-service] [   scheduling-1] r.h.l.a.o.ObservabilityService           : [lab8-additional-service] observability refresh
window 10s
  calc.additional.maxViewersSummary             n=  166 err=   0 errRate=  0.00% avg=   18.00 min=   13.03 max=   76.30 p50=   14.12 p95=   23.12 p99=   71.28 rps=  16.60
  controller.AnalyticsController.maxViewersSummary n=  166 err=   0 errRate=  0.00% avg=   18.18 min=   13.13 max=   76.59 p50=   14.29 p95=   23.73 p99=   71.46 rps=  16.60
  s2s.crud.fetchAllTickets                      n=  166 err=   0 errRate=  0.00% avg=   17.62 min=   13.00 max=   76.24 p50=   14.06 p95=   22.55 p99=   71.24 rps=  16.60
  s2s.crud.fetchFilms                           n=    1 err=   0 errRate=  0.00% avg=   53.68 min=   53.68 max=   53.68 p50=   53.68 p95=   53.68 p99=   53.68 rps=   0.10
window 30s
  calc.additional.maxViewersSummary             n=  477 err=   0 errRate=  0.00% avg=   17.45 min=   13.03 max=   78.46 p50=   14.03 p95=   23.37 p99=   71.24 rps=  15.90
  controller.AnalyticsController.maxViewersSummary n=  477 err=   0 errRate=  0.00% avg=   17.63 min=   13.13 max=   78.85 p50=   14.23 p95=   24.08 p99=   71.41 rps=  15.90
  s2s.crud.fetchAllTickets                      n=  477 err=   0 errRate=  0.00% avg=   17.29 min=   12.99 max=   78.39 p50=   13.96 p95=   23.20 p99=   71.20 rps=  15.90
  s2s.crud.fetchFilms                           n=    1 err=   0 errRate=  0.00% avg=   53.68 min=   53.68 max=   53.68 p50=   53.68 p95=   53.68 p99=   53.68 rps=   0.03
window 1m
  calc.additional.maxViewersSummary             n= 4008 err=   0 errRate=  0.00% avg=   31.39 min=   12.66 max=  373.49 p50=   14.13 p95=  107.76 p99=  168.06 rps=  66.80
  controller.AnalyticsController.maxViewersSummary n= 4008 err=   0 errRate=  0.00% avg=   31.55 min=   12.74 max=  373.74 p50=   14.30 p95=  107.97 p99=  168.15 rps=  66.80
  s2s.crud.fetchAllTickets                      n= 4008 err=   0 errRate=  0.00% avg=   31.27 min=   12.63 max=  373.45 p50=   14.09 p95=  107.52 p99=  166.05 rps=  66.80
  s2s.crud.fetchFilms                           n=    2 err=   0 errRate=  0.00% avg=   90.77 min=   53.68 max=  127.86 p50=   90.77 p95=  124.15 p99=  127.12 rps=   0.03

2026-05-06T20:45:55.344Z  INFO 1 --- [lab8-additional-service] [   scheduling-1] r.h.l.a.o.ObservabilityService           : [lab8-additional-service] observability refresh
window 10s
  calc.additional.maxViewersSummary             n=  167 err=   0 errRate=  0.00% avg=   18.71 min=   13.03 max=   76.30 p50=   14.33 p95=   24.12 p99=   72.22 rps=  16.70
  controller.AnalyticsController.maxViewersSummary n=  167 err=   0 errRate=  0.00% avg=   18.89 min=   13.13 max=   76.59 p50=   14.50 p95=   24.87 p99=   72.41 rps=  16.70
  s2s.crud.fetchAllTickets                      n=  167 err=   0 errRate=  0.00% avg=   18.33 min=   13.00 max=   76.24 p50=   14.28 p95=   23.55 p99=   72.18 rps=  16.70
  s2s.crud.fetchFilms                           n=    1 err=   0 errRate=  0.00% avg=   53.68 min=   53.68 max=   53.68 p50=   53.68 p95=   53.68 p99=   53.68 rps=   0.10
window 30s
  calc.additional.maxViewersSummary             n=  480 err=   0 errRate=  0.00% avg=   17.64 min=   13.03 max=   78.46 p50=   14.05 p95=   24.15 p99=   71.97 rps=  16.00
  controller.AnalyticsController.maxViewersSummary n=  480 err=   0 errRate=  0.00% avg=   17.82 min=   13.13 max=   78.85 p50=   14.25 p95=   24.64 p99=   72.17 rps=  16.00
  s2s.crud.fetchAllTickets                      n=  480 err=   0 errRate=  0.00% avg=   17.47 min=   12.99 max=   78.39 p50=   14.01 p95=   23.72 p99=   71.92 rps=  16.00
  s2s.crud.fetchFilms                           n=    1 err=   0 errRate=  0.00% avg=   53.68 min=   53.68 max=   53.68 p50=   53.68 p95=   53.68 p99=   53.68 rps=   0.03
window 1m
  calc.additional.maxViewersSummary             n= 3810 err=   0 errRate=  0.00% avg=   32.34 min=   12.66 max=  373.49 p50=   14.22 p95=  109.01 p99=  168.59 rps=  63.50
  controller.AnalyticsController.maxViewersSummary n= 3810 err=   0 errRate=  0.00% avg=   32.51 min=   12.74 max=  373.74 p50=   14.40 p95=  109.23 p99=  168.74 rps=  63.50
  s2s.crud.fetchAllTickets                      n= 3810 err=   0 errRate=  0.00% avg=   32.21 min=   12.63 max=  373.45 p50=   14.18 p95=  108.74 p99=  167.99 rps=  63.50
  s2s.crud.fetchFilms                           n=    2 err=   0 errRate=  0.00% avg=   90.77 min=   53.68 max=  127.86 p50=   90.77 p95=  124.15 p99=  127.12 rps=   0.03

2026-05-06T20:45:56.347Z  INFO 1 --- [lab8-additional-service] [   scheduling-1] r.h.l.a.o.ObservabilityService           : [lab8-additional-service] observability refresh
window 10s
  calc.additional.maxViewersSummary             n=  161 err=   0 errRate=  0.00% avg=   18.77 min=   12.94 max=   76.30 p50=   14.32 p95=   24.27 p99=   72.34 rps=  16.10
  controller.AnalyticsController.maxViewersSummary n=  161 err=   0 errRate=  0.00% avg=   18.95 min=   13.03 max=   76.59 p50=   14.47 p95=   24.92 p99=   72.52 rps=  16.10
  s2s.crud.fetchAllTickets                      n=  161 err=   0 errRate=  0.00% avg=   18.38 min=   12.90 max=   76.24 p50=   14.27 p95=   23.70 p99=   72.30 rps=  16.10
  s2s.crud.fetchFilms                           n=    1 err=   0 errRate=  0.00% avg=   53.68 min=   53.68 max=   53.68 p50=   53.68 p95=   53.68 p99=   53.68 rps=   0.10
window 30s
  calc.additional.maxViewersSummary             n=  473 err=   0 errRate=  0.00% avg=   17.70 min=   12.94 max=   78.46 p50=   14.07 p95=   24.20 p99=   72.10 rps=  15.77
  controller.AnalyticsController.maxViewersSummary n=  473 err=   0 errRate=  0.00% avg=   17.88 min=   13.03 max=   78.85 p50=   14.26 p95=   24.68 p99=   72.30 rps=  15.77
  s2s.crud.fetchAllTickets                      n=  473 err=   0 errRate=  0.00% avg=   17.54 min=   12.90 max=   78.39 p50=   14.03 p95=   23.86 p99=   72.06 rps=  15.77
  s2s.crud.fetchFilms                           n=    1 err=   0 errRate=  0.00% avg=   53.68 min=   53.68 max=   53.68 p50=   53.68 p95=   53.68 p99=   53.68 rps=   0.03
window 1m
  calc.additional.maxViewersSummary             n= 3648 err=   0 errRate=  0.00% avg=   33.17 min=   12.73 max=  373.49 p50=   14.34 p95=  110.61 p99=  174.89 rps=  60.80
  controller.AnalyticsController.maxViewersSummary n= 3648 err=   0 errRate=  0.00% avg=   33.35 min=   12.80 max=  373.74 p50=   14.51 p95=  110.88 p99=  175.30 rps=  60.80
  s2s.crud.fetchAllTickets                      n= 3648 err=   0 errRate=  0.00% avg=   33.04 min=   12.69 max=  373.45 p50=   14.29 p95=  109.94 p99=  168.42 rps=  60.80
  s2s.crud.fetchFilms                           n=    2 err=   0 errRate=  0.00% avg=   90.77 min=   53.68 max=  127.86 p50=   90.77 p95=  124.15 p99=  127.12 rps=   0.03

2026-05-06T20:45:57.349Z  INFO 1 --- [lab8-additional-service] [   scheduling-1] r.h.l.a.o.ObservabilityService           : [lab8-additional-service] observability refresh
window 10s
  calc.additional.maxViewersSummary             n=  161 err=   0 errRate=  0.00% avg=   18.80 min=   12.94 max=   76.30 p50=   14.32 p95=   24.27 p99=   72.34 rps=  16.10
  controller.AnalyticsController.maxViewersSummary n=  161 err=   0 errRate=  0.00% avg=   18.98 min=   13.03 max=   76.59 p50=   14.47 p95=   24.92 p99=   72.52 rps=  16.10
  s2s.crud.fetchAllTickets                      n=  161 err=   0 errRate=  0.00% avg=   18.42 min=   12.90 max=   76.24 p50=   14.27 p95=   23.70 p99=   72.30 rps=  16.10
  s2s.crud.fetchFilms                           n=    1 err=   0 errRate=  0.00% avg=   53.68 min=   53.68 max=   53.68 p50=   53.68 p95=   53.68 p99=   53.68 rps=   0.10
window 30s
  calc.additional.maxViewersSummary             n=  470 err=   0 errRate=  0.00% avg=   17.73 min=   12.94 max=   78.46 p50=   14.03 p95=   24.22 p99=   72.16 rps=  15.67
  controller.AnalyticsController.maxViewersSummary n=  470 err=   0 errRate=  0.00% avg=   17.92 min=   13.03 max=   78.85 p50=   14.26 p95=   24.70 p99=   72.36 rps=  15.67
  s2s.crud.fetchAllTickets                      n=  470 err=   0 errRate=  0.00% avg=   17.57 min=   12.90 max=   78.39 p50=   13.97 p95=   23.92 p99=   72.12 rps=  15.67
  s2s.crud.fetchFilms                           n=    1 err=   0 errRate=  0.00% avg=   53.68 min=   53.68 max=   53.68 p50=   53.68 p95=   53.68 p99=   53.68 rps=   0.03
window 1m
  calc.additional.maxViewersSummary             n= 3471 err=   0 errRate=  0.00% avg=   34.18 min=   12.79 max=  373.49 p50=   14.51 p95=  112.94 p99=  177.49 rps=  57.85
  controller.AnalyticsController.maxViewersSummary n= 3471 err=   0 errRate=  0.00% avg=   34.35 min=   12.93 max=  373.74 p50=   14.73 p95=  113.12 p99=  177.64 rps=  57.85
  s2s.crud.fetchAllTickets                      n= 3471 err=   0 errRate=  0.00% avg=   34.04 min=   12.75 max=  373.45 p50=   14.47 p95=  112.37 p99=  174.21 rps=  57.85
  s2s.crud.fetchFilms                           n=    2 err=   0 errRate=  0.00% avg=   90.77 min=   53.68 max=  127.86 p50=   90.77 p95=  124.15 p99=  127.12 rps=   0.03

2026-05-06T20:45:58.295Z  INFO 1 --- [lab8-additional-service] [   scheduling-1] r.h.l.a.service.FilmCacheService         : film-cache stats: size=310 ttlMs=30000 lastRefreshAtMs=1778100350480 hits=22929 misses=8 refreshes=8
2026-05-06T20:45:58.351Z  INFO 1 --- [lab8-additional-service] [   scheduling-1] r.h.l.a.o.ObservabilityService           : [lab8-additional-service] observability refresh
window 10s
  calc.additional.maxViewersSummary             n=  162 err=   0 errRate=  0.00% avg=   18.55 min=   12.94 max=   76.30 p50=   13.97 p95=   24.23 p99=   72.32 rps=  16.20
  controller.AnalyticsController.maxViewersSummary n=  162 err=   0 errRate=  0.00% avg=   18.72 min=   13.03 max=   76.59 p50=   14.15 p95=   24.91 p99=   72.51 rps=  16.20
  s2s.crud.fetchAllTickets                      n=  162 err=   0 errRate=  0.00% avg=   18.16 min=   12.90 max=   76.24 p50=   13.92 p95=   23.37 p99=   72.28 rps=  16.20
  s2s.crud.fetchFilms                           n=    1 err=   0 errRate=  0.00% avg=   53.68 min=   53.68 max=   53.68 p50=   53.68 p95=   53.68 p99=   53.68 rps=   0.10
window 30s
  calc.additional.maxViewersSummary             n=  480 err=   0 errRate=  0.00% avg=   17.58 min=   12.94 max=   78.46 p50=   13.99 p95=   23.77 p99=   71.97 rps=  16.00
  controller.AnalyticsController.maxViewersSummary n=  480 err=   0 errRate=  0.00% avg=   17.76 min=   13.03 max=   78.85 p50=   14.22 p95=   24.35 p99=   72.17 rps=  16.00
  s2s.crud.fetchAllTickets                      n=  480 err=   0 errRate=  0.00% avg=   17.42 min=   12.90 max=   78.39 p50=   13.93 p95=   23.39 p99=   71.92 rps=  16.00
  s2s.crud.fetchFilms                           n=    1 err=   0 errRate=  0.00% avg=   53.68 min=   53.68 max=   53.68 p50=   53.68 p95=   53.68 p99=   53.68 rps=   0.03
window 1m
  calc.additional.maxViewersSummary             n= 3431 err=   0 errRate=  0.00% avg=   32.07 min=   12.79 max=  257.17 p50=   14.42 p95=  107.70 p99=  151.36 rps=  57.18
  controller.AnalyticsController.maxViewersSummary n= 3431 err=   0 errRate=  0.00% avg=   32.24 min=   12.93 max=  257.28 p50=   14.60 p95=  107.86 p99=  151.54 rps=  57.18
  s2s.crud.fetchAllTickets                      n= 3431 err=   0 errRate=  0.00% avg=   31.93 min=   12.75 max=  257.12 p50=   14.38 p95=  107.40 p99=  146.70 rps=  57.18
  s2s.crud.fetchFilms                           n=    2 err=   0 errRate=  0.00% avg=   90.77 min=   53.68 max=  127.86 p50=   90.77 p95=  124.15 p99=  127.12 rps=   0.03

2026-05-06T20:45:59.354Z  INFO 1 --- [lab8-additional-service] [   scheduling-1] r.h.l.a.o.ObservabilityService           : [lab8-additional-service] observability refresh
window 10s
  calc.additional.maxViewersSummary             n=  154 err=   0 errRate=  0.00% avg=   18.74 min=   12.94 max=   76.30 p50=   14.00 p95=   38.15 p99=   72.48 rps=  15.40
  controller.AnalyticsController.maxViewersSummary n=  154 err=   0 errRate=  0.00% avg=   18.92 min=   13.03 max=   76.59 p50=   14.18 p95=   38.73 p99=   72.65 rps=  15.40
  s2s.crud.fetchAllTickets                      n=  154 err=   0 errRate=  0.00% avg=   18.34 min=   12.90 max=   76.24 p50=   13.94 p95=   23.67 p99=   72.43 rps=  15.40
  s2s.crud.fetchFilms                           n=    1 err=   0 errRate=  0.00% avg=   53.68 min=   53.68 max=   53.68 p50=   53.68 p95=   53.68 p99=   53.68 rps=   0.10
window 30s
  calc.additional.maxViewersSummary             n=  477 err=   0 errRate=  0.00% avg=   17.55 min=   12.94 max=   78.46 p50=   13.99 p95=   23.30 p99=   72.02 rps=  15.90
  controller.AnalyticsController.maxViewersSummary n=  477 err=   0 errRate=  0.00% avg=   17.73 min=   13.03 max=   78.85 p50=   14.21 p95=   23.66 p99=   72.23 rps=  15.90
  s2s.crud.fetchAllTickets                      n=  477 err=   0 errRate=  0.00% avg=   17.38 min=   12.90 max=   78.39 p50=   13.93 p95=   23.20 p99=   71.98 rps=  15.90
  s2s.crud.fetchFilms                           n=    1 err=   0 errRate=  0.00% avg=   53.68 min=   53.68 max=   53.68 p50=   53.68 p95=   53.68 p99=   53.68 rps=   0.03
window 1m
  calc.additional.maxViewersSummary             n= 3408 err=   0 errRate=  0.00% avg=   30.69 min=   12.79 max=  180.89 p50=   14.40 p95=  102.38 p99=  125.27 rps=  56.80
  controller.AnalyticsController.maxViewersSummary n= 3408 err=   0 errRate=  0.00% avg=   30.86 min=   12.93 max=  181.43 p50=   14.55 p95=  102.54 p99=  125.38 rps=  56.80
  s2s.crud.fetchAllTickets                      n= 3408 err=   0 errRate=  0.00% avg=   30.55 min=   12.75 max=  162.81 p50=   14.34 p95=  102.18 p99=  125.14 rps=  56.80
  s2s.crud.fetchFilms                           n=    2 err=   0 errRate=  0.00% avg=   90.77 min=   53.68 max=  127.86 p50=   90.77 p95=  124.15 p99=  127.12 rps=   0.03

2026-05-06T20:46:00.358Z  INFO 1 --- [lab8-additional-service] [   scheduling-1] r.h.l.a.o.ObservabilityService           : [lab8-additional-service] observability refresh
window 10s
  calc.additional.maxViewersSummary             n=  153 err=   0 errRate=  0.00% avg=   19.34 min=   12.94 max=   76.30 p50=   14.69 p95=   60.50 p99=   72.50 rps=  15.30
  controller.AnalyticsController.maxViewersSummary n=  153 err=   0 errRate=  0.00% avg=   19.53 min=   13.03 max=   76.59 p50=   14.93 p95=   61.12 p99=   72.67 rps=  15.30
  s2s.crud.fetchAllTickets                      n=  153 err=   0 errRate=  0.00% avg=   18.94 min=   12.90 max=   76.24 p50=   14.63 p95=   39.18 p99=   72.45 rps=  15.30
  s2s.crud.fetchFilms                           n=    1 err=   0 errRate=  0.00% avg=   53.68 min=   53.68 max=   53.68 p50=   53.68 p95=   53.68 p99=   53.68 rps=   0.10
window 30s
  calc.additional.maxViewersSummary             n=  475 err=   0 errRate=  0.00% avg=   17.72 min=   12.94 max=   78.46 p50=   14.03 p95=   24.18 p99=   72.06 rps=  15.83
  controller.AnalyticsController.maxViewersSummary n=  475 err=   0 errRate=  0.00% avg=   17.90 min=   13.03 max=   78.85 p50=   14.23 p95=   24.67 p99=   72.26 rps=  15.83
  s2s.crud.fetchAllTickets                      n=  475 err=   0 errRate=  0.00% avg=   17.55 min=   12.90 max=   78.39 p50=   13.96 p95=   23.82 p99=   72.02 rps=  15.83
  s2s.crud.fetchFilms                           n=    1 err=   0 errRate=  0.00% avg=   53.68 min=   53.68 max=   53.68 p50=   53.68 p95=   53.68 p99=   53.68 rps=   0.03
window 1m
  calc.additional.maxViewersSummary             n= 3376 err=   0 errRate=  0.00% avg=   29.68 min=   12.79 max=  180.89 p50=   14.36 p95=  101.46 p99=  125.24 rps=  56.27
  controller.AnalyticsController.maxViewersSummary n= 3376 err=   0 errRate=  0.00% avg=   29.85 min=   12.93 max=  181.43 p50=   14.52 p95=  101.57 p99=  125.34 rps=  56.27
  s2s.crud.fetchAllTickets                      n= 3376 err=   0 errRate=  0.00% avg=   29.54 min=   12.75 max=  162.81 p50=   14.31 p95=  101.00 p99=  125.00 rps=  56.27
  s2s.crud.fetchFilms                           n=    2 err=   0 errRate=  0.00% avg=   90.77 min=   53.68 max=  127.86 p50=   90.77 p95=  124.15 p99=  127.12 rps=   0.03

2026-05-06T20:46:01.360Z  INFO 1 --- [lab8-additional-service] [   scheduling-1] r.h.l.a.o.ObservabilityService           : [lab8-additional-service] observability refresh
window 10s
  calc.additional.maxViewersSummary             n=  158 err=   0 errRate=  0.00% avg=   18.92 min=   12.94 max=   76.30 p50=   14.72 p95=   31.31 p99=   72.40 rps=  15.80
  controller.AnalyticsController.maxViewersSummary n=  158 err=   0 errRate=  0.00% avg=   19.11 min=   13.03 max=   76.59 p50=   14.93 p95=   31.54 p99=   72.58 rps=  15.80
  s2s.crud.fetchAllTickets                      n=  158 err=   0 errRate=  0.00% avg=   18.87 min=   12.90 max=   76.24 p50=   14.67 p95=   31.27 p99=   72.36 rps=  15.80
window 30s
  calc.additional.maxViewersSummary             n=  469 err=   0 errRate=  0.00% avg=   17.79 min=   12.94 max=   78.46 p50=   14.14 p95=   24.22 p99=   72.18 rps=  15.63
  controller.AnalyticsController.maxViewersSummary n=  469 err=   0 errRate=  0.00% avg=   17.96 min=   13.03 max=   78.85 p50=   14.32 p95=   24.70 p99=   72.38 rps=  15.63
  s2s.crud.fetchAllTickets                      n=  469 err=   0 errRate=  0.00% avg=   17.62 min=   12.90 max=   78.39 p50=   14.08 p95=   23.94 p99=   72.14 rps=  15.63
  s2s.crud.fetchFilms                           n=    1 err=   0 errRate=  0.00% avg=   53.68 min=   53.68 max=   53.68 p50=   53.68 p95=   53.68 p99=   53.68 rps=   0.03
window 1m
  calc.additional.maxViewersSummary             n= 3323 err=   0 errRate=  0.00% avg=   28.27 min=   12.79 max=  180.89 p50=   14.29 p95=  100.82 p99=  125.22 rps=  55.38
  controller.AnalyticsController.maxViewersSummary n= 3323 err=   0 errRate=  0.00% avg=   28.44 min=   12.93 max=  181.43 p50=   14.47 p95=  100.92 p99=  125.31 rps=  55.38
  s2s.crud.fetchAllTickets                      n= 3323 err=   0 errRate=  0.00% avg=   28.13 min=   12.75 max=  162.81 p50=   14.24 p95=  100.40 p99=  124.90 rps=  55.38
  s2s.crud.fetchFilms                           n=    2 err=   0 errRate=  0.00% avg=   90.77 min=   53.68 max=  127.86 p50=   90.77 p95=  124.15 p99=  127.12 rps=   0.03

2026-05-06T20:46:02.363Z  INFO 1 --- [lab8-additional-service] [   scheduling-1] r.h.l.a.o.ObservabilityService           : [lab8-additional-service] observability refresh
window 10s
  calc.additional.maxViewersSummary             n=  154 err=   0 errRate=  0.00% avg=   18.92 min=   12.94 max=   76.30 p50=   14.59 p95=   37.64 p99=   72.48 rps=  15.40
  controller.AnalyticsController.maxViewersSummary n=  154 err=   0 errRate=  0.00% avg=   19.11 min=   13.03 max=   76.59 p50=   14.70 p95=   37.99 p99=   72.65 rps=  15.40
  s2s.crud.fetchAllTickets                      n=  154 err=   0 errRate=  0.00% avg=   18.87 min=   12.90 max=   76.24 p50=   14.55 p95=   37.60 p99=   72.43 rps=  15.40
window 30s
  calc.additional.maxViewersSummary             n=  457 err=   0 errRate=  0.00% avg=   17.72 min=   12.94 max=   78.46 p50=   14.16 p95=   23.83 p99=   72.42 rps=  15.23
  controller.AnalyticsController.maxViewersSummary n=  457 err=   0 errRate=  0.00% avg=   17.89 min=   13.03 max=   78.85 p50=   14.36 p95=   24.39 p99=   72.60 rps=  15.23
  s2s.crud.fetchAllTickets                      n=  457 err=   0 errRate=  0.00% avg=   17.55 min=   12.90 max=   78.39 p50=   14.11 p95=   23.44 p99=   72.38 rps=  15.23
  s2s.crud.fetchFilms                           n=    1 err=   0 errRate=  0.00% avg=   53.68 min=   53.68 max=   53.68 p50=   53.68 p95=   53.68 p99=   53.68 rps=   0.03
window 1m
  calc.additional.maxViewersSummary             n= 3275 err=   0 errRate=  0.00% avg=   26.90 min=   12.79 max=  180.89 p50=   14.24 p95=   88.95 p99=  124.83 rps=  54.58
  controller.AnalyticsController.maxViewersSummary n= 3275 err=   0 errRate=  0.00% avg=   27.07 min=   12.93 max=  181.43 p50=   14.41 p95=   89.26 p99=  125.03 rps=  54.58
  s2s.crud.fetchAllTickets                      n= 3275 err=   0 errRate=  0.00% avg=   26.76 min=   12.75 max=  162.81 p50=   14.18 p95=   88.33 p99=  124.67 rps=  54.58
  s2s.crud.fetchFilms                           n=    2 err=   0 errRate=  0.00% avg=   90.77 min=   53.68 max=  127.86 p50=   90.77 p95=  124.15 p99=  127.12 rps=   0.03

2026-05-06T20:46:03.365Z  INFO 1 --- [lab8-additional-service] [   scheduling-1] r.h.l.a.o.ObservabilityService           : [lab8-additional-service] observability refresh
window 10s
  calc.additional.maxViewersSummary             n=  156 err=   0 errRate=  0.00% avg=   18.81 min=   12.94 max=   76.30 p50=   14.50 p95=   34.48 p99=   72.44 rps=  15.60
  controller.AnalyticsController.maxViewersSummary n=  156 err=   0 errRate=  0.00% avg=   19.00 min=   13.03 max=   76.59 p50=   14.66 p95=   34.77 p99=   72.62 rps=  15.60
  s2s.crud.fetchAllTickets                      n=  156 err=   0 errRate=  0.00% avg=   18.77 min=   12.90 max=   76.24 p50=   14.45 p95=   34.43 p99=   72.40 rps=  15.60
window 30s
  calc.additional.maxViewersSummary             n=  469 err=   0 errRate=  0.00% avg=   17.45 min=   12.94 max=   78.46 p50=   14.10 p95=   23.26 p99=   71.37 rps=  15.63
  controller.AnalyticsController.maxViewersSummary n=  469 err=   0 errRate=  0.00% avg=   17.63 min=   13.03 max=   78.85 p50=   14.25 p95=   23.52 p99=   71.55 rps=  15.63
  s2s.crud.fetchAllTickets                      n=  469 err=   0 errRate=  0.00% avg=   17.29 min=   12.90 max=   78.39 p50=   14.05 p95=   23.00 p99=   71.31 rps=  15.63
  s2s.crud.fetchFilms                           n=    1 err=   0 errRate=  0.00% avg=   53.68 min=   53.68 max=   53.68 p50=   53.68 p95=   53.68 p99=   53.68 rps=   0.03
window 1m
  calc.additional.maxViewersSummary             n= 3246 err=   0 errRate=  0.00% avg=   25.34 min=   12.79 max=  180.89 p50=   14.19 p95=   78.43 p99=  124.18 rps=  54.10
  controller.AnalyticsController.maxViewersSummary n= 3246 err=   0 errRate=  0.00% avg=   25.51 min=   12.93 max=  181.43 p50=   14.36 p95=   78.69 p99=  124.27 rps=  54.10
  s2s.crud.fetchAllTickets                      n= 3246 err=   0 errRate=  0.00% avg=   25.20 min=   12.75 max=  162.81 p50=   14.14 p95=   78.30 p99=  123.53 rps=  54.10
  s2s.crud.fetchFilms                           n=    2 err=   0 errRate=  0.00% avg=   90.77 min=   53.68 max=  127.86 p50=   90.77 p95=  124.15 p99=  127.12 rps=   0.03

2026-05-06T20:46:04.367Z  INFO 1 --- [lab8-additional-service] [   scheduling-1] r.h.l.a.o.ObservabilityService           : [lab8-additional-service] observability refresh
window 10s
  calc.additional.maxViewersSummary             n=  151 err=   0 errRate=  0.00% avg=   17.07 min=   12.94 max=   73.53 p50=   14.13 p95=   21.87 p99=   64.75 rps=  15.10
  controller.AnalyticsController.maxViewersSummary n=  151 err=   0 errRate=  0.00% avg=   17.23 min=   13.03 max=   73.64 p50=   14.34 p95=   22.12 p99=   65.20 rps=  15.10
  s2s.crud.fetchAllTickets                      n=  151 err=   0 errRate=  0.00% avg=   17.02 min=   12.90 max=   73.48 p50=   14.07 p95=   21.83 p99=   64.69 rps=  15.10
window 30s
  calc.additional.maxViewersSummary             n=  479 err=   0 errRate=  0.00% avg=   17.36 min=   12.94 max=   78.46 p50=   14.02 p95=   22.80 p99=   71.34 rps=  15.97
  controller.AnalyticsController.maxViewersSummary n=  479 err=   0 errRate=  0.00% avg=   17.53 min=   13.03 max=   78.85 p50=   14.20 p95=   23.10 p99=   71.52 rps=  15.97
  s2s.crud.fetchAllTickets                      n=  479 err=   0 errRate=  0.00% avg=   17.19 min=   12.90 max=   78.39 p50=   13.95 p95=   22.70 p99=   71.28 rps=  15.97
  s2s.crud.fetchFilms                           n=    1 err=   0 errRate=  0.00% avg=   53.68 min=   53.68 max=   53.68 p50=   53.68 p95=   53.68 p99=   53.68 rps=   0.03
window 1m
  calc.additional.maxViewersSummary             n= 3215 err=   0 errRate=  0.00% avg=   23.78 min=   12.79 max=  180.89 p50=   14.15 p95=   71.43 p99=   97.57 rps=  53.58
  controller.AnalyticsController.maxViewersSummary n= 3215 err=   0 errRate=  0.00% avg=   23.96 min=   12.93 max=  181.43 p50=   14.32 p95=   71.69 p99=   97.77 rps=  53.58
  s2s.crud.fetchAllTickets                      n= 3215 err=   0 errRate=  0.00% avg=   23.64 min=   12.75 max=  139.24 p50=   14.10 p95=   71.16 p99=   97.13 rps=  53.58
  s2s.crud.fetchFilms                           n=    2 err=   0 errRate=  0.00% avg=   90.77 min=   53.68 max=  127.86 p50=   90.77 p95=  124.15 p99=  127.12 rps=   0.03

2026-05-06T20:46:05.369Z  INFO 1 --- [lab8-additional-service] [   scheduling-1] r.h.l.a.o.ObservabilityService           : [lab8-additional-service] observability refresh
window 10s
  calc.additional.maxViewersSummary             n=  158 err=   0 errRate=  0.00% avg=   16.29 min=   12.94 max=   58.21 p50=   13.96 p95=   21.43 p99=   25.47 rps=  15.80
  controller.AnalyticsController.maxViewersSummary n=  158 err=   0 errRate=  0.00% avg=   16.45 min=   13.03 max=   58.95 p50=   14.12 p95=   21.56 p99=   25.62 rps=  15.80
  s2s.crud.fetchAllTickets                      n=  158 err=   0 errRate=  0.00% avg=   16.25 min=   12.90 max=   58.17 p50=   13.91 p95=   21.40 p99=   25.42 rps=  15.80
window 30s
  calc.additional.maxViewersSummary             n=  483 err=   0 errRate=  0.00% avg=   17.30 min=   12.94 max=   78.46 p50=   13.96 p95=   22.75 p99=   71.33 rps=  16.10
  controller.AnalyticsController.maxViewersSummary n=  483 err=   0 errRate=  0.00% avg=   17.47 min=   13.03 max=   78.85 p50=   14.14 p95=   23.04 p99=   71.50 rps=  16.10
  s2s.crud.fetchAllTickets                      n=  483 err=   0 errRate=  0.00% avg=   17.14 min=   12.90 max=   78.39 p50=   13.92 p95=   22.67 p99=   71.27 rps=  16.10
  s2s.crud.fetchFilms                           n=    1 err=   0 errRate=  0.00% avg=   53.68 min=   53.68 max=   53.68 p50=   53.68 p95=   53.68 p99=   53.68 rps=   0.03
window 1m
  calc.additional.maxViewersSummary             n= 3074 err=   0 errRate=  0.00% avg=   23.81 min=   12.86 max=  180.89 p50=   14.20 p95=   70.94 p99=   93.99 rps=  51.23
  controller.AnalyticsController.maxViewersSummary n= 3074 err=   0 errRate=  0.00% avg=   23.99 min=   12.95 max=  181.43 p50=   14.39 p95=   71.22 p99=   94.60 rps=  51.23
  s2s.crud.fetchAllTickets                      n= 3074 err=   0 errRate=  0.00% avg=   23.66 min=   12.82 max=  139.07 p50=   14.15 p95=   70.82 p99=   93.74 rps=  51.23
  s2s.crud.fetchFilms                           n=    2 err=   0 errRate=  0.00% avg=   90.77 min=   53.68 max=  127.86 p50=   90.77 p95=  124.15 p99=  127.12 rps=   0.03

2026-05-06T20:46:06.371Z  INFO 1 --- [lab8-additional-service] [   scheduling-1] r.h.l.a.o.ObservabilityService           : [lab8-additional-service] observability refresh
window 10s
  calc.additional.maxViewersSummary             n=  163 err=   0 errRate=  0.00% avg=   16.72 min=   13.02 max=   69.79 p50=   13.93 p95=   21.92 p99=   56.49 rps=  16.30
  controller.AnalyticsController.maxViewersSummary n=  163 err=   0 errRate=  0.00% avg=   16.88 min=   13.11 max=   70.16 p50=   14.07 p95=   22.14 p99=   57.00 rps=  16.30
  s2s.crud.fetchAllTickets                      n=  163 err=   0 errRate=  0.00% avg=   16.66 min=   12.99 max=   67.52 p50=   13.87 p95=   21.87 p99=   56.44 rps=  16.30
window 30s
  calc.additional.maxViewersSummary             n=  480 err=   0 errRate=  0.00% avg=   17.52 min=   12.94 max=   78.46 p50=   13.99 p95=   23.28 p99=   71.34 rps=  16.00
  controller.AnalyticsController.maxViewersSummary n=  480 err=   0 errRate=  0.00% avg=   17.70 min=   13.03 max=   78.85 p50=   14.17 p95=   23.60 p99=   71.51 rps=  16.00
  s2s.crud.fetchAllTickets                      n=  480 err=   0 errRate=  0.00% avg=   17.36 min=   12.90 max=   78.39 p50=   13.93 p95=   23.20 p99=   71.28 rps=  16.00
  s2s.crud.fetchFilms                           n=    1 err=   0 errRate=  0.00% avg=   53.68 min=   53.68 max=   53.68 p50=   53.68 p95=   53.68 p99=   53.68 rps=   0.03
window 1m
  calc.additional.maxViewersSummary             n= 2892 err=   0 errRate=  0.00% avg=   24.46 min=   12.86 max=  180.89 p50=   14.31 p95=   71.74 p99=   94.45 rps=  48.20
  controller.AnalyticsController.maxViewersSummary n= 2892 err=   0 errRate=  0.00% avg=   24.64 min=   12.95 max=  181.43 p50=   14.48 p95=   71.95 p99=   94.72 rps=  48.20
  s2s.crud.fetchAllTickets                      n= 2892 err=   0 errRate=  0.00% avg=   24.31 min=   12.82 max=  139.07 p50=   14.26 p95=   71.55 p99=   93.88 rps=  48.20
  s2s.crud.fetchFilms                           n=    2 err=   0 errRate=  0.00% avg=   90.77 min=   53.68 max=  127.86 p50=   90.77 p95=  124.15 p99=  127.12 rps=   0.03

2026-05-06T20:46:07.373Z  INFO 1 --- [lab8-additional-service] [   scheduling-1] r.h.l.a.o.ObservabilityService           : [lab8-additional-service] observability refresh
window 10s
  calc.additional.maxViewersSummary             n=  162 err=   0 errRate=  0.00% avg=   16.75 min=   13.02 max=   69.79 p50=   13.94 p95=   21.93 p99=   56.52 rps=  16.20
  controller.AnalyticsController.maxViewersSummary n=  162 err=   0 errRate=  0.00% avg=   16.91 min=   13.11 max=   70.16 p50=   14.11 p95=   22.14 p99=   57.03 rps=  16.20
  s2s.crud.fetchAllTickets                      n=  162 err=   0 errRate=  0.00% avg=   16.69 min=   12.99 max=   67.52 p50=   13.88 p95=   21.88 p99=   56.47 rps=  16.20
window 30s
  calc.additional.maxViewersSummary             n=  477 err=   0 errRate=  0.00% avg=   17.58 min=   12.94 max=   78.46 p50=   14.02 p95=   23.49 p99=   71.34 rps=  15.90
  controller.AnalyticsController.maxViewersSummary n=  477 err=   0 errRate=  0.00% avg=   17.76 min=   13.03 max=   78.85 p50=   14.19 p95=   24.08 p99=   71.52 rps=  15.90
  s2s.crud.fetchAllTickets                      n=  477 err=   0 errRate=  0.00% avg=   17.42 min=   12.90 max=   78.39 p50=   13.95 p95=   23.25 p99=   71.29 rps=  15.90
  s2s.crud.fetchFilms                           n=    1 err=   0 errRate=  0.00% avg=   53.68 min=   53.68 max=   53.68 p50=   53.68 p95=   53.68 p99=   53.68 rps=   0.03
window 1m
  calc.additional.maxViewersSummary             n= 2712 err=   0 errRate=  0.00% avg=   25.18 min=   12.86 max=  180.89 p50=   14.48 p95=   73.58 p99=   94.70 rps=  45.20
  controller.AnalyticsController.maxViewersSummary n= 2712 err=   0 errRate=  0.00% avg=   25.37 min=   12.95 max=  181.43 p50=   14.66 p95=   73.71 p99=   95.18 rps=  45.20
  s2s.crud.fetchAllTickets                      n= 2712 err=   0 errRate=  0.00% avg=   25.02 min=   12.82 max=  139.07 p50=   14.42 p95=   72.91 p99=   94.40 rps=  45.20
  s2s.crud.fetchFilms                           n=    2 err=   0 errRate=  0.00% avg=   90.77 min=   53.68 max=  127.86 p50=   90.77 p95=  124.15 p99=  127.12 rps=   0.03

2026-05-06T20:46:08.295Z  INFO 1 --- [lab8-additional-service] [   scheduling-1] r.h.l.a.service.FilmCacheService         : film-cache stats: size=310 ttlMs=30000 lastRefreshAtMs=1778100350480 hits=23091 misses=8 refreshes=8
2026-05-06T20:46:08.375Z  INFO 1 --- [lab8-additional-service] [   scheduling-1] r.h.l.a.o.ObservabilityService           : [lab8-additional-service] observability refresh
window 10s
  calc.additional.maxViewersSummary             n=  162 err=   0 errRate=  0.00% avg=   16.86 min=   13.02 max=   69.79 p50=   13.95 p95=   21.93 p99=   56.52 rps=  16.20
  controller.AnalyticsController.maxViewersSummary n=  162 err=   0 errRate=  0.00% avg=   17.02 min=   13.11 max=   70.16 p50=   14.11 p95=   22.14 p99=   57.03 rps=  16.20
  s2s.crud.fetchAllTickets                      n=  162 err=   0 errRate=  0.00% avg=   16.80 min=   12.99 max=   67.52 p50=   13.91 p95=   21.88 p99=   56.47 rps=  16.20
window 30s
  calc.additional.maxViewersSummary             n=  484 err=   0 errRate=  0.00% avg=   17.25 min=   12.94 max=   76.30 p50=   13.98 p95=   22.75 p99=   70.08 rps=  16.13
  controller.AnalyticsController.maxViewersSummary n=  484 err=   0 errRate=  0.00% avg=   17.42 min=   13.03 max=   76.59 p50=   14.16 p95=   23.04 p99=   70.35 rps=  16.13
  s2s.crud.fetchAllTickets                      n=  484 err=   0 errRate=  0.00% avg=   17.09 min=   12.90 max=   76.24 p50=   13.92 p95=   22.67 p99=   68.13 rps=  16.13
  s2s.crud.fetchFilms                           n=    1 err=   0 errRate=  0.00% avg=   53.68 min=   53.68 max=   53.68 p50=   53.68 p95=   53.68 p99=   53.68 rps=   0.03
window 1m
  calc.additional.maxViewersSummary             n= 2549 err=   0 errRate=  0.00% avg=   25.21 min=   12.86 max=  180.89 p50=   14.37 p95=   72.78 p99=   96.13 rps=  42.48
  controller.AnalyticsController.maxViewersSummary n= 2549 err=   0 errRate=  0.00% avg=   25.38 min=   12.95 max=  181.43 p50=   14.54 p95=   72.97 p99=   96.31 rps=  42.48
  s2s.crud.fetchAllTickets                      n= 2549 err=   0 errRate=  0.00% avg=   25.04 min=   12.82 max=  139.07 p50=   14.33 p95=   72.18 p99=   94.57 rps=  42.48
  s2s.crud.fetchFilms                           n=    2 err=   0 errRate=  0.00% avg=   90.77 min=   53.68 max=  127.86 p50=   90.77 p95=  124.15 p99=  127.12 rps=   0.03

2026-05-06T20:46:09.377Z  INFO 1 --- [lab8-additional-service] [   scheduling-1] r.h.l.a.o.ObservabilityService           : [lab8-additional-service] observability refresh
window 10s
  calc.additional.maxViewersSummary             n=  173 err=   0 errRate=  0.00% avg=   16.64 min=   13.02 max=   69.79 p50=   13.89 p95=   21.68 p99=   56.21 rps=  17.30
  controller.AnalyticsController.maxViewersSummary n=  173 err=   0 errRate=  0.00% avg=   16.80 min=   13.11 max=   70.16 p50=   14.07 p95=   21.83 p99=   56.68 rps=  17.30
  s2s.crud.fetchAllTickets                      n=  173 err=   0 errRate=  0.00% avg=   16.58 min=   12.99 max=   67.52 p50=   13.83 p95=   21.63 p99=   56.17 rps=  17.30
window 30s
  calc.additional.maxViewersSummary             n=  483 err=   0 errRate=  0.00% avg=   17.26 min=   12.94 max=   76.30 p50=   14.00 p95=   22.75 p99=   70.09 rps=  16.10
  controller.AnalyticsController.maxViewersSummary n=  483 err=   0 errRate=  0.00% avg=   17.43 min=   13.03 max=   76.59 p50=   14.19 p95=   23.04 p99=   70.36 rps=  16.10
  s2s.crud.fetchAllTickets                      n=  483 err=   0 errRate=  0.00% avg=   17.09 min=   12.90 max=   76.24 p50=   13.95 p95=   22.68 p99=   68.17 rps=  16.10
  s2s.crud.fetchFilms                           n=    1 err=   0 errRate=  0.00% avg=   53.68 min=   53.68 max=   53.68 p50=   53.68 p95=   53.68 p99=   53.68 rps=   0.03
window 1m
  calc.additional.maxViewersSummary             n= 2417 err=   0 errRate=  0.00% avg=   24.57 min=   12.86 max=  180.89 p50=   14.20 p95=   70.79 p99=   92.51 rps=  40.28
  controller.AnalyticsController.maxViewersSummary n= 2417 err=   0 errRate=  0.00% avg=   24.74 min=   12.95 max=  181.43 p50=   14.39 p95=   70.92 p99=   92.75 rps=  40.28
  s2s.crud.fetchAllTickets                      n= 2417 err=   0 errRate=  0.00% avg=   24.40 min=   12.82 max=  139.07 p50=   14.15 p95=   70.57 p99=   91.45 rps=  40.28
  s2s.crud.fetchFilms                           n=    2 err=   0 errRate=  0.00% avg=   90.77 min=   53.68 max=  127.86 p50=   90.77 p95=  124.15 p99=  127.12 rps=   0.03

2026-05-06T20:46:10.379Z  INFO 1 --- [lab8-additional-service] [   scheduling-1] r.h.l.a.o.ObservabilityService           : [lab8-additional-service] observability refresh
window 10s
  calc.additional.maxViewersSummary             n=  173 err=   0 errRate=  0.00% avg=   16.21 min=   13.02 max=   69.79 p50=   13.78 p95=   21.25 p99=   34.32 rps=  17.30
  controller.AnalyticsController.maxViewersSummary n=  173 err=   0 errRate=  0.00% avg=   16.36 min=   13.11 max=   70.16 p50=   13.96 p95=   21.39 p99=   34.53 rps=  17.30
  s2s.crud.fetchAllTickets                      n=  173 err=   0 errRate=  0.00% avg=   16.15 min=   12.99 max=   67.52 p50=   13.73 p95=   21.20 p99=   34.27 rps=  17.30
window 30s
  calc.additional.maxViewersSummary             n=  486 err=   0 errRate=  0.00% avg=   17.26 min=   12.94 max=   76.30 p50=   13.99 p95=   22.75 p99=   70.06 rps=  16.20
  controller.AnalyticsController.maxViewersSummary n=  486 err=   0 errRate=  0.00% avg=   17.43 min=   13.03 max=   76.59 p50=   14.17 p95=   23.02 p99=   70.33 rps=  16.20
  s2s.crud.fetchAllTickets                      n=  486 err=   0 errRate=  0.00% avg=   17.09 min=   12.90 max=   76.24 p50=   13.93 p95=   22.66 p99=   68.06 rps=  16.20
  s2s.crud.fetchFilms                           n=    1 err=   0 errRate=  0.00% avg=   53.68 min=   53.68 max=   53.68 p50=   53.68 p95=   53.68 p99=   53.68 rps=   0.03
window 1m
  calc.additional.maxViewersSummary             n= 2248 err=   0 errRate=  0.00% avg=   24.86 min=   12.86 max=  180.89 p50=   14.16 p95=   70.90 p99=   92.86 rps=  37.47
  controller.AnalyticsController.maxViewersSummary n= 2248 err=   0 errRate=  0.00% avg=   25.03 min=   12.95 max=  181.43 p50=   14.32 p95=   71.16 p99=   92.96 rps=  37.47
  s2s.crud.fetchAllTickets                      n= 2248 err=   0 errRate=  0.00% avg=   24.68 min=   12.82 max=  139.07 p50=   14.12 p95=   70.79 p99=   92.31 rps=  37.47
  s2s.crud.fetchFilms                           n=    2 err=   0 errRate=  0.00% avg=   90.77 min=   53.68 max=  127.86 p50=   90.77 p95=  124.15 p99=  127.12 rps=   0.03

2026-05-06T20:46:11.382Z  INFO 1 --- [lab8-additional-service] [   scheduling-1] r.h.l.a.o.ObservabilityService           : [lab8-additional-service] observability refresh
window 10s
  calc.additional.maxViewersSummary             n=  180 err=   0 errRate=  0.00% avg=   16.13 min=   13.02 max=   69.79 p50=   13.76 p95=   21.12 p99=   32.26 rps=  18.00
  controller.AnalyticsController.maxViewersSummary n=  180 err=   0 errRate=  0.00% avg=   16.28 min=   13.11 max=   70.16 p50=   13.92 p95=   21.28 p99=   32.46 rps=  18.00
  s2s.crud.fetchAllTickets                      n=  180 err=   0 errRate=  0.00% avg=   16.07 min=   12.99 max=   67.52 p50=   13.71 p95=   21.06 p99=   32.21 rps=  18.00
window 30s
  calc.additional.maxViewersSummary             n=  488 err=   0 errRate=  0.00% avg=   17.22 min=   12.94 max=   76.30 p50=   13.96 p95=   22.69 p99=   70.03 rps=  16.27
  controller.AnalyticsController.maxViewersSummary n=  488 err=   0 errRate=  0.00% avg=   17.39 min=   13.03 max=   76.59 p50=   14.15 p95=   22.88 p99=   70.30 rps=  16.27
  s2s.crud.fetchAllTickets                      n=  488 err=   0 errRate=  0.00% avg=   17.06 min=   12.90 max=   76.24 p50=   13.92 p95=   22.48 p99=   67.99 rps=  16.27
  s2s.crud.fetchFilms                           n=    1 err=   0 errRate=  0.00% avg=   53.68 min=   53.68 max=   53.68 p50=   53.68 p95=   53.68 p99=   53.68 rps=   0.03
window 1m
  calc.additional.maxViewersSummary             n= 2062 err=   0 errRate=  0.00% avg=   25.89 min=   12.90 max=  180.89 p50=   14.40 p95=   71.80 p99=   93.63 rps=  34.37
  controller.AnalyticsController.maxViewersSummary n= 2062 err=   0 errRate=  0.00% avg=   26.07 min=   13.00 max=  181.43 p50=   14.56 p95=   71.97 p99=   94.01 rps=  34.37
  s2s.crud.fetchAllTickets                      n= 2062 err=   0 errRate=  0.00% avg=   25.70 min=   12.87 max=  139.07 p50=   14.34 p95=   71.51 p99=   92.81 rps=  34.37
  s2s.crud.fetchFilms                           n=    2 err=   0 errRate=  0.00% avg=   90.77 min=   53.68 max=  127.86 p50=   90.77 p95=  124.15 p99=  127.12 rps=   0.03

2026-05-06T20:46:12.384Z  INFO 1 --- [lab8-additional-service] [   scheduling-1] r.h.l.a.o.ObservabilityService           : [lab8-additional-service] observability refresh
window 10s
  calc.additional.maxViewersSummary             n=  194 err=   0 errRate=  0.00% avg=   15.91 min=   12.94 max=   69.79 p50=   13.73 p95=   21.04 p99=   28.16 rps=  19.40
  controller.AnalyticsController.maxViewersSummary n=  194 err=   0 errRate=  0.00% avg=   16.07 min=   13.03 max=   70.16 p50=   13.88 p95=   21.16 p99=   28.32 rps=  19.40
  s2s.crud.fetchAllTickets                      n=  194 err=   0 errRate=  0.00% avg=   15.85 min=   12.90 max=   67.52 p50=   13.69 p95=   20.99 p99=   28.11 rps=  19.40
window 30s
  calc.additional.maxViewersSummary             n=  497 err=   0 errRate=  0.00% avg=   17.11 min=   12.94 max=   76.30 p50=   13.95 p95=   22.45 p99=   69.92 rps=  16.57
  controller.AnalyticsController.maxViewersSummary n=  497 err=   0 errRate=  0.00% avg=   17.28 min=   13.03 max=   76.59 p50=   14.13 p95=   22.73 p99=   70.20 rps=  16.57
  s2s.crud.fetchAllTickets                      n=  497 err=   0 errRate=  0.00% avg=   16.95 min=   12.90 max=   76.24 p50=   13.90 p95=   22.16 p99=   67.67 rps=  16.57
  s2s.crud.fetchFilms                           n=    1 err=   0 errRate=  0.00% avg=   53.68 min=   53.68 max=   53.68 p50=   53.68 p95=   53.68 p99=   53.68 rps=   0.03
window 1m
  calc.additional.maxViewersSummary             n= 1896 err=   0 errRate=  0.00% avg=   26.98 min=   12.90 max=  180.89 p50=   14.98 p95=   74.51 p99=   94.50 rps=  31.60
  controller.AnalyticsController.maxViewersSummary n= 1896 err=   0 errRate=  0.00% avg=   27.16 min=   13.00 max=  181.43 p50=   15.21 p95=   74.66 p99=   95.23 rps=  31.60
  s2s.crud.fetchAllTickets                      n= 1896 err=   0 errRate=  0.00% avg=   26.77 min=   12.87 max=  139.07 p50=   14.92 p95=   74.21 p99=   93.49 rps=  31.60
  s2s.crud.fetchFilms                           n=    2 err=   0 errRate=  0.00% avg=   90.77 min=   53.68 max=  127.86 p50=   90.77 p95=  124.15 p99=  127.12 rps=   0.03

2026-05-06T20:46:13.385Z  INFO 1 --- [lab8-additional-service] [   scheduling-1] r.h.l.a.o.ObservabilityService           : [lab8-additional-service] observability refresh
window 10s
  calc.additional.maxViewersSummary             n=  180 err=   0 errRate=  0.00% avg=   16.34 min=   12.94 max=   69.79 p50=   13.77 p95=   21.55 p99=   42.12 rps=  18.00
  controller.AnalyticsController.maxViewersSummary n=  180 err=   0 errRate=  0.00% avg=   16.50 min=   13.03 max=   70.16 p50=   13.94 p95=   21.67 p99=   42.31 rps=  18.00
  s2s.crud.fetchAllTickets                      n=  180 err=   0 errRate=  0.00% avg=   16.28 min=   12.90 max=   67.52 p50=   13.71 p95=   21.49 p99=   42.08 rps=  18.00
window 30s
  calc.additional.maxViewersSummary             n=  494 err=   0 errRate=  0.00% avg=   17.24 min=   12.94 max=   76.30 p50=   13.96 p95=   23.31 p99=   69.96 rps=  16.47
  controller.AnalyticsController.maxViewersSummary n=  494 err=   0 errRate=  0.00% avg=   17.41 min=   13.03 max=   76.59 p50=   14.13 p95=   23.56 p99=   70.24 rps=  16.47
  s2s.crud.fetchAllTickets                      n=  494 err=   0 errRate=  0.00% avg=   17.08 min=   12.90 max=   76.24 p50=   13.91 p95=   22.88 p99=   67.77 rps=  16.47
  s2s.crud.fetchFilms                           n=    1 err=   0 errRate=  0.00% avg=   53.68 min=   53.68 max=   53.68 p50=   53.68 p95=   53.68 p99=   53.68 rps=   0.03
window 1m
  calc.additional.maxViewersSummary             n= 1685 err=   0 errRate=  0.00% avg=   28.68 min=   12.90 max=  180.89 p50=   17.56 p95=   76.67 p99=   97.06 rps=  28.08
  controller.AnalyticsController.maxViewersSummary n= 1686 err=   0 errRate=  0.00% avg=   28.85 min=   13.00 max=  181.43 p50=   17.88 p95=   76.95 p99=   97.31 rps=  28.10
  s2s.crud.fetchAllTickets                      n= 1685 err=   0 errRate=  0.00% avg=   28.45 min=   12.87 max=  139.07 p50=   17.43 p95=   76.36 p99=   94.54 rps=  28.08
  s2s.crud.fetchFilms                           n=    2 err=   0 errRate=  0.00% avg=   90.77 min=   53.68 max=  127.86 p50=   90.77 p95=  124.15 p99=  127.12 rps=   0.03

2026-05-06T20:46:14.387Z  INFO 1 --- [lab8-additional-service] [   scheduling-1] r.h.l.a.o.ObservabilityService           : [lab8-additional-service] observability refresh
window 10s
  calc.additional.maxViewersSummary             n=  187 err=   0 errRate=  0.00% avg=   17.07 min=   12.94 max=   69.79 p50=   13.85 p95=   29.66 p99=   50.29 rps=  18.70
  controller.AnalyticsController.maxViewersSummary n=  187 err=   0 errRate=  0.00% avg=   17.23 min=   13.03 max=   70.16 p50=   14.02 p95=   29.80 p99=   50.44 rps=  18.70
  s2s.crud.fetchAllTickets                      n=  187 err=   0 errRate=  0.00% avg=   17.01 min=   12.90 max=   67.52 p50=   13.81 p95=   29.62 p99=   50.24 rps=  18.70
window 30s
  calc.additional.maxViewersSummary             n=  505 err=   0 errRate=  0.00% avg=   17.38 min=   12.94 max=   76.30 p50=   13.99 p95=   24.17 p99=   69.86 rps=  16.83
  controller.AnalyticsController.maxViewersSummary n=  505 err=   0 errRate=  0.00% avg=   17.55 min=   13.03 max=   76.59 p50=   14.17 p95=   24.78 p99=   70.15 rps=  16.83
  s2s.crud.fetchAllTickets                      n=  505 err=   0 errRate=  0.00% avg=   17.22 min=   12.90 max=   76.24 p50=   13.93 p95=   23.64 p99=   67.39 rps=  16.83
  s2s.crud.fetchFilms                           n=    1 err=   0 errRate=  0.00% avg=   53.68 min=   53.68 max=   53.68 p50=   53.68 p95=   53.68 p99=   53.68 rps=   0.03
window 1m
  calc.additional.maxViewersSummary             n= 1551 err=   0 errRate=  0.00% avg=   28.03 min=   12.90 max=  180.89 p50=   16.24 p95=   72.06 p99=   92.45 rps=  25.85
  controller.AnalyticsController.maxViewersSummary n= 1551 err=   0 errRate=  0.00% avg=   28.21 min=   13.00 max=  181.43 p50=   16.38 p95=   72.18 p99=   92.57 rps=  25.85
  s2s.crud.fetchAllTickets                      n= 1551 err=   0 errRate=  0.00% avg=   27.79 min=   12.87 max=  139.07 p50=   16.14 p95=   71.68 p99=   88.77 rps=  25.85
  s2s.crud.fetchFilms                           n=    2 err=   0 errRate=  0.00% avg=   90.77 min=   53.68 max=  127.86 p50=   90.77 p95=  124.15 p99=  127.12 rps=   0.03

2026-05-06T20:46:15.389Z  INFO 1 --- [lab8-additional-service] [   scheduling-1] r.h.l.a.o.ObservabilityService           : [lab8-additional-service] observability refresh
window 10s
  calc.additional.maxViewersSummary             n=  189 err=   0 errRate=  0.00% avg=   17.16 min=   12.94 max=   69.79 p50=   13.96 p95=   29.66 p99=   50.17 rps=  18.90
  controller.AnalyticsController.maxViewersSummary n=  189 err=   0 errRate=  0.00% avg=   17.33 min=   13.03 max=   70.16 p50=   14.17 p95=   29.80 p99=   50.32 rps=  18.90
  s2s.crud.fetchAllTickets                      n=  189 err=   0 errRate=  0.00% avg=   17.10 min=   12.90 max=   67.52 p50=   13.90 p95=   29.62 p99=   50.12 rps=  18.90
window 30s
  calc.additional.maxViewersSummary             n=  514 err=   0 errRate=  0.00% avg=   17.40 min=   12.94 max=   76.30 p50=   14.03 p95=   23.94 p99=   69.86 rps=  17.13
  controller.AnalyticsController.maxViewersSummary n=  514 err=   0 errRate=  0.00% avg=   17.57 min=   13.03 max=   76.59 p50=   14.22 p95=   24.76 p99=   70.14 rps=  17.13
  s2s.crud.fetchAllTickets                      n=  514 err=   0 errRate=  0.00% avg=   17.24 min=   12.90 max=   76.24 p50=   13.95 p95=   23.50 p99=   67.10 rps=  17.13
  s2s.crud.fetchFilms                           n=    1 err=   0 errRate=  0.00% avg=   53.68 min=   53.68 max=   53.68 p50=   53.68 p95=   53.68 p99=   53.68 rps=   0.03
window 1m
  calc.additional.maxViewersSummary             n= 1363 err=   0 errRate=  0.00% avg=   29.97 min=   12.94 max=  180.89 p50=   19.78 p95=   75.13 p99=   94.53 rps=  22.72
  controller.AnalyticsController.maxViewersSummary n= 1363 err=   0 errRate=  0.00% avg=   30.15 min=   13.03 max=  181.43 p50=   19.93 p95=   75.33 p99=   94.63 rps=  22.72
  s2s.crud.fetchAllTickets                      n= 1363 err=   0 errRate=  0.00% avg=   29.70 min=   12.90 max=  139.07 p50=   19.72 p95=   74.48 p99=   92.33 rps=  22.72
  s2s.crud.fetchFilms                           n=    2 err=   0 errRate=  0.00% avg=   90.77 min=   53.68 max=  127.86 p50=   90.77 p95=  124.15 p99=  127.12 rps=   0.03

2026-05-06T20:46:16.390Z  INFO 1 --- [lab8-additional-service] [   scheduling-1] r.h.l.a.o.ObservabilityService           : [lab8-additional-service] observability refresh
window 10s
  calc.additional.maxViewersSummary             n=  193 err=   0 errRate=  0.00% avg=   17.00 min=   12.94 max=   49.45 p50=   14.02 p95=   29.66 p99=   42.93 rps=  19.30
  controller.AnalyticsController.maxViewersSummary n=  193 err=   0 errRate=  0.00% avg=   17.16 min=   13.03 max=   49.57 p50=   14.22 p95=   29.78 p99=   43.05 rps=  19.30
  s2s.crud.fetchAllTickets                      n=  193 err=   0 errRate=  0.00% avg=   16.94 min=   12.90 max=   49.40 p50=   13.95 p95=   29.62 p99=   42.88 rps=  19.30
window 30s
  calc.additional.maxViewersSummary             n=  517 err=   0 errRate=  0.00% avg=   17.46 min=   12.94 max=   76.30 p50=   14.04 p95=   25.42 p99=   69.85 rps=  17.23
  controller.AnalyticsController.maxViewersSummary n=  517 err=   0 errRate=  0.00% avg=   17.63 min=   13.03 max=   76.59 p50=   14.21 p95=   25.53 p99=   70.14 rps=  17.23
  s2s.crud.fetchAllTickets                      n=  517 err=   0 errRate=  0.00% avg=   17.30 min=   12.90 max=   76.24 p50=   13.95 p95=   24.73 p99=   67.01 rps=  17.23
  s2s.crud.fetchFilms                           n=    1 err=   0 errRate=  0.00% avg=   53.68 min=   53.68 max=   53.68 p50=   53.68 p95=   53.68 p99=   53.68 rps=   0.03
window 1m
  calc.additional.maxViewersSummary             n= 1239 err=   0 errRate=  0.00% avg=   29.56 min=   12.94 max=  180.89 p50=   19.67 p95=   76.20 p99=   92.87 rps=  20.65
  controller.AnalyticsController.maxViewersSummary n= 1239 err=   0 errRate=  0.00% avg=   29.74 min=   13.03 max=  181.43 p50=   19.81 p95=   76.31 p99=   92.97 rps=  20.65
  s2s.crud.fetchAllTickets                      n= 1239 err=   0 errRate=  0.00% avg=   29.27 min=   12.90 max=  113.78 p50=   19.62 p95=   75.55 p99=   91.61 rps=  20.65
  s2s.crud.fetchFilms                           n=    2 err=   0 errRate=  0.00% avg=   90.77 min=   53.68 max=  127.86 p50=   90.77 p95=  124.15 p99=  127.12 rps=   0.03

2026-05-06T20:46:17.394Z  INFO 1 --- [lab8-additional-service] [   scheduling-1] r.h.l.a.o.ObservabilityService           : [lab8-additional-service] observability refresh
window 10s
  calc.additional.maxViewersSummary             n=  193 err=   0 errRate=  0.00% avg=   17.61 min=   12.94 max=   70.05 p50=   14.12 p95=   31.83 p99=   49.61 rps=  19.30
  controller.AnalyticsController.maxViewersSummary n=  193 err=   0 errRate=  0.00% avg=   17.78 min=   13.03 max=   70.32 p50=   14.29 p95=   31.99 p99=   49.73 rps=  19.30
  s2s.crud.fetchAllTickets                      n=  193 err=   0 errRate=  0.00% avg=   17.56 min=   12.90 max=   69.99 p50=   14.06 p95=   31.78 p99=   49.56 rps=  19.30
window 30s
  calc.additional.maxViewersSummary             n=  519 err=   0 errRate=  0.00% avg=   17.69 min=   12.94 max=   76.30 p50=   14.07 p95=   27.14 p99=   70.02 rps=  17.30
  controller.AnalyticsController.maxViewersSummary n=  519 err=   0 errRate=  0.00% avg=   17.86 min=   13.03 max=   76.59 p50=   14.24 p95=   27.30 p99=   70.29 rps=  17.30
  s2s.crud.fetchAllTickets                      n=  519 err=   0 errRate=  0.00% avg=   17.53 min=   12.90 max=   76.24 p50=   13.98 p95=   26.55 p99=   69.55 rps=  17.30
  s2s.crud.fetchFilms                           n=    1 err=   0 errRate=  0.00% avg=   53.68 min=   53.68 max=   53.68 p50=   53.68 p95=   53.68 p99=   53.68 rps=   0.03
window 1m
  calc.additional.maxViewersSummary             n= 1159 err=   0 errRate=  0.00% avg=   27.19 min=   12.94 max=  180.89 p50=   16.48 p95=   76.63 p99=   94.70 rps=  19.32
  controller.AnalyticsController.maxViewersSummary n= 1159 err=   0 errRate=  0.00% avg=   27.36 min=   13.03 max=  181.43 p50=   16.63 p95=   76.77 p99=   94.80 rps=  19.32
  s2s.crud.fetchAllTickets                      n= 1159 err=   0 errRate=  0.00% avg=   26.87 min=   12.90 max=  113.78 p50=   16.40 p95=   76.25 p99=   92.35 rps=  19.32
  s2s.crud.fetchFilms                           n=    2 err=   0 errRate=  0.00% avg=   90.77 min=   53.68 max=  127.86 p50=   90.77 p95=  124.15 p99=  127.12 rps=   0.03

2026-05-06T20:46:18.295Z  INFO 1 --- [lab8-additional-service] [   scheduling-1] r.h.l.a.service.FilmCacheService         : film-cache stats: size=310 ttlMs=30000 lastRefreshAtMs=1778100350480 hits=23279 misses=8 refreshes=8
2026-05-06T20:46:18.395Z  INFO 1 --- [lab8-additional-service] [   scheduling-1] r.h.l.a.o.ObservabilityService           : [lab8-additional-service] observability refresh
window 10s
  calc.additional.maxViewersSummary             n=  187 err=   0 errRate=  0.00% avg=   19.22 min=   12.94 max=   87.05 p50=   14.25 p95=   38.23 p99=   69.89 rps=  18.70
  controller.AnalyticsController.maxViewersSummary n=  187 err=   0 errRate=  0.00% avg=   19.39 min=   13.03 max=   87.72 p50=   14.45 p95=   38.36 p99=   70.01 rps=  18.70
  s2s.crud.fetchAllTickets                      n=  187 err=   0 errRate=  0.00% avg=   19.17 min=   12.90 max=   86.99 p50=   14.21 p95=   38.18 p99=   69.85 rps=  18.70
window 30s
  calc.additional.maxViewersSummary             n=  512 err=   0 errRate=  0.00% avg=   18.26 min=   12.94 max=   87.05 p50=   14.09 p95=   31.85 p99=   71.02 rps=  17.07
  controller.AnalyticsController.maxViewersSummary n=  512 err=   0 errRate=  0.00% avg=   18.43 min=   13.03 max=   87.72 p50=   14.27 p95=   32.00 p99=   71.18 rps=  17.07
  s2s.crud.fetchAllTickets                      n=  512 err=   0 errRate=  0.00% avg=   18.10 min=   12.90 max=   86.99 p50=   14.03 p95=   31.20 p99=   70.98 rps=  17.07
  s2s.crud.fetchFilms                           n=    1 err=   0 errRate=  0.00% avg=   53.68 min=   53.68 max=   53.68 p50=   53.68 p95=   53.68 p99=   53.68 rps=   0.03
window 1m
  calc.additional.maxViewersSummary             n= 1092 err=   0 errRate=  0.00% avg=   23.78 min=   12.94 max=  180.89 p50=   14.99 p95=   67.19 p99=   81.01 rps=  18.20
  controller.AnalyticsController.maxViewersSummary n= 1092 err=   0 errRate=  0.00% avg=   23.95 min=   13.03 max=  181.43 p50=   15.22 p95=   67.29 p99=   81.15 rps=  18.20
  s2s.crud.fetchAllTickets                      n= 1092 err=   0 errRate=  0.00% avg=   23.44 min=   12.90 max=   90.90 p50=   14.93 p95=   66.49 p99=   80.09 rps=  18.20
  s2s.crud.fetchFilms                           n=    2 err=   0 errRate=  0.00% avg=   90.77 min=   53.68 max=  127.86 p50=   90.77 p95=  124.15 p99=  127.12 rps=   0.03

2026-05-06T20:46:19.396Z  INFO 1 --- [lab8-additional-service] [   scheduling-1] r.h.l.a.o.ObservabilityService           : [lab8-additional-service] observability refresh
window 10s
  calc.additional.maxViewersSummary             n=  175 err=   0 errRate=  0.00% avg=   19.67 min=   12.94 max=   87.05 p50=   14.36 p95=   39.83 p99=   69.91 rps=  17.50
  controller.AnalyticsController.maxViewersSummary n=  175 err=   0 errRate=  0.00% avg=   19.84 min=   13.03 max=   87.72 p50=   14.60 p95=   39.96 p99=   70.06 rps=  17.50
  s2s.crud.fetchAllTickets                      n=  175 err=   0 errRate=  0.00% avg=   19.61 min=   12.90 max=   86.99 p50=   14.31 p95=   39.78 p99=   69.87 rps=  17.50
window 30s
  calc.additional.maxViewersSummary             n=  502 err=   0 errRate=  0.00% avg=   18.34 min=   12.94 max=   87.05 p50=   14.11 p95=   32.05 p99=   71.13 rps=  16.73
  controller.AnalyticsController.maxViewersSummary n=  502 err=   0 errRate=  0.00% avg=   18.51 min=   13.03 max=   87.72 p50=   14.28 p95=   32.19 p99=   71.28 rps=  16.73
  s2s.crud.fetchAllTickets                      n=  502 err=   0 errRate=  0.00% avg=   18.18 min=   12.90 max=   86.99 p50=   14.04 p95=   31.58 p99=   71.09 rps=  16.73
  s2s.crud.fetchFilms                           n=    1 err=   0 errRate=  0.00% avg=   53.68 min=   53.68 max=   53.68 p50=   53.68 p95=   53.68 p99=   53.68 rps=   0.03
window 1m
  calc.additional.maxViewersSummary             n= 1015 err=   0 errRate=  0.00% avg=   20.32 min=   12.94 max=  180.89 p50=   14.35 p95=   48.47 p99=   70.98 rps=  16.92
  controller.AnalyticsController.maxViewersSummary n= 1015 err=   0 errRate=  0.00% avg=   20.49 min=   13.03 max=  181.43 p50=   14.53 p95=   48.69 p99=   71.15 rps=  16.92
  s2s.crud.fetchAllTickets                      n= 1015 err=   0 errRate=  0.00% avg=   19.96 min=   12.90 max=   86.99 p50=   14.30 p95=   48.33 p99=   69.57 rps=  16.92
  s2s.crud.fetchFilms                           n=    2 err=   0 errRate=  0.00% avg=   90.77 min=   53.68 max=  127.86 p50=   90.77 p95=  124.15 p99=  127.12 rps=   0.03

2026-05-06T20:46:20.397Z  INFO 1 --- [lab8-additional-service] [   scheduling-1] r.h.l.a.o.ObservabilityService           : [lab8-additional-service] observability refresh
window 10s
  calc.additional.maxViewersSummary             n=  174 err=   0 errRate=  0.00% avg=   21.83 min=   12.94 max=  265.20 p50=   15.16 p95=   44.75 p99=   74.64 rps=  17.40
  controller.AnalyticsController.maxViewersSummary n=  174 err=   0 errRate=  0.00% avg=   22.01 min=   13.03 max=  265.32 p50=   15.38 p95=   44.90 p99=   75.02 rps=  17.40
  s2s.crud.fetchAllTickets                      n=  174 err=   0 errRate=  0.00% avg=   21.78 min=   12.90 max=  265.16 p50=   15.11 p95=   44.71 p99=   74.58 rps=  17.40
window 30s
  calc.additional.maxViewersSummary             n=  500 err=   0 errRate=  0.00% avg=   19.12 min=   12.94 max=  265.20 p50=   14.23 p95=   37.02 p99=   71.28 rps=  16.67
  controller.AnalyticsController.maxViewersSummary n=  500 err=   0 errRate=  0.00% avg=   19.30 min=   13.03 max=  265.32 p50=   14.42 p95=   37.15 p99=   71.44 rps=  16.67
  s2s.crud.fetchAllTickets                      n=  500 err=   0 errRate=  0.00% avg=   18.96 min=   12.90 max=  265.16 p50=   14.19 p95=   34.77 p99=   71.22 rps=  16.67
  s2s.crud.fetchFilms                           n=    1 err=   0 errRate=  0.00% avg=   53.68 min=   53.68 max=   53.68 p50=   53.68 p95=   53.68 p99=   53.68 rps=   0.03
window 1m
  calc.additional.maxViewersSummary             n=  960 err=   0 errRate=  0.00% avg=   19.10 min=   12.94 max=  265.20 p50=   14.15 p95=   37.40 p99=   71.39 rps=  16.00
  controller.AnalyticsController.maxViewersSummary n=  960 err=   0 errRate=  0.00% avg=   19.27 min=   13.03 max=  265.32 p50=   14.34 p95=   37.52 p99=   71.58 rps=  16.00
  s2s.crud.fetchAllTickets                      n=  960 err=   0 errRate=  0.00% avg=   18.72 min=   12.90 max=  265.16 p50=   14.10 p95=   37.08 p99=   70.44 rps=  16.00
  s2s.crud.fetchFilms                           n=    2 err=   0 errRate=  0.00% avg=   90.77 min=   53.68 max=  127.86 p50=   90.77 p95=  124.15 p99=  127.12 rps=   0.03

2026-05-06T20:46:21.399Z  INFO 1 --- [lab8-additional-service] [   scheduling-1] r.h.l.a.o.ObservabilityService           : [lab8-additional-service] observability refresh
window 10s
  calc.additional.maxViewersSummary             n=  171 err=   0 errRate=  0.00% avg=   23.19 min=   12.94 max=  265.20 p50=   15.89 p95=   55.55 p99=   89.55 rps=  17.10
  controller.AnalyticsController.maxViewersSummary n=  171 err=   0 errRate=  0.00% avg=   23.38 min=   13.03 max=  265.32 p50=   16.04 p95=   55.71 p99=   90.07 rps=  17.10
  s2s.crud.fetchAllTickets                      n=  171 err=   0 errRate=  0.00% avg=   22.38 min=   12.90 max=  265.16 p50=   15.85 p95=   47.24 p99=   75.09 rps=  17.10
  s2s.crud.fetchFilms                           n=    1 err=   0 errRate=  0.00% avg=   79.10 min=   79.10 max=   79.10 p50=   79.10 p95=   79.10 p99=   79.10 rps=   0.10
window 30s
  calc.additional.maxViewersSummary             n=  509 err=   0 errRate=  0.00% avg=   19.37 min=   12.94 max=  265.20 p50=   14.29 p95=   38.11 p99=   71.53 rps=  16.97
  controller.AnalyticsController.maxViewersSummary n=  509 err=   0 errRate=  0.00% avg=   19.54 min=   13.03 max=  265.32 p50=   14.52 p95=   38.24 p99=   71.75 rps=  16.97
  s2s.crud.fetchAllTickets                      n=  509 err=   0 errRate=  0.00% avg=   19.06 min=   12.90 max=  265.16 p50=   14.22 p95=   36.03 p99=   71.21 rps=  16.97
  s2s.crud.fetchFilms                           n=    1 err=   0 errRate=  0.00% avg=   79.10 min=   79.10 max=   79.10 p50=   79.10 p95=   79.10 p99=   79.10 rps=   0.03
window 1m
  calc.additional.maxViewersSummary             n=  968 err=   0 errRate=  0.00% avg=   18.71 min=   12.94 max=  265.20 p50=   14.15 p95=   36.57 p99=   71.18 rps=  16.13
  controller.AnalyticsController.maxViewersSummary n=  968 err=   0 errRate=  0.00% avg=   18.89 min=   13.03 max=  265.32 p50=   14.34 p95=   36.73 p99=   71.34 rps=  16.13
  s2s.crud.fetchAllTickets                      n=  968 err=   0 errRate=  0.00% avg=   18.47 min=   12.90 max=  265.16 p50=   14.11 p95=   35.48 p99=   70.36 rps=  16.13
  s2s.crud.fetchFilms                           n=    2 err=   0 errRate=  0.00% avg=   66.39 min=   53.68 max=   79.10 p50=   66.39 p95=   77.82 p99=   78.84 rps=   0.03

2026-05-06T20:46:22.400Z  INFO 1 --- [lab8-additional-service] [   scheduling-1] r.h.l.a.o.ObservabilityService           : [lab8-additional-service] observability refresh
window 10s
  calc.additional.maxViewersSummary             n=  162 err=   0 errRate=  0.00% avg=   24.23 min=   13.01 max=  265.20 p50=   19.47 p95=   59.31 p99=   90.30 rps=  16.20
  controller.AnalyticsController.maxViewersSummary n=  162 err=   0 errRate=  0.00% avg=   24.41 min=   13.12 max=  265.32 p50=   19.59 p95=   59.49 p99=   90.78 rps=  16.20
  s2s.crud.fetchAllTickets                      n=  162 err=   0 errRate=  0.00% avg=   23.37 min=   12.98 max=  265.16 p50=   19.28 p95=   51.28 p99=   76.62 rps=  16.20
  s2s.crud.fetchFilms                           n=    1 err=   0 errRate=  0.00% avg=   79.10 min=   79.10 max=   79.10 p50=   79.10 p95=   79.10 p99=   79.10 rps=   0.10
window 30s
  calc.additional.maxViewersSummary             n=  509 err=   0 errRate=  0.00% avg=   19.47 min=   12.94 max=  265.20 p50=   14.29 p95=   41.07 p99=   71.53 rps=  16.97
  controller.AnalyticsController.maxViewersSummary n=  509 err=   0 errRate=  0.00% avg=   19.65 min=   13.03 max=  265.32 p50=   14.52 p95=   41.19 p99=   71.75 rps=  16.97
  s2s.crud.fetchAllTickets                      n=  509 err=   0 errRate=  0.00% avg=   19.16 min=   12.90 max=  265.16 p50=   14.22 p95=   37.19 p99=   71.21 rps=  16.97
  s2s.crud.fetchFilms                           n=    1 err=   0 errRate=  0.00% avg=   79.10 min=   79.10 max=   79.10 p50=   79.10 p95=   79.10 p99=   79.10 rps=   0.03
window 1m
  calc.additional.maxViewersSummary             n=  972 err=   0 errRate=  0.00% avg=   18.54 min=   12.94 max=  265.20 p50=   14.15 p95=   32.07 p99=   71.18 rps=  16.20
  controller.AnalyticsController.maxViewersSummary n=  972 err=   0 errRate=  0.00% avg=   18.71 min=   13.03 max=  265.32 p50=   14.34 p95=   32.21 p99=   71.33 rps=  16.20
  s2s.crud.fetchAllTickets                      n=  972 err=   0 errRate=  0.00% avg=   18.30 min=   12.90 max=  265.16 p50=   14.10 p95=   30.95 p99=   70.31 rps=  16.20
  s2s.crud.fetchFilms                           n=    2 err=   0 errRate=  0.00% avg=   66.39 min=   53.68 max=   79.10 p50=   66.39 p95=   77.82 p99=   78.84 rps=   0.03

2026-05-06T20:46:23.401Z  INFO 1 --- [lab8-additional-service] [   scheduling-1] r.h.l.a.o.ObservabilityService           : [lab8-additional-service] observability refresh
window 10s
  calc.additional.maxViewersSummary             n=  161 err=   0 errRate=  0.00% avg=   23.99 min=   13.01 max=  265.20 p50=   19.38 p95=   59.68 p99=   90.39 rps=  16.10
  controller.AnalyticsController.maxViewersSummary n=  161 err=   0 errRate=  0.00% avg=   24.18 min=   13.12 max=  265.32 p50=   19.54 p95=   59.87 p99=   90.86 rps=  16.10
  s2s.crud.fetchAllTickets                      n=  161 err=   0 errRate=  0.00% avg=   23.13 min=   12.98 max=  265.16 p50=   18.04 p95=   51.38 p99=   76.79 rps=  16.10
  s2s.crud.fetchFilms                           n=    1 err=   0 errRate=  0.00% avg=   79.10 min=   79.10 max=   79.10 p50=   79.10 p95=   79.10 p99=   79.10 rps=   0.10
window 30s
  calc.additional.maxViewersSummary             n=  496 err=   0 errRate=  0.00% avg=   19.59 min=   12.94 max=  265.20 p50=   14.39 p95=   43.09 p99=   71.65 rps=  16.53
  controller.AnalyticsController.maxViewersSummary n=  496 err=   0 errRate=  0.00% avg=   19.77 min=   13.03 max=  265.32 p50=   14.58 p95=   43.21 p99=   71.87 rps=  16.53
  s2s.crud.fetchAllTickets                      n=  496 err=   0 errRate=  0.00% avg=   19.28 min=   12.90 max=  265.16 p50=   14.33 p95=   37.64 p99=   71.23 rps=  16.53
  s2s.crud.fetchFilms                           n=    1 err=   0 errRate=  0.00% avg=   79.10 min=   79.10 max=   79.10 p50=   79.10 p95=   79.10 p99=   79.10 rps=   0.03
window 1m
  calc.additional.maxViewersSummary             n=  971 err=   0 errRate=  0.00% avg=   18.27 min=   12.94 max=  265.20 p50=   14.15 p95=   29.33 p99=   71.18 rps=  16.18
  controller.AnalyticsController.maxViewersSummary n=  971 err=   0 errRate=  0.00% avg=   18.44 min=   13.03 max=  265.32 p50=   14.33 p95=   29.45 p99=   71.33 rps=  16.18
  s2s.crud.fetchAllTickets                      n=  971 err=   0 errRate=  0.00% avg=   18.02 min=   12.90 max=  265.16 p50=   14.09 p95=   28.24 p99=   70.32 rps=  16.18
  s2s.crud.fetchFilms                           n=    2 err=   0 errRate=  0.00% avg=   66.39 min=   53.68 max=   79.10 p50=   66.39 p95=   77.82 p99=   78.84 rps=   0.03

2026-05-06T20:46:24.402Z  INFO 1 --- [lab8-additional-service] [   scheduling-1] r.h.l.a.o.ObservabilityService           : [lab8-additional-service] observability refresh
window 10s
  calc.additional.maxViewersSummary             n=  152 err=   0 errRate=  0.00% avg=   23.84 min=   13.01 max=  265.20 p50=   18.84 p95=   61.17 p99=   91.14 rps=  15.20
  controller.AnalyticsController.maxViewersSummary n=  152 err=   0 errRate=  0.00% avg=   24.03 min=   13.12 max=  265.32 p50=   19.00 p95=   61.34 p99=   91.56 rps=  15.20
  s2s.crud.fetchAllTickets                      n=  152 err=   0 errRate=  0.00% avg=   22.93 min=   12.98 max=  265.16 p50=   16.95 p95=   52.01 p99=   78.32 rps=  15.20
  s2s.crud.fetchFilms                           n=    1 err=   0 errRate=  0.00% avg=   79.10 min=   79.10 max=   79.10 p50=   79.10 p95=   79.10 p99=   79.10 rps=   0.10
window 30s
  calc.additional.maxViewersSummary             n=  489 err=   0 errRate=  0.00% avg=   19.18 min=   12.94 max=  265.20 p50=   14.36 p95=   36.08 p99=   70.20 rps=  16.30
  controller.AnalyticsController.maxViewersSummary n=  489 err=   0 errRate=  0.00% avg=   19.35 min=   13.03 max=  265.32 p50=   14.55 p95=   36.26 p99=   70.46 rps=  16.30
  s2s.crud.fetchAllTickets                      n=  489 err=   0 errRate=  0.00% avg=   18.86 min=   12.90 max=  265.16 p50=   14.31 p95=   32.42 p99=   69.85 rps=  16.30
  s2s.crud.fetchFilms                           n=    1 err=   0 errRate=  0.00% avg=   79.10 min=   79.10 max=   79.10 p50=   79.10 p95=   79.10 p99=   79.10 rps=   0.03
window 1m
  calc.additional.maxViewersSummary             n=  968 err=   0 errRate=  0.00% avg=   18.33 min=   12.94 max=  265.20 p50=   14.16 p95=   29.55 p99=   71.18 rps=  16.13
  controller.AnalyticsController.maxViewersSummary n=  968 err=   0 errRate=  0.00% avg=   18.51 min=   13.03 max=  265.32 p50=   14.35 p95=   29.65 p99=   71.34 rps=  16.13
  s2s.crud.fetchAllTickets                      n=  968 err=   0 errRate=  0.00% avg=   18.09 min=   12.90 max=  265.16 p50=   14.11 p95=   28.29 p99=   70.36 rps=  16.13
  s2s.crud.fetchFilms                           n=    2 err=   0 errRate=  0.00% avg=   66.39 min=   53.68 max=   79.10 p50=   66.39 p95=   77.82 p99=   78.84 rps=   0.03

2026-05-06T20:46:25.403Z  INFO 1 --- [lab8-additional-service] [   scheduling-1] r.h.l.a.o.ObservabilityService           : [lab8-additional-service] observability refresh
window 10s
  calc.additional.maxViewersSummary             n=  144 err=   0 errRate=  0.00% avg=   25.87 min=   13.01 max=  265.20 p50=   19.55 p95=   66.03 p99=  182.17 rps=  14.40
  controller.AnalyticsController.maxViewersSummary n=  144 err=   0 errRate=  0.00% avg=   26.05 min=   13.12 max=  265.32 p50=   19.65 p95=   66.20 p99=  182.31 rps=  14.40
  s2s.crud.fetchAllTickets                      n=  144 err=   0 errRate=  0.00% avg=   24.90 min=   12.98 max=  265.16 p50=   18.71 p95=   58.47 p99=  178.52 rps=  14.40
  s2s.crud.fetchFilms                           n=    1 err=   0 errRate=  0.00% avg=   79.10 min=   79.10 max=   79.10 p50=   79.10 p95=   79.10 p99=   79.10 rps=   0.10
window 30s
  calc.additional.maxViewersSummary             n=  491 err=   0 errRate=  0.00% avg=   19.43 min=   12.94 max=  265.20 p50=   14.34 p95=   33.71 p99=   69.88 rps=  16.37
  controller.AnalyticsController.maxViewersSummary n=  491 err=   0 errRate=  0.00% avg=   19.60 min=   13.03 max=  265.32 p50=   14.53 p95=   33.91 p99=   70.17 rps=  16.37
  s2s.crud.fetchAllTickets                      n=  491 err=   0 errRate=  0.00% avg=   19.11 min=   12.90 max=  265.16 p50=   14.23 p95=   32.03 p99=   67.75 rps=  16.37
  s2s.crud.fetchFilms                           n=    1 err=   0 errRate=  0.00% avg=   79.10 min=   79.10 max=   79.10 p50=   79.10 p95=   79.10 p99=   79.10 rps=   0.03
window 1m
  calc.additional.maxViewersSummary             n=  972 err=   0 errRate=  0.00% avg=   18.54 min=   12.94 max=  265.20 p50=   14.15 p95=   29.66 p99=   71.36 rps=  16.20
  controller.AnalyticsController.maxViewersSummary n=  972 err=   0 errRate=  0.00% avg=   18.72 min=   13.03 max=  265.32 p50=   14.34 p95=   29.79 p99=   71.54 rps=  16.20
  s2s.crud.fetchAllTickets                      n=  972 err=   0 errRate=  0.00% avg=   18.30 min=   12.90 max=  265.16 p50=   14.10 p95=   28.74 p99=   71.13 rps=  16.20
  s2s.crud.fetchFilms                           n=    2 err=   0 errRate=  0.00% avg=   66.39 min=   53.68 max=   79.10 p50=   66.39 p95=   77.82 p99=   78.84 rps=   0.03

2026-05-06T20:46:26.404Z  INFO 1 --- [lab8-additional-service] [   scheduling-1] r.h.l.a.o.ObservabilityService           : [lab8-additional-service] observability refresh
window 10s
  calc.additional.maxViewersSummary             n=  145 err=   0 errRate=  0.00% avg=   25.35 min=   13.01 max=  265.20 p50=   19.59 p95=   65.86 p99=  180.64 rps=  14.50
  controller.AnalyticsController.maxViewersSummary n=  145 err=   0 errRate=  0.00% avg=   25.53 min=   13.12 max=  265.32 p50=   19.73 p95=   66.02 p99=  180.79 rps=  14.50
  s2s.crud.fetchAllTickets                      n=  145 err=   0 errRate=  0.00% avg=   24.39 min=   12.98 max=  265.16 p50=   19.46 p95=   58.10 p99=  176.92 rps=  14.50
  s2s.crud.fetchFilms                           n=    1 err=   0 errRate=  0.00% avg=   79.10 min=   79.10 max=   79.10 p50=   79.10 p95=   79.10 p99=   79.10 rps=   0.10
window 30s
  calc.additional.maxViewersSummary             n=  502 err=   0 errRate=  0.00% avg=   19.39 min=   12.94 max=  265.20 p50=   14.28 p95=   32.69 p99=   69.87 rps=  16.73
  controller.AnalyticsController.maxViewersSummary n=  502 err=   0 errRate=  0.00% avg=   19.55 min=   13.03 max=  265.32 p50=   14.52 p95=   32.84 p99=   70.15 rps=  16.73
  s2s.crud.fetchAllTickets                      n=  502 err=   0 errRate=  0.00% avg=   19.07 min=   12.90 max=  265.16 p50=   14.22 p95=   32.00 p99=   67.51 rps=  16.73
  s2s.crud.fetchFilms                           n=    1 err=   0 errRate=  0.00% avg=   79.10 min=   79.10 max=   79.10 p50=   79.10 p95=   79.10 p99=   79.10 rps=   0.03
window 1m
  calc.additional.maxViewersSummary             n=  973 err=   0 errRate=  0.00% avg=   18.58 min=   12.94 max=  265.20 p50=   14.16 p95=   29.66 p99=   71.36 rps=  16.22
  controller.AnalyticsController.maxViewersSummary n=  973 err=   0 errRate=  0.00% avg=   18.75 min=   13.03 max=  265.32 p50=   14.36 p95=   29.78 p99=   71.54 rps=  16.22
  s2s.crud.fetchAllTickets                      n=  973 err=   0 errRate=  0.00% avg=   18.34 min=   12.90 max=  265.16 p50=   14.11 p95=   28.69 p99=   71.13 rps=  16.22
  s2s.crud.fetchFilms                           n=    2 err=   0 errRate=  0.00% avg=   66.39 min=   53.68 max=   79.10 p50=   66.39 p95=   77.82 p99=   78.84 rps=   0.03

2026-05-06T20:46:27.405Z  INFO 1 --- [lab8-additional-service] [   scheduling-1] r.h.l.a.o.ObservabilityService           : [lab8-additional-service] observability refresh
window 10s
  calc.additional.maxViewersSummary             n=  150 err=   0 errRate=  0.00% avg=   24.82 min=   13.01 max=  265.20 p50=   19.47 p95=   61.51 p99=  173.03 rps=  15.00
  controller.AnalyticsController.maxViewersSummary n=  150 err=   0 errRate=  0.00% avg=   24.98 min=   13.12 max=  265.32 p50=   19.58 p95=   61.67 p99=  173.18 rps=  15.00
  s2s.crud.fetchAllTickets                      n=  150 err=   0 errRate=  0.00% avg=   23.89 min=   12.98 max=  265.16 p50=   17.44 p95=   52.25 p99=  168.89 rps=  15.00
  s2s.crud.fetchFilms                           n=    1 err=   0 errRate=  0.00% avg=   79.10 min=   79.10 max=   79.10 p50=   79.10 p95=   79.10 p99=   79.10 rps=   0.10
window 30s
  calc.additional.maxViewersSummary             n=  507 err=   0 errRate=  0.00% avg=   19.45 min=   12.94 max=  265.20 p50=   14.29 p95=   36.31 p99=   69.86 rps=  16.90
  controller.AnalyticsController.maxViewersSummary n=  507 err=   0 errRate=  0.00% avg=   19.62 min=   13.03 max=  265.32 p50=   14.52 p95=   36.48 p99=   70.14 rps=  16.90
  s2s.crud.fetchAllTickets                      n=  507 err=   0 errRate=  0.00% avg=   19.14 min=   12.90 max=  265.16 p50=   14.22 p95=   32.49 p99=   67.46 rps=  16.90
  s2s.crud.fetchFilms                           n=    1 err=   0 errRate=  0.00% avg=   79.10 min=   79.10 max=   79.10 p50=   79.10 p95=   79.10 p99=   79.10 rps=   0.03
window 1m
  calc.additional.maxViewersSummary             n=  977 err=   0 errRate=  0.00% avg=   18.62 min=   12.94 max=  265.20 p50=   14.16 p95=   29.80 p99=   71.34 rps=  16.28
  controller.AnalyticsController.maxViewersSummary n=  977 err=   0 errRate=  0.00% avg=   18.80 min=   13.03 max=  265.32 p50=   14.34 p95=   30.30 p99=   71.52 rps=  16.28
  s2s.crud.fetchAllTickets                      n=  977 err=   0 errRate=  0.00% avg=   18.38 min=   12.90 max=  265.16 p50=   14.10 p95=   29.36 p99=   71.13 rps=  16.28
  s2s.crud.fetchFilms                           n=    2 err=   0 errRate=  0.00% avg=   66.39 min=   53.68 max=   79.10 p50=   66.39 p95=   77.82 p99=   78.84 rps=   0.03

2026-05-06T20:46:28.295Z  INFO 1 --- [lab8-additional-service] [   scheduling-1] r.h.l.a.service.FilmCacheService         : film-cache stats: size=310 ttlMs=30000 lastRefreshAtMs=1778100380516 hits=23427 misses=9 refreshes=9
2026-05-06T20:46:28.407Z  INFO 1 --- [lab8-additional-service] [   scheduling-1] r.h.l.a.o.ObservabilityService           : [lab8-additional-service] observability refresh
window 10s
  calc.additional.maxViewersSummary             n=  148 err=   0 errRate=  0.00% avg=   23.20 min=   13.01 max=  265.20 p50=   15.57 p95=   49.35 p99=  176.08 rps=  14.80
  controller.AnalyticsController.maxViewersSummary n=  148 err=   0 errRate=  0.00% avg=   23.37 min=   13.12 max=  265.32 p50=   15.83 p95=   49.50 p99=  176.22 rps=  14.80
  s2s.crud.fetchAllTickets                      n=  148 err=   0 errRate=  0.00% avg=   22.26 min=   12.98 max=  265.16 p50=   15.50 p95=   44.27 p99=  159.21 rps=  14.80
  s2s.crud.fetchFilms                           n=    1 err=   0 errRate=  0.00% avg=   79.10 min=   79.10 max=   79.10 p50=   79.10 p95=   79.10 p99=   79.10 rps=   0.10
window 30s
  calc.additional.maxViewersSummary             n=  498 err=   0 errRate=  0.00% avg=   19.64 min=   12.94 max=  265.20 p50=   14.38 p95=   37.06 p99=   69.87 rps=  16.60
  controller.AnalyticsController.maxViewersSummary n=  498 err=   0 errRate=  0.00% avg=   19.80 min=   13.03 max=  265.32 p50=   14.56 p95=   37.19 p99=   70.16 rps=  16.60
  s2s.crud.fetchAllTickets                      n=  498 err=   0 errRate=  0.00% avg=   19.32 min=   12.90 max=  265.16 p50=   14.32 p95=   34.67 p99=   67.59 rps=  16.60
  s2s.crud.fetchFilms                           n=    1 err=   0 errRate=  0.00% avg=   79.10 min=   79.10 max=   79.10 p50=   79.10 p95=   79.10 p99=   79.10 rps=   0.03
window 1m
  calc.additional.maxViewersSummary             n=  978 err=   0 errRate=  0.00% avg=   18.62 min=   12.94 max=  265.20 p50=   14.15 p95=   30.31 p99=   71.34 rps=  16.30
  controller.AnalyticsController.maxViewersSummary n=  978 err=   0 errRate=  0.00% avg=   18.79 min=   13.03 max=  265.32 p50=   14.34 p95=   30.45 p99=   71.52 rps=  16.30
  s2s.crud.fetchAllTickets                      n=  978 err=   0 errRate=  0.00% avg=   18.38 min=   12.90 max=  265.16 p50=   14.09 p95=   29.63 p99=   71.13 rps=  16.30
  s2s.crud.fetchFilms                           n=    2 err=   0 errRate=  0.00% avg=   66.39 min=   53.68 max=   79.10 p50=   66.39 p95=   77.82 p99=   78.84 rps=   0.03

2026-05-06T20:46:29.408Z  INFO 1 --- [lab8-additional-service] [   scheduling-1] r.h.l.a.o.ObservabilityService           : [lab8-additional-service] observability refresh
window 10s
  calc.additional.maxViewersSummary             n=  159 err=   0 errRate=  0.00% avg=   23.12 min=   13.01 max=  265.20 p50=   15.50 p95=   48.91 p99=  159.33 rps=  15.90
  controller.AnalyticsController.maxViewersSummary n=  159 err=   0 errRate=  0.00% avg=   23.28 min=   13.12 max=  265.32 p50=   15.66 p95=   49.10 p99=  159.48 rps=  15.90
  s2s.crud.fetchAllTickets                      n=  159 err=   0 errRate=  0.00% avg=   22.25 min=   12.98 max=  265.16 p50=   15.46 p95=   44.37 p99=  138.53 rps=  15.90
  s2s.crud.fetchFilms                           n=    1 err=   0 errRate=  0.00% avg=   79.10 min=   79.10 max=   79.10 p50=   79.10 p95=   79.10 p99=   79.10 rps=   0.10
window 30s
  calc.additional.maxViewersSummary             n=  507 err=   0 errRate=  0.00% avg=   19.72 min=   12.94 max=  265.20 p50=   14.39 p95=   37.28 p99=   69.86 rps=  16.90
  controller.AnalyticsController.maxViewersSummary n=  507 err=   0 errRate=  0.00% avg=   19.88 min=   13.03 max=  265.32 p50=   14.57 p95=   37.40 p99=   70.14 rps=  16.90
  s2s.crud.fetchAllTickets                      n=  507 err=   0 errRate=  0.00% avg=   19.41 min=   12.90 max=  265.16 p50=   14.33 p95=   34.74 p99=   67.46 rps=  16.90
  s2s.crud.fetchFilms                           n=    1 err=   0 errRate=  0.00% avg=   79.10 min=   79.10 max=   79.10 p50=   79.10 p95=   79.10 p99=   79.10 rps=   0.03
window 1m
  calc.additional.maxViewersSummary             n=  984 err=   0 errRate=  0.00% avg=   18.67 min=   12.94 max=  265.20 p50=   14.16 p95=   30.47 p99=   71.33 rps=  16.40
  controller.AnalyticsController.maxViewersSummary n=  984 err=   0 errRate=  0.00% avg=   18.84 min=   13.03 max=  265.32 p50=   14.36 p95=   30.79 p99=   71.50 rps=  16.40
  s2s.crud.fetchAllTickets                      n=  984 err=   0 errRate=  0.00% avg=   18.42 min=   12.90 max=  265.16 p50=   14.11 p95=   29.64 p99=   71.12 rps=  16.40
  s2s.crud.fetchFilms                           n=    2 err=   0 errRate=  0.00% avg=   66.39 min=   53.68 max=   79.10 p50=   66.39 p95=   77.82 p99=   78.84 rps=   0.03

2026-05-06T20:46:30.409Z  INFO 1 --- [lab8-additional-service] [   scheduling-1] r.h.l.a.o.ObservabilityService           : [lab8-additional-service] observability refresh
window 10s
  calc.additional.maxViewersSummary             n=  167 err=   0 errRate=  0.00% avg=   21.69 min=   13.05 max=  247.63 p50=   14.90 p95=   52.32 p99=   79.96 rps=  16.70
  controller.AnalyticsController.maxViewersSummary n=  167 err=   0 errRate=  0.00% avg=   21.85 min=   13.18 max=  247.75 p50=   15.23 p95=   52.44 p99=   80.18 rps=  16.70
  s2s.crud.fetchAllTickets                      n=  167 err=   0 errRate=  0.00% avg=   20.85 min=   13.01 max=  247.57 p50=   14.86 p95=   50.86 p99=   71.35 rps=  16.70
  s2s.crud.fetchFilms                           n=    1 err=   0 errRate=  0.00% avg=   79.10 min=   79.10 max=   79.10 p50=   79.10 p95=   79.10 p99=   79.10 rps=   0.10
window 30s
  calc.additional.maxViewersSummary             n=  513 err=   0 errRate=  0.00% avg=   19.89 min=   12.94 max=  265.20 p50=   14.27 p95=   43.30 p99=   70.98 rps=  17.10
  controller.AnalyticsController.maxViewersSummary n=  513 err=   0 errRate=  0.00% avg=   20.05 min=   13.03 max=  265.32 p50=   14.51 p95=   43.42 p99=   71.19 rps=  17.10
  s2s.crud.fetchAllTickets                      n=  513 err=   0 errRate=  0.00% avg=   19.58 min=   12.90 max=  265.16 p50=   14.22 p95=   37.82 p99=   69.97 rps=  17.10
  s2s.crud.fetchFilms                           n=    1 err=   0 errRate=  0.00% avg=   79.10 min=   79.10 max=   79.10 p50=   79.10 p95=   79.10 p99=   79.10 rps=   0.03
window 1m
  calc.additional.maxViewersSummary             n=  987 err=   0 errRate=  0.00% avg=   18.85 min=   12.94 max=  265.20 p50=   14.14 p95=   31.95 p99=   71.61 rps=  16.45
  controller.AnalyticsController.maxViewersSummary n=  987 err=   0 errRate=  0.00% avg=   19.02 min=   13.03 max=  265.32 p50=   14.34 p95=   32.10 p99=   71.85 rps=  16.45
  s2s.crud.fetchAllTickets                      n=  987 err=   0 errRate=  0.00% avg=   18.61 min=   12.90 max=  265.16 p50=   14.09 p95=   30.73 p99=   71.26 rps=  16.45
  s2s.crud.fetchFilms                           n=    2 err=   0 errRate=  0.00% avg=   66.39 min=   53.68 max=   79.10 p50=   66.39 p95=   77.82 p99=   78.84 rps=   0.03

2026-05-06T20:46:31.410Z  INFO 1 --- [lab8-additional-service] [   scheduling-1] r.h.l.a.o.ObservabilityService           : [lab8-additional-service] observability refresh
window 10s
  calc.additional.maxViewersSummary             n=  161 err=   0 errRate=  0.00% avg=   21.09 min=   13.05 max=  247.63 p50=   14.56 p95=   48.58 p99=   71.47 rps=  16.10
  controller.AnalyticsController.maxViewersSummary n=  161 err=   0 errRate=  0.00% avg=   21.25 min=   13.18 max=  247.75 p50=   14.74 p95=   48.77 p99=   71.69 rps=  16.10
  s2s.crud.fetchAllTickets                      n=  161 err=   0 errRate=  0.00% avg=   21.03 min=   13.01 max=  247.57 p50=   14.47 p95=   48.54 p99=   71.40 rps=  16.10
window 30s
  calc.additional.maxViewersSummary             n=  512 err=   0 errRate=  0.00% avg=   20.05 min=   12.94 max=  265.20 p50=   14.27 p95=   44.26 p99=   70.99 rps=  17.07
  controller.AnalyticsController.maxViewersSummary n=  512 err=   0 errRate=  0.00% avg=   20.21 min=   13.03 max=  265.32 p50=   14.50 p95=   44.44 p99=   71.20 rps=  17.07
  s2s.crud.fetchAllTickets                      n=  512 err=   0 errRate=  0.00% avg=   19.74 min=   12.90 max=  265.16 p50=   14.22 p95=   40.41 p99=   69.97 rps=  17.07
  s2s.crud.fetchFilms                           n=    1 err=   0 errRate=  0.00% avg=   79.10 min=   79.10 max=   79.10 p50=   79.10 p95=   79.10 p99=   79.10 rps=   0.03
window 1m
  calc.additional.maxViewersSummary             n=  981 err=   0 errRate=  0.00% avg=   18.97 min=   12.94 max=  265.20 p50=   14.18 p95=   32.73 p99=   71.64 rps=  16.35
  controller.AnalyticsController.maxViewersSummary n=  981 err=   0 errRate=  0.00% avg=   19.14 min=   13.03 max=  265.32 p50=   14.38 p95=   32.87 p99=   71.88 rps=  16.35
  s2s.crud.fetchAllTickets                      n=  981 err=   0 errRate=  0.00% avg=   18.72 min=   12.90 max=  265.16 p50=   14.13 p95=   32.02 p99=   71.28 rps=  16.35
  s2s.crud.fetchFilms                           n=    2 err=   0 errRate=  0.00% avg=   66.39 min=   53.68 max=   79.10 p50=   66.39 p95=   77.82 p99=   78.84 rps=   0.03

2026-05-06T20:46:32.411Z  INFO 1 --- [lab8-additional-service] [   scheduling-1] r.h.l.a.o.ObservabilityService           : [lab8-additional-service] observability refresh
window 10s
  calc.additional.maxViewersSummary             n=  169 err=   0 errRate=  0.00% avg=   20.87 min=   13.05 max=  247.63 p50=   14.56 p95=   46.28 p99=   71.39 rps=  16.90
  controller.AnalyticsController.maxViewersSummary n=  169 err=   0 errRate=  0.00% avg=   21.03 min=   13.16 max=  247.75 p50=   14.74 p95=   46.53 p99=   71.61 rps=  16.90
  s2s.crud.fetchAllTickets                      n=  169 err=   0 errRate=  0.00% avg=   20.82 min=   13.01 max=  247.57 p50=   14.49 p95=   46.22 p99=   71.33 rps=  16.90
window 30s
  calc.additional.maxViewersSummary             n=  525 err=   0 errRate=  0.00% avg=   20.07 min=   12.94 max=  265.20 p50=   14.34 p95=   43.87 p99=   70.85 rps=  17.50
  controller.AnalyticsController.maxViewersSummary n=  525 err=   0 errRate=  0.00% avg=   20.24 min=   13.03 max=  265.32 p50=   14.52 p95=   44.00 p99=   71.07 rps=  17.50
  s2s.crud.fetchAllTickets                      n=  525 err=   0 errRate=  0.00% avg=   19.77 min=   12.90 max=  265.16 p50=   14.25 p95=   41.49 p99=   69.95 rps=  17.50
  s2s.crud.fetchFilms                           n=    1 err=   0 errRate=  0.00% avg=   79.10 min=   79.10 max=   79.10 p50=   79.10 p95=   79.10 p99=   79.10 rps=   0.03
window 1m
  calc.additional.maxViewersSummary             n=  982 err=   0 errRate=  0.00% avg=   18.98 min=   12.94 max=  265.20 p50=   14.24 p95=   32.72 p99=   71.64 rps=  16.37
  controller.AnalyticsController.maxViewersSummary n=  982 err=   0 errRate=  0.00% avg=   19.15 min=   13.03 max=  265.32 p50=   14.44 p95=   32.86 p99=   71.87 rps=  16.37
  s2s.crud.fetchAllTickets                      n=  982 err=   0 errRate=  0.00% avg=   18.74 min=   12.90 max=  265.16 p50=   14.19 p95=   32.00 p99=   71.27 rps=  16.37
  s2s.crud.fetchFilms                           n=    2 err=   0 errRate=  0.00% avg=   66.39 min=   53.68 max=   79.10 p50=   66.39 p95=   77.82 p99=   78.84 rps=   0.03

2026-05-06T20:46:33.412Z  INFO 1 --- [lab8-additional-service] [   scheduling-1] r.h.l.a.o.ObservabilityService           : [lab8-additional-service] observability refresh
window 10s
  calc.additional.maxViewersSummary             n=  177 err=   0 errRate=  0.00% avg=   20.53 min=   13.05 max=  247.63 p50=   14.38 p95=   45.03 p99=   71.32 rps=  17.70
  controller.AnalyticsController.maxViewersSummary n=  177 err=   0 errRate=  0.00% avg=   20.68 min=   13.16 max=  247.75 p50=   14.50 p95=   45.27 p99=   71.54 rps=  17.70
  s2s.crud.fetchAllTickets                      n=  177 err=   0 errRate=  0.00% avg=   20.47 min=   13.01 max=  247.57 p50=   14.33 p95=   44.98 p99=   71.26 rps=  17.70
window 30s
  calc.additional.maxViewersSummary             n=  517 err=   0 errRate=  0.00% avg=   20.16 min=   12.94 max=  265.20 p50=   14.38 p95=   44.20 p99=   70.94 rps=  17.23
  controller.AnalyticsController.maxViewersSummary n=  517 err=   0 errRate=  0.00% avg=   20.33 min=   13.03 max=  265.32 p50=   14.55 p95=   44.36 p99=   71.15 rps=  17.23
  s2s.crud.fetchAllTickets                      n=  517 err=   0 errRate=  0.00% avg=   19.85 min=   12.90 max=  265.16 p50=   14.31 p95=   41.80 p99=   69.96 rps=  17.23
  s2s.crud.fetchFilms                           n=    1 err=   0 errRate=  0.00% avg=   79.10 min=   79.10 max=   79.10 p50=   79.10 p95=   79.10 p99=   79.10 rps=   0.03
window 1m
  calc.additional.maxViewersSummary             n=  987 err=   0 errRate=  0.00% avg=   18.87 min=   12.94 max=  265.20 p50=   14.21 p95=   32.44 p99=   71.32 rps=  16.45
  controller.AnalyticsController.maxViewersSummary n=  987 err=   0 errRate=  0.00% avg=   19.04 min=   13.03 max=  265.32 p50=   14.39 p95=   32.55 p99=   71.49 rps=  16.45
  s2s.crud.fetchAllTickets                      n=  987 err=   0 errRate=  0.00% avg=   18.63 min=   12.90 max=  265.16 p50=   14.15 p95=   31.44 p99=   71.12 rps=  16.45
  s2s.crud.fetchFilms                           n=    2 err=   0 errRate=  0.00% avg=   66.39 min=   53.68 max=   79.10 p50=   66.39 p95=   77.82 p99=   78.84 rps=   0.03

2026-05-06T20:46:34.414Z  INFO 1 --- [lab8-additional-service] [   scheduling-1] r.h.l.a.o.ObservabilityService           : [lab8-additional-service] observability refresh
window 10s
  calc.additional.maxViewersSummary             n=  172 err=   0 errRate=  0.00% avg=   20.47 min=   13.05 max=  247.63 p50=   14.31 p95=   42.87 p99=   71.37 rps=  17.20
  controller.AnalyticsController.maxViewersSummary n=  172 err=   0 errRate=  0.00% avg=   20.63 min=   13.16 max=  247.75 p50=   14.43 p95=   43.21 p99=   71.58 rps=  17.20
  s2s.crud.fetchAllTickets                      n=  172 err=   0 errRate=  0.00% avg=   20.42 min=   13.01 max=  247.57 p50=   14.26 p95=   42.83 p99=   71.30 rps=  17.20
window 30s
  calc.additional.maxViewersSummary             n=  509 err=   0 errRate=  0.00% avg=   20.24 min=   12.94 max=  265.20 p50=   14.38 p95=   44.30 p99=   71.02 rps=  16.97
  controller.AnalyticsController.maxViewersSummary n=  509 err=   0 errRate=  0.00% avg=   20.41 min=   13.03 max=  265.32 p50=   14.56 p95=   44.50 p99=   71.23 rps=  16.97
  s2s.crud.fetchAllTickets                      n=  509 err=   0 errRate=  0.00% avg=   19.93 min=   12.90 max=  265.16 p50=   14.33 p95=   42.25 p99=   69.98 rps=  16.97
  s2s.crud.fetchFilms                           n=    1 err=   0 errRate=  0.00% avg=   79.10 min=   79.10 max=   79.10 p50=   79.10 p95=   79.10 p99=   79.10 rps=   0.03
window 1m
  calc.additional.maxViewersSummary             n=  990 err=   0 errRate=  0.00% avg=   18.84 min=   12.94 max=  265.20 p50=   14.16 p95=   32.36 p99=   71.31 rps=  16.50
  controller.AnalyticsController.maxViewersSummary n=  990 err=   0 errRate=  0.00% avg=   19.01 min=   13.03 max=  265.32 p50=   14.36 p95=   32.48 p99=   71.48 rps=  16.50
  s2s.crud.fetchAllTickets                      n=  990 err=   0 errRate=  0.00% avg=   18.60 min=   12.90 max=  265.16 p50=   14.11 p95=   31.36 p99=   71.11 rps=  16.50
  s2s.crud.fetchFilms                           n=    2 err=   0 errRate=  0.00% avg=   66.39 min=   53.68 max=   79.10 p50=   66.39 p95=   77.82 p99=   78.84 rps=   0.03

2026-05-06T20:46:35.415Z  INFO 1 --- [lab8-additional-service] [   scheduling-1] r.h.l.a.o.ObservabilityService           : [lab8-additional-service] observability refresh
window 10s
  calc.additional.maxViewersSummary             n=  173 err=   0 errRate=  0.00% avg=   19.22 min=   13.05 max=   72.00 p50=   14.49 p95=   41.37 p99=   67.88 rps=  17.30
  controller.AnalyticsController.maxViewersSummary n=  173 err=   0 errRate=  0.00% avg=   19.37 min=   13.16 max=   72.26 p50=   14.62 p95=   41.88 p99=   68.00 rps=  17.30
  s2s.crud.fetchAllTickets                      n=  173 err=   0 errRate=  0.00% avg=   19.17 min=   13.01 max=   71.93 p50=   14.44 p95=   41.32 p99=   67.84 rps=  17.30
window 30s
  calc.additional.maxViewersSummary             n=  506 err=   0 errRate=  0.00% avg=   20.34 min=   12.94 max=  265.20 p50=   14.46 p95=   44.34 p99=   71.05 rps=  16.87
  controller.AnalyticsController.maxViewersSummary n=  506 err=   0 errRate=  0.00% avg=   20.51 min=   13.03 max=  265.32 p50=   14.64 p95=   44.55 p99=   71.26 rps=  16.87
  s2s.crud.fetchAllTickets                      n=  506 err=   0 errRate=  0.00% avg=   20.03 min=   12.90 max=  265.16 p50=   14.41 p95=   42.41 p99=   69.98 rps=  16.87
  s2s.crud.fetchFilms                           n=    1 err=   0 errRate=  0.00% avg=   79.10 min=   79.10 max=   79.10 p50=   79.10 p95=   79.10 p99=   79.10 rps=   0.03
window 1m
  calc.additional.maxViewersSummary             n=  988 err=   0 errRate=  0.00% avg=   18.86 min=   12.94 max=  265.20 p50=   14.18 p95=   32.41 p99=   71.32 rps=  16.47
  controller.AnalyticsController.maxViewersSummary n=  988 err=   0 errRate=  0.00% avg=   19.03 min=   13.03 max=  265.32 p50=   14.37 p95=   32.53 p99=   71.48 rps=  16.47
  s2s.crud.fetchAllTickets                      n=  988 err=   0 errRate=  0.00% avg=   18.62 min=   12.90 max=  265.16 p50=   14.12 p95=   31.41 p99=   71.11 rps=  16.47
  s2s.crud.fetchFilms                           n=    2 err=   0 errRate=  0.00% avg=   66.39 min=   53.68 max=   79.10 p50=   66.39 p95=   77.82 p99=   78.84 rps=   0.03

2026-05-06T20:46:36.416Z  INFO 1 --- [lab8-additional-service] [   scheduling-1] r.h.l.a.o.ObservabilityService           : [lab8-additional-service] observability refresh
window 10s
  calc.additional.maxViewersSummary             n=  169 err=   0 errRate=  0.00% avg=   19.12 min=   13.05 max=   72.00 p50=   14.47 p95=   41.45 p99=   68.06 rps=  16.90
  controller.AnalyticsController.maxViewersSummary n=  169 err=   0 errRate=  0.00% avg=   19.28 min=   13.16 max=   72.26 p50=   14.56 p95=   41.93 p99=   68.19 rps=  16.90
  s2s.crud.fetchAllTickets                      n=  169 err=   0 errRate=  0.00% avg=   19.07 min=   13.01 max=   71.93 p50=   14.43 p95=   41.40 p99=   68.01 rps=  16.90
window 30s
  calc.additional.maxViewersSummary             n=  507 err=   0 errRate=  0.00% avg=   20.16 min=   12.94 max=  265.20 p50=   14.45 p95=   42.40 p99=   71.04 rps=  16.90
  controller.AnalyticsController.maxViewersSummary n=  507 err=   0 errRate=  0.00% avg=   20.32 min=   13.03 max=  265.32 p50=   14.64 p95=   42.60 p99=   71.25 rps=  16.90
  s2s.crud.fetchAllTickets                      n=  507 err=   0 errRate=  0.00% avg=   19.85 min=   12.90 max=  265.16 p50=   14.40 p95=   40.36 p99=   69.98 rps=  16.90
  s2s.crud.fetchFilms                           n=    1 err=   0 errRate=  0.00% avg=   79.10 min=   79.10 max=   79.10 p50=   79.10 p95=   79.10 p99=   79.10 rps=   0.03
window 1m
  calc.additional.maxViewersSummary             n=  988 err=   0 errRate=  0.00% avg=   18.88 min=   12.94 max=  265.20 p50=   14.22 p95=   32.41 p99=   71.32 rps=  16.47
  controller.AnalyticsController.maxViewersSummary n=  988 err=   0 errRate=  0.00% avg=   19.05 min=   13.03 max=  265.32 p50=   14.40 p95=   32.53 p99=   71.48 rps=  16.47
  s2s.crud.fetchAllTickets                      n=  988 err=   0 errRate=  0.00% avg=   18.64 min=   12.90 max=  265.16 p50=   14.17 p95=   31.41 p99=   71.11 rps=  16.47
  s2s.crud.fetchFilms                           n=    2 err=   0 errRate=  0.00% avg=   66.39 min=   53.68 max=   79.10 p50=   66.39 p95=   77.82 p99=   78.84 rps=   0.03

2026-05-06T20:46:37.417Z  INFO 1 --- [lab8-additional-service] [   scheduling-1] r.h.l.a.o.ObservabilityService           : [lab8-additional-service] observability refresh
window 10s
  calc.additional.maxViewersSummary             n=  161 err=   0 errRate=  0.00% avg=   19.27 min=   13.06 max=   72.00 p50=   14.57 p95=   41.19 p99=   68.42 rps=  16.10
  controller.AnalyticsController.maxViewersSummary n=  161 err=   0 errRate=  0.00% avg=   19.43 min=   13.16 max=   72.26 p50=   14.68 p95=   41.78 p99=   68.55 rps=  16.10
  s2s.crud.fetchAllTickets                      n=  161 err=   0 errRate=  0.00% avg=   19.22 min=   13.02 max=   71.93 p50=   14.54 p95=   41.14 p99=   68.37 rps=  16.10
window 30s
  calc.additional.maxViewersSummary             n=  504 err=   0 errRate=  0.00% avg=   20.28 min=   12.94 max=  265.20 p50=   14.53 p95=   43.94 p99=   71.07 rps=  16.80
  controller.AnalyticsController.maxViewersSummary n=  504 err=   0 errRate=  0.00% avg=   20.45 min=   13.03 max=  265.32 p50=   14.72 p95=   44.07 p99=   71.28 rps=  16.80
  s2s.crud.fetchAllTickets                      n=  504 err=   0 errRate=  0.00% avg=   19.97 min=   12.90 max=  265.16 p50=   14.47 p95=   41.51 p99=   69.98 rps=  16.80
  s2s.crud.fetchFilms                           n=    1 err=   0 errRate=  0.00% avg=   79.10 min=   79.10 max=   79.10 p50=   79.10 p95=   79.10 p99=   79.10 rps=   0.03
window 1m
  calc.additional.maxViewersSummary             n=  983 err=   0 errRate=  0.00% avg=   18.96 min=   12.94 max=  265.20 p50=   14.26 p95=   32.71 p99=   71.33 rps=  16.38
  controller.AnalyticsController.maxViewersSummary n=  983 err=   0 errRate=  0.00% avg=   19.13 min=   13.03 max=  265.32 p50=   14.47 p95=   32.85 p99=   71.50 rps=  16.38
  s2s.crud.fetchAllTickets                      n=  983 err=   0 errRate=  0.00% avg=   18.72 min=   12.90 max=  265.16 p50=   14.22 p95=   31.98 p99=   71.12 rps=  16.38
  s2s.crud.fetchFilms                           n=    2 err=   0 errRate=  0.00% avg=   66.39 min=   53.68 max=   79.10 p50=   66.39 p95=   77.82 p99=   78.84 rps=   0.03

2026-05-06T20:46:38.295Z  INFO 1 --- [lab8-additional-service] [   scheduling-1] r.h.l.a.service.FilmCacheService         : film-cache stats: size=310 ttlMs=30000 lastRefreshAtMs=1778100380516 hits=23590 misses=9 refreshes=9
2026-05-06T20:46:38.419Z  INFO 1 --- [lab8-additional-service] [   scheduling-1] r.h.l.a.o.ObservabilityService           : [lab8-additional-service] observability refresh
window 10s
  calc.additional.maxViewersSummary             n=  164 err=   0 errRate=  0.00% avg=   18.99 min=   13.06 max=   72.00 p50=   14.50 p95=   40.04 p99=   68.28 rps=  16.40
  controller.AnalyticsController.maxViewersSummary n=  164 err=   0 errRate=  0.00% avg=   19.15 min=   13.16 max=   72.26 p50=   14.63 p95=   40.56 p99=   68.42 rps=  16.40
  s2s.crud.fetchAllTickets                      n=  164 err=   0 errRate=  0.00% avg=   18.94 min=   13.02 max=   71.93 p50=   14.45 p95=   39.99 p99=   68.24 rps=  16.40
window 30s
  calc.additional.maxViewersSummary             n=  499 err=   0 errRate=  0.00% avg=   20.33 min=   12.94 max=  265.20 p50=   14.53 p95=   44.18 p99=   71.12 rps=  16.63
  controller.AnalyticsController.maxViewersSummary n=  499 err=   0 errRate=  0.00% avg=   20.49 min=   13.03 max=  265.32 p50=   14.70 p95=   44.32 p99=   71.33 rps=  16.63
  s2s.crud.fetchAllTickets                      n=  499 err=   0 errRate=  0.00% avg=   20.01 min=   12.90 max=  265.16 p50=   14.47 p95=   41.69 p99=   70.01 rps=  16.63
  s2s.crud.fetchFilms                           n=    1 err=   0 errRate=  0.00% avg=   79.10 min=   79.10 max=   79.10 p50=   79.10 p95=   79.10 p99=   79.10 rps=   0.03
window 1m
  calc.additional.maxViewersSummary             n=  981 err=   0 errRate=  0.00% avg=   18.82 min=   12.94 max=  265.20 p50=   14.25 p95=   32.08 p99=   71.11 rps=  16.35
  controller.AnalyticsController.maxViewersSummary n=  981 err=   0 errRate=  0.00% avg=   18.99 min=   13.03 max=  265.32 p50=   14.45 p95=   32.23 p99=   71.29 rps=  16.35
  s2s.crud.fetchAllTickets                      n=  981 err=   0 errRate=  0.00% avg=   18.58 min=   12.90 max=  265.16 p50=   14.20 p95=   31.04 p99=   70.20 rps=  16.35
  s2s.crud.fetchFilms                           n=    2 err=   0 errRate=  0.00% avg=   66.39 min=   53.68 max=   79.10 p50=   66.39 p95=   77.82 p99=   78.84 rps=   0.03

2026-05-06T20:46:39.420Z  INFO 1 --- [lab8-additional-service] [   scheduling-1] r.h.l.a.o.ObservabilityService           : [lab8-additional-service] observability refresh
window 10s
  calc.additional.maxViewersSummary             n=  166 err=   0 errRate=  0.00% avg=   18.68 min=   13.06 max=   72.00 p50=   14.31 p95=   33.27 p99=   68.19 rps=  16.60
  controller.AnalyticsController.maxViewersSummary n=  166 err=   0 errRate=  0.00% avg=   18.85 min=   13.16 max=   72.26 p50=   14.49 p95=   33.43 p99=   68.33 rps=  16.60
  s2s.crud.fetchAllTickets                      n=  166 err=   0 errRate=  0.00% avg=   18.64 min=   13.02 max=   71.93 p50=   14.26 p95=   33.21 p99=   68.15 rps=  16.60
window 30s
  calc.additional.maxViewersSummary             n=  500 err=   0 errRate=  0.00% avg=   20.44 min=   12.94 max=  265.20 p50=   14.83 p95=   44.17 p99=   71.11 rps=  16.67
  controller.AnalyticsController.maxViewersSummary n=  500 err=   0 errRate=  0.00% avg=   20.61 min=   13.03 max=  265.32 p50=   15.05 p95=   44.31 p99=   71.32 rps=  16.67
  s2s.crud.fetchAllTickets                      n=  500 err=   0 errRate=  0.00% avg=   20.13 min=   12.90 max=  265.16 p50=   14.76 p95=   41.63 p99=   70.00 rps=  16.67
  s2s.crud.fetchFilms                           n=    1 err=   0 errRate=  0.00% avg=   79.10 min=   79.10 max=   79.10 p50=   79.10 p95=   79.10 p99=   79.10 rps=   0.03
window 1m
  calc.additional.maxViewersSummary             n=  982 err=   0 errRate=  0.00% avg=   18.88 min=   12.94 max=  265.20 p50=   14.28 p95=   32.08 p99=   71.11 rps=  16.37
  controller.AnalyticsController.maxViewersSummary n=  982 err=   0 errRate=  0.00% avg=   19.05 min=   13.03 max=  265.32 p50=   14.49 p95=   32.23 p99=   71.29 rps=  16.37
  s2s.crud.fetchAllTickets                      n=  982 err=   0 errRate=  0.00% avg=   18.64 min=   12.90 max=  265.16 p50=   14.22 p95=   31.03 p99=   70.19 rps=  16.37
  s2s.crud.fetchFilms                           n=    2 err=   0 errRate=  0.00% avg=   66.39 min=   53.68 max=   79.10 p50=   66.39 p95=   77.82 p99=   78.84 rps=   0.03

2026-05-06T20:46:40.421Z  INFO 1 --- [lab8-additional-service] [   scheduling-1] r.h.l.a.o.ObservabilityService           : [lab8-additional-service] observability refresh
window 10s
  calc.additional.maxViewersSummary             n=  156 err=   0 errRate=  0.00% avg=   17.93 min=   13.06 max=   54.26 p50=   14.38 p95=   30.26 p99=   46.99 rps=  15.60
  controller.AnalyticsController.maxViewersSummary n=  156 err=   0 errRate=  0.00% avg=   18.09 min=   13.16 max=   54.42 p50=   14.53 p95=   30.49 p99=   47.32 rps=  15.60
  s2s.crud.fetchAllTickets                      n=  156 err=   0 errRate=  0.00% avg=   17.88 min=   13.02 max=   54.21 p50=   14.33 p95=   30.19 p99=   46.94 rps=  15.60
window 30s
  calc.additional.maxViewersSummary             n=  497 err=   0 errRate=  0.00% avg=   20.56 min=   12.94 max=  265.20 p50=   14.87 p95=   44.43 p99=   71.14 rps=  16.57
  controller.AnalyticsController.maxViewersSummary n=  497 err=   0 errRate=  0.00% avg=   20.73 min=   13.03 max=  265.32 p50=   15.08 p95=   44.64 p99=   71.35 rps=  16.57
  s2s.crud.fetchAllTickets                      n=  497 err=   0 errRate=  0.00% avg=   20.24 min=   12.90 max=  265.16 p50=   14.80 p95=   42.98 p99=   70.03 rps=  16.57
  s2s.crud.fetchFilms                           n=    1 err=   0 errRate=  0.00% avg=   79.10 min=   79.10 max=   79.10 p50=   79.10 p95=   79.10 p99=   79.10 rps=   0.03
window 1m
  calc.additional.maxViewersSummary             n=  983 err=   0 errRate=  0.00% avg=   18.93 min=   12.94 max=  265.20 p50=   14.27 p95=   32.59 p99=   71.11 rps=  16.38
  controller.AnalyticsController.maxViewersSummary n=  983 err=   0 errRate=  0.00% avg=   19.09 min=   13.03 max=  265.32 p50=   14.49 p95=   32.84 p99=   71.29 rps=  16.38
  s2s.crud.fetchAllTickets                      n=  983 err=   0 errRate=  0.00% avg=   18.69 min=   12.90 max=  265.16 p50=   14.22 p95=   31.98 p99=   70.18 rps=  16.38
  s2s.crud.fetchFilms                           n=    2 err=   0 errRate=  0.00% avg=   66.39 min=   53.68 max=   79.10 p50=   66.39 p95=   77.82 p99=   78.84 rps=   0.03

2026-05-06T20:46:41.422Z  INFO 1 --- [lab8-additional-service] [   scheduling-1] r.h.l.a.o.ObservabilityService           : [lab8-additional-service] observability refresh
window 10s
  calc.additional.maxViewersSummary             n=  153 err=   0 errRate=  0.00% avg=   18.03 min=   13.06 max=   86.26 p50=   14.51 p95=   27.71 p99=   50.25 rps=  15.30
  controller.AnalyticsController.maxViewersSummary n=  153 err=   0 errRate=  0.00% avg=   18.20 min=   13.16 max=   86.48 p50=   14.64 p95=   27.87 p99=   50.53 rps=  15.30
  s2s.crud.fetchAllTickets                      n=  153 err=   0 errRate=  0.00% avg=   17.98 min=   13.02 max=   86.21 p50=   14.47 p95=   27.66 p99=   50.20 rps=  15.30
window 30s
  calc.additional.maxViewersSummary             n=  483 err=   0 errRate=  0.00% avg=   20.89 min=   12.94 max=  265.20 p50=   15.20 p95=   45.09 p99=   74.57 rps=  16.10
  controller.AnalyticsController.maxViewersSummary n=  483 err=   0 errRate=  0.00% avg=   21.06 min=   13.03 max=  265.32 p50=   15.36 p95=   45.32 p99=   74.82 rps=  16.10
  s2s.crud.fetchAllTickets                      n=  483 err=   0 errRate=  0.00% avg=   20.57 min=   12.90 max=  265.16 p50=   15.10 p95=   44.33 p99=   71.21 rps=  16.10
  s2s.crud.fetchFilms                           n=    1 err=   0 errRate=  0.00% avg=   79.10 min=   79.10 max=   79.10 p50=   79.10 p95=   79.10 p99=   79.10 rps=   0.03
window 1m
  calc.additional.maxViewersSummary             n=  973 err=   0 errRate=  0.00% avg=   19.04 min=   12.94 max=  265.20 p50=   14.29 p95=   33.03 p99=   71.18 rps=  16.22
  controller.AnalyticsController.maxViewersSummary n=  973 err=   0 errRate=  0.00% avg=   19.21 min=   13.03 max=  265.32 p50=   14.51 p95=   33.19 p99=   71.35 rps=  16.22
  s2s.crud.fetchAllTickets                      n=  973 err=   0 errRate=  0.00% avg=   18.80 min=   12.90 max=  265.16 p50=   14.23 p95=   32.18 p99=   71.06 rps=  16.22
  s2s.crud.fetchFilms                           n=    2 err=   0 errRate=  0.00% avg=   66.39 min=   53.68 max=   79.10 p50=   66.39 p95=   77.82 p99=   78.84 rps=   0.03

2026-05-06T20:46:42.423Z  INFO 1 --- [lab8-additional-service] [   scheduling-1] r.h.l.a.o.ObservabilityService           : [lab8-additional-service] observability refresh
window 10s
  calc.additional.maxViewersSummary             n=  151 err=   0 errRate=  0.00% avg=   17.65 min=   13.07 max=   86.26 p50=   14.45 p95=   24.98 p99=   50.41 rps=  15.10
  controller.AnalyticsController.maxViewersSummary n=  151 err=   0 errRate=  0.00% avg=   17.82 min=   13.16 max=   86.48 p50=   14.66 p95=   25.12 p99=   50.68 rps=  15.10
  s2s.crud.fetchAllTickets                      n=  151 err=   0 errRate=  0.00% avg=   17.60 min=   13.03 max=   86.21 p50=   14.36 p95=   24.93 p99=   50.36 rps=  15.10
window 30s
  calc.additional.maxViewersSummary             n=  482 err=   0 errRate=  0.00% avg=   20.99 min=   13.01 max=  265.20 p50=   15.34 p95=   45.12 p99=   74.71 rps=  16.07
  controller.AnalyticsController.maxViewersSummary n=  482 err=   0 errRate=  0.00% avg=   21.16 min=   13.12 max=  265.32 p50=   15.60 p95=   45.35 p99=   74.96 rps=  16.07
  s2s.crud.fetchAllTickets                      n=  482 err=   0 errRate=  0.00% avg=   20.67 min=   12.98 max=  265.16 p50=   15.29 p95=   44.34 p99=   71.21 rps=  16.07
  s2s.crud.fetchFilms                           n=    1 err=   0 errRate=  0.00% avg=   79.10 min=   79.10 max=   79.10 p50=   79.10 p95=   79.10 p99=   79.10 rps=   0.03
window 1m
  calc.additional.maxViewersSummary             n=  977 err=   0 errRate=  0.00% avg=   19.03 min=   12.94 max=  265.20 p50=   14.35 p95=   32.88 p99=   71.17 rps=  16.28
  controller.AnalyticsController.maxViewersSummary n=  977 err=   0 errRate=  0.00% avg=   19.20 min=   13.03 max=  265.32 p50=   14.53 p95=   33.03 p99=   71.34 rps=  16.28
  s2s.crud.fetchAllTickets                      n=  977 err=   0 errRate=  0.00% avg=   18.79 min=   12.90 max=  265.16 p50=   14.28 p95=   32.11 p99=   71.06 rps=  16.28
  s2s.crud.fetchFilms                           n=    2 err=   0 errRate=  0.00% avg=   66.39 min=   53.68 max=   79.10 p50=   66.39 p95=   77.82 p99=   78.84 rps=   0.03

2026-05-06T20:46:43.424Z  INFO 1 --- [lab8-additional-service] [   scheduling-1] r.h.l.a.o.ObservabilityService           : [lab8-additional-service] observability refresh
window 10s
  calc.additional.maxViewersSummary             n=  143 err=   0 errRate=  0.00% avg=   19.76 min=   13.07 max=   86.26 p50=   15.60 p95=   46.35 p99=   64.56 rps=  14.30
  controller.AnalyticsController.maxViewersSummary n=  143 err=   0 errRate=  0.00% avg=   19.94 min=   13.19 max=   86.48 p50=   15.73 p95=   46.71 p99=   64.74 rps=  14.30
  s2s.crud.fetchAllTickets                      n=  143 err=   0 errRate=  0.00% avg=   19.71 min=   13.03 max=   86.21 p50=   15.55 p95=   46.30 p99=   64.52 rps=  14.30
window 30s
  calc.additional.maxViewersSummary             n=  481 err=   0 errRate=  0.00% avg=   21.46 min=   13.01 max=  265.20 p50=   15.47 p95=   48.58 p99=   74.86 rps=  16.03
  controller.AnalyticsController.maxViewersSummary n=  481 err=   0 errRate=  0.00% avg=   21.63 min=   13.12 max=  265.32 p50=   15.64 p95=   48.77 p99=   75.10 rps=  16.03
  s2s.crud.fetchAllTickets                      n=  481 err=   0 errRate=  0.00% avg=   21.14 min=   12.98 max=  265.16 p50=   15.44 p95=   47.47 p99=   71.22 rps=  16.03
  s2s.crud.fetchFilms                           n=    1 err=   0 errRate=  0.00% avg=   79.10 min=   79.10 max=   79.10 p50=   79.10 p95=   79.10 p99=   79.10 rps=   0.03
window 1m
  calc.additional.maxViewersSummary             n=  975 err=   0 errRate=  0.00% avg=   19.32 min=   12.94 max=  265.20 p50=   14.38 p95=   41.32 p99=   71.17 rps=  16.25
  controller.AnalyticsController.maxViewersSummary n=  975 err=   0 errRate=  0.00% avg=   19.49 min=   13.03 max=  265.32 p50=   14.56 p95=   41.86 p99=   71.34 rps=  16.25
  s2s.crud.fetchAllTickets                      n=  975 err=   0 errRate=  0.00% avg=   19.08 min=   12.90 max=  265.16 p50=   14.32 p95=   37.63 p99=   71.06 rps=  16.25
  s2s.crud.fetchFilms                           n=    2 err=   0 errRate=  0.00% avg=   66.39 min=   53.68 max=   79.10 p50=   66.39 p95=   77.82 p99=   78.84 rps=   0.03

2026-05-06T20:46:44.425Z  INFO 1 --- [lab8-additional-service] [   scheduling-1] r.h.l.a.o.ObservabilityService           : [lab8-additional-service] observability refresh
window 10s
  calc.additional.maxViewersSummary             n=  140 err=   0 errRate=  0.00% avg=   25.01 min=   13.07 max=  140.50 p50=   17.31 p95=   86.31 p99=  130.58 rps=  14.00
  controller.AnalyticsController.maxViewersSummary n=  140 err=   0 errRate=  0.00% avg=   25.19 min=   13.19 max=  140.63 p50=   17.49 p95=   86.53 p99=  130.74 rps=  14.00
  s2s.crud.fetchAllTickets                      n=  140 err=   0 errRate=  0.00% avg=   24.96 min=   13.03 max=  140.45 p50=   17.22 p95=   86.26 p99=  130.52 rps=  14.00
window 30s
  calc.additional.maxViewersSummary             n=  464 err=   0 errRate=  0.00% avg=   22.94 min=   13.01 max=  265.20 p50=   15.51 p95=   59.43 p99=  106.51 rps=  15.47
  controller.AnalyticsController.maxViewersSummary n=  464 err=   0 errRate=  0.00% avg=   23.12 min=   13.12 max=  265.32 p50=   15.68 p95=   59.61 p99=  106.70 rps=  15.47
  s2s.crud.fetchAllTickets                      n=  464 err=   0 errRate=  0.00% avg=   22.61 min=   12.98 max=  265.16 p50=   15.47 p95=   54.29 p99=  106.46 rps=  15.47
  s2s.crud.fetchFilms                           n=    1 err=   0 errRate=  0.00% avg=   79.10 min=   79.10 max=   79.10 p50=   79.10 p95=   79.10 p99=   79.10 rps=   0.03
window 1m
  calc.additional.maxViewersSummary             n=  968 err=   0 errRate=  0.00% avg=   20.04 min=   12.94 max=  265.20 p50=   14.39 p95=   44.94 p99=   87.08 rps=  16.13
  controller.AnalyticsController.maxViewersSummary n=  968 err=   0 errRate=  0.00% avg=   20.22 min=   13.03 max=  265.32 p50=   14.59 p95=   45.14 p99=   87.57 rps=  16.13
  s2s.crud.fetchAllTickets                      n=  968 err=   0 errRate=  0.00% avg=   19.80 min=   12.90 max=  265.16 p50=   14.33 p95=   44.27 p99=   86.47 rps=  16.13
  s2s.crud.fetchFilms                           n=    2 err=   0 errRate=  0.00% avg=   66.39 min=   53.68 max=   79.10 p50=   66.39 p95=   77.82 p99=   78.84 rps=   0.03

2026-05-06T20:46:45.426Z  INFO 1 --- [lab8-additional-service] [   scheduling-1] r.h.l.a.o.ObservabilityService           : [lab8-additional-service] observability refresh
window 10s
  calc.additional.maxViewersSummary             n=  125 err=   0 errRate=  0.00% avg=   27.10 min=   13.07 max=  140.50 p50=   18.49 p95=   91.05 p99=  133.68 rps=  12.50
  controller.AnalyticsController.maxViewersSummary n=  125 err=   0 errRate=  0.00% avg=   27.28 min=   13.19 max=  140.63 p50=   18.60 p95=   91.28 p99=  133.83 rps=  12.50
  s2s.crud.fetchAllTickets                      n=  125 err=   0 errRate=  0.00% avg=   27.05 min=   13.03 max=  140.45 p50=   18.45 p95=   90.97 p99=  133.63 rps=  12.50
window 30s
  calc.additional.maxViewersSummary             n=  442 err=   0 errRate=  0.00% avg=   23.61 min=   13.01 max=  265.20 p50=   15.86 p95=   66.39 p99=  110.52 rps=  14.73
  controller.AnalyticsController.maxViewersSummary n=  442 err=   0 errRate=  0.00% avg=   23.78 min=   13.12 max=  265.32 p50=   16.14 p95=   66.54 p99=  110.70 rps=  14.73
  s2s.crud.fetchAllTickets                      n=  442 err=   0 errRate=  0.00% avg=   23.27 min=   12.98 max=  265.16 p50=   15.81 p95=   60.09 p99=  110.46 rps=  14.73
  s2s.crud.fetchFilms                           n=    1 err=   0 errRate=  0.00% avg=   79.10 min=   79.10 max=   79.10 p50=   79.10 p95=   79.10 p99=   79.10 rps=   0.03
window 1m
  calc.additional.maxViewersSummary             n=  957 err=   0 errRate=  0.00% avg=   20.26 min=   12.94 max=  265.20 p50=   14.44 p95=   46.92 p99=   89.29 rps=  15.95
  controller.AnalyticsController.maxViewersSummary n=  957 err=   0 errRate=  0.00% avg=   20.43 min=   13.03 max=  265.32 p50=   14.62 p95=   47.11 p99=   89.71 rps=  15.95
  s2s.crud.fetchAllTickets                      n=  957 err=   0 errRate=  0.00% avg=   20.02 min=   12.90 max=  265.16 p50=   14.38 p95=   44.62 p99=   87.04 rps=  15.95
  s2s.crud.fetchFilms                           n=    2 err=   0 errRate=  0.00% avg=   66.39 min=   53.68 max=   79.10 p50=   66.39 p95=   77.82 p99=   78.84 rps=   0.03

2026-05-06T20:46:46.428Z  INFO 1 --- [lab8-additional-service] [   scheduling-1] r.h.l.a.o.ObservabilityService           : [lab8-additional-service] observability refresh
window 10s
  calc.additional.maxViewersSummary             n=  112 err=   0 errRate=  0.00% avg=   31.55 min=   13.22 max=  145.07 p50=   19.71 p95=   96.10 p99=  140.30 rps=  11.20
  controller.AnalyticsController.maxViewersSummary n=  112 err=   0 errRate=  0.00% avg=   31.74 min=   13.35 max=  145.27 p50=   19.84 p95=   96.32 p99=  140.42 rps=  11.20
  s2s.crud.fetchAllTickets                      n=  112 err=   0 errRate=  0.00% avg=   31.49 min=   13.18 max=  145.00 p50=   19.67 p95=   96.05 p99=  140.25 rps=  11.20
window 30s
  calc.additional.maxViewersSummary             n=  425 err=   0 errRate=  0.00% avg=   24.48 min=   13.01 max=  265.20 p50=   16.16 p95=   70.01 p99=  133.68 rps=  14.17
  controller.AnalyticsController.maxViewersSummary n=  425 err=   0 errRate=  0.00% avg=   24.65 min=   13.12 max=  265.32 p50=   16.31 p95=   70.25 p99=  133.83 rps=  14.17
  s2s.crud.fetchAllTickets                      n=  425 err=   0 errRate=  0.00% avg=   24.12 min=   12.98 max=  265.16 p50=   16.08 p95=   69.41 p99=  133.63 rps=  14.17
  s2s.crud.fetchFilms                           n=    1 err=   0 errRate=  0.00% avg=   79.10 min=   79.10 max=   79.10 p50=   79.10 p95=   79.10 p99=   79.10 rps=   0.03
window 1m
  calc.additional.maxViewersSummary             n=  944 err=   0 errRate=  0.00% avg=   20.68 min=   12.94 max=  265.20 p50=   14.44 p95=   51.13 p99=   95.25 rps=  15.73
  controller.AnalyticsController.maxViewersSummary n=  944 err=   0 errRate=  0.00% avg=   20.85 min=   13.03 max=  265.32 p50=   14.62 p95=   51.26 p99=   95.47 rps=  15.73
  s2s.crud.fetchAllTickets                      n=  944 err=   0 errRate=  0.00% avg=   20.43 min=   12.90 max=  265.16 p50=   14.38 p95=   47.65 p99=   93.84 rps=  15.73
  s2s.crud.fetchFilms                           n=    2 err=   0 errRate=  0.00% avg=   66.39 min=   53.68 max=   79.10 p50=   66.39 p95=   77.82 p99=   78.84 rps=   0.03

2026-05-06T20:46:47.429Z  INFO 1 --- [lab8-additional-service] [   scheduling-1] r.h.l.a.o.ObservabilityService           : [lab8-additional-service] observability refresh
window 10s
  calc.additional.maxViewersSummary             n=  103 err=   0 errRate=  0.00% avg=   36.52 min=   13.22 max=  149.47 p50=   20.08 p95=   99.55 p99=  144.98 rps=  10.30
  controller.AnalyticsController.maxViewersSummary n=  103 err=   0 errRate=  0.00% avg=   36.71 min=   13.35 max=  149.69 p50=   20.23 p95=   99.73 p99=  145.18 rps=  10.30
  s2s.crud.fetchAllTickets                      n=  103 err=   0 errRate=  0.00% avg=   36.46 min=   13.18 max=  149.42 p50=   20.03 p95=   99.50 p99=  144.91 rps=  10.30
window 30s
  calc.additional.maxViewersSummary             n=  414 err=   0 errRate=  0.00% avg=   25.57 min=   13.01 max=  265.20 p50=   18.08 p95=   82.98 p99=  140.26 rps=  13.80
  controller.AnalyticsController.maxViewersSummary n=  414 err=   0 errRate=  0.00% avg=   25.74 min=   13.12 max=  265.32 p50=   18.26 p95=   83.17 p99=  140.39 rps=  13.80
  s2s.crud.fetchAllTickets                      n=  414 err=   0 errRate=  0.00% avg=   25.20 min=   12.98 max=  265.16 p50=   17.22 p95=   80.95 p99=  140.21 rps=  13.80
  s2s.crud.fetchFilms                           n=    1 err=   0 errRate=  0.00% avg=   79.10 min=   79.10 max=   79.10 p50=   79.10 p95=   79.10 p99=   79.10 rps=   0.03
window 1m
  calc.additional.maxViewersSummary             n=  933 err=   0 errRate=  0.00% avg=   21.19 min=   12.94 max=  265.20 p50=   14.47 p95=   54.79 p99=   97.12 rps=  15.55
  controller.AnalyticsController.maxViewersSummary n=  933 err=   0 errRate=  0.00% avg=   21.36 min=   13.03 max=  265.32 p50=   14.66 p95=   55.05 p99=   97.31 rps=  15.55
  s2s.crud.fetchAllTickets                      n=  933 err=   0 errRate=  0.00% avg=   20.93 min=   12.90 max=  265.16 p50=   14.41 p95=   52.24 p99=   97.07 rps=  15.55
  s2s.crud.fetchFilms                           n=    2 err=   0 errRate=  0.00% avg=   66.39 min=   53.68 max=   79.10 p50=   66.39 p95=   77.82 p99=   78.84 rps=   0.03

2026-05-06T20:46:48.295Z  INFO 1 --- [lab8-additional-service] [   scheduling-1] r.h.l.a.service.FilmCacheService         : film-cache stats: size=310 ttlMs=30000 lastRefreshAtMs=1778100380516 hits=23689 misses=9 refreshes=9
2026-05-06T20:46:48.430Z  INFO 1 --- [lab8-additional-service] [   scheduling-1] r.h.l.a.o.ObservabilityService           : [lab8-additional-service] observability refresh
window 10s
  calc.additional.maxViewersSummary             n=   98 err=   0 errRate=  0.00% avg=   45.71 min=   13.22 max=  149.47 p50=   20.53 p95=  133.54 p99=  145.20 rps=   9.80
  controller.AnalyticsController.maxViewersSummary n=   98 err=   0 errRate=  0.00% avg=   45.91 min=   13.35 max=  149.69 p50=   20.81 p95=  133.87 p99=  145.41 rps=   9.80
  s2s.crud.fetchAllTickets                      n=   98 err=   0 errRate=  0.00% avg=   45.65 min=   13.18 max=  149.42 p50=   20.48 p95=  133.46 p99=  145.14 rps=   9.80
window 30s
  calc.additional.maxViewersSummary             n=  411 err=   0 errRate=  0.00% avg=   26.88 min=   13.01 max=  265.20 p50=   17.86 p95=   95.23 p99=  140.43 rps=  13.70
  controller.AnalyticsController.maxViewersSummary n=  411 err=   0 errRate=  0.00% avg=   27.05 min=   13.12 max=  265.32 p50=   18.05 p95=   95.45 p99=  140.56 rps=  13.70
  s2s.crud.fetchAllTickets                      n=  411 err=   0 errRate=  0.00% avg=   26.51 min=   12.98 max=  265.16 p50=   17.04 p95=   93.66 p99=  140.38 rps=  13.70
  s2s.crud.fetchFilms                           n=    1 err=   0 errRate=  0.00% avg=   79.10 min=   79.10 max=   79.10 p50=   79.10 p95=   79.10 p99=   79.10 rps=   0.03
window 1m
  calc.additional.maxViewersSummary             n=  923 err=   0 errRate=  0.00% avg=   22.10 min=   12.94 max=  265.20 p50=   14.53 p95=   64.32 p99=  115.35 rps=  15.38
  controller.AnalyticsController.maxViewersSummary n=  923 err=   0 errRate=  0.00% avg=   22.27 min=   13.03 max=  265.32 p50=   14.71 p95=   64.80 p99=  115.50 rps=  15.38
  s2s.crud.fetchAllTickets                      n=  923 err=   0 errRate=  0.00% avg=   21.84 min=   12.90 max=  265.16 p50=   14.47 p95=   62.66 p99=  115.31 rps=  15.38
  s2s.crud.fetchFilms                           n=    2 err=   0 errRate=  0.00% avg=   66.39 min=   53.68 max=   79.10 p50=   66.39 p95=   77.82 p99=   78.84 rps=   0.03

2026-05-06T20:46:49.431Z  INFO 1 --- [lab8-additional-service] [   scheduling-1] r.h.l.a.o.ObservabilityService           : [lab8-additional-service] observability refresh
window 10s
  calc.additional.maxViewersSummary             n=   84 err=   0 errRate=  0.00% avg=   57.90 min=   13.28 max=  179.13 p50=   37.51 p95=  144.38 p99=  175.05 rps=   8.40
  controller.AnalyticsController.maxViewersSummary n=   84 err=   0 errRate=  0.00% avg=   58.11 min=   13.44 max=  179.44 p50=   37.75 p95=  144.58 p99=  175.22 rps=   8.40
  s2s.crud.fetchAllTickets                      n=   84 err=   0 errRate=  0.00% avg=   57.84 min=   13.22 max=  179.04 p50=   37.41 p95=  144.32 p99=  175.00 rps=   8.40
window 30s
  calc.additional.maxViewersSummary             n=  409 err=   0 errRate=  0.00% avg=   28.46 min=   13.01 max=  265.20 p50=   18.29 p95=   97.08 p99=  150.81 rps=  13.63
  controller.AnalyticsController.maxViewersSummary n=  409 err=   0 errRate=  0.00% avg=   28.64 min=   13.12 max=  265.32 p50=   18.46 p95=   97.28 p99=  150.99 rps=  13.63
  s2s.crud.fetchAllTickets                      n=  409 err=   0 errRate=  0.00% avg=   28.09 min=   12.98 max=  265.16 p50=   17.40 p95=   97.03 p99=  150.74 rps=  13.63
  s2s.crud.fetchFilms                           n=    1 err=   0 errRate=  0.00% avg=   79.10 min=   79.10 max=   79.10 p50=   79.10 p95=   79.10 p99=   79.10 rps=   0.03
window 1m
  calc.additional.maxViewersSummary             n=  911 err=   0 errRate=  0.00% avg=   22.88 min=   12.94 max=  265.20 p50=   14.53 p95=   69.83 p99=  138.03 rps=  15.18
  controller.AnalyticsController.maxViewersSummary n=  911 err=   0 errRate=  0.00% avg=   23.06 min=   13.03 max=  265.32 p50=   14.74 p95=   70.01 p99=  138.20 rps=  15.18
  s2s.crud.fetchAllTickets                      n=  911 err=   0 errRate=  0.00% avg=   22.63 min=   12.90 max=  265.16 p50=   14.49 p95=   67.05 p99=  137.98 rps=  15.18
  s2s.crud.fetchFilms                           n=    2 err=   0 errRate=  0.00% avg=   66.39 min=   53.68 max=   79.10 p50=   66.39 p95=   77.82 p99=   78.84 rps=   0.03

2026-05-06T20:46:50.432Z  INFO 1 --- [lab8-additional-service] [   scheduling-1] r.h.l.a.o.ObservabilityService           : [lab8-additional-service] observability refresh
window 10s
  calc.additional.maxViewersSummary             n=   73 err=   0 errRate=  0.00% avg=   69.45 min=   13.31 max=  179.13 p50=   63.39 p95=  155.85 p99=  175.59 rps=   7.30
  controller.AnalyticsController.maxViewersSummary n=   73 err=   0 errRate=  0.00% avg=   69.66 min=   13.46 max=  179.44 p50=   63.56 p95=  156.02 p99=  175.78 rps=   7.30
  s2s.crud.fetchAllTickets                      n=   73 err=   0 errRate=  0.00% avg=   69.39 min=   13.27 max=  179.04 p50=   63.33 p95=  155.80 p99=  175.53 rps=   7.30
window 30s
  calc.additional.maxViewersSummary             n=  396 err=   0 errRate=  0.00% avg=   29.01 min=   13.05 max=  247.63 p50=   17.31 p95=  100.26 p99=  161.57 rps=  13.20
  controller.AnalyticsController.maxViewersSummary n=  396 err=   0 errRate=  0.00% avg=   29.18 min=   13.16 max=  247.75 p50=   17.49 p95=  100.52 p99=  161.74 rps=  13.20
  s2s.crud.fetchAllTickets                      n=  396 err=   0 errRate=  0.00% avg=   28.63 min=   13.01 max=  247.57 p50=   16.77 p95=  100.20 p99=  161.52 rps=  13.20
  s2s.crud.fetchFilms                           n=    1 err=   0 errRate=  0.00% avg=   79.10 min=   79.10 max=   79.10 p50=   79.10 p95=   79.10 p99=   79.10 rps=   0.03
window 1m
  calc.additional.maxViewersSummary             n=  896 err=   0 errRate=  0.00% avg=   23.49 min=   12.94 max=  265.20 p50=   14.66 p95=   71.11 p99=  145.29 rps=  14.93
  controller.AnalyticsController.maxViewersSummary n=  896 err=   0 errRate=  0.00% avg=   23.67 min=   13.03 max=  265.32 p50=   14.91 p95=   71.29 p99=  145.50 rps=  14.93
  s2s.crud.fetchAllTickets                      n=  896 err=   0 errRate=  0.00% avg=   23.23 min=   12.90 max=  265.16 p50=   14.62 p95=   70.25 p99=  145.22 rps=  14.93
  s2s.crud.fetchFilms                           n=    2 err=   0 errRate=  0.00% avg=   66.39 min=   53.68 max=   79.10 p50=   66.39 p95=   77.82 p99=   78.84 rps=   0.03

2026-05-06T20:46:51.435Z  INFO 1 --- [lab8-additional-service] [   scheduling-1] r.h.l.a.o.ObservabilityService           : [lab8-additional-service] observability refresh
window 10s
  calc.additional.maxViewersSummary             n=   62 err=   0 errRate=  0.00% avg=   77.51 min=   13.31 max=  179.13 p50=   85.85 p95=  161.04 p99=  176.13 rps=   6.20
  controller.AnalyticsController.maxViewersSummary n=   62 err=   0 errRate=  0.00% avg=   77.73 min=   13.46 max=  179.44 p50=   86.12 p95=  161.21 p99=  176.34 rps=   6.20
  controller.ObservabilityController.getStats   n=    1 err=   0 errRate=  0.00% avg=   11.27 min=   11.27 max=   11.27 p50=   11.27 p95=   11.27 p99=   11.27 rps=   0.10
  s2s.crud.fetchAllTickets                      n=   62 err=   0 errRate=  0.00% avg=   77.46 min=   13.27 max=  179.04 p50=   85.80 p95=  160.99 p99=  176.07 rps=   6.20
window 30s
  calc.additional.maxViewersSummary             n=  376 err=   0 errRate=  0.00% avg=   29.15 min=   13.05 max=  247.63 p50=   17.31 p95=  104.42 p99=  161.81 rps=  12.53
  controller.AnalyticsController.maxViewersSummary n=  376 err=   0 errRate=  0.00% avg=   29.32 min=   13.16 max=  247.75 p50=   17.49 p95=  104.84 p99=  162.00 rps=  12.53
  controller.ObservabilityController.getStats   n=    1 err=   0 errRate=  0.00% avg=   11.27 min=   11.27 max=   11.27 p50=   11.27 p95=   11.27 p99=   11.27 rps=   0.03
  s2s.crud.fetchAllTickets                      n=  376 err=   0 errRate=  0.00% avg=   29.09 min=   13.01 max=  247.57 p50=   17.22 p95=  104.37 p99=  161.75 rps=  12.53
window 1m
  calc.additional.maxViewersSummary             n=  884 err=   0 errRate=  0.00% avg=   23.53 min=   12.94 max=  265.20 p50=   14.66 p95=   71.13 p99=  145.82 rps=  14.73
  controller.AnalyticsController.maxViewersSummary n=  884 err=   0 errRate=  0.00% avg=   23.70 min=   13.03 max=  265.32 p50=   14.91 p95=   71.31 p99=  146.03 rps=  14.73
  controller.ObservabilityController.getStats   n=    1 err=   0 errRate=  0.00% avg=   11.27 min=   11.27 max=   11.27 p50=   11.27 p95=   11.27 p99=   11.27 rps=   0.02
  s2s.crud.fetchAllTickets                      n=  884 err=   0 errRate=  0.00% avg=   23.33 min=   12.90 max=  265.16 p50=   14.62 p95=   70.89 p99=  145.75 rps=  14.73
  s2s.crud.fetchFilms                           n=    1 err=   0 errRate=  0.00% avg=   79.10 min=   79.10 max=   79.10 p50=   79.10 p95=   79.10 p99=   79.10 rps=   0.02

