Picked up JAVA_TOOL_OPTIONS: 

  .   ____          _            __ _ _
 /\\ / ___'_ __ _ _(_)_ __  __ _ \ \ \ \
( ( )\___ | '_ | '_| | '_ \/ _` | \ \ \ \
 \\/  ___)| |_)| | | | | || (_| |  ) ) ) )
  '  |____| .__|_| |_|_| |_\__, | / / / /
 =========|_|==============|___/=/_/_/_/

 :: Spring Boot ::                (v4.0.3)

2026-05-05T22:57:57.833Z  INFO 1 --- [lab8-additional-service] [           main] r.h.l.a.AdditionalServiceApplication     : Starting AdditionalServiceApplication v1.0-SNAPSHOT using Java 25.0.3 with PID 1 (/app/app.jar started by spring in /app)
2026-05-05T22:57:57.842Z  INFO 1 --- [lab8-additional-service] [           main] r.h.l.a.AdditionalServiceApplication     : No active profile set, falling back to 1 default profile: "default"
2026-05-05T22:58:03.939Z  INFO 1 --- [lab8-additional-service] [           main] o.s.boot.tomcat.TomcatWebServer          : Tomcat initialized with port 8081 (http)
2026-05-05T22:58:03.964Z  INFO 1 --- [lab8-additional-service] [           main] o.apache.catalina.core.StandardService   : Starting service [Tomcat]
2026-05-05T22:58:03.964Z  INFO 1 --- [lab8-additional-service] [           main] o.apache.catalina.core.StandardEngine    : Starting Servlet engine: [Apache Tomcat/11.0.18]
2026-05-05T22:58:04.435Z  INFO 1 --- [lab8-additional-service] [           main] b.w.c.s.WebApplicationContextInitializer : Root WebApplicationContext: initialization completed in 6182 ms
2026-05-05T22:58:08.735Z  INFO 1 --- [lab8-additional-service] [           main] o.s.boot.tomcat.TomcatWebServer          : Tomcat started on port 8081 (http) with context path '/'
2026-05-05T22:58:08.749Z  INFO 1 --- [lab8-additional-service] [   scheduling-1] r.h.l.a.service.FilmCacheService         : film-cache stats: size=0 ttlMs=30000 lastRefreshAtMs=0 hits=0 misses=0 refreshes=0
2026-05-05T22:58:08.758Z  INFO 1 --- [lab8-additional-service] [           main] r.h.l.a.AdditionalServiceApplication     : Started AdditionalServiceApplication in 13.311 seconds (process running for 16.299)
2026-05-05T22:58:18.742Z  INFO 1 --- [lab8-additional-service] [   scheduling-1] r.h.l.a.service.FilmCacheService         : film-cache stats: size=0 ttlMs=30000 lastRefreshAtMs=0 hits=0 misses=0 refreshes=0
2026-05-05T22:58:28.742Z  INFO 1 --- [lab8-additional-service] [   scheduling-1] r.h.l.a.service.FilmCacheService         : film-cache stats: size=0 ttlMs=30000 lastRefreshAtMs=0 hits=0 misses=0 refreshes=0
2026-05-05T22:58:38.742Z  INFO 1 --- [lab8-additional-service] [   scheduling-1] r.h.l.a.service.FilmCacheService         : film-cache stats: size=0 ttlMs=30000 lastRefreshAtMs=0 hits=0 misses=0 refreshes=0
2026-05-05T22:58:48.742Z  INFO 1 --- [lab8-additional-service] [   scheduling-1] r.h.l.a.service.FilmCacheService         : film-cache stats: size=0 ttlMs=30000 lastRefreshAtMs=0 hits=0 misses=0 refreshes=0
2026-05-05T22:58:58.742Z  INFO 1 --- [lab8-additional-service] [   scheduling-1] r.h.l.a.service.FilmCacheService         : film-cache stats: size=0 ttlMs=30000 lastRefreshAtMs=0 hits=0 misses=0 refreshes=0
2026-05-05T22:59:08.742Z  INFO 1 --- [lab8-additional-service] [   scheduling-1] r.h.l.a.service.FilmCacheService         : film-cache stats: size=0 ttlMs=30000 lastRefreshAtMs=0 hits=0 misses=0 refreshes=0
2026-05-05T22:59:18.742Z  INFO 1 --- [lab8-additional-service] [   scheduling-1] r.h.l.a.service.FilmCacheService         : film-cache stats: size=0 ttlMs=30000 lastRefreshAtMs=0 hits=0 misses=0 refreshes=0
2026-05-05T22:59:25.650Z  INFO 1 --- [lab8-additional-service] [io-8081-exec-17] o.a.c.c.C.[Tomcat].[localhost].[/]       : Initializing Spring DispatcherServlet 'dispatcherServlet'
2026-05-05T22:59:25.651Z  INFO 1 --- [lab8-additional-service] [io-8081-exec-17] o.s.web.servlet.DispatcherServlet        : Initializing Servlet 'dispatcherServlet'
2026-05-05T22:59:25.652Z  INFO 1 --- [lab8-additional-service] [io-8081-exec-17] o.s.web.servlet.DispatcherServlet        : Completed initialization in 1 ms
2026-05-05T22:59:27.850Z  INFO 1 --- [lab8-additional-service] [   scheduling-1] r.h.l.a.o.ObservabilityService           : [lab8-additional-service] observability refresh
window 10s
  calc.additional.maxViewersSummary             n=    7 err=   0 errRate=  0.00% avg= 1592.67 min= 1416.19 max= 1699.57 p50= 1638.92 p95= 1699.44 p99= 1699.55 rps=   0.70
  controller.AnalyticsController.maxViewersSummary n=    7 err=   0 errRate=  0.00% avg= 1949.73 min= 1906.96 max= 2001.52 p50= 1916.87 p95= 2000.95 p99= 2001.41 rps=   0.70
  s2s.crud.fetchAllTickets                      n=    7 err=   0 errRate=  0.00% avg=  207.83 min=   93.14 max=  286.15 p50=  231.54 p95=  284.27 p99=  285.77 rps=   0.70
  s2s.crud.fetchFilms                           n=    1 err=   0 errRate=  0.00% avg= 1294.58 min= 1294.58 max= 1294.58 p50= 1294.58 p95= 1294.58 p99= 1294.58 rps=   0.10
window 30s
  calc.additional.maxViewersSummary             n=    7 err=   0 errRate=  0.00% avg= 1592.67 min= 1416.19 max= 1699.57 p50= 1638.92 p95= 1699.44 p99= 1699.55 rps=   0.23
  controller.AnalyticsController.maxViewersSummary n=    7 err=   0 errRate=  0.00% avg= 1949.73 min= 1906.96 max= 2001.52 p50= 1916.87 p95= 2000.95 p99= 2001.41 rps=   0.23
  s2s.crud.fetchAllTickets                      n=    7 err=   0 errRate=  0.00% avg=  207.83 min=   93.14 max=  286.15 p50=  231.54 p95=  284.27 p99=  285.77 rps=   0.23
  s2s.crud.fetchFilms                           n=    1 err=   0 errRate=  0.00% avg= 1294.58 min= 1294.58 max= 1294.58 p50= 1294.58 p95= 1294.58 p99= 1294.58 rps=   0.03
window 1m
  calc.additional.maxViewersSummary             n=    7 err=   0 errRate=  0.00% avg= 1592.67 min= 1416.19 max= 1699.57 p50= 1638.92 p95= 1699.44 p99= 1699.55 rps=   0.12
  controller.AnalyticsController.maxViewersSummary n=    7 err=   0 errRate=  0.00% avg= 1949.73 min= 1906.96 max= 2001.52 p50= 1916.87 p95= 2000.95 p99= 2001.41 rps=   0.12
  s2s.crud.fetchAllTickets                      n=    7 err=   0 errRate=  0.00% avg=  207.83 min=   93.14 max=  286.15 p50=  231.54 p95=  284.27 p99=  285.77 rps=   0.12
  s2s.crud.fetchFilms                           n=    1 err=   0 errRate=  0.00% avg= 1294.58 min= 1294.58 max= 1294.58 p50= 1294.58 p95= 1294.58 p99= 1294.58 rps=   0.02

2026-05-05T22:59:28.742Z  INFO 1 --- [lab8-additional-service] [   scheduling-1] r.h.l.a.service.FilmCacheService         : film-cache stats: size=300 ttlMs=30000 lastRefreshAtMs=1778021966056 hits=85 misses=1 refreshes=1
2026-05-05T22:59:28.854Z  INFO 1 --- [lab8-additional-service] [   scheduling-1] r.h.l.a.o.ObservabilityService           : [lab8-additional-service] observability refresh
window 10s
  calc.additional.maxViewersSummary             n=   79 err=   0 errRate=  0.00% avg=  805.44 min=  125.33 max= 2098.72 p50=  292.81 p95= 2000.31 p99= 2029.01 rps=   7.90
  controller.AnalyticsController.maxViewersSummary n=   79 err=   0 errRate=  0.00% avg=  921.19 min=  134.79 max= 2402.40 p50=  296.22 p95= 2301.17 p99= 2384.37 rps=   7.90
  s2s.crud.fetchAllTickets                      n=   79 err=   0 errRate=  0.00% avg=  288.83 min=   93.14 max=  599.37 p50=  266.73 p95=  576.81 p99=  598.71 rps=   7.90
  s2s.crud.fetchFilms                           n=    1 err=   0 errRate=  0.00% avg= 1294.58 min= 1294.58 max= 1294.58 p50= 1294.58 p95= 1294.58 p99= 1294.58 rps=   0.10
window 30s
  calc.additional.maxViewersSummary             n=   79 err=   0 errRate=  0.00% avg=  805.44 min=  125.33 max= 2098.72 p50=  292.81 p95= 2000.31 p99= 2029.01 rps=   2.63
  controller.AnalyticsController.maxViewersSummary n=   79 err=   0 errRate=  0.00% avg=  921.19 min=  134.79 max= 2402.40 p50=  296.22 p95= 2301.17 p99= 2384.37 rps=   2.63
  s2s.crud.fetchAllTickets                      n=   79 err=   0 errRate=  0.00% avg=  288.83 min=   93.14 max=  599.37 p50=  266.73 p95=  576.81 p99=  598.71 rps=   2.63
  s2s.crud.fetchFilms                           n=    1 err=   0 errRate=  0.00% avg= 1294.58 min= 1294.58 max= 1294.58 p50= 1294.58 p95= 1294.58 p99= 1294.58 rps=   0.03
window 1m
  calc.additional.maxViewersSummary             n=   79 err=   0 errRate=  0.00% avg=  805.44 min=  125.33 max= 2098.72 p50=  292.81 p95= 2000.31 p99= 2029.01 rps=   1.32
  controller.AnalyticsController.maxViewersSummary n=   79 err=   0 errRate=  0.00% avg=  921.19 min=  134.79 max= 2402.40 p50=  296.22 p95= 2301.17 p99= 2384.37 rps=   1.32
  s2s.crud.fetchAllTickets                      n=   79 err=   0 errRate=  0.00% avg=  288.83 min=   93.14 max=  599.37 p50=  266.73 p95=  576.81 p99=  598.71 rps=   1.32
  s2s.crud.fetchFilms                           n=    1 err=   0 errRate=  0.00% avg= 1294.58 min= 1294.58 max= 1294.58 p50= 1294.58 p95= 1294.58 p99= 1294.58 rps=   0.02

2026-05-05T22:59:29.946Z  INFO 1 --- [lab8-additional-service] [   scheduling-1] r.h.l.a.o.ObservabilityService           : [lab8-additional-service] observability refresh
window 10s
  calc.additional.maxViewersSummary             n=  154 err=   0 errRate=  0.00% avg=  526.29 min=  118.34 max= 2098.72 p50=  230.24 p95= 1905.08 p99= 2006.86 rps=  15.40
  controller.AnalyticsController.maxViewersSummary n=  152 err=   0 errRate=  0.00% avg=  591.68 min=  121.50 max= 2402.40 p50=  232.78 p95= 2202.50 p99= 2344.50 rps=  15.20
  s2s.crud.fetchAllTickets                      n=  154 err=   0 errRate=  0.00% avg=  261.03 min=   93.14 max=  599.37 p50=  224.41 p95=  499.84 p99=  596.35 rps=  15.40
  s2s.crud.fetchFilms                           n=    1 err=   0 errRate=  0.00% avg= 1294.58 min= 1294.58 max= 1294.58 p50= 1294.58 p95= 1294.58 p99= 1294.58 rps=   0.10
window 30s
  calc.additional.maxViewersSummary             n=  154 err=   0 errRate=  0.00% avg=  526.29 min=  118.34 max= 2098.72 p50=  230.24 p95= 1905.08 p99= 2006.86 rps=   5.13
  controller.AnalyticsController.maxViewersSummary n=  152 err=   0 errRate=  0.00% avg=  591.68 min=  121.50 max= 2402.40 p50=  232.78 p95= 2202.50 p99= 2344.50 rps=   5.07
  s2s.crud.fetchAllTickets                      n=  154 err=   0 errRate=  0.00% avg=  261.03 min=   93.14 max=  599.37 p50=  224.41 p95=  499.84 p99=  596.35 rps=   5.13
  s2s.crud.fetchFilms                           n=    1 err=   0 errRate=  0.00% avg= 1294.58 min= 1294.58 max= 1294.58 p50= 1294.58 p95= 1294.58 p99= 1294.58 rps=   0.03
window 1m
  calc.additional.maxViewersSummary             n=  154 err=   0 errRate=  0.00% avg=  526.29 min=  118.34 max= 2098.72 p50=  230.24 p95= 1905.08 p99= 2006.86 rps=   2.57
  controller.AnalyticsController.maxViewersSummary n=  152 err=   0 errRate=  0.00% avg=  591.68 min=  121.50 max= 2402.40 p50=  232.78 p95= 2202.50 p99= 2344.50 rps=   2.53
  s2s.crud.fetchAllTickets                      n=  154 err=   0 errRate=  0.00% avg=  261.03 min=   93.14 max=  599.37 p50=  224.41 p95=  499.84 p99=  596.35 rps=   2.57
  s2s.crud.fetchFilms                           n=    1 err=   0 errRate=  0.00% avg= 1294.58 min= 1294.58 max= 1294.58 p50= 1294.58 p95= 1294.58 p99= 1294.58 rps=   0.02

2026-05-05T22:59:30.951Z  INFO 1 --- [lab8-additional-service] [   scheduling-1] r.h.l.a.o.ObservabilityService           : [lab8-additional-service] observability refresh
window 10s
  calc.additional.maxViewersSummary             n=  230 err=   0 errRate=  0.00% avg=  424.44 min=  104.08 max= 2098.72 p50=  217.23 p95= 1818.90 p99= 2003.56 rps=  23.00
  controller.AnalyticsController.maxViewersSummary n=  230 err=   0 errRate=  0.00% avg=  466.63 min=  104.58 max= 2402.40 p50=  219.81 p95= 2119.57 p99= 2308.61 rps=  23.00
  s2s.crud.fetchAllTickets                      n=  230 err=   0 errRate=  0.00% avg=  246.41 min=   93.14 max=  599.37 p50=  215.44 p95=  439.16 p99=  593.71 rps=  23.00
  s2s.crud.fetchFilms                           n=    1 err=   0 errRate=  0.00% avg= 1294.58 min= 1294.58 max= 1294.58 p50= 1294.58 p95= 1294.58 p99= 1294.58 rps=   0.10
window 30s
  calc.additional.maxViewersSummary             n=  230 err=   0 errRate=  0.00% avg=  424.44 min=  104.08 max= 2098.72 p50=  217.23 p95= 1818.90 p99= 2003.56 rps=   7.67
  controller.AnalyticsController.maxViewersSummary n=  230 err=   0 errRate=  0.00% avg=  466.63 min=  104.58 max= 2402.40 p50=  219.81 p95= 2119.57 p99= 2308.61 rps=   7.67
  s2s.crud.fetchAllTickets                      n=  230 err=   0 errRate=  0.00% avg=  246.41 min=   93.14 max=  599.37 p50=  215.44 p95=  439.16 p99=  593.71 rps=   7.67
  s2s.crud.fetchFilms                           n=    1 err=   0 errRate=  0.00% avg= 1294.58 min= 1294.58 max= 1294.58 p50= 1294.58 p95= 1294.58 p99= 1294.58 rps=   0.03
window 1m
  calc.additional.maxViewersSummary             n=  230 err=   0 errRate=  0.00% avg=  424.44 min=  104.08 max= 2098.72 p50=  217.23 p95= 1818.90 p99= 2003.56 rps=   3.83
  controller.AnalyticsController.maxViewersSummary n=  230 err=   0 errRate=  0.00% avg=  466.63 min=  104.58 max= 2402.40 p50=  219.81 p95= 2119.57 p99= 2308.61 rps=   3.83
  s2s.crud.fetchAllTickets                      n=  230 err=   0 errRate=  0.00% avg=  246.41 min=   93.14 max=  599.37 p50=  215.44 p95=  439.16 p99=  593.71 rps=   3.83
  s2s.crud.fetchFilms                           n=    1 err=   0 errRate=  0.00% avg= 1294.58 min= 1294.58 max= 1294.58 p50= 1294.58 p95= 1294.58 p99= 1294.58 rps=   0.02

2026-05-05T22:59:31.960Z  INFO 1 --- [lab8-additional-service] [   scheduling-1] r.h.l.a.o.ObservabilityService           : [lab8-additional-service] observability refresh
window 10s
  calc.additional.maxViewersSummary             n=  310 err=   0 errRate=  0.00% avg=  373.02 min=  103.18 max= 2098.72 p50=  216.35 p95= 1801.35 p99= 2000.83 rps=  31.00
  controller.AnalyticsController.maxViewersSummary n=  310 err=   0 errRate=  0.00% avg=  404.85 min=  103.79 max= 2402.40 p50=  218.93 p95= 2102.97 p99= 2302.41 rps=  31.00
  s2s.crud.fetchAllTickets                      n=  310 err=   0 errRate=  0.00% avg=  240.77 min=   93.14 max=  599.37 p50=  213.82 p95=  406.17 p99=  590.44 rps=  31.00
  s2s.crud.fetchFilms                           n=    1 err=   0 errRate=  0.00% avg= 1294.58 min= 1294.58 max= 1294.58 p50= 1294.58 p95= 1294.58 p99= 1294.58 rps=   0.10
window 30s
  calc.additional.maxViewersSummary             n=  310 err=   0 errRate=  0.00% avg=  373.02 min=  103.18 max= 2098.72 p50=  216.35 p95= 1801.35 p99= 2000.83 rps=  10.33
  controller.AnalyticsController.maxViewersSummary n=  310 err=   0 errRate=  0.00% avg=  404.85 min=  103.79 max= 2402.40 p50=  218.93 p95= 2102.97 p99= 2302.41 rps=  10.33
  s2s.crud.fetchAllTickets                      n=  310 err=   0 errRate=  0.00% avg=  240.77 min=   93.14 max=  599.37 p50=  213.82 p95=  406.17 p99=  590.44 rps=  10.33
  s2s.crud.fetchFilms                           n=    1 err=   0 errRate=  0.00% avg= 1294.58 min= 1294.58 max= 1294.58 p50= 1294.58 p95= 1294.58 p99= 1294.58 rps=   0.03
window 1m
  calc.additional.maxViewersSummary             n=  310 err=   0 errRate=  0.00% avg=  373.02 min=  103.18 max= 2098.72 p50=  216.35 p95= 1801.35 p99= 2000.83 rps=   5.17
  controller.AnalyticsController.maxViewersSummary n=  310 err=   0 errRate=  0.00% avg=  404.85 min=  103.79 max= 2402.40 p50=  218.93 p95= 2102.97 p99= 2302.41 rps=   5.17
  s2s.crud.fetchAllTickets                      n=  310 err=   0 errRate=  0.00% avg=  240.77 min=   93.14 max=  599.37 p50=  213.82 p95=  406.17 p99=  590.44 rps=   5.17
  s2s.crud.fetchFilms                           n=    1 err=   0 errRate=  0.00% avg= 1294.58 min= 1294.58 max= 1294.58 p50= 1294.58 p95= 1294.58 p99= 1294.58 rps=   0.02

2026-05-05T22:59:32.970Z  INFO 1 --- [lab8-additional-service] [   scheduling-1] r.h.l.a.o.ObservabilityService           : [lab8-additional-service] observability refresh
window 10s
  calc.additional.maxViewersSummary             n=  392 err=   0 errRate=  0.00% avg=  342.51 min=  102.86 max= 2098.72 p50=  213.30 p95= 1732.36 p99= 2000.30 rps=  39.20
  controller.AnalyticsController.maxViewersSummary n=  391 err=   0 errRate=  0.00% avg=  368.17 min=  103.30 max= 2402.40 p50=  217.21 p95= 2062.50 p99= 2301.17 rps=  39.10
  s2s.crud.fetchAllTickets                      n=  392 err=   0 errRate=  0.00% avg=  237.86 min=   93.14 max=  599.37 p50=  211.13 p95=  399.73 p99=  576.64 rps=  39.20
  s2s.crud.fetchFilms                           n=    1 err=   0 errRate=  0.00% avg= 1294.58 min= 1294.58 max= 1294.58 p50= 1294.58 p95= 1294.58 p99= 1294.58 rps=   0.10
window 30s
  calc.additional.maxViewersSummary             n=  392 err=   0 errRate=  0.00% avg=  342.51 min=  102.86 max= 2098.72 p50=  213.30 p95= 1732.36 p99= 2000.30 rps=  13.07
  controller.AnalyticsController.maxViewersSummary n=  391 err=   0 errRate=  0.00% avg=  368.17 min=  103.30 max= 2402.40 p50=  217.21 p95= 2062.50 p99= 2301.17 rps=  13.03
  s2s.crud.fetchAllTickets                      n=  392 err=   0 errRate=  0.00% avg=  237.86 min=   93.14 max=  599.37 p50=  211.13 p95=  399.73 p99=  576.64 rps=  13.07
  s2s.crud.fetchFilms                           n=    1 err=   0 errRate=  0.00% avg= 1294.58 min= 1294.58 max= 1294.58 p50= 1294.58 p95= 1294.58 p99= 1294.58 rps=   0.03
window 1m
  calc.additional.maxViewersSummary             n=  392 err=   0 errRate=  0.00% avg=  342.51 min=  102.86 max= 2098.72 p50=  213.30 p95= 1732.36 p99= 2000.30 rps=   6.53
  controller.AnalyticsController.maxViewersSummary n=  391 err=   0 errRate=  0.00% avg=  368.17 min=  103.30 max= 2402.40 p50=  217.21 p95= 2062.50 p99= 2301.17 rps=   6.52
  s2s.crud.fetchAllTickets                      n=  392 err=   0 errRate=  0.00% avg=  237.86 min=   93.14 max=  599.37 p50=  211.13 p95=  399.73 p99=  576.64 rps=   6.53
  s2s.crud.fetchFilms                           n=    1 err=   0 errRate=  0.00% avg= 1294.58 min= 1294.58 max= 1294.58 p50= 1294.58 p95= 1294.58 p99= 1294.58 rps=   0.02

2026-05-05T22:59:33.990Z  INFO 1 --- [lab8-additional-service] [   scheduling-1] r.h.l.a.o.ObservabilityService           : [lab8-additional-service] observability refresh
window 10s
  calc.additional.maxViewersSummary             n=  472 err=   0 errRate=  0.00% avg=  324.01 min=   94.24 max= 2098.72 p50=  212.87 p95= 1655.71 p99= 1999.78 rps=  47.20
  controller.AnalyticsController.maxViewersSummary n=  472 err=   0 errRate=  0.00% avg=  345.32 min=   94.85 max= 2402.40 p50=  216.64 p95= 1950.57 p99= 2295.42 rps=  47.20
  s2s.crud.fetchAllTickets                      n=  472 err=   0 errRate=  0.00% avg=  236.93 min=   93.14 max=  599.37 p50=  211.28 p95=  393.53 p99=  522.76 rps=  47.20
  s2s.crud.fetchFilms                           n=    1 err=   0 errRate=  0.00% avg= 1294.58 min= 1294.58 max= 1294.58 p50= 1294.58 p95= 1294.58 p99= 1294.58 rps=   0.10
window 30s
  calc.additional.maxViewersSummary             n=  472 err=   0 errRate=  0.00% avg=  324.01 min=   94.24 max= 2098.72 p50=  212.87 p95= 1655.71 p99= 1999.78 rps=  15.73
  controller.AnalyticsController.maxViewersSummary n=  472 err=   0 errRate=  0.00% avg=  345.32 min=   94.85 max= 2402.40 p50=  216.64 p95= 1950.57 p99= 2295.42 rps=  15.73
  s2s.crud.fetchAllTickets                      n=  472 err=   0 errRate=  0.00% avg=  236.93 min=   93.14 max=  599.37 p50=  211.28 p95=  393.53 p99=  522.76 rps=  15.73
  s2s.crud.fetchFilms                           n=    1 err=   0 errRate=  0.00% avg= 1294.58 min= 1294.58 max= 1294.58 p50= 1294.58 p95= 1294.58 p99= 1294.58 rps=   0.03
window 1m
  calc.additional.maxViewersSummary             n=  472 err=   0 errRate=  0.00% avg=  324.01 min=   94.24 max= 2098.72 p50=  212.87 p95= 1655.71 p99= 1999.78 rps=   7.87
  controller.AnalyticsController.maxViewersSummary n=  472 err=   0 errRate=  0.00% avg=  345.32 min=   94.85 max= 2402.40 p50=  216.64 p95= 1950.57 p99= 2295.42 rps=   7.87
  s2s.crud.fetchAllTickets                      n=  472 err=   0 errRate=  0.00% avg=  236.93 min=   93.14 max=  599.37 p50=  211.28 p95=  393.53 p99=  522.76 rps=   7.87
  s2s.crud.fetchFilms                           n=    1 err=   0 errRate=  0.00% avg= 1294.58 min= 1294.58 max= 1294.58 p50= 1294.58 p95= 1294.58 p99= 1294.58 rps=   0.02

2026-05-05T22:59:34.997Z  INFO 1 --- [lab8-additional-service] [   scheduling-1] r.h.l.a.o.ObservabilityService           : [lab8-additional-service] observability refresh
window 10s
  calc.additional.maxViewersSummary             n=  553 err=   0 errRate=  0.00% avg=  310.91 min=   94.20 max= 2098.72 p50=  211.96 p95= 1164.89 p99= 1998.70 rps=  55.30
  controller.AnalyticsController.maxViewersSummary n=  553 err=   0 errRate=  0.00% avg=  329.30 min=   94.57 max= 2402.40 p50=  215.15 p95= 1361.60 p99= 2247.75 rps=  55.30
  s2s.crud.fetchAllTickets                      n=  553 err=   0 errRate=  0.00% avg=  236.57 min=   93.14 max=  599.37 p50=  211.02 p95=  394.23 p99=  501.35 rps=  55.30
  s2s.crud.fetchFilms                           n=    1 err=   0 errRate=  0.00% avg= 1294.58 min= 1294.58 max= 1294.58 p50= 1294.58 p95= 1294.58 p99= 1294.58 rps=   0.10
window 30s
  calc.additional.maxViewersSummary             n=  553 err=   0 errRate=  0.00% avg=  310.91 min=   94.20 max= 2098.72 p50=  211.96 p95= 1164.89 p99= 1998.70 rps=  18.43
  controller.AnalyticsController.maxViewersSummary n=  553 err=   0 errRate=  0.00% avg=  329.30 min=   94.57 max= 2402.40 p50=  215.15 p95= 1361.60 p99= 2247.75 rps=  18.43
  s2s.crud.fetchAllTickets                      n=  553 err=   0 errRate=  0.00% avg=  236.57 min=   93.14 max=  599.37 p50=  211.02 p95=  394.23 p99=  501.35 rps=  18.43
  s2s.crud.fetchFilms                           n=    1 err=   0 errRate=  0.00% avg= 1294.58 min= 1294.58 max= 1294.58 p50= 1294.58 p95= 1294.58 p99= 1294.58 rps=   0.03
window 1m
  calc.additional.maxViewersSummary             n=  553 err=   0 errRate=  0.00% avg=  310.91 min=   94.20 max= 2098.72 p50=  211.96 p95= 1164.89 p99= 1998.70 rps=   9.22
  controller.AnalyticsController.maxViewersSummary n=  553 err=   0 errRate=  0.00% avg=  329.30 min=   94.57 max= 2402.40 p50=  215.15 p95= 1361.60 p99= 2247.75 rps=   9.22
  s2s.crud.fetchAllTickets                      n=  553 err=   0 errRate=  0.00% avg=  236.57 min=   93.14 max=  599.37 p50=  211.02 p95=  394.23 p99=  501.35 rps=   9.22
  s2s.crud.fetchFilms                           n=    1 err=   0 errRate=  0.00% avg= 1294.58 min= 1294.58 max= 1294.58 p50= 1294.58 p95= 1294.58 p99= 1294.58 rps=   0.02

2026-05-05T22:59:36.012Z  INFO 1 --- [lab8-additional-service] [   scheduling-1] r.h.l.a.o.ObservabilityService           : [lab8-additional-service] observability refresh
window 10s
  calc.additional.maxViewersSummary             n=  626 err=   0 errRate=  0.00% avg=  299.81 min=   94.20 max= 2098.72 p50=  211.07 p95=  459.02 p99= 1975.22 rps=  62.60
  controller.AnalyticsController.maxViewersSummary n=  626 err=   0 errRate=  0.00% avg=  316.27 min=   94.57 max= 2402.40 p50=  212.57 p95=  460.19 p99= 2205.23 rps=  62.60
  s2s.crud.fetchAllTickets                      n=  626 err=   0 errRate=  0.00% avg=  234.12 min=   93.14 max=  599.37 p50=  209.61 p95=  392.51 p99=  501.16 rps=  62.60
  s2s.crud.fetchFilms                           n=    1 err=   0 errRate=  0.00% avg= 1294.58 min= 1294.58 max= 1294.58 p50= 1294.58 p95= 1294.58 p99= 1294.58 rps=   0.10
window 30s
  calc.additional.maxViewersSummary             n=  626 err=   0 errRate=  0.00% avg=  299.81 min=   94.20 max= 2098.72 p50=  211.07 p95=  459.02 p99= 1975.22 rps=  20.87
  controller.AnalyticsController.maxViewersSummary n=  626 err=   0 errRate=  0.00% avg=  316.27 min=   94.57 max= 2402.40 p50=  212.57 p95=  460.19 p99= 2205.23 rps=  20.87
  s2s.crud.fetchAllTickets                      n=  626 err=   0 errRate=  0.00% avg=  234.12 min=   93.14 max=  599.37 p50=  209.61 p95=  392.51 p99=  501.16 rps=  20.87
  s2s.crud.fetchFilms                           n=    1 err=   0 errRate=  0.00% avg= 1294.58 min= 1294.58 max= 1294.58 p50= 1294.58 p95= 1294.58 p99= 1294.58 rps=   0.03
window 1m
  calc.additional.maxViewersSummary             n=  626 err=   0 errRate=  0.00% avg=  299.81 min=   94.20 max= 2098.72 p50=  211.07 p95=  459.02 p99= 1975.22 rps=  10.43
  controller.AnalyticsController.maxViewersSummary n=  626 err=   0 errRate=  0.00% avg=  316.27 min=   94.57 max= 2402.40 p50=  212.57 p95=  460.19 p99= 2205.23 rps=  10.43
  s2s.crud.fetchAllTickets                      n=  626 err=   0 errRate=  0.00% avg=  234.12 min=   93.14 max=  599.37 p50=  209.61 p95=  392.51 p99=  501.16 rps=  10.43
  s2s.crud.fetchFilms                           n=    1 err=   0 errRate=  0.00% avg= 1294.58 min= 1294.58 max= 1294.58 p50= 1294.58 p95= 1294.58 p99= 1294.58 rps=   0.02

2026-05-05T22:59:37.024Z  INFO 1 --- [lab8-additional-service] [   scheduling-1] r.h.l.a.o.ObservabilityService           : [lab8-additional-service] observability refresh
window 10s
  calc.additional.maxViewersSummary             n=  706 err=   0 errRate=  0.00% avg=  291.12 min=   94.20 max= 2098.72 p50=  209.59 p95=  413.94 p99= 1907.10 rps=  70.60
  controller.AnalyticsController.maxViewersSummary n=  706 err=   0 errRate=  0.00% avg=  305.81 min=   94.57 max= 2402.40 p50=  211.50 p95=  414.42 p99= 2203.27 rps=  70.60
  s2s.crud.fetchAllTickets                      n=  706 err=   0 errRate=  0.00% avg=  232.86 min=   93.14 max=  599.37 p50=  209.00 p95=  393.87 p99=  500.59 rps=  70.60
  s2s.crud.fetchFilms                           n=    1 err=   0 errRate=  0.00% avg= 1294.58 min= 1294.58 max= 1294.58 p50= 1294.58 p95= 1294.58 p99= 1294.58 rps=   0.10
window 30s
  calc.additional.maxViewersSummary             n=  706 err=   0 errRate=  0.00% avg=  291.12 min=   94.20 max= 2098.72 p50=  209.59 p95=  413.94 p99= 1907.10 rps=  23.53
  controller.AnalyticsController.maxViewersSummary n=  706 err=   0 errRate=  0.00% avg=  305.81 min=   94.57 max= 2402.40 p50=  211.50 p95=  414.42 p99= 2203.27 rps=  23.53
  s2s.crud.fetchAllTickets                      n=  706 err=   0 errRate=  0.00% avg=  232.86 min=   93.14 max=  599.37 p50=  209.00 p95=  393.87 p99=  500.59 rps=  23.53
  s2s.crud.fetchFilms                           n=    1 err=   0 errRate=  0.00% avg= 1294.58 min= 1294.58 max= 1294.58 p50= 1294.58 p95= 1294.58 p99= 1294.58 rps=   0.03
window 1m
  calc.additional.maxViewersSummary             n=  706 err=   0 errRate=  0.00% avg=  291.12 min=   94.20 max= 2098.72 p50=  209.59 p95=  413.94 p99= 1907.10 rps=  11.77
  controller.AnalyticsController.maxViewersSummary n=  706 err=   0 errRate=  0.00% avg=  305.81 min=   94.57 max= 2402.40 p50=  211.50 p95=  414.42 p99= 2203.27 rps=  11.77
  s2s.crud.fetchAllTickets                      n=  706 err=   0 errRate=  0.00% avg=  232.86 min=   93.14 max=  599.37 p50=  209.00 p95=  393.87 p99=  500.59 rps=  11.77
  s2s.crud.fetchFilms                           n=    1 err=   0 errRate=  0.00% avg= 1294.58 min= 1294.58 max= 1294.58 p50= 1294.58 p95= 1294.58 p99= 1294.58 rps=   0.02

2026-05-05T22:59:38.030Z  INFO 1 --- [lab8-additional-service] [   scheduling-1] r.h.l.a.o.ObservabilityService           : [lab8-additional-service] observability refresh
window 10s
  calc.additional.maxViewersSummary             n=  769 err=   0 errRate=  0.00% avg=  252.56 min=   94.20 max= 2098.72 p50=  208.51 p95=  393.45 p99= 1904.98 rps=  76.90
  controller.AnalyticsController.maxViewersSummary n=  769 err=   0 errRate=  0.00% avg=  258.90 min=   94.57 max= 2402.40 p50=  210.28 p95=  395.07 p99= 2202.30 rps=  76.90
  s2s.crud.fetchAllTickets                      n=  769 err=   0 errRate=  0.00% avg=  230.14 min=   94.12 max=  599.37 p50=  208.24 p95=  392.71 p99=  500.87 rps=  76.90
window 30s
  calc.additional.maxViewersSummary             n=  786 err=   0 errRate=  0.00% avg=  284.07 min=   94.20 max= 2098.72 p50=  209.35 p95=  411.71 p99= 1904.40 rps=  26.20
  controller.AnalyticsController.maxViewersSummary n=  786 err=   0 errRate=  0.00% avg=  297.35 min=   94.57 max= 2402.40 p50=  211.35 p95=  413.05 p99= 2202.04 rps=  26.20
  s2s.crud.fetchAllTickets                      n=  786 err=   0 errRate=  0.00% avg=  231.72 min=   93.14 max=  599.37 p50=  208.48 p95=  394.30 p99=  500.75 rps=  26.20
  s2s.crud.fetchFilms                           n=    1 err=   0 errRate=  0.00% avg= 1294.58 min= 1294.58 max= 1294.58 p50= 1294.58 p95= 1294.58 p99= 1294.58 rps=   0.03
window 1m
  calc.additional.maxViewersSummary             n=  786 err=   0 errRate=  0.00% avg=  284.07 min=   94.20 max= 2098.72 p50=  209.35 p95=  411.71 p99= 1904.40 rps=  13.10
  controller.AnalyticsController.maxViewersSummary n=  786 err=   0 errRate=  0.00% avg=  297.35 min=   94.57 max= 2402.40 p50=  211.35 p95=  413.05 p99= 2202.04 rps=  13.10
  s2s.crud.fetchAllTickets                      n=  786 err=   0 errRate=  0.00% avg=  231.72 min=   93.14 max=  599.37 p50=  208.48 p95=  394.30 p99=  500.75 rps=  13.10
  s2s.crud.fetchFilms                           n=    1 err=   0 errRate=  0.00% avg= 1294.58 min= 1294.58 max= 1294.58 p50= 1294.58 p95= 1294.58 p99= 1294.58 rps=   0.02

2026-05-05T22:59:38.742Z  INFO 1 --- [lab8-additional-service] [   scheduling-1] r.h.l.a.service.FilmCacheService         : film-cache stats: size=300 ttlMs=30000 lastRefreshAtMs=1778021966056 hits=860 misses=1 refreshes=1
2026-05-05T22:59:39.034Z  INFO 1 --- [lab8-additional-service] [   scheduling-1] r.h.l.a.o.ObservabilityService           : [lab8-additional-service] observability refresh
window 10s
  calc.additional.maxViewersSummary             n=  782 err=   0 errRate=  0.00% avg=  223.21 min=   92.53 max=  521.12 p50=  208.29 p95=  376.70 p99=  413.38 rps=  78.20
  controller.AnalyticsController.maxViewersSummary n=  782 err=   0 errRate=  0.00% avg=  224.91 min=   92.87 max=  521.43 p50=  209.93 p95=  377.13 p99=  414.09 rps=  78.20
  s2s.crud.fetchAllTickets                      n=  782 err=   0 errRate=  0.00% avg=  222.77 min=   92.46 max=  521.04 p50=  207.85 p95=  376.60 p99=  413.25 rps=  78.20
window 30s
  calc.additional.maxViewersSummary             n=  872 err=   0 errRate=  0.00% avg=  275.84 min=   92.53 max= 2098.72 p50=  209.11 p95=  404.75 p99= 1902.54 rps=  29.07
  controller.AnalyticsController.maxViewersSummary n=  872 err=   0 errRate=  0.00% avg=  287.88 min=   92.87 max= 2402.40 p50=  210.55 p95=  407.01 p99= 2201.05 rps=  29.07
  s2s.crud.fetchAllTickets                      n=  872 err=   0 errRate=  0.00% avg=  228.64 min=   92.46 max=  599.37 p50=  208.34 p95=  392.36 p99=  499.77 rps=  29.07
  s2s.crud.fetchFilms                           n=    1 err=   0 errRate=  0.00% avg= 1294.58 min= 1294.58 max= 1294.58 p50= 1294.58 p95= 1294.58 p99= 1294.58 rps=   0.03
window 1m
  calc.additional.maxViewersSummary             n=  872 err=   0 errRate=  0.00% avg=  275.84 min=   92.53 max= 2098.72 p50=  209.11 p95=  404.75 p99= 1902.54 rps=  14.53
  controller.AnalyticsController.maxViewersSummary n=  872 err=   0 errRate=  0.00% avg=  287.88 min=   92.87 max= 2402.40 p50=  210.55 p95=  407.01 p99= 2201.05 rps=  14.53
  s2s.crud.fetchAllTickets                      n=  872 err=   0 errRate=  0.00% avg=  228.64 min=   92.46 max=  599.37 p50=  208.34 p95=  392.36 p99=  499.77 rps=  14.53
  s2s.crud.fetchFilms                           n=    1 err=   0 errRate=  0.00% avg= 1294.58 min= 1294.58 max= 1294.58 p50= 1294.58 p95= 1294.58 p99= 1294.58 rps=   0.02

2026-05-05T22:59:40.038Z  INFO 1 --- [lab8-additional-service] [   scheduling-1] r.h.l.a.o.ObservabilityService           : [lab8-additional-service] observability refresh
window 10s
  calc.additional.maxViewersSummary             n=  789 err=   0 errRate=  0.00% avg=  220.65 min=   92.53 max=  521.12 p50=  205.57 p95=  374.91 p99=  410.96 rps=  78.90
  controller.AnalyticsController.maxViewersSummary n=  789 err=   0 errRate=  0.00% avg=  221.90 min=   92.87 max=  521.43 p50=  207.21 p95=  375.97 p99=  412.44 rps=  78.90
  s2s.crud.fetchAllTickets                      n=  789 err=   0 errRate=  0.00% avg=  220.26 min=   92.46 max=  521.04 p50=  205.24 p95=  374.75 p99=  410.86 rps=  78.90
window 30s
  calc.additional.maxViewersSummary             n=  952 err=   0 errRate=  0.00% avg=  270.07 min=   92.53 max= 2098.72 p50=  208.44 p95=  400.12 p99= 1900.58 rps=  31.73
  controller.AnalyticsController.maxViewersSummary n=  952 err=   0 errRate=  0.00% avg=  281.16 min=   92.87 max= 2402.40 p50=  210.00 p95=  400.84 p99= 2196.30 rps=  31.73
  s2s.crud.fetchAllTickets                      n=  952 err=   0 errRate=  0.00% avg=  226.82 min=   92.46 max=  599.37 p50=  207.55 p95=  387.76 p99=  498.52 rps=  31.73
  s2s.crud.fetchFilms                           n=    1 err=   0 errRate=  0.00% avg= 1294.58 min= 1294.58 max= 1294.58 p50= 1294.58 p95= 1294.58 p99= 1294.58 rps=   0.03
window 1m
  calc.additional.maxViewersSummary             n=  952 err=   0 errRate=  0.00% avg=  270.07 min=   92.53 max= 2098.72 p50=  208.44 p95=  400.12 p99= 1900.58 rps=  15.87
  controller.AnalyticsController.maxViewersSummary n=  952 err=   0 errRate=  0.00% avg=  281.16 min=   92.87 max= 2402.40 p50=  210.00 p95=  400.84 p99= 2196.30 rps=  15.87
  s2s.crud.fetchAllTickets                      n=  952 err=   0 errRate=  0.00% avg=  226.82 min=   92.46 max=  599.37 p50=  207.55 p95=  387.76 p99=  498.52 rps=  15.87
  s2s.crud.fetchFilms                           n=    1 err=   0 errRate=  0.00% avg= 1294.58 min= 1294.58 max= 1294.58 p50= 1294.58 p95= 1294.58 p99= 1294.58 rps=   0.02

2026-05-05T22:59:41.040Z  INFO 1 --- [lab8-additional-service] [   scheduling-1] r.h.l.a.o.ObservabilityService           : [lab8-additional-service] observability refresh
window 10s
  calc.additional.maxViewersSummary             n=  799 err=   0 errRate=  0.00% avg=  219.44 min=   49.54 max=  521.12 p50=  204.85 p95=  374.53 p99=  410.84 rps=  79.90
  controller.AnalyticsController.maxViewersSummary n=  799 err=   0 errRate=  0.00% avg=  220.54 min=   49.85 max=  521.43 p50=  205.74 p95=  375.51 p99=  412.34 rps=  79.90
  s2s.crud.fetchAllTickets                      n=  799 err=   0 errRate=  0.00% avg=  219.14 min=   49.48 max=  521.04 p50=  204.64 p95=  374.44 p99=  410.74 rps=  79.90
window 30s
  calc.additional.maxViewersSummary             n= 1039 err=   0 errRate=  0.00% avg=  264.96 min=   49.54 max= 2098.72 p50=  206.68 p95=  397.64 p99= 1871.59 rps=  34.63
  controller.AnalyticsController.maxViewersSummary n= 1039 err=   0 errRate=  0.00% avg=  275.18 min=   49.85 max= 2402.40 p50=  208.53 p95=  397.99 p99= 2168.66 rps=  34.63
  s2s.crud.fetchAllTickets                      n= 1039 err=   0 errRate=  0.00% avg=  225.32 min=   49.48 max=  599.37 p50=  206.16 p95=  383.73 p99=  491.46 rps=  34.63
  s2s.crud.fetchFilms                           n=    1 err=   0 errRate=  0.00% avg= 1294.58 min= 1294.58 max= 1294.58 p50= 1294.58 p95= 1294.58 p99= 1294.58 rps=   0.03
window 1m
  calc.additional.maxViewersSummary             n= 1039 err=   0 errRate=  0.00% avg=  264.96 min=   49.54 max= 2098.72 p50=  206.68 p95=  397.64 p99= 1871.59 rps=  17.32
  controller.AnalyticsController.maxViewersSummary n= 1039 err=   0 errRate=  0.00% avg=  275.18 min=   49.85 max= 2402.40 p50=  208.53 p95=  397.99 p99= 2168.66 rps=  17.32
  s2s.crud.fetchAllTickets                      n= 1039 err=   0 errRate=  0.00% avg=  225.32 min=   49.48 max=  599.37 p50=  206.16 p95=  383.73 p99=  491.46 rps=  17.32
  s2s.crud.fetchFilms                           n=    1 err=   0 errRate=  0.00% avg= 1294.58 min= 1294.58 max= 1294.58 p50= 1294.58 p95= 1294.58 p99= 1294.58 rps=   0.02

2026-05-05T22:59:42.044Z  INFO 1 --- [lab8-additional-service] [   scheduling-1] r.h.l.a.o.ObservabilityService           : [lab8-additional-service] observability refresh
window 10s
  calc.additional.maxViewersSummary             n=  812 err=   0 errRate=  0.00% avg=  216.62 min=   49.54 max=  521.12 p50=  203.16 p95=  376.02 p99=  410.26 rps=  81.20
  controller.AnalyticsController.maxViewersSummary n=  812 err=   0 errRate=  0.00% avg=  217.62 min=   49.85 max=  521.43 p50=  204.36 p95=  376.99 p99=  410.62 rps=  81.20
  s2s.crud.fetchAllTickets                      n=  812 err=   0 errRate=  0.00% avg=  216.39 min=   49.48 max=  521.04 p50=  202.97 p95=  375.54 p99=  410.16 rps=  81.20
window 30s
  calc.additional.maxViewersSummary             n= 1130 err=   0 errRate=  0.00% avg=  259.27 min=   49.54 max= 2098.72 p50=  205.57 p95=  395.30 p99= 1821.60 rps=  37.67
  controller.AnalyticsController.maxViewersSummary n= 1130 err=   0 errRate=  0.00% avg=  268.74 min=   49.85 max= 2402.40 p50=  207.80 p95=  396.26 p99= 2123.47 rps=  37.67
  s2s.crud.fetchAllTickets                      n= 1130 err=   0 errRate=  0.00% avg=  222.82 min=   49.48 max=  599.37 p50=  204.84 p95=  382.15 p99=  481.21 rps=  37.67
  s2s.crud.fetchFilms                           n=    1 err=   0 errRate=  0.00% avg= 1294.58 min= 1294.58 max= 1294.58 p50= 1294.58 p95= 1294.58 p99= 1294.58 rps=   0.03
window 1m
  calc.additional.maxViewersSummary             n= 1130 err=   0 errRate=  0.00% avg=  259.27 min=   49.54 max= 2098.72 p50=  205.57 p95=  395.30 p99= 1821.60 rps=  18.83
  controller.AnalyticsController.maxViewersSummary n= 1130 err=   0 errRate=  0.00% avg=  268.74 min=   49.85 max= 2402.40 p50=  207.80 p95=  396.26 p99= 2123.47 rps=  18.83
  s2s.crud.fetchAllTickets                      n= 1130 err=   0 errRate=  0.00% avg=  222.82 min=   49.48 max=  599.37 p50=  204.84 p95=  382.15 p99=  481.21 rps=  18.83
  s2s.crud.fetchFilms                           n=    1 err=   0 errRate=  0.00% avg= 1294.58 min= 1294.58 max= 1294.58 p50= 1294.58 p95= 1294.58 p99= 1294.58 rps=   0.02

2026-05-05T22:59:43.048Z  INFO 1 --- [lab8-additional-service] [   scheduling-1] r.h.l.a.o.ObservabilityService           : [lab8-additional-service] observability refresh
window 10s
  calc.additional.maxViewersSummary             n=  821 err=   0 errRate=  0.00% avg=  212.48 min=   49.54 max=  521.12 p50=  201.23 p95=  374.46 p99=  409.13 rps=  82.10
  controller.AnalyticsController.maxViewersSummary n=  821 err=   0 errRate=  0.00% avg=  213.42 min=   49.85 max=  521.43 p50=  202.27 p95=  375.50 p99=  409.66 rps=  82.10
  s2s.crud.fetchAllTickets                      n=  821 err=   0 errRate=  0.00% avg=  212.26 min=   49.48 max=  521.04 p50=  200.93 p95=  374.38 p99=  409.06 rps=  82.10
window 30s
  calc.additional.maxViewersSummary             n= 1218 err=   0 errRate=  0.00% avg=  254.44 min=   49.54 max= 2098.72 p50=  204.59 p95=  393.01 p99= 1809.24 rps=  40.60
  controller.AnalyticsController.maxViewersSummary n= 1218 err=   0 errRate=  0.00% avg=  263.28 min=   49.85 max= 2402.40 p50=  205.62 p95=  394.83 p99= 2105.96 rps=  40.60
  s2s.crud.fetchAllTickets                      n= 1218 err=   0 errRate=  0.00% avg=  220.61 min=   49.48 max=  599.37 p50=  203.77 p95=  380.49 p99=  480.16 rps=  40.60
  s2s.crud.fetchFilms                           n=    1 err=   0 errRate=  0.00% avg= 1294.58 min= 1294.58 max= 1294.58 p50= 1294.58 p95= 1294.58 p99= 1294.58 rps=   0.03
window 1m
  calc.additional.maxViewersSummary             n= 1218 err=   0 errRate=  0.00% avg=  254.44 min=   49.54 max= 2098.72 p50=  204.59 p95=  393.01 p99= 1809.24 rps=  20.30
  controller.AnalyticsController.maxViewersSummary n= 1218 err=   0 errRate=  0.00% avg=  263.28 min=   49.85 max= 2402.40 p50=  205.62 p95=  394.83 p99= 2105.96 rps=  20.30
  s2s.crud.fetchAllTickets                      n= 1218 err=   0 errRate=  0.00% avg=  220.61 min=   49.48 max=  599.37 p50=  203.77 p95=  380.49 p99=  480.16 rps=  20.30
  s2s.crud.fetchFilms                           n=    1 err=   0 errRate=  0.00% avg= 1294.58 min= 1294.58 max= 1294.58 p50= 1294.58 p95= 1294.58 p99= 1294.58 rps=   0.02

2026-05-05T22:59:44.051Z  INFO 1 --- [lab8-additional-service] [   scheduling-1] r.h.l.a.o.ObservabilityService           : [lab8-additional-service] observability refresh
window 10s
  calc.additional.maxViewersSummary             n=  832 err=   0 errRate=  0.00% avg=  210.88 min=   33.92 max=  521.12 p50=  200.12 p95=  375.24 p99=  410.20 rps=  83.20
  controller.AnalyticsController.maxViewersSummary n=  832 err=   0 errRate=  0.00% avg=  211.78 min=   34.73 max=  521.43 p50=  201.18 p95=  375.82 p99=  410.54 rps=  83.20
  s2s.crud.fetchAllTickets                      n=  832 err=   0 errRate=  0.00% avg=  210.73 min=   33.70 max=  521.04 p50=  200.01 p95=  375.05 p99=  410.10 rps=  83.20
window 30s
  calc.additional.maxViewersSummary             n= 1307 err=   0 errRate=  0.00% avg=  251.76 min=   33.92 max= 2098.72 p50=  204.26 p95=  392.42 p99= 1807.10 rps=  43.57
  controller.AnalyticsController.maxViewersSummary n= 1307 err=   0 errRate=  0.00% avg=  260.03 min=   34.73 max= 2402.40 p50=  205.57 p95=  392.94 p99= 2104.77 rps=  43.57
  s2s.crud.fetchAllTickets                      n= 1307 err=   0 errRate=  0.00% avg=  220.22 min=   33.70 max=  599.37 p50=  203.62 p95=  380.09 p99=  480.61 rps=  43.57
  s2s.crud.fetchFilms                           n=    1 err=   0 errRate=  0.00% avg= 1294.58 min= 1294.58 max= 1294.58 p50= 1294.58 p95= 1294.58 p99= 1294.58 rps=   0.03
window 1m
  calc.additional.maxViewersSummary             n= 1307 err=   0 errRate=  0.00% avg=  251.76 min=   33.92 max= 2098.72 p50=  204.26 p95=  392.42 p99= 1807.10 rps=  21.78
  controller.AnalyticsController.maxViewersSummary n= 1307 err=   0 errRate=  0.00% avg=  260.03 min=   34.73 max= 2402.40 p50=  205.57 p95=  392.94 p99= 2104.77 rps=  21.78
  s2s.crud.fetchAllTickets                      n= 1307 err=   0 errRate=  0.00% avg=  220.22 min=   33.70 max=  599.37 p50=  203.62 p95=  380.09 p99=  480.61 rps=  21.78
  s2s.crud.fetchFilms                           n=    1 err=   0 errRate=  0.00% avg= 1294.58 min= 1294.58 max= 1294.58 p50= 1294.58 p95= 1294.58 p99= 1294.58 rps=   0.02

2026-05-05T22:59:45.053Z  INFO 1 --- [lab8-additional-service] [   scheduling-1] r.h.l.a.o.ObservabilityService           : [lab8-additional-service] observability refresh
window 10s
  calc.additional.maxViewersSummary             n=  853 err=   0 errRate=  0.00% avg=  204.53 min=   33.92 max=  521.12 p50=  198.32 p95=  350.21 p99=  405.54 rps=  85.30
  controller.AnalyticsController.maxViewersSummary n=  853 err=   0 errRate=  0.00% avg=  205.36 min=   34.73 max=  521.43 p50=  199.26 p95=  350.65 p99=  407.03 rps=  85.30
  s2s.crud.fetchAllTickets                      n=  853 err=   0 errRate=  0.00% avg=  204.39 min=   33.70 max=  521.04 p50=  198.23 p95=  350.12 p99=  405.46 rps=  85.30
window 30s
  calc.additional.maxViewersSummary             n= 1408 err=   0 errRate=  0.00% avg=  246.33 min=   33.92 max= 2098.72 p50=  202.61 p95=  385.96 p99= 1803.38 rps=  46.93
  controller.AnalyticsController.maxViewersSummary n= 1408 err=   0 errRate=  0.00% avg=  254.05 min=   34.73 max= 2402.40 p50=  204.22 p95=  386.36 p99= 2104.33 rps=  46.93
  s2s.crud.fetchAllTickets                      n= 1408 err=   0 errRate=  0.00% avg=  217.05 min=   33.70 max=  599.37 p50=  202.08 p95=  378.84 p99=  475.61 rps=  46.93
  s2s.crud.fetchFilms                           n=    1 err=   0 errRate=  0.00% avg= 1294.58 min= 1294.58 max= 1294.58 p50= 1294.58 p95= 1294.58 p99= 1294.58 rps=   0.03
window 1m
  calc.additional.maxViewersSummary             n= 1408 err=   0 errRate=  0.00% avg=  246.33 min=   33.92 max= 2098.72 p50=  202.61 p95=  385.96 p99= 1803.38 rps=  23.47
  controller.AnalyticsController.maxViewersSummary n= 1408 err=   0 errRate=  0.00% avg=  254.05 min=   34.73 max= 2402.40 p50=  204.22 p95=  386.36 p99= 2104.33 rps=  23.47
  s2s.crud.fetchAllTickets                      n= 1408 err=   0 errRate=  0.00% avg=  217.05 min=   33.70 max=  599.37 p50=  202.08 p95=  378.84 p99=  475.61 rps=  23.47
  s2s.crud.fetchFilms                           n=    1 err=   0 errRate=  0.00% avg= 1294.58 min= 1294.58 max= 1294.58 p50= 1294.58 p95= 1294.58 p99= 1294.58 rps=   0.02

2026-05-05T22:59:46.061Z  INFO 1 --- [lab8-additional-service] [   scheduling-1] r.h.l.a.o.ObservabilityService           : [lab8-additional-service] observability refresh
window 10s
  calc.additional.maxViewersSummary             n=  881 err=   0 errRate=  0.00% avg=  199.36 min=   33.92 max=  521.12 p50=  196.23 p95=  322.11 p99=  405.42 rps=  88.10
  controller.AnalyticsController.maxViewersSummary n=  881 err=   0 errRate=  0.00% avg=  200.07 min=   34.73 max=  521.43 p50=  196.85 p95=  322.53 p99=  406.90 rps=  88.10
  s2s.crud.fetchAllTickets                      n=  881 err=   0 errRate=  0.00% avg=  199.23 min=   33.70 max=  521.04 p50=  196.16 p95=  322.01 p99=  405.34 rps=  88.10
window 30s
  calc.additional.maxViewersSummary             n= 1507 err=   0 errRate=  0.00% avg=  241.09 min=   33.92 max= 2098.72 p50=  201.13 p95=  381.63 p99= 1802.02 rps=  50.23
  controller.AnalyticsController.maxViewersSummary n= 1507 err=   0 errRate=  0.00% avg=  248.34 min=   34.73 max= 2402.40 p50=  202.47 p95=  381.99 p99= 2103.70 rps=  50.23
  s2s.crud.fetchAllTickets                      n= 1507 err=   0 errRate=  0.00% avg=  213.72 min=   33.70 max=  599.37 p50=  200.77 p95=  376.42 p99=  460.11 rps=  50.23
  s2s.crud.fetchFilms                           n=    1 err=   0 errRate=  0.00% avg= 1294.58 min= 1294.58 max= 1294.58 p50= 1294.58 p95= 1294.58 p99= 1294.58 rps=   0.03
window 1m
  calc.additional.maxViewersSummary             n= 1507 err=   0 errRate=  0.00% avg=  241.09 min=   33.92 max= 2098.72 p50=  201.13 p95=  381.63 p99= 1802.02 rps=  25.12
  controller.AnalyticsController.maxViewersSummary n= 1507 err=   0 errRate=  0.00% avg=  248.34 min=   34.73 max= 2402.40 p50=  202.47 p95=  381.99 p99= 2103.70 rps=  25.12
  s2s.crud.fetchAllTickets                      n= 1507 err=   0 errRate=  0.00% avg=  213.72 min=   33.70 max=  599.37 p50=  200.77 p95=  376.42 p99=  460.11 rps=  25.12
  s2s.crud.fetchFilms                           n=    1 err=   0 errRate=  0.00% avg= 1294.58 min= 1294.58 max= 1294.58 p50= 1294.58 p95= 1294.58 p99= 1294.58 rps=   0.02

2026-05-05T22:59:47.069Z  INFO 1 --- [lab8-additional-service] [   scheduling-1] r.h.l.a.o.ObservabilityService           : [lab8-additional-service] observability refresh
window 10s
  calc.additional.maxViewersSummary             n=  901 err=   0 errRate=  0.00% avg=  194.84 min=   33.92 max=  521.12 p50=  194.71 p95=  313.40 p99=  396.65 rps=  90.10
  controller.AnalyticsController.maxViewersSummary n=  901 err=   0 errRate=  0.00% avg=  195.51 min=   34.73 max=  521.43 p50=  195.65 p95=  313.73 p99=  397.76 rps=  90.10
  s2s.crud.fetchAllTickets                      n=  901 err=   0 errRate=  0.00% avg=  194.71 min=   33.70 max=  521.04 p50=  194.60 p95=  313.30 p99=  395.86 rps=  90.10
window 30s
  calc.additional.maxViewersSummary             n= 1609 err=   0 errRate=  0.00% avg=  237.25 min=   33.92 max= 2098.72 p50=  200.52 p95=  379.56 p99= 1800.39 rps=  53.63
  controller.AnalyticsController.maxViewersSummary n= 1609 err=   0 errRate=  0.00% avg=  244.07 min=   34.73 max= 2402.40 p50=  201.65 p95=  380.49 p99= 2101.80 rps=  53.63
  s2s.crud.fetchAllTickets                      n= 1609 err=   0 errRate=  0.00% avg=  211.61 min=   33.70 max=  599.37 p50=  200.00 p95=  375.07 p99=  450.86 rps=  53.63
  s2s.crud.fetchFilms                           n=    1 err=   0 errRate=  0.00% avg= 1294.58 min= 1294.58 max= 1294.58 p50= 1294.58 p95= 1294.58 p99= 1294.58 rps=   0.03
window 1m
  calc.additional.maxViewersSummary             n= 1609 err=   0 errRate=  0.00% avg=  237.25 min=   33.92 max= 2098.72 p50=  200.52 p95=  379.56 p99= 1800.39 rps=  26.82
  controller.AnalyticsController.maxViewersSummary n= 1609 err=   0 errRate=  0.00% avg=  244.07 min=   34.73 max= 2402.40 p50=  201.65 p95=  380.49 p99= 2101.80 rps=  26.82
  s2s.crud.fetchAllTickets                      n= 1609 err=   0 errRate=  0.00% avg=  211.61 min=   33.70 max=  599.37 p50=  200.00 p95=  375.07 p99=  450.86 rps=  26.82
  s2s.crud.fetchFilms                           n=    1 err=   0 errRate=  0.00% avg= 1294.58 min= 1294.58 max= 1294.58 p50= 1294.58 p95= 1294.58 p99= 1294.58 rps=   0.02

2026-05-05T22:59:48.077Z  INFO 1 --- [lab8-additional-service] [   scheduling-1] r.h.l.a.o.ObservabilityService           : [lab8-additional-service] observability refresh
window 10s
  calc.additional.maxViewersSummary             n=  916 err=   0 errRate=  0.00% avg=  191.84 min=   20.54 max=  505.84 p50=  194.09 p95=  310.34 p99=  394.83 rps=  91.60
  controller.AnalyticsController.maxViewersSummary n=  915 err=   0 errRate=  0.00% avg=  192.58 min=   20.88 max=  506.37 p50=  194.99 p95=  310.65 p99=  395.36 rps=  91.50
  s2s.crud.fetchAllTickets                      n=  916 err=   0 errRate=  0.00% avg=  191.73 min=   20.47 max=  505.78 p50=  194.02 p95=  310.27 p99=  394.76 rps=  91.60
window 30s
  calc.additional.maxViewersSummary             n= 1703 err=   0 errRate=  0.00% avg=  234.43 min=   20.54 max= 2098.72 p50=  200.08 p95=  378.96 p99= 1800.31 rps=  56.77
  controller.AnalyticsController.maxViewersSummary n= 1702 err=   0 errRate=  0.00% avg=  240.98 min=   20.88 max= 2402.40 p50=  201.35 p95=  379.75 p99= 2100.20 rps=  56.73
  s2s.crud.fetchAllTickets                      n= 1703 err=   0 errRate=  0.00% avg=  210.20 min=   20.47 max=  599.37 p50=  199.68 p95=  374.28 p99=  420.34 rps=  56.77
  s2s.crud.fetchFilms                           n=    1 err=   0 errRate=  0.00% avg= 1294.58 min= 1294.58 max= 1294.58 p50= 1294.58 p95= 1294.58 p99= 1294.58 rps=   0.03
window 1m
  calc.additional.maxViewersSummary             n= 1703 err=   0 errRate=  0.00% avg=  234.43 min=   20.54 max= 2098.72 p50=  200.08 p95=  378.96 p99= 1800.31 rps=  28.38
  controller.AnalyticsController.maxViewersSummary n= 1702 err=   0 errRate=  0.00% avg=  240.98 min=   20.88 max= 2402.40 p50=  201.35 p95=  379.75 p99= 2100.20 rps=  28.37
  s2s.crud.fetchAllTickets                      n= 1703 err=   0 errRate=  0.00% avg=  210.20 min=   20.47 max=  599.37 p50=  199.68 p95=  374.28 p99=  420.34 rps=  28.38
  s2s.crud.fetchFilms                           n=    1 err=   0 errRate=  0.00% avg= 1294.58 min= 1294.58 max= 1294.58 p50= 1294.58 p95= 1294.58 p99= 1294.58 rps=   0.02

2026-05-05T22:59:48.742Z  INFO 1 --- [lab8-additional-service] [   scheduling-1] r.h.l.a.service.FilmCacheService         : film-cache stats: size=300 ttlMs=30000 lastRefreshAtMs=1778021966056 hits=1781 misses=1 refreshes=1
2026-05-05T22:59:49.082Z  INFO 1 --- [lab8-additional-service] [   scheduling-1] r.h.l.a.o.ObservabilityService           : [lab8-additional-service] observability refresh
window 10s
  calc.additional.maxViewersSummary             n=  926 err=   0 errRate=  0.00% avg=  189.54 min=   20.54 max=  505.84 p50=  192.29 p95=  309.96 p99=  395.59 rps=  92.60
  controller.AnalyticsController.maxViewersSummary n=  926 err=   0 errRate=  0.00% avg=  190.16 min=   20.88 max=  506.37 p50=  192.95 p95=  310.37 p99=  395.98 rps=  92.60
  s2s.crud.fetchAllTickets                      n=  926 err=   0 errRate=  0.00% avg=  189.43 min=   20.47 max=  505.78 p50=  192.22 p95=  309.90 p99=  395.35 rps=  92.60
window 30s
  calc.additional.maxViewersSummary             n= 1802 err=   0 errRate=  0.00% avg=  231.43 min=   20.54 max= 2098.72 p50=  199.68 p95=  376.70 p99= 1798.23 rps=  60.07
  controller.AnalyticsController.maxViewersSummary n= 1802 err=   0 errRate=  0.00% avg=  237.58 min=   20.88 max= 2402.40 p50=  200.81 p95=  377.13 p99= 2099.50 rps=  60.07
  s2s.crud.fetchAllTickets                      n= 1802 err=   0 errRate=  0.00% avg=  208.53 min=   20.47 max=  599.37 p50=  199.28 p95=  372.30 p99=  418.00 rps=  60.07
  s2s.crud.fetchFilms                           n=    1 err=   0 errRate=  0.00% avg= 1294.58 min= 1294.58 max= 1294.58 p50= 1294.58 p95= 1294.58 p99= 1294.58 rps=   0.03
window 1m
  calc.additional.maxViewersSummary             n= 1802 err=   0 errRate=  0.00% avg=  231.43 min=   20.54 max= 2098.72 p50=  199.68 p95=  376.70 p99= 1798.23 rps=  30.03
  controller.AnalyticsController.maxViewersSummary n= 1802 err=   0 errRate=  0.00% avg=  237.58 min=   20.88 max= 2402.40 p50=  200.81 p95=  377.13 p99= 2099.50 rps=  30.03
  s2s.crud.fetchAllTickets                      n= 1802 err=   0 errRate=  0.00% avg=  208.53 min=   20.47 max=  599.37 p50=  199.28 p95=  372.30 p99=  418.00 rps=  30.03
  s2s.crud.fetchFilms                           n=    1 err=   0 errRate=  0.00% avg= 1294.58 min= 1294.58 max= 1294.58 p50= 1294.58 p95= 1294.58 p99= 1294.58 rps=   0.02

2026-05-05T22:59:50.091Z  INFO 1 --- [lab8-additional-service] [   scheduling-1] r.h.l.a.o.ObservabilityService           : [lab8-additional-service] observability refresh
window 10s
  calc.additional.maxViewersSummary             n=  927 err=   0 errRate=  0.00% avg=  188.41 min=   20.54 max=  505.84 p50=  191.61 p95=  308.59 p99=  395.59 rps=  92.70
  controller.AnalyticsController.maxViewersSummary n=  927 err=   0 errRate=  0.00% avg=  189.02 min=   20.88 max=  506.37 p50=  192.26 p95=  309.17 p99=  395.98 rps=  92.70
  s2s.crud.fetchAllTickets                      n=  927 err=   0 errRate=  0.00% avg=  188.31 min=   20.47 max=  505.78 p50=  191.54 p95=  308.52 p99=  395.35 rps=  92.70
window 30s
  calc.additional.maxViewersSummary             n= 1887 err=   0 errRate=  0.00% avg=  229.73 min=   20.54 max= 2098.72 p50=  199.38 p95=  375.27 p99= 1744.76 rps=  62.90
  controller.AnalyticsController.maxViewersSummary n= 1887 err=   0 errRate=  0.00% avg=  235.63 min=   20.88 max= 2402.40 p50=  200.53 p95=  376.00 p99= 2099.28 rps=  62.90
  s2s.crud.fetchAllTickets                      n= 1887 err=   0 errRate=  0.00% avg=  207.86 min=   20.47 max=  599.37 p50=  199.09 p95=  365.47 p99=  414.66 rps=  62.90
  s2s.crud.fetchFilms                           n=    1 err=   0 errRate=  0.00% avg= 1294.58 min= 1294.58 max= 1294.58 p50= 1294.58 p95= 1294.58 p99= 1294.58 rps=   0.03
window 1m
  calc.additional.maxViewersSummary             n= 1887 err=   0 errRate=  0.00% avg=  229.73 min=   20.54 max= 2098.72 p50=  199.38 p95=  375.27 p99= 1744.76 rps=  31.45
  controller.AnalyticsController.maxViewersSummary n= 1887 err=   0 errRate=  0.00% avg=  235.63 min=   20.88 max= 2402.40 p50=  200.53 p95=  376.00 p99= 2099.28 rps=  31.45
  s2s.crud.fetchAllTickets                      n= 1887 err=   0 errRate=  0.00% avg=  207.86 min=   20.47 max=  599.37 p50=  199.09 p95=  365.47 p99=  414.66 rps=  31.45
  s2s.crud.fetchFilms                           n=    1 err=   0 errRate=  0.00% avg= 1294.58 min= 1294.58 max= 1294.58 p50= 1294.58 p95= 1294.58 p99= 1294.58 rps=   0.02

2026-05-05T22:59:51.099Z  INFO 1 --- [lab8-additional-service] [   scheduling-1] r.h.l.a.o.ObservabilityService           : [lab8-additional-service] observability refresh
window 10s
  calc.additional.maxViewersSummary             n=  934 err=   0 errRate=  0.00% avg=  186.82 min=   20.54 max=  505.84 p50=  190.84 p95=  308.22 p99=  397.99 rps=  93.40
  controller.AnalyticsController.maxViewersSummary n=  934 err=   0 errRate=  0.00% avg=  187.40 min=   20.88 max=  506.37 p50=  191.54 p95=  308.59 p99=  398.57 rps=  93.40
  s2s.crud.fetchAllTickets                      n=  934 err=   0 errRate=  0.00% avg=  186.72 min=   20.47 max=  505.78 p50=  190.77 p95=  308.11 p99=  397.68 rps=  93.40
window 30s
  calc.additional.maxViewersSummary             n= 1982 err=   0 errRate=  0.00% avg=  227.91 min=   20.54 max= 2098.72 p50=  199.08 p95=  375.29 p99= 1730.66 rps=  66.07
  controller.AnalyticsController.maxViewersSummary n= 1982 err=   0 errRate=  0.00% avg=  233.55 min=   20.88 max= 2402.40 p50=  200.26 p95=  376.08 p99= 2039.71 rps=  66.07
  s2s.crud.fetchAllTickets                      n= 1982 err=   0 errRate=  0.00% avg=  207.08 min=   20.47 max=  599.37 p50=  198.87 p95=  366.42 p99=  426.22 rps=  66.07
  s2s.crud.fetchFilms                           n=    1 err=   0 errRate=  0.00% avg= 1294.58 min= 1294.58 max= 1294.58 p50= 1294.58 p95= 1294.58 p99= 1294.58 rps=   0.03
window 1m
  calc.additional.maxViewersSummary             n= 1982 err=   0 errRate=  0.00% avg=  227.91 min=   20.54 max= 2098.72 p50=  199.08 p95=  375.29 p99= 1730.66 rps=  33.03
  controller.AnalyticsController.maxViewersSummary n= 1982 err=   0 errRate=  0.00% avg=  233.55 min=   20.88 max= 2402.40 p50=  200.26 p95=  376.08 p99= 2039.71 rps=  33.03
  s2s.crud.fetchAllTickets                      n= 1982 err=   0 errRate=  0.00% avg=  207.08 min=   20.47 max=  599.37 p50=  198.87 p95=  366.42 p99=  426.22 rps=  33.03
  s2s.crud.fetchFilms                           n=    1 err=   0 errRate=  0.00% avg= 1294.58 min= 1294.58 max= 1294.58 p50= 1294.58 p95= 1294.58 p99= 1294.58 rps=   0.02

2026-05-05T22:59:52.102Z  INFO 1 --- [lab8-additional-service] [   scheduling-1] r.h.l.a.o.ObservabilityService           : [lab8-additional-service] observability refresh
window 10s
  calc.additional.maxViewersSummary             n=  948 err=   0 errRate=  0.00% avg=  184.25 min=   19.85 max=  505.84 p50=  190.13 p95=  306.41 p99=  397.71 rps=  94.80
  controller.AnalyticsController.maxViewersSummary n=  948 err=   0 errRate=  0.00% avg=  184.78 min=   20.06 max=  506.37 p50=  190.84 p95=  307.04 p99=  398.40 rps=  94.80
  s2s.crud.fetchAllTickets                      n=  948 err=   0 errRate=  0.00% avg=  184.16 min=   19.80 max=  505.78 p50=  190.06 p95=  306.30 p99=  397.19 rps=  94.80
window 30s
  calc.additional.maxViewersSummary             n= 2087 err=   0 errRate=  0.00% avg=  224.94 min=   19.85 max= 2098.72 p50=  198.60 p95=  373.44 p99= 1703.75 rps=  69.57
  controller.AnalyticsController.maxViewersSummary n= 2087 err=   0 errRate=  0.00% avg=  230.32 min=   20.06 max= 2402.40 p50=  199.64 p95=  373.93 p99= 2004.91 rps=  69.57
  s2s.crud.fetchAllTickets                      n= 2087 err=   0 errRate=  0.00% avg=  205.16 min=   19.80 max=  599.37 p50=  198.34 p95=  356.79 p99=  418.37 rps=  69.57
  s2s.crud.fetchFilms                           n=    1 err=   0 errRate=  0.00% avg= 1294.58 min= 1294.58 max= 1294.58 p50= 1294.58 p95= 1294.58 p99= 1294.58 rps=   0.03
window 1m
  calc.additional.maxViewersSummary             n= 2087 err=   0 errRate=  0.00% avg=  224.94 min=   19.85 max= 2098.72 p50=  198.60 p95=  373.44 p99= 1703.75 rps=  34.78
  controller.AnalyticsController.maxViewersSummary n= 2087 err=   0 errRate=  0.00% avg=  230.32 min=   20.06 max= 2402.40 p50=  199.64 p95=  373.93 p99= 2004.91 rps=  34.78
  s2s.crud.fetchAllTickets                      n= 2087 err=   0 errRate=  0.00% avg=  205.16 min=   19.80 max=  599.37 p50=  198.34 p95=  356.79 p99=  418.37 rps=  34.78
  s2s.crud.fetchFilms                           n=    1 err=   0 errRate=  0.00% avg= 1294.58 min= 1294.58 max= 1294.58 p50= 1294.58 p95= 1294.58 p99= 1294.58 rps=   0.02

2026-05-05T22:59:53.105Z  INFO 1 --- [lab8-additional-service] [   scheduling-1] r.h.l.a.o.ObservabilityService           : [lab8-additional-service] observability refresh
window 10s
  calc.additional.maxViewersSummary             n=  962 err=   0 errRate=  0.00% avg=  181.71 min=   19.85 max=  505.84 p50=  188.49 p95=  305.20 p99=  397.43 rps=  96.20
  controller.AnalyticsController.maxViewersSummary n=  962 err=   0 errRate=  0.00% avg=  182.22 min=   20.06 max=  506.37 p50=  189.37 p95=  305.38 p99=  398.23 rps=  96.20
  s2s.crud.fetchAllTickets                      n=  962 err=   0 errRate=  0.00% avg=  181.62 min=   19.80 max=  505.78 p50=  188.41 p95=  305.15 p99=  396.78 rps=  96.20
window 30s
  calc.additional.maxViewersSummary             n= 2189 err=   0 errRate=  0.00% avg=  222.49 min=   19.85 max= 2098.72 p50=  198.03 p95=  365.23 p99= 1699.19 rps=  72.97
  controller.AnalyticsController.maxViewersSummary n= 2189 err=   0 errRate=  0.00% avg=  227.63 min=   20.06 max= 2402.40 p50=  199.06 p95=  369.88 p99= 1999.84 rps=  72.97
  s2s.crud.fetchAllTickets                      n= 2189 err=   0 errRate=  0.00% avg=  203.62 min=   19.80 max=  599.37 p50=  197.74 p95=  335.52 p99=  414.59 rps=  72.97
  s2s.crud.fetchFilms                           n=    1 err=   0 errRate=  0.00% avg= 1294.58 min= 1294.58 max= 1294.58 p50= 1294.58 p95= 1294.58 p99= 1294.58 rps=   0.03
window 1m
  calc.additional.maxViewersSummary             n= 2189 err=   0 errRate=  0.00% avg=  222.49 min=   19.85 max= 2098.72 p50=  198.03 p95=  365.23 p99= 1699.19 rps=  36.48
  controller.AnalyticsController.maxViewersSummary n= 2189 err=   0 errRate=  0.00% avg=  227.63 min=   20.06 max= 2402.40 p50=  199.06 p95=  369.88 p99= 1999.84 rps=  36.48
  s2s.crud.fetchAllTickets                      n= 2189 err=   0 errRate=  0.00% avg=  203.62 min=   19.80 max=  599.37 p50=  197.74 p95=  335.52 p99=  414.59 rps=  36.48
  s2s.crud.fetchFilms                           n=    1 err=   0 errRate=  0.00% avg= 1294.58 min= 1294.58 max= 1294.58 p50= 1294.58 p95= 1294.58 p99= 1294.58 rps=   0.02

2026-05-05T22:59:54.111Z  INFO 1 --- [lab8-additional-service] [   scheduling-1] r.h.l.a.o.ObservabilityService           : [lab8-additional-service] observability refresh
window 10s
  calc.additional.maxViewersSummary             n=  969 err=   0 errRate=  0.00% avg=  178.17 min=   19.85 max=  504.50 p50=  186.21 p95=  301.93 p99=  381.14 rps=  96.90
  controller.AnalyticsController.maxViewersSummary n=  969 err=   0 errRate=  0.00% avg=  178.67 min=   20.06 max=  505.25 p50=  186.42 p95=  302.43 p99=  381.48 rps=  96.90
  s2s.crud.fetchAllTickets                      n=  969 err=   0 errRate=  0.00% avg=  178.09 min=   19.80 max=  504.44 p50=  186.15 p95=  301.86 p99=  381.05 rps=  96.90
window 30s
  calc.additional.maxViewersSummary             n= 2285 err=   0 errRate=  0.00% avg=  220.28 min=   19.85 max= 2098.72 p50=  197.53 p95=  357.70 p99= 1679.91 rps=  76.17
  controller.AnalyticsController.maxViewersSummary n= 2285 err=   0 errRate=  0.00% avg=  225.23 min=   20.06 max= 2402.40 p50=  198.70 p95=  362.32 p99= 1993.01 rps=  76.17
  s2s.crud.fetchAllTickets                      n= 2285 err=   0 errRate=  0.00% avg=  202.21 min=   19.80 max=  599.37 p50=  197.18 p95=  329.00 p99=  413.21 rps=  76.17
  s2s.crud.fetchFilms                           n=    1 err=   0 errRate=  0.00% avg= 1294.58 min= 1294.58 max= 1294.58 p50= 1294.58 p95= 1294.58 p99= 1294.58 rps=   0.03
window 1m
  calc.additional.maxViewersSummary             n= 2285 err=   0 errRate=  0.00% avg=  220.28 min=   19.85 max= 2098.72 p50=  197.53 p95=  357.70 p99= 1679.91 rps=  38.08
  controller.AnalyticsController.maxViewersSummary n= 2285 err=   0 errRate=  0.00% avg=  225.23 min=   20.06 max= 2402.40 p50=  198.70 p95=  362.32 p99= 1993.01 rps=  38.08
  s2s.crud.fetchAllTickets                      n= 2285 err=   0 errRate=  0.00% avg=  202.21 min=   19.80 max=  599.37 p50=  197.18 p95=  329.00 p99=  413.21 rps=  38.08
  s2s.crud.fetchFilms                           n=    1 err=   0 errRate=  0.00% avg= 1294.58 min= 1294.58 max= 1294.58 p50= 1294.58 p95= 1294.58 p99= 1294.58 rps=   0.02

2026-05-05T22:59:55.114Z  INFO 1 --- [lab8-additional-service] [   scheduling-1] r.h.l.a.o.ObservabilityService           : [lab8-additional-service] observability refresh
window 10s
  calc.additional.maxViewersSummary             n=  968 err=   0 errRate=  0.00% avg=  179.05 min=   19.85 max=  504.50 p50=  187.29 p95=  302.99 p99=  392.35 rps=  96.80
  controller.AnalyticsController.maxViewersSummary n=  968 err=   0 errRate=  0.00% avg=  179.52 min=   20.06 max=  505.25 p50=  187.79 p95=  303.77 p99=  393.01 rps=  96.80
  s2s.crud.fetchAllTickets                      n=  968 err=   0 errRate=  0.00% avg=  178.97 min=   19.80 max=  504.44 p50=  187.22 p95=  302.93 p99=  392.30 rps=  96.80
window 30s
  calc.additional.maxViewersSummary             n= 2384 err=   0 errRate=  0.00% avg=  218.71 min=   19.85 max= 2098.72 p50=  197.24 p95=  349.36 p99= 1645.26 rps=  79.47
  controller.AnalyticsController.maxViewersSummary n= 2384 err=   0 errRate=  0.00% avg=  223.46 min=   20.06 max= 2402.40 p50=  198.33 p95=  358.73 p99= 1929.60 rps=  79.47
  s2s.crud.fetchAllTickets                      n= 2384 err=   0 errRate=  0.00% avg=  201.38 min=   19.80 max=  599.37 p50=  197.07 p95=  327.09 p99=  412.10 rps=  79.47
  s2s.crud.fetchFilms                           n=    1 err=   0 errRate=  0.00% avg= 1294.58 min= 1294.58 max= 1294.58 p50= 1294.58 p95= 1294.58 p99= 1294.58 rps=   0.03
window 1m
  calc.additional.maxViewersSummary             n= 2384 err=   0 errRate=  0.00% avg=  218.71 min=   19.85 max= 2098.72 p50=  197.24 p95=  349.36 p99= 1645.26 rps=  39.73
  controller.AnalyticsController.maxViewersSummary n= 2384 err=   0 errRate=  0.00% avg=  223.46 min=   20.06 max= 2402.40 p50=  198.33 p95=  358.73 p99= 1929.60 rps=  39.73
  s2s.crud.fetchAllTickets                      n= 2384 err=   0 errRate=  0.00% avg=  201.38 min=   19.80 max=  599.37 p50=  197.07 p95=  327.09 p99=  412.10 rps=  39.73
  s2s.crud.fetchFilms                           n=    1 err=   0 errRate=  0.00% avg= 1294.58 min= 1294.58 max= 1294.58 p50= 1294.58 p95= 1294.58 p99= 1294.58 rps=   0.02

2026-05-05T22:59:56.120Z  INFO 1 --- [lab8-additional-service] [   scheduling-1] r.h.l.a.o.ObservabilityService           : [lab8-additional-service] observability refresh
window 10s
  calc.additional.maxViewersSummary             n=  971 err=   0 errRate=  0.00% avg=  178.51 min=   19.85 max=  504.50 p50=  187.84 p95=  303.06 p99=  392.21 rps=  97.10
  controller.AnalyticsController.maxViewersSummary n=  971 err=   0 errRate=  0.00% avg=  178.97 min=   20.06 max=  505.25 p50=  188.01 p95=  303.73 p99=  392.86 rps=  97.10
  s2s.crud.fetchAllTickets                      n=  971 err=   0 errRate=  0.00% avg=  178.43 min=   19.80 max=  504.44 p50=  187.65 p95=  303.00 p99=  392.16 rps=  97.10
window 30s
  calc.additional.maxViewersSummary             n= 2490 err=   0 errRate=  0.00% avg=  216.26 min=   19.85 max= 2098.72 p50=  196.61 p95=  330.68 p99= 1605.59 rps=  83.00
  controller.AnalyticsController.maxViewersSummary n= 2490 err=   0 errRate=  0.00% avg=  220.83 min=   20.06 max= 2402.40 p50=  197.65 p95=  340.39 p99= 1916.49 rps=  83.00
  s2s.crud.fetchAllTickets                      n= 2490 err=   0 errRate=  0.00% avg=  199.67 min=   19.80 max=  599.37 p50=  196.40 p95=  321.08 p99=  411.31 rps=  83.00
  s2s.crud.fetchFilms                           n=    1 err=   0 errRate=  0.00% avg= 1294.58 min= 1294.58 max= 1294.58 p50= 1294.58 p95= 1294.58 p99= 1294.58 rps=   0.03
window 1m
  calc.additional.maxViewersSummary             n= 2490 err=   0 errRate=  0.00% avg=  216.26 min=   19.85 max= 2098.72 p50=  196.61 p95=  330.68 p99= 1605.59 rps=  41.50
  controller.AnalyticsController.maxViewersSummary n= 2490 err=   0 errRate=  0.00% avg=  220.83 min=   20.06 max= 2402.40 p50=  197.65 p95=  340.39 p99= 1916.49 rps=  41.50
  s2s.crud.fetchAllTickets                      n= 2490 err=   0 errRate=  0.00% avg=  199.67 min=   19.80 max=  599.37 p50=  196.40 p95=  321.08 p99=  411.31 rps=  41.50
  s2s.crud.fetchFilms                           n=    1 err=   0 errRate=  0.00% avg= 1294.58 min= 1294.58 max= 1294.58 p50= 1294.58 p95= 1294.58 p99= 1294.58 rps=   0.02

2026-05-05T22:59:57.123Z  INFO 1 --- [lab8-additional-service] [   scheduling-1] r.h.l.a.o.ObservabilityService           : [lab8-additional-service] observability refresh
window 10s
  calc.additional.maxViewersSummary             n=  958 err=   0 errRate=  0.00% avg=  184.39 min=   19.85 max=  621.10 p50=  188.03 p95=  317.63 p99=  510.82 rps=  95.80
  controller.AnalyticsController.maxViewersSummary n=  958 err=   0 errRate=  0.00% avg=  184.84 min=   20.06 max=  622.12 p50=  188.25 p95=  318.29 p99=  511.24 rps=  95.80
  s2s.crud.fetchAllTickets                      n=  958 err=   0 errRate=  0.00% avg=  176.26 min=   19.80 max=  504.44 p50=  185.98 p95=  301.41 p99=  386.26 rps=  95.80
  s2s.crud.fetchFilms                           n=    1 err=   0 errRate=  0.00% avg=  341.06 min=  341.06 max=  341.06 p50=  341.06 p95=  341.06 p99=  341.06 rps=   0.10
window 30s
  calc.additional.maxViewersSummary             n= 2573 err=   0 errRate=  0.00% avg=  217.35 min=   19.85 max= 2098.72 p50=  196.52 p95=  374.76 p99= 1468.76 rps=  85.77
  controller.AnalyticsController.maxViewersSummary n= 2573 err=   0 errRate=  0.00% avg=  221.79 min=   20.06 max= 2402.40 p50=  197.43 p95=  375.68 p99= 1915.38 rps=  85.77
  s2s.crud.fetchAllTickets                      n= 2573 err=   0 errRate=  0.00% avg=  198.29 min=   19.80 max=  599.37 p50=  195.87 p95=  319.56 p99=  410.86 rps=  85.77
  s2s.crud.fetchFilms                           n=    2 err=   0 errRate=  0.00% avg=  817.82 min=  341.06 max= 1294.58 p50=  817.82 p95= 1246.90 p99= 1285.05 rps=   0.07
window 1m
  calc.additional.maxViewersSummary             n= 2573 err=   0 errRate=  0.00% avg=  217.35 min=   19.85 max= 2098.72 p50=  196.52 p95=  374.76 p99= 1468.76 rps=  42.88
  controller.AnalyticsController.maxViewersSummary n= 2573 err=   0 errRate=  0.00% avg=  221.79 min=   20.06 max= 2402.40 p50=  197.43 p95=  375.68 p99= 1915.38 rps=  42.88
  s2s.crud.fetchAllTickets                      n= 2573 err=   0 errRate=  0.00% avg=  198.29 min=   19.80 max=  599.37 p50=  195.87 p95=  319.56 p99=  410.86 rps=  42.88
  s2s.crud.fetchFilms                           n=    2 err=   0 errRate=  0.00% avg=  817.82 min=  341.06 max= 1294.58 p50=  817.82 p95= 1246.90 p99= 1285.05 rps=   0.03

2026-05-05T22:59:58.126Z  INFO 1 --- [lab8-additional-service] [   scheduling-1] r.h.l.a.o.ObservabilityService           : [lab8-additional-service] observability refresh
window 10s
  calc.additional.maxViewersSummary             n=  970 err=   0 errRate=  0.00% avg=  182.25 min=   19.85 max=  621.10 p50=  186.79 p95=  317.15 p99=  509.80 rps=  97.00
  controller.AnalyticsController.maxViewersSummary n=  970 err=   0 errRate=  0.00% avg=  182.68 min=   20.06 max=  622.12 p50=  187.09 p95=  317.57 p99=  510.18 rps=  97.00
  s2s.crud.fetchAllTickets                      n=  970 err=   0 errRate=  0.00% avg=  174.22 min=   19.80 max=  504.44 p50=  184.84 p95=  300.26 p99=  378.74 rps=  97.00
  s2s.crud.fetchFilms                           n=    1 err=   0 errRate=  0.00% avg=  341.06 min=  341.06 max=  341.06 p50=  341.06 p95=  341.06 p99=  341.06 rps=   0.10
window 30s
  calc.additional.maxViewersSummary             n= 2655 err=   0 errRate=  0.00% avg=  203.01 min=   19.85 max= 2098.72 p50=  195.74 p95=  326.11 p99=  479.63 rps=  88.50
  controller.AnalyticsController.maxViewersSummary n= 2655 err=   0 errRate=  0.00% avg=  204.78 min=   20.06 max= 2402.40 p50=  196.57 p95=  329.07 p99=  480.20 rps=  88.50
  s2s.crud.fetchAllTickets                      n= 2655 err=   0 errRate=  0.00% avg=  195.89 min=   19.80 max=  599.37 p50=  195.04 p95=  316.43 p99=  408.74 rps=  88.50
  s2s.crud.fetchFilms                           n=    1 err=   0 errRate=  0.00% avg=  341.06 min=  341.06 max=  341.06 p50=  341.06 p95=  341.06 p99=  341.06 rps=   0.03
window 1m
  calc.additional.maxViewersSummary             n= 2677 err=   0 errRate=  0.00% avg=  215.37 min=   19.85 max= 2098.72 p50=  196.05 p95=  373.03 p99= 1416.42 rps=  44.62
  controller.AnalyticsController.maxViewersSummary n= 2677 err=   0 errRate=  0.00% avg=  219.65 min=   20.06 max= 2402.40 p50=  196.85 p95=  373.70 p99= 1908.88 rps=  44.62
  s2s.crud.fetchAllTickets                      n= 2677 err=   0 errRate=  0.00% avg=  197.05 min=   19.80 max=  599.37 p50=  195.37 p95=  319.19 p99=  410.32 rps=  44.62
  s2s.crud.fetchFilms                           n=    2 err=   0 errRate=  0.00% avg=  817.82 min=  341.06 max= 1294.58 p50=  817.82 p95= 1246.90 p99= 1285.05 rps=   0.03

2026-05-05T22:59:58.742Z  INFO 1 --- [lab8-additional-service] [   scheduling-1] r.h.l.a.service.FilmCacheService         : film-cache stats: size=300 ttlMs=30000 lastRefreshAtMs=1778021996057 hits=2757 misses=2 refreshes=2
2026-05-05T22:59:59.129Z  INFO 1 --- [lab8-additional-service] [   scheduling-1] r.h.l.a.o.ObservabilityService           : [lab8-additional-service] observability refresh
window 10s
  calc.additional.maxViewersSummary             n=  974 err=   0 errRate=  0.00% avg=  179.14 min=   18.29 max=  621.10 p50=  185.24 p95=  316.23 p99=  509.46 rps=  97.40
  controller.AnalyticsController.maxViewersSummary n=  974 err=   0 errRate=  0.00% avg=  179.57 min=   18.49 max=  622.12 p50=  185.68 p95=  316.43 p99=  509.83 rps=  97.40
  s2s.crud.fetchAllTickets                      n=  974 err=   0 errRate=  0.00% avg=  171.15 min=   18.23 max=  504.44 p50=  182.13 p95=  299.48 p99=  365.73 rps=  97.40
  s2s.crud.fetchFilms                           n=    1 err=   0 errRate=  0.00% avg=  341.06 min=  341.06 max=  341.06 p50=  341.06 p95=  341.06 p99=  341.06 rps=   0.10
window 30s
  calc.additional.maxViewersSummary             n= 2680 err=   0 errRate=  0.00% avg=  195.63 min=   18.29 max=  621.10 p50=  194.65 p95=  319.51 p99=  421.77 rps=  89.33
  controller.AnalyticsController.maxViewersSummary n= 2681 err=   0 errRate=  0.00% avg=  196.47 min=   18.49 max=  622.12 p50=  195.40 p95=  320.95 p99=  422.60 rps=  89.37
  s2s.crud.fetchAllTickets                      n= 2680 err=   0 errRate=  0.00% avg=  192.56 min=   18.23 max=  521.04 p50=  193.72 p95=  314.07 p99=  400.28 rps=  89.33
  s2s.crud.fetchFilms                           n=    1 err=   0 errRate=  0.00% avg=  341.06 min=  341.06 max=  341.06 p50=  341.06 p95=  341.06 p99=  341.06 rps=   0.03
window 1m
  calc.additional.maxViewersSummary             n= 2779 err=   0 errRate=  0.00% avg=  213.01 min=   18.29 max= 2098.72 p50=  195.56 p95=  363.27 p99= 1089.49 rps=  46.32
  controller.AnalyticsController.maxViewersSummary n= 2779 err=   0 errRate=  0.00% avg=  217.15 min=   18.49 max= 2402.40 p50=  196.31 p95=  367.91 p99= 1197.99 rps=  46.32
  s2s.crud.fetchAllTickets                      n= 2779 err=   0 errRate=  0.00% avg=  195.36 min=   18.23 max=  599.37 p50=  194.73 p95=  317.87 p99=  409.97 rps=  46.32
  s2s.crud.fetchFilms                           n=    2 err=   0 errRate=  0.00% avg=  817.82 min=  341.06 max= 1294.58 p50=  817.82 p95= 1246.90 p99= 1285.05 rps=   0.03

2026-05-05T23:00:00.135Z  INFO 1 --- [lab8-additional-service] [   scheduling-1] r.h.l.a.o.ObservabilityService           : [lab8-additional-service] observability refresh
window 10s
  calc.additional.maxViewersSummary             n= 1006 err=   0 errRate=  0.00% avg=  174.96 min=   18.29 max=  621.10 p50=  181.38 p95=  316.07 p99=  507.05 rps= 100.60
  controller.AnalyticsController.maxViewersSummary n= 1006 err=   0 errRate=  0.00% avg=  175.37 min=   18.49 max=  622.12 p50=  181.79 p95=  316.25 p99=  507.33 rps= 100.60
  s2s.crud.fetchAllTickets                      n= 1006 err=   0 errRate=  0.00% avg=  167.21 min=   18.23 max=  504.44 p50=  178.50 p95=  299.84 p99=  372.14 rps= 100.60
  s2s.crud.fetchFilms                           n=    1 err=   0 errRate=  0.00% avg=  341.06 min=  341.06 max=  341.06 p50=  341.06 p95=  341.06 p99=  341.06 rps=   0.10
window 30s
  calc.additional.maxViewersSummary             n= 2725 err=   0 errRate=  0.00% avg=  192.87 min=   18.29 max=  621.10 p50=  193.21 p95=  318.64 p99=  419.07 rps=  90.83
  controller.AnalyticsController.maxViewersSummary n= 2725 err=   0 errRate=  0.00% avg=  193.60 min=   18.49 max=  622.12 p50=  193.94 p95=  319.58 p99=  419.35 rps=  90.83
  s2s.crud.fetchAllTickets                      n= 2725 err=   0 errRate=  0.00% avg=  189.89 min=   18.23 max=  521.04 p50=  192.60 p95=  313.15 p99=  399.20 rps=  90.83
  s2s.crud.fetchFilms                           n=    1 err=   0 errRate=  0.00% avg=  341.06 min=  341.06 max=  341.06 p50=  341.06 p95=  341.06 p99=  341.06 rps=   0.03
window 1m
  calc.additional.maxViewersSummary             n= 2893 err=   0 errRate=  0.00% avg=  210.68 min=   18.29 max= 2098.72 p50=  194.88 p95=  359.78 p99=  903.17 rps=  48.22
  controller.AnalyticsController.maxViewersSummary n= 2893 err=   0 errRate=  0.00% avg=  214.67 min=   18.49 max= 2402.40 p50=  195.83 p95=  362.53 p99=  904.56 rps=  48.22
  s2s.crud.fetchAllTickets                      n= 2893 err=   0 errRate=  0.00% avg=  193.72 min=   18.23 max=  599.37 p50=  193.90 p95=  317.56 p99=  409.67 rps=  48.22
  s2s.crud.fetchFilms                           n=    2 err=   0 errRate=  0.00% avg=  817.82 min=  341.06 max= 1294.58 p50=  817.82 p95= 1246.90 p99= 1285.05 rps=   0.03

2026-05-05T23:00:01.147Z  INFO 1 --- [lab8-additional-service] [   scheduling-1] r.h.l.a.o.ObservabilityService           : [lab8-additional-service] observability refresh
window 10s
  calc.additional.maxViewersSummary             n= 1029 err=   0 errRate=  0.00% avg=  169.55 min=   18.29 max=  621.10 p50=  129.24 p95=  309.34 p99=  505.85 rps= 102.90
  controller.AnalyticsController.maxViewersSummary n= 1029 err=   0 errRate=  0.00% avg=  169.97 min=   18.49 max=  622.12 p50=  129.42 p95=  309.72 p99=  506.11 rps= 102.90
  s2s.crud.fetchAllTickets                      n= 1029 err=   0 errRate=  0.00% avg=  161.99 min=   18.23 max=  396.91 p50=  128.33 p95=  298.05 p99=  318.31 rps= 102.90
  s2s.crud.fetchFilms                           n=    1 err=   0 errRate=  0.00% avg=  341.06 min=  341.06 max=  341.06 p50=  341.06 p95=  341.06 p99=  341.06 rps=   0.10
window 30s
  calc.additional.maxViewersSummary             n= 2764 err=   0 errRate=  0.00% avg=  189.94 min=   18.29 max=  621.10 p50=  192.09 p95=  317.32 p99=  418.60 rps=  92.13
  controller.AnalyticsController.maxViewersSummary n= 2764 err=   0 errRate=  0.00% avg=  190.61 min=   18.49 max=  622.12 p50=  192.62 p95=  318.48 p99=  418.91 rps=  92.13
  s2s.crud.fetchAllTickets                      n= 2764 err=   0 errRate=  0.00% avg=  187.00 min=   18.23 max=  521.04 p50=  191.18 p95=  311.43 p99=  397.78 rps=  92.13
  s2s.crud.fetchFilms                           n=    1 err=   0 errRate=  0.00% avg=  341.06 min=  341.06 max=  341.06 p50=  341.06 p95=  341.06 p99=  341.06 rps=   0.03
window 1m
  calc.additional.maxViewersSummary             n= 3011 err=   0 errRate=  0.00% avg=  207.97 min=   18.29 max= 2098.72 p50=  193.49 p95=  333.38 p99=  620.67 rps=  50.18
  controller.AnalyticsController.maxViewersSummary n= 3011 err=   0 errRate=  0.00% avg=  211.82 min=   18.49 max= 2402.40 p50=  194.40 p95=  349.34 p99=  621.61 rps=  50.18
  s2s.crud.fetchAllTickets                      n= 3011 err=   0 errRate=  0.00% avg=  191.67 min=   18.23 max=  599.37 p50=  192.65 p95=  316.51 p99=  409.48 rps=  50.18
  s2s.crud.fetchFilms                           n=    2 err=   0 errRate=  0.00% avg=  817.82 min=  341.06 max= 1294.58 p50=  817.82 p95= 1246.90 p99= 1285.05 rps=   0.03

2026-05-05T23:00:02.150Z  INFO 1 --- [lab8-additional-service] [   scheduling-1] r.h.l.a.o.ObservabilityService           : [lab8-additional-service] observability refresh
window 10s
  calc.additional.maxViewersSummary             n= 1027 err=   0 errRate=  0.00% avg=  166.10 min=   17.72 max=  621.10 p50=  125.47 p95=  307.62 p99=  505.95 rps= 102.70
  controller.AnalyticsController.maxViewersSummary n= 1027 err=   0 errRate=  0.00% avg=  166.51 min=   18.18 max=  622.12 p50=  125.86 p95=  308.04 p99=  506.20 rps= 102.70
  s2s.crud.fetchAllTickets                      n= 1027 err=   0 errRate=  0.00% avg=  158.52 min=   17.67 max=  396.91 p50=  124.97 p95=  293.28 p99=  318.31 rps= 102.70
  s2s.crud.fetchFilms                           n=    1 err=   0 errRate=  0.00% avg=  341.06 min=  341.06 max=  341.06 p50=  341.06 p95=  341.06 p99=  341.06 rps=   0.10
window 30s
  calc.additional.maxViewersSummary             n= 2787 err=   0 errRate=  0.00% avg=  186.80 min=   17.72 max=  621.10 p50=  190.76 p95=  316.48 p99=  418.33 rps=  92.90
  controller.AnalyticsController.maxViewersSummary n= 2787 err=   0 errRate=  0.00% avg=  187.42 min=   18.18 max=  622.12 p50=  191.46 p95=  316.70 p99=  418.65 rps=  92.90
  s2s.crud.fetchAllTickets                      n= 2787 err=   0 errRate=  0.00% avg=  183.91 min=   17.67 max=  521.04 p50=  190.01 p95=  309.38 p99=  396.98 rps=  92.90
  s2s.crud.fetchFilms                           n=    1 err=   0 errRate=  0.00% avg=  341.06 min=  341.06 max=  341.06 p50=  341.06 p95=  341.06 p99=  341.06 rps=   0.03
window 1m
  calc.additional.maxViewersSummary             n= 3114 err=   0 errRate=  0.00% avg=  205.54 min=   17.72 max= 2098.72 p50=  192.69 p95=  327.66 p99=  612.31 rps=  51.90
  controller.AnalyticsController.maxViewersSummary n= 3114 err=   0 errRate=  0.00% avg=  209.27 min=   18.18 max= 2402.40 p50=  193.54 p95=  330.13 p99=  612.56 rps=  51.90
  s2s.crud.fetchAllTickets                      n= 3114 err=   0 errRate=  0.00% avg=  189.78 min=   17.67 max=  599.37 p50=  192.22 p95=  315.86 p99=  407.67 rps=  51.90
  s2s.crud.fetchFilms                           n=    2 err=   0 errRate=  0.00% avg=  817.82 min=  341.06 max= 1294.58 p50=  817.82 p95= 1246.90 p99= 1285.05 rps=   0.03

2026-05-05T23:00:03.154Z  INFO 1 --- [lab8-additional-service] [   scheduling-1] r.h.l.a.o.ObservabilityService           : [lab8-additional-service] observability refresh
window 10s
  calc.additional.maxViewersSummary             n= 1045 err=   0 errRate=  0.00% avg=  161.76 min=   17.72 max=  621.10 p50=  122.28 p95=  306.71 p99=  505.10 rps= 104.50
  controller.AnalyticsController.maxViewersSummary n= 1045 err=   0 errRate=  0.00% avg=  162.16 min=   18.18 max=  622.12 p50=  122.47 p95=  306.89 p99=  505.34 rps= 104.50
  s2s.crud.fetchAllTickets                      n= 1045 err=   0 errRate=  0.00% avg=  154.31 min=   17.67 max=  402.61 p50=  121.69 p95=  290.21 p99=  319.69 rps= 104.50
  s2s.crud.fetchFilms                           n=    1 err=   0 errRate=  0.00% avg=  341.06 min=  341.06 max=  341.06 p50=  341.06 p95=  341.06 p99=  341.06 rps=   0.10
window 30s
  calc.additional.maxViewersSummary             n= 2831 err=   0 errRate=  0.00% avg=  183.40 min=   17.72 max=  621.10 p50=  188.80 p95=  314.20 p99=  415.91 rps=  94.37
  controller.AnalyticsController.maxViewersSummary n= 2831 err=   0 errRate=  0.00% avg=  183.99 min=   18.18 max=  622.12 p50=  189.40 p95=  314.54 p99=  416.43 rps=  94.37
  s2s.crud.fetchAllTickets                      n= 2831 err=   0 errRate=  0.00% avg=  180.56 min=   17.67 max=  521.04 p50=  188.07 p95=  308.80 p99=  396.70 rps=  94.37
  s2s.crud.fetchFilms                           n=    1 err=   0 errRate=  0.00% avg=  341.06 min=  341.06 max=  341.06 p50=  341.06 p95=  341.06 p99=  341.06 rps=   0.03
window 1m
  calc.additional.maxViewersSummary             n= 3234 err=   0 errRate=  0.00% avg=  202.86 min=   17.72 max= 2098.72 p50=  191.78 p95=  321.71 p99=  582.06 rps=  53.90
  controller.AnalyticsController.maxViewersSummary n= 3234 err=   0 errRate=  0.00% avg=  206.47 min=   18.18 max= 2402.40 p50=  192.58 p95=  324.10 p99=  582.64 rps=  53.90
  s2s.crud.fetchAllTickets                      n= 3234 err=   0 errRate=  0.00% avg=  187.69 min=   17.67 max=  599.37 p50=  191.01 p95=  314.20 p99=  405.54 rps=  53.90
  s2s.crud.fetchFilms                           n=    2 err=   0 errRate=  0.00% avg=  817.82 min=  341.06 max= 1294.58 p50=  817.82 p95= 1246.90 p99= 1285.05 rps=   0.03

2026-05-05T23:00:04.170Z  INFO 1 --- [lab8-additional-service] [   scheduling-1] r.h.l.a.o.ObservabilityService           : [lab8-additional-service] observability refresh
window 10s
  calc.additional.maxViewersSummary             n= 1075 err=   0 errRate=  0.00% avg=  155.92 min=   17.72 max=  621.10 p50=  118.82 p95=  301.91 p99=  503.68 rps= 107.50
  controller.AnalyticsController.maxViewersSummary n= 1075 err=   0 errRate=  0.00% avg=  156.42 min=   18.18 max=  622.12 p50=  119.17 p95=  302.19 p99=  503.91 rps= 107.50
  s2s.crud.fetchAllTickets                      n= 1075 err=   0 errRate=  0.00% avg=  148.67 min=   17.67 max=  402.61 p50=  118.60 p95=  284.05 p99=  316.94 rps= 107.50
  s2s.crud.fetchFilms                           n=    1 err=   0 errRate=  0.00% avg=  341.06 min=  341.06 max=  341.06 p50=  341.06 p95=  341.06 p99=  341.06 rps=   0.10
window 30s
  calc.additional.maxViewersSummary             n= 2877 err=   0 errRate=  0.00% avg=  179.09 min=   17.72 max=  621.10 p50=  185.39 p95=  312.55 p99=  415.62 rps=  95.90
  controller.AnalyticsController.maxViewersSummary n= 2877 err=   0 errRate=  0.00% avg=  179.70 min=   18.18 max=  622.12 p50=  185.94 p95=  312.75 p99=  416.05 rps=  95.90
  s2s.crud.fetchAllTickets                      n= 2877 err=   0 errRate=  0.00% avg=  176.31 min=   17.67 max=  521.04 p50=  184.39 p95=  307.25 p99=  396.36 rps=  95.90
  s2s.crud.fetchFilms                           n=    1 err=   0 errRate=  0.00% avg=  341.06 min=  341.06 max=  341.06 p50=  341.06 p95=  341.06 p99=  341.06 rps=   0.03
window 1m
  calc.additional.maxViewersSummary             n= 3360 err=   0 errRate=  0.00% avg=  199.69 min=   17.72 max= 2098.72 p50=  190.44 p95=  319.61 p99=  551.19 rps=  56.00
  controller.AnalyticsController.maxViewersSummary n= 3360 err=   0 errRate=  0.00% avg=  203.21 min=   18.18 max= 2402.40 p50=  191.23 p95=  321.40 p99=  551.46 rps=  56.00
  s2s.crud.fetchAllTickets                      n= 3360 err=   0 errRate=  0.00% avg=  185.08 min=   17.67 max=  599.37 p50=  189.66 p95=  312.96 p99=  404.60 rps=  56.00
  s2s.crud.fetchFilms                           n=    2 err=   0 errRate=  0.00% avg=  817.82 min=  341.06 max= 1294.58 p50=  817.82 p95= 1246.90 p99= 1285.05 rps=   0.03

2026-05-05T23:00:05.238Z  INFO 1 --- [lab8-additional-service] [   scheduling-1] r.h.l.a.o.ObservabilityService           : [lab8-additional-service] observability refresh
window 10s
  calc.additional.maxViewersSummary             n= 1081 err=   0 errRate=  0.00% avg=  152.42 min=   17.72 max=  621.10 p50=  118.01 p95=  297.63 p99=  503.39 rps= 108.10
  controller.AnalyticsController.maxViewersSummary n= 1081 err=   0 errRate=  0.00% avg=  152.92 min=   18.18 max=  622.12 p50=  118.63 p95=  297.97 p99=  503.62 rps= 108.10
  s2s.crud.fetchAllTickets                      n= 1081 err=   0 errRate=  0.00% avg=  145.21 min=   17.67 max=  402.61 p50=  117.60 p95=  275.98 p99=  315.60 rps= 108.10
  s2s.crud.fetchFilms                           n=    1 err=   0 errRate=  0.00% avg=  341.06 min=  341.06 max=  341.06 p50=  341.06 p95=  341.06 p99=  341.06 rps=   0.10
window 30s
  calc.additional.maxViewersSummary             n= 2908 err=   0 errRate=  0.00% avg=  176.44 min=   17.72 max=  621.10 p50=  183.03 p95=  309.66 p99=  414.01 rps=  96.93
  controller.AnalyticsController.maxViewersSummary n= 2908 err=   0 errRate=  0.00% avg=  177.00 min=   18.18 max=  622.12 p50=  183.55 p95=  310.21 p99=  414.20 rps=  96.93
  s2s.crud.fetchAllTickets                      n= 2908 err=   0 errRate=  0.00% avg=  173.69 min=   17.67 max=  521.04 p50=  181.61 p95=  305.56 p99=  395.29 rps=  96.93
  s2s.crud.fetchFilms                           n=    1 err=   0 errRate=  0.00% avg=  341.06 min=  341.06 max=  341.06 p50=  341.06 p95=  341.06 p99=  341.06 rps=   0.03
window 1m
  calc.additional.maxViewersSummary             n= 3471 err=   0 errRate=  0.00% avg=  197.99 min=   17.72 max= 2098.72 p50=  189.66 p95=  319.25 p99=  525.56 rps=  57.85
  controller.AnalyticsController.maxViewersSummary n= 3471 err=   0 errRate=  0.00% avg=  201.41 min=   18.18 max= 2402.40 p50=  190.38 p95=  319.96 p99=  525.73 rps=  57.85
  s2s.crud.fetchAllTickets                      n= 3471 err=   0 errRate=  0.00% avg=  183.84 min=   17.67 max=  599.37 p50=  188.88 p95=  312.50 p99=  404.03 rps=  57.85
  s2s.crud.fetchFilms                           n=    2 err=   0 errRate=  0.00% avg=  817.82 min=  341.06 max= 1294.58 p50=  817.82 p95= 1246.90 p99= 1285.05 rps=   0.03

2026-05-05T23:00:06.243Z  INFO 1 --- [lab8-additional-service] [   scheduling-1] r.h.l.a.o.ObservabilityService           : [lab8-additional-service] observability refresh
window 10s
  calc.additional.maxViewersSummary             n= 1095 err=   0 errRate=  0.00% avg=  149.14 min=   17.72 max=  621.10 p50=  116.76 p95=  296.65 p99=  502.73 rps= 109.50
  controller.AnalyticsController.maxViewersSummary n= 1095 err=   0 errRate=  0.00% avg=  149.74 min=   18.18 max=  622.12 p50=  117.24 p95=  296.96 p99=  502.96 rps= 109.50
  s2s.crud.fetchAllTickets                      n= 1095 err=   0 errRate=  0.00% avg=  142.03 min=   17.67 max=  402.61 p50=  116.46 p95=  251.52 p99=  312.91 rps= 109.50
  s2s.crud.fetchFilms                           n=    1 err=   0 errRate=  0.00% avg=  341.06 min=  341.06 max=  341.06 p50=  341.06 p95=  341.06 p99=  341.06 rps=   0.10
window 30s
  calc.additional.maxViewersSummary             n= 2951 err=   0 errRate=  0.00% avg=  173.34 min=   17.72 max=  621.10 p50=  179.41 p95=  308.22 p99=  410.80 rps=  98.37
  controller.AnalyticsController.maxViewersSummary n= 2951 err=   0 errRate=  0.00% avg=  173.92 min=   18.18 max=  622.12 p50=  179.88 p95=  308.66 p99=  411.11 rps=  98.37
  s2s.crud.fetchAllTickets                      n= 2951 err=   0 errRate=  0.00% avg=  170.63 min=   17.67 max=  521.04 p50=  178.04 p95=  304.09 p99=  388.67 rps=  98.37
  s2s.crud.fetchFilms                           n=    1 err=   0 errRate=  0.00% avg=  341.06 min=  341.06 max=  341.06 p50=  341.06 p95=  341.06 p99=  341.06 rps=   0.03
window 1m
  calc.additional.maxViewersSummary             n= 3592 err=   0 errRate=  0.00% avg=  195.77 min=   17.72 max= 2098.72 p50=  188.47 p95=  318.07 p99=  521.66 rps=  59.87
  controller.AnalyticsController.maxViewersSummary n= 3592 err=   0 errRate=  0.00% avg=  199.12 min=   18.18 max= 2402.40 p50=  189.27 p95=  319.08 p99=  521.86 rps=  59.87
  s2s.crud.fetchAllTickets                      n= 3592 err=   0 errRate=  0.00% avg=  182.10 min=   17.67 max=  599.37 p50=  187.71 p95=  310.91 p99=  403.48 rps=  59.87
  s2s.crud.fetchFilms                           n=    2 err=   0 errRate=  0.00% avg=  817.82 min=  341.06 max= 1294.58 p50=  817.82 p95= 1246.90 p99= 1285.05 rps=   0.03

2026-05-05T23:00:07.247Z  INFO 1 --- [lab8-additional-service] [   scheduling-1] r.h.l.a.o.ObservabilityService           : [lab8-additional-service] observability refresh
window 10s
  calc.additional.maxViewersSummary             n= 1131 err=   0 errRate=  0.00% avg=  139.99 min=   17.72 max=  402.66 p50=  115.64 p95=  224.85 p99=  311.63 rps= 113.10
  controller.AnalyticsController.maxViewersSummary n= 1131 err=   0 errRate=  0.00% avg=  140.60 min=   18.18 max=  402.83 p50=  116.28 p95=  225.12 p99=  311.91 rps= 113.10
  s2s.crud.fetchAllTickets                      n= 1131 err=   0 errRate=  0.00% avg=  139.91 min=   17.67 max=  402.61 p50=  115.59 p95=  224.78 p99=  311.57 rps= 113.10
window 30s
  calc.additional.maxViewersSummary             n= 2995 err=   0 errRate=  0.00% avg=  170.39 min=   17.72 max=  621.10 p50=  169.46 p95=  306.78 p99=  409.73 rps=  99.83
  controller.AnalyticsController.maxViewersSummary n= 2995 err=   0 errRate=  0.00% avg=  170.96 min=   18.18 max=  622.12 p50=  170.19 p95=  307.13 p99=  409.95 rps=  99.83
  s2s.crud.fetchAllTickets                      n= 2995 err=   0 errRate=  0.00% avg=  167.72 min=   17.67 max=  521.04 p50=  165.82 p95=  301.87 p99=  382.89 rps=  99.83
  s2s.crud.fetchFilms                           n=    1 err=   0 errRate=  0.00% avg=  341.06 min=  341.06 max=  341.06 p50=  341.06 p95=  341.06 p99=  341.06 rps=   0.03
window 1m
  calc.additional.maxViewersSummary             n= 3714 err=   0 errRate=  0.00% avg=  193.59 min=   17.72 max= 2098.72 p50=  187.08 p95=  317.10 p99=  520.92 rps=  61.90
  controller.AnalyticsController.maxViewersSummary n= 3714 err=   0 errRate=  0.00% avg=  196.85 min=   18.18 max= 2402.40 p50=  187.94 p95=  318.55 p99=  521.22 rps=  61.90
  s2s.crud.fetchAllTickets                      n= 3714 err=   0 errRate=  0.00% avg=  180.36 min=   17.67 max=  599.37 p50=  186.38 p95=  309.90 p99=  402.43 rps=  61.90
  s2s.crud.fetchFilms                           n=    2 err=   0 errRate=  0.00% avg=  817.82 min=  341.06 max= 1294.58 p50=  817.82 p95= 1246.90 p99= 1285.05 rps=   0.03

2026-05-05T23:00:08.251Z  INFO 1 --- [lab8-additional-service] [   scheduling-1] r.h.l.a.o.ObservabilityService           : [lab8-additional-service] observability refresh
window 10s
  calc.additional.maxViewersSummary             n= 1149 err=   0 errRate=  0.00% avg=  135.33 min=   17.72 max=  402.66 p50=  114.72 p95=  217.83 p99=  308.23 rps= 114.90
  controller.AnalyticsController.maxViewersSummary n= 1149 err=   0 errRate=  0.00% avg=  136.03 min=   18.18 max=  402.83 p50=  115.54 p95=  218.00 p99=  309.03 rps= 114.90
  s2s.crud.fetchAllTickets                      n= 1149 err=   0 errRate=  0.00% avg=  135.16 min=   17.67 max=  402.61 p50=  114.65 p95=  217.79 p99=  308.18 rps= 114.90
window 30s
  calc.additional.maxViewersSummary             n= 3035 err=   0 errRate=  0.00% avg=  167.08 min=   17.72 max=  621.10 p50=  144.37 p95=  304.59 p99=  402.19 rps= 101.17
  controller.AnalyticsController.maxViewersSummary n= 3035 err=   0 errRate=  0.00% avg=  167.68 min=   18.18 max=  622.12 p50=  149.92 p95=  304.97 p99=  402.76 rps= 101.17
  s2s.crud.fetchAllTickets                      n= 3035 err=   0 errRate=  0.00% avg=  164.41 min=   17.67 max=  505.78 p50=  136.72 p95=  299.87 p99=  379.98 rps= 101.17
  s2s.crud.fetchFilms                           n=    1 err=   0 errRate=  0.00% avg=  341.06 min=  341.06 max=  341.06 p50=  341.06 p95=  341.06 p99=  341.06 rps=   0.03
window 1m
  calc.additional.maxViewersSummary             n= 3838 err=   0 errRate=  0.00% avg=  191.16 min=   17.72 max= 2098.72 p50=  185.29 p95=  316.26 p99=  519.19 rps=  63.97
  controller.AnalyticsController.maxViewersSummary n= 3838 err=   0 errRate=  0.00% avg=  194.36 min=   18.18 max= 2402.40 p50=  186.04 p95=  317.50 p99=  519.38 rps=  63.97
  s2s.crud.fetchAllTickets                      n= 3838 err=   0 errRate=  0.00% avg=  178.33 min=   17.67 max=  599.37 p50=  184.37 p95=  309.37 p99=  401.17 rps=  63.97
  s2s.crud.fetchFilms                           n=    2 err=   0 errRate=  0.00% avg=  817.82 min=  341.06 max= 1294.58 p50=  817.82 p95= 1246.90 p99= 1285.05 rps=   0.03

2026-05-05T23:00:08.742Z  INFO 1 --- [lab8-additional-service] [   scheduling-1] r.h.l.a.service.FilmCacheService         : film-cache stats: size=300 ttlMs=30000 lastRefreshAtMs=1778021996057 hits=3911 misses=2 refreshes=2
2026-05-05T23:00:09.261Z  INFO 1 --- [lab8-additional-service] [   scheduling-1] r.h.l.a.o.ObservabilityService           : [lab8-additional-service] observability refresh
window 10s
  calc.additional.maxViewersSummary             n= 1175 err=   0 errRate=  0.00% avg=  129.66 min=   17.72 max=  402.66 p50=  113.40 p95=  212.33 p99=  293.83 rps= 117.50
  controller.AnalyticsController.maxViewersSummary n= 1175 err=   0 errRate=  0.00% avg=  130.39 min=   18.18 max=  402.83 p50=  113.89 p95=  213.07 p99=  294.04 rps= 117.50
  s2s.crud.fetchAllTickets                      n= 1175 err=   0 errRate=  0.00% avg=  129.49 min=   17.67 max=  402.61 p50=  113.24 p95=  212.27 p99=  293.78 rps= 117.50
window 30s
  calc.additional.maxViewersSummary             n= 3078 err=   0 errRate=  0.00% avg=  163.42 min=   17.72 max=  621.10 p50=  127.90 p95=  302.64 p99=  401.58 rps= 102.60
  controller.AnalyticsController.maxViewersSummary n= 3078 err=   0 errRate=  0.00% avg=  164.02 min=   18.18 max=  622.12 p50=  128.96 p95=  302.91 p99=  402.66 rps= 102.60
  s2s.crud.fetchAllTickets                      n= 3078 err=   0 errRate=  0.00% avg=  160.79 min=   17.67 max=  505.78 p50=  127.45 p95=  298.38 p99=  379.68 rps= 102.60
  s2s.crud.fetchFilms                           n=    1 err=   0 errRate=  0.00% avg=  341.06 min=  341.06 max=  341.06 p50=  341.06 p95=  341.06 p99=  341.06 rps=   0.03
window 1m
  calc.additional.maxViewersSummary             n= 3965 err=   0 errRate=  0.00% avg=  188.45 min=   17.72 max= 2098.72 p50=  182.13 p95=  314.40 p99=  516.67 rps=  66.08
  controller.AnalyticsController.maxViewersSummary n= 3965 err=   0 errRate=  0.00% avg=  191.57 min=   18.18 max= 2402.40 p50=  182.95 p95=  316.08 p99=  517.14 rps=  66.08
  s2s.crud.fetchAllTickets                      n= 3965 err=   0 errRate=  0.00% avg=  176.03 min=   17.67 max=  599.37 p50=  181.12 p95=  308.52 p99=  400.79 rps=  66.08
  s2s.crud.fetchFilms                           n=    2 err=   0 errRate=  0.00% avg=  817.82 min=  341.06 max= 1294.58 p50=  817.82 p95= 1246.90 p99= 1285.05 rps=   0.03

2026-05-05T23:00:10.277Z  INFO 1 --- [lab8-additional-service] [   scheduling-1] r.h.l.a.o.ObservabilityService           : [lab8-additional-service] observability refresh
window 10s
  calc.additional.maxViewersSummary             n= 1186 err=   0 errRate=  0.00% avg=  126.09 min=   16.08 max=  402.66 p50=  111.90 p95=  208.48 p99=  285.13 rps= 118.60
  controller.AnalyticsController.maxViewersSummary n= 1186 err=   0 errRate=  0.00% avg=  126.88 min=   16.28 max=  402.83 p50=  112.65 p95=  208.94 p99=  285.94 rps= 118.60
  s2s.crud.fetchAllTickets                      n= 1186 err=   0 errRate=  0.00% avg=  125.92 min=   16.04 max=  402.61 p50=  111.79 p95=  208.43 p99=  285.08 rps= 118.60
window 30s
  calc.additional.maxViewersSummary             n= 3118 err=   0 errRate=  0.00% avg=  160.04 min=   16.08 max=  621.10 p50=  124.59 p95=  299.85 p99=  401.26 rps= 103.93
  controller.AnalyticsController.maxViewersSummary n= 3118 err=   0 errRate=  0.00% avg=  160.65 min=   16.28 max=  622.12 p50=  125.58 p95=  300.25 p99=  402.47 rps= 103.93
  s2s.crud.fetchAllTickets                      n= 3118 err=   0 errRate=  0.00% avg=  157.44 min=   16.04 max=  505.78 p50=  124.25 p95=  297.03 p99=  375.26 rps= 103.93
  s2s.crud.fetchFilms                           n=    1 err=   0 errRate=  0.00% avg=  341.06 min=  341.06 max=  341.06 p50=  341.06 p95=  341.06 p99=  341.06 rps=   0.03
window 1m
  calc.additional.maxViewersSummary             n= 4096 err=   0 errRate=  0.00% avg=  185.98 min=   16.08 max= 2098.72 p50=  179.49 p95=  313.33 p99=  507.60 rps=  68.27
  controller.AnalyticsController.maxViewersSummary n= 4096 err=   0 errRate=  0.00% avg=  189.03 min=   16.28 max= 2402.40 p50=  180.13 p95=  313.83 p99=  507.88 rps=  68.27
  s2s.crud.fetchAllTickets                      n= 4096 err=   0 errRate=  0.00% avg=  173.96 min=   16.04 max=  599.37 p50=  178.12 p95=  307.68 p99=  400.30 rps=  68.27
  s2s.crud.fetchFilms                           n=    2 err=   0 errRate=  0.00% avg=  817.82 min=  341.06 max= 1294.58 p50=  817.82 p95= 1246.90 p99= 1285.05 rps=   0.03

2026-05-05T23:00:11.289Z  INFO 1 --- [lab8-additional-service] [   scheduling-1] r.h.l.a.o.ObservabilityService           : [lab8-additional-service] observability refresh
window 10s
  calc.additional.maxViewersSummary             n= 1215 err=   0 errRate=  0.00% avg=  121.77 min=   16.08 max=  402.66 p50=  110.23 p95=  206.65 p99=  269.62 rps= 121.50
  controller.AnalyticsController.maxViewersSummary n= 1215 err=   0 errRate=  0.00% avg=  122.56 min=   16.28 max=  402.83 p50=  110.62 p95=  207.27 p99=  269.79 rps= 121.50
  s2s.crud.fetchAllTickets                      n= 1215 err=   0 errRate=  0.00% avg=  121.60 min=   16.04 max=  402.61 p50=  109.95 p95=  206.60 p99=  269.57 rps= 121.50
window 30s
  calc.additional.maxViewersSummary             n= 3185 err=   0 errRate=  0.00% avg=  155.83 min=   16.08 max=  621.10 p50=  121.63 p95=  298.21 p99=  399.65 rps= 106.17
  controller.AnalyticsController.maxViewersSummary n= 3186 err=   0 errRate=  0.00% avg=  156.45 min=   16.28 max=  622.12 p50=  122.22 p95=  298.53 p99=  399.94 rps= 106.20
  s2s.crud.fetchAllTickets                      n= 3185 err=   0 errRate=  0.00% avg=  153.29 min=   16.04 max=  505.78 p50=  121.34 p95=  295.23 p99=  348.06 rps= 106.17
  s2s.crud.fetchFilms                           n=    1 err=   0 errRate=  0.00% avg=  341.06 min=  341.06 max=  341.06 p50=  341.06 p95=  341.06 p99=  341.06 rps=   0.03
window 1m
  calc.additional.maxViewersSummary             n= 4247 err=   0 errRate=  0.00% avg=  182.86 min=   16.08 max= 2098.72 p50=  172.54 p95=  312.03 p99=  505.23 rps=  70.78
  controller.AnalyticsController.maxViewersSummary n= 4247 err=   0 errRate=  0.00% avg=  185.82 min=   16.28 max= 2402.40 p50=  173.68 p95=  312.84 p99=  505.86 rps=  70.78
  s2s.crud.fetchAllTickets                      n= 4247 err=   0 errRate=  0.00% avg=  171.26 min=   16.04 max=  599.37 p50=  170.27 p95=  306.90 p99=  400.04 rps=  70.78
  s2s.crud.fetchFilms                           n=    2 err=   0 errRate=  0.00% avg=  817.82 min=  341.06 max= 1294.58 p50=  817.82 p95= 1246.90 p99= 1285.05 rps=   0.03

2026-05-05T23:00:12.297Z  INFO 1 --- [lab8-additional-service] [   scheduling-1] r.h.l.a.o.ObservabilityService           : [lab8-additional-service] observability refresh
window 10s
  calc.additional.maxViewersSummary             n= 1257 err=   0 errRate=  0.00% avg=  115.83 min=   16.08 max=  386.90 p50=  107.86 p95=  202.09 p99=  243.94 rps= 125.70
  controller.AnalyticsController.maxViewersSummary n= 1257 err=   0 errRate=  0.00% avg=  116.61 min=   16.28 max=  387.12 p50=  108.36 p95=  202.29 p99=  244.14 rps= 125.70
  s2s.crud.fetchAllTickets                      n= 1257 err=   0 errRate=  0.00% avg=  115.66 min=   16.04 max=  386.83 p50=  107.78 p95=  202.02 p99=  243.88 rps= 125.70
window 30s
  calc.additional.maxViewersSummary             n= 3237 err=   0 errRate=  0.00% avg=  151.61 min=   16.08 max=  621.10 p50=  118.82 p95=  296.87 p99=  399.16 rps= 107.90
  controller.AnalyticsController.maxViewersSummary n= 3239 err=   0 errRate=  0.00% avg=  152.27 min=   16.28 max=  622.12 p50=  119.31 p95=  297.62 p99=  399.46 rps= 107.97
  s2s.crud.fetchAllTickets                      n= 3237 err=   0 errRate=  0.00% avg=  149.11 min=   16.04 max=  505.78 p50=  118.52 p95=  293.17 p99=  327.81 rps= 107.90
  s2s.crud.fetchFilms                           n=    1 err=   0 errRate=  0.00% avg=  341.06 min=  341.06 max=  341.06 p50=  341.06 p95=  341.06 p99=  341.06 rps=   0.03
window 1m
  calc.additional.maxViewersSummary             n= 4396 err=   0 errRate=  0.00% avg=  179.66 min=   16.08 max= 2098.72 p50=  161.14 p95=  310.17 p99=  502.55 rps=  73.27
  controller.AnalyticsController.maxViewersSummary n= 4396 err=   0 errRate=  0.00% avg=  182.53 min=   16.28 max= 2402.40 p50=  162.38 p95=  311.04 p99=  502.80 rps=  73.27
  s2s.crud.fetchAllTickets                      n= 4396 err=   0 errRate=  0.00% avg=  168.45 min=   16.04 max=  599.37 p50=  159.96 p95=  306.15 p99=  399.70 rps=  73.27
  s2s.crud.fetchFilms                           n=    2 err=   0 errRate=  0.00% avg=  817.82 min=  341.06 max= 1294.58 p50=  817.82 p95= 1246.90 p99= 1285.05 rps=   0.03

2026-05-05T23:00:13.303Z  INFO 1 --- [lab8-additional-service] [   scheduling-1] r.h.l.a.o.ObservabilityService           : [lab8-additional-service] observability refresh
window 10s
  calc.additional.maxViewersSummary             n= 1280 err=   0 errRate=  0.00% avg=  112.95 min=   16.08 max=  386.90 p50=  106.31 p95=  200.41 p99=  242.13 rps= 128.00
  controller.AnalyticsController.maxViewersSummary n= 1280 err=   0 errRate=  0.00% avg=  113.73 min=   16.28 max=  387.12 p50=  107.03 p95=  200.60 p99=  242.32 rps= 128.00
  s2s.crud.fetchAllTickets                      n= 1280 err=   0 errRate=  0.00% avg=  112.79 min=   16.04 max=  386.83 p50=  106.17 p95=  200.36 p99=  242.08 rps= 128.00
window 30s
  calc.additional.maxViewersSummary             n= 3295 err=   0 errRate=  0.00% avg=  148.24 min=   16.08 max=  621.10 p50=  117.22 p95=  295.41 p99=  398.69 rps= 109.83
  controller.AnalyticsController.maxViewersSummary n= 3295 err=   0 errRate=  0.00% avg=  148.82 min=   16.28 max=  622.12 p50=  117.67 p95=  295.83 p99=  399.01 rps= 109.83
  s2s.crud.fetchAllTickets                      n= 3295 err=   0 errRate=  0.00% avg=  145.79 min=   16.04 max=  505.78 p50=  116.93 p95=  291.04 p99=  327.41 rps= 109.83
  s2s.crud.fetchFilms                           n=    1 err=   0 errRate=  0.00% avg=  341.06 min=  341.06 max=  341.06 p50=  341.06 p95=  341.06 p99=  341.06 rps=   0.03
window 1m
  calc.additional.maxViewersSummary             n= 4541 err=   0 errRate=  0.00% avg=  177.09 min=   16.08 max= 2098.72 p50=  153.46 p95=  309.43 p99=  494.89 rps=  75.68
  controller.AnalyticsController.maxViewersSummary n= 4541 err=   0 errRate=  0.00% avg=  179.88 min=   16.28 max= 2402.40 p50=  155.67 p95=  310.26 p99=  495.51 rps=  75.68
  s2s.crud.fetchAllTickets                      n= 4541 err=   0 errRate=  0.00% avg=  166.24 min=   16.04 max=  599.37 p50=  148.75 p95=  305.41 p99=  399.07 rps=  75.68
  s2s.crud.fetchFilms                           n=    2 err=   0 errRate=  0.00% avg=  817.82 min=  341.06 max= 1294.58 p50=  817.82 p95= 1246.90 p99= 1285.05 rps=   0.03

2026-05-05T23:00:14.311Z  INFO 1 --- [lab8-additional-service] [   scheduling-1] r.h.l.a.o.ObservabilityService           : [lab8-additional-service] observability refresh
window 10s
  calc.additional.maxViewersSummary             n= 1288 err=   0 errRate=  0.00% avg=  112.37 min=   16.08 max=  386.90 p50=  106.22 p95=  201.16 p99=  232.93 rps= 128.80
  controller.AnalyticsController.maxViewersSummary n= 1288 err=   0 errRate=  0.00% avg=  113.05 min=   16.28 max=  387.12 p50=  106.87 p95=  201.39 p99=  235.02 rps= 128.80
  s2s.crud.fetchAllTickets                      n= 1288 err=   0 errRate=  0.00% avg=  112.21 min=   16.04 max=  386.83 p50=  106.11 p95=  201.11 p99=  232.83 rps= 128.80
window 30s
  calc.additional.maxViewersSummary             n= 3339 err=   0 errRate=  0.00% avg=  144.91 min=   16.08 max=  621.10 p50=  115.93 p95=  291.77 p99=  393.71 rps= 111.30
  controller.AnalyticsController.maxViewersSummary n= 3339 err=   0 errRate=  0.00% avg=  145.47 min=   16.28 max=  622.12 p50=  116.45 p95=  292.20 p99=  394.48 rps= 111.30
  s2s.crud.fetchAllTickets                      n= 3339 err=   0 errRate=  0.00% avg=  142.49 min=   16.04 max=  504.44 p50=  115.67 p95=  286.70 p99=  317.11 rps= 111.30
  s2s.crud.fetchFilms                           n=    1 err=   0 errRate=  0.00% avg=  341.06 min=  341.06 max=  341.06 p50=  341.06 p95=  341.06 p99=  341.06 rps=   0.03
window 1m
  calc.additional.maxViewersSummary             n= 4674 err=   0 errRate=  0.00% avg=  175.14 min=   16.08 max= 2098.72 p50=  136.34 p95=  308.81 p99=  484.52 rps=  77.90
  controller.AnalyticsController.maxViewersSummary n= 4674 err=   0 errRate=  0.00% avg=  177.87 min=   16.28 max= 2402.40 p50=  138.98 p95=  309.88 p99=  487.01 rps=  77.90
  s2s.crud.fetchAllTickets                      n= 4674 err=   0 errRate=  0.00% avg=  164.60 min=   16.04 max=  599.37 p50=  134.03 p95=  304.68 p99=  398.45 rps=  77.90
  s2s.crud.fetchFilms                           n=    2 err=   0 errRate=  0.00% avg=  817.82 min=  341.06 max= 1294.58 p50=  817.82 p95= 1246.90 p99= 1285.05 rps=   0.03

2026-05-05T23:00:15.315Z  INFO 1 --- [lab8-additional-service] [   scheduling-1] r.h.l.a.o.ObservabilityService           : [lab8-additional-service] observability refresh
window 10s
  calc.additional.maxViewersSummary             n= 1343 err=   0 errRate=  0.00% avg=  107.61 min=   16.01 max=  294.86 p50=  104.35 p95=  197.72 p99=  224.90 rps= 134.30
  controller.AnalyticsController.maxViewersSummary n= 1344 err=   0 errRate=  0.00% avg=  108.26 min=   16.28 max=  295.02 p50=  105.01 p95=  198.18 p99=  225.08 rps= 134.40
  s2s.crud.fetchAllTickets                      n= 1343 err=   0 errRate=  0.00% avg=  107.44 min=   15.96 max=  294.80 p50=  104.24 p95=  197.61 p99=  224.85 rps= 134.30
window 30s
  calc.additional.maxViewersSummary             n= 3392 err=   0 errRate=  0.00% avg=  142.12 min=   16.01 max=  621.10 p50=  114.50 p95=  290.34 p99=  391.37 rps= 113.07
  controller.AnalyticsController.maxViewersSummary n= 3392 err=   0 errRate=  0.00% avg=  142.67 min=   16.28 max=  622.12 p50=  115.05 p95=  290.94 p99=  391.80 rps= 113.07
  s2s.crud.fetchAllTickets                      n= 3392 err=   0 errRate=  0.00% avg=  139.74 min=   15.96 max=  504.44 p50=  114.35 p95=  285.81 p99=  316.87 rps= 113.07
  s2s.crud.fetchFilms                           n=    1 err=   0 errRate=  0.00% avg=  341.06 min=  341.06 max=  341.06 p50=  341.06 p95=  341.06 p99=  341.06 rps=   0.03
window 1m
  calc.additional.maxViewersSummary             n= 4829 err=   0 errRate=  0.00% avg=  172.70 min=   16.01 max= 2098.72 p50=  129.60 p95=  307.88 p99=  480.30 rps=  80.48
  controller.AnalyticsController.maxViewersSummary n= 4829 err=   0 errRate=  0.00% avg=  175.34 min=   16.28 max= 2402.40 p50=  131.16 p95=  308.90 p99=  480.68 rps=  80.48
  s2s.crud.fetchAllTickets                      n= 4829 err=   0 errRate=  0.00% avg=  162.48 min=   15.96 max=  599.37 p50=  128.60 p95=  304.06 p99=  398.04 rps=  80.48
  s2s.crud.fetchFilms                           n=    2 err=   0 errRate=  0.00% avg=  817.82 min=  341.06 max= 1294.58 p50=  817.82 p95= 1246.90 p99= 1285.05 rps=   0.03

2026-05-05T23:00:16.320Z  INFO 1 --- [lab8-additional-service] [   scheduling-1] r.h.l.a.o.ObservabilityService           : [lab8-additional-service] observability refresh
window 10s
  calc.additional.maxViewersSummary             n= 1356 err=   0 errRate=  0.00% avg=  105.37 min=   16.01 max=  294.86 p50=  103.55 p95=  196.36 p99=  222.72 rps= 135.60
  controller.AnalyticsController.maxViewersSummary n= 1356 err=   0 errRate=  0.00% avg=  106.11 min=   16.28 max=  295.02 p50=  103.87 p95=  196.92 p99=  222.91 rps= 135.60
  s2s.crud.fetchAllTickets                      n= 1356 err=   0 errRate=  0.00% avg=  105.21 min=   15.96 max=  294.80 p50=  103.35 p95=  196.31 p99=  222.67 rps= 135.60
window 30s
  calc.additional.maxViewersSummary             n= 3415 err=   0 errRate=  0.00% avg=  139.93 min=   16.01 max=  621.10 p50=  113.80 p95=  288.40 p99=  390.81 rps= 113.83
  controller.AnalyticsController.maxViewersSummary n= 3415 err=   0 errRate=  0.00% avg=  140.54 min=   16.28 max=  622.12 p50=  114.41 p95=  288.84 p99=  391.15 rps= 113.83
  s2s.crud.fetchAllTickets                      n= 3415 err=   0 errRate=  0.00% avg=  137.56 min=   15.96 max=  504.44 p50=  113.66 p95=  282.95 p99=  316.03 rps= 113.83
  s2s.crud.fetchFilms                           n=    1 err=   0 errRate=  0.00% avg=  341.06 min=  341.06 max=  341.06 p50=  341.06 p95=  341.06 p99=  341.06 rps=   0.03
window 1m
  calc.additional.maxViewersSummary             n= 4957 err=   0 errRate=  0.00% avg=  170.90 min=   16.01 max= 2098.72 p50=  127.06 p95=  307.02 p99=  477.55 rps=  82.62
  controller.AnalyticsController.maxViewersSummary n= 4957 err=   0 errRate=  0.00% avg=  173.53 min=   16.28 max= 2402.40 p50=  128.15 p95=  308.21 p99=  478.81 rps=  82.62
  s2s.crud.fetchAllTickets                      n= 4957 err=   0 errRate=  0.00% avg=  160.95 min=   15.96 max=  599.37 p50=  126.60 p95=  303.26 p99=  397.13 rps=  82.62
  s2s.crud.fetchFilms                           n=    2 err=   0 errRate=  0.00% avg=  817.82 min=  341.06 max= 1294.58 p50=  817.82 p95= 1246.90 p99= 1285.05 rps=   0.03

2026-05-05T23:00:17.325Z  INFO 1 --- [lab8-additional-service] [   scheduling-1] r.h.l.a.o.ObservabilityService           : [lab8-additional-service] observability refresh
window 10s
  calc.additional.maxViewersSummary             n= 1374 err=   0 errRate=  0.00% avg=  102.62 min=   16.01 max=  302.93 p50=  102.80 p95=  193.68 p99=  211.43 rps= 137.40
  controller.AnalyticsController.maxViewersSummary n= 1374 err=   0 errRate=  0.00% avg=  103.36 min=   16.28 max=  303.55 p50=  103.31 p95=  195.35 p99=  211.73 rps= 137.40
  s2s.crud.fetchAllTickets                      n= 1374 err=   0 errRate=  0.00% avg=  102.46 min=   15.96 max=  302.22 p50=  102.66 p95=  193.64 p99=  211.37 rps= 137.40
window 30s
  calc.additional.maxViewersSummary             n= 3463 err=   0 errRate=  0.00% avg=  137.14 min=   16.01 max=  621.10 p50=  113.02 p95=  285.37 p99=  390.67 rps= 115.43
  controller.AnalyticsController.maxViewersSummary n= 3463 err=   0 errRate=  0.00% avg=  137.75 min=   16.28 max=  622.12 p50=  113.62 p95=  285.62 p99=  390.92 rps= 115.43
  s2s.crud.fetchAllTickets                      n= 3463 err=   0 errRate=  0.00% avg=  134.80 min=   15.96 max=  504.44 p50=  112.87 p95=  278.00 p99=  315.98 rps= 115.43
  s2s.crud.fetchFilms                           n=    1 err=   0 errRate=  0.00% avg=  341.06 min=  341.06 max=  341.06 p50=  341.06 p95=  341.06 p99=  341.06 rps=   0.03
window 1m
  calc.additional.maxViewersSummary             n= 5097 err=   0 errRate=  0.00% avg=  168.92 min=   16.01 max= 2098.72 p50=  124.93 p95=  306.49 p99=  461.46 rps=  84.95
  controller.AnalyticsController.maxViewersSummary n= 5097 err=   0 errRate=  0.00% avg=  171.50 min=   16.28 max= 2402.40 p50=  125.96 p95=  307.63 p99=  462.80 rps=  84.95
  s2s.crud.fetchAllTickets                      n= 5097 err=   0 errRate=  0.00% avg=  159.24 min=   15.96 max=  599.37 p50=  124.46 p95=  302.59 p99=  396.22 rps=  84.95
  s2s.crud.fetchFilms                           n=    2 err=   0 errRate=  0.00% avg=  817.82 min=  341.06 max= 1294.58 p50=  817.82 p95= 1246.90 p99= 1285.05 rps=   0.03

2026-05-05T23:00:18.331Z  INFO 1 --- [lab8-additional-service] [   scheduling-1] r.h.l.a.o.ObservabilityService           : [lab8-additional-service] observability refresh
window 10s
  calc.additional.maxViewersSummary             n= 1385 err=   0 errRate=  0.00% avg=  101.03 min=   16.01 max=  302.93 p50=  102.27 p95=  193.35 p99=  209.66 rps= 138.50
  controller.AnalyticsController.maxViewersSummary n= 1385 err=   0 errRate=  0.00% avg=  101.71 min=   16.28 max=  303.55 p50=  102.61 p95=  193.76 p99=  210.06 rps= 138.50
  s2s.crud.fetchAllTickets                      n= 1385 err=   0 errRate=  0.00% avg=  100.95 min=   15.96 max=  302.22 p50=  102.21 p95=  193.30 p99=  209.61 rps= 138.50
window 30s
  calc.additional.maxViewersSummary             n= 3504 err=   0 errRate=  0.00% avg=  134.38 min=   16.01 max=  621.10 p50=  112.24 p95=  280.91 p99=  389.33 rps= 116.80
  controller.AnalyticsController.maxViewersSummary n= 3504 err=   0 errRate=  0.00% avg=  134.99 min=   16.28 max=  622.12 p50=  112.64 p95=  281.38 p99=  389.58 rps= 116.80
  s2s.crud.fetchAllTickets                      n= 3504 err=   0 errRate=  0.00% avg=  132.07 min=   15.96 max=  504.44 p50=  112.02 p95=  259.23 p99=  312.71 rps= 116.80
  s2s.crud.fetchFilms                           n=    1 err=   0 errRate=  0.00% avg=  341.06 min=  341.06 max=  341.06 p50=  341.06 p95=  341.06 p99=  341.06 rps=   0.03
window 1m
  calc.additional.maxViewersSummary             n= 5234 err=   0 errRate=  0.00% avg=  167.09 min=   16.01 max= 2098.72 p50=  123.35 p95=  305.69 p99=  452.82 rps=  87.23
  controller.AnalyticsController.maxViewersSummary n= 5234 err=   0 errRate=  0.00% avg=  169.61 min=   16.28 max= 2402.40 p50=  124.08 p95=  306.87 p99=  453.74 rps=  87.23
  s2s.crud.fetchAllTickets                      n= 5234 err=   0 errRate=  0.00% avg=  157.66 min=   15.96 max=  599.37 p50=  122.97 p95=  301.80 p99=  395.79 rps=  87.23
  s2s.crud.fetchFilms                           n=    2 err=   0 errRate=  0.00% avg=  817.82 min=  341.06 max= 1294.58 p50=  817.82 p95= 1246.90 p99= 1285.05 rps=   0.03

2026-05-05T23:00:18.742Z  INFO 1 --- [lab8-additional-service] [   scheduling-1] r.h.l.a.service.FilmCacheService         : film-cache stats: size=300 ttlMs=30000 lastRefreshAtMs=1778021996057 hits=5309 misses=2 refreshes=2
2026-05-05T23:00:19.341Z  INFO 1 --- [lab8-additional-service] [   scheduling-1] r.h.l.a.o.ObservabilityService           : [lab8-additional-service] observability refresh
window 10s
  calc.additional.maxViewersSummary             n= 1414 err=   0 errRate=  0.00% avg=   99.49 min=   16.01 max=  302.93 p50=  101.62 p95=  194.29 p99=  209.19 rps= 141.40
  controller.AnalyticsController.maxViewersSummary n= 1414 err=   0 errRate=  0.00% avg=  100.12 min=   16.28 max=  303.55 p50=  102.04 p95=  195.37 p99=  209.58 rps= 141.40
  s2s.crud.fetchAllTickets                      n= 1414 err=   0 errRate=  0.00% avg=   99.40 min=   15.96 max=  302.22 p50=  101.47 p95=  194.22 p99=  209.14 rps= 141.40
window 30s
  calc.additional.maxViewersSummary             n= 3564 err=   0 errRate=  0.00% avg=  131.20 min=   16.01 max=  621.10 p50=  111.00 p95=  261.90 p99=  385.95 rps= 118.80
  controller.AnalyticsController.maxViewersSummary n= 3564 err=   0 errRate=  0.00% avg=  131.81 min=   16.28 max=  622.12 p50=  111.43 p95=  262.08 p99=  386.20 rps= 118.80
  s2s.crud.fetchAllTickets                      n= 3564 err=   0 errRate=  0.00% avg=  128.92 min=   15.96 max=  504.44 p50=  110.83 p95=  225.20 p99=  309.40 rps= 118.80
  s2s.crud.fetchFilms                           n=    1 err=   0 errRate=  0.00% avg=  341.06 min=  341.06 max=  341.06 p50=  341.06 p95=  341.06 p99=  341.06 rps=   0.03
window 1m
  calc.additional.maxViewersSummary             n= 5387 err=   0 errRate=  0.00% avg=  164.96 min=   16.01 max= 2098.72 p50=  121.91 p95=  304.91 p99=  432.94 rps=  89.78
  controller.AnalyticsController.maxViewersSummary n= 5387 err=   0 errRate=  0.00% avg=  167.42 min=   16.28 max= 2402.40 p50=  122.69 p95=  305.90 p99=  433.35 rps=  89.78
  s2s.crud.fetchAllTickets                      n= 5387 err=   0 errRate=  0.00% avg=  155.79 min=   15.96 max=  599.37 p50=  121.66 p95=  301.30 p99=  395.39 rps=  89.78
  s2s.crud.fetchFilms                           n=    2 err=   0 errRate=  0.00% avg=  817.82 min=  341.06 max= 1294.58 p50=  817.82 p95= 1246.90 p99= 1285.05 rps=   0.03

2026-05-05T23:00:20.345Z  INFO 1 --- [lab8-additional-service] [   scheduling-1] r.h.l.a.o.ObservabilityService           : [lab8-additional-service] observability refresh
window 10s
  calc.additional.maxViewersSummary             n= 1441 err=   0 errRate=  0.00% avg=   95.64 min=   15.47 max=  302.93 p50=   99.61 p95=  191.96 p99=  207.54 rps= 144.10
  controller.AnalyticsController.maxViewersSummary n= 1441 err=   0 errRate=  0.00% avg=   96.25 min=   15.60 max=  303.55 p50=  100.03 p95=  192.89 p99=  207.86 rps= 144.10
  s2s.crud.fetchAllTickets                      n= 1441 err=   0 errRate=  0.00% avg=   95.55 min=   15.43 max=  302.22 p50=   99.52 p95=  191.91 p99=  207.49 rps= 144.10
window 30s
  calc.additional.maxViewersSummary             n= 3644 err=   0 errRate=  0.00% avg=  127.05 min=   15.47 max=  621.10 p50=  109.39 p95=  221.62 p99=  320.36 rps= 121.47
  controller.AnalyticsController.maxViewersSummary n= 3644 err=   0 errRate=  0.00% avg=  127.66 min=   15.60 max=  622.12 p50=  109.94 p95=  221.99 p99=  320.67 rps= 121.47
  s2s.crud.fetchAllTickets                      n= 3644 err=   0 errRate=  0.00% avg=  124.82 min=   15.43 max=  402.61 p50=  109.22 p95=  218.66 p99=  304.19 rps= 121.47
  s2s.crud.fetchFilms                           n=    1 err=   0 errRate=  0.00% avg=  341.06 min=  341.06 max=  341.06 p50=  341.06 p95=  341.06 p99=  341.06 rps=   0.03
window 1m
  calc.additional.maxViewersSummary             n= 5549 err=   0 errRate=  0.00% avg=  162.39 min=   15.47 max= 2098.72 p50=  120.30 p95=  304.25 p99=  427.16 rps=  92.48
  controller.AnalyticsController.maxViewersSummary n= 5549 err=   0 errRate=  0.00% avg=  164.80 min=   15.60 max= 2402.40 p50=  121.01 p95=  305.32 p99=  427.40 rps=  92.48
  s2s.crud.fetchAllTickets                      n= 5549 err=   0 errRate=  0.00% avg=  153.49 min=   15.43 max=  599.37 p50=  120.01 p95=  300.48 p99=  395.33 rps=  92.48
  s2s.crud.fetchFilms                           n=    2 err=   0 errRate=  0.00% avg=  817.82 min=  341.06 max= 1294.58 p50=  817.82 p95= 1246.90 p99= 1285.05 rps=   0.03

2026-05-05T23:00:21.363Z  INFO 1 --- [lab8-additional-service] [   scheduling-1] r.h.l.a.o.ObservabilityService           : [lab8-additional-service] observability refresh
window 10s
  calc.additional.maxViewersSummary             n= 1449 err=   0 errRate=  0.00% avg=   94.50 min=   15.47 max=  302.93 p50=   99.37 p95=  190.67 p99=  206.14 rps= 144.90
  controller.AnalyticsController.maxViewersSummary n= 1449 err=   0 errRate=  0.00% avg=   95.13 min=   15.60 max=  303.55 p50=   99.76 p95=  191.05 p99=  206.51 rps= 144.90
  s2s.crud.fetchAllTickets                      n= 1449 err=   0 errRate=  0.00% avg=   94.41 min=   15.43 max=  302.22 p50=   99.28 p95=  190.62 p99=  206.09 rps= 144.90
window 30s
  calc.additional.maxViewersSummary             n= 3696 err=   0 errRate=  0.00% avg=  124.00 min=   15.47 max=  621.10 p50=  108.46 p95=  218.90 p99=  318.44 rps= 123.20
  controller.AnalyticsController.maxViewersSummary n= 3696 err=   0 errRate=  0.00% avg=  124.61 min=   15.60 max=  622.12 p50=  108.94 p95=  219.46 p99=  318.65 rps= 123.20
  s2s.crud.fetchAllTickets                      n= 3696 err=   0 errRate=  0.00% avg=  121.80 min=   15.43 max=  402.61 p50=  108.28 p95=  215.90 p99=  303.35 rps= 123.20
  s2s.crud.fetchFilms                           n=    1 err=   0 errRate=  0.00% avg=  341.06 min=  341.06 max=  341.06 p50=  341.06 p95=  341.06 p99=  341.06 rps=   0.03
window 1m
  calc.additional.maxViewersSummary             n= 5700 err=   0 errRate=  0.00% avg=  160.29 min=   15.47 max= 2098.72 p50=  118.81 p95=  303.24 p99=  420.53 rps=  95.00
  controller.AnalyticsController.maxViewersSummary n= 5700 err=   0 errRate=  0.00% avg=  162.65 min=   15.60 max= 2402.40 p50=  119.43 p95=  304.61 p99=  421.60 rps=  95.00
  s2s.crud.fetchAllTickets                      n= 5700 err=   0 errRate=  0.00% avg=  151.62 min=   15.43 max=  599.37 p50=  118.48 p95=  299.98 p99=  394.76 rps=  95.00
  s2s.crud.fetchFilms                           n=    2 err=   0 errRate=  0.00% avg=  817.82 min=  341.06 max= 1294.58 p50=  817.82 p95= 1246.90 p99= 1285.05 rps=   0.03

2026-05-05T23:00:22.373Z  INFO 1 --- [lab8-additional-service] [   scheduling-1] r.h.l.a.o.ObservabilityService           : [lab8-additional-service] observability refresh
window 10s
  calc.additional.maxViewersSummary             n= 1451 err=   0 errRate=  0.00% avg=   94.63 min=   15.40 max=  302.93 p50=   99.28 p95=  191.63 p99=  207.18 rps= 145.10
  controller.AnalyticsController.maxViewersSummary n= 1451 err=   0 errRate=  0.00% avg=   95.24 min=   15.52 max=  303.55 p50=   99.63 p95=  192.18 p99=  207.55 rps= 145.10
  s2s.crud.fetchAllTickets                      n= 1451 err=   0 errRate=  0.00% avg=   94.53 min=   15.35 max=  302.22 p50=   99.13 p95=  191.42 p99=  207.14 rps= 145.10
window 30s
  calc.additional.maxViewersSummary             n= 3743 err=   0 errRate=  0.00% avg=  121.43 min=   15.40 max=  621.10 p50=  107.71 p95=  215.68 p99=  318.35 rps= 124.77
  controller.AnalyticsController.maxViewersSummary n= 3743 err=   0 errRate=  0.00% avg=  122.04 min=   15.52 max=  622.12 p50=  108.17 p95=  216.00 p99=  318.56 rps= 124.77
  s2s.crud.fetchAllTickets                      n= 3743 err=   0 errRate=  0.00% avg=  119.26 min=   15.35 max=  402.61 p50=  107.51 p95=  212.90 p99=  302.35 rps= 124.77
  s2s.crud.fetchFilms                           n=    1 err=   0 errRate=  0.00% avg=  341.06 min=  341.06 max=  341.06 p50=  341.06 p95=  341.06 p99=  341.06 rps=   0.03
window 1m
  calc.additional.maxViewersSummary             n= 5850 err=   0 errRate=  0.00% avg=  158.51 min=   15.40 max= 2098.72 p50=  117.93 p95=  302.67 p99=  418.77 rps=  97.50
  controller.AnalyticsController.maxViewersSummary n= 5850 err=   0 errRate=  0.00% avg=  160.82 min=   15.52 max= 2402.40 p50=  118.60 p95=  303.63 p99=  419.07 rps=  97.50
  s2s.crud.fetchAllTickets                      n= 5850 err=   0 errRate=  0.00% avg=  150.06 min=   15.35 max=  599.37 p50=  117.78 p95=  299.76 p99=  394.25 rps=  97.50
  s2s.crud.fetchFilms                           n=    2 err=   0 errRate=  0.00% avg=  817.82 min=  341.06 max= 1294.58 p50=  817.82 p95= 1246.90 p99= 1285.05 rps=   0.03

2026-05-05T23:00:23.386Z  INFO 1 --- [lab8-additional-service] [   scheduling-1] r.h.l.a.o.ObservabilityService           : [lab8-additional-service] observability refresh
window 10s
  calc.additional.maxViewersSummary             n= 1458 err=   0 errRate=  0.00% avg=   93.14 min=   15.40 max=  302.93 p50=   98.72 p95=  190.80 p99=  208.94 rps= 145.80
  controller.AnalyticsController.maxViewersSummary n= 1459 err=   0 errRate=  0.00% avg=   93.75 min=   15.52 max=  303.55 p50=   99.12 p95=  191.67 p99=  209.19 rps= 145.90
  s2s.crud.fetchAllTickets                      n= 1458 err=   0 errRate=  0.00% avg=   93.04 min=   15.35 max=  302.22 p50=   98.66 p95=  190.64 p99=  208.90 rps= 145.80
window 30s
  calc.additional.maxViewersSummary             n= 3794 err=   0 errRate=  0.00% avg=  118.52 min=   15.40 max=  621.10 p50=  106.74 p95=  212.32 p99=  317.27 rps= 126.47
  controller.AnalyticsController.maxViewersSummary n= 3794 err=   0 errRate=  0.00% avg=  119.13 min=   15.52 max=  622.12 p50=  107.17 p95=  212.87 p99=  317.54 rps= 126.47
  s2s.crud.fetchAllTickets                      n= 3794 err=   0 errRate=  0.00% avg=  116.38 min=   15.35 max=  402.61 p50=  106.59 p95=  210.13 p99=  299.79 rps= 126.47
  s2s.crud.fetchFilms                           n=    1 err=   0 errRate=  0.00% avg=  341.06 min=  341.06 max=  341.06 p50=  341.06 p95=  341.06 p99=  341.06 rps=   0.03
window 1m
  calc.additional.maxViewersSummary             n= 6006 err=   0 errRate=  0.00% avg=  156.63 min=   15.40 max= 2098.72 p50=  116.90 p95=  301.85 p99=  416.07 rps= 100.10
  controller.AnalyticsController.maxViewersSummary n= 6006 err=   0 errRate=  0.00% avg=  158.89 min=   15.52 max= 2402.40 p50=  117.47 p95=  303.04 p99=  416.64 rps= 100.10
  s2s.crud.fetchAllTickets                      n= 6006 err=   0 errRate=  0.00% avg=  148.40 min=   15.35 max=  599.37 p50=  116.74 p95=  299.29 p99=  393.01 rps= 100.10
  s2s.crud.fetchFilms                           n=    2 err=   0 errRate=  0.00% avg=  817.82 min=  341.06 max= 1294.58 p50=  817.82 p95= 1246.90 p99= 1285.05 rps=   0.03

2026-05-05T23:00:24.397Z  INFO 1 --- [lab8-additional-service] [   scheduling-1] r.h.l.a.o.ObservabilityService           : [lab8-additional-service] observability refresh
window 10s
  calc.additional.maxViewersSummary             n= 1474 err=   0 errRate=  0.00% avg=   90.15 min=   15.40 max=  302.93 p50=   98.20 p95=  186.08 p99=  206.59 rps= 147.40
  controller.AnalyticsController.maxViewersSummary n= 1474 err=   0 errRate=  0.00% avg=   90.74 min=   15.52 max=  303.55 p50=   98.67 p95=  186.61 p99=  207.09 rps= 147.40
  s2s.crud.fetchAllTickets                      n= 1474 err=   0 errRate=  0.00% avg=   90.06 min=   15.35 max=  302.22 p50=   98.15 p95=  185.88 p99=  206.55 rps= 147.40
window 30s
  calc.additional.maxViewersSummary             n= 3854 err=   0 errRate=  0.00% avg=  115.50 min=   15.40 max=  621.10 p50=  105.50 p95=  209.27 p99=  316.67 rps= 128.47
  controller.AnalyticsController.maxViewersSummary n= 3855 err=   0 errRate=  0.00% avg=  116.12 min=   15.52 max=  622.12 p50=  105.92 p95=  209.88 p99=  316.89 rps= 128.50
  s2s.crud.fetchAllTickets                      n= 3854 err=   0 errRate=  0.00% avg=  113.38 min=   15.35 max=  402.61 p50=  105.34 p95=  207.41 p99=  294.00 rps= 128.47
  s2s.crud.fetchFilms                           n=    1 err=   0 errRate=  0.00% avg=  341.06 min=  341.06 max=  341.06 p50=  341.06 p95=  341.06 p99=  341.06 rps=   0.03
window 1m
  calc.additional.maxViewersSummary             n= 6166 err=   0 errRate=  0.00% avg=  154.71 min=   15.40 max= 2098.72 p50=  116.00 p95=  301.31 p99=  414.64 rps= 102.77
  controller.AnalyticsController.maxViewersSummary n= 6166 err=   0 errRate=  0.00% avg=  156.91 min=   15.52 max= 2402.40 p50=  116.58 p95=  302.26 p99=  415.02 rps= 102.77
  s2s.crud.fetchAllTickets                      n= 6166 err=   0 errRate=  0.00% avg=  146.69 min=   15.35 max=  599.37 p50=  115.82 p95=  298.40 p99=  392.68 rps= 102.77
  s2s.crud.fetchFilms                           n=    2 err=   0 errRate=  0.00% avg=  817.82 min=  341.06 max= 1294.58 p50=  817.82 p95= 1246.90 p99= 1285.05 rps=   0.03

2026-05-05T23:00:25.403Z  INFO 1 --- [lab8-additional-service] [   scheduling-1] r.h.l.a.o.ObservabilityService           : [lab8-additional-service] observability refresh
window 10s
  calc.additional.maxViewersSummary             n= 1459 err=   0 errRate=  0.00% avg=   91.04 min=   15.40 max=  302.93 p50=   98.59 p95=  186.22 p99=  206.69 rps= 145.90
  controller.AnalyticsController.maxViewersSummary n= 1459 err=   0 errRate=  0.00% avg=   91.67 min=   15.52 max=  303.55 p50=   99.02 p95=  187.98 p99=  207.16 rps= 145.90
  s2s.crud.fetchAllTickets                      n= 1459 err=   0 errRate=  0.00% avg=   90.95 min=   15.35 max=  302.22 p50=   98.54 p95=  185.99 p99=  206.65 rps= 145.90
window 30s
  calc.additional.maxViewersSummary             n= 3883 err=   0 errRate=  0.00% avg=  113.58 min=   15.40 max=  621.10 p50=  104.84 p95=  207.42 p99=  315.64 rps= 129.43
  controller.AnalyticsController.maxViewersSummary n= 3883 err=   0 errRate=  0.00% avg=  114.18 min=   15.52 max=  622.12 p50=  105.25 p95=  207.88 p99=  315.84 rps= 129.43
  s2s.crud.fetchAllTickets                      n= 3883 err=   0 errRate=  0.00% avg=  111.48 min=   15.35 max=  402.61 p50=  104.73 p95=  206.12 p99=  288.35 rps= 129.43
  s2s.crud.fetchFilms                           n=    1 err=   0 errRate=  0.00% avg=  341.06 min=  341.06 max=  341.06 p50=  341.06 p95=  341.06 p99=  341.06 rps=   0.03
window 1m
  calc.additional.maxViewersSummary             n= 6303 err=   0 errRate=  0.00% avg=  153.58 min=   15.40 max= 2098.72 p50=  115.50 p95=  300.73 p99=  414.14 rps= 105.05
  controller.AnalyticsController.maxViewersSummary n= 6303 err=   0 errRate=  0.00% avg=  155.76 min=   15.52 max= 2402.40 p50=  116.18 p95=  301.92 p99=  414.33 rps= 105.05
  s2s.crud.fetchAllTickets                      n= 6303 err=   0 errRate=  0.00% avg=  145.74 min=   15.35 max=  599.37 p50=  115.30 p95=  298.11 p99=  392.11 rps= 105.05
  s2s.crud.fetchFilms                           n=    2 err=   0 errRate=  0.00% avg=  817.82 min=  341.06 max= 1294.58 p50=  817.82 p95= 1246.90 p99= 1285.05 rps=   0.03

2026-05-05T23:00:26.408Z  INFO 1 --- [lab8-additional-service] [   scheduling-1] r.h.l.a.o.ObservabilityService           : [lab8-additional-service] observability refresh
window 10s
  calc.additional.maxViewersSummary             n= 1461 err=   0 errRate=  0.00% avg=   91.30 min=   14.97 max=  312.64 p50=   98.22 p95=  191.47 p99=  220.35 rps= 146.10
  controller.AnalyticsController.maxViewersSummary n= 1461 err=   0 errRate=  0.00% avg=   91.76 min=   15.09 max=  312.91 p50=   98.73 p95=  191.79 p99=  220.55 rps= 146.10
  s2s.crud.fetchAllTickets                      n= 1461 err=   0 errRate=  0.00% avg=   88.89 min=   14.92 max=  302.22 p50=   97.70 p95=  183.98 p99=  206.63 rps= 146.10
  s2s.crud.fetchFilms                           n=    1 err=   0 errRate=  0.00% avg=  223.04 min=  223.04 max=  223.04 p50=  223.04 p95=  223.04 p99=  223.04 rps=   0.10
window 30s
  calc.additional.maxViewersSummary             n= 3934 err=   0 errRate=  0.00% avg=  112.34 min=   14.97 max=  621.10 p50=  104.08 p95=  207.59 p99=  312.75 rps= 131.13
  controller.AnalyticsController.maxViewersSummary n= 3934 err=   0 errRate=  0.00% avg=  112.94 min=   15.09 max=  622.12 p50=  104.55 p95=  207.96 p99=  312.98 rps= 131.13
  s2s.crud.fetchAllTickets                      n= 3934 err=   0 errRate=  0.00% avg=  109.40 min=   14.92 max=  402.61 p50=  103.77 p95=  204.77 p99=  287.58 rps= 131.13
  s2s.crud.fetchFilms                           n=    1 err=   0 errRate=  0.00% avg=  223.04 min=  223.04 max=  223.04 p50=  223.04 p95=  223.04 p99=  223.04 rps=   0.03
window 1m
  calc.additional.maxViewersSummary             n= 6431 err=   0 errRate=  0.00% avg=  152.67 min=   14.97 max= 2098.72 p50=  115.03 p95=  300.93 p99=  412.83 rps= 107.18
  controller.AnalyticsController.maxViewersSummary n= 6431 err=   0 errRate=  0.00% avg=  154.81 min=   15.09 max= 2402.40 p50=  115.69 p95=  301.95 p99=  413.77 rps= 107.18
  s2s.crud.fetchAllTickets                      n= 6431 err=   0 errRate=  0.00% avg=  144.45 min=   14.92 max=  599.37 p50=  114.64 p95=  297.64 p99=  391.41 rps= 107.18
  s2s.crud.fetchFilms                           n=    3 err=   0 errRate=  0.00% avg=  619.56 min=  223.04 max= 1294.58 p50=  341.06 p95= 1199.23 p99= 1275.51 rps=   0.05

2026-05-05T23:00:27.415Z  INFO 1 --- [lab8-additional-service] [   scheduling-1] r.h.l.a.o.ObservabilityService           : [lab8-additional-service] observability refresh
window 10s
  calc.additional.maxViewersSummary             n= 1485 err=   0 errRate=  0.00% avg=   90.93 min=   14.97 max=  400.20 p50=   97.40 p95=  193.56 p99=  301.52 rps= 148.50
  controller.AnalyticsController.maxViewersSummary n= 1485 err=   0 errRate=  0.00% avg=   91.45 min=   15.09 max=  402.61 p50=   98.05 p95=  193.82 p99=  301.82 rps= 148.50
  s2s.crud.fetchAllTickets                      n= 1485 err=   0 errRate=  0.00% avg=   87.42 min=   14.92 max=  321.41 p50=   96.98 p95=  181.28 p99=  206.41 rps= 148.50
  s2s.crud.fetchFilms                           n=    1 err=   0 errRate=  0.00% avg=  223.04 min=  223.04 max=  223.04 p50=  223.04 p95=  223.04 p99=  223.04 rps=   0.10
window 30s
  calc.additional.maxViewersSummary             n= 3991 err=   0 errRate=  0.00% avg=  108.52 min=   14.97 max=  402.66 p50=  103.28 p95=  205.54 p99=  297.74 rps= 133.03
  controller.AnalyticsController.maxViewersSummary n= 3991 err=   0 errRate=  0.00% avg=  109.14 min=   15.09 max=  402.83 p50=  103.68 p95=  205.90 p99=  298.06 rps= 133.03
  s2s.crud.fetchAllTickets                      n= 3991 err=   0 errRate=  0.00% avg=  107.14 min=   14.92 max=  402.61 p50=  103.03 p95=  202.96 p99=  285.84 rps= 133.03
  s2s.crud.fetchFilms                           n=    1 err=   0 errRate=  0.00% avg=  223.04 min=  223.04 max=  223.04 p50=  223.04 p95=  223.04 p99=  223.04 rps=   0.03
window 1m
  calc.additional.maxViewersSummary             n= 6594 err=   0 errRate=  0.00% avg=  151.21 min=   14.97 max= 2098.72 p50=  114.28 p95=  300.91 p99=  411.35 rps= 109.90
  controller.AnalyticsController.maxViewersSummary n= 6594 err=   0 errRate=  0.00% avg=  153.32 min=   15.09 max= 2402.40 p50=  114.88 p95=  301.93 p99=  412.39 rps= 109.90
  s2s.crud.fetchAllTickets                      n= 6594 err=   0 errRate=  0.00% avg=  142.94 min=   14.92 max=  599.37 p50=  113.96 p95=  297.30 p99=  391.00 rps= 109.90
  s2s.crud.fetchFilms                           n=    3 err=   0 errRate=  0.00% avg=  619.56 min=  223.04 max= 1294.58 p50=  341.06 p95= 1199.23 p99= 1275.51 rps=   0.05

2026-05-05T23:00:28.423Z  INFO 1 --- [lab8-additional-service] [   scheduling-1] r.h.l.a.o.ObservabilityService           : [lab8-additional-service] observability refresh
window 10s
  calc.additional.maxViewersSummary             n= 1495 err=   0 errRate=  0.00% avg=   89.33 min=   14.97 max=  400.20 p50=   97.05 p95=  192.80 p99=  301.48 rps= 149.50
  controller.AnalyticsController.maxViewersSummary n= 1495 err=   0 errRate=  0.00% avg=   89.81 min=   15.09 max=  402.61 p50=   97.63 p95=  193.37 p99=  301.77 rps= 149.50
  s2s.crud.fetchAllTickets                      n= 1495 err=   0 errRate=  0.00% avg=   85.83 min=   14.92 max=  321.41 p50=   96.72 p95=  178.53 p99=  207.22 rps= 149.50
  s2s.crud.fetchFilms                           n=    1 err=   0 errRate=  0.00% avg=  223.04 min=  223.04 max=  223.04 p50=  223.04 p95=  223.04 p99=  223.04 rps=   0.10
window 30s
  calc.additional.maxViewersSummary             n= 4035 err=   0 errRate=  0.00% avg=  106.29 min=   14.97 max=  402.66 p50=  102.68 p95=  203.23 p99=  296.28 rps= 134.50
  controller.AnalyticsController.maxViewersSummary n= 4035 err=   0 errRate=  0.00% avg=  106.90 min=   15.09 max=  402.83 p50=  103.19 p95=  203.73 p99=  296.46 rps= 134.50
  s2s.crud.fetchAllTickets                      n= 4035 err=   0 errRate=  0.00% avg=  104.92 min=   14.92 max=  402.61 p50=  102.39 p95=  200.71 p99=  258.87 rps= 134.50
  s2s.crud.fetchFilms                           n=    1 err=   0 errRate=  0.00% avg=  223.04 min=  223.04 max=  223.04 p50=  223.04 p95=  223.04 p99=  223.04 rps=   0.03
window 1m
  calc.additional.maxViewersSummary             n= 6704 err=   0 errRate=  0.00% avg=  142.32 min=   14.97 max=  621.10 p50=  113.65 p95=  298.29 p99=  394.24 rps= 111.73
  controller.AnalyticsController.maxViewersSummary n= 6704 err=   0 errRate=  0.00% avg=  143.08 min=   15.09 max=  622.12 p50=  114.13 p95=  298.95 p99=  395.42 rps= 111.73
  s2s.crud.fetchAllTickets                      n= 6704 err=   0 errRate=  0.00% avg=  140.26 min=   14.92 max=  521.04 p50=  113.34 p95=  294.97 p99=  379.26 rps= 111.73
  s2s.crud.fetchFilms                           n=    2 err=   0 errRate=  0.00% avg=  282.05 min=  223.04 max=  341.06 p50=  282.05 p95=  335.16 p99=  339.88 rps=   0.03

2026-05-05T23:00:28.742Z  INFO 1 --- [lab8-additional-service] [   scheduling-1] r.h.l.a.service.FilmCacheService         : film-cache stats: size=300 ttlMs=30000 lastRefreshAtMs=1778022026061 hits=6807 misses=3 refreshes=3
2026-05-05T23:00:29.432Z  INFO 1 --- [lab8-additional-service] [   scheduling-1] r.h.l.a.o.ObservabilityService           : [lab8-additional-service] observability refresh
window 10s
  calc.additional.maxViewersSummary             n= 1505 err=   0 errRate=  0.00% avg=   89.72 min=   14.97 max=  400.20 p50=   97.68 p95=  192.02 p99=  301.35 rps= 150.50
  controller.AnalyticsController.maxViewersSummary n= 1505 err=   0 errRate=  0.00% avg=   90.18 min=   15.09 max=  402.61 p50=   98.22 p95=  192.23 p99=  301.62 rps= 150.50
  s2s.crud.fetchAllTickets                      n= 1505 err=   0 errRate=  0.00% avg=   86.26 min=   14.92 max=  321.41 p50=   97.16 p95=  176.57 p99=  206.18 rps= 150.50
  s2s.crud.fetchFilms                           n=    1 err=   0 errRate=  0.00% avg=  223.04 min=  223.04 max=  223.04 p50=  223.04 p95=  223.04 p99=  223.04 rps=   0.10
window 30s
  calc.additional.maxViewersSummary             n= 4094 err=   0 errRate=  0.00% avg=  104.01 min=   14.97 max=  402.66 p50=  102.30 p95=  199.99 p99=  287.39 rps= 136.47
  controller.AnalyticsController.maxViewersSummary n= 4094 err=   0 errRate=  0.00% avg=  104.61 min=   15.09 max=  402.83 p50=  102.69 p95=  200.29 p99=  287.54 rps= 136.47
  s2s.crud.fetchAllTickets                      n= 4094 err=   0 errRate=  0.00% avg=  102.66 min=   14.92 max=  402.61 p50=  102.05 p95=  198.30 p99=  221.46 rps= 136.47
  s2s.crud.fetchFilms                           n=    1 err=   0 errRate=  0.00% avg=  223.04 min=  223.04 max=  223.04 p50=  223.04 p95=  223.04 p99=  223.04 rps=   0.03
window 1m
  calc.additional.maxViewersSummary             n= 6793 err=   0 errRate=  0.00% avg=  140.30 min=   14.97 max=  621.10 p50=  112.87 p95=  297.66 p99=  392.77 rps= 113.22
  controller.AnalyticsController.maxViewersSummary n= 6794 err=   0 errRate=  0.00% avg=  141.01 min=   15.09 max=  622.12 p50=  113.45 p95=  298.42 p99=  393.33 rps= 113.23
  s2s.crud.fetchAllTickets                      n= 6793 err=   0 errRate=  0.00% avg=  138.28 min=   14.92 max=  521.04 p50=  112.58 p95=  293.92 p99=  377.79 rps= 113.22
  s2s.crud.fetchFilms                           n=    2 err=   0 errRate=  0.00% avg=  282.05 min=  223.04 max=  341.06 p50=  282.05 p95=  335.16 p99=  339.88 rps=   0.03

2026-05-05T23:00:30.437Z  INFO 1 --- [lab8-additional-service] [   scheduling-1] r.h.l.a.o.ObservabilityService           : [lab8-additional-service] observability refresh
window 10s
  calc.additional.maxViewersSummary             n= 1507 err=   0 errRate=  0.00% avg=   89.78 min=   14.82 max=  400.20 p50=   98.14 p95=  191.99 p99=  301.29 rps= 150.70
  controller.AnalyticsController.maxViewersSummary n= 1507 err=   0 errRate=  0.00% avg=   90.21 min=   15.05 max=  402.61 p50=   98.54 p95=  192.19 p99=  301.57 rps= 150.70
  s2s.crud.fetchAllTickets                      n= 1507 err=   0 errRate=  0.00% avg=   86.32 min=   14.78 max=  321.41 p50=   97.67 p95=  163.63 p99=  206.15 rps= 150.70
  s2s.crud.fetchFilms                           n=    1 err=   0 errRate=  0.00% avg=  223.04 min=  223.04 max=  223.04 p50=  223.04 p95=  223.04 p99=  223.04 rps=   0.10
window 30s
  calc.additional.maxViewersSummary             n= 4144 err=   0 errRate=  0.00% avg=  102.01 min=   14.82 max=  402.66 p50=  101.72 p95=  198.65 p99=  285.49 rps= 138.13
  controller.AnalyticsController.maxViewersSummary n= 4144 err=   0 errRate=  0.00% avg=  102.61 min=   15.05 max=  402.83 p50=  102.07 p95=  199.17 p99=  285.96 rps= 138.13
  s2s.crud.fetchAllTickets                      n= 4144 err=   0 errRate=  0.00% avg=  100.67 min=   14.78 max=  402.61 p50=  101.39 p95=  196.99 p99=  220.82 rps= 138.13
  s2s.crud.fetchFilms                           n=    1 err=   0 errRate=  0.00% avg=  223.04 min=  223.04 max=  223.04 p50=  223.04 p95=  223.04 p99=  223.04 rps=   0.03
window 1m
  calc.additional.maxViewersSummary             n= 6877 err=   0 errRate=  0.00% avg=  137.83 min=   14.82 max=  621.10 p50=  111.90 p95=  296.59 p99=  391.00 rps= 114.62
  controller.AnalyticsController.maxViewersSummary n= 6877 err=   0 errRate=  0.00% avg=  138.47 min=   15.05 max=  622.12 p50=  112.35 p95=  297.54 p99=  391.40 rps= 114.62
  s2s.crud.fetchAllTickets                      n= 6877 err=   0 errRate=  0.00% avg=  135.84 min=   14.78 max=  521.04 p50=  111.48 p95=  293.29 p99=  375.82 rps= 114.62
  s2s.crud.fetchFilms                           n=    2 err=   0 errRate=  0.00% avg=  282.05 min=  223.04 max=  341.06 p50=  282.05 p95=  335.16 p99=  339.88 rps=   0.03

2026-05-05T23:00:31.442Z  INFO 1 --- [lab8-additional-service] [   scheduling-1] r.h.l.a.o.ObservabilityService           : [lab8-additional-service] observability refresh
window 10s
  calc.additional.maxViewersSummary             n= 1511 err=   0 errRate=  0.00% avg=   89.74 min=   14.82 max=  400.20 p50=   97.85 p95=  190.64 p99=  301.18 rps= 151.10
  controller.AnalyticsController.maxViewersSummary n= 1511 err=   0 errRate=  0.00% avg=   90.13 min=   15.05 max=  402.61 p50=   98.39 p95=  191.53 p99=  301.45 rps= 151.10
  s2s.crud.fetchAllTickets                      n= 1511 err=   0 errRate=  0.00% avg=   86.28 min=   14.78 max=  321.41 p50=   97.39 p95=  177.24 p99=  205.26 rps= 151.10
  s2s.crud.fetchFilms                           n=    1 err=   0 errRate=  0.00% avg=  223.04 min=  223.04 max=  223.04 p50=  223.04 p95=  223.04 p99=  223.04 rps=   0.10
window 30s
  calc.additional.maxViewersSummary             n= 4183 err=   0 errRate=  0.00% avg=  100.51 min=   14.82 max=  402.66 p50=  101.15 p95=  197.57 p99=  271.61 rps= 139.43
  controller.AnalyticsController.maxViewersSummary n= 4183 err=   0 errRate=  0.00% avg=  101.10 min=   15.05 max=  402.83 p50=  101.58 p95=  197.95 p99=  272.17 rps= 139.43
  s2s.crud.fetchAllTickets                      n= 4183 err=   0 errRate=  0.00% avg=   99.18 min=   14.78 max=  402.61 p50=  100.86 p95=  196.12 p99=  216.17 rps= 139.43
  s2s.crud.fetchFilms                           n=    1 err=   0 errRate=  0.00% avg=  223.04 min=  223.04 max=  223.04 p50=  223.04 p95=  223.04 p99=  223.04 rps=   0.03
window 1m
  calc.additional.maxViewersSummary             n= 6957 err=   0 errRate=  0.00% avg=  135.72 min=   14.82 max=  621.10 p50=  110.87 p95=  295.42 p99=  388.66 rps= 115.95
  controller.AnalyticsController.maxViewersSummary n= 6957 err=   0 errRate=  0.00% avg=  136.33 min=   15.05 max=  622.12 p50=  111.28 p95=  296.05 p99=  388.92 rps= 115.95
  s2s.crud.fetchAllTickets                      n= 6957 err=   0 errRate=  0.00% avg=  133.76 min=   14.78 max=  521.04 p50=  110.64 p95=  291.63 p99=  374.65 rps= 115.95
  s2s.crud.fetchFilms                           n=    2 err=   0 errRate=  0.00% avg=  282.05 min=  223.04 max=  341.06 p50=  282.05 p95=  335.16 p99=  339.88 rps=   0.03

2026-05-05T23:00:32.450Z  INFO 1 --- [lab8-additional-service] [   scheduling-1] r.h.l.a.o.ObservabilityService           : [lab8-additional-service] observability refresh
window 10s
  calc.additional.maxViewersSummary             n= 1522 err=   0 errRate=  0.00% avg=   89.21 min=   14.82 max=  400.20 p50=   97.50 p95=  190.13 p99=  300.88 rps= 152.20
  controller.AnalyticsController.maxViewersSummary n= 1522 err=   0 errRate=  0.00% avg=   89.61 min=   15.05 max=  402.61 p50=   97.97 p95=  190.81 p99=  301.14 rps= 152.20
  s2s.crud.fetchAllTickets                      n= 1522 err=   0 errRate=  0.00% avg=   85.79 min=   14.78 max=  321.41 p50=   97.18 p95=  179.50 p99=  205.17 rps= 152.20
  s2s.crud.fetchFilms                           n=    1 err=   0 errRate=  0.00% avg=  223.04 min=  223.04 max=  223.04 p50=  223.04 p95=  223.04 p99=  223.04 rps=   0.10
window 30s
  calc.additional.maxViewersSummary             n= 4240 err=   0 errRate=  0.00% avg=   98.80 min=   14.82 max=  400.20 p50=  100.77 p95=  196.21 p99=  253.70 rps= 141.33
  controller.AnalyticsController.maxViewersSummary n= 4240 err=   0 errRate=  0.00% avg=   99.38 min=   15.05 max=  402.61 p50=  101.15 p95=  196.69 p99=  253.89 rps= 141.33
  s2s.crud.fetchAllTickets                      n= 4240 err=   0 errRate=  0.00% avg=   97.49 min=   14.78 max=  386.83 p50=  100.48 p95=  194.31 p99=  213.53 rps= 141.33
  s2s.crud.fetchFilms                           n=    1 err=   0 errRate=  0.00% avg=  223.04 min=  223.04 max=  223.04 p50=  223.04 p95=  223.04 p99=  223.04 rps=   0.03
window 1m
  calc.additional.maxViewersSummary             n= 7036 err=   0 errRate=  0.00% avg=  133.52 min=   14.82 max=  621.10 p50=  110.15 p95=  294.06 p99=  384.96 rps= 117.27
  controller.AnalyticsController.maxViewersSummary n= 7036 err=   0 errRate=  0.00% avg=  134.12 min=   15.05 max=  622.12 p50=  110.53 p95=  294.87 p99=  385.28 rps= 117.27
  s2s.crud.fetchAllTickets                      n= 7036 err=   0 errRate=  0.00% avg=  131.59 min=   14.78 max=  521.04 p50=  109.91 p95=  289.92 p99=  372.57 rps= 117.27
  s2s.crud.fetchFilms                           n=    2 err=   0 errRate=  0.00% avg=  282.05 min=  223.04 max=  341.06 p50=  282.05 p95=  335.16 p99=  339.88 rps=   0.03

2026-05-05T23:00:33.455Z  INFO 1 --- [lab8-additional-service] [   scheduling-1] r.h.l.a.o.ObservabilityService           : [lab8-additional-service] observability refresh
window 10s
  calc.additional.maxViewersSummary             n= 1521 err=   0 errRate=  0.00% avg=   89.08 min=   14.82 max=  400.20 p50=   97.48 p95=  188.99 p99=  300.91 rps= 152.10
  controller.AnalyticsController.maxViewersSummary n= 1521 err=   0 errRate=  0.00% avg=   89.48 min=   15.05 max=  402.61 p50=   97.82 p95=  189.59 p99=  301.17 rps= 152.10
  s2s.crud.fetchAllTickets                      n= 1521 err=   0 errRate=  0.00% avg=   85.66 min=   14.78 max=  321.41 p50=   97.12 p95=  176.22 p99=  201.79 rps= 152.10
  s2s.crud.fetchFilms                           n=    1 err=   0 errRate=  0.00% avg=  223.04 min=  223.04 max=  223.04 p50=  223.04 p95=  223.04 p99=  223.04 rps=   0.10
window 30s
  calc.additional.maxViewersSummary             n= 4261 err=   0 errRate=  0.00% avg=   97.63 min=   14.82 max=  400.20 p50=  100.28 p95=  195.82 p99=  243.63 rps= 142.03
  controller.AnalyticsController.maxViewersSummary n= 4261 err=   0 errRate=  0.00% avg=   98.21 min=   15.05 max=  402.61 p50=  100.74 p95=  196.20 p99=  243.83 rps= 142.03
  s2s.crud.fetchAllTickets                      n= 4261 err=   0 errRate=  0.00% avg=   96.33 min=   14.78 max=  386.83 p50=  100.08 p95=  192.86 p99=  212.47 rps= 142.03
  s2s.crud.fetchFilms                           n=    1 err=   0 errRate=  0.00% avg=  223.04 min=  223.04 max=  223.04 p50=  223.04 p95=  223.04 p99=  223.04 rps=   0.03
window 1m
  calc.additional.maxViewersSummary             n= 7109 err=   0 errRate=  0.00% avg=  131.46 min=   14.82 max=  621.10 p50=  109.40 p95=  292.42 p99=  382.91 rps= 118.48
  controller.AnalyticsController.maxViewersSummary n= 7109 err=   0 errRate=  0.00% avg=  132.04 min=   15.05 max=  622.12 p50=  109.87 p95=  292.77 p99=  383.34 rps= 118.48
  s2s.crud.fetchAllTickets                      n= 7109 err=   0 errRate=  0.00% avg=  129.55 min=   14.78 max=  521.04 p50=  109.06 p95=  286.41 p99=  358.56 rps= 118.48
  s2s.crud.fetchFilms                           n=    2 err=   0 errRate=  0.00% avg=  282.05 min=  223.04 max=  341.06 p50=  282.05 p95=  335.16 p99=  339.88 rps=   0.03

2026-05-05T23:00:34.468Z  INFO 1 --- [lab8-additional-service] [   scheduling-1] r.h.l.a.o.ObservabilityService           : [lab8-additional-service] observability refresh
window 10s
  calc.additional.maxViewersSummary             n= 1515 err=   0 errRate=  0.00% avg=   89.04 min=   14.82 max=  400.20 p50=   97.07 p95=  188.80 p99=  301.07 rps= 151.50
  controller.AnalyticsController.maxViewersSummary n= 1515 err=   0 errRate=  0.00% avg=   89.50 min=   15.05 max=  402.61 p50=   97.50 p95=  189.08 p99=  301.34 rps= 151.50
  s2s.crud.fetchAllTickets                      n= 1515 err=   0 errRate=  0.00% avg=   85.58 min=   14.78 max=  321.41 p50=   96.67 p95=  172.88 p99=  201.80 rps= 151.50
  s2s.crud.fetchFilms                           n=    1 err=   0 errRate=  0.00% avg=  223.04 min=  223.04 max=  223.04 p50=  223.04 p95=  223.04 p99=  223.04 rps=   0.10
window 30s
  calc.additional.maxViewersSummary             n= 4285 err=   0 errRate=  0.00% avg=   96.50 min=   14.82 max=  400.20 p50=   99.86 p95=  195.53 p99=  241.74 rps= 142.83
  controller.AnalyticsController.maxViewersSummary n= 4285 err=   0 errRate=  0.00% avg=   97.08 min=   15.05 max=  402.61 p50=  100.27 p95=  196.02 p99=  241.93 rps= 142.83
  s2s.crud.fetchAllTickets                      n= 4285 err=   0 errRate=  0.00% avg=   95.20 min=   14.78 max=  386.83 p50=   99.63 p95=  192.12 p99=  212.00 rps= 142.83
  s2s.crud.fetchFilms                           n=    1 err=   0 errRate=  0.00% avg=  223.04 min=  223.04 max=  223.04 p50=  223.04 p95=  223.04 p99=  223.04 rps=   0.03
window 1m
  calc.additional.maxViewersSummary             n= 7176 err=   0 errRate=  0.00% avg=  129.37 min=   14.82 max=  621.10 p50=  108.76 p95=  290.09 p99=  382.11 rps= 119.60
  controller.AnalyticsController.maxViewersSummary n= 7176 err=   0 errRate=  0.00% avg=  129.96 min=   15.05 max=  622.12 p50=  109.06 p95=  290.60 p99=  382.48 rps= 119.60
  s2s.crud.fetchAllTickets                      n= 7176 err=   0 errRate=  0.00% avg=  127.48 min=   14.78 max=  521.04 p50=  108.44 p95=  284.64 p99=  348.10 rps= 119.60
  s2s.crud.fetchFilms                           n=    2 err=   0 errRate=  0.00% avg=  282.05 min=  223.04 max=  341.06 p50=  282.05 p95=  335.16 p99=  339.88 rps=   0.03

2026-05-05T23:00:35.482Z  INFO 1 --- [lab8-additional-service] [   scheduling-1] r.h.l.a.o.ObservabilityService           : [lab8-additional-service] observability refresh
window 10s
  calc.additional.maxViewersSummary             n= 1545 err=   0 errRate=  0.00% avg=   87.55 min=   14.47 max=  400.20 p50=   97.05 p95=  185.74 p99=  300.25 rps= 154.50
  controller.AnalyticsController.maxViewersSummary n= 1545 err=   0 errRate=  0.00% avg=   87.96 min=   14.60 max=  402.61 p50=   97.43 p95=  185.94 p99=  300.48 rps= 154.50
  s2s.crud.fetchAllTickets                      n= 1545 err=   0 errRate=  0.00% avg=   84.15 min=   14.43 max=  321.41 p50=   96.65 p95=  130.45 p99=  197.05 rps= 154.50
  s2s.crud.fetchFilms                           n=    1 err=   0 errRate=  0.00% avg=  223.04 min=  223.04 max=  223.04 p50=  223.04 p95=  223.04 p99=  223.04 rps=   0.10
window 30s
  calc.additional.maxViewersSummary             n= 4354 err=   0 errRate=  0.00% avg=   94.68 min=   14.47 max=  400.20 p50=   99.53 p95=  191.46 p99=  222.43 rps= 145.13
  controller.AnalyticsController.maxViewersSummary n= 4354 err=   0 errRate=  0.00% avg=   95.22 min=   14.60 max=  402.61 p50=   99.87 p95=  191.96 p99=  222.67 rps= 145.13
  s2s.crud.fetchAllTickets                      n= 4354 err=   0 errRate=  0.00% avg=   93.40 min=   14.43 max=  321.41 p50=   99.25 p95=  189.38 p99=  208.73 rps= 145.13
  s2s.crud.fetchFilms                           n=    1 err=   0 errRate=  0.00% avg=  223.04 min=  223.04 max=  223.04 p50=  223.04 p95=  223.04 p99=  223.04 rps=   0.03
window 1m
  calc.additional.maxViewersSummary             n= 7269 err=   0 errRate=  0.00% avg=  127.25 min=   14.47 max=  621.10 p50=  108.09 p95=  287.64 p99=  379.53 rps= 121.15
  controller.AnalyticsController.maxViewersSummary n= 7269 err=   0 errRate=  0.00% avg=  127.81 min=   14.60 max=  622.12 p50=  108.48 p95=  288.21 p99=  380.14 rps= 121.15
  s2s.crud.fetchAllTickets                      n= 7269 err=   0 errRate=  0.00% avg=  125.38 min=   14.43 max=  521.04 p50=  107.79 p95=  279.88 p99=  323.15 rps= 121.15
  s2s.crud.fetchFilms                           n=    2 err=   0 errRate=  0.00% avg=  282.05 min=  223.04 max=  341.06 p50=  282.05 p95=  335.16 p99=  339.88 rps=   0.03

2026-05-05T23:00:36.494Z  INFO 1 --- [lab8-additional-service] [   scheduling-1] r.h.l.a.o.ObservabilityService           : [lab8-additional-service] observability refresh
window 10s
  calc.additional.maxViewersSummary             n= 1588 err=   0 errRate=  0.00% avg=   82.54 min=   14.47 max=  357.53 p50=   96.19 p95=  123.42 p99=  197.17 rps= 158.80
  controller.AnalyticsController.maxViewersSummary n= 1588 err=   0 errRate=  0.00% avg=   82.95 min=   14.60 max=  357.66 p50=   96.67 p95=  123.80 p99=  197.30 rps= 158.80
  s2s.crud.fetchAllTickets                      n= 1588 err=   0 errRate=  0.00% avg=   82.33 min=   14.43 max=  321.41 p50=   96.09 p95=  123.38 p99=  197.02 rps= 158.80
window 30s
  calc.additional.maxViewersSummary             n= 4409 err=   0 errRate=  0.00% avg=   92.86 min=   14.47 max=  400.20 p50=   98.89 p95=  190.03 p99=  218.55 rps= 146.97
  controller.AnalyticsController.maxViewersSummary n= 4409 err=   0 errRate=  0.00% avg=   93.39 min=   14.60 max=  402.61 p50=   99.25 p95=  190.48 p99=  218.67 rps= 146.97
  s2s.crud.fetchAllTickets                      n= 4409 err=   0 errRate=  0.00% avg=   91.59 min=   14.43 max=  321.41 p50=   98.67 p95=  186.84 p99=  207.74 rps= 146.97
  s2s.crud.fetchFilms                           n=    1 err=   0 errRate=  0.00% avg=  223.04 min=  223.04 max=  223.04 p50=  223.04 p95=  223.04 p99=  223.04 rps=   0.03
window 1m
  calc.additional.maxViewersSummary             n= 7365 err=   0 errRate=  0.00% avg=  124.77 min=   14.47 max=  621.10 p50=  107.22 p95=  284.06 p99=  362.39 rps= 122.75
  controller.AnalyticsController.maxViewersSummary n= 7366 err=   0 errRate=  0.00% avg=  125.32 min=   14.60 max=  622.12 p50=  107.59 p95=  284.37 p99=  362.78 rps= 122.77
  s2s.crud.fetchAllTickets                      n= 7365 err=   0 errRate=  0.00% avg=  122.92 min=   14.43 max=  521.04 p50=  106.97 p95=  272.30 p99=  317.97 rps= 122.75
  s2s.crud.fetchFilms                           n=    2 err=   0 errRate=  0.00% avg=  282.05 min=  223.04 max=  341.06 p50=  282.05 p95=  335.16 p99=  339.88 rps=   0.03

2026-05-05T23:00:37.501Z  INFO 1 --- [lab8-additional-service] [   scheduling-1] r.h.l.a.o.ObservabilityService           : [lab8-additional-service] observability refresh
window 10s
  calc.additional.maxViewersSummary             n= 1585 err=   0 errRate=  0.00% avg=   83.54 min=   14.47 max=  218.57 p50=   96.74 p95=  125.45 p99=  195.41 rps= 158.50
  controller.AnalyticsController.maxViewersSummary n= 1585 err=   0 errRate=  0.00% avg=   83.89 min=   14.60 max=  218.70 p50=   97.13 p95=  125.61 p99=  195.96 rps= 158.50
  s2s.crud.fetchAllTickets                      n= 1585 err=   0 errRate=  0.00% avg=   83.44 min=   14.43 max=  218.54 p50=   96.66 p95=  125.36 p99=  195.37 rps= 158.50
window 30s
  calc.additional.maxViewersSummary             n= 4441 err=   0 errRate=  0.00% avg=   91.71 min=   14.47 max=  400.20 p50=   98.61 p95=  188.69 p99=  215.29 rps= 148.03
  controller.AnalyticsController.maxViewersSummary n= 4442 err=   0 errRate=  0.00% avg=   92.23 min=   14.60 max=  402.61 p50=   98.97 p95=  189.03 p99=  215.43 rps= 148.07
  s2s.crud.fetchAllTickets                      n= 4441 err=   0 errRate=  0.00% avg=   90.47 min=   14.43 max=  321.41 p50=   98.37 p95=  185.47 p99=  205.28 rps= 148.03
  s2s.crud.fetchFilms                           n=    1 err=   0 errRate=  0.00% avg=  223.04 min=  223.04 max=  223.04 p50=  223.04 p95=  223.04 p99=  223.04 rps=   0.03
window 1m
  calc.additional.maxViewersSummary             n= 7448 err=   0 errRate=  0.00% avg=  122.86 min=   14.47 max=  621.10 p50=  106.59 p95=  278.83 p99=  333.03 rps= 124.13
  controller.AnalyticsController.maxViewersSummary n= 7448 err=   0 errRate=  0.00% avg=  123.40 min=   14.60 max=  622.12 p50=  107.02 p95=  279.28 p99=  333.33 rps= 124.13
  s2s.crud.fetchAllTickets                      n= 7448 err=   0 errRate=  0.00% avg=  121.04 min=   14.43 max=  505.78 p50=  106.35 p95=  260.93 p99=  313.89 rps= 124.13
  s2s.crud.fetchFilms                           n=    2 err=   0 errRate=  0.00% avg=  282.05 min=  223.04 max=  341.06 p50=  282.05 p95=  335.16 p99=  339.88 rps=   0.03

2026-05-05T23:00:38.507Z  INFO 1 --- [lab8-additional-service] [   scheduling-1] r.h.l.a.o.ObservabilityService           : [lab8-additional-service] observability refresh
window 10s
  calc.additional.maxViewersSummary             n= 1581 err=   0 errRate=  0.00% avg=   83.60 min=   14.47 max=  218.57 p50=   96.69 p95=  127.17 p99=  193.85 rps= 158.10
  controller.AnalyticsController.maxViewersSummary n= 1581 err=   0 errRate=  0.00% avg=   83.95 min=   14.60 max=  218.70 p50=   97.13 p95=  127.93 p99=  193.98 rps= 158.10
  s2s.crud.fetchAllTickets                      n= 1581 err=   0 errRate=  0.00% avg=   83.52 min=   14.43 max=  218.54 p50=   96.63 p95=  127.13 p99=  193.82 rps= 158.10
window 30s
  calc.additional.maxViewersSummary             n= 4469 err=   0 errRate=  0.00% avg=   90.89 min=   14.47 max=  400.20 p50=   98.36 p95=  188.15 p99=  213.78 rps= 148.97
  controller.AnalyticsController.maxViewersSummary n= 4469 err=   0 errRate=  0.00% avg=   91.39 min=   14.60 max=  402.61 p50=   98.77 p95=  188.77 p99=  214.26 rps= 148.97
  s2s.crud.fetchAllTickets                      n= 4469 err=   0 errRate=  0.00% avg=   89.67 min=   14.43 max=  321.41 p50=   98.11 p95=  185.35 p99=  204.28 rps= 148.97
  s2s.crud.fetchFilms                           n=    1 err=   0 errRate=  0.00% avg=  223.04 min=  223.04 max=  223.04 p50=  223.04 p95=  223.04 p99=  223.04 rps=   0.03
window 1m
  calc.additional.maxViewersSummary             n= 7516 err=   0 errRate=  0.00% avg=  121.32 min=   14.47 max=  621.10 p50=  106.01 p95=  274.83 p99=  327.14 rps= 125.27
  controller.AnalyticsController.maxViewersSummary n= 7516 err=   0 errRate=  0.00% avg=  121.86 min=   14.60 max=  622.12 p50=  106.33 p95=  276.04 p99=  327.32 rps= 125.27
  s2s.crud.fetchAllTickets                      n= 7516 err=   0 errRate=  0.00% avg=  119.52 min=   14.43 max=  505.78 p50=  105.73 p95=  249.05 p99=  312.82 rps= 125.27
  s2s.crud.fetchFilms                           n=    2 err=   0 errRate=  0.00% avg=  282.05 min=  223.04 max=  341.06 p50=  282.05 p95=  335.16 p99=  339.88 rps=   0.03

2026-05-05T23:00:38.742Z  INFO 1 --- [lab8-additional-service] [   scheduling-1] r.h.l.a.service.FilmCacheService         : film-cache stats: size=300 ttlMs=30000 lastRefreshAtMs=1778022026061 hits=8386 misses=3 refreshes=3
2026-05-05T23:00:39.513Z  INFO 1 --- [lab8-additional-service] [   scheduling-1] r.h.l.a.o.ObservabilityService           : [lab8-additional-service] observability refresh
window 10s
  calc.additional.maxViewersSummary             n= 1607 err=   0 errRate=  0.00% avg=   81.29 min=   14.47 max=  218.57 p50=   96.13 p95=  123.25 p99=  191.34 rps= 160.70
  controller.AnalyticsController.maxViewersSummary n= 1607 err=   0 errRate=  0.00% avg=   81.64 min=   14.60 max=  218.70 p50=   96.40 p95=  123.37 p99=  191.48 rps= 160.70
  s2s.crud.fetchAllTickets                      n= 1607 err=   0 errRate=  0.00% avg=   81.20 min=   14.43 max=  218.54 p50=   96.02 p95=  123.07 p99=  191.30 rps= 160.70
window 30s
  calc.additional.maxViewersSummary             n= 4526 err=   0 errRate=  0.00% avg=   89.45 min=   14.47 max=  400.20 p50=   97.98 p95=  187.94 p99=  213.58 rps= 150.87
  controller.AnalyticsController.maxViewersSummary n= 4526 err=   0 errRate=  0.00% avg=   89.91 min=   14.60 max=  402.61 p50=   98.50 p95=  188.46 p99=  213.76 rps= 150.87
  s2s.crud.fetchAllTickets                      n= 4526 err=   0 errRate=  0.00% avg=   88.24 min=   14.43 max=  321.41 p50=   97.80 p95=  185.10 p99=  203.60 rps= 150.87
  s2s.crud.fetchFilms                           n=    1 err=   0 errRate=  0.00% avg=  223.04 min=  223.04 max=  223.04 p50=  223.04 p95=  223.04 p99=  223.04 rps=   0.03
window 1m
  calc.additional.maxViewersSummary             n= 7621 err=   0 errRate=  0.00% avg=  119.13 min=   14.47 max=  621.10 p50=  105.12 p95=  262.27 p99=  321.38 rps= 127.02
  controller.AnalyticsController.maxViewersSummary n= 7621 err=   0 errRate=  0.00% avg=  119.66 min=   14.60 max=  622.12 p50=  105.56 p95=  262.45 p99=  321.54 rps= 127.02
  s2s.crud.fetchAllTickets                      n= 7621 err=   0 errRate=  0.00% avg=  117.35 min=   14.43 max=  505.78 p50=  104.90 p95=  224.14 p99=  311.16 rps= 127.02
  s2s.crud.fetchFilms                           n=    2 err=   0 errRate=  0.00% avg=  282.05 min=  223.04 max=  341.06 p50=  282.05 p95=  335.16 p99=  339.88 rps=   0.03

2026-05-05T23:00:40.548Z  INFO 1 --- [lab8-additional-service] [   scheduling-1] r.h.l.a.o.ObservabilityService           : [lab8-additional-service] observability refresh
window 10s
  calc.additional.maxViewersSummary             n= 1608 err=   0 errRate=  0.00% avg=   80.13 min=   14.47 max=  218.57 p50=   95.68 p95=  123.23 p99=  191.15 rps= 160.80
  controller.AnalyticsController.maxViewersSummary n= 1608 err=   0 errRate=  0.00% avg=   80.48 min=   14.60 max=  218.70 p50=   95.99 p95=  123.36 p99=  191.30 rps= 160.80
  s2s.crud.fetchAllTickets                      n= 1608 err=   0 errRate=  0.00% avg=   80.06 min=   14.43 max=  218.54 p50=   95.61 p95=  123.06 p99=  191.12 rps= 160.80
window 30s
  calc.additional.maxViewersSummary             n= 4573 err=   0 errRate=  0.00% avg=   87.95 min=   14.47 max=  400.20 p50=   97.53 p95=  186.45 p99=  212.17 rps= 152.43
  controller.AnalyticsController.maxViewersSummary n= 4573 err=   0 errRate=  0.00% avg=   88.40 min=   14.60 max=  402.61 p50=   97.95 p95=  186.90 p99=  212.46 rps= 152.43
  s2s.crud.fetchAllTickets                      n= 4573 err=   0 errRate=  0.00% avg=   86.75 min=   14.43 max=  321.41 p50=   97.32 p95=  182.82 p99=  202.77 rps= 152.43
  s2s.crud.fetchFilms                           n=    1 err=   0 errRate=  0.00% avg=  223.04 min=  223.04 max=  223.04 p50=  223.04 p95=  223.04 p99=  223.04 rps=   0.03
window 1m
  calc.additional.maxViewersSummary             n= 7705 err=   0 errRate=  0.00% avg=  117.04 min=   14.47 max=  621.10 p50=  104.47 p95=  229.64 p99=  318.40 rps= 128.42
  controller.AnalyticsController.maxViewersSummary n= 7705 err=   0 errRate=  0.00% avg=  117.56 min=   14.60 max=  622.12 p50=  104.97 p95=  230.22 p99=  318.82 rps= 128.42
  s2s.crud.fetchAllTickets                      n= 7705 err=   0 errRate=  0.00% avg=  115.28 min=   14.43 max=  505.78 p50=  104.24 p95=  220.97 p99=  309.13 rps= 128.42
  s2s.crud.fetchFilms                           n=    2 err=   0 errRate=  0.00% avg=  282.05 min=  223.04 max=  341.06 p50=  282.05 p95=  335.16 p99=  339.88 rps=   0.03

2026-05-05T23:00:41.553Z  INFO 1 --- [lab8-additional-service] [   scheduling-1] r.h.l.a.o.ObservabilityService           : [lab8-additional-service] observability refresh
window 10s
  calc.additional.maxViewersSummary             n= 1600 err=   0 errRate=  0.00% avg=   80.07 min=   14.47 max=  310.34 p50=   95.15 p95=  123.46 p99=  190.69 rps= 160.00
  controller.AnalyticsController.maxViewersSummary n= 1600 err=   0 errRate=  0.00% avg=   80.47 min=   14.60 max=  310.81 p50=   95.49 p95=  123.97 p99=  190.84 rps= 160.00
  s2s.crud.fetchAllTickets                      n= 1600 err=   0 errRate=  0.00% avg=   79.96 min=   14.43 max=  310.30 p50=   95.05 p95=  123.42 p99=  190.66 rps= 160.00
window 30s
  calc.additional.maxViewersSummary             n= 4561 err=   0 errRate=  0.00% avg=   87.90 min=   14.47 max=  400.20 p50=   97.37 p95=  185.99 p99=  212.22 rps= 152.03
  controller.AnalyticsController.maxViewersSummary n= 4561 err=   0 errRate=  0.00% avg=   88.37 min=   14.60 max=  402.61 p50=   97.78 p95=  186.34 p99=  212.50 rps= 152.03
  s2s.crud.fetchAllTickets                      n= 4561 err=   0 errRate=  0.00% avg=   86.69 min=   14.43 max=  321.41 p50=   97.12 p95=  182.10 p99=  202.55 rps= 152.03
  s2s.crud.fetchFilms                           n=    1 err=   0 errRate=  0.00% avg=  223.04 min=  223.04 max=  223.04 p50=  223.04 p95=  223.04 p99=  223.04 rps=   0.03
window 1m
  calc.additional.maxViewersSummary             n= 7754 err=   0 errRate=  0.00% avg=  115.49 min=   14.47 max=  621.10 p50=  104.02 p95=  222.18 p99=  316.67 rps= 129.23
  controller.AnalyticsController.maxViewersSummary n= 7754 err=   0 errRate=  0.00% avg=  116.02 min=   14.60 max=  622.12 p50=  104.38 p95=  222.69 p99=  316.90 rps= 129.23
  s2s.crud.fetchAllTickets                      n= 7754 err=   0 errRate=  0.00% avg=  113.74 min=   14.43 max=  505.78 p50=  103.82 p95=  218.00 p99=  306.99 rps= 129.23
  s2s.crud.fetchFilms                           n=    2 err=   0 errRate=  0.00% avg=  282.05 min=  223.04 max=  341.06 p50=  282.05 p95=  335.16 p99=  339.88 rps=   0.03

2026-05-05T23:00:42.565Z  INFO 1 --- [lab8-additional-service] [   scheduling-1] r.h.l.a.o.ObservabilityService           : [lab8-additional-service] observability refresh
window 10s
  calc.additional.maxViewersSummary             n= 1606 err=   0 errRate=  0.00% avg=   79.85 min=   14.47 max=  310.34 p50=   95.10 p95=  123.79 p99=  191.34 rps= 160.60
  controller.AnalyticsController.maxViewersSummary n= 1606 err=   0 errRate=  0.00% avg=   80.25 min=   14.60 max=  310.81 p50=   95.47 p95=  124.54 p99=  191.48 rps= 160.60
  s2s.crud.fetchAllTickets                      n= 1606 err=   0 errRate=  0.00% avg=   79.74 min=   14.43 max=  310.30 p50=   94.97 p95=  123.76 p99=  191.31 rps= 160.60
window 30s
  calc.additional.maxViewersSummary             n= 4582 err=   0 errRate=  0.00% avg=   87.49 min=   14.47 max=  400.20 p50=   97.15 p95=  186.11 p99=  212.13 rps= 152.73
  controller.AnalyticsController.maxViewersSummary n= 4582 err=   0 errRate=  0.00% avg=   87.95 min=   14.60 max=  402.61 p50=   97.60 p95=  186.40 p99=  212.43 rps= 152.73
  s2s.crud.fetchAllTickets                      n= 4582 err=   0 errRate=  0.00% avg=   86.28 min=   14.43 max=  321.41 p50=   96.94 p95=  182.62 p99=  202.32 rps= 152.73
  s2s.crud.fetchFilms                           n=    1 err=   0 errRate=  0.00% avg=  223.04 min=  223.04 max=  223.04 p50=  223.04 p95=  223.04 p99=  223.04 rps=   0.03
window 1m
  calc.additional.maxViewersSummary             n= 7829 err=   0 errRate=  0.00% avg=  113.81 min=   14.47 max=  621.10 p50=  103.51 p95=  219.55 p99=  315.87 rps= 130.48
  controller.AnalyticsController.maxViewersSummary n= 7829 err=   0 errRate=  0.00% avg=  114.33 min=   14.60 max=  622.12 p50=  103.95 p95=  220.31 p99=  316.05 rps= 130.48
  s2s.crud.fetchAllTickets                      n= 7829 err=   0 errRate=  0.00% avg=  112.07 min=   14.43 max=  505.78 p50=  103.32 p95=  215.99 p99=  305.57 rps= 130.48
  s2s.crud.fetchFilms                           n=    2 err=   0 errRate=  0.00% avg=  282.05 min=  223.04 max=  341.06 p50=  282.05 p95=  335.16 p99=  339.88 rps=   0.03

2026-05-05T23:00:43.578Z  INFO 1 --- [lab8-additional-service] [   scheduling-1] r.h.l.a.o.ObservabilityService           : [lab8-additional-service] observability refresh
window 10s
  calc.additional.maxViewersSummary             n= 1615 err=   0 errRate=  0.00% avg=   78.55 min=   14.47 max=  310.34 p50=   94.67 p95=  122.91 p99=  191.08 rps= 161.50
  controller.AnalyticsController.maxViewersSummary n= 1615 err=   0 errRate=  0.00% avg=   78.95 min=   14.60 max=  310.81 p50=   95.09 p95=  123.14 p99=  191.22 rps= 161.50
  s2s.crud.fetchAllTickets                      n= 1615 err=   0 errRate=  0.00% avg=   78.44 min=   14.43 max=  310.30 p50=   94.58 p95=  122.86 p99=  191.04 rps= 161.50
window 30s
  calc.additional.maxViewersSummary             n= 4600 err=   0 errRate=  0.00% avg=   86.58 min=   14.47 max=  400.20 p50=   96.90 p95=  183.96 p99=  212.05 rps= 153.33
  controller.AnalyticsController.maxViewersSummary n= 4600 err=   0 errRate=  0.00% avg=   87.04 min=   14.60 max=  402.61 p50=   97.24 p95=  184.70 p99=  212.37 rps= 153.33
  s2s.crud.fetchAllTickets                      n= 4600 err=   0 errRate=  0.00% avg=   85.38 min=   14.43 max=  321.41 p50=   96.69 p95=  179.42 p99=  202.30 rps= 153.33
  s2s.crud.fetchFilms                           n=    1 err=   0 errRate=  0.00% avg=  223.04 min=  223.04 max=  223.04 p50=  223.04 p95=  223.04 p99=  223.04 rps=   0.03
window 1m
  calc.additional.maxViewersSummary             n= 7905 err=   0 errRate=  0.00% avg=  111.98 min=   14.47 max=  621.10 p50=  103.16 p95=  216.95 p99=  314.25 rps= 131.75
  controller.AnalyticsController.maxViewersSummary n= 7905 err=   0 errRate=  0.00% avg=  112.49 min=   14.60 max=  622.12 p50=  103.50 p95=  217.24 p99=  314.48 rps= 131.75
  s2s.crud.fetchAllTickets                      n= 7905 err=   0 errRate=  0.00% avg=  110.26 min=   14.43 max=  505.78 p50=  102.98 p95=  213.54 p99=  304.65 rps= 131.75
  s2s.crud.fetchFilms                           n=    2 err=   0 errRate=  0.00% avg=  282.05 min=  223.04 max=  341.06 p50=  282.05 p95=  335.16 p99=  339.88 rps=   0.03

2026-05-05T23:00:44.587Z  INFO 1 --- [lab8-additional-service] [   scheduling-1] r.h.l.a.o.ObservabilityService           : [lab8-additional-service] observability refresh
window 10s
  calc.additional.maxViewersSummary             n= 1629 err=   0 errRate=  0.00% avg=   78.89 min=   14.47 max=  310.34 p50=   95.15 p95=  123.61 p99=  195.18 rps= 162.90
  controller.AnalyticsController.maxViewersSummary n= 1628 err=   0 errRate=  0.00% avg=   79.20 min=   14.60 max=  310.81 p50=   95.49 p95=  124.06 p99=  195.31 rps= 162.80
  s2s.crud.fetchAllTickets                      n= 1629 err=   0 errRate=  0.00% avg=   78.81 min=   14.43 max=  310.30 p50=   95.05 p95=  123.57 p99=  195.13 rps= 162.90
window 30s
  calc.additional.maxViewersSummary             n= 4619 err=   0 errRate=  0.00% avg=   85.82 min=   14.47 max=  400.20 p50=   96.87 p95=  180.05 p99=  210.89 rps= 153.97
  controller.AnalyticsController.maxViewersSummary n= 4618 err=   0 errRate=  0.00% avg=   86.27 min=   14.60 max=  402.61 p50=   97.19 p95=  181.30 p99=  211.24 rps= 153.93
  s2s.crud.fetchAllTickets                      n= 4619 err=   0 errRate=  0.00% avg=   84.62 min=   14.43 max=  321.41 p50=   96.65 p95=  167.37 p99=  200.92 rps= 153.97
  s2s.crud.fetchFilms                           n=    1 err=   0 errRate=  0.00% avg=  223.04 min=  223.04 max=  223.04 p50=  223.04 p95=  223.04 p99=  223.04 rps=   0.03
window 1m
  calc.additional.maxViewersSummary             n= 7978 err=   0 errRate=  0.00% avg=  110.43 min=   14.47 max=  621.10 p50=  102.86 p95=  215.24 p99=  309.65 rps= 132.97
  controller.AnalyticsController.maxViewersSummary n= 7977 err=   0 errRate=  0.00% avg=  110.93 min=   14.60 max=  622.12 p50=  103.24 p95=  215.48 p99=  310.18 rps= 132.95
  s2s.crud.fetchAllTickets                      n= 7978 err=   0 errRate=  0.00% avg=  108.73 min=   14.43 max=  504.44 p50=  102.62 p95=  211.37 p99=  301.32 rps= 132.97
  s2s.crud.fetchFilms                           n=    2 err=   0 errRate=  0.00% avg=  282.05 min=  223.04 max=  341.06 p50=  282.05 p95=  335.16 p99=  339.88 rps=   0.03

2026-05-05T23:00:45.594Z  INFO 1 --- [lab8-additional-service] [   scheduling-1] r.h.l.a.o.ObservabilityService           : [lab8-additional-service] observability refresh
window 10s
  calc.additional.maxViewersSummary             n= 1638 err=   0 errRate=  0.00% avg=   77.89 min=   14.88 max=  310.34 p50=   94.68 p95=  122.79 p99=  195.33 rps= 163.80
  controller.AnalyticsController.maxViewersSummary n= 1638 err=   0 errRate=  0.00% avg=   78.22 min=   15.00 max=  310.81 p50=   95.04 p95=  123.17 p99=  195.49 rps= 163.80
  s2s.crud.fetchAllTickets                      n= 1638 err=   0 errRate=  0.00% avg=   77.81 min=   14.84 max=  310.30 p50=   94.63 p95=  122.76 p99=  195.29 rps= 163.80
window 30s
  calc.additional.maxViewersSummary             n= 4655 err=   0 errRate=  0.00% avg=   85.10 min=   14.47 max=  400.20 p50=   96.74 p95=  177.14 p99=  210.24 rps= 155.17
  controller.AnalyticsController.maxViewersSummary n= 4656 err=   0 errRate=  0.00% avg=   85.56 min=   14.60 max=  402.61 p50=   97.11 p95=  177.84 p99=  210.49 rps= 155.20
  s2s.crud.fetchAllTickets                      n= 4655 err=   0 errRate=  0.00% avg=   83.92 min=   14.43 max=  321.41 p50=   96.56 p95=  164.42 p99=  200.36 rps= 155.17
  s2s.crud.fetchFilms                           n=    1 err=   0 errRate=  0.00% avg=  223.04 min=  223.04 max=  223.04 p50=  223.04 p95=  223.04 p99=  223.04 rps=   0.03
window 1m
  calc.additional.maxViewersSummary             n= 8048 err=   0 errRate=  0.00% avg=  108.95 min=   14.47 max=  621.10 p50=  102.38 p95=  213.58 p99=  309.46 rps= 134.13
  controller.AnalyticsController.maxViewersSummary n= 8048 err=   0 errRate=  0.00% avg=  109.44 min=   14.60 max=  622.12 p50=  102.69 p95=  214.05 p99=  310.06 rps= 134.13
  s2s.crud.fetchAllTickets                      n= 8048 err=   0 errRate=  0.00% avg=  107.26 min=   14.43 max=  504.44 p50=  102.25 p95=  210.02 p99=  300.77 rps= 134.13
  s2s.crud.fetchFilms                           n=    2 err=   0 errRate=  0.00% avg=  282.05 min=  223.04 max=  341.06 p50=  282.05 p95=  335.16 p99=  339.88 rps=   0.03

2026-05-05T23:00:46.603Z  INFO 1 --- [lab8-additional-service] [   scheduling-1] r.h.l.a.o.ObservabilityService           : [lab8-additional-service] observability refresh
window 10s
  calc.additional.maxViewersSummary             n= 1618 err=   0 errRate=  0.00% avg=   79.42 min=   14.88 max=  310.34 p50=   95.66 p95=  126.67 p99=  196.34 rps= 161.80
  controller.AnalyticsController.maxViewersSummary n= 1618 err=   0 errRate=  0.00% avg=   79.75 min=   15.00 max=  310.81 p50=   95.93 p95=  126.85 p99=  196.81 rps= 161.80
  s2s.crud.fetchAllTickets                      n= 1618 err=   0 errRate=  0.00% avg=   79.34 min=   14.84 max=  310.30 p50=   95.60 p95=  126.63 p99=  196.30 rps= 161.80
window 30s
  calc.additional.maxViewersSummary             n= 4677 err=   0 errRate=  0.00% avg=   84.62 min=   14.47 max=  400.20 p50=   96.67 p95=  178.81 p99=  209.85 rps= 155.90
  controller.AnalyticsController.maxViewersSummary n= 4677 err=   0 errRate=  0.00% avg=   85.02 min=   14.60 max=  402.61 p50=   96.96 p95=  179.30 p99=  210.07 rps= 155.90
  s2s.crud.fetchAllTickets                      n= 4677 err=   0 errRate=  0.00% avg=   83.45 min=   14.43 max=  321.41 p50=   96.50 p95=  159.66 p99=  200.41 rps= 155.90
  s2s.crud.fetchFilms                           n=    1 err=   0 errRate=  0.00% avg=  223.04 min=  223.04 max=  223.04 p50=  223.04 p95=  223.04 p99=  223.04 rps=   0.03
window 1m
  calc.additional.maxViewersSummary             n= 8106 err=   0 errRate=  0.00% avg=  107.74 min=   14.47 max=  621.10 p50=  102.08 p95=  211.77 p99=  309.01 rps= 135.10
  controller.AnalyticsController.maxViewersSummary n= 8107 err=   0 errRate=  0.00% avg=  108.24 min=   14.60 max=  622.12 p50=  102.44 p95=  212.13 p99=  309.72 rps= 135.12
  s2s.crud.fetchAllTickets                      n= 8106 err=   0 errRate=  0.00% avg=  106.06 min=   14.43 max=  504.44 p50=  101.90 p95=  208.57 p99=  299.51 rps= 135.10
  s2s.crud.fetchFilms                           n=    2 err=   0 errRate=  0.00% avg=  282.05 min=  223.04 max=  341.06 p50=  282.05 p95=  335.16 p99=  339.88 rps=   0.03

2026-05-05T23:00:47.637Z  INFO 1 --- [lab8-additional-service] [   scheduling-1] r.h.l.a.o.ObservabilityService           : [lab8-additional-service] observability refresh
window 10s
  calc.additional.maxViewersSummary             n= 1626 err=   0 errRate=  0.00% avg=   79.13 min=   14.88 max=  310.34 p50=   95.07 p95=  127.57 p99=  196.58 rps= 162.60
  controller.AnalyticsController.maxViewersSummary n= 1626 err=   0 errRate=  0.00% avg=   79.56 min=   15.00 max=  310.81 p50=   95.48 p95=  127.91 p99=  196.85 rps= 162.60
  s2s.crud.fetchAllTickets                      n= 1626 err=   0 errRate=  0.00% avg=   79.05 min=   14.84 max=  310.30 p50=   94.99 p95=  127.53 p99=  196.55 rps= 162.60
window 30s
  calc.additional.maxViewersSummary             n= 4693 err=   0 errRate=  0.00% avg=   84.22 min=   14.47 max=  400.20 p50=   96.55 p95=  166.52 p99=  208.64 rps= 156.43
  controller.AnalyticsController.maxViewersSummary n= 4693 err=   0 errRate=  0.00% avg=   84.65 min=   14.60 max=  402.61 p50=   96.81 p95=  166.73 p99=  208.77 rps= 156.43
  s2s.crud.fetchAllTickets                      n= 4693 err=   0 errRate=  0.00% avg=   83.05 min=   14.43 max=  321.41 p50=   96.22 p95=  157.09 p99=  199.67 rps= 156.43
  s2s.crud.fetchFilms                           n=    1 err=   0 errRate=  0.00% avg=  223.04 min=  223.04 max=  223.04 p50=  223.04 p95=  223.04 p99=  223.04 rps=   0.03
window 1m
  calc.additional.maxViewersSummary             n= 8171 err=   0 errRate=  0.00% avg=  106.39 min=   14.47 max=  621.10 p50=  101.75 p95=  209.79 p99=  308.38 rps= 136.18
  controller.AnalyticsController.maxViewersSummary n= 8171 err=   0 errRate=  0.00% avg=  106.90 min=   14.60 max=  622.12 p50=  102.10 p95=  210.03 p99=  308.89 rps= 136.18
  s2s.crud.fetchAllTickets                      n= 8171 err=   0 errRate=  0.00% avg=  104.73 min=   14.43 max=  504.44 p50=  101.52 p95=  207.23 p99=  298.68 rps= 136.18
  s2s.crud.fetchFilms                           n=    2 err=   0 errRate=  0.00% avg=  282.05 min=  223.04 max=  341.06 p50=  282.05 p95=  335.16 p99=  339.88 rps=   0.03

2026-05-05T23:00:48.648Z  INFO 1 --- [lab8-additional-service] [   scheduling-1] r.h.l.a.o.ObservabilityService           : [lab8-additional-service] observability refresh
window 10s
  calc.additional.maxViewersSummary             n= 1635 err=   0 errRate=  0.00% avg=   77.93 min=   14.31 max=  310.34 p50=   94.11 p95=  128.25 p99=  199.67 rps= 163.50
  controller.AnalyticsController.maxViewersSummary n= 1635 err=   0 errRate=  0.00% avg=   78.36 min=   14.43 max=  310.81 p50=   94.60 p95=  130.66 p99=  200.17 rps= 163.50
  s2s.crud.fetchAllTickets                      n= 1635 err=   0 errRate=  0.00% avg=   77.85 min=   14.25 max=  310.30 p50=   94.07 p95=  128.21 p99=  199.64 rps= 163.50
window 30s
  calc.additional.maxViewersSummary             n= 4715 err=   0 errRate=  0.00% avg=   83.53 min=   14.31 max=  400.20 p50=   96.18 p95=  164.70 p99=  208.58 rps= 157.17
  controller.AnalyticsController.maxViewersSummary n= 4715 err=   0 errRate=  0.00% avg=   83.95 min=   14.43 max=  402.61 p50=   96.59 p95=  164.88 p99=  208.73 rps= 157.17
  s2s.crud.fetchAllTickets                      n= 4715 err=   0 errRate=  0.00% avg=   82.37 min=   14.25 max=  321.41 p50=   95.99 p95=  155.86 p99=  200.31 rps= 157.17
  s2s.crud.fetchFilms                           n=    1 err=   0 errRate=  0.00% avg=  223.04 min=  223.04 max=  223.04 p50=  223.04 p95=  223.04 p99=  223.04 rps=   0.03
window 1m
  calc.additional.maxViewersSummary             n= 8240 err=   0 errRate=  0.00% avg=  104.75 min=   14.31 max=  621.10 p50=  101.32 p95=  207.77 p99=  305.91 rps= 137.33
  controller.AnalyticsController.maxViewersSummary n= 8240 err=   0 errRate=  0.00% avg=  105.25 min=   14.43 max=  622.12 p50=  101.71 p95=  207.99 p99=  306.09 rps= 137.33
  s2s.crud.fetchAllTickets                      n= 8240 err=   0 errRate=  0.00% avg=  103.10 min=   14.25 max=  504.44 p50=  101.11 p95=  205.47 p99=  297.38 rps= 137.33
  s2s.crud.fetchFilms                           n=    2 err=   0 errRate=  0.00% avg=  282.05 min=  223.04 max=  341.06 p50=  282.05 p95=  335.16 p99=  339.88 rps=   0.03

2026-05-05T23:00:48.742Z  INFO 1 --- [lab8-additional-service] [   scheduling-1] r.h.l.a.service.FilmCacheService         : film-cache stats: size=300 ttlMs=30000 lastRefreshAtMs=1778022026061 hits=10019 misses=3 refreshes=3
2026-05-05T23:00:49.654Z  INFO 1 --- [lab8-additional-service] [   scheduling-1] r.h.l.a.o.ObservabilityService           : [lab8-additional-service] observability refresh
window 10s
  calc.additional.maxViewersSummary             n= 1612 err=   0 errRate=  0.00% avg=   79.25 min=   14.31 max=  310.34 p50=   94.64 p95=  135.67 p99=  199.68 rps= 161.20
  controller.AnalyticsController.maxViewersSummary n= 1612 err=   0 errRate=  0.00% avg=   79.68 min=   14.43 max=  310.81 p50=   95.10 p95=  137.79 p99=  200.18 rps= 161.20
  s2s.crud.fetchAllTickets                      n= 1612 err=   0 errRate=  0.00% avg=   79.16 min=   14.25 max=  310.30 p50=   94.58 p95=  135.63 p99=  199.65 rps= 161.20
window 30s
  calc.additional.maxViewersSummary             n= 4724 err=   0 errRate=  0.00% avg=   83.16 min=   14.31 max=  400.20 p50=   96.17 p95=  158.16 p99=  208.28 rps= 157.47
  controller.AnalyticsController.maxViewersSummary n= 4724 err=   0 errRate=  0.00% avg=   83.58 min=   14.43 max=  402.61 p50=   96.58 p95=  159.65 p99=  208.61 rps= 157.47
  s2s.crud.fetchAllTickets                      n= 4724 err=   0 errRate=  0.00% avg=   82.00 min=   14.25 max=  321.41 p50=   96.00 p95=  148.98 p99=  199.86 rps= 157.47
  s2s.crud.fetchFilms                           n=    1 err=   0 errRate=  0.00% avg=  223.04 min=  223.04 max=  223.04 p50=  223.04 p95=  223.04 p99=  223.04 rps=   0.03
window 1m
  calc.additional.maxViewersSummary             n= 8306 err=   0 errRate=  0.00% avg=  103.38 min=   14.31 max=  621.10 p50=  100.97 p95=  206.19 p99=  304.72 rps= 138.43
  controller.AnalyticsController.maxViewersSummary n= 8306 err=   0 errRate=  0.00% avg=  103.87 min=   14.43 max=  622.12 p50=  101.31 p95=  206.61 p99=  304.96 rps= 138.43
  s2s.crud.fetchAllTickets                      n= 8306 err=   0 errRate=  0.00% avg=  101.74 min=   14.25 max=  504.44 p50=  100.78 p95=  203.56 p99=  294.11 rps= 138.43
  s2s.crud.fetchFilms                           n=    2 err=   0 errRate=  0.00% avg=  282.05 min=  223.04 max=  341.06 p50=  282.05 p95=  335.16 p99=  339.88 rps=   0.03

2026-05-05T23:00:50.690Z  INFO 1 --- [lab8-additional-service] [   scheduling-1] r.h.l.a.o.ObservabilityService           : [lab8-additional-service] observability refresh
window 10s
  calc.additional.maxViewersSummary             n= 1593 err=   0 errRate=  0.00% avg=   80.22 min=   14.31 max=  310.34 p50=   95.35 p95=  154.39 p99=  200.08 rps= 159.30
  controller.AnalyticsController.maxViewersSummary n= 1593 err=   0 errRate=  0.00% avg=   80.65 min=   14.43 max=  310.81 p50=   95.74 p95=  154.99 p99=  200.22 rps= 159.30
  s2s.crud.fetchAllTickets                      n= 1593 err=   0 errRate=  0.00% avg=   80.13 min=   14.25 max=  310.30 p50=   95.26 p95=  154.34 p99=  200.04 rps= 159.30
window 30s
  calc.additional.maxViewersSummary             n= 4723 err=   0 errRate=  0.00% avg=   83.32 min=   14.31 max=  400.20 p50=   96.42 p95=  158.22 p99=  208.56 rps= 157.43
  controller.AnalyticsController.maxViewersSummary n= 4723 err=   0 errRate=  0.00% avg=   83.72 min=   14.43 max=  402.61 p50=   96.74 p95=  159.69 p99=  208.72 rps= 157.43
  s2s.crud.fetchAllTickets                      n= 4723 err=   0 errRate=  0.00% avg=   82.16 min=   14.25 max=  321.41 p50=   96.13 p95=  149.39 p99=  199.95 rps= 157.43
  s2s.crud.fetchFilms                           n=    1 err=   0 errRate=  0.00% avg=  223.04 min=  223.04 max=  223.04 p50=  223.04 p95=  223.04 p99=  223.04 rps=   0.03
window 1m
  calc.additional.maxViewersSummary             n= 8381 err=   0 errRate=  0.00% avg=  101.88 min=   14.31 max=  621.10 p50=  100.72 p95=  204.05 p99=  302.65 rps= 139.68
  controller.AnalyticsController.maxViewersSummary n= 8381 err=   0 errRate=  0.00% avg=  102.38 min=   14.43 max=  622.12 p50=  101.10 p95=  204.39 p99=  303.00 rps= 139.68
  s2s.crud.fetchAllTickets                      n= 8381 err=   0 errRate=  0.00% avg=  100.26 min=   14.25 max=  402.61 p50=  100.55 p95=  202.06 p99=  288.84 rps= 139.68
  s2s.crud.fetchFilms                           n=    2 err=   0 errRate=  0.00% avg=  282.05 min=  223.04 max=  341.06 p50=  282.05 p95=  335.16 p99=  339.88 rps=   0.03

2026-05-05T23:00:51.700Z  INFO 1 --- [lab8-additional-service] [   scheduling-1] r.h.l.a.o.ObservabilityService           : [lab8-additional-service] observability refresh
window 10s
  calc.additional.maxViewersSummary             n= 1648 err=   0 errRate=  0.00% avg=   77.24 min=   14.25 max=  216.64 p50=   94.63 p95=  127.78 p99=  199.67 rps= 164.80
  controller.AnalyticsController.maxViewersSummary n= 1648 err=   0 errRate=  0.00% avg=   77.62 min=   14.37 max=  216.86 p50=   94.94 p95=  129.62 p99=  200.16 rps= 164.80
  s2s.crud.fetchAllTickets                      n= 1648 err=   0 errRate=  0.00% avg=   77.18 min=   14.20 max=  216.60 p50=   94.60 p95=  127.74 p99=  199.63 rps= 164.80
window 30s
  calc.additional.maxViewersSummary             n= 4754 err=   0 errRate=  0.00% avg=   82.22 min=   14.25 max=  400.20 p50=   96.00 p95=  154.97 p99=  208.14 rps= 158.47
  controller.AnalyticsController.maxViewersSummary n= 4754 err=   0 errRate=  0.00% avg=   82.61 min=   14.37 max=  402.61 p50=   96.30 p95=  157.15 p99=  208.60 rps= 158.47
  s2s.crud.fetchAllTickets                      n= 4754 err=   0 errRate=  0.00% avg=   81.06 min=   14.20 max=  321.41 p50=   95.86 p95=  130.80 p99=  199.63 rps= 158.47
  s2s.crud.fetchFilms                           n=    1 err=   0 errRate=  0.00% avg=  223.04 min=  223.04 max=  223.04 p50=  223.04 p95=  223.04 p99=  223.04 rps=   0.03
window 1m
  calc.additional.maxViewersSummary             n= 8472 err=   0 errRate=  0.00% avg=  100.02 min=   14.25 max=  621.10 p50=  100.25 p95=  202.27 p99=  302.55 rps= 141.20
  controller.AnalyticsController.maxViewersSummary n= 8472 err=   0 errRate=  0.00% avg=  100.51 min=   14.37 max=  622.12 p50=  100.55 p95=  202.53 p99=  302.81 rps= 141.20
  s2s.crud.fetchAllTickets                      n= 8472 err=   0 errRate=  0.00% avg=   98.41 min=   14.20 max=  402.61 p50=  100.10 p95=  200.04 p99=  286.93 rps= 141.20
  s2s.crud.fetchFilms                           n=    2 err=   0 errRate=  0.00% avg=  282.05 min=  223.04 max=  341.06 p50=  282.05 p95=  335.16 p99=  339.88 rps=   0.03

2026-05-05T23:00:52.706Z  INFO 1 --- [lab8-additional-service] [   scheduling-1] r.h.l.a.o.ObservabilityService           : [lab8-additional-service] observability refresh
window 10s
  calc.additional.maxViewersSummary             n= 1636 err=   0 errRate=  0.00% avg=   77.21 min=   14.25 max=  216.64 p50=   94.47 p95=  129.46 p99=  199.93 rps= 163.60
  controller.AnalyticsController.maxViewersSummary n= 1636 err=   0 errRate=  0.00% avg=   77.59 min=   14.37 max=  216.86 p50=   94.86 p95=  130.63 p99=  200.19 rps= 163.60
  s2s.crud.fetchAllTickets                      n= 1636 err=   0 errRate=  0.00% avg=   77.15 min=   14.20 max=  216.60 p50=   94.43 p95=  129.42 p99=  199.89 rps= 163.60
window 30s
  calc.additional.maxViewersSummary             n= 4763 err=   0 errRate=  0.00% avg=   81.95 min=   14.25 max=  400.20 p50=   95.90 p95=  157.10 p99=  207.36 rps= 158.77
  controller.AnalyticsController.maxViewersSummary n= 4764 err=   0 errRate=  0.00% avg=   82.34 min=   14.37 max=  402.61 p50=   96.18 p95=  158.30 p99=  207.69 rps= 158.80
  s2s.crud.fetchAllTickets                      n= 4763 err=   0 errRate=  0.00% avg=   80.80 min=   14.20 max=  321.41 p50=   95.70 p95=  136.06 p99=  199.03 rps= 158.77
  s2s.crud.fetchFilms                           n=    1 err=   0 errRate=  0.00% avg=  223.04 min=  223.04 max=  223.04 p50=  223.04 p95=  223.04 p99=  223.04 rps=   0.03
window 1m
  calc.additional.maxViewersSummary             n= 8531 err=   0 errRate=  0.00% avg=   98.75 min=   14.25 max=  621.10 p50=  100.00 p95=  200.89 p99=  301.00 rps= 142.18
  controller.AnalyticsController.maxViewersSummary n= 8531 err=   0 errRate=  0.00% avg=   99.24 min=   14.37 max=  622.12 p50=  100.37 p95=  201.21 p99=  301.31 rps= 142.18
  s2s.crud.fetchAllTickets                      n= 8531 err=   0 errRate=  0.00% avg=   97.16 min=   14.20 max=  402.61 p50=   99.83 p95=  199.04 p99=  281.43 rps= 142.18
  s2s.crud.fetchFilms                           n=    2 err=   0 errRate=  0.00% avg=  282.05 min=  223.04 max=  341.06 p50=  282.05 p95=  335.16 p99=  339.88 rps=   0.03

2026-05-05T23:00:53.712Z  INFO 1 --- [lab8-additional-service] [   scheduling-1] r.h.l.a.o.ObservabilityService           : [lab8-additional-service] observability refresh
window 10s
  calc.additional.maxViewersSummary             n= 1634 err=   0 errRate=  0.00% avg=   76.46 min=   14.25 max=  211.62 p50=   93.77 p95=  125.91 p99=  199.44 rps= 163.40
  controller.AnalyticsController.maxViewersSummary n= 1634 err=   0 errRate=  0.00% avg=   76.91 min=   14.37 max=  211.74 p50=   94.29 p95=  127.41 p99=  199.82 rps= 163.40
  s2s.crud.fetchAllTickets                      n= 1634 err=   0 errRate=  0.00% avg=   76.40 min=   14.20 max=  211.58 p50=   93.72 p95=  125.67 p99=  199.40 rps= 163.40
window 30s
  calc.additional.maxViewersSummary             n= 4781 err=   0 errRate=  0.00% avg=   81.31 min=   14.25 max=  400.20 p50=   95.53 p95=  153.44 p99=  205.43 rps= 159.37
  controller.AnalyticsController.maxViewersSummary n= 4781 err=   0 errRate=  0.00% avg=   81.72 min=   14.37 max=  402.61 p50=   95.89 p95=  154.22 p99=  205.61 rps= 159.37
  s2s.crud.fetchAllTickets                      n= 4781 err=   0 errRate=  0.00% avg=   80.16 min=   14.20 max=  321.41 p50=   95.33 p95=  128.98 p99=  197.80 rps= 159.37
  s2s.crud.fetchFilms                           n=    1 err=   0 errRate=  0.00% avg=  223.04 min=  223.04 max=  223.04 p50=  223.04 p95=  223.04 p99=  223.04 rps=   0.03
window 1m
  calc.additional.maxViewersSummary             n= 8593 err=   0 errRate=  0.00% avg=   97.41 min=   14.25 max=  621.10 p50=   99.58 p95=  199.29 p99=  297.70 rps= 143.22
  controller.AnalyticsController.maxViewersSummary n= 8593 err=   0 errRate=  0.00% avg=   97.91 min=   14.37 max=  622.12 p50=   99.95 p95=  199.74 p99=  298.02 rps= 143.22
  s2s.crud.fetchAllTickets                      n= 8593 err=   0 errRate=  0.00% avg=   95.83 min=   14.20 max=  402.61 p50=   99.45 p95=  197.70 p99=  270.35 rps= 143.22
  s2s.crud.fetchFilms                           n=    2 err=   0 errRate=  0.00% avg=  282.05 min=  223.04 max=  341.06 p50=  282.05 p95=  335.16 p99=  339.88 rps=   0.03

2026-05-05T23:00:54.719Z  INFO 1 --- [lab8-additional-service] [   scheduling-1] r.h.l.a.o.ObservabilityService           : [lab8-additional-service] observability refresh
window 10s
  calc.additional.maxViewersSummary             n= 1636 err=   0 errRate=  0.00% avg=   76.09 min=   14.25 max=  211.62 p50=   93.52 p95=  125.74 p99=  199.43 rps= 163.60
  controller.AnalyticsController.maxViewersSummary n= 1636 err=   0 errRate=  0.00% avg=   76.53 min=   14.37 max=  211.74 p50=   94.02 p95=  127.34 p99=  199.83 rps= 163.60
  s2s.crud.fetchAllTickets                      n= 1636 err=   0 errRate=  0.00% avg=   76.03 min=   14.20 max=  211.58 p50=   93.48 p95=  125.56 p99=  199.39 rps= 163.60
window 30s
  calc.additional.maxViewersSummary             n= 4788 err=   0 errRate=  0.00% avg=   81.05 min=   14.25 max=  400.20 p50=   95.38 p95=  152.20 p99=  202.94 rps= 159.60
  controller.AnalyticsController.maxViewersSummary n= 4788 err=   0 errRate=  0.00% avg=   81.46 min=   14.37 max=  402.61 p50=   95.67 p95=  153.84 p99=  203.13 rps= 159.60
  s2s.crud.fetchAllTickets                      n= 4788 err=   0 errRate=  0.00% avg=   79.91 min=   14.20 max=  321.41 p50=   95.16 p95=  128.81 p99=  196.61 rps= 159.60
  s2s.crud.fetchFilms                           n=    1 err=   0 errRate=  0.00% avg=  223.04 min=  223.04 max=  223.04 p50=  223.04 p95=  223.04 p99=  223.04 rps=   0.03
window 1m
  calc.additional.maxViewersSummary             n= 8653 err=   0 errRate=  0.00% avg=   96.24 min=   14.25 max=  621.10 p50=   99.33 p95=  198.13 p99=  294.41 rps= 144.22
  controller.AnalyticsController.maxViewersSummary n= 8653 err=   0 errRate=  0.00% avg=   96.73 min=   14.37 max=  622.12 p50=   99.65 p95=  198.41 p99=  294.60 rps= 144.22
  s2s.crud.fetchAllTickets                      n= 8653 err=   0 errRate=  0.00% avg=   94.66 min=   14.20 max=  402.61 p50=   99.14 p95=  196.42 p99=  228.64 rps= 144.22
  s2s.crud.fetchFilms                           n=    2 err=   0 errRate=  0.00% avg=  282.05 min=  223.04 max=  341.06 p50=  282.05 p95=  335.16 p99=  339.88 rps=   0.03

2026-05-05T23:00:55.729Z  INFO 1 --- [lab8-additional-service] [   scheduling-1] r.h.l.a.o.ObservabilityService           : [lab8-additional-service] observability refresh
window 10s
  calc.additional.maxViewersSummary             n= 1523 err=   0 errRate=  0.00% avg=   78.01 min=   14.25 max=  272.21 p50=   93.94 p95=  165.91 p99=  201.12 rps= 152.30
  controller.AnalyticsController.maxViewersSummary n= 1523 err=   0 errRate=  0.00% avg=   78.47 min=   14.37 max=  273.43 p50=   94.32 p95=  166.20 p99=  201.23 rps= 152.30
  s2s.crud.fetchAllTickets                      n= 1523 err=   0 errRate=  0.00% avg=   77.95 min=   14.20 max=  272.17 p50=   93.90 p95=  165.86 p99=  201.08 rps= 152.30
window 30s
  calc.additional.maxViewersSummary             n= 4705 err=   0 errRate=  0.00% avg=   81.12 min=   14.25 max=  400.20 p50=   95.38 p95=  154.90 p99=  206.13 rps= 156.83
  controller.AnalyticsController.maxViewersSummary n= 4705 err=   0 errRate=  0.00% avg=   81.52 min=   14.37 max=  402.61 p50=   95.71 p95=  157.23 p99=  206.26 rps= 156.83
  s2s.crud.fetchAllTickets                      n= 4705 err=   0 errRate=  0.00% avg=   79.96 min=   14.20 max=  321.41 p50=   95.17 p95=  130.29 p99=  197.82 rps= 156.83
  s2s.crud.fetchFilms                           n=    1 err=   0 errRate=  0.00% avg=  223.04 min=  223.04 max=  223.04 p50=  223.04 p95=  223.04 p99=  223.04 rps=   0.03
window 1m
  calc.additional.maxViewersSummary             n= 8609 err=   0 errRate=  0.00% avg=   95.52 min=   14.25 max=  621.10 p50=   99.18 p95=  196.87 p99=  292.51 rps= 143.48
  controller.AnalyticsController.maxViewersSummary n= 8609 err=   0 errRate=  0.00% avg=   96.01 min=   14.37 max=  622.12 p50=   99.53 p95=  197.31 p99=  292.76 rps= 143.48
  s2s.crud.fetchAllTickets                      n= 8609 err=   0 errRate=  0.00% avg=   93.94 min=   14.20 max=  402.61 p50=   99.04 p95=  195.75 p99=  224.12 rps= 143.48
  s2s.crud.fetchFilms                           n=    2 err=   0 errRate=  0.00% avg=  282.05 min=  223.04 max=  341.06 p50=  282.05 p95=  335.16 p99=  339.88 rps=   0.03

2026-05-05T23:00:56.734Z  INFO 1 --- [lab8-additional-service] [   scheduling-1] r.h.l.a.o.ObservabilityService           : [lab8-additional-service] observability refresh
window 10s
  calc.additional.maxViewersSummary             n= 1448 err=   0 errRate=  0.00% avg=   80.42 min=   14.25 max=  298.32 p50=   94.54 p95=  185.70 p99=  212.87 rps= 144.80
  controller.AnalyticsController.maxViewersSummary n= 1448 err=   0 errRate=  0.00% avg=   80.89 min=   14.37 max=  298.43 p50=   94.89 p95=  185.90 p99=  212.99 rps= 144.80
  s2s.crud.fetchAllTickets                      n= 1448 err=   0 errRate=  0.00% avg=   78.52 min=   14.20 max=  272.17 p50=   94.06 p95=  176.02 p99=  200.60 rps= 144.80
  s2s.crud.fetchFilms                           n=    1 err=   0 errRate=  0.00% avg=  214.47 min=  214.47 max=  214.47 p50=  214.47 p95=  214.47 p99=  214.47 rps=   0.10
window 30s
  calc.additional.maxViewersSummary             n= 4660 err=   0 errRate=  0.00% avg=   80.76 min=   14.25 max=  321.45 p50=   95.57 p95=  150.83 p99=  201.34 rps= 155.33
  controller.AnalyticsController.maxViewersSummary n= 4660 err=   0 errRate=  0.00% avg=   81.14 min=   14.37 max=  321.57 p50=   95.90 p95=  153.60 p99=  201.45 rps= 155.33
  s2s.crud.fetchAllTickets                      n= 4660 err=   0 errRate=  0.00% avg=   80.10 min=   14.20 max=  321.41 p50=   95.38 p95=  129.51 p99=  197.80 rps= 155.33
  s2s.crud.fetchFilms                           n=    1 err=   0 errRate=  0.00% avg=  214.47 min=  214.47 max=  214.47 p50=  214.47 p95=  214.47 p99=  214.47 rps=   0.03
window 1m
  calc.additional.maxViewersSummary             n= 8612 err=   0 errRate=  0.00% avg=   94.26 min=   14.25 max=  581.99 p50=   99.14 p95=  196.14 p99=  276.48 rps= 143.53
  controller.AnalyticsController.maxViewersSummary n= 8612 err=   0 errRate=  0.00% avg=   94.75 min=   14.37 max=  582.75 p50=   99.47 p95=  196.49 p99=  276.87 rps= 143.53
  s2s.crud.fetchAllTickets                      n= 8612 err=   0 errRate=  0.00% avg=   93.24 min=   14.20 max=  402.61 p50=   98.95 p95=  194.53 p99=  218.65 rps= 143.53
  s2s.crud.fetchFilms                           n=    2 err=   0 errRate=  0.00% avg=  218.75 min=  214.47 max=  223.04 p50=  218.75 p95=  222.61 p99=  222.96 rps=   0.03

2026-05-05T23:00:57.740Z  INFO 1 --- [lab8-additional-service] [   scheduling-1] r.h.l.a.o.ObservabilityService           : [lab8-additional-service] observability refresh
window 10s
  calc.additional.maxViewersSummary             n= 1383 err=   0 errRate=  0.00% avg=   81.24 min=   14.25 max=  298.32 p50=   95.51 p95=  187.46 p99=  213.77 rps= 138.30
  controller.AnalyticsController.maxViewersSummary n= 1383 err=   0 errRate=  0.00% avg=   81.60 min=   14.37 max=  298.43 p50=   95.91 p95=  187.75 p99=  213.90 rps= 138.30
  s2s.crud.fetchAllTickets                      n= 1383 err=   0 errRate=  0.00% avg=   79.25 min=   14.20 max=  272.17 p50=   95.23 p95=  178.95 p99=  201.42 rps= 138.30
  s2s.crud.fetchFilms                           n=    1 err=   0 errRate=  0.00% avg=  214.47 min=  214.47 max=  214.47 p50=  214.47 p95=  214.47 p99=  214.47 rps=   0.10
window 30s
  calc.additional.maxViewersSummary             n= 4593 err=   0 errRate=  0.00% avg=   81.12 min=   14.25 max=  310.34 p50=   95.88 p95=  154.87 p99=  201.51 rps= 153.10
  controller.AnalyticsController.maxViewersSummary n= 4593 err=   0 errRate=  0.00% avg=   81.50 min=   14.37 max=  310.81 p50=   96.11 p95=  157.17 p99=  201.63 rps= 153.10
  s2s.crud.fetchAllTickets                      n= 4593 err=   0 errRate=  0.00% avg=   80.46 min=   14.20 max=  310.30 p50=   95.70 p95=  132.70 p99=  198.49 rps= 153.10
  s2s.crud.fetchFilms                           n=    1 err=   0 errRate=  0.00% avg=  214.47 min=  214.47 max=  214.47 p50=  214.47 p95=  214.47 p99=  214.47 rps=   0.03
window 1m
  calc.additional.maxViewersSummary             n= 8598 err=   0 errRate=  0.00% avg=   93.55 min=   14.25 max=  402.66 p50=   99.07 p95=  195.53 p99=  257.15 rps= 143.30
  controller.AnalyticsController.maxViewersSummary n= 8598 err=   0 errRate=  0.00% avg=   94.04 min=   14.37 max=  402.83 p50=   99.37 p95=  195.93 p99=  257.31 rps= 143.30
  s2s.crud.fetchAllTickets                      n= 8598 err=   0 errRate=  0.00% avg=   92.55 min=   14.20 max=  402.61 p50=   98.85 p95=  192.81 p99=  216.60 rps= 143.30
  s2s.crud.fetchFilms                           n=    2 err=   0 errRate=  0.00% avg=  218.75 min=  214.47 max=  223.04 p50=  218.75 p95=  222.61 p99=  222.96 rps=   0.03

2026-05-05T23:00:58.746Z  INFO 1 --- [lab8-additional-service] [   scheduling-1] r.h.l.a.o.ObservabilityService           : [lab8-additional-service] observability refresh
window 10s
  calc.additional.maxViewersSummary             n= 1321 err=   0 errRate=  0.00% avg=   82.62 min=   14.25 max=  298.32 p50=   96.66 p95=  187.20 p99=  216.38 rps= 132.10
  controller.AnalyticsController.maxViewersSummary n= 1321 err=   0 errRate=  0.00% avg=   82.97 min=   14.37 max=  298.43 p50=   97.01 p95=  187.56 p99=  216.49 rps= 132.10
  s2s.crud.fetchAllTickets                      n= 1321 err=   0 errRate=  0.00% avg=   80.54 min=   14.20 max=  272.17 p50=   96.35 p95=  175.16 p99=  200.55 rps= 132.10
  s2s.crud.fetchFilms                           n=    1 err=   0 errRate=  0.00% avg=  214.47 min=  214.47 max=  214.47 p50=  214.47 p95=  214.47 p99=  214.47 rps=   0.10
window 30s
  calc.additional.maxViewersSummary             n= 4532 err=   0 errRate=  0.00% avg=   81.23 min=   14.25 max=  310.34 p50=   95.92 p95=  154.41 p99=  201.41 rps= 151.07
  controller.AnalyticsController.maxViewersSummary n= 4532 err=   0 errRate=  0.00% avg=   81.61 min=   14.37 max=  310.81 p50=   96.22 p95=  155.44 p99=  201.52 rps= 151.07
  s2s.crud.fetchAllTickets                      n= 4532 err=   0 errRate=  0.00% avg=   80.57 min=   14.20 max=  310.30 p50=   95.84 p95=  131.32 p99=  198.52 rps= 151.07
  s2s.crud.fetchFilms                           n=    1 err=   0 errRate=  0.00% avg=  214.47 min=  214.47 max=  214.47 p50=  214.47 p95=  214.47 p99=  214.47 rps=   0.03
window 1m
  calc.additional.maxViewersSummary             n= 8582 err=   0 errRate=  0.00% avg=   92.80 min=   14.25 max=  402.66 p50=   98.94 p95=  194.34 p99=  226.19 rps= 143.03
  controller.AnalyticsController.maxViewersSummary n= 8582 err=   0 errRate=  0.00% avg=   93.28 min=   14.37 max=  402.83 p50=   99.27 p95=  195.05 p99=  226.64 rps= 143.03
  s2s.crud.fetchAllTickets                      n= 8582 err=   0 errRate=  0.00% avg=   91.80 min=   14.20 max=  402.61 p50=   98.75 p95=  191.74 p99=  213.61 rps= 143.03
  s2s.crud.fetchFilms                           n=    2 err=   0 errRate=  0.00% avg=  218.75 min=  214.47 max=  223.04 p50=  218.75 p95=  222.61 p99=  222.96 rps=   0.03

2026-05-05T23:00:58.747Z  INFO 1 --- [lab8-additional-service] [   scheduling-1] r.h.l.a.service.FilmCacheService         : film-cache stats: size=300 ttlMs=30000 lastRefreshAtMs=1778022056061 hits=11328 misses=4 refreshes=4
2026-05-05T23:00:59.752Z  INFO 1 --- [lab8-additional-service] [   scheduling-1] r.h.l.a.o.ObservabilityService           : [lab8-additional-service] observability refresh
window 10s
  calc.additional.maxViewersSummary             n= 1244 err=   0 errRate=  0.00% avg=   85.38 min=   14.25 max=  314.88 p50=   97.30 p95=  191.98 p99=  271.21 rps= 124.40
  controller.AnalyticsController.maxViewersSummary n= 1244 err=   0 errRate=  0.00% avg=   85.74 min=   14.37 max=  315.73 p50=   97.56 p95=  192.15 p99=  271.96 rps= 124.40
  s2s.crud.fetchAllTickets                      n= 1244 err=   0 errRate=  0.00% avg=   83.18 min=   14.20 max=  314.85 p50=   97.03 p95=  184.92 p99=  206.45 rps= 124.40
  s2s.crud.fetchFilms                           n=    1 err=   0 errRate=  0.00% avg=  214.47 min=  214.47 max=  214.47 p50=  214.47 p95=  214.47 p99=  214.47 rps=   0.10
window 30s
  calc.additional.maxViewersSummary             n= 4460 err=   0 errRate=  0.00% avg=   81.47 min=   14.25 max=  314.88 p50=   96.03 p95=  155.11 p99=  203.03 rps= 148.67
  controller.AnalyticsController.maxViewersSummary n= 4460 err=   0 errRate=  0.00% avg=   81.85 min=   14.37 max=  315.73 p50=   96.28 p95=  157.38 p99=  203.20 rps= 148.67
  s2s.crud.fetchAllTickets                      n= 4460 err=   0 errRate=  0.00% avg=   80.79 min=   14.20 max=  314.85 p50=   95.87 p95=  139.03 p99=  200.15 rps= 148.67
  s2s.crud.fetchFilms                           n=    1 err=   0 errRate=  0.00% avg=  214.47 min=  214.47 max=  214.47 p50=  214.47 p95=  214.47 p99=  214.47 rps=   0.03
window 1m
  calc.additional.maxViewersSummary             n= 8563 err=   0 errRate=  0.00% avg=   92.05 min=   14.25 max=  402.66 p50=   98.84 p95=  192.77 p99=  219.41 rps= 142.72
  controller.AnalyticsController.maxViewersSummary n= 8563 err=   0 errRate=  0.00% avg=   92.53 min=   14.37 max=  402.83 p50=   99.18 p95=  193.13 p99=  219.59 rps= 142.72
  s2s.crud.fetchAllTickets                      n= 8563 err=   0 errRate=  0.00% avg=   91.05 min=   14.20 max=  402.61 p50=   98.69 p95=  190.52 p99=  211.38 rps= 142.72
  s2s.crud.fetchFilms                           n=    2 err=   0 errRate=  0.00% avg=  218.75 min=  214.47 max=  223.04 p50=  218.75 p95=  222.61 p99=  222.96 rps=   0.03

2026-05-05T23:01:00.760Z  INFO 1 --- [lab8-additional-service] [   scheduling-1] r.h.l.a.o.ObservabilityService           : [lab8-additional-service] observability refresh
window 10s
  calc.additional.maxViewersSummary             n= 1150 err=   0 errRate=  0.00% avg=   86.48 min=   14.25 max=  314.88 p50=   97.59 p95=  193.14 p99=  279.39 rps= 115.00
  controller.AnalyticsController.maxViewersSummary n= 1150 err=   0 errRate=  0.00% avg=   86.84 min=   14.37 max=  315.73 p50=   97.89 p95=  193.29 p99=  280.76 rps= 115.00
  s2s.crud.fetchAllTickets                      n= 1150 err=   0 errRate=  0.00% avg=   84.11 min=   14.20 max=  314.85 p50=   97.25 p95=  184.77 p99=  207.30 rps= 115.00
  s2s.crud.fetchFilms                           n=    1 err=   0 errRate=  0.00% avg=  214.47 min=  214.47 max=  214.47 p50=  214.47 p95=  214.47 p99=  214.47 rps=   0.10
window 30s
  calc.additional.maxViewersSummary             n= 4359 err=   0 errRate=  0.00% avg=   81.92 min=   14.25 max=  314.88 p50=   96.18 p95=  161.06 p99=  204.35 rps= 145.30
  controller.AnalyticsController.maxViewersSummary n= 4359 err=   0 errRate=  0.00% avg=   82.30 min=   14.37 max=  315.73 p50=   96.49 p95=  161.18 p99=  204.46 rps= 145.30
  s2s.crud.fetchAllTickets                      n= 4359 err=   0 errRate=  0.00% avg=   81.23 min=   14.20 max=  314.85 p50=   96.07 p95=  154.08 p99=  200.56 rps= 145.30
  s2s.crud.fetchFilms                           n=    1 err=   0 errRate=  0.00% avg=  214.47 min=  214.47 max=  214.47 p50=  214.47 p95=  214.47 p99=  214.47 rps=   0.03
window 1m
  calc.additional.maxViewersSummary             n= 8523 err=   0 errRate=  0.00% avg=   91.35 min=   14.25 max=  402.66 p50=   98.72 p95=  191.81 p99=  217.46 rps= 142.05
  controller.AnalyticsController.maxViewersSummary n= 8523 err=   0 errRate=  0.00% avg=   91.83 min=   14.37 max=  402.83 p50=   99.05 p95=  192.17 p99=  217.58 rps= 142.05
  s2s.crud.fetchAllTickets                      n= 8523 err=   0 errRate=  0.00% avg=   90.34 min=   14.20 max=  402.61 p50=   98.53 p95=  189.47 p99=  209.82 rps= 142.05
  s2s.crud.fetchFilms                           n=    2 err=   0 errRate=  0.00% avg=  218.75 min=  214.47 max=  223.04 p50=  218.75 p95=  222.61 p99=  222.96 rps=   0.03

2026-05-05T23:01:01.772Z  INFO 1 --- [lab8-additional-service] [   scheduling-1] r.h.l.a.o.ObservabilityService           : [lab8-additional-service] observability refresh
window 10s
  calc.additional.maxViewersSummary             n= 1070 err=   0 errRate=  0.00% avg=   90.82 min=   14.29 max=  314.88 p50=   99.35 p95=  198.73 p99=  287.14 rps= 107.00
  controller.AnalyticsController.maxViewersSummary n= 1070 err=   0 errRate=  0.00% avg=   91.18 min=   14.66 max=  315.73 p50=   99.59 p95=  198.87 p99=  288.27 rps= 107.00
  s2s.crud.fetchAllTickets                      n= 1070 err=   0 errRate=  0.00% avg=   88.27 min=   14.25 max=  314.85 p50=   98.92 p95=  190.54 p99=  209.98 rps= 107.00
  s2s.crud.fetchFilms                           n=    1 err=   0 errRate=  0.00% avg=  214.47 min=  214.47 max=  214.47 p50=  214.47 p95=  214.47 p99=  214.47 rps=   0.10
window 30s
  calc.additional.maxViewersSummary             n= 4310 err=   0 errRate=  0.00% avg=   81.70 min=   14.25 max=  314.88 p50=   96.14 p95=  158.85 p99=  205.61 rps= 143.67
  controller.AnalyticsController.maxViewersSummary n= 4310 err=   0 errRate=  0.00% avg=   82.09 min=   14.37 max=  315.73 p50=   96.37 p95=  160.22 p99=  206.15 rps= 143.67
  s2s.crud.fetchAllTickets                      n= 4310 err=   0 errRate=  0.00% avg=   81.01 min=   14.20 max=  314.85 p50=   96.01 p95=  151.92 p99=  202.28 rps= 143.67
  s2s.crud.fetchFilms                           n=    1 err=   0 errRate=  0.00% avg=  214.47 min=  214.47 max=  214.47 p50=  214.47 p95=  214.47 p99=  214.47 rps=   0.03
window 1m
  calc.additional.maxViewersSummary             n= 8514 err=   0 errRate=  0.00% avg=   90.64 min=   14.25 max=  402.66 p50=   98.49 p95=  190.68 p99=  216.78 rps= 141.90
  controller.AnalyticsController.maxViewersSummary n= 8514 err=   0 errRate=  0.00% avg=   91.13 min=   14.37 max=  402.83 p50=   98.88 p95=  191.04 p99=  217.21 rps= 141.90
  s2s.crud.fetchAllTickets                      n= 8514 err=   0 errRate=  0.00% avg=   89.64 min=   14.20 max=  402.61 p50=   98.31 p95=  188.68 p99=  209.59 rps= 141.90
  s2s.crud.fetchFilms                           n=    2 err=   0 errRate=  0.00% avg=  218.75 min=  214.47 max=  223.04 p50=  218.75 p95=  222.61 p99=  222.96 rps=   0.03

2026-05-05T23:01:02.781Z  INFO 1 --- [lab8-additional-service] [   scheduling-1] r.h.l.a.o.ObservabilityService           : [lab8-additional-service] observability refresh
window 10s
  calc.additional.maxViewersSummary             n=  989 err=   0 errRate=  0.00% avg=   92.99 min=   14.29 max=  314.88 p50=  100.39 p95=  198.95 p99=  289.08 rps=  98.90
  controller.AnalyticsController.maxViewersSummary n=  989 err=   0 errRate=  0.00% avg=   93.35 min=   14.66 max=  315.73 p50=  100.51 p95=  199.47 p99=  289.33 rps=  98.90
  s2s.crud.fetchAllTickets                      n=  989 err=   0 errRate=  0.00% avg=   90.24 min=   14.25 max=  314.85 p50=   99.84 p95=  190.96 p99=  210.80 rps=  98.90
  s2s.crud.fetchFilms                           n=    1 err=   0 errRate=  0.00% avg=  214.47 min=  214.47 max=  214.47 p50=  214.47 p95=  214.47 p99=  214.47 rps=   0.10
window 30s
  calc.additional.maxViewersSummary             n= 4238 err=   0 errRate=  0.00% avg=   81.87 min=   14.25 max=  314.88 p50=   96.25 p95=  160.21 p99=  205.48 rps= 141.27
  controller.AnalyticsController.maxViewersSummary n= 4238 err=   0 errRate=  0.00% avg=   82.25 min=   14.37 max=  315.73 p50=   96.56 p95=  161.00 p99=  205.80 rps= 141.27
  s2s.crud.fetchAllTickets                      n= 4238 err=   0 errRate=  0.00% avg=   81.16 min=   14.20 max=  314.85 p50=   96.11 p95=  153.51 p99=  202.05 rps= 141.27
  s2s.crud.fetchFilms                           n=    1 err=   0 errRate=  0.00% avg=  214.47 min=  214.47 max=  214.47 p50=  214.47 p95=  214.47 p99=  214.47 rps=   0.03
window 1m
  calc.additional.maxViewersSummary             n= 8485 err=   0 errRate=  0.00% avg=   90.06 min=   14.25 max=  400.20 p50=   98.38 p95=  189.91 p99=  215.37 rps= 141.42
  controller.AnalyticsController.maxViewersSummary n= 8485 err=   0 errRate=  0.00% avg=   90.54 min=   14.37 max=  402.61 p50=   98.78 p95=  190.46 p99=  215.52 rps= 141.42
  s2s.crud.fetchAllTickets                      n= 8485 err=   0 errRate=  0.00% avg=   89.05 min=   14.20 max=  386.83 p50=   98.16 p95=  187.55 p99=  208.37 rps= 141.42
  s2s.crud.fetchFilms                           n=    2 err=   0 errRate=  0.00% avg=  218.75 min=  214.47 max=  223.04 p50=  218.75 p95=  222.61 p99=  222.96 rps=   0.03

2026-05-05T23:01:03.840Z  INFO 1 --- [lab8-additional-service] [   scheduling-1] r.h.l.a.o.ObservabilityService           : [lab8-additional-service] observability refresh
window 10s
  calc.additional.maxViewersSummary             n=  918 err=   0 errRate=  0.00% avg=   96.56 min=   15.10 max=  314.88 p50=  101.81 p95=  201.31 p99=  289.26 rps=  91.80
  controller.AnalyticsController.maxViewersSummary n=  918 err=   0 errRate=  0.00% avg=   96.82 min=   15.21 max=  315.73 p50=  101.95 p95=  201.45 p99=  289.41 rps=  91.80
  s2s.crud.fetchAllTickets                      n=  918 err=   0 errRate=  0.00% avg=   93.60 min=   15.05 max=  314.85 p50=  101.53 p95=  192.15 p99=  211.02 rps=  91.80
  s2s.crud.fetchFilms                           n=    1 err=   0 errRate=  0.00% avg=  214.47 min=  214.47 max=  214.47 p50=  214.47 p95=  214.47 p99=  214.47 rps=   0.10
window 30s
  calc.additional.maxViewersSummary             n= 4186 err=   0 errRate=  0.00% avg=   81.70 min=   14.25 max=  314.88 p50=   96.25 p95=  159.98 p99=  205.54 rps= 139.53
  controller.AnalyticsController.maxViewersSummary n= 4186 err=   0 errRate=  0.00% avg=   82.09 min=   14.37 max=  315.73 p50=   96.56 p95=  160.80 p99=  205.95 rps= 139.53
  s2s.crud.fetchAllTickets                      n= 4186 err=   0 errRate=  0.00% avg=   80.99 min=   14.20 max=  314.85 p50=   96.11 p95=  153.29 p99=  201.72 rps= 139.53
  s2s.crud.fetchFilms                           n=    1 err=   0 errRate=  0.00% avg=  214.47 min=  214.47 max=  214.47 p50=  214.47 p95=  214.47 p99=  214.47 rps=   0.03
window 1m
  calc.additional.maxViewersSummary             n= 8457 err=   0 errRate=  0.00% avg=   89.60 min=   14.25 max=  400.20 p50=   98.21 p95=  189.40 p99=  214.51 rps= 140.95
  controller.AnalyticsController.maxViewersSummary n= 8457 err=   0 errRate=  0.00% avg=   90.09 min=   14.37 max=  402.61 p50=   98.64 p95=  189.79 p99=  214.93 rps= 140.95
  s2s.crud.fetchAllTickets                      n= 8457 err=   0 errRate=  0.00% avg=   88.59 min=   14.20 max=  386.83 p50=   98.01 p95=  186.69 p99=  207.85 rps= 140.95
  s2s.crud.fetchFilms                           n=    2 err=   0 errRate=  0.00% avg=  218.75 min=  214.47 max=  223.04 p50=  218.75 p95=  222.61 p99=  222.96 rps=   0.03

2026-05-05T23:01:04.847Z  INFO 1 --- [lab8-additional-service] [   scheduling-1] r.h.l.a.o.ObservabilityService           : [lab8-additional-service] observability refresh
window 10s
  calc.additional.maxViewersSummary             n=  849 err=   0 errRate=  0.00% avg=   98.66 min=   15.10 max=  314.88 p50=  102.66 p95=  202.08 p99=  289.65 rps=  84.90
  controller.AnalyticsController.maxViewersSummary n=  849 err=   0 errRate=  0.00% avg=   98.93 min=   15.21 max=  315.73 p50=  103.10 p95=  202.30 p99=  290.45 rps=  84.90
  s2s.crud.fetchAllTickets                      n=  849 err=   0 errRate=  0.00% avg=   95.46 min=   15.05 max=  314.85 p50=  102.36 p95=  193.65 p99=  211.35 rps=  84.90
  s2s.crud.fetchFilms                           n=    1 err=   0 errRate=  0.00% avg=  214.47 min=  214.47 max=  214.47 p50=  214.47 p95=  214.47 p99=  214.47 rps=   0.10
window 30s
  calc.additional.maxViewersSummary             n= 4120 err=   0 errRate=  0.00% avg=   81.81 min=   14.25 max=  314.88 p50=   96.37 p95=  162.81 p99=  205.60 rps= 137.33
  controller.AnalyticsController.maxViewersSummary n= 4120 err=   0 errRate=  0.00% avg=   82.17 min=   14.37 max=  315.73 p50=   96.68 p95=  164.60 p99=  206.13 rps= 137.33
  s2s.crud.fetchAllTickets                      n= 4120 err=   0 errRate=  0.00% avg=   81.09 min=   14.20 max=  314.85 p50=   96.16 p95=  154.80 p99=  202.27 rps= 137.33
  s2s.crud.fetchFilms                           n=    1 err=   0 errRate=  0.00% avg=  214.47 min=  214.47 max=  214.47 p50=  214.47 p95=  214.47 p99=  214.47 rps=   0.03
window 1m
  calc.additional.maxViewersSummary             n= 8430 err=   0 errRate=  0.00% avg=   89.07 min=   14.25 max=  400.20 p50=   98.06 p95=  188.74 p99=  213.41 rps= 140.50
  controller.AnalyticsController.maxViewersSummary n= 8430 err=   0 errRate=  0.00% avg=   89.53 min=   14.37 max=  402.61 p50=   98.50 p95=  189.21 p99=  213.76 rps= 140.50
  s2s.crud.fetchAllTickets                      n= 8430 err=   0 errRate=  0.00% avg=   88.05 min=   14.20 max=  386.83 p50=   97.88 p95=  186.01 p99=  207.30 rps= 140.50
  s2s.crud.fetchFilms                           n=    2 err=   0 errRate=  0.00% avg=  218.75 min=  214.47 max=  223.04 p50=  218.75 p95=  222.61 p99=  222.96 rps=   0.03

2026-05-05T23:01:05.857Z  INFO 1 --- [lab8-additional-service] [   scheduling-1] r.h.l.a.o.ObservabilityService           : [lab8-additional-service] observability refresh
window 10s
  calc.additional.maxViewersSummary             n=  897 err=   0 errRate=  0.00% avg=   95.15 min=   15.10 max=  314.88 p50=  102.05 p95=  198.83 p99=  289.33 rps=  89.70
  controller.AnalyticsController.maxViewersSummary n=  897 err=   0 errRate=  0.00% avg=   95.41 min=   15.21 max=  315.73 p50=  102.27 p95=  199.18 p99=  289.50 rps=  89.70
  s2s.crud.fetchAllTickets                      n=  897 err=   0 errRate=  0.00% avg=   92.12 min=   15.05 max=  314.85 p50=  101.61 p95=  189.21 p99=  209.39 rps=  89.70
  s2s.crud.fetchFilms                           n=    1 err=   0 errRate=  0.00% avg=  214.47 min=  214.47 max=  214.47 p50=  214.47 p95=  214.47 p99=  214.47 rps=   0.10
window 30s
  calc.additional.maxViewersSummary             n= 4039 err=   0 errRate=  0.00% avg=   82.12 min=   14.25 max=  314.88 p50=   96.50 p95=  166.33 p99=  205.91 rps= 134.63
  controller.AnalyticsController.maxViewersSummary n= 4039 err=   0 errRate=  0.00% avg=   82.48 min=   14.37 max=  315.73 p50=   96.75 p95=  166.49 p99=  206.21 rps= 134.63
  s2s.crud.fetchAllTickets                      n= 4039 err=   0 errRate=  0.00% avg=   81.39 min=   14.20 max=  314.85 p50=   96.34 p95=  155.10 p99=  202.37 rps= 134.63
  s2s.crud.fetchFilms                           n=    1 err=   0 errRate=  0.00% avg=  214.47 min=  214.47 max=  214.47 p50=  214.47 p95=  214.47 p99=  214.47 rps=   0.03
window 1m
  calc.additional.maxViewersSummary             n= 8424 err=   0 errRate=  0.00% avg=   88.26 min=   14.25 max=  400.20 p50=   97.89 p95=  187.24 p99=  211.88 rps= 140.40
  controller.AnalyticsController.maxViewersSummary n= 8424 err=   0 errRate=  0.00% avg=   88.71 min=   14.37 max=  402.61 p50=   98.29 p95=  187.79 p99=  212.15 rps= 140.40
  s2s.crud.fetchAllTickets                      n= 8424 err=   0 errRate=  0.00% avg=   87.25 min=   14.20 max=  321.41 p50=   97.71 p95=  184.50 p99=  205.46 rps= 140.40
  s2s.crud.fetchFilms                           n=    2 err=   0 errRate=  0.00% avg=  218.75 min=  214.47 max=  223.04 p50=  218.75 p95=  222.61 p99=  222.96 rps=   0.03

2026-05-05T23:01:06.866Z  INFO 1 --- [lab8-additional-service] [   scheduling-1] r.h.l.a.o.ObservabilityService           : [lab8-additional-service] observability refresh
window 10s
  calc.additional.maxViewersSummary             n=  908 err=   0 errRate=  0.00% avg=   91.02 min=   15.22 max=  314.88 p50=  101.50 p95=  188.03 p99=  209.33 rps=  90.80
  controller.AnalyticsController.maxViewersSummary n=  908 err=   0 errRate=  0.00% avg=   91.28 min=   15.36 max=  315.73 p50=  101.66 p95=  188.21 p99=  209.72 rps=  90.80
  s2s.crud.fetchAllTickets                      n=  908 err=   0 errRate=  0.00% avg=   90.97 min=   15.18 max=  314.85 p50=  101.44 p95=  187.98 p99=  209.29 rps=  90.80
window 30s
  calc.additional.maxViewersSummary             n= 3974 err=   0 errRate=  0.00% avg=   82.40 min=   14.25 max=  314.88 p50=   96.75 p95=  171.39 p99=  206.11 rps= 132.47
  controller.AnalyticsController.maxViewersSummary n= 3974 err=   0 errRate=  0.00% avg=   82.77 min=   14.37 max=  315.73 p50=   97.01 p95=  171.50 p99=  206.24 rps= 132.47
  s2s.crud.fetchAllTickets                      n= 3974 err=   0 errRate=  0.00% avg=   81.66 min=   14.20 max=  314.85 p50=   96.58 p95=  157.02 p99=  202.42 rps= 132.47
  s2s.crud.fetchFilms                           n=    1 err=   0 errRate=  0.00% avg=  214.47 min=  214.47 max=  214.47 p50=  214.47 p95=  214.47 p99=  214.47 rps=   0.03
window 1m
  calc.additional.maxViewersSummary             n= 8388 err=   0 errRate=  0.00% avg=   87.71 min=   14.25 max=  400.20 p50=   97.77 p95=  185.96 p99=  211.34 rps= 139.80
  controller.AnalyticsController.maxViewersSummary n= 8388 err=   0 errRate=  0.00% avg=   88.16 min=   14.37 max=  402.61 p50=   98.18 p95=  186.31 p99=  211.74 rps= 139.80
  s2s.crud.fetchAllTickets                      n= 8388 err=   0 errRate=  0.00% avg=   86.70 min=   14.20 max=  321.41 p50=   97.60 p95=  182.24 p99=  204.45 rps= 139.80
  s2s.crud.fetchFilms                           n=    2 err=   0 errRate=  0.00% avg=  218.75 min=  214.47 max=  223.04 p50=  218.75 p95=  222.61 p99=  222.96 rps=   0.03

2026-05-05T23:01:07.875Z  INFO 1 --- [lab8-additional-service] [   scheduling-1] r.h.l.a.o.ObservabilityService           : [lab8-additional-service] observability refresh
window 10s
  calc.additional.maxViewersSummary             n=  905 err=   0 errRate=  0.00% avg=   90.82 min=   15.22 max=  314.88 p50=  101.02 p95=  185.65 p99=  209.37 rps=  90.50
  controller.AnalyticsController.maxViewersSummary n=  906 err=   0 errRate=  0.00% avg=   91.10 min=   15.36 max=  315.73 p50=  101.31 p95=  185.50 p99=  209.75 rps=  90.60
  s2s.crud.fetchAllTickets                      n=  905 err=   0 errRate=  0.00% avg=   90.77 min=   15.18 max=  314.85 p50=  100.98 p95=  185.60 p99=  209.33 rps=  90.50
window 30s
  calc.additional.maxViewersSummary             n= 3909 err=   0 errRate=  0.00% avg=   82.59 min=   14.25 max=  314.88 p50=   96.84 p95=  165.99 p99=  206.15 rps= 130.30
  controller.AnalyticsController.maxViewersSummary n= 3909 err=   0 errRate=  0.00% avg=   82.95 min=   14.37 max=  315.73 p50=   97.14 p95=  166.10 p99=  206.27 rps= 130.30
  s2s.crud.fetchAllTickets                      n= 3909 err=   0 errRate=  0.00% avg=   81.83 min=   14.20 max=  314.85 p50=   96.73 p95=  154.96 p99=  202.43 rps= 130.30
  s2s.crud.fetchFilms                           n=    1 err=   0 errRate=  0.00% avg=  214.47 min=  214.47 max=  214.47 p50=  214.47 p95=  214.47 p99=  214.47 rps=   0.03
window 1m
  calc.additional.maxViewersSummary             n= 8356 err=   0 errRate=  0.00% avg=   87.30 min=   14.25 max=  400.20 p50=   97.67 p95=  185.55 p99=  211.10 rps= 139.27
  controller.AnalyticsController.maxViewersSummary n= 8356 err=   0 errRate=  0.00% avg=   87.75 min=   14.37 max=  402.61 p50=   98.07 p95=  185.93 p99=  211.51 rps= 139.27
  s2s.crud.fetchAllTickets                      n= 8356 err=   0 errRate=  0.00% avg=   86.30 min=   14.20 max=  321.41 p50=   97.53 p95=  181.11 p99=  203.60 rps= 139.27
  s2s.crud.fetchFilms                           n=    2 err=   0 errRate=  0.00% avg=  218.75 min=  214.47 max=  223.04 p50=  218.75 p95=  222.61 p99=  222.96 rps=   0.03

2026-05-05T23:01:08.742Z  INFO 1 --- [lab8-additional-service] [   scheduling-1] r.h.l.a.service.FilmCacheService         : film-cache stats: size=300 ttlMs=30000 lastRefreshAtMs=1778022056061 hits=12225 misses=4 refreshes=4
2026-05-05T23:01:08.887Z  INFO 1 --- [lab8-additional-service] [   scheduling-1] r.h.l.a.o.ObservabilityService           : [lab8-additional-service] observability refresh
window 10s
  calc.additional.maxViewersSummary             n=  900 err=   0 errRate=  0.00% avg=   89.64 min=   15.22 max=  314.88 p50=  100.32 p95=  139.17 p99=  207.91 rps=  90.00
  controller.AnalyticsController.maxViewersSummary n=  900 err=   0 errRate=  0.00% avg=   89.90 min=   15.36 max=  315.73 p50=  100.57 p95=  139.31 p99=  208.03 rps=  90.00
  s2s.crud.fetchAllTickets                      n=  900 err=   0 errRate=  0.00% avg=   89.58 min=   15.18 max=  314.85 p50=  100.27 p95=  139.14 p99=  207.87 rps=  90.00
window 30s
  calc.additional.maxViewersSummary             n= 3832 err=   0 errRate=  0.00% avg=   82.63 min=   14.25 max=  314.88 p50=   96.91 p95=  160.02 p99=  206.56 rps= 127.73
  controller.AnalyticsController.maxViewersSummary n= 3832 err=   0 errRate=  0.00% avg=   83.00 min=   14.37 max=  315.73 p50=   97.20 p95=  160.56 p99=  206.69 rps= 127.73
  s2s.crud.fetchAllTickets                      n= 3832 err=   0 errRate=  0.00% avg=   81.87 min=   14.20 max=  314.85 p50=   96.79 p95=  153.71 p99=  202.49 rps= 127.73
  s2s.crud.fetchFilms                           n=    1 err=   0 errRate=  0.00% avg=  214.47 min=  214.47 max=  214.47 p50=  214.47 p95=  214.47 p99=  214.47 rps=   0.03
window 1m
  calc.additional.maxViewersSummary             n= 8322 err=   0 errRate=  0.00% avg=   86.84 min=   14.25 max=  400.20 p50=   97.59 p95=  185.03 p99=  210.42 rps= 138.70
  controller.AnalyticsController.maxViewersSummary n= 8322 err=   0 errRate=  0.00% avg=   87.27 min=   14.37 max=  402.61 p50=   97.94 p95=  185.66 p99=  210.61 rps= 138.70
  s2s.crud.fetchAllTickets                      n= 8322 err=   0 errRate=  0.00% avg=   85.83 min=   14.20 max=  321.41 p50=   97.37 p95=  180.01 p99=  203.20 rps= 138.70
  s2s.crud.fetchFilms                           n=    2 err=   0 errRate=  0.00% avg=  218.75 min=  214.47 max=  223.04 p50=  218.75 p95=  222.61 p99=  222.96 rps=   0.03

2026-05-05T23:01:09.893Z  INFO 1 --- [lab8-additional-service] [   scheduling-1] r.h.l.a.o.ObservabilityService           : [lab8-additional-service] observability refresh
window 10s
  calc.additional.maxViewersSummary             n=  897 err=   0 errRate=  0.00% avg=   87.81 min=   15.22 max=  222.83 p50=   99.49 p95=  126.79 p99=  202.35 rps=  89.70
  controller.AnalyticsController.maxViewersSummary n=  897 err=   0 errRate=  0.00% avg=   88.06 min=   15.36 max=  222.96 p50=   99.81 p95=  126.92 p99=  202.49 rps=  89.70
  s2s.crud.fetchAllTickets                      n=  897 err=   0 errRate=  0.00% avg=   87.75 min=   15.18 max=  222.80 p50=   99.46 p95=  126.75 p99=  202.32 rps=  89.70
window 30s
  calc.additional.maxViewersSummary             n= 3730 err=   0 errRate=  0.00% avg=   83.48 min=   14.25 max=  314.88 p50=   97.08 p95=  168.58 p99=  206.91 rps= 124.33
  controller.AnalyticsController.maxViewersSummary n= 3730 err=   0 errRate=  0.00% avg=   83.84 min=   14.37 max=  315.73 p50=   97.42 p95=  168.86 p99=  207.05 rps= 124.33
  s2s.crud.fetchAllTickets                      n= 3730 err=   0 errRate=  0.00% avg=   82.69 min=   14.20 max=  314.85 p50=   96.93 p95=  156.45 p99=  202.54 rps= 124.33
  s2s.crud.fetchFilms                           n=    1 err=   0 errRate=  0.00% avg=  214.47 min=  214.47 max=  214.47 p50=  214.47 p95=  214.47 p99=  214.47 rps=   0.03
window 1m
  calc.additional.maxViewersSummary             n= 8264 err=   0 errRate=  0.00% avg=   86.43 min=   14.25 max=  400.20 p50=   97.48 p95=  185.45 p99=  210.15 rps= 137.73
  controller.AnalyticsController.maxViewersSummary n= 8265 err=   0 errRate=  0.00% avg=   86.84 min=   14.37 max=  402.61 p50=   97.84 p95=  185.84 p99=  210.42 rps= 137.75
  s2s.crud.fetchAllTickets                      n= 8264 err=   0 errRate=  0.00% avg=   85.42 min=   14.20 max=  321.41 p50=   97.30 p95=  180.53 p99=  203.19 rps= 137.73
  s2s.crud.fetchFilms                           n=    2 err=   0 errRate=  0.00% avg=  218.75 min=  214.47 max=  223.04 p50=  218.75 p95=  222.61 p99=  222.96 rps=   0.03

2026-05-05T23:01:10.898Z  INFO 1 --- [lab8-additional-service] [   scheduling-1] r.h.l.a.o.ObservabilityService           : [lab8-additional-service] observability refresh
window 10s
  calc.additional.maxViewersSummary             n=  895 err=   0 errRate=  0.00% avg=   87.57 min=   15.22 max=  211.10 p50=   99.58 p95=  124.22 p99=  199.03 rps=  89.50
  controller.AnalyticsController.maxViewersSummary n=  895 err=   0 errRate=  0.00% avg=   87.82 min=   15.36 max=  211.22 p50=   99.93 p95=  125.29 p99=  199.24 rps=  89.50
  s2s.crud.fetchAllTickets                      n=  895 err=   0 errRate=  0.00% avg=   87.52 min=   15.18 max=  211.07 p50=   99.54 p95=  124.12 p99=  199.00 rps=  89.50
window 30s
  calc.additional.maxViewersSummary             n= 3645 err=   0 errRate=  0.00% avg=   83.96 min=   14.25 max=  314.88 p50=   97.45 p95=  177.61 p99=  207.49 rps= 121.50
  controller.AnalyticsController.maxViewersSummary n= 3645 err=   0 errRate=  0.00% avg=   84.31 min=   14.37 max=  315.73 p50=   97.68 p95=  177.75 p99=  207.63 rps= 121.50
  s2s.crud.fetchAllTickets                      n= 3645 err=   0 errRate=  0.00% avg=   83.16 min=   14.20 max=  314.85 p50=   97.31 p95=  157.13 p99=  202.56 rps= 121.50
  s2s.crud.fetchFilms                           n=    1 err=   0 errRate=  0.00% avg=  214.47 min=  214.47 max=  214.47 p50=  214.47 p95=  214.47 p99=  214.47 rps=   0.03
window 1m
  calc.additional.maxViewersSummary             n= 8215 err=   0 errRate=  0.00% avg=   86.03 min=   14.25 max=  400.20 p50=   97.42 p95=  184.18 p99=  209.41 rps= 136.92
  controller.AnalyticsController.maxViewersSummary n= 8215 err=   0 errRate=  0.00% avg=   86.45 min=   14.37 max=  402.61 p50=   97.76 p95=  184.95 p99=  209.77 rps= 136.92
  s2s.crud.fetchAllTickets                      n= 8215 err=   0 errRate=  0.00% avg=   85.01 min=   14.20 max=  321.41 p50=   97.25 p95=  179.02 p99=  202.54 rps= 136.92
  s2s.crud.fetchFilms                           n=    2 err=   0 errRate=  0.00% avg=  218.75 min=  214.47 max=  223.04 p50=  218.75 p95=  222.61 p99=  222.96 rps=   0.03

2026-05-05T23:01:11.906Z  INFO 1 --- [lab8-additional-service] [   scheduling-1] r.h.l.a.o.ObservabilityService           : [lab8-additional-service] observability refresh
window 10s
  calc.additional.maxViewersSummary             n=  873 err=   0 errRate=  0.00% avg=   87.56 min=   15.22 max=  204.92 p50=   99.83 p95=  123.22 p99=  197.07 rps=  87.30
  controller.AnalyticsController.maxViewersSummary n=  873 err=   0 errRate=  0.00% avg=   87.80 min=   15.36 max=  205.22 p50=  100.10 p95=  123.35 p99=  197.26 rps=  87.30
  s2s.crud.fetchAllTickets                      n=  873 err=   0 errRate=  0.00% avg=   87.51 min=   15.18 max=  204.87 p50=   99.78 p95=  123.18 p99=  197.04 rps=  87.30
window 30s
  calc.additional.maxViewersSummary             n= 3573 err=   0 errRate=  0.00% avg=   83.76 min=   14.25 max=  314.88 p50=   97.60 p95=  175.51 p99=  207.23 rps= 119.10
  controller.AnalyticsController.maxViewersSummary n= 3573 err=   0 errRate=  0.00% avg=   84.10 min=   14.37 max=  315.73 p50=   97.87 p95=  175.66 p99=  207.37 rps= 119.10
  s2s.crud.fetchAllTickets                      n= 3573 err=   0 errRate=  0.00% avg=   82.96 min=   14.20 max=  314.85 p50=   97.42 p95=  153.13 p99=  202.65 rps= 119.10
  s2s.crud.fetchFilms                           n=    1 err=   0 errRate=  0.00% avg=  214.47 min=  214.47 max=  214.47 p50=  214.47 p95=  214.47 p99=  214.47 rps=   0.03
window 1m
  calc.additional.maxViewersSummary             n= 8146 err=   0 errRate=  0.00% avg=   86.05 min=   14.25 max=  400.20 p50=   97.45 p95=  184.33 p99=  209.40 rps= 135.77
  controller.AnalyticsController.maxViewersSummary n= 8146 err=   0 errRate=  0.00% avg=   86.46 min=   14.37 max=  402.61 p50=   97.80 p95=  185.06 p99=  209.70 rps= 135.77
  s2s.crud.fetchAllTickets                      n= 8146 err=   0 errRate=  0.00% avg=   85.02 min=   14.20 max=  321.41 p50=   97.28 p95=  179.16 p99=  202.53 rps= 135.77
  s2s.crud.fetchFilms                           n=    2 err=   0 errRate=  0.00% avg=  218.75 min=  214.47 max=  223.04 p50=  218.75 p95=  222.61 p99=  222.96 rps=   0.03

2026-05-05T23:01:12.938Z  INFO 1 --- [lab8-additional-service] [   scheduling-1] r.h.l.a.o.ObservabilityService           : [lab8-additional-service] observability refresh
window 10s
  calc.additional.maxViewersSummary             n=  903 err=   0 errRate=  0.00% avg=   85.11 min=   14.18 max=  204.92 p50=   99.15 p95=  121.61 p99=  196.56 rps=  90.30
  controller.AnalyticsController.maxViewersSummary n=  903 err=   0 errRate=  0.00% avg=   85.35 min=   14.28 max=  205.22 p50=   99.48 p95=  121.79 p99=  196.84 rps=  90.30
  s2s.crud.fetchAllTickets                      n=  903 err=   0 errRate=  0.00% avg=   85.06 min=   14.14 max=  204.87 p50=   99.10 p95=  121.57 p99=  196.52 rps=  90.30
window 30s
  calc.additional.maxViewersSummary             n= 3514 err=   0 errRate=  0.00% avg=   83.92 min=   14.18 max=  314.88 p50=   97.69 p95=  176.16 p99=  207.78 rps= 117.13
  controller.AnalyticsController.maxViewersSummary n= 3514 err=   0 errRate=  0.00% avg=   84.26 min=   14.28 max=  315.73 p50=   97.97 p95=  176.32 p99=  207.91 rps= 117.13
  s2s.crud.fetchAllTickets                      n= 3514 err=   0 errRate=  0.00% avg=   83.11 min=   14.14 max=  314.85 p50=   97.55 p95=  153.64 p99=  202.81 rps= 117.13
  s2s.crud.fetchFilms                           n=    1 err=   0 errRate=  0.00% avg=  214.47 min=  214.47 max=  214.47 p50=  214.47 p95=  214.47 p99=  214.47 rps=   0.03
window 1m
  calc.additional.maxViewersSummary             n= 8114 err=   0 errRate=  0.00% avg=   85.72 min=   14.18 max=  400.20 p50=   97.35 p95=  184.18 p99=  209.41 rps= 135.23
  controller.AnalyticsController.maxViewersSummary n= 8114 err=   0 errRate=  0.00% avg=   86.13 min=   14.28 max=  402.61 p50=   97.68 p95=  184.95 p99=  209.77 rps= 135.23
  s2s.crud.fetchAllTickets                      n= 8114 err=   0 errRate=  0.00% avg=   84.69 min=   14.14 max=  321.41 p50=   97.15 p95=  179.07 p99=  202.54 rps= 135.23
  s2s.crud.fetchFilms                           n=    2 err=   0 errRate=  0.00% avg=  218.75 min=  214.47 max=  223.04 p50=  218.75 p95=  222.61 p99=  222.96 rps=   0.03

2026-05-05T23:01:13.946Z  INFO 1 --- [lab8-additional-service] [   scheduling-1] r.h.l.a.o.ObservabilityService           : [lab8-additional-service] observability refresh
window 10s
  calc.additional.maxViewersSummary             n=  894 err=   0 errRate=  0.00% avg=   85.19 min=   14.18 max=  204.92 p50=   99.22 p95=  123.61 p99=  196.84 rps=  89.40
  controller.AnalyticsController.maxViewersSummary n=  894 err=   0 errRate=  0.00% avg=   85.42 min=   14.28 max=  205.22 p50=   99.59 p95=  123.91 p99=  196.97 rps=  89.40
  s2s.crud.fetchAllTickets                      n=  894 err=   0 errRate=  0.00% avg=   85.13 min=   14.14 max=  204.87 p50=   99.18 p95=  123.57 p99=  196.81 rps=  89.40
window 30s
  calc.additional.maxViewersSummary             n= 3447 err=   0 errRate=  0.00% avg=   84.09 min=   14.18 max=  314.88 p50=   97.72 p95=  177.48 p99=  206.87 rps= 114.90
  controller.AnalyticsController.maxViewersSummary n= 3447 err=   0 errRate=  0.00% avg=   84.44 min=   14.28 max=  315.73 p50=   98.01 p95=  177.62 p99=  207.01 rps= 114.90
  s2s.crud.fetchAllTickets                      n= 3447 err=   0 errRate=  0.00% avg=   83.26 min=   14.14 max=  314.85 p50=   97.55 p95=  154.13 p99=  202.72 rps= 114.90
  s2s.crud.fetchFilms                           n=    1 err=   0 errRate=  0.00% avg=  214.47 min=  214.47 max=  214.47 p50=  214.47 p95=  214.47 p99=  214.47 rps=   0.03
window 1m
  calc.additional.maxViewersSummary             n= 8056 err=   0 errRate=  0.00% avg=   85.38 min=   14.18 max=  400.20 p50=   97.28 p95=  182.77 p99=  209.42 rps= 134.27
  controller.AnalyticsController.maxViewersSummary n= 8056 err=   0 errRate=  0.00% avg=   85.79 min=   14.28 max=  402.61 p50=   97.60 p95=  183.70 p99=  209.81 rps= 134.27
  s2s.crud.fetchAllTickets                      n= 8056 err=   0 errRate=  0.00% avg=   84.34 min=   14.14 max=  321.41 p50=   97.08 p95=  173.10 p99=  202.65 rps= 134.27
  s2s.crud.fetchFilms                           n=    2 err=   0 errRate=  0.00% avg=  218.75 min=  214.47 max=  223.04 p50=  218.75 p95=  222.61 p99=  222.96 rps=   0.03

2026-05-05T23:01:14.951Z  INFO 1 --- [lab8-additional-service] [   scheduling-1] r.h.l.a.o.ObservabilityService           : [lab8-additional-service] observability refresh
window 10s
  calc.additional.maxViewersSummary             n=  889 err=   0 errRate=  0.00% avg=   87.31 min=   14.18 max=  232.67 p50=   99.51 p95=  129.26 p99=  202.34 rps=  88.90
  controller.AnalyticsController.maxViewersSummary n=  889 err=   0 errRate=  0.00% avg=   87.53 min=   14.28 max=  232.78 p50=   99.74 p95=  129.41 p99=  202.56 rps=  88.90
  s2s.crud.fetchAllTickets                      n=  889 err=   0 errRate=  0.00% avg=   87.25 min=   14.14 max=  232.64 p50=   99.47 p95=  129.09 p99=  202.30 rps=  88.90
window 30s
  calc.additional.maxViewersSummary             n= 3368 err=   0 errRate=  0.00% avg=   84.70 min=   14.18 max=  314.88 p50=   97.74 p95=  184.20 p99=  209.16 rps= 112.27
  controller.AnalyticsController.maxViewersSummary n= 3368 err=   0 errRate=  0.00% avg=   85.04 min=   14.28 max=  315.73 p50=   98.03 p95=  184.77 p99=  209.39 rps= 112.27
  s2s.crud.fetchAllTickets                      n= 3368 err=   0 errRate=  0.00% avg=   83.85 min=   14.14 max=  314.85 p50=   97.57 p95=  175.65 p99=  204.55 rps= 112.27
  s2s.crud.fetchFilms                           n=    1 err=   0 errRate=  0.00% avg=  214.47 min=  214.47 max=  214.47 p50=  214.47 p95=  214.47 p99=  214.47 rps=   0.03
window 1m
  calc.additional.maxViewersSummary             n= 7992 err=   0 errRate=  0.00% avg=   85.28 min=   14.18 max=  400.20 p50=   97.30 p95=  180.63 p99=  209.44 rps= 133.20
  controller.AnalyticsController.maxViewersSummary n= 7992 err=   0 errRate=  0.00% avg=   85.69 min=   14.28 max=  402.61 p50=   97.61 p95=  181.38 p99=  209.83 rps= 133.20
  s2s.crud.fetchAllTickets                      n= 7992 err=   0 errRate=  0.00% avg=   84.23 min=   14.14 max=  321.41 p50=   97.10 p95=  166.56 p99=  202.44 rps= 133.20
  s2s.crud.fetchFilms                           n=    2 err=   0 errRate=  0.00% avg=  218.75 min=  214.47 max=  223.04 p50=  218.75 p95=  222.61 p99=  222.96 rps=   0.03

2026-05-05T23:01:15.956Z  INFO 1 --- [lab8-additional-service] [   scheduling-1] r.h.l.a.o.ObservabilityService           : [lab8-additional-service] observability refresh
window 10s
  calc.additional.maxViewersSummary             n=  893 err=   0 errRate=  0.00% avg=   86.67 min=   14.18 max=  232.67 p50=   99.09 p95=  129.57 p99=  202.27 rps=  89.30
  controller.AnalyticsController.maxViewersSummary n=  893 err=   0 errRate=  0.00% avg=   86.95 min=   14.28 max=  232.78 p50=   99.36 p95=  129.70 p99=  202.47 rps=  89.30
  s2s.crud.fetchAllTickets                      n=  893 err=   0 errRate=  0.00% avg=   86.61 min=   14.14 max=  232.64 p50=   98.89 p95=  129.16 p99=  202.23 rps=  89.30
window 30s
  calc.additional.maxViewersSummary             n= 3292 err=   0 errRate=  0.00% avg=   85.24 min=   14.18 max=  314.88 p50=   97.88 p95=  184.80 p99=  209.44 rps= 109.73
  controller.AnalyticsController.maxViewersSummary n= 3292 err=   0 errRate=  0.00% avg=   85.60 min=   14.28 max=  315.73 p50=   98.15 p95=  185.17 p99=  209.83 rps= 109.73
  s2s.crud.fetchAllTickets                      n= 3292 err=   0 errRate=  0.00% avg=   84.37 min=   14.14 max=  314.85 p50=   97.71 p95=  176.75 p99=  204.77 rps= 109.73
  s2s.crud.fetchFilms                           n=    1 err=   0 errRate=  0.00% avg=  214.47 min=  214.47 max=  214.47 p50=  214.47 p95=  214.47 p99=  214.47 rps=   0.03
window 1m
  calc.additional.maxViewersSummary             n= 7953 err=   0 errRate=  0.00% avg=   84.96 min=   14.18 max=  400.20 p50=   97.20 p95=  180.55 p99=  209.54 rps= 132.55
  controller.AnalyticsController.maxViewersSummary n= 7953 err=   0 errRate=  0.00% avg=   85.35 min=   14.28 max=  402.61 p50=   97.54 p95=  181.24 p99=  209.85 rps= 132.55
  s2s.crud.fetchAllTickets                      n= 7953 err=   0 errRate=  0.00% avg=   83.91 min=   14.14 max=  321.41 p50=   97.00 p95=  164.43 p99=  202.48 rps= 132.55
  s2s.crud.fetchFilms                           n=    2 err=   0 errRate=  0.00% avg=  218.75 min=  214.47 max=  223.04 p50=  218.75 p95=  222.61 p99=  222.96 rps=   0.03

2026-05-05T23:01:16.967Z  INFO 1 --- [lab8-additional-service] [   scheduling-1] r.h.l.a.o.ObservabilityService           : [lab8-additional-service] observability refresh
window 10s
  calc.additional.maxViewersSummary             n=  883 err=   0 errRate=  0.00% avg=   86.50 min=   14.18 max=  232.67 p50=   98.79 p95=  158.77 p99=  202.45 rps=  88.30
  controller.AnalyticsController.maxViewersSummary n=  882 err=   0 errRate=  0.00% avg=   86.78 min=   14.28 max=  232.78 p50=   99.04 p95=  159.26 p99=  202.70 rps=  88.20
  s2s.crud.fetchAllTickets                      n=  883 err=   0 errRate=  0.00% avg=   86.44 min=   14.14 max=  232.64 p50=   98.74 p95=  158.72 p99=  202.41 rps=  88.30
window 30s
  calc.additional.maxViewersSummary             n= 3224 err=   0 errRate=  0.00% avg=   85.24 min=   14.18 max=  314.88 p50=   97.89 p95=  185.48 p99=  209.61 rps= 107.47
  controller.AnalyticsController.maxViewersSummary n= 3223 err=   0 errRate=  0.00% avg=   85.60 min=   14.28 max=  315.73 p50=   98.18 p95=  185.85 p99=  209.86 rps= 107.43
  s2s.crud.fetchAllTickets                      n= 3224 err=   0 errRate=  0.00% avg=   84.36 min=   14.14 max=  314.85 p50=   97.73 p95=  178.14 p99=  204.84 rps= 107.47
  s2s.crud.fetchFilms                           n=    1 err=   0 errRate=  0.00% avg=  214.47 min=  214.47 max=  214.47 p50=  214.47 p95=  214.47 p99=  214.47 rps=   0.03
window 1m
  calc.additional.maxViewersSummary             n= 7912 err=   0 errRate=  0.00% avg=   84.70 min=   14.18 max=  400.20 p50=   97.14 p95=  180.63 p99=  209.37 rps= 131.87
  controller.AnalyticsController.maxViewersSummary n= 7912 err=   0 errRate=  0.00% avg=   85.08 min=   14.28 max=  402.61 p50=   97.50 p95=  181.24 p99=  209.55 rps= 131.87
  s2s.crud.fetchAllTickets                      n= 7912 err=   0 errRate=  0.00% avg=   83.65 min=   14.14 max=  321.41 p50=   96.95 p95=  162.42 p99=  202.28 rps= 131.87
  s2s.crud.fetchFilms                           n=    2 err=   0 errRate=  0.00% avg=  218.75 min=  214.47 max=  223.04 p50=  218.75 p95=  222.61 p99=  222.96 rps=   0.03

2026-05-05T23:01:17.977Z  INFO 1 --- [lab8-additional-service] [   scheduling-1] r.h.l.a.o.ObservabilityService           : [lab8-additional-service] observability refresh
window 10s
  calc.additional.maxViewersSummary             n=  896 err=   0 errRate=  0.00% avg=   84.56 min=   14.18 max=  232.67 p50=   98.13 p95=  131.73 p99=  202.21 rps=  89.60
  controller.AnalyticsController.maxViewersSummary n=  896 err=   0 errRate=  0.00% avg=   84.86 min=   14.28 max=  232.78 p50=   98.34 p95=  131.90 p99=  202.41 rps=  89.60
  s2s.crud.fetchAllTickets                      n=  896 err=   0 errRate=  0.00% avg=   84.51 min=   14.14 max=  232.64 p50=   97.96 p95=  131.64 p99=  202.18 rps=  89.60
window 30s
  calc.additional.maxViewersSummary             n= 3165 err=   0 errRate=  0.00% avg=   85.39 min=   14.18 max=  314.88 p50=   98.08 p95=  185.46 p99=  209.69 rps= 105.50
  controller.AnalyticsController.maxViewersSummary n= 3165 err=   0 errRate=  0.00% avg=   85.70 min=   14.28 max=  315.73 p50=   98.45 p95=  185.84 p99=  209.88 rps= 105.50
  s2s.crud.fetchAllTickets                      n= 3165 err=   0 errRate=  0.00% avg=   84.49 min=   14.14 max=  314.85 p50=   97.91 p95=  178.12 p99=  205.02 rps= 105.50
  s2s.crud.fetchFilms                           n=    1 err=   0 errRate=  0.00% avg=  214.47 min=  214.47 max=  214.47 p50=  214.47 p95=  214.47 p99=  214.47 rps=   0.03
window 1m
  calc.additional.maxViewersSummary             n= 7863 err=   0 errRate=  0.00% avg=   84.38 min=   14.18 max=  400.20 p50=   97.05 p95=  177.80 p99=  209.42 rps= 131.05
  controller.AnalyticsController.maxViewersSummary n= 7863 err=   0 errRate=  0.00% avg=   84.76 min=   14.28 max=  402.61 p50=   97.40 p95=  177.94 p99=  209.68 rps= 131.05
  s2s.crud.fetchAllTickets                      n= 7863 err=   0 errRate=  0.00% avg=   83.31 min=   14.14 max=  321.41 p50=   96.89 p95=  158.71 p99=  202.20 rps= 131.05
  s2s.crud.fetchFilms                           n=    2 err=   0 errRate=  0.00% avg=  218.75 min=  214.47 max=  223.04 p50=  218.75 p95=  222.61 p99=  222.96 rps=   0.03

2026-05-05T23:01:18.742Z  INFO 1 --- [lab8-additional-service] [   scheduling-1] r.h.l.a.service.FilmCacheService         : film-cache stats: size=300 ttlMs=30000 lastRefreshAtMs=1778022056061 hits=13128 misses=4 refreshes=4
2026-05-05T23:01:18.987Z  INFO 1 --- [lab8-additional-service] [   scheduling-1] r.h.l.a.o.ObservabilityService           : [lab8-additional-service] observability refresh
window 10s
  calc.additional.maxViewersSummary             n=  903 err=   0 errRate=  0.00% avg=   85.01 min=   14.18 max=  232.67 p50=   98.17 p95=  132.37 p99=  203.92 rps=  90.30
  controller.AnalyticsController.maxViewersSummary n=  903 err=   0 errRate=  0.00% avg=   85.29 min=   14.28 max=  232.78 p50=   98.42 p95=  132.56 p99=  204.39 rps=  90.30
  s2s.crud.fetchAllTickets                      n=  903 err=   0 errRate=  0.00% avg=   84.94 min=   14.14 max=  232.64 p50=   98.06 p95=  132.33 p99=  203.87 rps=  90.30
window 30s
  calc.additional.maxViewersSummary             n= 3103 err=   0 errRate=  0.00% avg=   85.40 min=   14.18 max=  314.88 p50=   98.12 p95=  183.70 p99=  209.66 rps= 103.43
  controller.AnalyticsController.maxViewersSummary n= 3103 err=   0 errRate=  0.00% avg=   85.71 min=   14.28 max=  315.73 p50=   98.45 p95=  184.83 p99=  209.87 rps= 103.43
  s2s.crud.fetchAllTickets                      n= 3103 err=   0 errRate=  0.00% avg=   84.48 min=   14.14 max=  314.85 p50=   97.95 p95=  159.27 p99=  204.44 rps= 103.43
  s2s.crud.fetchFilms                           n=    1 err=   0 errRate=  0.00% avg=  214.47 min=  214.47 max=  214.47 p50=  214.47 p95=  214.47 p99=  214.47 rps=   0.03
window 1m
  calc.additional.maxViewersSummary             n= 7806 err=   0 errRate=  0.00% avg=   84.27 min=   14.18 max=  400.20 p50=   97.09 p95=  175.77 p99=  209.40 rps= 130.10
  controller.AnalyticsController.maxViewersSummary n= 7807 err=   0 errRate=  0.00% avg=   84.64 min=   14.28 max=  402.61 p50=   97.45 p95=  175.88 p99=  209.57 rps= 130.12
  s2s.crud.fetchAllTickets                      n= 7806 err=   0 errRate=  0.00% avg=   83.20 min=   14.14 max=  321.41 p50=   96.93 p95=  155.94 p99=  202.29 rps= 130.10
  s2s.crud.fetchFilms                           n=    2 err=   0 errRate=  0.00% avg=  218.75 min=  214.47 max=  223.04 p50=  218.75 p95=  222.61 p99=  222.96 rps=   0.03

2026-05-05T23:01:19.997Z  INFO 1 --- [lab8-additional-service] [   scheduling-1] r.h.l.a.o.ObservabilityService           : [lab8-additional-service] observability refresh
window 10s
  calc.additional.maxViewersSummary             n=  948 err=   0 errRate=  0.00% avg=   83.67 min=   14.18 max=  232.67 p50=   97.87 p95=  129.74 p99=  203.09 rps=  94.80
  controller.AnalyticsController.maxViewersSummary n=  948 err=   0 errRate=  0.00% avg=   83.95 min=   14.28 max=  232.78 p50=   98.17 p95=  129.86 p99=  203.43 rps=  94.80
  s2s.crud.fetchAllTickets                      n=  948 err=   0 errRate=  0.00% avg=   83.60 min=   14.14 max=  232.64 p50=   97.80 p95=  129.12 p99=  203.05 rps=  94.80
window 30s
  calc.additional.maxViewersSummary             n= 3063 err=   0 errRate=  0.00% avg=   85.52 min=   14.18 max=  314.88 p50=   98.13 p95=  182.72 p99=  209.70 rps= 102.10
  controller.AnalyticsController.maxViewersSummary n= 3063 err=   0 errRate=  0.00% avg=   85.83 min=   14.28 max=  315.73 p50=   98.46 p95=  183.42 p99=  209.88 rps= 102.10
  s2s.crud.fetchAllTickets                      n= 3063 err=   0 errRate=  0.00% avg=   84.59 min=   14.14 max=  314.85 p50=   97.95 p95=  157.28 p99=  204.56 rps= 102.10
  s2s.crud.fetchFilms                           n=    1 err=   0 errRate=  0.00% avg=  214.47 min=  214.47 max=  214.47 p50=  214.47 p95=  214.47 p99=  214.47 rps=   0.03
window 1m
  calc.additional.maxViewersSummary             n= 7787 err=   0 errRate=  0.00% avg=   84.15 min=   14.18 max=  400.20 p50=   97.13 p95=  165.20 p99=  209.09 rps= 129.78
  controller.AnalyticsController.maxViewersSummary n= 7787 err=   0 errRate=  0.00% avg=   84.52 min=   14.28 max=  402.61 p50=   97.49 p95=  165.33 p99=  209.24 rps= 129.78
  s2s.crud.fetchAllTickets                      n= 7787 err=   0 errRate=  0.00% avg=   83.08 min=   14.14 max=  321.41 p50=   96.94 p95=  153.27 p99=  202.06 rps= 129.78
  s2s.crud.fetchFilms                           n=    2 err=   0 errRate=  0.00% avg=  218.75 min=  214.47 max=  223.04 p50=  218.75 p95=  222.61 p99=  222.96 rps=   0.03

2026-05-05T23:01:21.002Z  INFO 1 --- [lab8-additional-service] [   scheduling-1] r.h.l.a.o.ObservabilityService           : [lab8-additional-service] observability refresh
window 10s
  calc.additional.maxViewersSummary             n=  977 err=   0 errRate=  0.00% avg=   82.41 min=   14.18 max=  232.67 p50=   97.20 p95=  128.42 p99=  202.56 rps=  97.70
  controller.AnalyticsController.maxViewersSummary n=  977 err=   0 errRate=  0.00% avg=   82.71 min=   14.28 max=  232.78 p50=   97.57 p95=  128.57 p99=  202.81 rps=  97.70
  s2s.crud.fetchAllTickets                      n=  977 err=   0 errRate=  0.00% avg=   82.34 min=   14.14 max=  232.64 p50=   97.10 p95=  128.39 p99=  202.52 rps=  97.70
window 30s
  calc.additional.maxViewersSummary             n= 2992 err=   0 errRate=  0.00% avg=   86.24 min=   14.18 max=  314.88 p50=   98.37 p95=  182.35 p99=  209.67 rps=  99.73
  controller.AnalyticsController.maxViewersSummary n= 2992 err=   0 errRate=  0.00% avg=   86.54 min=   14.28 max=  315.73 p50=   98.75 p95=  182.49 p99=  209.87 rps=  99.73
  s2s.crud.fetchAllTickets                      n= 2992 err=   0 errRate=  0.00% avg=   85.29 min=   14.14 max=  314.85 p50=   98.19 p95=  151.85 p99=  204.47 rps=  99.73
  s2s.crud.fetchFilms                           n=    1 err=   0 errRate=  0.00% avg=  214.47 min=  214.47 max=  214.47 p50=  214.47 p95=  214.47 p99=  214.47 rps=   0.03
window 1m
  calc.additional.maxViewersSummary             n= 7728 err=   0 errRate=  0.00% avg=   84.10 min=   14.18 max=  400.20 p50=   97.14 p95=  162.30 p99=  209.31 rps= 128.80
  controller.AnalyticsController.maxViewersSummary n= 7728 err=   0 errRate=  0.00% avg=   84.46 min=   14.28 max=  402.61 p50=   97.50 p95=  162.40 p99=  209.48 rps= 128.80
  s2s.crud.fetchAllTickets                      n= 7728 err=   0 errRate=  0.00% avg=   83.02 min=   14.14 max=  321.41 p50=   96.94 p95=  150.52 p99=  202.08 rps= 128.80
  s2s.crud.fetchFilms                           n=    2 err=   0 errRate=  0.00% avg=  218.75 min=  214.47 max=  223.04 p50=  218.75 p95=  222.61 p99=  222.96 rps=   0.03

2026-05-05T23:01:22.007Z  INFO 1 --- [lab8-additional-service] [   scheduling-1] r.h.l.a.o.ObservabilityService           : [lab8-additional-service] observability refresh
window 10s
  calc.additional.maxViewersSummary             n=  982 err=   0 errRate=  0.00% avg=   82.59 min=   14.18 max=  232.67 p50=   97.05 p95=  127.81 p99=  199.96 rps=  98.20
  controller.AnalyticsController.maxViewersSummary n=  982 err=   0 errRate=  0.00% avg=   82.89 min=   14.28 max=  232.78 p50=   97.52 p95=  127.93 p99=  200.83 rps=  98.20
  s2s.crud.fetchAllTickets                      n=  982 err=   0 errRate=  0.00% avg=   82.52 min=   14.14 max=  232.64 p50=   96.99 p95=  127.77 p99=  199.92 rps=  98.20
window 30s
  calc.additional.maxViewersSummary             n= 2907 err=   0 errRate=  0.00% avg=   87.48 min=   14.18 max=  314.88 p50=   98.80 p95=  184.94 p99=  209.74 rps=  96.90
  controller.AnalyticsController.maxViewersSummary n= 2907 err=   0 errRate=  0.00% avg=   87.78 min=   14.28 max=  315.73 p50=   99.13 p95=  185.46 p99=  209.88 rps=  96.90
  s2s.crud.fetchAllTickets                      n= 2907 err=   0 errRate=  0.00% avg=   86.50 min=   14.14 max=  314.85 p50=   98.65 p95=  172.79 p99=  204.74 rps=  96.90
  s2s.crud.fetchFilms                           n=    1 err=   0 errRate=  0.00% avg=  214.47 min=  214.47 max=  214.47 p50=  214.47 p95=  214.47 p99=  214.47 rps=   0.03
window 1m
  calc.additional.maxViewersSummary             n= 7678 err=   0 errRate=  0.00% avg=   84.09 min=   14.18 max=  400.20 p50=   97.16 p95=  162.18 p99=  209.12 rps= 127.97
  controller.AnalyticsController.maxViewersSummary n= 7678 err=   0 errRate=  0.00% avg=   84.45 min=   14.28 max=  402.61 p50=   97.50 p95=  162.28 p99=  209.27 rps= 127.97
  s2s.crud.fetchAllTickets                      n= 7678 err=   0 errRate=  0.00% avg=   83.01 min=   14.14 max=  321.41 p50=   96.97 p95=  150.29 p99=  202.06 rps= 127.97
  s2s.crud.fetchFilms                           n=    2 err=   0 errRate=  0.00% avg=  218.75 min=  214.47 max=  223.04 p50=  218.75 p95=  222.61 p99=  222.96 rps=   0.03

2026-05-05T23:01:23.012Z  INFO 1 --- [lab8-additional-service] [   scheduling-1] r.h.l.a.o.ObservabilityService           : [lab8-additional-service] observability refresh
window 10s
  calc.additional.maxViewersSummary             n=  989 err=   0 errRate=  0.00% avg=   83.26 min=   14.25 max=  232.67 p50=   97.54 p95=  125.02 p99=  199.06 rps=  98.90
  controller.AnalyticsController.maxViewersSummary n=  989 err=   0 errRate=  0.00% avg=   83.56 min=   14.38 max=  232.78 p50=   97.75 p95=  125.25 p99=  199.28 rps=  98.90
  s2s.crud.fetchAllTickets                      n=  989 err=   0 errRate=  0.00% avg=   83.19 min=   14.21 max=  232.64 p50=   97.47 p95=  124.98 p99=  199.02 rps=  98.90
window 30s
  calc.additional.maxViewersSummary             n= 2865 err=   0 errRate=  0.00% avg=   87.40 min=   14.18 max=  314.88 p50=   98.81 p95=  180.27 p99=  210.04 rps=  95.50
  controller.AnalyticsController.maxViewersSummary n= 2865 err=   0 errRate=  0.00% avg=   87.70 min=   14.28 max=  315.73 p50=   99.15 p95=  180.49 p99=  210.18 rps=  95.50
  s2s.crud.fetchAllTickets                      n= 2865 err=   0 errRate=  0.00% avg=   86.41 min=   14.14 max=  314.85 p50=   98.65 p95=  144.94 p99=  204.80 rps=  95.50
  s2s.crud.fetchFilms                           n=    1 err=   0 errRate=  0.00% avg=  214.47 min=  214.47 max=  214.47 p50=  214.47 p95=  214.47 p99=  214.47 rps=   0.03
window 1m
  calc.additional.maxViewersSummary             n= 7634 err=   0 errRate=  0.00% avg=   83.98 min=   14.18 max=  400.20 p50=   97.14 p95=  159.89 p99=  209.01 rps= 127.23
  controller.AnalyticsController.maxViewersSummary n= 7634 err=   0 errRate=  0.00% avg=   84.34 min=   14.28 max=  402.61 p50=   97.48 p95=  160.21 p99=  209.14 rps= 127.23
  s2s.crud.fetchAllTickets                      n= 7634 err=   0 errRate=  0.00% avg=   82.89 min=   14.14 max=  321.41 p50=   96.95 p95=  139.13 p99=  201.78 rps= 127.23
  s2s.crud.fetchFilms                           n=    2 err=   0 errRate=  0.00% avg=  218.75 min=  214.47 max=  223.04 p50=  218.75 p95=  222.61 p99=  222.96 rps=   0.03

2026-05-05T23:01:24.016Z  INFO 1 --- [lab8-additional-service] [   scheduling-1] r.h.l.a.o.ObservabilityService           : [lab8-additional-service] observability refresh
window 10s
  calc.additional.maxViewersSummary             n= 1023 err=   0 errRate=  0.00% avg=   80.72 min=   13.86 max=  232.67 p50=   96.50 p95=  123.28 p99=  198.81 rps= 102.30
  controller.AnalyticsController.maxViewersSummary n= 1023 err=   0 errRate=  0.00% avg=   81.02 min=   13.97 max=  232.78 p50=   96.85 p95=  123.41 p99=  198.92 rps= 102.30
  s2s.crud.fetchAllTickets                      n= 1023 err=   0 errRate=  0.00% avg=   80.65 min=   13.82 max=  232.64 p50=   96.44 p95=  123.21 p99=  198.77 rps= 102.30
window 30s
  calc.additional.maxViewersSummary             n= 2814 err=   0 errRate=  0.00% avg=   87.31 min=   13.86 max=  314.88 p50=   98.78 p95=  182.70 p99=  210.45 rps=  93.80
  controller.AnalyticsController.maxViewersSummary n= 2814 err=   0 errRate=  0.00% avg=   87.57 min=   13.97 max=  315.73 p50=   99.13 p95=  182.99 p99=  210.60 rps=  93.80
  s2s.crud.fetchAllTickets                      n= 2814 err=   0 errRate=  0.00% avg=   86.30 min=   13.82 max=  314.85 p50=   98.62 p95=  151.78 p99=  204.86 rps=  93.80
  s2s.crud.fetchFilms                           n=    1 err=   0 errRate=  0.00% avg=  214.47 min=  214.47 max=  214.47 p50=  214.47 p95=  214.47 p99=  214.47 rps=   0.03
window 1m
  calc.additional.maxViewersSummary             n= 7595 err=   0 errRate=  0.00% avg=   83.56 min=   13.86 max=  400.20 p50=   96.95 p95=  157.16 p99=  208.16 rps= 126.58
  controller.AnalyticsController.maxViewersSummary n= 7595 err=   0 errRate=  0.00% avg=   83.92 min=   13.97 max=  402.61 p50=   97.26 p95=  158.58 p99=  208.59 rps= 126.58
  s2s.crud.fetchAllTickets                      n= 7595 err=   0 errRate=  0.00% avg=   82.46 min=   13.82 max=  321.41 p50=   96.79 p95=  132.24 p99=  201.05 rps= 126.58
  s2s.crud.fetchFilms                           n=    2 err=   0 errRate=  0.00% avg=  218.75 min=  214.47 max=  223.04 p50=  218.75 p95=  222.61 p99=  222.96 rps=   0.03

2026-05-05T23:01:25.021Z  INFO 1 --- [lab8-additional-service] [   scheduling-1] r.h.l.a.o.ObservabilityService           : [lab8-additional-service] observability refresh
window 10s
  calc.additional.maxViewersSummary             n= 1041 err=   0 errRate=  0.00% avg=   78.25 min=   13.86 max=  212.40 p50=   96.14 p95=  116.63 p99=  192.21 rps= 104.10
  controller.AnalyticsController.maxViewersSummary n= 1041 err=   0 errRate=  0.00% avg=   78.55 min=   13.97 max=  212.52 p50=   96.32 p95=  117.71 p99=  192.59 rps= 104.10
  s2s.crud.fetchAllTickets                      n= 1041 err=   0 errRate=  0.00% avg=   78.17 min=   13.82 max=  212.36 p50=   96.09 p95=  116.59 p99=  192.18 rps= 104.10
window 30s
  calc.additional.maxViewersSummary             n= 2789 err=   0 errRate=  0.00% avg=   87.21 min=   13.86 max=  314.88 p50=   98.79 p95=  172.41 p99=  210.86 rps=  92.97
  controller.AnalyticsController.maxViewersSummary n= 2789 err=   0 errRate=  0.00% avg=   87.48 min=   13.97 max=  315.73 p50=   99.13 p95=  172.52 p99=  211.27 rps=  92.97
  s2s.crud.fetchAllTickets                      n= 2789 err=   0 errRate=  0.00% avg=   86.20 min=   13.82 max=  314.85 p50=   98.63 p95=  133.37 p99=  205.29 rps=  92.97
  s2s.crud.fetchFilms                           n=    1 err=   0 errRate=  0.00% avg=  214.47 min=  214.47 max=  214.47 p50=  214.47 p95=  214.47 p99=  214.47 rps=   0.03
window 1m
  calc.additional.maxViewersSummary             n= 7567 err=   0 errRate=  0.00% avg=   83.28 min=   13.86 max=  400.20 p50=   96.87 p95=  153.31 p99=  207.94 rps= 126.12
  controller.AnalyticsController.maxViewersSummary n= 7567 err=   0 errRate=  0.00% avg=   83.63 min=   13.97 max=  402.61 p50=   97.19 p95=  154.33 p99=  208.19 rps= 126.12
  s2s.crud.fetchAllTickets                      n= 7567 err=   0 errRate=  0.00% avg=   82.18 min=   13.82 max=  321.41 p50=   96.73 p95=  129.20 p99=  200.44 rps= 126.12
  s2s.crud.fetchFilms                           n=    2 err=   0 errRate=  0.00% avg=  218.75 min=  214.47 max=  223.04 p50=  218.75 p95=  222.61 p99=  222.96 rps=   0.03

2026-05-05T23:01:26.036Z  INFO 1 --- [lab8-additional-service] [   scheduling-1] r.h.l.a.o.ObservabilityService           : [lab8-additional-service] observability refresh
window 10s
  calc.additional.maxViewersSummary             n= 1046 err=   0 errRate=  0.00% avg=   78.20 min=   13.86 max=  212.40 p50=   95.56 p95=  117.26 p99=  192.08 rps= 104.60
  controller.AnalyticsController.maxViewersSummary n= 1046 err=   0 errRate=  0.00% avg=   78.55 min=   13.97 max=  212.52 p50=   95.87 p95=  117.87 p99=  192.43 rps= 104.60
  s2s.crud.fetchAllTickets                      n= 1046 err=   0 errRate=  0.00% avg=   78.13 min=   13.82 max=  212.36 p50=   95.52 p95=  117.23 p99=  192.04 rps= 104.60
window 30s
  calc.additional.maxViewersSummary             n= 2832 err=   0 errRate=  0.00% avg=   86.13 min=   13.86 max=  314.88 p50=   98.34 p95=  132.81 p99=  209.59 rps=  94.40
  controller.AnalyticsController.maxViewersSummary n= 2832 err=   0 errRate=  0.00% avg=   86.43 min=   13.97 max=  315.73 p50=   98.67 p95=  132.99 p99=  209.86 rps=  94.40
  s2s.crud.fetchAllTickets                      n= 2832 err=   0 errRate=  0.00% avg=   85.12 min=   13.82 max=  314.85 p50=   98.11 p95=  127.40 p99=  203.98 rps=  94.40
  s2s.crud.fetchFilms                           n=    1 err=   0 errRate=  0.00% avg=  214.47 min=  214.47 max=  214.47 p50=  214.47 p95=  214.47 p99=  214.47 rps=   0.03
window 1m
  calc.additional.maxViewersSummary             n= 7510 err=   0 errRate=  0.00% avg=   83.13 min=   13.86 max=  400.20 p50=   96.79 p95=  151.33 p99=  207.99 rps= 125.17
  controller.AnalyticsController.maxViewersSummary n= 7510 err=   0 errRate=  0.00% avg=   83.50 min=   13.97 max=  402.61 p50=   97.08 p95=  152.84 p99=  208.29 rps= 125.17
  s2s.crud.fetchAllTickets                      n= 7510 err=   0 errRate=  0.00% avg=   82.03 min=   13.82 max=  321.41 p50=   96.60 p95=  129.08 p99=  200.49 rps= 125.17
  s2s.crud.fetchFilms                           n=    2 err=   0 errRate=  0.00% avg=  218.75 min=  214.47 max=  223.04 p50=  218.75 p95=  222.61 p99=  222.96 rps=   0.03

2026-05-05T23:01:27.041Z  INFO 1 --- [lab8-additional-service] [   scheduling-1] r.h.l.a.o.ObservabilityService           : [lab8-additional-service] observability refresh
window 10s
  calc.additional.maxViewersSummary             n= 1088 err=   0 errRate=  0.00% avg=   75.21 min=   13.67 max=  320.61 p50=   93.62 p95=  119.11 p99=  208.12 rps= 108.80
  controller.AnalyticsController.maxViewersSummary n= 1088 err=   0 errRate=  0.00% avg=   75.56 min=   13.84 max=  320.72 p50=   93.96 p95=  119.32 p99=  208.43 rps= 108.80
  s2s.crud.fetchAllTickets                      n= 1088 err=   0 errRate=  0.00% avg=   72.95 min=   13.64 max=  212.36 p50=   93.38 p95=  114.77 p99=  188.50 rps= 108.80
  s2s.crud.fetchFilms                           n=    1 err=   0 errRate=  0.00% avg=  124.73 min=  124.73 max=  124.73 p50=  124.73 p95=  124.73 p99=  124.73 rps=   0.10
window 30s
  calc.additional.maxViewersSummary             n= 2883 err=   0 errRate=  0.00% avg=   83.78 min=   13.67 max=  320.61 p50=   97.83 p95=  131.64 p99=  207.86 rps=  96.10
  controller.AnalyticsController.maxViewersSummary n= 2883 err=   0 errRate=  0.00% avg=   84.08 min=   13.84 max=  320.72 p50=   98.06 p95=  131.75 p99=  208.13 rps=  96.10
  s2s.crud.fetchAllTickets                      n= 2883 err=   0 errRate=  0.00% avg=   82.90 min=   13.64 max=  314.85 p50=   97.71 p95=  126.87 p99=  203.92 rps=  96.10
  s2s.crud.fetchFilms                           n=    1 err=   0 errRate=  0.00% avg=  124.73 min=  124.73 max=  124.73 p50=  124.73 p95=  124.73 p99=  124.73 rps=   0.03
window 1m
  calc.additional.maxViewersSummary             n= 7519 err=   0 errRate=  0.00% avg=   82.00 min=   13.67 max=  320.61 p50=   96.62 p95=  136.49 p99=  204.08 rps= 125.32
  controller.AnalyticsController.maxViewersSummary n= 7519 err=   0 errRate=  0.00% avg=   82.36 min=   13.84 max=  320.72 p50=   96.89 p95=  139.70 p99=  204.43 rps= 125.32
  s2s.crud.fetchAllTickets                      n= 7519 err=   0 errRate=  0.00% avg=   81.26 min=   13.64 max=  314.85 p50=   96.49 p95=  128.40 p99=  200.29 rps= 125.32
  s2s.crud.fetchFilms                           n=    2 err=   0 errRate=  0.00% avg=  169.60 min=  124.73 max=  214.47 p50=  169.60 p95=  209.98 p99=  213.57 rps=   0.03

2026-05-05T23:01:28.046Z  INFO 1 --- [lab8-additional-service] [   scheduling-1] r.h.l.a.o.ObservabilityService           : [lab8-additional-service] observability refresh
window 10s
  calc.additional.maxViewersSummary             n= 1126 err=   0 errRate=  0.00% avg=   72.34 min=   13.67 max=  320.61 p50=   90.77 p95=  119.09 p99=  208.03 rps= 112.60
  controller.AnalyticsController.maxViewersSummary n= 1126 err=   0 errRate=  0.00% avg=   72.71 min=   13.84 max=  320.72 p50=   91.02 p95=  119.20 p99=  208.36 rps= 112.60
  s2s.crud.fetchAllTickets                      n= 1126 err=   0 errRate=  0.00% avg=   70.16 min=   13.64 max=  212.36 p50=   89.90 p95=  114.96 p99=  186.94 rps= 112.60
  s2s.crud.fetchFilms                           n=    1 err=   0 errRate=  0.00% avg=  124.73 min=  124.73 max=  124.73 p50=  124.73 p95=  124.73 p99=  124.73 rps=   0.10
window 30s
  calc.additional.maxViewersSummary             n= 2921 err=   0 errRate=  0.00% avg=   81.88 min=   13.67 max=  320.61 p50=   97.16 p95=  128.43 p99=  207.41 rps=  97.37
  controller.AnalyticsController.maxViewersSummary n= 2921 err=   0 errRate=  0.00% avg=   82.19 min=   13.84 max=  320.72 p50=   97.49 p95=  128.62 p99=  207.99 rps=  97.37
  s2s.crud.fetchAllTickets                      n= 2921 err=   0 errRate=  0.00% avg=   81.01 min=   13.64 max=  314.85 p50=   97.01 p95=  125.90 p99=  202.56 rps=  97.37
  s2s.crud.fetchFilms                           n=    1 err=   0 errRate=  0.00% avg=  124.73 min=  124.73 max=  124.73 p50=  124.73 p95=  124.73 p99=  124.73 rps=   0.03
window 1m
  calc.additional.maxViewersSummary             n= 7485 err=   0 errRate=  0.00% avg=   81.49 min=   13.67 max=  320.61 p50=   96.39 p95=  139.30 p99=  204.13 rps= 124.75
  controller.AnalyticsController.maxViewersSummary n= 7485 err=   0 errRate=  0.00% avg=   81.85 min=   13.84 max=  320.72 p50=   96.69 p95=  141.97 p99=  204.46 rps= 124.75
  s2s.crud.fetchAllTickets                      n= 7485 err=   0 errRate=  0.00% avg=   80.75 min=   13.64 max=  314.85 p50=   96.22 p95=  128.88 p99=  200.36 rps= 124.75
  s2s.crud.fetchFilms                           n=    2 err=   0 errRate=  0.00% avg=  169.60 min=  124.73 max=  214.47 p50=  169.60 p95=  209.98 p99=  213.57 rps=   0.03

2026-05-05T23:01:28.742Z  INFO 1 --- [lab8-additional-service] [   scheduling-1] r.h.l.a.service.FilmCacheService         : film-cache stats: size=300 ttlMs=30000 lastRefreshAtMs=1778022086063 hits=14246 misses=5 refreshes=5
2026-05-05T23:01:29.051Z  INFO 1 --- [lab8-additional-service] [   scheduling-1] r.h.l.a.o.ObservabilityService           : [lab8-additional-service] observability refresh
window 10s
  calc.additional.maxViewersSummary             n= 1111 err=   0 errRate=  0.00% avg=   72.38 min=   13.67 max=  320.61 p50=   90.93 p95=  119.15 p99=  208.07 rps= 111.10
  controller.AnalyticsController.maxViewersSummary n= 1111 err=   0 errRate=  0.00% avg=   72.76 min=   13.84 max=  320.72 p50=   91.28 p95=  119.40 p99=  208.39 rps= 111.10
  s2s.crud.fetchAllTickets                      n= 1111 err=   0 errRate=  0.00% avg=   70.17 min=   13.64 max=  212.36 p50=   90.33 p95=  116.03 p99=  181.57 rps= 111.10
  s2s.crud.fetchFilms                           n=    1 err=   0 errRate=  0.00% avg=  124.73 min=  124.73 max=  124.73 p50=  124.73 p95=  124.73 p99=  124.73 rps=   0.10
window 30s
  calc.additional.maxViewersSummary             n= 2920 err=   0 errRate=  0.00% avg=   81.58 min=   13.67 max=  320.61 p50=   97.01 p95=  127.85 p99=  205.99 rps=  97.33
  controller.AnalyticsController.maxViewersSummary n= 2920 err=   0 errRate=  0.00% avg=   81.89 min=   13.84 max=  320.72 p50=   97.34 p95=  127.96 p99=  207.54 rps=  97.33
  s2s.crud.fetchAllTickets                      n= 2920 err=   0 errRate=  0.00% avg=   80.70 min=   13.64 max=  314.85 p50=   96.89 p95=  125.57 p99=  202.26 rps=  97.33
  s2s.crud.fetchFilms                           n=    1 err=   0 errRate=  0.00% avg=  124.73 min=  124.73 max=  124.73 p50=  124.73 p95=  124.73 p99=  124.73 rps=   0.03
window 1m
  calc.additional.maxViewersSummary             n= 7428 err=   0 errRate=  0.00% avg=   81.37 min=   13.67 max=  320.61 p50=   96.41 p95=  132.10 p99=  203.76 rps= 123.80
  controller.AnalyticsController.maxViewersSummary n= 7428 err=   0 errRate=  0.00% avg=   81.73 min=   13.84 max=  320.72 p50=   96.70 p95=  133.02 p99=  204.41 rps= 123.80
  s2s.crud.fetchAllTickets                      n= 7428 err=   0 errRate=  0.00% avg=   80.62 min=   13.64 max=  314.85 p50=   96.25 p95=  127.53 p99=  199.80 rps= 123.80
  s2s.crud.fetchFilms                           n=    2 err=   0 errRate=  0.00% avg=  169.60 min=  124.73 max=  214.47 p50=  169.60 p95=  209.98 p99=  213.57 rps=   0.03

2026-05-05T23:01:30.056Z  INFO 1 --- [lab8-additional-service] [   scheduling-1] r.h.l.a.o.ObservabilityService           : [lab8-additional-service] observability refresh
window 10s
  calc.additional.maxViewersSummary             n= 1077 err=   0 errRate=  0.00% avg=   73.60 min=   13.67 max=  320.61 p50=   92.43 p95=  122.58 p99=  208.13 rps= 107.70
  controller.AnalyticsController.maxViewersSummary n= 1077 err=   0 errRate=  0.00% avg=   73.99 min=   13.84 max=  320.72 p50=   92.58 p95=  122.73 p99=  208.44 rps= 107.70
  s2s.crud.fetchAllTickets                      n= 1077 err=   0 errRate=  0.00% avg=   71.33 min=   13.64 max=  212.36 p50=   91.77 p95=  116.89 p99=  188.87 rps= 107.70
  s2s.crud.fetchFilms                           n=    1 err=   0 errRate=  0.00% avg=  124.73 min=  124.73 max=  124.73 p50=  124.73 p95=  124.73 p99=  124.73 rps=   0.10
window 30s
  calc.additional.maxViewersSummary             n= 2923 err=   0 errRate=  0.00% avg=   81.16 min=   13.67 max=  320.61 p50=   96.96 p95=  126.81 p99=  204.08 rps=  97.43
  controller.AnalyticsController.maxViewersSummary n= 2923 err=   0 errRate=  0.00% avg=   81.47 min=   13.84 max=  320.72 p50=   97.27 p95=  126.92 p99=  204.80 rps=  97.43
  s2s.crud.fetchAllTickets                      n= 2923 err=   0 errRate=  0.00% avg=   80.28 min=   13.64 max=  232.64 p50=   96.81 p95=  124.12 p99=  198.96 rps=  97.43
  s2s.crud.fetchFilms                           n=    1 err=   0 errRate=  0.00% avg=  124.73 min=  124.73 max=  124.73 p50=  124.73 p95=  124.73 p99=  124.73 rps=   0.03
window 1m
  calc.additional.maxViewersSummary             n= 7353 err=   0 errRate=  0.00% avg=   81.40 min=   13.67 max=  320.61 p50=   96.43 p95=  133.35 p99=  204.03 rps= 122.55
  controller.AnalyticsController.maxViewersSummary n= 7353 err=   0 errRate=  0.00% avg=   81.76 min=   13.84 max=  320.72 p50=   96.74 p95=  133.83 p99=  204.43 rps= 122.55
  s2s.crud.fetchAllTickets                      n= 7353 err=   0 errRate=  0.00% avg=   80.65 min=   13.64 max=  314.85 p50=   96.31 p95=  127.78 p99=  199.75 rps= 122.55
  s2s.crud.fetchFilms                           n=    2 err=   0 errRate=  0.00% avg=  169.60 min=  124.73 max=  214.47 p50=  169.60 p95=  209.98 p99=  213.57 rps=   0.03

2026-05-05T23:01:31.062Z  INFO 1 --- [lab8-additional-service] [   scheduling-1] r.h.l.a.o.ObservabilityService           : [lab8-additional-service] observability refresh
window 10s
  calc.additional.maxViewersSummary             n= 1066 err=   0 errRate=  0.00% avg=   73.64 min=   13.67 max=  320.61 p50=   92.85 p95=  120.47 p99=  208.15 rps= 106.60
  controller.AnalyticsController.maxViewersSummary n= 1067 err=   0 errRate=  0.00% avg=   74.04 min=   13.84 max=  320.72 p50=   93.11 p95=  120.51 p99=  208.46 rps= 106.70
  s2s.crud.fetchAllTickets                      n= 1066 err=   0 errRate=  0.00% avg=   71.35 min=   13.64 max=  212.36 p50=   92.50 p95=  115.87 p99=  189.67 rps= 106.60
  s2s.crud.fetchFilms                           n=    1 err=   0 errRate=  0.00% avg=  124.73 min=  124.73 max=  124.73 p50=  124.73 p95=  124.73 p99=  124.73 rps=   0.10
window 30s
  calc.additional.maxViewersSummary             n= 2934 err=   0 errRate=  0.00% avg=   80.92 min=   13.67 max=  320.61 p50=   96.95 p95=  125.74 p99=  202.52 rps=  97.80
  controller.AnalyticsController.maxViewersSummary n= 2934 err=   0 errRate=  0.00% avg=   81.23 min=   13.84 max=  320.72 p50=   97.26 p95=  126.11 p99=  203.11 rps=  97.80
  s2s.crud.fetchAllTickets                      n= 2934 err=   0 errRate=  0.00% avg=   80.04 min=   13.64 max=  232.64 p50=   96.80 p95=  123.38 p99=  197.77 rps=  97.80
  s2s.crud.fetchFilms                           n=    1 err=   0 errRate=  0.00% avg=  124.73 min=  124.73 max=  124.73 p50=  124.73 p95=  124.73 p99=  124.73 rps=   0.03
window 1m
  calc.additional.maxViewersSummary             n= 7279 err=   0 errRate=  0.00% avg=   81.44 min=   13.67 max=  320.61 p50=   96.52 p95=  132.22 p99=  203.99 rps= 121.32
  controller.AnalyticsController.maxViewersSummary n= 7279 err=   0 errRate=  0.00% avg=   81.79 min=   13.84 max=  320.72 p50=   96.78 p95=  132.86 p99=  204.43 rps= 121.32
  s2s.crud.fetchAllTickets                      n= 7279 err=   0 errRate=  0.00% avg=   80.68 min=   13.64 max=  314.85 p50=   96.35 p95=  127.52 p99=  199.70 rps= 121.32
  s2s.crud.fetchFilms                           n=    2 err=   0 errRate=  0.00% avg=  169.60 min=  124.73 max=  214.47 p50=  169.60 p95=  209.98 p99=  213.57 rps=   0.03

2026-05-05T23:01:32.073Z  INFO 1 --- [lab8-additional-service] [   scheduling-1] r.h.l.a.o.ObservabilityService           : [lab8-additional-service] observability refresh
window 10s
  calc.additional.maxViewersSummary             n= 1072 err=   0 errRate=  0.00% avg=   73.60 min=   13.67 max=  320.61 p50=   92.86 p95=  119.28 p99=  208.14 rps= 107.20
  controller.AnalyticsController.maxViewersSummary n= 1072 err=   0 errRate=  0.00% avg=   73.98 min=   13.84 max=  320.72 p50=   93.48 p95=  119.44 p99=  208.45 rps= 107.20
  s2s.crud.fetchAllTickets                      n= 1072 err=   0 errRate=  0.00% avg=   71.32 min=   13.64 max=  212.36 p50=   92.52 p95=  116.47 p99=  188.52 rps= 107.20
  s2s.crud.fetchFilms                           n=    1 err=   0 errRate=  0.00% avg=  124.73 min=  124.73 max=  124.73 p50=  124.73 p95=  124.73 p99=  124.73 rps=   0.10
window 30s
  calc.additional.maxViewersSummary             n= 2933 err=   0 errRate=  0.00% avg=   80.82 min=   13.67 max=  320.61 p50=   96.90 p95=  123.98 p99=  200.34 rps=  97.77
  controller.AnalyticsController.maxViewersSummary n= 2933 err=   0 errRate=  0.00% avg=   81.13 min=   13.84 max=  320.72 p50=   97.21 p95=  124.22 p99=  201.85 rps=  97.77
  s2s.crud.fetchAllTickets                      n= 2933 err=   0 errRate=  0.00% avg=   79.95 min=   13.64 max=  232.64 p50=   96.79 p95=  122.08 p99=  197.51 rps=  97.77
  s2s.crud.fetchFilms                           n=    1 err=   0 errRate=  0.00% avg=  124.73 min=  124.73 max=  124.73 p50=  124.73 p95=  124.73 p99=  124.73 rps=   0.03
window 1m
  calc.additional.maxViewersSummary             n= 7225 err=   0 errRate=  0.00% avg=   81.39 min=   13.67 max=  320.61 p50=   96.56 p95=  130.57 p99=  204.07 rps= 120.42
  controller.AnalyticsController.maxViewersSummary n= 7225 err=   0 errRate=  0.00% avg=   81.74 min=   13.84 max=  320.72 p50=   96.84 p95=  131.49 p99=  204.43 rps= 120.42
  s2s.crud.fetchAllTickets                      n= 7225 err=   0 errRate=  0.00% avg=   80.62 min=   13.64 max=  314.85 p50=   96.39 p95=  126.77 p99=  199.81 rps= 120.42
  s2s.crud.fetchFilms                           n=    2 err=   0 errRate=  0.00% avg=  169.60 min=  124.73 max=  214.47 p50=  169.60 p95=  209.98 p99=  213.57 rps=   0.03

2026-05-05T23:01:33.080Z  INFO 1 --- [lab8-additional-service] [   scheduling-1] r.h.l.a.o.ObservabilityService           : [lab8-additional-service] observability refresh
window 10s
  calc.additional.maxViewersSummary             n= 1090 err=   0 errRate=  0.00% avg=   71.19 min=   13.67 max=  320.61 p50=   89.35 p95=  120.80 p99=  208.11 rps= 109.00
  controller.AnalyticsController.maxViewersSummary n= 1090 err=   0 errRate=  0.00% avg=   71.57 min=   13.84 max=  320.72 p50=   89.52 p95=  121.08 p99=  208.42 rps= 109.00
  s2s.crud.fetchAllTickets                      n= 1090 err=   0 errRate=  0.00% avg=   68.96 min=   13.64 max=  212.36 p50=   88.11 p95=  116.91 p99=  188.50 rps= 109.00
  s2s.crud.fetchFilms                           n=    1 err=   0 errRate=  0.00% avg=  124.73 min=  124.73 max=  124.73 p50=  124.73 p95=  124.73 p99=  124.73 rps=   0.10
window 30s
  calc.additional.maxViewersSummary             n= 2986 err=   0 errRate=  0.00% avg=   79.49 min=   13.67 max=  320.61 p50=   96.53 p95=  123.14 p99=  200.14 rps=  99.53
  controller.AnalyticsController.maxViewersSummary n= 2986 err=   0 errRate=  0.00% avg=   79.80 min=   13.84 max=  320.72 p50=   96.84 p95=  123.26 p99=  201.18 rps=  99.53
  s2s.crud.fetchAllTickets                      n= 2986 err=   0 errRate=  0.00% avg=   78.63 min=   13.64 max=  232.64 p50=   96.40 p95=  121.23 p99=  197.13 rps=  99.53
  s2s.crud.fetchFilms                           n=    1 err=   0 errRate=  0.00% avg=  124.73 min=  124.73 max=  124.73 p50=  124.73 p95=  124.73 p99=  124.73 rps=   0.03
window 1m
  calc.additional.maxViewersSummary             n= 7207 err=   0 errRate=  0.00% avg=   80.79 min=   13.67 max=  320.61 p50=   96.38 p95=  129.29 p99=  203.24 rps= 120.12
  controller.AnalyticsController.maxViewersSummary n= 7207 err=   0 errRate=  0.00% avg=   81.14 min=   13.84 max=  320.72 p50=   96.68 p95=  130.16 p99=  204.30 rps= 120.12
  s2s.crud.fetchAllTickets                      n= 7207 err=   0 errRate=  0.00% avg=   80.02 min=   13.64 max=  314.85 p50=   96.20 p95=  126.22 p99=  199.21 rps= 120.12
  s2s.crud.fetchFilms                           n=    2 err=   0 errRate=  0.00% avg=  169.60 min=  124.73 max=  214.47 p50=  169.60 p95=  209.98 p99=  213.57 rps=   0.03

2026-05-05T23:01:34.085Z  INFO 1 --- [lab8-additional-service] [   scheduling-1] r.h.l.a.o.ObservabilityService           : [lab8-additional-service] observability refresh
window 10s
  calc.additional.maxViewersSummary             n= 1106 err=   0 errRate=  0.00% avg=   67.81 min=   13.67 max=  320.61 p50=   69.64 p95=  120.61 p99=  208.08 rps= 110.60
  controller.AnalyticsController.maxViewersSummary n= 1106 err=   0 errRate=  0.00% avg=   68.18 min=   13.84 max=  320.72 p50=   70.42 p95=  120.83 p99=  208.40 rps= 110.60
  s2s.crud.fetchAllTickets                      n= 1106 err=   0 errRate=  0.00% avg=   65.61 min=   13.64 max=  212.36 p50=   68.84 p95=  116.78 p99=  187.80 rps= 110.60
  s2s.crud.fetchFilms                           n=    1 err=   0 errRate=  0.00% avg=  124.73 min=  124.73 max=  124.73 p50=  124.73 p95=  124.73 p99=  124.73 rps=   0.10
window 30s
  calc.additional.maxViewersSummary             n= 3019 err=   0 errRate=  0.00% avg=   77.29 min=   13.67 max=  320.61 p50=   95.91 p95=  122.29 p99=  200.05 rps= 100.63
  controller.AnalyticsController.maxViewersSummary n= 3019 err=   0 errRate=  0.00% avg=   77.59 min=   13.84 max=  320.72 p50=   96.18 p95=  122.45 p99=  200.90 rps= 100.63
  s2s.crud.fetchAllTickets                      n= 3019 err=   0 errRate=  0.00% avg=   76.44 min=   13.64 max=  232.64 p50=   95.79 p95=  120.83 p99=  197.03 rps= 100.63
  s2s.crud.fetchFilms                           n=    1 err=   0 errRate=  0.00% avg=  124.73 min=  124.73 max=  124.73 p50=  124.73 p95=  124.73 p99=  124.73 rps=   0.03
window 1m
  calc.additional.maxViewersSummary             n= 7187 err=   0 errRate=  0.00% avg=   79.85 min=   13.67 max=  320.61 p50=   96.14 p95=  128.91 p99=  203.34 rps= 119.78
  controller.AnalyticsController.maxViewersSummary n= 7187 err=   0 errRate=  0.00% avg=   80.20 min=   13.84 max=  320.72 p50=   96.37 p95=  129.28 p99=  204.37 rps= 119.78
  s2s.crud.fetchAllTickets                      n= 7187 err=   0 errRate=  0.00% avg=   79.08 min=   13.64 max=  314.85 p50=   96.02 p95=  125.81 p99=  199.25 rps= 119.78
  s2s.crud.fetchFilms                           n=    2 err=   0 errRate=  0.00% avg=  169.60 min=  124.73 max=  214.47 p50=  169.60 p95=  209.98 p99=  213.57 rps=   0.03

2026-05-05T23:01:35.138Z  INFO 1 --- [lab8-additional-service] [   scheduling-1] r.h.l.a.o.ObservabilityService           : [lab8-additional-service] observability refresh
window 10s
  calc.additional.maxViewersSummary             n= 1119 err=   0 errRate=  0.00% avg=   65.85 min=   13.67 max=  320.61 p50=   61.70 p95=  119.26 p99=  207.01 rps= 111.90
  controller.AnalyticsController.maxViewersSummary n= 1119 err=   0 errRate=  0.00% avg=   66.30 min=   13.84 max=  320.72 p50=   63.98 p95=  119.43 p99=  208.19 rps= 111.90
  s2s.crud.fetchAllTickets                      n= 1119 err=   0 errRate=  0.00% avg=   63.63 min=   13.64 max=  198.97 p50=   61.20 p95=  115.62 p99=  142.80 rps= 111.90
  s2s.crud.fetchFilms                           n=    1 err=   0 errRate=  0.00% avg=  124.73 min=  124.73 max=  124.73 p50=  124.73 p95=  124.73 p99=  124.73 rps=   0.10
window 30s
  calc.additional.maxViewersSummary             n= 3044 err=   0 errRate=  0.00% avg=   76.24 min=   13.67 max=  320.61 p50=   95.25 p95=  121.47 p99=  198.95 rps= 101.47
  controller.AnalyticsController.maxViewersSummary n= 3044 err=   0 errRate=  0.00% avg=   76.58 min=   13.84 max=  320.72 p50=   95.51 p95=  121.72 p99=  199.13 rps= 101.47
  s2s.crud.fetchAllTickets                      n= 3044 err=   0 errRate=  0.00% avg=   75.39 min=   13.64 max=  232.64 p50=   95.15 p95=  119.66 p99=  195.68 rps= 101.47
  s2s.crud.fetchFilms                           n=    1 err=   0 errRate=  0.00% avg=  124.73 min=  124.73 max=  124.73 p50=  124.73 p95=  124.73 p99=  124.73 rps=   0.03
window 1m
  calc.additional.maxViewersSummary             n= 7142 err=   0 errRate=  0.00% avg=   79.47 min=   13.67 max=  320.61 p50=   95.86 p95=  127.82 p99=  203.66 rps= 119.03
  controller.AnalyticsController.maxViewersSummary n= 7142 err=   0 errRate=  0.00% avg=   79.82 min=   13.84 max=  320.72 p50=   96.15 p95=  128.55 p99=  204.40 rps= 119.03
  s2s.crud.fetchAllTickets                      n= 7142 err=   0 errRate=  0.00% avg=   78.69 min=   13.64 max=  314.85 p50=   95.71 p95=  125.51 p99=  199.34 rps= 119.03
  s2s.crud.fetchFilms                           n=    2 err=   0 errRate=  0.00% avg=  169.60 min=  124.73 max=  214.47 p50=  169.60 p95=  209.98 p99=  213.57 rps=   0.03

2026-05-05T23:01:36.146Z  INFO 1 --- [lab8-additional-service] [   scheduling-1] r.h.l.a.o.ObservabilityService           : [lab8-additional-service] observability refresh
window 10s
  calc.additional.maxViewersSummary             n= 1132 err=   0 errRate=  0.00% avg=   65.57 min=   13.67 max=  320.61 p50=   61.08 p95=  119.11 p99=  206.41 rps= 113.20
  controller.AnalyticsController.maxViewersSummary n= 1132 err=   0 errRate=  0.00% avg=   65.99 min=   13.84 max=  320.72 p50=   62.41 p95=  119.28 p99=  208.18 rps= 113.20
  s2s.crud.fetchAllTickets                      n= 1132 err=   0 errRate=  0.00% avg=   63.37 min=   13.64 max=  201.77 p50=   59.94 p95=  115.71 p99=  142.77 rps= 113.20
  s2s.crud.fetchFilms                           n=    1 err=   0 errRate=  0.00% avg=  124.73 min=  124.73 max=  124.73 p50=  124.73 p95=  124.73 p99=  124.73 rps=   0.10
window 30s
  calc.additional.maxViewersSummary             n= 3058 err=   0 errRate=  0.00% avg=   76.05 min=   13.67 max=  320.61 p50=   94.75 p95=  121.37 p99=  199.00 rps= 101.93
  controller.AnalyticsController.maxViewersSummary n= 3058 err=   0 errRate=  0.00% avg=   76.41 min=   13.84 max=  320.72 p50=   95.19 p95=  121.51 p99=  199.16 rps= 101.93
  s2s.crud.fetchAllTickets                      n= 3058 err=   0 errRate=  0.00% avg=   75.20 min=   13.64 max=  232.64 p50=   94.48 p95=  119.64 p99=  196.45 rps= 101.93
  s2s.crud.fetchFilms                           n=    1 err=   0 errRate=  0.00% avg=  124.73 min=  124.73 max=  124.73 p50=  124.73 p95=  124.73 p99=  124.73 rps=   0.03
window 1m
  calc.additional.maxViewersSummary             n= 7078 err=   0 errRate=  0.00% avg=   79.59 min=   13.67 max=  320.61 p50=   95.82 p95=  129.04 p99=  203.99 rps= 117.97
  controller.AnalyticsController.maxViewersSummary n= 7078 err=   0 errRate=  0.00% avg=   79.95 min=   13.84 max=  320.72 p50=   96.07 p95=  129.36 p99=  204.43 rps= 117.97
  s2s.crud.fetchAllTickets                      n= 7078 err=   0 errRate=  0.00% avg=   78.81 min=   13.64 max=  314.85 p50=   95.65 p95=  125.81 p99=  199.62 rps= 117.97
  s2s.crud.fetchFilms                           n=    2 err=   0 errRate=  0.00% avg=  169.60 min=  124.73 max=  214.47 p50=  169.60 p95=  209.98 p99=  213.57 rps=   0.03

2026-05-05T23:01:37.152Z  INFO 1 --- [lab8-additional-service] [   scheduling-1] r.h.l.a.o.ObservabilityService           : [lab8-additional-service] observability refresh
window 10s
  calc.additional.maxViewersSummary             n= 1122 err=   0 errRate=  0.00% avg=   62.88 min=   13.80 max=  202.14 p50=   57.08 p95=  114.10 p99=  134.30 rps= 112.20
  controller.AnalyticsController.maxViewersSummary n= 1122 err=   0 errRate=  0.00% avg=   63.33 min=   13.90 max=  202.32 p50=   59.99 p95=  114.68 p99=  134.42 rps= 112.20
  s2s.crud.fetchAllTickets                      n= 1122 err=   0 errRate=  0.00% avg=   62.75 min=   13.77 max=  201.77 p50=   56.56 p95=  113.86 p99=  132.13 rps= 112.20
window 30s
  calc.additional.maxViewersSummary             n= 3111 err=   0 errRate=  0.00% avg=   73.50 min=   13.67 max=  320.61 p50=   92.83 p95=  120.52 p99=  198.99 rps= 103.70
  controller.AnalyticsController.maxViewersSummary n= 3111 err=   0 errRate=  0.00% avg=   73.87 min=   13.84 max=  320.72 p50=   92.99 p95=  120.88 p99=  199.14 rps= 103.70
  s2s.crud.fetchAllTickets                      n= 3111 err=   0 errRate=  0.00% avg=   72.65 min=   13.64 max=  232.64 p50=   92.63 p95=  119.25 p99=  194.53 rps= 103.70
  s2s.crud.fetchFilms                           n=    1 err=   0 errRate=  0.00% avg=  124.73 min=  124.73 max=  124.73 p50=  124.73 p95=  124.73 p99=  124.73 rps=   0.03
window 1m
  calc.additional.maxViewersSummary             n= 7065 err=   0 errRate=  0.00% avg=   78.44 min=   13.67 max=  320.61 p50=   95.32 p95=  127.55 p99=  204.01 rps= 117.75
  controller.AnalyticsController.maxViewersSummary n= 7065 err=   0 errRate=  0.00% avg=   78.81 min=   13.84 max=  320.72 p50=   95.63 p95=  127.83 p99=  204.43 rps= 117.75
  s2s.crud.fetchAllTickets                      n= 7065 err=   0 errRate=  0.00% avg=   77.65 min=   13.64 max=  314.85 p50=   95.18 p95=  124.40 p99=  199.63 rps= 117.75
  s2s.crud.fetchFilms                           n=    2 err=   0 errRate=  0.00% avg=  169.60 min=  124.73 max=  214.47 p50=  169.60 p95=  209.98 p99=  213.57 rps=   0.03

2026-05-05T23:01:38.158Z  INFO 1 --- [lab8-additional-service] [   scheduling-1] r.h.l.a.o.ObservabilityService           : [lab8-additional-service] observability refresh
window 10s
  calc.additional.maxViewersSummary             n= 1140 err=   0 errRate=  0.00% avg=   62.58 min=   13.71 max=  202.14 p50=   59.87 p95=  113.42 p99=  133.94 rps= 114.00
  controller.AnalyticsController.maxViewersSummary n= 1140 err=   0 errRate=  0.00% avg=   63.00 min=   13.81 max=  202.32 p50=   62.04 p95=  113.61 p99=  134.05 rps= 114.00
  s2s.crud.fetchAllTickets                      n= 1140 err=   0 errRate=  0.00% avg=   62.46 min=   13.68 max=  201.77 p50=   59.83 p95=  113.37 p99=  131.66 rps= 114.00
window 30s
  calc.additional.maxViewersSummary             n= 3164 err=   0 errRate=  0.00% avg=   72.31 min=   13.67 max=  320.61 p50=   91.68 p95=  119.88 p99=  198.68 rps= 105.47
  controller.AnalyticsController.maxViewersSummary n= 3164 err=   0 errRate=  0.00% avg=   72.68 min=   13.81 max=  320.72 p50=   91.98 p95=  120.14 p99=  198.80 rps= 105.47
  s2s.crud.fetchAllTickets                      n= 3164 err=   0 errRate=  0.00% avg=   71.47 min=   13.64 max=  232.64 p50=   91.31 p95=  118.99 p99=  193.99 rps= 105.47
  s2s.crud.fetchFilms                           n=    1 err=   0 errRate=  0.00% avg=  124.73 min=  124.73 max=  124.73 p50=  124.73 p95=  124.73 p99=  124.73 rps=   0.03
window 1m
  calc.additional.maxViewersSummary             n= 7054 err=   0 errRate=  0.00% avg=   77.94 min=   13.67 max=  320.61 p50=   95.08 p95=  127.11 p99=  204.03 rps= 117.57
  controller.AnalyticsController.maxViewersSummary n= 7054 err=   0 errRate=  0.00% avg=   78.30 min=   13.81 max=  320.72 p50=   95.39 p95=  127.54 p99=  204.43 rps= 117.57
  s2s.crud.fetchAllTickets                      n= 7054 err=   0 errRate=  0.00% avg=   77.14 min=   13.64 max=  314.85 p50=   94.89 p95=  124.02 p99=  199.63 rps= 117.57
  s2s.crud.fetchFilms                           n=    2 err=   0 errRate=  0.00% avg=  169.60 min=  124.73 max=  214.47 p50=  169.60 p95=  209.98 p99=  213.57 rps=   0.03

2026-05-05T23:01:38.742Z  INFO 1 --- [lab8-additional-service] [   scheduling-1] r.h.l.a.service.FilmCacheService         : film-cache stats: size=300 ttlMs=30000 lastRefreshAtMs=1778022086063 hits=15392 misses=5 refreshes=5
2026-05-05T23:01:39.169Z  INFO 1 --- [lab8-additional-service] [   scheduling-1] r.h.l.a.o.ObservabilityService           : [lab8-additional-service] observability refresh
window 10s
  calc.additional.maxViewersSummary             n= 1152 err=   0 errRate=  0.00% avg=   60.95 min=   13.71 max=  204.89 p50=   49.91 p95=  111.89 p99=  123.83 rps= 115.20
  controller.AnalyticsController.maxViewersSummary n= 1153 err=   0 errRate=  0.00% avg=   61.40 min=   13.81 max=  204.99 p50=   52.02 p95=  112.06 p99=  123.94 rps= 115.30
  s2s.crud.fetchAllTickets                      n= 1152 err=   0 errRate=  0.00% avg=   60.83 min=   13.68 max=  204.86 p50=   49.40 p95=  111.85 p99=  122.74 rps= 115.20
window 30s
  calc.additional.maxViewersSummary             n= 3178 err=   0 errRate=  0.00% avg=   71.96 min=   13.67 max=  320.61 p50=   90.86 p95=  119.82 p99=  199.11 rps= 105.93
  controller.AnalyticsController.maxViewersSummary n= 3178 err=   0 errRate=  0.00% avg=   72.33 min=   13.81 max=  320.72 p50=   91.18 p95=  119.98 p99=  199.45 rps= 105.93
  s2s.crud.fetchAllTickets                      n= 3178 err=   0 errRate=  0.00% avg=   71.13 min=   13.64 max=  232.64 p50=   90.58 p95=  118.70 p99=  195.12 rps= 105.93
  s2s.crud.fetchFilms                           n=    1 err=   0 errRate=  0.00% avg=  124.73 min=  124.73 max=  124.73 p50=  124.73 p95=  124.73 p99=  124.73 rps=   0.03
window 1m
  calc.additional.maxViewersSummary             n= 6977 err=   0 errRate=  0.00% avg=   77.89 min=   13.67 max=  320.61 p50=   95.09 p95=  126.70 p99=  204.30 rps= 116.28
  controller.AnalyticsController.maxViewersSummary n= 6977 err=   0 errRate=  0.00% avg=   78.26 min=   13.81 max=  320.72 p50=   95.42 p95=  126.92 p99=  204.67 rps= 116.28
  s2s.crud.fetchAllTickets                      n= 6977 err=   0 errRate=  0.00% avg=   77.09 min=   13.64 max=  314.85 p50=   94.89 p95=  123.80 p99=  200.09 rps= 116.28
  s2s.crud.fetchFilms                           n=    2 err=   0 errRate=  0.00% avg=  169.60 min=  124.73 max=  214.47 p50=  169.60 p95=  209.98 p99=  213.57 rps=   0.03

2026-05-05T23:01:40.177Z  INFO 1 --- [lab8-additional-service] [   scheduling-1] r.h.l.a.o.ObservabilityService           : [lab8-additional-service] observability refresh
window 10s
  calc.additional.maxViewersSummary             n= 1154 err=   0 errRate=  0.00% avg=   61.08 min=   13.71 max=  204.89 p50=   52.94 p95=  110.37 p99=  122.07 rps= 115.40
  controller.AnalyticsController.maxViewersSummary n= 1154 err=   0 errRate=  0.00% avg=   61.49 min=   13.81 max=  204.99 p50=   56.99 p95=  110.59 p99=  122.33 rps= 115.40
  s2s.crud.fetchAllTickets                      n= 1154 err=   0 errRate=  0.00% avg=   60.95 min=   13.68 max=  204.86 p50=   51.94 p95=  110.34 p99=  121.25 rps= 115.40
window 30s
  calc.additional.maxViewersSummary             n= 3182 err=   0 errRate=  0.00% avg=   72.07 min=   13.67 max=  320.61 p50=   91.26 p95=  119.51 p99=  199.00 rps= 106.07
  controller.AnalyticsController.maxViewersSummary n= 3182 err=   0 errRate=  0.00% avg=   72.43 min=   13.81 max=  320.72 p50=   91.76 p95=  119.75 p99=  199.12 rps= 106.07
  s2s.crud.fetchAllTickets                      n= 3182 err=   0 errRate=  0.00% avg=   71.23 min=   13.64 max=  232.64 p50=   90.99 p95=  118.37 p99=  193.85 rps= 106.07
  s2s.crud.fetchFilms                           n=    1 err=   0 errRate=  0.00% avg=  124.73 min=  124.73 max=  124.73 p50=  124.73 p95=  124.73 p99=  124.73 rps=   0.03
window 1m
  calc.additional.maxViewersSummary             n= 6889 err=   0 errRate=  0.00% avg=   78.30 min=   13.67 max=  320.61 p50=   95.25 p95=  127.15 p99=  204.45 rps= 114.82
  controller.AnalyticsController.maxViewersSummary n= 6889 err=   0 errRate=  0.00% avg=   78.67 min=   13.81 max=  320.72 p50=   95.55 p95=  127.57 p99=  204.91 rps= 114.82
  s2s.crud.fetchAllTickets                      n= 6889 err=   0 errRate=  0.00% avg=   77.49 min=   13.64 max=  314.85 p50=   95.12 p95=  124.10 p99=  200.36 rps= 114.82
  s2s.crud.fetchFilms                           n=    2 err=   0 errRate=  0.00% avg=  169.60 min=  124.73 max=  214.47 p50=  169.60 p95=  209.98 p99=  213.57 rps=   0.03

2026-05-05T23:01:41.188Z  INFO 1 --- [lab8-additional-service] [   scheduling-1] r.h.l.a.o.ObservabilityService           : [lab8-additional-service] observability refresh
window 10s
  calc.additional.maxViewersSummary             n= 1232 err=   0 errRate=  0.00% avg=   55.83 min=   13.61 max=  206.36 p50=   37.71 p95=  109.34 p99=  122.36 rps= 123.20
  controller.AnalyticsController.maxViewersSummary n= 1232 err=   0 errRate=  0.00% avg=   56.23 min=   13.73 max=  206.67 p50=   38.01 p95=  109.58 p99=  122.70 rps= 123.20
  s2s.crud.fetchAllTickets                      n= 1232 err=   0 errRate=  0.00% avg=   55.72 min=   13.57 max=  206.32 p50=   37.61 p95=  109.31 p99=  122.12 rps= 123.20
window 30s
  calc.additional.maxViewersSummary             n= 3279 err=   0 errRate=  0.00% avg=   69.56 min=   13.61 max=  320.61 p50=   81.66 p95=  119.06 p99=  199.00 rps= 109.30
  controller.AnalyticsController.maxViewersSummary n= 3279 err=   0 errRate=  0.00% avg=   69.92 min=   13.73 max=  320.72 p50=   81.81 p95=  119.16 p99=  199.12 rps= 109.30
  s2s.crud.fetchAllTickets                      n= 3279 err=   0 errRate=  0.00% avg=   68.75 min=   13.57 max=  232.64 p50=   81.12 p95=  117.26 p99=  193.46 rps= 109.30
  s2s.crud.fetchFilms                           n=    1 err=   0 errRate=  0.00% avg=  124.73 min=  124.73 max=  124.73 p50=  124.73 p95=  124.73 p99=  124.73 rps=   0.03
window 1m
  calc.additional.maxViewersSummary             n= 6908 err=   0 errRate=  0.00% avg=   77.14 min=   13.61 max=  320.61 p50=   94.82 p95=  126.59 p99=  204.48 rps= 115.13
  controller.AnalyticsController.maxViewersSummary n= 6908 err=   0 errRate=  0.00% avg=   77.49 min=   13.73 max=  320.72 p50=   95.20 p95=  126.76 p99=  204.93 rps= 115.13
  s2s.crud.fetchAllTickets                      n= 6908 err=   0 errRate=  0.00% avg=   76.33 min=   13.57 max=  314.85 p50=   94.64 p95=  123.60 p99=  200.41 rps= 115.13
  s2s.crud.fetchFilms                           n=    2 err=   0 errRate=  0.00% avg=  169.60 min=  124.73 max=  214.47 p50=  169.60 p95=  209.98 p99=  213.57 rps=   0.03

2026-05-05T23:01:42.237Z  INFO 1 --- [lab8-additional-service] [   scheduling-1] r.h.l.a.o.ObservabilityService           : [lab8-additional-service] observability refresh
window 10s
  calc.additional.maxViewersSummary             n= 1331 err=   0 errRate=  0.00% avg=   48.35 min=   13.53 max=  206.36 p50=   32.50 p95=  106.72 p99=  120.18 rps= 133.10
  controller.AnalyticsController.maxViewersSummary n= 1331 err=   0 errRate=  0.00% avg=   48.73 min=   13.62 max=  206.67 p50=   32.83 p95=  106.92 p99=  120.40 rps= 133.10
  s2s.crud.fetchAllTickets                      n= 1331 err=   0 errRate=  0.00% avg=   48.24 min=   13.49 max=  206.32 p50=   32.46 p95=  106.69 p99=  119.97 rps= 133.10
window 30s
  calc.additional.maxViewersSummary             n= 3384 err=   0 errRate=  0.00% avg=   66.27 min=   13.53 max=  320.61 p50=   67.72 p95=  117.52 p99=  198.18 rps= 112.80
  controller.AnalyticsController.maxViewersSummary n= 3384 err=   0 errRate=  0.00% avg=   66.63 min=   13.62 max=  320.72 p50=   68.41 p95=  117.92 p99=  198.40 rps= 112.80
  s2s.crud.fetchAllTickets                      n= 3384 err=   0 errRate=  0.00% avg=   65.49 min=   13.49 max=  232.64 p50=   67.61 p95=  115.90 p99=  192.10 rps= 112.80
  s2s.crud.fetchFilms                           n=    1 err=   0 errRate=  0.00% avg=  124.73 min=  124.73 max=  124.73 p50=  124.73 p95=  124.73 p99=  124.73 rps=   0.03
window 1m
  calc.additional.maxViewersSummary             n= 6947 err=   0 errRate=  0.00% avg=   75.32 min=   13.53 max=  320.61 p50=   94.06 p95=  124.27 p99=  204.36 rps= 115.78
  controller.AnalyticsController.maxViewersSummary n= 6947 err=   0 errRate=  0.00% avg=   75.67 min=   13.62 max=  320.72 p50=   94.37 p95=  124.60 p99=  204.77 rps= 115.78
  s2s.crud.fetchAllTickets                      n= 6947 err=   0 errRate=  0.00% avg=   74.52 min=   13.49 max=  314.85 p50=   93.90 p95=  122.20 p99=  199.94 rps= 115.78
  s2s.crud.fetchFilms                           n=    2 err=   0 errRate=  0.00% avg=  169.60 min=  124.73 max=  214.47 p50=  169.60 p95=  209.98 p99=  213.57 rps=   0.03

2026-05-05T23:01:43.242Z  INFO 1 --- [lab8-additional-service] [   scheduling-1] r.h.l.a.o.ObservabilityService           : [lab8-additional-service] observability refresh
window 10s
  calc.additional.maxViewersSummary             n= 1347 err=   0 errRate=  0.00% avg=   46.18 min=   13.53 max=  206.36 p50=   30.15 p95=  105.09 p99=  118.90 rps= 134.70
  controller.AnalyticsController.maxViewersSummary n= 1347 err=   0 errRate=  0.00% avg=   46.59 min=   13.62 max=  206.67 p50=   30.47 p95=  105.30 p99=  119.18 rps= 134.70
  s2s.crud.fetchAllTickets                      n= 1347 err=   0 errRate=  0.00% avg=   46.08 min=   13.49 max=  206.32 p50=   30.03 p95=  105.05 p99=  117.63 rps= 134.70
window 30s
  calc.additional.maxViewersSummary             n= 3435 err=   0 errRate=  0.00% avg=   64.49 min=   13.53 max=  320.61 p50=   62.22 p95=  116.57 p99=  197.70 rps= 114.50
  controller.AnalyticsController.maxViewersSummary n= 3435 err=   0 errRate=  0.00% avg=   64.86 min=   13.62 max=  320.72 p50=   62.96 p95=  116.85 p99=  198.14 rps= 114.50
  s2s.crud.fetchAllTickets                      n= 3435 err=   0 errRate=  0.00% avg=   63.72 min=   13.49 max=  232.64 p50=   62.01 p95=  115.34 p99=  190.46 rps= 114.50
  s2s.crud.fetchFilms                           n=    1 err=   0 errRate=  0.00% avg=  124.73 min=  124.73 max=  124.73 p50=  124.73 p95=  124.73 p99=  124.73 rps=   0.03
window 1m
  calc.additional.maxViewersSummary             n= 6932 err=   0 errRate=  0.00% avg=   74.41 min=   13.53 max=  320.61 p50=   93.52 p95=  124.17 p99=  204.39 rps= 115.53
  controller.AnalyticsController.maxViewersSummary n= 6932 err=   0 errRate=  0.00% avg=   74.76 min=   13.62 max=  320.72 p50=   93.83 p95=  124.44 p99=  204.81 rps= 115.53
  s2s.crud.fetchAllTickets                      n= 6932 err=   0 errRate=  0.00% avg=   73.61 min=   13.49 max=  314.85 p50=   93.33 p95=  122.17 p99=  199.96 rps= 115.53
  s2s.crud.fetchFilms                           n=    2 err=   0 errRate=  0.00% avg=  169.60 min=  124.73 max=  214.47 p50=  169.60 p95=  209.98 p99=  213.57 rps=   0.03

2026-05-05T23:01:44.247Z  INFO 1 --- [lab8-additional-service] [   scheduling-1] r.h.l.a.o.ObservabilityService           : [lab8-additional-service] observability refresh
window 10s
  calc.additional.maxViewersSummary             n= 1321 err=   0 errRate=  0.00% avg=   50.21 min=   13.53 max=  206.36 p50=   33.05 p95=  107.62 p99=  125.85 rps= 132.10
  controller.AnalyticsController.maxViewersSummary n= 1321 err=   0 errRate=  0.00% avg=   50.63 min=   13.62 max=  206.67 p50=   33.30 p95=  107.96 p99=  125.99 rps= 132.10
  s2s.crud.fetchAllTickets                      n= 1321 err=   0 errRate=  0.00% avg=   50.10 min=   13.49 max=  206.32 p50=   32.95 p95=  107.52 p99=  125.53 rps= 132.10
window 30s
  calc.additional.maxViewersSummary             n= 3458 err=   0 errRate=  0.00% avg=   64.40 min=   13.53 max=  320.61 p50=   62.72 p95=  115.88 p99=  196.85 rps= 115.27
  controller.AnalyticsController.maxViewersSummary n= 3458 err=   0 errRate=  0.00% avg=   64.76 min=   13.62 max=  320.72 p50=   64.06 p95=  116.24 p99=  197.08 rps= 115.27
  s2s.crud.fetchAllTickets                      n= 3458 err=   0 errRate=  0.00% avg=   63.63 min=   13.49 max=  212.36 p50=   62.58 p95=  114.32 p99=  187.69 rps= 115.27
  s2s.crud.fetchFilms                           n=    1 err=   0 errRate=  0.00% avg=  124.73 min=  124.73 max=  124.73 p50=  124.73 p95=  124.73 p99=  124.73 rps=   0.03
window 1m
  calc.additional.maxViewersSummary             n= 6875 err=   0 errRate=  0.00% avg=   74.24 min=   13.53 max=  320.61 p50=   93.52 p95=  123.69 p99=  203.99 rps= 114.58
  controller.AnalyticsController.maxViewersSummary n= 6875 err=   0 errRate=  0.00% avg=   74.60 min=   13.62 max=  320.72 p50=   93.83 p95=  123.99 p99=  204.48 rps= 114.58
  s2s.crud.fetchAllTickets                      n= 6875 err=   0 errRate=  0.00% avg=   73.44 min=   13.49 max=  314.85 p50=   93.34 p95=  121.74 p99=  199.04 rps= 114.58
  s2s.crud.fetchFilms                           n=    2 err=   0 errRate=  0.00% avg=  169.60 min=  124.73 max=  214.47 p50=  169.60 p95=  209.98 p99=  213.57 rps=   0.03

2026-05-05T23:01:45.252Z  INFO 1 --- [lab8-additional-service] [   scheduling-1] r.h.l.a.o.ObservabilityService           : [lab8-additional-service] observability refresh
window 10s
  calc.additional.maxViewersSummary             n= 1317 err=   0 errRate=  0.00% avg=   50.44 min=   13.53 max=  206.36 p50=   32.27 p95=  108.81 p99=  126.87 rps= 131.70
  controller.AnalyticsController.maxViewersSummary n= 1317 err=   0 errRate=  0.00% avg=   50.78 min=   13.62 max=  206.67 p50=   32.47 p95=  108.94 p99=  126.97 rps= 131.70
  s2s.crud.fetchAllTickets                      n= 1317 err=   0 errRate=  0.00% avg=   50.37 min=   13.49 max=  206.32 p50=   32.22 p95=  108.77 p99=  126.84 rps= 131.70
window 30s
  calc.additional.maxViewersSummary             n= 3478 err=   0 errRate=  0.00% avg=   63.76 min=   13.53 max=  320.61 p50=   60.44 p95=  115.24 p99=  193.41 rps= 115.93
  controller.AnalyticsController.maxViewersSummary n= 3478 err=   0 errRate=  0.00% avg=   64.13 min=   13.62 max=  320.72 p50=   61.90 p95=  115.57 p99=  193.88 rps= 115.93
  s2s.crud.fetchAllTickets                      n= 3478 err=   0 errRate=  0.00% avg=   63.00 min=   13.49 max=  212.36 p50=   60.09 p95=  114.09 p99=  167.48 rps= 115.93
  s2s.crud.fetchFilms                           n=    1 err=   0 errRate=  0.00% avg=  124.73 min=  124.73 max=  124.73 p50=  124.73 p95=  124.73 p99=  124.73 rps=   0.03
window 1m
  calc.additional.maxViewersSummary             n= 6816 err=   0 errRate=  0.00% avg=   74.19 min=   13.53 max=  320.61 p50=   93.52 p95=  123.96 p99=  204.09 rps= 113.60
  controller.AnalyticsController.maxViewersSummary n= 6816 err=   0 errRate=  0.00% avg=   74.54 min=   13.62 max=  320.72 p50=   93.83 p95=  124.14 p99=  204.58 rps= 113.60
  s2s.crud.fetchAllTickets                      n= 6816 err=   0 errRate=  0.00% avg=   73.38 min=   13.49 max=  314.85 p50=   93.34 p95=  121.89 p99=  198.97 rps= 113.60
  s2s.crud.fetchFilms                           n=    2 err=   0 errRate=  0.00% avg=  169.60 min=  124.73 max=  214.47 p50=  169.60 p95=  209.98 p99=  213.57 rps=   0.03

2026-05-05T23:01:46.257Z  INFO 1 --- [lab8-additional-service] [   scheduling-1] r.h.l.a.o.ObservabilityService           : [lab8-additional-service] observability refresh
window 10s
  calc.additional.maxViewersSummary             n= 1301 err=   0 errRate=  0.00% avg=   51.16 min=   13.53 max=  206.36 p50=   31.26 p95=  111.21 p99=  126.72 rps= 130.10
  controller.AnalyticsController.maxViewersSummary n= 1302 err=   0 errRate=  0.00% avg=   51.39 min=   13.62 max=  206.67 p50=   31.32 p95=  111.54 p99=  126.84 rps= 130.20
  s2s.crud.fetchAllTickets                      n= 1301 err=   0 errRate=  0.00% avg=   51.09 min=   13.49 max=  206.32 p50=   31.15 p95=  111.18 p99=  126.69 rps= 130.10
window 30s
  calc.additional.maxViewersSummary             n= 3484 err=   0 errRate=  0.00% avg=   63.72 min=   13.53 max=  320.61 p50=   60.44 p95=  114.62 p99=  193.39 rps= 116.13
  controller.AnalyticsController.maxViewersSummary n= 3484 err=   0 errRate=  0.00% avg=   64.07 min=   13.62 max=  320.72 p50=   61.90 p95=  114.94 p99=  193.87 rps= 116.13
  s2s.crud.fetchAllTickets                      n= 3484 err=   0 errRate=  0.00% avg=   62.96 min=   13.49 max=  212.36 p50=   59.83 p95=  113.86 p99=  147.95 rps= 116.13
  s2s.crud.fetchFilms                           n=    1 err=   0 errRate=  0.00% avg=  124.73 min=  124.73 max=  124.73 p50=  124.73 p95=  124.73 p99=  124.73 rps=   0.03
window 1m
  calc.additional.maxViewersSummary             n= 6744 err=   0 errRate=  0.00% avg=   74.17 min=   13.53 max=  320.61 p50=   93.54 p95=  123.82 p99=  204.30 rps= 112.40
  controller.AnalyticsController.maxViewersSummary n= 6744 err=   0 errRate=  0.00% avg=   74.52 min=   13.62 max=  320.72 p50=   93.84 p95=  124.07 p99=  204.77 rps= 112.40
  s2s.crud.fetchAllTickets                      n= 6744 err=   0 errRate=  0.00% avg=   73.35 min=   13.49 max=  314.85 p50=   93.35 p95=  121.84 p99=  198.90 rps= 112.40
  s2s.crud.fetchFilms                           n=    2 err=   0 errRate=  0.00% avg=  169.60 min=  124.73 max=  214.47 p50=  169.60 p95=  209.98 p99=  213.57 rps=   0.03

2026-05-05T23:01:47.269Z  INFO 1 --- [lab8-additional-service] [   scheduling-1] r.h.l.a.o.ObservabilityService           : [lab8-additional-service] observability refresh
window 10s
  calc.additional.maxViewersSummary             n= 1260 err=   0 errRate=  0.00% avg=   55.00 min=   13.53 max=  206.36 p50=   34.91 p95=  110.74 p99=  126.85 rps= 126.00
  controller.AnalyticsController.maxViewersSummary n= 1260 err=   0 errRate=  0.00% avg=   55.26 min=   13.62 max=  206.67 p50=   35.09 p95=  111.40 p99=  126.98 rps= 126.00
  s2s.crud.fetchAllTickets                      n= 1260 err=   0 errRate=  0.00% avg=   54.96 min=   13.49 max=  206.32 p50=   34.88 p95=  110.70 p99=  126.82 rps= 126.00
window 30s
  calc.additional.maxViewersSummary             n= 3495 err=   0 errRate=  0.00% avg=   63.32 min=   13.53 max=  320.61 p50=   57.38 p95=  114.19 p99=  189.65 rps= 116.50
  controller.AnalyticsController.maxViewersSummary n= 3495 err=   0 errRate=  0.00% avg=   63.68 min=   13.62 max=  320.72 p50=   59.93 p95=  114.41 p99=  190.40 rps= 116.50
  s2s.crud.fetchAllTickets                      n= 3495 err=   0 errRate=  0.00% avg=   62.57 min=   13.49 max=  212.36 p50=   56.79 p95=  113.45 p99=  142.58 rps= 116.50
  s2s.crud.fetchFilms                           n=    1 err=   0 errRate=  0.00% avg=  124.73 min=  124.73 max=  124.73 p50=  124.73 p95=  124.73 p99=  124.73 rps=   0.03
window 1m
  calc.additional.maxViewersSummary             n= 6708 err=   0 errRate=  0.00% avg=   73.78 min=   13.53 max=  320.61 p50=   93.38 p95=  123.14 p99=  204.43 rps= 111.80
  controller.AnalyticsController.maxViewersSummary n= 6708 err=   0 errRate=  0.00% avg=   74.14 min=   13.62 max=  320.72 p50=   93.72 p95=  123.40 p99=  204.88 rps= 111.80
  s2s.crud.fetchAllTickets                      n= 6708 err=   0 errRate=  0.00% avg=   72.96 min=   13.49 max=  314.85 p50=   93.21 p95=  121.44 p99=  198.93 rps= 111.80
  s2s.crud.fetchFilms                           n=    2 err=   0 errRate=  0.00% avg=  169.60 min=  124.73 max=  214.47 p50=  169.60 p95=  209.98 p99=  213.57 rps=   0.03

2026-05-05T23:01:48.277Z  INFO 1 --- [lab8-additional-service] [   scheduling-1] r.h.l.a.o.ObservabilityService           : [lab8-additional-service] observability refresh
window 10s
  calc.additional.maxViewersSummary             n= 1248 err=   0 errRate=  0.00% avg=   55.09 min=   13.53 max=  206.36 p50=   34.84 p95=  112.47 p99=  130.27 rps= 124.80
  controller.AnalyticsController.maxViewersSummary n= 1248 err=   0 errRate=  0.00% avg=   55.36 min=   13.62 max=  206.67 p50=   35.01 p95=  112.80 p99=  130.37 rps= 124.80
  s2s.crud.fetchAllTickets                      n= 1248 err=   0 errRate=  0.00% avg=   55.05 min=   13.49 max=  206.32 p50=   34.81 p95=  112.44 p99=  130.24 rps= 124.80
window 30s
  calc.additional.maxViewersSummary             n= 3505 err=   0 errRate=  0.00% avg=   62.80 min=   13.53 max=  320.61 p50=   51.43 p95=  114.25 p99=  189.61 rps= 116.83
  controller.AnalyticsController.maxViewersSummary n= 3505 err=   0 errRate=  0.00% avg=   63.15 min=   13.62 max=  320.72 p50=   53.45 p95=  114.54 p99=  190.40 rps= 116.83
  s2s.crud.fetchAllTickets                      n= 3505 err=   0 errRate=  0.00% avg=   62.04 min=   13.49 max=  212.36 p50=   50.68 p95=  113.67 p99=  145.79 rps= 116.83
  s2s.crud.fetchFilms                           n=    1 err=   0 errRate=  0.00% avg=  124.73 min=  124.73 max=  124.73 p50=  124.73 p95=  124.73 p99=  124.73 rps=   0.03
window 1m
  calc.additional.maxViewersSummary             n= 6657 err=   0 errRate=  0.00% avg=   73.55 min=   13.53 max=  320.61 p50=   93.43 p95=  122.56 p99=  204.26 rps= 110.95
  controller.AnalyticsController.maxViewersSummary n= 6657 err=   0 errRate=  0.00% avg=   73.88 min=   13.62 max=  320.72 p50=   93.76 p95=  122.79 p99=  204.73 rps= 110.95
  s2s.crud.fetchAllTickets                      n= 6657 err=   0 errRate=  0.00% avg=   72.72 min=   13.49 max=  314.85 p50=   93.22 p95=  120.93 p99=  198.89 rps= 110.95
  s2s.crud.fetchFilms                           n=    2 err=   0 errRate=  0.00% avg=  169.60 min=  124.73 max=  214.47 p50=  169.60 p95=  209.98 p99=  213.57 rps=   0.03

2026-05-05T23:01:48.742Z  INFO 1 --- [lab8-additional-service] [   scheduling-1] r.h.l.a.service.FilmCacheService         : film-cache stats: size=300 ttlMs=30000 lastRefreshAtMs=1778022086063 hits=16638 misses=5 refreshes=5
2026-05-05T23:01:49.283Z  INFO 1 --- [lab8-additional-service] [   scheduling-1] r.h.l.a.o.ObservabilityService           : [lab8-additional-service] observability refresh
window 10s
  calc.additional.maxViewersSummary             n= 1261 err=   0 errRate=  0.00% avg=   54.41 min=   13.53 max=  206.36 p50=   34.91 p95=  111.22 p99=  127.82 rps= 126.10
  controller.AnalyticsController.maxViewersSummary n= 1261 err=   0 errRate=  0.00% avg=   54.68 min=   13.62 max=  206.67 p50=   35.11 p95=  111.57 p99=  127.93 rps= 126.10
  s2s.crud.fetchAllTickets                      n= 1261 err=   0 errRate=  0.00% avg=   54.37 min=   13.49 max=  206.32 p50=   34.87 p95=  111.19 p99=  127.79 rps= 126.10
window 30s
  calc.additional.maxViewersSummary             n= 3516 err=   0 errRate=  0.00% avg=   62.57 min=   13.53 max=  320.61 p50=   49.24 p95=  114.21 p99=  189.54 rps= 117.20
  controller.AnalyticsController.maxViewersSummary n= 3516 err=   0 errRate=  0.00% avg=   62.92 min=   13.62 max=  320.72 p50=   51.60 p95=  114.52 p99=  190.39 rps= 117.20
  s2s.crud.fetchAllTickets                      n= 3516 err=   0 errRate=  0.00% avg=   61.82 min=   13.49 max=  212.36 p50=   49.03 p95=  113.46 p99=  145.66 rps= 117.20
  s2s.crud.fetchFilms                           n=    1 err=   0 errRate=  0.00% avg=  124.73 min=  124.73 max=  124.73 p50=  124.73 p95=  124.73 p99=  124.73 rps=   0.03
window 1m
  calc.additional.maxViewersSummary             n= 6607 err=   0 errRate=  0.00% avg=   73.20 min=   13.53 max=  320.61 p50=   93.23 p95=  122.18 p99=  203.24 rps= 110.12
  controller.AnalyticsController.maxViewersSummary n= 6607 err=   0 errRate=  0.00% avg=   73.53 min=   13.62 max=  320.72 p50=   93.50 p95=  122.39 p99=  204.37 rps= 110.12
  s2s.crud.fetchAllTickets                      n= 6607 err=   0 errRate=  0.00% avg=   72.36 min=   13.49 max=  314.85 p50=   93.01 p95=  120.46 p99=  198.59 rps= 110.12
  s2s.crud.fetchFilms                           n=    2 err=   0 errRate=  0.00% avg=  169.60 min=  124.73 max=  214.47 p50=  169.60 p95=  209.98 p99=  213.57 rps=   0.03

2026-05-05T23:01:50.292Z  INFO 1 --- [lab8-additional-service] [   scheduling-1] r.h.l.a.o.ObservabilityService           : [lab8-additional-service] observability refresh
window 10s
  calc.additional.maxViewersSummary             n= 1311 err=   0 errRate=  0.00% avg=   49.59 min=   13.53 max=  199.28 p50=   32.06 p95=  110.67 p99=  125.88 rps= 131.10
  controller.AnalyticsController.maxViewersSummary n= 1311 err=   0 errRate=  0.00% avg=   49.85 min=   13.62 max=  199.51 p50=   32.24 p95=  110.93 p99=  126.00 rps= 131.10
  s2s.crud.fetchAllTickets                      n= 1311 err=   0 errRate=  0.00% avg=   49.55 min=   13.49 max=  199.23 p50=   32.03 p95=  110.64 p99=  125.85 rps= 131.10
window 30s
  calc.additional.maxViewersSummary             n= 3553 err=   0 errRate=  0.00% avg=   60.76 min=   13.53 max=  320.61 p50=   43.03 p95=  113.82 p99=  188.84 rps= 118.43
  controller.AnalyticsController.maxViewersSummary n= 3553 err=   0 errRate=  0.00% avg=   61.11 min=   13.62 max=  320.72 p50=   43.95 p95=  114.10 p99=  190.14 rps= 118.43
  s2s.crud.fetchAllTickets                      n= 3553 err=   0 errRate=  0.00% avg=   60.02 min=   13.49 max=  212.36 p50=   42.90 p95=  113.02 p99=  142.70 rps= 118.43
  s2s.crud.fetchFilms                           n=    1 err=   0 errRate=  0.00% avg=  124.73 min=  124.73 max=  124.73 p50=  124.73 p95=  124.73 p99=  124.73 rps=   0.03
window 1m
  calc.additional.maxViewersSummary             n= 6596 err=   0 errRate=  0.00% avg=   72.16 min=   13.53 max=  320.61 p50=   92.42 p95=  121.61 p99=  203.20 rps= 109.93
  controller.AnalyticsController.maxViewersSummary n= 6596 err=   0 errRate=  0.00% avg=   72.48 min=   13.62 max=  320.72 p50=   92.74 p95=  121.88 p99=  203.42 rps= 109.93
  s2s.crud.fetchAllTickets                      n= 6596 err=   0 errRate=  0.00% avg=   71.32 min=   13.49 max=  314.85 p50=   92.09 p95=  119.93 p99=  198.54 rps= 109.93
  s2s.crud.fetchFilms                           n=    2 err=   0 errRate=  0.00% avg=  169.60 min=  124.73 max=  214.47 p50=  169.60 p95=  209.98 p99=  213.57 rps=   0.03

2026-05-05T23:01:51.300Z  INFO 1 --- [lab8-additional-service] [   scheduling-1] r.h.l.a.o.ObservabilityService           : [lab8-additional-service] observability refresh
window 10s
  calc.additional.maxViewersSummary             n= 1238 err=   0 errRate=  0.00% avg=   53.94 min=   13.53 max=  199.28 p50=   34.42 p95=  112.53 p99=  131.14 rps= 123.80
  controller.AnalyticsController.maxViewersSummary n= 1238 err=   0 errRate=  0.00% avg=   54.21 min=   13.62 max=  199.51 p50=   34.68 p95=  112.74 p99=  131.24 rps= 123.80
  s2s.crud.fetchAllTickets                      n= 1238 err=   0 errRate=  0.00% avg=   53.90 min=   13.49 max=  199.23 p50=   34.35 p95=  112.50 p99=  131.11 rps= 123.80
window 30s
  calc.additional.maxViewersSummary             n= 3544 err=   0 errRate=  0.00% avg=   60.43 min=   13.53 max=  320.61 p50=   42.70 p95=  113.48 p99=  188.87 rps= 118.13
  controller.AnalyticsController.maxViewersSummary n= 3544 err=   0 errRate=  0.00% avg=   60.77 min=   13.62 max=  320.72 p50=   43.76 p95=  113.83 p99=  190.23 rps= 118.13
  s2s.crud.fetchAllTickets                      n= 3544 err=   0 errRate=  0.00% avg=   59.68 min=   13.49 max=  212.36 p50=   42.64 p95=  112.64 p99=  143.88 rps= 118.13
  s2s.crud.fetchFilms                           n=    1 err=   0 errRate=  0.00% avg=  124.73 min=  124.73 max=  124.73 p50=  124.73 p95=  124.73 p99=  124.73 rps=   0.03
window 1m
  calc.additional.maxViewersSummary             n= 6509 err=   0 errRate=  0.00% avg=   72.35 min=   13.53 max=  320.61 p50=   92.69 p95=  122.18 p99=  203.24 rps= 108.48
  controller.AnalyticsController.maxViewersSummary n= 6509 err=   0 errRate=  0.00% avg=   72.68 min=   13.62 max=  320.72 p50=   92.98 p95=  122.37 p99=  204.35 rps= 108.48
  s2s.crud.fetchAllTickets                      n= 6509 err=   0 errRate=  0.00% avg=   71.51 min=   13.49 max=  314.85 p50=   92.42 p95=  120.43 p99=  198.59 rps= 108.48
  s2s.crud.fetchFilms                           n=    2 err=   0 errRate=  0.00% avg=  169.60 min=  124.73 max=  214.47 p50=  169.60 p95=  209.98 p99=  213.57 rps=   0.03

2026-05-05T23:01:52.305Z  INFO 1 --- [lab8-additional-service] [   scheduling-1] r.h.l.a.o.ObservabilityService           : [lab8-additional-service] observability refresh
window 10s
  calc.additional.maxViewersSummary             n= 1228 err=   0 errRate=  0.00% avg=   54.95 min=   13.49 max=  199.28 p50=   34.89 p95=  112.57 p99=  131.20 rps= 122.80
  controller.AnalyticsController.maxViewersSummary n= 1228 err=   0 errRate=  0.00% avg=   55.22 min=   13.58 max=  199.51 p50=   35.12 p95=  112.79 p99=  131.29 rps= 122.80
  s2s.crud.fetchAllTickets                      n= 1228 err=   0 errRate=  0.00% avg=   54.91 min=   13.46 max=  199.23 p50=   34.78 p95=  112.54 p99=  131.17 rps= 122.80
window 30s
  calc.additional.maxViewersSummary             n= 3618 err=   0 errRate=  0.00% avg=   58.09 min=   13.49 max=  320.61 p50=   38.09 p95=  113.24 p99=  188.64 rps= 120.60
  controller.AnalyticsController.maxViewersSummary n= 3618 err=   0 errRate=  0.00% avg=   58.43 min=   13.58 max=  320.72 p50=   38.55 p95=  113.37 p99=  189.91 rps= 120.60
  s2s.crud.fetchAllTickets                      n= 3618 err=   0 errRate=  0.00% avg=   57.36 min=   13.46 max=  212.36 p50=   38.04 p95=  112.26 p99=  142.81 rps= 120.60
  s2s.crud.fetchFilms                           n=    1 err=   0 errRate=  0.00% avg=  124.73 min=  124.73 max=  124.73 p50=  124.73 p95=  124.73 p99=  124.73 rps=   0.03
window 1m
  calc.additional.maxViewersSummary             n= 6514 err=   0 errRate=  0.00% avg=   71.26 min=   13.49 max=  320.61 p50=   91.70 p95=  122.17 p99=  203.24 rps= 108.57
  controller.AnalyticsController.maxViewersSummary n= 6514 err=   0 errRate=  0.00% avg=   71.59 min=   13.58 max=  320.72 p50=   92.06 p95=  122.36 p99=  204.29 rps= 108.57
  s2s.crud.fetchAllTickets                      n= 6514 err=   0 errRate=  0.00% avg=   70.42 min=   13.46 max=  314.85 p50=   91.43 p95=  120.41 p99=  198.59 rps= 108.57
  s2s.crud.fetchFilms                           n=    2 err=   0 errRate=  0.00% avg=  169.60 min=  124.73 max=  214.47 p50=  169.60 p95=  209.98 p99=  213.57 rps=   0.03

2026-05-05T23:01:53.310Z  INFO 1 --- [lab8-additional-service] [   scheduling-1] r.h.l.a.o.ObservabilityService           : [lab8-additional-service] observability refresh
window 10s
  calc.additional.maxViewersSummary             n= 1218 err=   0 errRate=  0.00% avg=   53.35 min=   13.49 max=  199.28 p50=   33.91 p95=  112.63 p99=  131.26 rps= 121.80
  controller.AnalyticsController.maxViewersSummary n= 1218 err=   0 errRate=  0.00% avg=   53.58 min=   13.58 max=  199.51 p50=   34.20 p95=  112.83 p99=  131.35 rps= 121.80
  s2s.crud.fetchAllTickets                      n= 1218 err=   0 errRate=  0.00% avg=   53.31 min=   13.46 max=  199.23 p50=   33.86 p95=  112.59 p99=  131.23 rps= 121.80
window 30s
  calc.additional.maxViewersSummary             n= 3663 err=   0 errRate=  0.00% avg=   55.76 min=   13.49 max=  320.61 p50=   36.14 p95=  112.84 p99=  188.57 rps= 122.10
  controller.AnalyticsController.maxViewersSummary n= 3663 err=   0 errRate=  0.00% avg=   56.10 min=   13.58 max=  320.72 p50=   36.34 p95=  113.10 p99=  189.32 rps= 122.10
  s2s.crud.fetchAllTickets                      n= 3663 err=   0 errRate=  0.00% avg=   55.04 min=   13.46 max=  212.36 p50=   36.08 p95=  112.02 p99=  141.05 rps= 122.10
  s2s.crud.fetchFilms                           n=    1 err=   0 errRate=  0.00% avg=  124.73 min=  124.73 max=  124.73 p50=  124.73 p95=  124.73 p99=  124.73 rps=   0.03
window 1m
  calc.additional.maxViewersSummary             n= 6518 err=   0 errRate=  0.00% avg=   69.68 min=   13.49 max=  320.61 p50=   88.37 p95=  121.31 p99=  203.23 rps= 108.63
  controller.AnalyticsController.maxViewersSummary n= 6520 err=   0 errRate=  0.00% avg=   69.99 min=   13.58 max=  320.72 p50=   88.64 p95=  121.48 p99=  204.23 rps= 108.67
  s2s.crud.fetchAllTickets                      n= 6518 err=   0 errRate=  0.00% avg=   68.84 min=   13.46 max=  314.85 p50=   87.60 p95=  119.65 p99=  198.38 rps= 108.63
  s2s.crud.fetchFilms                           n=    2 err=   0 errRate=  0.00% avg=  169.60 min=  124.73 max=  214.47 p50=  169.60 p95=  209.98 p99=  213.57 rps=   0.03

2026-05-05T23:01:54.314Z  INFO 1 --- [lab8-additional-service] [   scheduling-1] r.h.l.a.o.ObservabilityService           : [lab8-additional-service] observability refresh
window 10s
  calc.additional.maxViewersSummary             n= 1272 err=   0 errRate=  0.00% avg=   49.20 min=   13.49 max=  199.28 p50=   31.83 p95=  110.15 p99=  138.38 rps= 127.20
  controller.AnalyticsController.maxViewersSummary n= 1272 err=   0 errRate=  0.00% avg=   49.42 min=   13.58 max=  199.51 p50=   32.09 p95=  110.42 p99=  138.49 rps= 127.20
  s2s.crud.fetchAllTickets                      n= 1272 err=   0 errRate=  0.00% avg=   49.16 min=   13.46 max=  199.23 p50=   31.61 p95=  110.12 p99=  138.35 rps= 127.20
window 30s
  calc.additional.maxViewersSummary             n= 3700 err=   0 errRate=  0.00% avg=   54.88 min=   13.49 max=  320.61 p50=   35.63 p95=  112.75 p99=  187.91 rps= 123.33
  controller.AnalyticsController.maxViewersSummary n= 3700 err=   0 errRate=  0.00% avg=   55.21 min=   13.58 max=  320.72 p50=   35.86 p95=  112.90 p99=  188.73 rps= 123.33
  s2s.crud.fetchAllTickets                      n= 3700 err=   0 errRate=  0.00% avg=   54.17 min=   13.46 max=  212.36 p50=   35.57 p95=  111.90 p99=  140.14 rps= 123.33
  s2s.crud.fetchFilms                           n=    1 err=   0 errRate=  0.00% avg=  124.73 min=  124.73 max=  124.73 p50=  124.73 p95=  124.73 p99=  124.73 rps=   0.03
window 1m
  calc.additional.maxViewersSummary             n= 6498 err=   0 errRate=  0.00% avg=   69.02 min=   13.49 max=  320.61 p50=   85.04 p95=  121.00 p99=  203.26 rps= 108.30
  controller.AnalyticsController.maxViewersSummary n= 6498 err=   0 errRate=  0.00% avg=   69.32 min=   13.58 max=  320.72 p50=   85.42 p95=  121.18 p99=  204.43 rps= 108.30
  s2s.crud.fetchAllTickets                      n= 6498 err=   0 errRate=  0.00% avg=   68.17 min=   13.46 max=  314.85 p50=   83.19 p95=  119.48 p99=  198.44 rps= 108.30
  s2s.crud.fetchFilms                           n=    2 err=   0 errRate=  0.00% avg=  169.60 min=  124.73 max=  214.47 p50=  169.60 p95=  209.98 p99=  213.57 rps=   0.03

2026-05-05T23:01:55.335Z  INFO 1 --- [lab8-additional-service] [   scheduling-1] r.h.l.a.o.ObservabilityService           : [lab8-additional-service] observability refresh
window 10s
  calc.additional.maxViewersSummary             n= 1324 err=   0 errRate=  0.00% avg=   44.65 min=   13.44 max=  199.28 p50=   24.00 p95=  108.48 p99=  133.87 rps= 132.40
  controller.AnalyticsController.maxViewersSummary n= 1324 err=   0 errRate=  0.00% avg=   44.86 min=   13.52 max=  199.51 p50=   24.31 p95=  108.67 p99=  133.95 rps= 132.40
  s2s.crud.fetchAllTickets                      n= 1324 err=   0 errRate=  0.00% avg=   44.61 min=   13.41 max=  199.23 p50=   23.96 p95=  108.45 p99=  133.82 rps= 132.40
window 30s
  calc.additional.maxViewersSummary             n= 3764 err=   0 errRate=  0.00% avg=   52.82 min=   13.44 max=  320.61 p50=   34.17 p95=  112.18 p99=  177.26 rps= 125.47
  controller.AnalyticsController.maxViewersSummary n= 3764 err=   0 errRate=  0.00% avg=   53.15 min=   13.52 max=  320.72 p50=   34.44 p95=  112.43 p99=  178.07 rps= 125.47
  s2s.crud.fetchAllTickets                      n= 3764 err=   0 errRate=  0.00% avg=   52.12 min=   13.41 max=  206.32 p50=   34.07 p95=  111.17 p99=  134.33 rps= 125.47
  s2s.crud.fetchFilms                           n=    1 err=   0 errRate=  0.00% avg=  124.73 min=  124.73 max=  124.73 p50=  124.73 p95=  124.73 p99=  124.73 rps=   0.03
window 1m
  calc.additional.maxViewersSummary             n= 6576 err=   0 errRate=  0.00% avg=   67.59 min=   13.44 max=  320.61 p50=   71.19 p95=  120.39 p99=  202.68 rps= 109.60
  controller.AnalyticsController.maxViewersSummary n= 6576 err=   0 errRate=  0.00% avg=   67.89 min=   13.52 max=  320.72 p50=   71.62 p95=  120.63 p99=  203.23 rps= 109.60
  s2s.crud.fetchAllTickets                      n= 6576 err=   0 errRate=  0.00% avg=   66.75 min=   13.41 max=  314.85 p50=   70.94 p95=  119.06 p99=  197.63 rps= 109.60
  s2s.crud.fetchFilms                           n=    2 err=   0 errRate=  0.00% avg=  169.60 min=  124.73 max=  214.47 p50=  169.60 p95=  209.98 p99=  213.57 rps=   0.03

2026-05-05T23:01:56.339Z  INFO 1 --- [lab8-additional-service] [   scheduling-1] r.h.l.a.o.ObservabilityService           : [lab8-additional-service] observability refresh
window 10s
  calc.additional.maxViewersSummary             n= 1379 err=   0 errRate=  0.00% avg=   41.00 min=   13.44 max=  194.28 p50=   20.50 p95=  106.51 p99=  130.11 rps= 137.90
  controller.AnalyticsController.maxViewersSummary n= 1379 err=   0 errRate=  0.00% avg=   41.21 min=   13.52 max=  194.37 p50=   20.58 p95=  106.65 p99=  130.23 rps= 137.90
  s2s.crud.fetchAllTickets                      n= 1379 err=   0 errRate=  0.00% avg=   40.81 min=   13.39 max=  194.25 p50=   20.36 p95=  106.45 p99=  130.08 rps= 137.90
  s2s.crud.fetchFilms                           n=    1 err=   0 errRate=  0.00% avg=   34.23 min=   34.23 max=   34.23 p50=   34.23 p95=   34.23 p99=   34.23 rps=   0.10
window 30s
  calc.additional.maxViewersSummary             n= 3818 err=   0 errRate=  0.00% avg=   51.23 min=   13.44 max=  320.61 p50=   33.07 p95=  111.17 p99=  135.05 rps= 127.27
  controller.AnalyticsController.maxViewersSummary n= 3818 err=   0 errRate=  0.00% avg=   51.53 min=   13.52 max=  320.72 p50=   33.26 p95=  111.39 p99=  135.19 rps= 127.27
  s2s.crud.fetchAllTickets                      n= 3818 err=   0 errRate=  0.00% avg=   50.91 min=   13.39 max=  206.32 p50=   32.80 p95=  111.14 p99=  133.56 rps= 127.27
  s2s.crud.fetchFilms                           n=    1 err=   0 errRate=  0.00% avg=   34.23 min=   34.23 max=   34.23 p50=   34.23 p95=   34.23 p99=   34.23 rps=   0.03
window 1m
  calc.additional.maxViewersSummary             n= 6656 err=   0 errRate=  0.00% avg=   66.35 min=   13.44 max=  320.61 p50=   66.87 p95=  119.47 p99=  202.11 rps= 110.93
  controller.AnalyticsController.maxViewersSummary n= 6656 err=   0 errRate=  0.00% avg=   66.65 min=   13.52 max=  320.72 p50=   67.68 p95=  119.69 p99=  202.30 rps= 110.93
  s2s.crud.fetchAllTickets                      n= 6656 err=   0 errRate=  0.00% avg=   65.53 min=   13.39 max=  314.85 p50=   66.60 p95=  118.47 p99=  196.52 rps= 110.93
  s2s.crud.fetchFilms                           n=    2 err=   0 errRate=  0.00% avg=   79.48 min=   34.23 max=  124.73 p50=   79.48 p95=  120.20 p99=  123.82 rps=   0.03

2026-05-05T23:01:57.345Z  INFO 1 --- [lab8-additional-service] [   scheduling-1] r.h.l.a.o.ObservabilityService           : [lab8-additional-service] observability refresh
window 10s
  calc.additional.maxViewersSummary             n= 1406 err=   0 errRate=  0.00% avg=   38.44 min=   13.44 max=  194.28 p50=   17.89 p95=  105.69 p99=  129.73 rps= 140.60
  controller.AnalyticsController.maxViewersSummary n= 1407 err=   0 errRate=  0.00% avg=   38.61 min=   13.52 max=  194.37 p50=   18.12 p95=  105.82 p99=  129.84 rps= 140.70
  s2s.crud.fetchAllTickets                      n= 1406 err=   0 errRate=  0.00% avg=   38.26 min=   13.39 max=  194.25 p50=   17.78 p95=  105.66 p99=  129.70 rps= 140.60
  s2s.crud.fetchFilms                           n=    1 err=   0 errRate=  0.00% avg=   34.23 min=   34.23 max=   34.23 p50=   34.23 p95=   34.23 p99=   34.23 rps=   0.10
window 30s
  calc.additional.maxViewersSummary             n= 3803 err=   0 errRate=  0.00% avg=   51.05 min=   13.44 max=  206.36 p50=   33.35 p95=  110.74 p99=  129.76 rps= 126.77
  controller.AnalyticsController.maxViewersSummary n= 3803 err=   0 errRate=  0.00% avg=   51.35 min=   13.52 max=  206.67 p50=   33.52 p95=  111.01 p99=  129.88 rps= 126.77
  s2s.crud.fetchAllTickets                      n= 3803 err=   0 errRate=  0.00% avg=   50.93 min=   13.39 max=  206.32 p50=   33.05 p95=  110.71 p99=  129.65 rps= 126.77
  s2s.crud.fetchFilms                           n=    1 err=   0 errRate=  0.00% avg=   34.23 min=   34.23 max=   34.23 p50=   34.23 p95=   34.23 p99=   34.23 rps=   0.03
window 1m
  calc.additional.maxViewersSummary             n= 6701 err=   0 errRate=  0.00% avg=   64.87 min=   13.44 max=  320.61 p50=   60.86 p95=  118.49 p99=  198.50 rps= 111.68
  controller.AnalyticsController.maxViewersSummary n= 6701 err=   0 errRate=  0.00% avg=   65.17 min=   13.52 max=  320.72 p50=   62.39 p95=  118.83 p99=  198.65 rps= 111.68
  s2s.crud.fetchAllTickets                      n= 6701 err=   0 errRate=  0.00% avg=   64.42 min=   13.39 max=  314.85 p50=   60.69 p95=  117.54 p99=  196.40 rps= 111.68
  s2s.crud.fetchFilms                           n=    2 err=   0 errRate=  0.00% avg=   79.48 min=   34.23 max=  124.73 p50=   79.48 p95=  120.20 p99=  123.82 rps=   0.03

2026-05-05T23:01:58.351Z  INFO 1 --- [lab8-additional-service] [   scheduling-1] r.h.l.a.o.ObservabilityService           : [lab8-additional-service] observability refresh
window 10s
  calc.additional.maxViewersSummary             n= 1479 err=   0 errRate=  0.00% avg=   34.43 min=   13.44 max=  194.28 p50=   16.54 p95=  102.08 p99=  121.38 rps= 147.90
  controller.AnalyticsController.maxViewersSummary n= 1479 err=   0 errRate=  0.00% avg=   34.61 min=   13.52 max=  194.37 p50=   16.72 p95=  102.29 p99=  121.50 rps= 147.90
  s2s.crud.fetchAllTickets                      n= 1479 err=   0 errRate=  0.00% avg=   34.25 min=   13.39 max=  194.25 p50=   16.51 p95=  102.05 p99=  121.34 rps= 147.90
  s2s.crud.fetchFilms                           n=    1 err=   0 errRate=  0.00% avg=   34.23 min=   34.23 max=   34.23 p50=   34.23 p95=   34.23 p99=   34.23 rps=   0.10
window 30s
  calc.additional.maxViewersSummary             n= 3866 err=   0 errRate=  0.00% avg=   49.22 min=   13.44 max=  206.36 p50=   31.19 p95=  110.20 p99=  129.73 rps= 128.87
  controller.AnalyticsController.maxViewersSummary n= 3866 err=   0 errRate=  0.00% avg=   49.50 min=   13.52 max=  206.67 p50=   31.43 p95=  110.38 p99=  129.83 rps= 128.87
  s2s.crud.fetchAllTickets                      n= 3866 err=   0 errRate=  0.00% avg=   49.10 min=   13.39 max=  206.32 p50=   30.94 p95=  110.13 p99=  129.26 rps= 128.87
  s2s.crud.fetchFilms                           n=    1 err=   0 errRate=  0.00% avg=   34.23 min=   34.23 max=   34.23 p50=   34.23 p95=   34.23 p99=   34.23 rps=   0.03
window 1m
  calc.additional.maxViewersSummary             n= 6790 err=   0 errRate=  0.00% avg=   63.28 min=   13.44 max=  320.61 p50=   46.66 p95=  117.85 p99=  197.70 rps= 113.17
  controller.AnalyticsController.maxViewersSummary n= 6790 err=   0 errRate=  0.00% avg=   63.57 min=   13.52 max=  320.72 p50=   47.49 p95=  118.16 p99=  198.00 rps= 113.17
  s2s.crud.fetchAllTickets                      n= 6790 err=   0 errRate=  0.00% avg=   62.84 min=   13.39 max=  314.85 p50=   46.51 p95=  117.03 p99=  193.92 rps= 113.17
  s2s.crud.fetchFilms                           n=    2 err=   0 errRate=  0.00% avg=   79.48 min=   34.23 max=  124.73 p50=   79.48 p95=  120.20 p99=  123.82 rps=   0.03

2026-05-05T23:01:58.742Z  INFO 1 --- [lab8-additional-service] [   scheduling-1] r.h.l.a.service.FilmCacheService         : film-cache stats: size=300 ttlMs=30000 lastRefreshAtMs=1778022116064 hits=18119 misses=6 refreshes=6
2026-05-05T23:01:59.356Z  INFO 1 --- [lab8-additional-service] [   scheduling-1] r.h.l.a.o.ObservabilityService           : [lab8-additional-service] observability refresh
window 10s
  calc.additional.maxViewersSummary             n= 1439 err=   0 errRate=  0.00% avg=   34.37 min=   13.44 max=  214.10 p50=   16.17 p95=  103.83 p99=  134.85 rps= 143.90
  controller.AnalyticsController.maxViewersSummary n= 1439 err=   0 errRate=  0.00% avg=   34.55 min=   13.52 max=  214.25 p50=   16.36 p95=  104.08 p99=  135.00 rps= 143.90
  s2s.crud.fetchAllTickets                      n= 1439 err=   0 errRate=  0.00% avg=   34.19 min=   13.39 max=  214.07 p50=   16.13 p95=  103.80 p99=  134.81 rps= 143.90
  s2s.crud.fetchFilms                           n=    1 err=   0 errRate=  0.00% avg=   34.23 min=   34.23 max=   34.23 p50=   34.23 p95=   34.23 p99=   34.23 rps=   0.10
window 30s
  calc.additional.maxViewersSummary             n= 3864 err=   0 errRate=  0.00% avg=   48.73 min=   13.44 max=  214.10 p50=   30.77 p95=  109.77 p99=  129.73 rps= 128.80
  controller.AnalyticsController.maxViewersSummary n= 3864 err=   0 errRate=  0.00% avg=   49.01 min=   13.52 max=  214.25 p50=   30.97 p95=  110.05 p99=  129.83 rps= 128.80
  s2s.crud.fetchAllTickets                      n= 3864 err=   0 errRate=  0.00% avg=   48.61 min=   13.39 max=  214.07 p50=   30.53 p95=  109.74 p99=  129.28 rps= 128.80
  s2s.crud.fetchFilms                           n=    1 err=   0 errRate=  0.00% avg=   34.23 min=   34.23 max=   34.23 p50=   34.23 p95=   34.23 p99=   34.23 rps=   0.03
window 1m
  calc.additional.maxViewersSummary             n= 6789 err=   0 errRate=  0.00% avg=   62.79 min=   13.44 max=  320.61 p50=   45.31 p95=  117.29 p99=  197.15 rps= 113.15
  controller.AnalyticsController.maxViewersSummary n= 6789 err=   0 errRate=  0.00% avg=   63.08 min=   13.52 max=  320.72 p50=   46.35 p95=  117.65 p99=  197.62 rps= 113.15
  s2s.crud.fetchAllTickets                      n= 6789 err=   0 errRate=  0.00% avg=   62.35 min=   13.39 max=  232.64 p50=   45.05 p95=  116.59 p99=  193.41 rps= 113.15
  s2s.crud.fetchFilms                           n=    2 err=   0 errRate=  0.00% avg=   79.48 min=   34.23 max=  124.73 p50=   79.48 p95=  120.20 p99=  123.82 rps=   0.03

2026-05-05T23:02:00.365Z  INFO 1 --- [lab8-additional-service] [   scheduling-1] r.h.l.a.o.ObservabilityService           : [lab8-additional-service] observability refresh
window 10s
  calc.additional.maxViewersSummary             n= 1425 err=   0 errRate=  0.00% avg=   37.48 min=   13.44 max=  214.10 p50=   17.07 p95=  105.88 p99=  186.10 rps= 142.50
  controller.AnalyticsController.maxViewersSummary n= 1424 err=   0 errRate=  0.00% avg=   37.62 min=   13.52 max=  214.25 p50=   17.25 p95=  106.40 p99=  186.47 rps= 142.40
  s2s.crud.fetchAllTickets                      n= 1425 err=   0 errRate=  0.00% avg=   37.30 min=   13.39 max=  214.07 p50=   17.04 p95=  105.85 p99=  186.07 rps= 142.50
  s2s.crud.fetchFilms                           n=    1 err=   0 errRate=  0.00% avg=   34.23 min=   34.23 max=   34.23 p50=   34.23 p95=   34.23 p99=   34.23 rps=   0.10
window 30s
  calc.additional.maxViewersSummary             n= 3904 err=   0 errRate=  0.00% avg=   48.85 min=   13.44 max=  214.10 p50=   30.89 p95=  109.67 p99=  130.75 rps= 130.13
  controller.AnalyticsController.maxViewersSummary n= 3903 err=   0 errRate=  0.00% avg=   49.11 min=   13.52 max=  214.25 p50=   31.04 p95=  109.80 p99=  130.86 rps= 130.10
  s2s.crud.fetchAllTickets                      n= 3904 err=   0 errRate=  0.00% avg=   48.73 min=   13.39 max=  214.07 p50=   30.65 p95=  109.64 p99=  130.04 rps= 130.13
  s2s.crud.fetchFilms                           n=    1 err=   0 errRate=  0.00% avg=   34.23 min=   34.23 max=   34.23 p50=   34.23 p95=   34.23 p99=   34.23 rps=   0.03
window 1m
  calc.additional.maxViewersSummary             n= 6831 err=   0 errRate=  0.00% avg=   62.68 min=   13.44 max=  320.61 p50=   45.09 p95=  116.96 p99=  196.56 rps= 113.85
  controller.AnalyticsController.maxViewersSummary n= 6830 err=   0 errRate=  0.00% avg=   62.96 min=   13.52 max=  320.72 p50=   45.81 p95=  117.18 p99=  196.76 rps= 113.83
  s2s.crud.fetchAllTickets                      n= 6831 err=   0 errRate=  0.00% avg=   62.23 min=   13.39 max=  232.64 p50=   44.65 p95=  116.42 p99=  193.50 rps= 113.85
  s2s.crud.fetchFilms                           n=    2 err=   0 errRate=  0.00% avg=   79.48 min=   34.23 max=  124.73 p50=   79.48 p95=  120.20 p99=  123.82 rps=   0.03

2026-05-05T23:02:01.374Z  INFO 1 --- [lab8-additional-service] [   scheduling-1] r.h.l.a.o.ObservabilityService           : [lab8-additional-service] observability refresh
window 10s
  calc.additional.maxViewersSummary             n= 1493 err=   0 errRate=  0.00% avg=   36.04 min=   13.37 max=  214.10 p50=   16.61 p95=  105.35 p99=  155.57 rps= 149.30
  controller.AnalyticsController.maxViewersSummary n= 1493 err=   0 errRate=  0.00% avg=   36.21 min=   13.46 max=  214.25 p50=   16.75 p95=  105.70 p99=  155.71 rps= 149.30
  s2s.crud.fetchAllTickets                      n= 1493 err=   0 errRate=  0.00% avg=   35.87 min=   13.34 max=  214.07 p50=   16.58 p95=  105.32 p99=  155.54 rps= 149.30
  s2s.crud.fetchFilms                           n=    1 err=   0 errRate=  0.00% avg=   34.23 min=   34.23 max=   34.23 p50=   34.23 p95=   34.23 p99=   34.23 rps=   0.10
window 30s
  calc.additional.maxViewersSummary             n= 3975 err=   0 errRate=  0.00% avg=   47.61 min=   13.37 max=  214.10 p50=   29.12 p95=  109.08 p99=  130.92 rps= 132.50
  controller.AnalyticsController.maxViewersSummary n= 3975 err=   0 errRate=  0.00% avg=   47.89 min=   13.46 max=  214.25 p50=   29.36 p95=  109.28 p99=  131.02 rps= 132.50
  s2s.crud.fetchAllTickets                      n= 3975 err=   0 errRate=  0.00% avg=   47.50 min=   13.34 max=  214.07 p50=   28.86 p95=  109.04 p99=  130.23 rps= 132.50
  s2s.crud.fetchFilms                           n=    1 err=   0 errRate=  0.00% avg=   34.23 min=   34.23 max=   34.23 p50=   34.23 p95=   34.23 p99=   34.23 rps=   0.03
window 1m
  calc.additional.maxViewersSummary             n= 6906 err=   0 errRate=  0.00% avg=   61.65 min=   13.37 max=  320.61 p50=   42.94 p95=  116.12 p99=  194.58 rps= 115.10
  controller.AnalyticsController.maxViewersSummary n= 6906 err=   0 errRate=  0.00% avg=   61.94 min=   13.46 max=  320.72 p50=   43.81 p95=  116.39 p99=  194.88 rps= 115.10
  s2s.crud.fetchAllTickets                      n= 6906 err=   0 errRate=  0.00% avg=   61.22 min=   13.34 max=  232.64 p50=   42.53 p95=  115.45 p99=  191.90 rps= 115.10
  s2s.crud.fetchFilms                           n=    2 err=   0 errRate=  0.00% avg=   79.48 min=   34.23 max=  124.73 p50=   79.48 p95=  120.20 p99=  123.82 rps=   0.03

2026-05-05T23:02:02.381Z  INFO 1 --- [lab8-additional-service] [   scheduling-1] r.h.l.a.o.ObservabilityService           : [lab8-additional-service] observability refresh
window 10s
  calc.additional.maxViewersSummary             n= 1486 err=   0 errRate=  0.00% avg=   37.15 min=   13.37 max=  214.10 p50=   17.12 p95=  105.68 p99=  155.57 rps= 148.60
  controller.AnalyticsController.maxViewersSummary n= 1486 err=   0 errRate=  0.00% avg=   37.33 min=   13.46 max=  214.25 p50=   17.37 p95=  105.91 p99=  155.71 rps= 148.60
  s2s.crud.fetchAllTickets                      n= 1486 err=   0 errRate=  0.00% avg=   36.98 min=   13.34 max=  214.07 p50=   17.07 p95=  105.65 p99=  155.54 rps= 148.60
  s2s.crud.fetchFilms                           n=    1 err=   0 errRate=  0.00% avg=   34.23 min=   34.23 max=   34.23 p50=   34.23 p95=   34.23 p99=   34.23 rps=   0.10
window 30s
  calc.additional.maxViewersSummary             n= 4038 err=   0 errRate=  0.00% avg=   45.99 min=   13.37 max=  214.10 p50=   27.16 p95=  108.18 p99=  130.40 rps= 134.60
  controller.AnalyticsController.maxViewersSummary n= 4038 err=   0 errRate=  0.00% avg=   46.25 min=   13.46 max=  214.25 p50=   27.40 p95=  108.36 p99=  130.50 rps= 134.60
  s2s.crud.fetchAllTickets                      n= 4038 err=   0 errRate=  0.00% avg=   45.87 min=   13.34 max=  214.07 p50=   26.85 p95=  108.15 p99=  129.71 rps= 134.60
  s2s.crud.fetchFilms                           n=    1 err=   0 errRate=  0.00% avg=   34.23 min=   34.23 max=   34.23 p50=   34.23 p95=   34.23 p99=   34.23 rps=   0.03
window 1m
  calc.additional.maxViewersSummary             n= 6979 err=   0 errRate=  0.00% avg=   60.66 min=   13.37 max=  320.61 p50=   40.44 p95=  115.60 p99=  193.99 rps= 116.32
  controller.AnalyticsController.maxViewersSummary n= 6979 err=   0 errRate=  0.00% avg=   60.94 min=   13.46 max=  320.72 p50=   40.85 p95=  115.93 p99=  194.42 rps= 116.32
  s2s.crud.fetchAllTickets                      n= 6979 err=   0 errRate=  0.00% avg=   60.23 min=   13.34 max=  232.64 p50=   40.09 p95=  115.02 p99=  190.74 rps= 116.32
  s2s.crud.fetchFilms                           n=    2 err=   0 errRate=  0.00% avg=   79.48 min=   34.23 max=  124.73 p50=   79.48 p95=  120.20 p99=  123.82 rps=   0.03

2026-05-05T23:02:03.390Z  INFO 1 --- [lab8-additional-service] [   scheduling-1] r.h.l.a.o.ObservabilityService           : [lab8-additional-service] observability refresh
window 10s
  calc.additional.maxViewersSummary             n= 1520 err=   0 errRate=  0.00% avg=   35.40 min=   13.37 max=  214.10 p50=   15.92 p95=  104.40 p99=  134.92 rps= 152.00
  controller.AnalyticsController.maxViewersSummary n= 1520 err=   0 errRate=  0.00% avg=   35.57 min=   13.46 max=  214.25 p50=   16.09 p95=  104.92 p99=  135.10 rps= 152.00
  s2s.crud.fetchAllTickets                      n= 1520 err=   0 errRate=  0.00% avg=   35.22 min=   13.34 max=  214.07 p50=   15.83 p95=  104.37 p99=  134.88 rps= 152.00
  s2s.crud.fetchFilms                           n=    1 err=   0 errRate=  0.00% avg=   34.23 min=   34.23 max=   34.23 p50=   34.23 p95=   34.23 p99=   34.23 rps=   0.10
window 30s
  calc.additional.maxViewersSummary             n= 4085 err=   0 errRate=  0.00% avg=   44.75 min=   13.37 max=  214.10 p50=   24.88 p95=  107.80 p99=  129.92 rps= 136.17
  controller.AnalyticsController.maxViewersSummary n= 4085 err=   0 errRate=  0.00% avg=   45.01 min=   13.46 max=  214.25 p50=   25.05 p95=  108.12 p99=  130.04 rps= 136.17
  s2s.crud.fetchAllTickets                      n= 4085 err=   0 errRate=  0.00% avg=   44.64 min=   13.34 max=  214.07 p50=   24.56 p95=  107.75 p99=  129.68 rps= 136.17
  s2s.crud.fetchFilms                           n=    1 err=   0 errRate=  0.00% avg=   34.23 min=   34.23 max=   34.23 p50=   34.23 p95=   34.23 p99=   34.23 rps=   0.03
window 1m
  calc.additional.maxViewersSummary             n= 7091 err=   0 errRate=  0.00% avg=   59.03 min=   13.37 max=  320.61 p50=   38.15 p95=  115.06 p99=  193.76 rps= 118.18
  controller.AnalyticsController.maxViewersSummary n= 7091 err=   0 errRate=  0.00% avg=   59.31 min=   13.46 max=  320.72 p50=   38.51 p95=  115.28 p99=  193.98 rps= 118.18
  s2s.crud.fetchAllTickets                      n= 7091 err=   0 errRate=  0.00% avg=   58.60 min=   13.34 max=  232.64 p50=   38.02 p95=  114.48 p99=  189.78 rps= 118.18
  s2s.crud.fetchFilms                           n=    2 err=   0 errRate=  0.00% avg=   79.48 min=   34.23 max=  124.73 p50=   79.48 p95=  120.20 p99=  123.82 rps=   0.03

2026-05-05T23:02:04.397Z  INFO 1 --- [lab8-additional-service] [   scheduling-1] r.h.l.a.o.ObservabilityService           : [lab8-additional-service] observability refresh
window 10s
  calc.additional.maxViewersSummary             n= 1490 err=   0 errRate=  0.00% avg=   36.67 min=   13.37 max=  214.10 p50=   16.14 p95=  105.20 p99=  135.04 rps= 149.00
  controller.AnalyticsController.maxViewersSummary n= 1490 err=   0 errRate=  0.00% avg=   36.83 min=   13.46 max=  214.25 p50=   16.32 p95=  105.36 p99=  135.23 rps= 149.00
  s2s.crud.fetchAllTickets                      n= 1490 err=   0 errRate=  0.00% avg=   36.49 min=   13.34 max=  214.07 p50=   16.08 p95=  105.11 p99=  135.01 rps= 149.00
  s2s.crud.fetchFilms                           n=    1 err=   0 errRate=  0.00% avg=   34.23 min=   34.23 max=   34.23 p50=   34.23 p95=   34.23 p99=   34.23 rps=   0.10
window 30s
  calc.additional.maxViewersSummary             n= 4081 err=   0 errRate=  0.00% avg=   44.96 min=   13.37 max=  214.10 p50=   24.77 p95=  107.73 p99=  129.96 rps= 136.03
  controller.AnalyticsController.maxViewersSummary n= 4081 err=   0 errRate=  0.00% avg=   45.23 min=   13.46 max=  214.25 p50=   24.95 p95=  108.04 p99=  130.08 rps= 136.03
  s2s.crud.fetchAllTickets                      n= 4081 err=   0 errRate=  0.00% avg=   44.85 min=   13.34 max=  214.07 p50=   24.48 p95=  107.70 p99=  129.68 rps= 136.03
  s2s.crud.fetchFilms                           n=    1 err=   0 errRate=  0.00% avg=   34.23 min=   34.23 max=   34.23 p50=   34.23 p95=   34.23 p99=   34.23 rps=   0.03
window 1m
  calc.additional.maxViewersSummary             n= 7107 err=   0 errRate=  0.00% avg=   58.48 min=   13.37 max=  320.61 p50=   37.63 p95=  114.52 p99=  193.31 rps= 118.45
  controller.AnalyticsController.maxViewersSummary n= 7107 err=   0 errRate=  0.00% avg=   58.76 min=   13.46 max=  320.72 p50=   37.90 p95=  114.76 p99=  193.74 rps= 118.45
  s2s.crud.fetchAllTickets                      n= 7107 err=   0 errRate=  0.00% avg=   58.06 min=   13.34 max=  232.64 p50=   37.47 p95=  114.03 p99=  188.98 rps= 118.45
  s2s.crud.fetchFilms                           n=    2 err=   0 errRate=  0.00% avg=   79.48 min=   34.23 max=  124.73 p50=   79.48 p95=  120.20 p99=  123.82 rps=   0.03

2026-05-05T23:02:05.407Z  INFO 1 --- [lab8-additional-service] [   scheduling-1] r.h.l.a.o.ObservabilityService           : [lab8-additional-service] observability refresh
window 10s
  calc.additional.maxViewersSummary             n= 1450 err=   0 errRate=  0.00% avg=   39.23 min=   13.37 max=  214.10 p50=   17.83 p95=  105.20 p99=  127.60 rps= 145.00
  controller.AnalyticsController.maxViewersSummary n= 1450 err=   0 errRate=  0.00% avg=   39.41 min=   13.46 max=  214.25 p50=   17.99 p95=  105.36 p99=  127.75 rps= 145.00
  s2s.crud.fetchAllTickets                      n= 1450 err=   0 errRate=  0.00% avg=   39.05 min=   13.34 max=  214.07 p50=   17.72 p95=  105.11 p99=  127.57 rps= 145.00
  s2s.crud.fetchFilms                           n=    1 err=   0 errRate=  0.00% avg=   34.23 min=   34.23 max=   34.23 p50=   34.23 p95=   34.23 p99=   34.23 rps=   0.10
window 30s
  calc.additional.maxViewersSummary             n= 4094 err=   0 errRate=  0.00% avg=   44.49 min=   13.37 max=  214.10 p50=   24.05 p95=  107.35 p99=  128.98 rps= 136.47
  controller.AnalyticsController.maxViewersSummary n= 4094 err=   0 errRate=  0.00% avg=   44.72 min=   13.46 max=  214.25 p50=   24.32 p95=  107.66 p99=  129.10 rps= 136.47
  s2s.crud.fetchAllTickets                      n= 4094 err=   0 errRate=  0.00% avg=   44.38 min=   13.34 max=  214.07 p50=   23.87 p95=  107.27 p99=  128.94 rps= 136.47
  s2s.crud.fetchFilms                           n=    1 err=   0 errRate=  0.00% avg=   34.23 min=   34.23 max=   34.23 p50=   34.23 p95=   34.23 p99=   34.23 rps=   0.03
window 1m
  calc.additional.maxViewersSummary             n= 7132 err=   0 errRate=  0.00% avg=   58.02 min=   13.37 max=  320.61 p50=   37.29 p95=  114.25 p99=  193.22 rps= 118.87
  controller.AnalyticsController.maxViewersSummary n= 7132 err=   0 errRate=  0.00% avg=   58.30 min=   13.46 max=  320.72 p50=   37.56 p95=  114.53 p99=  193.50 rps= 118.87
  s2s.crud.fetchAllTickets                      n= 7132 err=   0 errRate=  0.00% avg=   57.60 min=   13.34 max=  232.64 p50=   37.18 p95=  113.81 p99=  188.79 rps= 118.87
  s2s.crud.fetchFilms                           n=    2 err=   0 errRate=  0.00% avg=   79.48 min=   34.23 max=  124.73 p50=   79.48 p95=  120.20 p99=  123.82 rps=   0.03

2026-05-05T23:02:06.413Z  INFO 1 --- [lab8-additional-service] [   scheduling-1] r.h.l.a.o.ObservabilityService           : [lab8-additional-service] observability refresh
window 10s
  calc.additional.maxViewersSummary             n= 1524 err=   0 errRate=  0.00% avg=   36.12 min=   13.37 max=  214.10 p50=   15.68 p95=  104.31 p99=  126.99 rps= 152.40
  controller.AnalyticsController.maxViewersSummary n= 1524 err=   0 errRate=  0.00% avg=   36.29 min=   13.46 max=  214.25 p50=   15.80 p95=  104.57 p99=  127.08 rps= 152.40
  s2s.crud.fetchAllTickets                      n= 1524 err=   0 errRate=  0.00% avg=   36.08 min=   13.34 max=  214.07 p50=   15.61 p95=  104.28 p99=  126.96 rps= 152.40
window 30s
  calc.additional.maxViewersSummary             n= 4186 err=   0 errRate=  0.00% avg=   42.57 min=   13.37 max=  214.10 p50=   20.82 p95=  107.02 p99=  128.24 rps= 139.53
  controller.AnalyticsController.maxViewersSummary n= 4186 err=   0 errRate=  0.00% avg=   42.78 min=   13.46 max=  214.25 p50=   21.00 p95=  107.26 p99=  128.43 rps= 139.53
  s2s.crud.fetchAllTickets                      n= 4186 err=   0 errRate=  0.00% avg=   42.48 min=   13.34 max=  214.07 p50=   20.73 p95=  106.99 p99=  128.21 rps= 139.53
  s2s.crud.fetchFilms                           n=    1 err=   0 errRate=  0.00% avg=   34.23 min=   34.23 max=   34.23 p50=   34.23 p95=   34.23 p99=   34.23 rps=   0.03
window 1m
  calc.additional.maxViewersSummary             n= 7261 err=   0 errRate=  0.00% avg=   56.44 min=   13.37 max=  320.61 p50=   36.01 p95=  114.05 p99=  192.62 rps= 121.02
  controller.AnalyticsController.maxViewersSummary n= 7261 err=   0 errRate=  0.00% avg=   56.72 min=   13.46 max=  320.72 p50=   36.19 p95=  114.25 p99=  192.88 rps= 121.02
  s2s.crud.fetchAllTickets                      n= 7261 err=   0 errRate=  0.00% avg=   56.02 min=   13.34 max=  232.64 p50=   35.88 p95=  113.62 p99=  188.54 rps= 121.02
  s2s.crud.fetchFilms                           n=    2 err=   0 errRate=  0.00% avg=   79.48 min=   34.23 max=  124.73 p50=   79.48 p95=  120.20 p99=  123.82 rps=   0.03

2026-05-05T23:02:07.418Z  INFO 1 --- [lab8-additional-service] [   scheduling-1] r.h.l.a.o.ObservabilityService           : [lab8-additional-service] observability refresh
window 10s
  calc.additional.maxViewersSummary             n= 1561 err=   0 errRate=  0.00% avg=   34.03 min=   13.37 max=  214.10 p50=   15.06 p95=  103.58 p99=  126.86 rps= 156.10
  controller.AnalyticsController.maxViewersSummary n= 1561 err=   0 errRate=  0.00% avg=   34.20 min=   13.46 max=  214.25 p50=   15.24 p95=  103.79 p99=  126.95 rps= 156.10
  s2s.crud.fetchAllTickets                      n= 1561 err=   0 errRate=  0.00% avg=   33.98 min=   13.34 max=  214.07 p50=   15.02 p95=  103.54 p99=  126.83 rps= 156.10
window 30s
  calc.additional.maxViewersSummary             n= 4235 err=   0 errRate=  0.00% avg=   41.56 min=   13.37 max=  214.10 p50=   18.84 p95=  106.84 p99=  128.09 rps= 141.17
  controller.AnalyticsController.maxViewersSummary n= 4235 err=   0 errRate=  0.00% avg=   41.76 min=   13.46 max=  214.25 p50=   19.09 p95=  107.06 p99=  128.26 rps= 141.17
  s2s.crud.fetchAllTickets                      n= 4235 err=   0 errRate=  0.00% avg=   41.47 min=   13.34 max=  214.07 p50=   18.78 p95=  106.81 p99=  128.06 rps= 141.17
  s2s.crud.fetchFilms                           n=    1 err=   0 errRate=  0.00% avg=   34.23 min=   34.23 max=   34.23 p50=   34.23 p95=   34.23 p99=   34.23 rps=   0.03
window 1m
  calc.additional.maxViewersSummary             n= 7356 err=   0 errRate=  0.00% avg=   55.03 min=   13.37 max=  320.61 p50=   34.91 p95=  113.68 p99=  191.85 rps= 122.60
  controller.AnalyticsController.maxViewersSummary n= 7356 err=   0 errRate=  0.00% avg=   55.31 min=   13.46 max=  320.72 p50=   35.14 p95=  113.88 p99=  192.22 rps= 122.60
  s2s.crud.fetchAllTickets                      n= 7356 err=   0 errRate=  0.00% avg=   54.62 min=   13.34 max=  232.64 p50=   34.68 p95=  113.26 p99=  187.97 rps= 122.60
  s2s.crud.fetchFilms                           n=    2 err=   0 errRate=  0.00% avg=   79.48 min=   34.23 max=  124.73 p50=   79.48 p95=  120.20 p99=  123.82 rps=   0.03

2026-05-05T23:02:08.424Z  INFO 1 --- [lab8-additional-service] [   scheduling-1] r.h.l.a.o.ObservabilityService           : [lab8-additional-service] observability refresh
window 10s
  calc.additional.maxViewersSummary             n= 1484 err=   0 errRate=  0.00% avg=   38.50 min=   13.37 max=  214.10 p50=   15.51 p95=  105.40 p99=  127.24 rps= 148.40
  controller.AnalyticsController.maxViewersSummary n= 1484 err=   0 errRate=  0.00% avg=   38.67 min=   13.46 max=  214.25 p50=   15.67 p95=  105.71 p99=  127.36 rps= 148.40
  s2s.crud.fetchAllTickets                      n= 1484 err=   0 errRate=  0.00% avg=   38.45 min=   13.34 max=  214.07 p50=   15.43 p95=  105.35 p99=  127.21 rps= 148.40
window 30s
  calc.additional.maxViewersSummary             n= 4215 err=   0 errRate=  0.00% avg=   41.84 min=   13.37 max=  214.10 p50=   18.91 p95=  107.01 p99=  128.10 rps= 140.50
  controller.AnalyticsController.maxViewersSummary n= 4215 err=   0 errRate=  0.00% avg=   42.05 min=   13.46 max=  214.25 p50=   19.28 p95=  107.26 p99=  128.29 rps= 140.50
  s2s.crud.fetchAllTickets                      n= 4215 err=   0 errRate=  0.00% avg=   41.75 min=   13.34 max=  214.07 p50=   18.83 p95=  106.98 p99=  128.07 rps= 140.50
  s2s.crud.fetchFilms                           n=    1 err=   0 errRate=  0.00% avg=   34.23 min=   34.23 max=   34.23 p50=   34.23 p95=   34.23 p99=   34.23 rps=   0.03
window 1m
  calc.additional.maxViewersSummary             n= 7381 err=   0 errRate=  0.00% avg=   54.83 min=   13.37 max=  320.61 p50=   34.81 p95=  113.42 p99=  190.41 rps= 123.02
  controller.AnalyticsController.maxViewersSummary n= 7381 err=   0 errRate=  0.00% avg=   55.10 min=   13.46 max=  320.72 p50=   35.13 p95=  113.67 p99=  190.59 rps= 123.02
  s2s.crud.fetchAllTickets                      n= 7381 err=   0 errRate=  0.00% avg=   54.42 min=   13.34 max=  232.64 p50=   34.65 p95=  112.99 p99=  187.73 rps= 123.02
  s2s.crud.fetchFilms                           n=    2 err=   0 errRate=  0.00% avg=   79.48 min=   34.23 max=  124.73 p50=   79.48 p95=  120.20 p99=  123.82 rps=   0.03

2026-05-05T23:02:08.742Z  INFO 1 --- [lab8-additional-service] [   scheduling-1] r.h.l.a.service.FilmCacheService         : film-cache stats: size=300 ttlMs=30000 lastRefreshAtMs=1778022116064 hits=19598 misses=6 refreshes=6
2026-05-05T23:02:09.432Z  INFO 1 --- [lab8-additional-service] [   scheduling-1] r.h.l.a.o.ObservabilityService           : [lab8-additional-service] observability refresh
window 10s
  calc.additional.maxViewersSummary             n= 1577 err=   0 errRate=  0.00% avg=   34.44 min=   13.37 max=  196.75 p50=   14.92 p95=  103.36 p99=  112.72 rps= 157.70
  controller.AnalyticsController.maxViewersSummary n= 1577 err=   0 errRate=  0.00% avg=   34.61 min=   13.46 max=  197.91 p50=   15.10 p95=  103.55 p99=  112.94 rps= 157.70
  s2s.crud.fetchAllTickets                      n= 1577 err=   0 errRate=  0.00% avg=   34.40 min=   13.34 max=  196.71 p50=   14.86 p95=  103.33 p99=  112.69 rps= 157.70
window 30s
  calc.additional.maxViewersSummary             n= 4293 err=   0 errRate=  0.00% avg=   40.24 min=   13.37 max=  214.10 p50=   17.67 p95=  106.77 p99=  126.75 rps= 143.10
  controller.AnalyticsController.maxViewersSummary n= 4293 err=   0 errRate=  0.00% avg=   40.44 min=   13.46 max=  214.25 p50=   17.82 p95=  107.00 p99=  126.87 rps= 143.10
  s2s.crud.fetchAllTickets                      n= 4293 err=   0 errRate=  0.00% avg=   40.15 min=   13.34 max=  214.07 p50=   17.60 p95=  106.73 p99=  126.72 rps= 143.10
  s2s.crud.fetchFilms                           n=    1 err=   0 errRate=  0.00% avg=   34.23 min=   34.23 max=   34.23 p50=   34.23 p95=   34.23 p99=   34.23 rps=   0.03
window 1m
  calc.additional.maxViewersSummary             n= 7472 err=   0 errRate=  0.00% avg=   53.72 min=   13.37 max=  320.61 p50=   34.00 p95=  113.00 p99=  189.20 rps= 124.53
  controller.AnalyticsController.maxViewersSummary n= 7472 err=   0 errRate=  0.00% avg=   53.99 min=   13.46 max=  320.72 p50=   34.20 p95=  113.17 p99=  190.18 rps= 124.53
  s2s.crud.fetchAllTickets                      n= 7472 err=   0 errRate=  0.00% avg=   53.32 min=   13.34 max=  232.64 p50=   33.86 p95=  112.47 p99=  186.79 rps= 124.53
  s2s.crud.fetchFilms                           n=    2 err=   0 errRate=  0.00% avg=   79.48 min=   34.23 max=  124.73 p50=   79.48 p95=  120.20 p99=  123.82 rps=   0.03

2026-05-05T23:02:10.437Z  INFO 1 --- [lab8-additional-service] [   scheduling-1] r.h.l.a.o.ObservabilityService           : [lab8-additional-service] observability refresh
window 10s
  calc.additional.maxViewersSummary             n= 1630 err=   0 errRate=  0.00% avg=   29.56 min=   13.37 max=  196.75 p50=   14.60 p95=  100.55 p99=  110.07 rps= 163.00
  controller.AnalyticsController.maxViewersSummary n= 1630 err=   0 errRate=  0.00% avg=   29.72 min=   13.46 max=  197.91 p50=   14.74 p95=  100.73 p99=  110.15 rps= 163.00
  s2s.crud.fetchAllTickets                      n= 1630 err=   0 errRate=  0.00% avg=   29.51 min=   13.34 max=  196.71 p50=   14.57 p95=  100.52 p99=  110.00 rps= 163.00
window 30s
  calc.additional.maxViewersSummary             n= 4370 err=   0 errRate=  0.00% avg=   38.35 min=   13.37 max=  214.10 p50=   16.68 p95=  106.23 p99=  125.87 rps= 145.67
  controller.AnalyticsController.maxViewersSummary n= 4370 err=   0 errRate=  0.00% avg=   38.54 min=   13.46 max=  214.25 p50=   16.89 p95=  106.57 p99=  126.01 rps= 145.67
  s2s.crud.fetchAllTickets                      n= 4370 err=   0 errRate=  0.00% avg=   38.26 min=   13.34 max=  214.07 p50=   16.62 p95=  106.20 p99=  125.84 rps= 145.67
  s2s.crud.fetchFilms                           n=    1 err=   0 errRate=  0.00% avg=   34.23 min=   34.23 max=   34.23 p50=   34.23 p95=   34.23 p99=   34.23 rps=   0.03
window 1m
  calc.additional.maxViewersSummary             n= 7561 err=   0 errRate=  0.00% avg=   52.53 min=   13.37 max=  320.61 p50=   32.89 p95=  112.78 p99=  188.77 rps= 126.02
  controller.AnalyticsController.maxViewersSummary n= 7561 err=   0 errRate=  0.00% avg=   52.80 min=   13.46 max=  320.72 p50=   33.07 p95=  112.92 p99=  189.41 rps= 126.02
  s2s.crud.fetchAllTickets                      n= 7561 err=   0 errRate=  0.00% avg=   52.13 min=   13.34 max=  232.64 p50=   32.68 p95=  112.06 p99=  185.94 rps= 126.02
  s2s.crud.fetchFilms                           n=    2 err=   0 errRate=  0.00% avg=   79.48 min=   34.23 max=  124.73 p50=   79.48 p95=  120.20 p99=  123.82 rps=   0.03

2026-05-05T23:02:11.447Z  INFO 1 --- [lab8-additional-service] [   scheduling-1] r.h.l.a.o.ObservabilityService           : [lab8-additional-service] observability refresh
window 10s
  calc.additional.maxViewersSummary             n= 1670 err=   0 errRate=  0.00% avg=   27.76 min=   13.38 max=  128.11 p50=   14.50 p95=  100.18 p99=  108.17 rps= 167.00
  controller.AnalyticsController.maxViewersSummary n= 1670 err=   0 errRate=  0.00% avg=   27.91 min=   13.46 max=  128.32 p50=   14.63 p95=  100.39 p99=  108.38 rps= 167.00
  s2s.crud.fetchAllTickets                      n= 1670 err=   0 errRate=  0.00% avg=   27.71 min=   13.35 max=  128.08 p50=   14.46 p95=  100.15 p99=  108.14 rps= 167.00
window 30s
  calc.additional.maxViewersSummary             n= 4386 err=   0 errRate=  0.00% avg=   37.94 min=   13.37 max=  214.10 p50=   16.06 p95=  106.29 p99=  125.86 rps= 146.20
  controller.AnalyticsController.maxViewersSummary n= 4386 err=   0 errRate=  0.00% avg=   38.14 min=   13.46 max=  214.25 p50=   16.26 p95=  106.61 p99=  126.01 rps= 146.20
  s2s.crud.fetchAllTickets                      n= 4386 err=   0 errRate=  0.00% avg=   37.86 min=   13.34 max=  214.07 p50=   16.02 p95=  106.26 p99=  125.83 rps= 146.20
  s2s.crud.fetchFilms                           n=    1 err=   0 errRate=  0.00% avg=   34.23 min=   34.23 max=   34.23 p50=   34.23 p95=   34.23 p99=   34.23 rps=   0.03
window 1m
  calc.additional.maxViewersSummary             n= 7682 err=   0 errRate=  0.00% avg=   51.35 min=   13.37 max=  320.61 p50=   31.50 p95=  112.07 p99=  188.55 rps= 128.03
  controller.AnalyticsController.maxViewersSummary n= 7682 err=   0 errRate=  0.00% avg=   51.61 min=   13.46 max=  320.72 p50=   31.70 p95=  112.28 p99=  188.83 rps= 128.03
  s2s.crud.fetchAllTickets                      n= 7682 err=   0 errRate=  0.00% avg=   50.95 min=   13.34 max=  232.64 p50=   31.32 p95=  111.68 p99=  185.04 rps= 128.03
  s2s.crud.fetchFilms                           n=    2 err=   0 errRate=  0.00% avg=   79.48 min=   34.23 max=  124.73 p50=   79.48 p95=  120.20 p99=  123.82 rps=   0.03

2026-05-05T23:02:12.456Z  INFO 1 --- [lab8-additional-service] [   scheduling-1] r.h.l.a.o.ObservabilityService           : [lab8-additional-service] observability refresh
window 10s
  calc.additional.maxViewersSummary             n= 1679 err=   0 errRate=  0.00% avg=   25.94 min=   13.38 max=  128.11 p50=   14.42 p95=   98.91 p99=  107.34 rps= 167.90
  controller.AnalyticsController.maxViewersSummary n= 1679 err=   0 errRate=  0.00% avg=   26.10 min=   13.46 max=  128.32 p50=   14.56 p95=   99.45 p99=  107.76 rps= 167.90
  s2s.crud.fetchAllTickets                      n= 1679 err=   0 errRate=  0.00% avg=   25.90 min=   13.35 max=  128.08 p50=   14.38 p95=   98.88 p99=  107.31 rps= 167.90
window 30s
  calc.additional.maxViewersSummary             n= 4403 err=   0 errRate=  0.00% avg=   37.59 min=   13.37 max=  214.10 p50=   15.84 p95=  106.27 p99=  125.85 rps= 146.77
  controller.AnalyticsController.maxViewersSummary n= 4403 err=   0 errRate=  0.00% avg=   37.78 min=   13.46 max=  214.25 p50=   16.02 p95=  106.60 p99=  126.00 rps= 146.77
  s2s.crud.fetchAllTickets                      n= 4403 err=   0 errRate=  0.00% avg=   37.51 min=   13.34 max=  214.07 p50=   15.78 p95=  106.23 p99=  125.82 rps= 146.77
  s2s.crud.fetchFilms                           n=    1 err=   0 errRate=  0.00% avg=   34.23 min=   34.23 max=   34.23 p50=   34.23 p95=   34.23 p99=   34.23 rps=   0.03
window 1m
  calc.additional.maxViewersSummary             n= 7768 err=   0 errRate=  0.00% avg=   50.11 min=   13.37 max=  320.61 p50=   29.81 p95=  111.39 p99=  188.18 rps= 129.47
  controller.AnalyticsController.maxViewersSummary n= 7768 err=   0 errRate=  0.00% avg=   50.38 min=   13.46 max=  320.72 p50=   30.08 p95=  111.65 p99=  188.70 rps= 129.47
  s2s.crud.fetchAllTickets                      n= 7768 err=   0 errRate=  0.00% avg=   49.72 min=   13.34 max=  232.64 p50=   29.64 p95=  111.12 p99=  168.44 rps= 129.47
  s2s.crud.fetchFilms                           n=    2 err=   0 errRate=  0.00% avg=   79.48 min=   34.23 max=  124.73 p50=   79.48 p95=  120.20 p99=  123.82 rps=   0.03

2026-05-05T23:02:13.464Z  INFO 1 --- [lab8-additional-service] [   scheduling-1] r.h.l.a.o.ObservabilityService           : [lab8-additional-service] observability refresh
window 10s
  calc.additional.maxViewersSummary             n= 1653 err=   0 errRate=  0.00% avg=   26.71 min=   13.38 max=  128.11 p50=   14.46 p95=   99.59 p99=  107.84 rps= 165.30
  controller.AnalyticsController.maxViewersSummary n= 1653 err=   0 errRate=  0.00% avg=   26.87 min=   13.46 max=  128.32 p50=   14.61 p95=  100.02 p99=  108.20 rps= 165.30
  s2s.crud.fetchAllTickets                      n= 1653 err=   0 errRate=  0.00% avg=   26.67 min=   13.35 max=  128.08 p50=   14.43 p95=   99.55 p99=  107.81 rps= 165.30
window 30s
  calc.additional.maxViewersSummary             n= 4413 err=   0 errRate=  0.00% avg=   37.20 min=   13.37 max=  214.10 p50=   15.66 p95=  106.29 p99=  125.82 rps= 147.10
  controller.AnalyticsController.maxViewersSummary n= 4413 err=   0 errRate=  0.00% avg=   37.38 min=   13.46 max=  214.25 p50=   15.82 p95=  106.61 p99=  125.99 rps= 147.10
  s2s.crud.fetchAllTickets                      n= 4413 err=   0 errRate=  0.00% avg=   37.11 min=   13.34 max=  214.07 p50=   15.61 p95=  106.25 p99=  125.79 rps= 147.10
  s2s.crud.fetchFilms                           n=    1 err=   0 errRate=  0.00% avg=   34.23 min=   34.23 max=   34.23 p50=   34.23 p95=   34.23 p99=   34.23 rps=   0.03
window 1m
  calc.additional.maxViewersSummary             n= 7855 err=   0 errRate=  0.00% avg=   49.11 min=   13.37 max=  320.61 p50=   28.11 p95=  111.11 p99=  187.87 rps= 130.92
  controller.AnalyticsController.maxViewersSummary n= 7855 err=   0 errRate=  0.00% avg=   49.37 min=   13.46 max=  320.72 p50=   28.28 p95=  111.31 p99=  188.17 rps= 130.92
  s2s.crud.fetchAllTickets                      n= 7855 err=   0 errRate=  0.00% avg=   48.73 min=   13.34 max=  232.64 p50=   27.92 p95=  110.71 p99=  161.80 rps= 130.92
  s2s.crud.fetchFilms                           n=    2 err=   0 errRate=  0.00% avg=   79.48 min=   34.23 max=  124.73 p50=   79.48 p95=  120.20 p99=  123.82 rps=   0.03

2026-05-05T23:02:14.477Z  INFO 1 --- [lab8-additional-service] [   scheduling-1] r.h.l.a.o.ObservabilityService           : [lab8-additional-service] observability refresh
window 10s
  calc.additional.maxViewersSummary             n= 1698 err=   0 errRate=  0.00% avg=   26.36 min=   13.38 max=  133.37 p50=   14.43 p95=  100.53 p99=  112.98 rps= 169.80
  controller.AnalyticsController.maxViewersSummary n= 1698 err=   0 errRate=  0.00% avg=   26.52 min=   13.46 max=  133.52 p50=   14.58 p95=  100.63 p99=  113.10 rps= 169.80
  s2s.crud.fetchAllTickets                      n= 1698 err=   0 errRate=  0.00% avg=   26.32 min=   13.35 max=  133.34 p50=   14.39 p95=  100.50 p99=  112.95 rps= 169.80
window 30s
  calc.additional.maxViewersSummary             n= 4469 err=   0 errRate=  0.00% avg=   36.36 min=   13.37 max=  214.10 p50=   15.53 p95=  105.62 p99=  123.63 rps= 148.97
  controller.AnalyticsController.maxViewersSummary n= 4469 err=   0 errRate=  0.00% avg=   36.54 min=   13.46 max=  214.25 p50=   15.68 p95=  105.82 p99=  123.72 rps= 148.97
  s2s.crud.fetchAllTickets                      n= 4469 err=   0 errRate=  0.00% avg=   36.27 min=   13.34 max=  214.07 p50=   15.48 p95=  105.60 p99=  123.60 rps= 148.97
  s2s.crud.fetchFilms                           n=    1 err=   0 errRate=  0.00% avg=   34.23 min=   34.23 max=   34.23 p50=   34.23 p95=   34.23 p99=   34.23 rps=   0.03
window 1m
  calc.additional.maxViewersSummary             n= 7915 err=   0 errRate=  0.00% avg=   48.41 min=   13.37 max=  320.61 p50=   27.33 p95=  110.34 p99=  167.77 rps= 131.92
  controller.AnalyticsController.maxViewersSummary n= 7915 err=   0 errRate=  0.00% avg=   48.67 min=   13.46 max=  320.72 p50=   27.56 p95=  110.63 p99=  168.57 rps= 131.92
  s2s.crud.fetchAllTickets                      n= 7915 err=   0 errRate=  0.00% avg=   48.02 min=   13.34 max=  214.07 p50=   27.20 p95=  109.90 p99=  133.62 rps= 131.92
  s2s.crud.fetchFilms                           n=    2 err=   0 errRate=  0.00% avg=   79.48 min=   34.23 max=  124.73 p50=   79.48 p95=  120.20 p99=  123.82 rps=   0.03

2026-05-05T23:02:15.483Z  INFO 1 --- [lab8-additional-service] [   scheduling-1] r.h.l.a.o.ObservabilityService           : [lab8-additional-service] observability refresh
window 10s
  calc.additional.maxViewersSummary             n= 1763 err=   0 errRate=  0.00% avg=   23.81 min=   13.27 max=  133.37 p50=   14.38 p95=   99.12 p99=  112.66 rps= 176.30
  controller.AnalyticsController.maxViewersSummary n= 1763 err=   0 errRate=  0.00% avg=   23.96 min=   13.35 max=  133.52 p50=   14.51 p95=   99.44 p99=  112.95 rps= 176.30
  s2s.crud.fetchAllTickets                      n= 1763 err=   0 errRate=  0.00% avg=   23.77 min=   13.24 max=  133.34 p50=   14.33 p95=   99.08 p99=  112.62 rps= 176.30
window 30s
  calc.additional.maxViewersSummary             n= 4543 err=   0 errRate=  0.00% avg=   34.62 min=   13.27 max=  214.10 p50=   15.21 p95=  104.50 p99=  121.50 rps= 151.43
  controller.AnalyticsController.maxViewersSummary n= 4543 err=   0 errRate=  0.00% avg=   34.80 min=   13.35 max=  214.25 p50=   15.38 p95=  104.80 p99=  121.67 rps= 151.43
  s2s.crud.fetchAllTickets                      n= 4543 err=   0 errRate=  0.00% avg=   34.54 min=   13.24 max=  214.07 p50=   15.16 p95=  104.47 p99=  121.46 rps= 151.43
  s2s.crud.fetchFilms                           n=    1 err=   0 errRate=  0.00% avg=   34.23 min=   34.23 max=   34.23 p50=   34.23 p95=   34.23 p99=   34.23 rps=   0.03
window 1m
  calc.additional.maxViewersSummary             n= 8017 err=   0 errRate=  0.00% avg=   47.19 min=   13.27 max=  320.61 p50=   25.57 p95=  109.94 p99=  167.26 rps= 133.62
  controller.AnalyticsController.maxViewersSummary n= 8017 err=   0 errRate=  0.00% avg=   47.44 min=   13.35 max=  320.72 p50=   25.76 p95=  110.14 p99=  167.95 rps= 133.62
  s2s.crud.fetchAllTickets                      n= 8017 err=   0 errRate=  0.00% avg=   46.81 min=   13.24 max=  214.07 p50=   25.39 p95=  109.57 p99=  133.17 rps= 133.62
  s2s.crud.fetchFilms                           n=    2 err=   0 errRate=  0.00% avg=   79.48 min=   34.23 max=  124.73 p50=   79.48 p95=  120.20 p99=  123.82 rps=   0.03

2026-05-05T23:02:16.492Z  INFO 1 --- [lab8-additional-service] [   scheduling-1] r.h.l.a.o.ObservabilityService           : [lab8-additional-service] observability refresh
window 10s
  calc.additional.maxViewersSummary             n= 1685 err=   0 errRate=  0.00% avg=   25.37 min=   13.27 max=  202.08 p50=   14.40 p95=  100.37 p99=  113.03 rps= 168.50
  controller.AnalyticsController.maxViewersSummary n= 1685 err=   0 errRate=  0.00% avg=   25.52 min=   13.35 max=  202.18 p50=   14.54 p95=  100.54 p99=  113.17 rps= 168.50
  s2s.crud.fetchAllTickets                      n= 1685 err=   0 errRate=  0.00% avg=   25.33 min=   13.24 max=  202.05 p50=   14.35 p95=  100.33 p99=  112.99 rps= 168.50
window 30s
  calc.additional.maxViewersSummary             n= 4593 err=   0 errRate=  0.00% avg=   33.40 min=   13.27 max=  214.10 p50=   15.06 p95=  103.64 p99=  121.34 rps= 153.10
  controller.AnalyticsController.maxViewersSummary n= 4593 err=   0 errRate=  0.00% avg=   33.57 min=   13.35 max=  214.25 p50=   15.22 p95=  104.09 p99=  121.47 rps= 153.10
  s2s.crud.fetchAllTickets                      n= 4593 err=   0 errRate=  0.00% avg=   33.31 min=   13.24 max=  214.07 p50=   15.01 p95=  103.61 p99=  121.30 rps= 153.10
  s2s.crud.fetchFilms                           n=    1 err=   0 errRate=  0.00% avg=   34.23 min=   34.23 max=   34.23 p50=   34.23 p95=   34.23 p99=   34.23 rps=   0.03
window 1m
  calc.additional.maxViewersSummary             n= 8070 err=   0 errRate=  0.00% avg=   46.39 min=   13.27 max=  320.61 p50=   24.06 p95=  109.54 p99=  155.58 rps= 134.50
  controller.AnalyticsController.maxViewersSummary n= 8070 err=   0 errRate=  0.00% avg=   46.64 min=   13.35 max=  320.72 p50=   24.25 p95=  109.73 p99=  155.71 rps= 134.50
  s2s.crud.fetchAllTickets                      n= 8070 err=   0 errRate=  0.00% avg=   46.01 min=   13.24 max=  214.07 p50=   23.91 p95=  108.85 p99=  131.10 rps= 134.50
  s2s.crud.fetchFilms                           n=    2 err=   0 errRate=  0.00% avg=   79.48 min=   34.23 max=  124.73 p50=   79.48 p95=  120.20 p99=  123.82 rps=   0.03

2026-05-05T23:02:17.499Z  INFO 1 --- [lab8-additional-service] [   scheduling-1] r.h.l.a.o.ObservabilityService           : [lab8-additional-service] observability refresh
window 10s
  calc.additional.maxViewersSummary             n= 1607 err=   0 errRate=  0.00% avg=   28.95 min=   13.27 max=  202.08 p50=   14.51 p95=  102.94 p99=  116.64 rps= 160.70
  controller.AnalyticsController.maxViewersSummary n= 1607 err=   0 errRate=  0.00% avg=   29.10 min=   13.35 max=  202.18 p50=   14.65 p95=  103.15 p99=  116.75 rps= 160.70
  s2s.crud.fetchAllTickets                      n= 1607 err=   0 errRate=  0.00% avg=   28.91 min=   13.24 max=  202.05 p50=   14.47 p95=  102.75 p99=  116.59 rps= 160.70
window 30s
  calc.additional.maxViewersSummary             n= 4559 err=   0 errRate=  0.00% avg=   33.71 min=   13.27 max=  214.10 p50=   15.03 p95=  104.21 p99=  123.98 rps= 151.97
  controller.AnalyticsController.maxViewersSummary n= 4559 err=   0 errRate=  0.00% avg=   33.87 min=   13.35 max=  214.25 p50=   15.20 p95=  104.31 p99=  124.09 rps= 151.97
  s2s.crud.fetchAllTickets                      n= 4559 err=   0 errRate=  0.00% avg=   33.62 min=   13.24 max=  214.07 p50=   14.98 p95=  104.18 p99=  123.95 rps= 151.97
  s2s.crud.fetchFilms                           n=    1 err=   0 errRate=  0.00% avg=   34.23 min=   34.23 max=   34.23 p50=   34.23 p95=   34.23 p99=   34.23 rps=   0.03
window 1m
  calc.additional.maxViewersSummary             n= 8067 err=   0 errRate=  0.00% avg=   46.43 min=   13.27 max=  320.61 p50=   24.04 p95=  109.44 p99=  156.51 rps= 134.45
  controller.AnalyticsController.maxViewersSummary n= 8067 err=   0 errRate=  0.00% avg=   46.67 min=   13.35 max=  320.72 p50=   24.23 p95=  109.69 p99=  156.71 rps= 134.45
  s2s.crud.fetchAllTickets                      n= 8067 err=   0 errRate=  0.00% avg=   46.05 min=   13.24 max=  214.07 p50=   23.89 p95=  108.73 p99=  131.11 rps= 134.45
  s2s.crud.fetchFilms                           n=    2 err=   0 errRate=  0.00% avg=   79.48 min=   34.23 max=  124.73 p50=   79.48 p95=  120.20 p99=  123.82 rps=   0.03

2026-05-05T23:02:18.506Z  INFO 1 --- [lab8-additional-service] [   scheduling-1] r.h.l.a.o.ObservabilityService           : [lab8-additional-service] observability refresh
window 10s
  calc.additional.maxViewersSummary             n= 1625 err=   0 errRate=  0.00% avg=   28.68 min=   13.27 max=  202.08 p50=   14.51 p95=  104.23 p99=  121.44 rps= 162.50
  controller.AnalyticsController.maxViewersSummary n= 1625 err=   0 errRate=  0.00% avg=   28.82 min=   13.35 max=  202.18 p50=   14.65 p95=  104.32 p99=  121.66 rps= 162.50
  s2s.crud.fetchAllTickets                      n= 1625 err=   0 errRate=  0.00% avg=   28.63 min=   13.24 max=  202.05 p50=   14.47 p95=  104.20 p99=  121.40 rps= 162.50
window 30s
  calc.additional.maxViewersSummary             n= 4586 err=   0 errRate=  0.00% avg=   33.51 min=   13.27 max=  214.10 p50=   15.02 p95=  103.88 p99=  122.27 rps= 152.87
  controller.AnalyticsController.maxViewersSummary n= 4586 err=   0 errRate=  0.00% avg=   33.68 min=   13.35 max=  214.25 p50=   15.19 p95=  104.20 p99=  122.35 rps= 152.87
  s2s.crud.fetchAllTickets                      n= 4586 err=   0 errRate=  0.00% avg=   33.43 min=   13.24 max=  214.07 p50=   14.97 p95=  103.83 p99=  122.24 rps= 152.87
  s2s.crud.fetchFilms                           n=    1 err=   0 errRate=  0.00% avg=   34.23 min=   34.23 max=   34.23 p50=   34.23 p95=   34.23 p99=   34.23 rps=   0.03
window 1m
  calc.additional.maxViewersSummary             n= 8093 err=   0 errRate=  0.00% avg=   46.22 min=   13.27 max=  320.61 p50=   23.63 p95=  109.47 p99=  155.57 rps= 134.88
  controller.AnalyticsController.maxViewersSummary n= 8093 err=   0 errRate=  0.00% avg=   46.47 min=   13.35 max=  320.72 p50=   23.94 p95=  109.69 p99=  155.71 rps= 134.88
  s2s.crud.fetchAllTickets                      n= 8093 err=   0 errRate=  0.00% avg=   45.84 min=   13.24 max=  214.07 p50=   23.46 p95=  108.76 p99=  130.76 rps= 134.88
  s2s.crud.fetchFilms                           n=    2 err=   0 errRate=  0.00% avg=   79.48 min=   34.23 max=  124.73 p50=   79.48 p95=  120.20 p99=  123.82 rps=   0.03

2026-05-05T23:02:18.742Z  INFO 1 --- [lab8-additional-service] [   scheduling-1] r.h.l.a.service.FilmCacheService         : film-cache stats: size=300 ttlMs=30000 lastRefreshAtMs=1778022116064 hits=21241 misses=6 refreshes=6
2026-05-05T23:02:19.513Z  INFO 1 --- [lab8-additional-service] [   scheduling-1] r.h.l.a.o.ObservabilityService           : [lab8-additional-service] observability refresh
window 10s
  calc.additional.maxViewersSummary             n= 1634 err=   0 errRate=  0.00% avg=   27.83 min=   13.27 max=  202.08 p50=   14.50 p95=  102.70 p99=  121.05 rps= 163.40
  controller.AnalyticsController.maxViewersSummary n= 1634 err=   0 errRate=  0.00% avg=   27.98 min=   13.35 max=  202.18 p50=   14.65 p95=  102.91 p99=  121.18 rps= 163.40
  s2s.crud.fetchAllTickets                      n= 1634 err=   0 errRate=  0.00% avg=   27.79 min=   13.24 max=  202.05 p50=   14.46 p95=  102.66 p99=  121.01 rps= 163.40
window 30s
  calc.additional.maxViewersSummary             n= 4658 err=   0 errRate=  0.00% avg=   32.17 min=   13.27 max=  214.10 p50=   14.85 p95=  103.47 p99=  122.07 rps= 155.27
  controller.AnalyticsController.maxViewersSummary n= 4658 err=   0 errRate=  0.00% avg=   32.34 min=   13.35 max=  214.25 p50=   15.02 p95=  103.79 p99=  122.17 rps= 155.27
  s2s.crud.fetchAllTickets                      n= 4658 err=   0 errRate=  0.00% avg=   32.09 min=   13.24 max=  214.07 p50=   14.81 p95=  103.44 p99=  122.04 rps= 155.27
  s2s.crud.fetchFilms                           n=    1 err=   0 errRate=  0.00% avg=   34.23 min=   34.23 max=   34.23 p50=   34.23 p95=   34.23 p99=   34.23 rps=   0.03
window 1m
  calc.additional.maxViewersSummary             n= 8184 err=   0 errRate=  0.00% avg=   45.05 min=   13.27 max=  320.61 p50=   21.69 p95=  108.79 p99=  154.39 rps= 136.40
  controller.AnalyticsController.maxViewersSummary n= 8184 err=   0 errRate=  0.00% avg=   45.30 min=   13.35 max=  320.72 p50=   21.92 p95=  109.17 p99=  154.66 rps= 136.40
  s2s.crud.fetchAllTickets                      n= 8184 err=   0 errRate=  0.00% avg=   44.68 min=   13.24 max=  214.07 p50=   21.61 p95=  108.45 p99=  130.50 rps= 136.40
  s2s.crud.fetchFilms                           n=    2 err=   0 errRate=  0.00% avg=   79.48 min=   34.23 max=  124.73 p50=   79.48 p95=  120.20 p99=  123.82 rps=   0.03

2026-05-05T23:02:20.520Z  INFO 1 --- [lab8-additional-service] [   scheduling-1] r.h.l.a.o.ObservabilityService           : [lab8-additional-service] observability refresh
window 10s
  calc.additional.maxViewersSummary             n= 1639 err=   0 errRate=  0.00% avg=   28.20 min=   13.27 max=  202.08 p50=   14.51 p95=  102.53 p99=  121.00 rps= 163.90
  controller.AnalyticsController.maxViewersSummary n= 1639 err=   0 errRate=  0.00% avg=   28.43 min=   13.35 max=  202.18 p50=   14.67 p95=  102.66 p99=  121.12 rps= 163.90
  s2s.crud.fetchAllTickets                      n= 1639 err=   0 errRate=  0.00% avg=   28.15 min=   13.24 max=  202.05 p50=   14.47 p95=  102.49 p99=  120.95 rps= 163.90
window 30s
  calc.additional.maxViewersSummary             n= 4706 err=   0 errRate=  0.00% avg=   31.62 min=   13.27 max=  214.10 p50=   14.80 p95=  102.77 p99=  121.30 rps= 156.87
  controller.AnalyticsController.maxViewersSummary n= 4706 err=   0 errRate=  0.00% avg=   31.81 min=   13.35 max=  214.25 p50=   14.96 p95=  103.15 p99=  121.43 rps= 156.87
  s2s.crud.fetchAllTickets                      n= 4706 err=   0 errRate=  0.00% avg=   31.54 min=   13.24 max=  214.07 p50=   14.75 p95=  102.74 p99=  121.26 rps= 156.87
  s2s.crud.fetchFilms                           n=    1 err=   0 errRate=  0.00% avg=   34.23 min=   34.23 max=   34.23 p50=   34.23 p95=   34.23 p99=   34.23 rps=   0.03
window 1m
  calc.additional.maxViewersSummary             n= 8257 err=   0 errRate=  0.00% avg=   44.14 min=   13.27 max=  320.61 p50=   20.86 p95=  108.47 p99=  140.34 rps= 137.62
  controller.AnalyticsController.maxViewersSummary n= 8257 err=   0 errRate=  0.00% avg=   44.40 min=   13.35 max=  320.72 p50=   21.05 p95=  108.62 p99=  140.53 rps= 137.62
  s2s.crud.fetchAllTickets                      n= 8257 err=   0 errRate=  0.00% avg=   43.77 min=   13.24 max=  214.07 p50=   20.76 p95=  108.13 p99=  129.85 rps= 137.62
  s2s.crud.fetchFilms                           n=    2 err=   0 errRate=  0.00% avg=   79.48 min=   34.23 max=  124.73 p50=   79.48 p95=  120.20 p99=  123.82 rps=   0.03

2026-05-05T23:02:21.532Z  INFO 1 --- [lab8-additional-service] [   scheduling-1] r.h.l.a.o.ObservabilityService           : [lab8-additional-service] observability refresh
window 10s
  calc.additional.maxViewersSummary             n= 1626 err=   0 errRate=  0.00% avg=   28.34 min=   13.27 max=  202.08 p50=   14.53 p95=  102.54 p99=  121.15 rps= 162.60
  controller.AnalyticsController.maxViewersSummary n= 1626 err=   0 errRate=  0.00% avg=   28.58 min=   13.35 max=  202.18 p50=   14.72 p95=  102.74 p99=  121.27 rps= 162.60
  s2s.crud.fetchAllTickets                      n= 1626 err=   0 errRate=  0.00% avg=   28.29 min=   13.24 max=  202.05 p50=   14.49 p95=  102.49 p99=  121.10 rps= 162.60
window 30s
  calc.additional.maxViewersSummary             n= 4784 err=   0 errRate=  0.00% avg=   30.56 min=   13.27 max=  214.10 p50=   14.74 p95=  102.25 p99=  118.71 rps= 159.47
  controller.AnalyticsController.maxViewersSummary n= 4784 err=   0 errRate=  0.00% avg=   30.75 min=   13.35 max=  214.25 p50=   14.88 p95=  102.51 p99=  118.82 rps= 159.47
  s2s.crud.fetchAllTickets                      n= 4784 err=   0 errRate=  0.00% avg=   30.48 min=   13.24 max=  214.07 p50=   14.69 p95=  102.17 p99=  118.67 rps= 159.47
  s2s.crud.fetchFilms                           n=    1 err=   0 errRate=  0.00% avg=   34.23 min=   34.23 max=   34.23 p50=   34.23 p95=   34.23 p99=   34.23 rps=   0.03
window 1m
  calc.additional.maxViewersSummary             n= 8345 err=   0 errRate=  0.00% avg=   43.02 min=   13.27 max=  320.61 p50=   19.31 p95=  108.15 p99=  134.87 rps= 139.08
  controller.AnalyticsController.maxViewersSummary n= 8345 err=   0 errRate=  0.00% avg=   43.27 min=   13.35 max=  320.72 p50=   19.63 p95=  108.33 p99=  135.03 rps= 139.08
  s2s.crud.fetchAllTickets                      n= 8345 err=   0 errRate=  0.00% avg=   42.65 min=   13.24 max=  214.07 p50=   19.23 p95=  107.70 p99=  129.01 rps= 139.08
  s2s.crud.fetchFilms                           n=    2 err=   0 errRate=  0.00% avg=   79.48 min=   34.23 max=  124.73 p50=   79.48 p95=  120.20 p99=  123.82 rps=   0.03

2026-05-05T23:02:22.538Z  INFO 1 --- [lab8-additional-service] [   scheduling-1] r.h.l.a.o.ObservabilityService           : [lab8-additional-service] observability refresh
window 10s
  calc.additional.maxViewersSummary             n= 1625 err=   0 errRate=  0.00% avg=   28.20 min=   13.27 max=  202.08 p50=   14.49 p95=  102.54 p99=  121.16 rps= 162.50
  controller.AnalyticsController.maxViewersSummary n= 1625 err=   0 errRate=  0.00% avg=   28.44 min=   13.35 max=  202.18 p50=   14.65 p95=  102.75 p99=  121.28 rps= 162.50
  s2s.crud.fetchAllTickets                      n= 1625 err=   0 errRate=  0.00% avg=   28.16 min=   13.24 max=  202.05 p50=   14.45 p95=  102.49 p99=  121.11 rps= 162.50
window 30s
  calc.additional.maxViewersSummary             n= 4795 err=   0 errRate=  0.00% avg=   30.13 min=   13.27 max=  214.10 p50=   14.68 p95=  102.09 p99=  118.65 rps= 159.83
  controller.AnalyticsController.maxViewersSummary n= 4795 err=   0 errRate=  0.00% avg=   30.31 min=   13.35 max=  214.25 p50=   14.85 p95=  102.36 p99=  118.77 rps= 159.83
  s2s.crud.fetchAllTickets                      n= 4795 err=   0 errRate=  0.00% avg=   30.04 min=   13.24 max=  214.07 p50=   14.65 p95=  102.01 p99=  118.61 rps= 159.83
  s2s.crud.fetchFilms                           n=    1 err=   0 errRate=  0.00% avg=   34.23 min=   34.23 max=   34.23 p50=   34.23 p95=   34.23 p99=   34.23 rps=   0.03
window 1m
  calc.additional.maxViewersSummary             n= 8425 err=   0 errRate=  0.00% avg=   41.95 min=   13.27 max=  320.61 p50=   18.20 p95=  107.74 p99=  134.32 rps= 140.42
  controller.AnalyticsController.maxViewersSummary n= 8425 err=   0 errRate=  0.00% avg=   42.21 min=   13.35 max=  320.72 p50=   18.40 p95=  108.05 p99=  134.42 rps= 140.42
  s2s.crud.fetchAllTickets                      n= 8425 err=   0 errRate=  0.00% avg=   41.59 min=   13.24 max=  214.07 p50=   18.14 p95=  107.41 p99=  128.73 rps= 140.42
  s2s.crud.fetchFilms                           n=    2 err=   0 errRate=  0.00% avg=   79.48 min=   34.23 max=  124.73 p50=   79.48 p95=  120.20 p99=  123.82 rps=   0.03

2026-05-05T23:02:23.544Z  INFO 1 --- [lab8-additional-service] [   scheduling-1] r.h.l.a.o.ObservabilityService           : [lab8-additional-service] observability refresh
window 10s
  calc.additional.maxViewersSummary             n= 1578 err=   0 errRate=  0.00% avg=   30.78 min=   13.27 max=  209.48 p50=   14.59 p95=  105.44 p99=  128.75 rps= 157.80
  controller.AnalyticsController.maxViewersSummary n= 1578 err=   0 errRate=  0.00% avg=   31.02 min=   13.35 max=  209.57 p50=   14.76 p95=  105.71 p99=  129.13 rps= 157.80
  s2s.crud.fetchAllTickets                      n= 1578 err=   0 errRate=  0.00% avg=   30.74 min=   13.24 max=  209.45 p50=   14.55 p95=  105.40 p99=  128.71 rps= 157.80
window 30s
  calc.additional.maxViewersSummary             n= 4753 err=   0 errRate=  0.00% avg=   30.82 min=   13.27 max=  214.10 p50=   14.71 p95=  102.96 p99=  121.74 rps= 158.43
  controller.AnalyticsController.maxViewersSummary n= 4753 err=   0 errRate=  0.00% avg=   31.01 min=   13.35 max=  214.25 p50=   14.86 p95=  103.28 p99=  121.88 rps= 158.43
  s2s.crud.fetchAllTickets                      n= 4753 err=   0 errRate=  0.00% avg=   30.74 min=   13.24 max=  214.07 p50=   14.66 p95=  102.84 p99=  121.71 rps= 158.43
  s2s.crud.fetchFilms                           n=    1 err=   0 errRate=  0.00% avg=   34.23 min=   34.23 max=   34.23 p50=   34.23 p95=   34.23 p99=   34.23 rps=   0.03
window 1m
  calc.additional.maxViewersSummary             n= 8419 err=   0 errRate=  0.00% avg=   41.87 min=   13.27 max=  320.61 p50=   18.07 p95=  108.12 p99=  136.38 rps= 140.32
  controller.AnalyticsController.maxViewersSummary n= 8419 err=   0 errRate=  0.00% avg=   42.12 min=   13.35 max=  320.72 p50=   18.28 p95=  108.32 p99=  136.51 rps= 140.32
  s2s.crud.fetchAllTickets                      n= 8419 err=   0 errRate=  0.00% avg=   41.51 min=   13.24 max=  214.07 p50=   17.98 p95=  107.68 p99=  129.95 rps= 140.32
  s2s.crud.fetchFilms                           n=    2 err=   0 errRate=  0.00% avg=   79.48 min=   34.23 max=  124.73 p50=   79.48 p95=  120.20 p99=  123.82 rps=   0.03

2026-05-05T23:02:24.552Z  INFO 1 --- [lab8-additional-service] [   scheduling-1] r.h.l.a.o.ObservabilityService           : [lab8-additional-service] observability refresh
window 10s
  calc.additional.maxViewersSummary             n= 1605 err=   0 errRate=  0.00% avg=   27.85 min=   13.27 max=  209.48 p50=   14.49 p95=  102.54 p99=  126.11 rps= 160.50
  controller.AnalyticsController.maxViewersSummary n= 1605 err=   0 errRate=  0.00% avg=   28.09 min=   13.35 max=  209.57 p50=   14.64 p95=  102.75 p99=  126.23 rps= 160.50
  s2s.crud.fetchAllTickets                      n= 1605 err=   0 errRate=  0.00% avg=   27.81 min=   13.24 max=  209.45 p50=   14.44 p95=  102.48 p99=  126.08 rps= 160.50
window 30s
  calc.additional.maxViewersSummary             n= 4796 err=   0 errRate=  0.00% avg=   29.95 min=   13.27 max=  214.10 p50=   14.65 p95=  102.56 p99=  120.67 rps= 159.87
  controller.AnalyticsController.maxViewersSummary n= 4796 err=   0 errRate=  0.00% avg=   30.14 min=   13.35 max=  214.25 p50=   14.80 p95=  102.85 p99=  120.75 rps= 159.87
  s2s.crud.fetchAllTickets                      n= 4796 err=   0 errRate=  0.00% avg=   29.87 min=   13.24 max=  214.07 p50=   14.61 p95=  102.53 p99=  120.57 rps= 159.87
  s2s.crud.fetchFilms                           n=    1 err=   0 errRate=  0.00% avg=   34.23 min=   34.23 max=   34.23 p50=   34.23 p95=   34.23 p99=   34.23 rps=   0.03
window 1m
  calc.additional.maxViewersSummary             n= 8497 err=   0 errRate=  0.00% avg=   40.79 min=   13.27 max=  320.61 p50=   17.33 p95=  107.76 p99=  134.99 rps= 141.62
  controller.AnalyticsController.maxViewersSummary n= 8497 err=   0 errRate=  0.00% avg=   41.04 min=   13.35 max=  320.72 p50=   17.53 p95=  108.06 p99=  135.18 rps= 141.62
  s2s.crud.fetchAllTickets                      n= 8497 err=   0 errRate=  0.00% avg=   40.43 min=   13.24 max=  214.07 p50=   17.29 p95=  107.51 p99=  129.59 rps= 141.62
  s2s.crud.fetchFilms                           n=    2 err=   0 errRate=  0.00% avg=   79.48 min=   34.23 max=  124.73 p50=   79.48 p95=  120.20 p99=  123.82 rps=   0.03

2026-05-05T23:02:25.561Z  INFO 1 --- [lab8-additional-service] [   scheduling-1] r.h.l.a.o.ObservabilityService           : [lab8-additional-service] observability refresh
window 10s
  calc.additional.maxViewersSummary             n= 1542 err=   0 errRate=  0.00% avg=   28.18 min=   13.37 max=  209.48 p50=   14.47 p95=  102.82 p99=  126.41 rps= 154.20
  controller.AnalyticsController.maxViewersSummary n= 1542 err=   0 errRate=  0.00% avg=   28.41 min=   13.49 max=  209.57 p50=   14.62 p95=  103.18 p99=  126.50 rps= 154.20
  s2s.crud.fetchAllTickets                      n= 1542 err=   0 errRate=  0.00% avg=   28.13 min=   13.34 max=  209.45 p50=   14.42 p95=  102.78 p99=  126.37 rps= 154.20
window 30s
  calc.additional.maxViewersSummary             n= 4771 err=   0 errRate=  0.00% avg=   29.77 min=   13.27 max=  214.10 p50=   14.63 p95=  102.57 p99=  120.73 rps= 159.03
  controller.AnalyticsController.maxViewersSummary n= 4771 err=   0 errRate=  0.00% avg=   29.96 min=   13.35 max=  214.25 p50=   14.78 p95=  102.87 p99=  120.81 rps= 159.03
  s2s.crud.fetchAllTickets                      n= 4771 err=   0 errRate=  0.00% avg=   29.69 min=   13.24 max=  214.07 p50=   14.59 p95=  102.54 p99=  120.60 rps= 159.03
  s2s.crud.fetchFilms                           n=    1 err=   0 errRate=  0.00% avg=   34.23 min=   34.23 max=   34.23 p50=   34.23 p95=   34.23 p99=   34.23 rps=   0.03
window 1m
  calc.additional.maxViewersSummary             n= 8527 err=   0 errRate=  0.00% avg=   39.89 min=   13.27 max=  320.61 p50=   16.87 p95=  107.55 p99=  132.46 rps= 142.12
  controller.AnalyticsController.maxViewersSummary n= 8527 err=   0 errRate=  0.00% avg=   40.13 min=   13.35 max=  320.72 p50=   17.04 p95=  107.80 p99=  132.59 rps= 142.12
  s2s.crud.fetchAllTickets                      n= 8527 err=   0 errRate=  0.00% avg=   39.54 min=   13.24 max=  214.07 p50=   16.80 p95=  107.08 p99=  128.07 rps= 142.12
  s2s.crud.fetchFilms                           n=    2 err=   0 errRate=  0.00% avg=   79.48 min=   34.23 max=  124.73 p50=   79.48 p95=  120.20 p99=  123.82 rps=   0.03

2026-05-05T23:02:26.568Z  INFO 1 --- [lab8-additional-service] [   scheduling-1] r.h.l.a.o.ObservabilityService           : [lab8-additional-service] observability refresh
window 10s
  calc.additional.maxViewersSummary             n= 1415 err=   0 errRate=  0.00% avg=   27.87 min=   13.37 max=  209.48 p50=   14.46 p95=  103.14 p99=  126.50 rps= 141.50
  controller.AnalyticsController.maxViewersSummary n= 1415 err=   0 errRate=  0.00% avg=   28.12 min=   13.49 max=  209.57 p50=   14.61 p95=  103.44 p99=  126.59 rps= 141.50
  s2s.crud.fetchAllTickets                      n= 1415 err=   0 errRate=  0.00% avg=   27.81 min=   13.34 max=  209.45 p50=   14.41 p95=  103.11 p99=  126.46 rps= 141.50
  s2s.crud.fetchFilms                           n=    1 err=   0 errRate=  0.00% avg=   31.77 min=   31.77 max=   31.77 p50=   31.77 p95=   31.77 p99=   31.77 rps=   0.10
window 30s
  calc.additional.maxViewersSummary             n= 4630 err=   0 errRate=  0.00% avg=   29.41 min=   13.27 max=  214.10 p50=   14.59 p95=  102.53 p99=  120.83 rps= 154.33
  controller.AnalyticsController.maxViewersSummary n= 4630 err=   0 errRate=  0.00% avg=   29.59 min=   13.35 max=  214.25 p50=   14.74 p95=  102.76 p99=  120.92 rps= 154.33
  s2s.crud.fetchAllTickets                      n= 4630 err=   0 errRate=  0.00% avg=   29.36 min=   13.24 max=  214.07 p50=   14.55 p95=  102.48 p99=  120.66 rps= 154.33
  s2s.crud.fetchFilms                           n=    1 err=   0 errRate=  0.00% avg=   31.77 min=   31.77 max=   31.77 p50=   31.77 p95=   31.77 p99=   31.77 rps=   0.03
window 1m
  calc.additional.maxViewersSummary             n= 8446 err=   0 errRate=  0.00% avg=   39.17 min=   13.27 max=  214.10 p50=   16.64 p95=  107.03 p99=  126.72 rps= 140.77
  controller.AnalyticsController.maxViewersSummary n= 8446 err=   0 errRate=  0.00% avg=   39.40 min=   13.35 max=  214.25 p50=   16.83 p95=  107.29 p99=  126.83 rps= 140.77
  s2s.crud.fetchAllTickets                      n= 8446 err=   0 errRate=  0.00% avg=   39.09 min=   13.24 max=  214.07 p50=   16.59 p95=  106.99 p99=  126.61 rps= 140.77
  s2s.crud.fetchFilms                           n=    2 err=   0 errRate=  0.00% avg=   33.00 min=   31.77 max=   34.23 p50=   33.00 p95=   34.10 p99=   34.20 rps=   0.03

2026-05-05T23:02:27.577Z  INFO 1 --- [lab8-additional-service] [   scheduling-1] r.h.l.a.o.ObservabilityService           : [lab8-additional-service] observability refresh
window 10s
  calc.additional.maxViewersSummary             n= 1327 err=   0 errRate=  0.00% avg=   24.41 min=   13.37 max=  209.48 p50=   14.33 p95=  100.42 p99=  121.69 rps= 132.70
  controller.AnalyticsController.maxViewersSummary n= 1327 err=   0 errRate=  0.00% avg=   24.65 min=   13.49 max=  209.57 p50=   14.48 p95=  100.57 p99=  121.80 rps= 132.70
  s2s.crud.fetchAllTickets                      n= 1327 err=   0 errRate=  0.00% avg=   24.34 min=   13.34 max=  209.45 p50=   14.29 p95=  100.38 p99=  121.61 rps= 132.70
  s2s.crud.fetchFilms                           n=    1 err=   0 errRate=  0.00% avg=   31.77 min=   31.77 max=   31.77 p50=   31.77 p95=   31.77 p99=   31.77 rps=   0.10
window 30s
  calc.additional.maxViewersSummary             n= 4482 err=   0 errRate=  0.00% avg=   29.56 min=   13.27 max=  214.10 p50=   14.59 p95=  103.02 p99=  121.43 rps= 149.40
  controller.AnalyticsController.maxViewersSummary n= 4482 err=   0 errRate=  0.00% avg=   29.75 min=   13.35 max=  214.25 p50=   14.73 p95=  103.32 p99=  121.57 rps= 149.40
  s2s.crud.fetchAllTickets                      n= 4482 err=   0 errRate=  0.00% avg=   29.51 min=   13.24 max=  214.07 p50=   14.55 p95=  102.93 p99=  121.39 rps= 149.40
  s2s.crud.fetchFilms                           n=    1 err=   0 errRate=  0.00% avg=   31.77 min=   31.77 max=   31.77 p50=   31.77 p95=   31.77 p99=   31.77 rps=   0.03
window 1m
  calc.additional.maxViewersSummary             n= 8291 err=   0 errRate=  0.00% avg=   39.23 min=   13.27 max=  214.10 p50=   16.61 p95=  107.00 p99=  126.28 rps= 138.18
  controller.AnalyticsController.maxViewersSummary n= 8291 err=   0 errRate=  0.00% avg=   39.46 min=   13.35 max=  214.25 p50=   16.78 p95=  107.26 p99=  126.64 rps= 138.18
  s2s.crud.fetchAllTickets                      n= 8291 err=   0 errRate=  0.00% avg=   39.14 min=   13.24 max=  214.07 p50=   16.55 p95=  106.94 p99=  126.18 rps= 138.18
  s2s.crud.fetchFilms                           n=    2 err=   0 errRate=  0.00% avg=   33.00 min=   31.77 max=   34.23 p50=   33.00 p95=   34.10 p99=   34.20 rps=   0.03

2026-05-05T23:02:28.586Z  INFO 1 --- [lab8-additional-service] [   scheduling-1] r.h.l.a.o.ObservabilityService           : [lab8-additional-service] observability refresh
window 10s
  calc.additional.maxViewersSummary             n= 1223 err=   0 errRate=  0.00% avg=   21.59 min=   13.37 max=  209.48 p50=   14.25 p95=   89.20 p99=  119.69 rps= 122.30
  controller.AnalyticsController.maxViewersSummary n= 1223 err=   0 errRate=  0.00% avg=   21.84 min=   13.49 max=  209.57 p50=   14.40 p95=   89.55 p99=  120.02 rps= 122.30
  s2s.crud.fetchAllTickets                      n= 1223 err=   0 errRate=  0.00% avg=   21.52 min=   13.34 max=  209.45 p50=   14.21 p95=   89.16 p99=  119.64 rps= 122.30
  s2s.crud.fetchFilms                           n=    1 err=   0 errRate=  0.00% avg=   31.77 min=   31.77 max=   31.77 p50=   31.77 p95=   31.77 p99=   31.77 rps=   0.10
window 30s
  calc.additional.maxViewersSummary             n= 4334 err=   0 errRate=  0.00% avg=   29.85 min=   13.27 max=  214.10 p50=   14.57 p95=  103.39 p99=  121.79 rps= 144.47
  controller.AnalyticsController.maxViewersSummary n= 4334 err=   0 errRate=  0.00% avg=   30.04 min=   13.35 max=  214.25 p50=   14.72 p95=  103.69 p99=  121.95 rps= 144.47
  s2s.crud.fetchAllTickets                      n= 4334 err=   0 errRate=  0.00% avg=   29.80 min=   13.24 max=  214.07 p50=   14.53 p95=  103.36 p99=  121.76 rps= 144.47
  s2s.crud.fetchFilms                           n=    1 err=   0 errRate=  0.00% avg=   31.77 min=   31.77 max=   31.77 p50=   31.77 p95=   31.77 p99=   31.77 rps=   0.03
window 1m
  calc.additional.maxViewersSummary             n= 8210 err=   0 errRate=  0.00% avg=   38.89 min=   13.27 max=  214.10 p50=   16.39 p95=  106.94 p99=  126.52 rps= 136.83
  controller.AnalyticsController.maxViewersSummary n= 8210 err=   0 errRate=  0.00% avg=   39.12 min=   13.35 max=  214.25 p50=   16.57 p95=  107.24 p99=  126.66 rps= 136.83
  s2s.crud.fetchAllTickets                      n= 8210 err=   0 errRate=  0.00% avg=   38.80 min=   13.24 max=  214.07 p50=   16.34 p95=  106.89 p99=  126.22 rps= 136.83
  s2s.crud.fetchFilms                           n=    2 err=   0 errRate=  0.00% avg=   33.00 min=   31.77 max=   34.23 p50=   33.00 p95=   34.10 p99=   34.20 rps=   0.03

2026-05-05T23:02:28.742Z  INFO 1 --- [lab8-additional-service] [   scheduling-1] r.h.l.a.service.FilmCacheService         : film-cache stats: size=300 ttlMs=30000 lastRefreshAtMs=1778022146081 hits=22431 misses=7 refreshes=7
2026-05-05T23:02:29.592Z  INFO 1 --- [lab8-additional-service] [   scheduling-1] r.h.l.a.o.ObservabilityService           : [lab8-additional-service] observability refresh
window 10s
  calc.additional.maxViewersSummary             n= 1033 err=   0 errRate=  0.00% avg=   22.95 min=   13.37 max=  209.48 p50=   14.29 p95=   97.74 p99=  122.60 rps= 103.30
  controller.AnalyticsController.maxViewersSummary n= 1033 err=   0 errRate=  0.00% avg=   23.23 min=   13.49 max=  209.57 p50=   14.42 p95=   97.93 p99=  122.88 rps= 103.30
  s2s.crud.fetchAllTickets                      n= 1033 err=   0 errRate=  0.00% avg=   22.87 min=   13.34 max=  209.45 p50=   14.24 p95=   97.71 p99=  122.51 rps= 103.30
  s2s.crud.fetchFilms                           n=    1 err=   0 errRate=  0.00% avg=   31.77 min=   31.77 max=   31.77 p50=   31.77 p95=   31.77 p99=   31.77 rps=   0.10
window 30s
  calc.additional.maxViewersSummary             n= 4252 err=   0 errRate=  0.00% avg=   28.69 min=   13.27 max=  209.48 p50=   14.52 p95=  102.03 p99=  119.63 rps= 141.73
  controller.AnalyticsController.maxViewersSummary n= 4252 err=   0 errRate=  0.00% avg=   28.88 min=   13.35 max=  209.57 p50=   14.67 p95=  102.34 p99=  119.89 rps= 141.73
  s2s.crud.fetchAllTickets                      n= 4252 err=   0 errRate=  0.00% avg=   28.64 min=   13.24 max=  209.45 p50=   14.48 p95=  102.00 p99=  119.58 rps= 141.73
  s2s.crud.fetchFilms                           n=    1 err=   0 errRate=  0.00% avg=   31.77 min=   31.77 max=   31.77 p50=   31.77 p95=   31.77 p99=   31.77 rps=   0.03
window 1m
  calc.additional.maxViewersSummary             n= 8132 err=   0 errRate=  0.00% avg=   38.26 min=   13.27 max=  214.10 p50=   16.17 p95=  106.61 p99=  125.29 rps= 135.53
  controller.AnalyticsController.maxViewersSummary n= 8132 err=   0 errRate=  0.00% avg=   38.49 min=   13.35 max=  214.25 p50=   16.33 p95=  106.77 p99=  125.39 rps= 135.53
  s2s.crud.fetchAllTickets                      n= 8132 err=   0 errRate=  0.00% avg=   38.18 min=   13.24 max=  214.07 p50=   16.13 p95=  106.55 p99=  124.74 rps= 135.53
  s2s.crud.fetchFilms                           n=    2 err=   0 errRate=  0.00% avg=   33.00 min=   31.77 max=   34.23 p50=   33.00 p95=   34.10 p99=   34.20 rps=   0.03

2026-05-05T23:02:30.599Z  INFO 1 --- [lab8-additional-service] [   scheduling-1] r.h.l.a.o.ObservabilityService           : [lab8-additional-service] observability refresh
window 10s
  calc.additional.maxViewersSummary             n=  871 err=   0 errRate=  0.00% avg=   22.05 min=   13.37 max=  209.48 p50=   14.24 p95=  100.45 p99=  124.07 rps=  87.10
  controller.AnalyticsController.maxViewersSummary n=  871 err=   0 errRate=  0.00% avg=   22.18 min=   13.49 max=  209.57 p50=   14.39 p95=  100.56 p99=  124.61 rps=  87.10
  s2s.crud.fetchAllTickets                      n=  871 err=   0 errRate=  0.00% avg=   21.97 min=   13.34 max=  209.45 p50=   14.20 p95=  100.42 p99=  124.02 rps=  87.10
  s2s.crud.fetchFilms                           n=    1 err=   0 errRate=  0.00% avg=   31.77 min=   31.77 max=   31.77 p50=   31.77 p95=   31.77 p99=   31.77 rps=   0.10
window 30s
  calc.additional.maxViewersSummary             n= 4145 err=   0 errRate=  0.00% avg=   27.46 min=   13.27 max=  209.48 p50=   14.48 p95=  101.01 p99=  115.96 rps= 138.17
  controller.AnalyticsController.maxViewersSummary n= 4145 err=   0 errRate=  0.00% avg=   27.64 min=   13.35 max=  209.57 p50=   14.64 p95=  101.30 p99=  116.10 rps= 138.17
  s2s.crud.fetchAllTickets                      n= 4145 err=   0 errRate=  0.00% avg=   27.41 min=   13.24 max=  209.45 p50=   14.44 p95=  100.88 p99=  115.93 rps= 138.17
  s2s.crud.fetchFilms                           n=    1 err=   0 errRate=  0.00% avg=   31.77 min=   31.77 max=   31.77 p50=   31.77 p95=   31.77 p99=   31.77 rps=   0.03
window 1m
  calc.additional.maxViewersSummary             n= 8057 err=   0 errRate=  0.00% avg=   37.75 min=   13.27 max=  214.10 p50=   16.01 p95=  106.32 p99=  124.56 rps= 134.28
  controller.AnalyticsController.maxViewersSummary n= 8057 err=   0 errRate=  0.00% avg=   37.98 min=   13.35 max=  214.25 p50=   16.22 p95=  106.60 p99=  124.71 rps= 134.28
  s2s.crud.fetchAllTickets                      n= 8057 err=   0 errRate=  0.00% avg=   37.66 min=   13.24 max=  214.07 p50=   15.95 p95=  106.27 p99=  124.09 rps= 134.28
  s2s.crud.fetchFilms                           n=    2 err=   0 errRate=  0.00% avg=   33.00 min=   31.77 max=   34.23 p50=   33.00 p95=   34.10 p99=   34.20 rps=   0.03

2026-05-05T23:02:31.605Z  INFO 1 --- [lab8-additional-service] [   scheduling-1] r.h.l.a.o.ObservabilityService           : [lab8-additional-service] observability refresh
window 10s
  calc.additional.maxViewersSummary             n=  684 err=   0 errRate=  0.00% avg=   24.22 min=   13.45 max=  209.48 p50=   14.32 p95=  104.67 p99=  128.72 rps=  68.40
  controller.AnalyticsController.maxViewersSummary n=  684 err=   0 errRate=  0.00% avg=   24.36 min=   13.54 max=  209.57 p50=   14.46 p95=  104.79 p99=  129.02 rps=  68.40
  s2s.crud.fetchAllTickets                      n=  684 err=   0 errRate=  0.00% avg=   24.13 min=   13.42 max=  209.45 p50=   14.28 p95=  104.62 p99=  128.68 rps=  68.40
  s2s.crud.fetchFilms                           n=    1 err=   0 errRate=  0.00% avg=   31.77 min=   31.77 max=   31.77 p50=   31.77 p95=   31.77 p99=   31.77 rps=   0.10
window 30s
  calc.additional.maxViewersSummary             n= 3997 err=   0 errRate=  0.00% avg=   27.05 min=   13.27 max=  209.48 p50=   14.47 p95=  100.98 p99=  115.82 rps= 133.23
  controller.AnalyticsController.maxViewersSummary n= 3997 err=   0 errRate=  0.00% avg=   27.24 min=   13.35 max=  209.57 p50=   14.62 p95=  101.32 p99=  116.00 rps= 133.23
  s2s.crud.fetchAllTickets                      n= 3997 err=   0 errRate=  0.00% avg=   27.00 min=   13.24 max=  209.45 p50=   14.43 p95=  100.89 p99=  115.79 rps= 133.23
  s2s.crud.fetchFilms                           n=    1 err=   0 errRate=  0.00% avg=   31.77 min=   31.77 max=   31.77 p50=   31.77 p95=   31.77 p99=   31.77 rps=   0.03
window 1m
  calc.additional.maxViewersSummary             n= 7974 err=   0 errRate=  0.00% avg=   37.29 min=   13.27 max=  214.10 p50=   15.87 p95=  106.14 p99=  124.69 rps= 132.90
  controller.AnalyticsController.maxViewersSummary n= 7974 err=   0 errRate=  0.00% avg=   37.52 min=   13.35 max=  214.25 p50=   16.05 p95=  106.45 p99=  124.83 rps= 132.90
  s2s.crud.fetchAllTickets                      n= 7974 err=   0 errRate=  0.00% avg=   37.21 min=   13.24 max=  214.07 p50=   15.82 p95=  106.10 p99=  124.49 rps= 132.90
  s2s.crud.fetchFilms                           n=    2 err=   0 errRate=  0.00% avg=   33.00 min=   31.77 max=   34.23 p50=   33.00 p95=   34.10 p99=   34.20 rps=   0.03

2026-05-05T23:02:32.610Z  INFO 1 --- [lab8-additional-service] [   scheduling-1] r.h.l.a.o.ObservabilityService           : [lab8-additional-service] observability refresh
window 10s
  calc.additional.maxViewersSummary             n=  536 err=   0 errRate=  0.00% avg=   26.57 min=   13.45 max=  209.48 p50=   14.42 p95=  107.86 p99=  131.98 rps=  53.60
  controller.AnalyticsController.maxViewersSummary n=  536 err=   0 errRate=  0.00% avg=   26.71 min=   13.54 max=  209.57 p50=   14.56 p95=  107.98 p99=  132.68 rps=  53.60
  s2s.crud.fetchAllTickets                      n=  536 err=   0 errRate=  0.00% avg=   26.46 min=   13.42 max=  209.45 p50=   14.36 p95=  107.83 p99=  131.95 rps=  53.60
  s2s.crud.fetchFilms                           n=    1 err=   0 errRate=  0.00% avg=   31.77 min=   31.77 max=   31.77 p50=   31.77 p95=   31.77 p99=   31.77 rps=   0.10
window 30s
  calc.additional.maxViewersSummary             n= 3838 err=   0 errRate=  0.00% avg=   27.04 min=   13.27 max=  209.48 p50=   14.46 p95=  100.93 p99=  116.46 rps= 127.93
  controller.AnalyticsController.maxViewersSummary n= 3838 err=   0 errRate=  0.00% avg=   27.23 min=   13.35 max=  209.57 p50=   14.62 p95=  101.23 p99=  116.57 rps= 127.93
  s2s.crud.fetchAllTickets                      n= 3838 err=   0 errRate=  0.00% avg=   26.99 min=   13.24 max=  209.45 p50=   14.42 p95=  100.89 p99=  116.41 rps= 127.93
  s2s.crud.fetchFilms                           n=    1 err=   0 errRate=  0.00% avg=   31.77 min=   31.77 max=   31.77 p50=   31.77 p95=   31.77 p99=   31.77 rps=   0.03
window 1m
  calc.additional.maxViewersSummary             n= 7898 err=   0 errRate=  0.00% avg=   36.46 min=   13.27 max=  214.10 p50=   15.73 p95=  105.63 p99=  124.64 rps= 131.63
  controller.AnalyticsController.maxViewersSummary n= 7898 err=   0 errRate=  0.00% avg=   36.69 min=   13.35 max=  214.25 p50=   15.91 p95=  105.86 p99=  124.79 rps= 131.63
  s2s.crud.fetchAllTickets                      n= 7898 err=   0 errRate=  0.00% avg=   36.38 min=   13.24 max=  214.07 p50=   15.68 p95=  105.59 p99=  123.81 rps= 131.63
  s2s.crud.fetchFilms                           n=    2 err=   0 errRate=  0.00% avg=   33.00 min=   31.77 max=   34.23 p50=   33.00 p95=   34.10 p99=   34.20 rps=   0.03

2026-05-05T23:02:33.615Z  INFO 1 --- [lab8-additional-service] [   scheduling-1] r.h.l.a.o.ObservabilityService           : [lab8-additional-service] observability refresh
window 10s
  calc.additional.maxViewersSummary             n=  432 err=   0 errRate=  0.00% avg=   18.51 min=   13.45 max=  124.63 p50=   14.24 p95=   33.23 p99=  110.74 rps=  43.20
  controller.AnalyticsController.maxViewersSummary n=  432 err=   0 errRate=  0.00% avg=   18.65 min=   13.54 max=  124.79 p50=   14.40 p95=   33.32 p99=  111.03 rps=  43.20
  s2s.crud.fetchAllTickets                      n=  432 err=   0 errRate=  0.00% avg=   18.39 min=   13.42 max=  124.56 p50=   14.19 p95=   28.01 p99=  110.70 rps=  43.20
  s2s.crud.fetchFilms                           n=    1 err=   0 errRate=  0.00% avg=   31.77 min=   31.77 max=   31.77 p50=   31.77 p95=   31.77 p99=   31.77 rps=   0.10
window 30s
  calc.additional.maxViewersSummary             n= 3657 err=   0 errRate=  0.00% avg=   27.61 min=   13.27 max=  209.48 p50=   14.48 p95=  101.42 p99=  118.13 rps= 121.90
  controller.AnalyticsController.maxViewersSummary n= 3657 err=   0 errRate=  0.00% avg=   27.80 min=   13.35 max=  209.57 p50=   14.63 p95=  101.87 p99=  118.24 rps= 121.90
  s2s.crud.fetchAllTickets                      n= 3657 err=   0 errRate=  0.00% avg=   27.56 min=   13.24 max=  209.45 p50=   14.43 p95=  101.38 p99=  118.09 rps= 121.90
  s2s.crud.fetchFilms                           n=    1 err=   0 errRate=  0.00% avg=   31.77 min=   31.77 max=   31.77 p50=   31.77 p95=   31.77 p99=   31.77 rps=   0.03
window 1m
  calc.additional.maxViewersSummary             n= 7745 err=   0 errRate=  0.00% avg=   36.65 min=   13.27 max=  214.10 p50=   15.67 p95=  105.71 p99=  125.21 rps= 129.08
  controller.AnalyticsController.maxViewersSummary n= 7745 err=   0 errRate=  0.00% avg=   36.88 min=   13.35 max=  214.25 p50=   15.85 p95=  105.96 p99=  125.31 rps= 129.08
  s2s.crud.fetchAllTickets                      n= 7745 err=   0 errRate=  0.00% avg=   36.56 min=   13.24 max=  214.07 p50=   15.62 p95=  105.67 p99=  124.70 rps= 129.08
  s2s.crud.fetchFilms                           n=    2 err=   0 errRate=  0.00% avg=   33.00 min=   31.77 max=   34.23 p50=   33.00 p95=   34.10 p99=   34.20 rps=   0.03

2026-05-05T23:02:34.620Z  INFO 1 --- [lab8-additional-service] [   scheduling-1] r.h.l.a.o.ObservabilityService           : [lab8-additional-service] observability refresh
window 10s
  calc.additional.maxViewersSummary             n=  256 err=   0 errRate=  0.00% avg=   22.01 min=   13.45 max=  124.63 p50=   14.32 p95=  101.23 p99=  119.08 rps=  25.60
  controller.AnalyticsController.maxViewersSummary n=  256 err=   0 errRate=  0.00% avg=   22.15 min=   13.54 max=  124.79 p50=   14.50 p95=  101.33 p99=  119.27 rps=  25.60
  s2s.crud.fetchAllTickets                      n=  256 err=   0 errRate=  0.00% avg=   21.82 min=   13.42 max=  124.56 p50=   14.26 p95=  101.20 p99=  119.02 rps=  25.60
  s2s.crud.fetchFilms                           n=    1 err=   0 errRate=  0.00% avg=   31.77 min=   31.77 max=   31.77 p50=   31.77 p95=   31.77 p99=   31.77 rps=   0.10
window 30s
  calc.additional.maxViewersSummary             n= 3572 err=   0 errRate=  0.00% avg=   26.36 min=   13.27 max=  209.48 p50=   14.44 p95=  100.80 p99=  117.99 rps= 119.07
  controller.AnalyticsController.maxViewersSummary n= 3572 err=   0 errRate=  0.00% avg=   26.55 min=   13.35 max=  209.57 p50=   14.59 p95=  101.00 p99=  118.10 rps= 119.07
  s2s.crud.fetchAllTickets                      n= 3572 err=   0 errRate=  0.00% avg=   26.31 min=   13.24 max=  209.45 p50=   14.39 p95=  100.77 p99=  117.95 rps= 119.07
  s2s.crud.fetchFilms                           n=    1 err=   0 errRate=  0.00% avg=   31.77 min=   31.77 max=   31.77 p50=   31.77 p95=   31.77 p99=   31.77 rps=   0.03
window 1m
  calc.additional.maxViewersSummary             n= 7648 err=   0 errRate=  0.00% avg=   36.30 min=   13.27 max=  214.10 p50=   15.55 p95=  105.70 p99=  125.54 rps= 127.47
  controller.AnalyticsController.maxViewersSummary n= 7651 err=   0 errRate=  0.00% avg=   36.53 min=   13.35 max=  214.25 p50=   15.71 p95=  105.90 p99=  125.75 rps= 127.52
  s2s.crud.fetchAllTickets                      n= 7648 err=   0 errRate=  0.00% avg=   36.21 min=   13.24 max=  214.07 p50=   15.51 p95=  105.66 p99=  125.15 rps= 127.47
  s2s.crud.fetchFilms                           n=    2 err=   0 errRate=  0.00% avg=   33.00 min=   31.77 max=   34.23 p50=   33.00 p95=   34.10 p99=   34.20 rps=   0.03

2026-05-05T23:02:35.626Z  INFO 1 --- [lab8-additional-service] [   scheduling-1] r.h.l.a.o.ObservabilityService           : [lab8-additional-service] observability refresh
window 10s
  calc.additional.maxViewersSummary             n=  151 err=   0 errRate=  0.00% avg=   30.06 min=   13.51 max=  199.46 p50=   14.54 p95=  109.54 p99=  124.65 rps=  15.10
  controller.AnalyticsController.maxViewersSummary n=  151 err=   0 errRate=  0.00% avg=   30.22 min=   13.59 max=  199.82 p50=   14.67 p95=  109.73 p99=  124.85 rps=  15.10
  s2s.crud.fetchAllTickets                      n=  151 err=   0 errRate=  0.00% avg=   29.78 min=   13.48 max=  199.36 p50=   14.40 p95=  109.48 p99=  124.58 rps=  15.10
  s2s.crud.fetchFilms                           n=    1 err=   0 errRate=  0.00% avg=   31.77 min=   31.77 max=   31.77 p50=   31.77 p95=   31.77 p99=   31.77 rps=   0.10
window 30s
  calc.additional.maxViewersSummary             n= 3438 err=   0 errRate=  0.00% avg=   26.10 min=   13.27 max=  209.48 p50=   14.42 p95=  100.93 p99=  119.37 rps= 114.60
  controller.AnalyticsController.maxViewersSummary n= 3438 err=   0 errRate=  0.00% avg=   26.29 min=   13.35 max=  209.57 p50=   14.56 p95=  101.22 p99=  119.56 rps= 114.60
  s2s.crud.fetchAllTickets                      n= 3438 err=   0 errRate=  0.00% avg=   26.05 min=   13.24 max=  209.45 p50=   14.37 p95=  100.89 p99=  119.33 rps= 114.60
  s2s.crud.fetchFilms                           n=    1 err=   0 errRate=  0.00% avg=   31.77 min=   31.77 max=   31.77 p50=   31.77 p95=   31.77 p99=   31.77 rps=   0.03
window 1m
  calc.additional.maxViewersSummary             n= 7551 err=   0 errRate=  0.00% avg=   35.90 min=   13.27 max=  214.10 p50=   15.45 p95=  105.67 p99=  124.76 rps= 125.85
  controller.AnalyticsController.maxViewersSummary n= 7551 err=   0 errRate=  0.00% avg=   36.11 min=   13.35 max=  214.25 p50=   15.63 p95=  105.86 p99=  124.94 rps= 125.85
  s2s.crud.fetchAllTickets                      n= 7551 err=   0 errRate=  0.00% avg=   35.82 min=   13.24 max=  214.07 p50=   15.40 p95=  105.63 p99=  124.71 rps= 125.85
  s2s.crud.fetchFilms                           n=    2 err=   0 errRate=  0.00% avg=   33.00 min=   31.77 max=   34.23 p50=   33.00 p95=   34.10 p99=   34.20 rps=   0.03

2026-05-05T23:02:36.631Z  INFO 1 --- [lab8-additional-service] [   scheduling-1] r.h.l.a.o.ObservabilityService           : [lab8-additional-service] observability refresh
window 10s
  calc.additional.maxViewersSummary             n=  163 err=   0 errRate=  0.00% avg=   30.23 min=   13.51 max=  199.46 p50=   14.57 p95=  109.92 p99=  152.65 rps=  16.30
  controller.AnalyticsController.maxViewersSummary n=  163 err=   0 errRate=  0.00% avg=   30.39 min=   13.59 max=  199.82 p50=   14.70 p95=  110.06 p99=  152.96 rps=  16.30
  s2s.crud.fetchAllTickets                      n=  163 err=   0 errRate=  0.00% avg=   30.16 min=   13.48 max=  199.36 p50=   14.40 p95=  109.85 p99=  152.59 rps=  16.30
window 30s
  calc.additional.maxViewersSummary             n= 3242 err=   0 errRate=  0.00% avg=   26.86 min=   13.27 max=  209.48 p50=   14.43 p95=  101.52 p99=  120.65 rps= 108.07
  controller.AnalyticsController.maxViewersSummary n= 3242 err=   0 errRate=  0.00% avg=   27.05 min=   13.35 max=  209.57 p50=   14.58 p95=  101.89 p99=  120.77 rps= 108.07
  s2s.crud.fetchAllTickets                      n= 3242 err=   0 errRate=  0.00% avg=   26.81 min=   13.24 max=  209.45 p50=   14.38 p95=  101.49 p99=  120.51 rps= 108.07
  s2s.crud.fetchFilms                           n=    1 err=   0 errRate=  0.00% avg=   31.77 min=   31.77 max=   31.77 p50=   31.77 p95=   31.77 p99=   31.77 rps=   0.03
window 1m
  calc.additional.maxViewersSummary             n= 7444 err=   0 errRate=  0.00% avg=   35.60 min=   13.27 max=  214.10 p50=   15.34 p95=  105.68 p99=  125.54 rps= 124.07
  controller.AnalyticsController.maxViewersSummary n= 7444 err=   0 errRate=  0.00% avg=   35.80 min=   13.35 max=  214.25 p50=   15.51 p95=  105.86 p99=  125.77 rps= 124.07
  s2s.crud.fetchAllTickets                      n= 7444 err=   0 errRate=  0.00% avg=   35.53 min=   13.24 max=  214.07 p50=   15.28 p95=  105.63 p99=  125.50 rps= 124.07
  s2s.crud.fetchFilms                           n=    2 err=   0 errRate=  0.00% avg=   33.00 min=   31.77 max=   34.23 p50=   33.00 p95=   34.10 p99=   34.20 rps=   0.03

2026-05-05T23:02:37.639Z  INFO 1 --- [lab8-additional-service] [   scheduling-1] r.h.l.a.o.ObservabilityService           : [lab8-additional-service] observability refresh
window 10s
  calc.additional.maxViewersSummary             n=  164 err=   0 errRate=  0.00% avg=   25.41 min=   13.51 max=  199.46 p50=   14.46 p95=  103.28 p99=  151.91 rps=  16.40
  controller.AnalyticsController.maxViewersSummary n=  164 err=   0 errRate=  0.00% avg=   25.57 min=   13.59 max=  199.82 p50=   14.66 p95=  103.44 p99=  152.22 rps=  16.40
  s2s.crud.fetchAllTickets                      n=  164 err=   0 errRate=  0.00% avg=   25.35 min=   13.48 max=  199.36 p50=   14.38 p95=  103.24 p99=  151.86 rps=  16.40
window 30s
  calc.additional.maxViewersSummary             n= 3089 err=   0 errRate=  0.00% avg=   26.83 min=   13.27 max=  209.48 p50=   14.44 p95=  102.51 p99=  121.43 rps= 102.97
  controller.AnalyticsController.maxViewersSummary n= 3089 err=   0 errRate=  0.00% avg=   27.02 min=   13.35 max=  209.57 p50=   14.58 p95=  102.63 p99=  121.56 rps= 102.97
  s2s.crud.fetchAllTickets                      n= 3089 err=   0 errRate=  0.00% avg=   26.77 min=   13.24 max=  209.45 p50=   14.39 p95=  102.48 p99=  121.39 rps= 102.97
  s2s.crud.fetchFilms                           n=    1 err=   0 errRate=  0.00% avg=   31.77 min=   31.77 max=   31.77 p50=   31.77 p95=   31.77 p99=   31.77 rps=   0.03
window 1m
  calc.additional.maxViewersSummary             n= 7327 err=   0 errRate=  0.00% avg=   35.37 min=   13.27 max=  214.10 p50=   15.23 p95=  105.68 p99=  125.78 rps= 122.12
  controller.AnalyticsController.maxViewersSummary n= 7327 err=   0 errRate=  0.00% avg=   35.57 min=   13.35 max=  214.25 p50=   15.42 p95=  105.86 p99=  125.98 rps= 122.12
  s2s.crud.fetchAllTickets                      n= 7327 err=   0 errRate=  0.00% avg=   35.29 min=   13.24 max=  214.07 p50=   15.18 p95=  105.63 p99=  125.75 rps= 122.12
  s2s.crud.fetchFilms                           n=    2 err=   0 errRate=  0.00% avg=   33.00 min=   31.77 max=   34.23 p50=   33.00 p95=   34.10 p99=   34.20 rps=   0.03

2026-05-05T23:02:38.646Z  INFO 1 --- [lab8-additional-service] [   scheduling-1] r.h.l.a.o.ObservabilityService           : [lab8-additional-service] observability refresh
window 10s
  calc.additional.maxViewersSummary             n=  162 err=   0 errRate=  0.00% avg=   22.19 min=   13.51 max=  199.46 p50=   14.36 p95=   55.40 p99=  153.38 rps=  16.20
  controller.AnalyticsController.maxViewersSummary n=  162 err=   0 errRate=  0.00% avg=   22.35 min=   13.59 max=  199.82 p50=   14.52 p95=   55.53 p99=  153.70 rps=  16.20
  s2s.crud.fetchAllTickets                      n=  162 err=   0 errRate=  0.00% avg=   22.13 min=   13.48 max=  199.36 p50=   14.27 p95=   55.35 p99=  153.33 rps=  16.20
window 30s
  calc.additional.maxViewersSummary             n= 3017 err=   0 errRate=  0.00% avg=   25.22 min=   13.27 max=  209.48 p50=   14.39 p95=  100.89 p99=  121.44 rps= 100.57
  controller.AnalyticsController.maxViewersSummary n= 3017 err=   0 errRate=  0.00% avg=   25.41 min=   13.35 max=  209.57 p50=   14.54 p95=  101.14 p99=  121.68 rps= 100.57
  s2s.crud.fetchAllTickets                      n= 3017 err=   0 errRate=  0.00% avg=   25.17 min=   13.24 max=  209.45 p50=   14.35 p95=  100.86 p99=  121.40 rps= 100.57
  s2s.crud.fetchFilms                           n=    1 err=   0 errRate=  0.00% avg=   31.77 min=   31.77 max=   31.77 p50=   31.77 p95=   31.77 p99=   31.77 rps=   0.03
window 1m
  calc.additional.maxViewersSummary             n= 7219 err=   0 errRate=  0.00% avg=   34.85 min=   13.27 max=  214.10 p50=   15.11 p95=  105.66 p99=  125.90 rps= 120.32
  controller.AnalyticsController.maxViewersSummary n= 7219 err=   0 errRate=  0.00% avg=   35.05 min=   13.35 max=  214.25 p50=   15.31 p95=  105.86 p99=  126.01 rps= 120.32
  s2s.crud.fetchAllTickets                      n= 7219 err=   0 errRate=  0.00% avg=   34.77 min=   13.24 max=  214.07 p50=   15.07 p95=  105.60 p99=  125.87 rps= 120.32
  s2s.crud.fetchFilms                           n=    2 err=   0 errRate=  0.00% avg=   33.00 min=   31.77 max=   34.23 p50=   33.00 p95=   34.10 p99=   34.20 rps=   0.03

2026-05-05T23:02:38.742Z  INFO 1 --- [lab8-additional-service] [   scheduling-1] r.h.l.a.service.FilmCacheService         : film-cache stats: size=300 ttlMs=30000 lastRefreshAtMs=1778022146081 hits=22593 misses=7 refreshes=7
2026-05-05T23:02:39.651Z  INFO 1 --- [lab8-additional-service] [   scheduling-1] r.h.l.a.o.ObservabilityService           : [lab8-additional-service] observability refresh
window 10s
  calc.additional.maxViewersSummary             n=  164 err=   0 errRate=  0.00% avg=   21.62 min=   13.44 max=  199.46 p50=   14.37 p95=   54.46 p99=  151.91 rps=  16.40
  controller.AnalyticsController.maxViewersSummary n=  164 err=   0 errRate=  0.00% avg=   21.78 min=   13.53 max=  199.82 p50=   14.52 p95=   54.59 p99=  152.22 rps=  16.40
  s2s.crud.fetchAllTickets                      n=  164 err=   0 errRate=  0.00% avg=   21.56 min=   13.41 max=  199.36 p50=   14.31 p95=   54.42 p99=  151.86 rps=  16.40
window 30s
  calc.additional.maxViewersSummary             n= 2814 err=   0 errRate=  0.00% avg=   25.76 min=   13.27 max=  209.48 p50=   14.41 p95=  101.12 p99=  122.17 rps=  93.80
  controller.AnalyticsController.maxViewersSummary n= 2814 err=   0 errRate=  0.00% avg=   25.96 min=   13.35 max=  209.57 p50=   14.56 p95=  101.28 p99=  122.26 rps=  93.80
  s2s.crud.fetchAllTickets                      n= 2814 err=   0 errRate=  0.00% avg=   25.71 min=   13.24 max=  209.45 p50=   14.36 p95=  101.09 p99=  122.14 rps=  93.80
  s2s.crud.fetchFilms                           n=    1 err=   0 errRate=  0.00% avg=   31.77 min=   31.77 max=   31.77 p50=   31.77 p95=   31.77 p99=   31.77 rps=   0.03
window 1m
  calc.additional.maxViewersSummary             n= 7147 err=   0 errRate=  0.00% avg=   34.24 min=   13.27 max=  214.10 p50=   15.06 p95=  105.39 p99=  125.19 rps= 119.12
  controller.AnalyticsController.maxViewersSummary n= 7147 err=   0 errRate=  0.00% avg=   34.44 min=   13.35 max=  214.25 p50=   15.22 p95=  105.71 p99=  125.29 rps= 119.12
  s2s.crud.fetchAllTickets                      n= 7147 err=   0 errRate=  0.00% avg=   34.17 min=   13.24 max=  214.07 p50=   15.01 p95=  105.36 p99=  125.16 rps= 119.12
  s2s.crud.fetchFilms                           n=    2 err=   0 errRate=  0.00% avg=   33.00 min=   31.77 max=   34.23 p50=   33.00 p95=   34.10 p99=   34.20 rps=   0.03

2026-05-05T23:02:40.656Z  INFO 1 --- [lab8-additional-service] [   scheduling-1] r.h.l.a.o.ObservabilityService           : [lab8-additional-service] observability refresh
window 10s
  calc.additional.maxViewersSummary             n=  168 err=   0 errRate=  0.00% avg=   22.02 min=   13.44 max=  199.46 p50=   14.40 p95=   63.10 p99=  148.97 rps=  16.80
  controller.AnalyticsController.maxViewersSummary n=  168 err=   0 errRate=  0.00% avg=   22.18 min=   13.53 max=  199.82 p50=   14.55 p95=   63.25 p99=  149.27 rps=  16.80
  s2s.crud.fetchAllTickets                      n=  168 err=   0 errRate=  0.00% avg=   21.97 min=   13.41 max=  199.36 p50=   14.33 p95=   63.05 p99=  148.91 rps=  16.80
window 30s
  calc.additional.maxViewersSummary             n= 2669 err=   0 errRate=  0.00% avg=   25.84 min=   13.27 max=  209.48 p50=   14.40 p95=  101.20 p99=  123.54 rps=  88.97
  controller.AnalyticsController.maxViewersSummary n= 2669 err=   0 errRate=  0.00% avg=   26.04 min=   13.35 max=  209.57 p50=   14.56 p95=  101.54 p99=  124.01 rps=  88.97
  s2s.crud.fetchAllTickets                      n= 2669 err=   0 errRate=  0.00% avg=   25.79 min=   13.24 max=  209.45 p50=   14.36 p95=  101.16 p99=  123.50 rps=  88.97
  s2s.crud.fetchFilms                           n=    1 err=   0 errRate=  0.00% avg=   31.77 min=   31.77 max=   31.77 p50=   31.77 p95=   31.77 p99=   31.77 rps=   0.03
window 1m
  calc.additional.maxViewersSummary             n= 7029 err=   0 errRate=  0.00% avg=   33.65 min=   13.27 max=  214.10 p50=   15.00 p95=  105.14 p99=  125.31 rps= 117.15
  controller.AnalyticsController.maxViewersSummary n= 7029 err=   0 errRate=  0.00% avg=   33.84 min=   13.35 max=  214.25 p50=   15.17 p95=  105.30 p99=  125.41 rps= 117.15
  s2s.crud.fetchAllTickets                      n= 7029 err=   0 errRate=  0.00% avg=   33.57 min=   13.24 max=  214.07 p50=   14.95 p95=  105.07 p99=  125.27 rps= 117.15
  s2s.crud.fetchFilms                           n=    2 err=   0 errRate=  0.00% avg=   33.00 min=   31.77 max=   34.23 p50=   33.00 p95=   34.10 p99=   34.20 rps=   0.03

2026-05-05T23:02:41.661Z  INFO 1 --- [lab8-additional-service] [   scheduling-1] r.h.l.a.o.ObservabilityService           : [lab8-additional-service] observability refresh
window 10s
  calc.additional.maxViewersSummary             n=  169 err=   0 errRate=  0.00% avg=   21.46 min=   13.44 max=  199.46 p50=   14.35 p95=   61.84 p99=  148.23 rps=  16.90
  controller.AnalyticsController.maxViewersSummary n=  169 err=   0 errRate=  0.00% avg=   21.62 min=   13.53 max=  199.82 p50=   14.51 p95=   62.04 p99=  148.53 rps=  16.90
  s2s.crud.fetchAllTickets                      n=  169 err=   0 errRate=  0.00% avg=   21.40 min=   13.41 max=  199.36 p50=   14.28 p95=   61.79 p99=  148.18 rps=  16.90
window 30s
  calc.additional.maxViewersSummary             n= 2466 err=   0 errRate=  0.00% avg=   26.80 min=   13.27 max=  209.48 p50=   14.46 p95=  102.68 p99=  124.64 rps=  82.20
  controller.AnalyticsController.maxViewersSummary n= 2466 err=   0 errRate=  0.00% avg=   27.01 min=   13.35 max=  209.57 p50=   14.62 p95=  102.89 p99=  124.83 rps=  82.20
  s2s.crud.fetchAllTickets                      n= 2466 err=   0 errRate=  0.00% avg=   26.74 min=   13.24 max=  209.45 p50=   14.41 p95=  102.65 p99=  124.58 rps=  82.20
  s2s.crud.fetchFilms                           n=    1 err=   0 errRate=  0.00% avg=   31.77 min=   31.77 max=   31.77 p50=   31.77 p95=   31.77 p99=   31.77 rps=   0.03
window 1m
  calc.additional.maxViewersSummary             n= 6858 err=   0 errRate=  0.00% avg=   33.91 min=   13.27 max=  214.10 p50=   14.98 p95=  105.35 p99=  125.70 rps= 114.30
  controller.AnalyticsController.maxViewersSummary n= 6858 err=   0 errRate=  0.00% avg=   34.11 min=   13.35 max=  214.25 p50=   15.15 p95=  105.69 p99=  125.95 rps= 114.30
  s2s.crud.fetchAllTickets                      n= 6858 err=   0 errRate=  0.00% avg=   33.84 min=   13.24 max=  214.07 p50=   14.93 p95=  105.29 p99=  125.66 rps= 114.30
  s2s.crud.fetchFilms                           n=    2 err=   0 errRate=  0.00% avg=   33.00 min=   31.77 max=   34.23 p50=   33.00 p95=   34.10 p99=   34.20 rps=   0.03

2026-05-05T23:02:42.667Z  INFO 1 --- [lab8-additional-service] [   scheduling-1] r.h.l.a.o.ObservabilityService           : [lab8-additional-service] observability refresh
window 10s
  calc.additional.maxViewersSummary             n=  165 err=   0 errRate=  0.00% avg=   21.63 min=   13.44 max=  199.46 p50=   14.37 p95=   64.42 p99=  151.18 rps=  16.50
  controller.AnalyticsController.maxViewersSummary n=  165 err=   0 errRate=  0.00% avg=   21.80 min=   13.53 max=  199.82 p50=   14.50 p95=   64.59 p99=  151.48 rps=  16.50
  s2s.crud.fetchAllTickets                      n=  165 err=   0 errRate=  0.00% avg=   21.57 min=   13.41 max=  199.36 p50=   14.31 p95=   64.37 p99=  151.12 rps=  16.50
window 30s
  calc.additional.maxViewersSummary             n= 2308 err=   0 errRate=  0.00% avg=   27.52 min=   13.27 max=  209.48 p50=   14.47 p95=  103.97 p99=  125.95 rps=  76.93
  controller.AnalyticsController.maxViewersSummary n= 2308 err=   0 errRate=  0.00% avg=   27.73 min=   13.35 max=  209.57 p50=   14.63 p95=  104.11 p99=  126.08 rps=  76.93
  s2s.crud.fetchAllTickets                      n= 2308 err=   0 errRate=  0.00% avg=   27.46 min=   13.24 max=  209.45 p50=   14.41 p95=  103.93 p99=  125.91 rps=  76.93
  s2s.crud.fetchFilms                           n=    1 err=   0 errRate=  0.00% avg=   31.77 min=   31.77 max=   31.77 p50=   31.77 p95=   31.77 p99=   31.77 rps=   0.03
window 1m
  calc.additional.maxViewersSummary             n= 6715 err=   0 errRate=  0.00% avg=   34.01 min=   13.27 max=  214.10 p50=   14.96 p95=  105.53 p99=  125.90 rps= 111.92
  controller.AnalyticsController.maxViewersSummary n= 6715 err=   0 errRate=  0.00% avg=   34.20 min=   13.35 max=  214.25 p50=   15.13 p95=  105.81 p99=  126.01 rps= 111.92
  s2s.crud.fetchAllTickets                      n= 6715 err=   0 errRate=  0.00% avg=   33.93 min=   13.24 max=  214.07 p50=   14.91 p95=  105.51 p99=  125.87 rps= 111.92
  s2s.crud.fetchFilms                           n=    2 err=   0 errRate=  0.00% avg=   33.00 min=   31.77 max=   34.23 p50=   33.00 p95=   34.10 p99=   34.20 rps=   0.03

2026-05-05T23:02:43.671Z  INFO 1 --- [lab8-additional-service] [   scheduling-1] r.h.l.a.o.ObservabilityService           : [lab8-additional-service] observability refresh
window 10s
  calc.additional.maxViewersSummary             n=  161 err=   0 errRate=  0.00% avg=   21.77 min=   13.44 max=  199.46 p50=   14.33 p95=   66.99 p99=  154.12 rps=  16.10
  controller.AnalyticsController.maxViewersSummary n=  161 err=   0 errRate=  0.00% avg=   21.94 min=   13.53 max=  199.82 p50=   14.47 p95=   67.15 p99=  154.43 rps=  16.10
  s2s.crud.fetchAllTickets                      n=  161 err=   0 errRate=  0.00% avg=   21.71 min=   13.41 max=  199.36 p50=   14.28 p95=   66.94 p99=  154.07 rps=  16.10
window 30s
  calc.additional.maxViewersSummary             n= 2163 err=   0 errRate=  0.00% avg=   27.09 min=   13.27 max=  209.48 p50=   14.46 p95=  102.72 p99=  125.19 rps=  72.10
  controller.AnalyticsController.maxViewersSummary n= 2163 err=   0 errRate=  0.00% avg=   27.30 min=   13.35 max=  209.57 p50=   14.62 p95=  102.92 p99=  125.39 rps=  72.10
  s2s.crud.fetchAllTickets                      n= 2163 err=   0 errRate=  0.00% avg=   27.03 min=   13.24 max=  209.45 p50=   14.41 p95=  102.69 p99=  125.14 rps=  72.10
  s2s.crud.fetchFilms                           n=    1 err=   0 errRate=  0.00% avg=   31.77 min=   31.77 max=   31.77 p50=   31.77 p95=   31.77 p99=   31.77 rps=   0.03
window 1m
  calc.additional.maxViewersSummary             n= 6571 err=   0 errRate=  0.00% avg=   33.81 min=   13.27 max=  214.10 p50=   14.93 p95=  105.66 p99=  125.66 rps= 109.52
  controller.AnalyticsController.maxViewersSummary n= 6572 err=   0 errRate=  0.00% avg=   34.01 min=   13.35 max=  214.25 p50=   15.11 p95=  105.86 p99=  125.94 rps= 109.53
  s2s.crud.fetchAllTickets                      n= 6571 err=   0 errRate=  0.00% avg=   33.73 min=   13.24 max=  214.07 p50=   14.89 p95=  105.63 p99=  125.63 rps= 109.52
  s2s.crud.fetchFilms                           n=    2 err=   0 errRate=  0.00% avg=   33.00 min=   31.77 max=   34.23 p50=   33.00 p95=   34.10 p99=   34.20 rps=   0.03

2026-05-05T23:02:44.675Z  INFO 1 --- [lab8-additional-service] [   scheduling-1] r.h.l.a.o.ObservabilityService           : [lab8-additional-service] observability refresh
window 10s
  calc.additional.maxViewersSummary             n=  169 err=   0 errRate=  0.00% avg=   20.48 min=   13.44 max=  199.46 p50=   14.29 p95=   51.08 p99=  148.23 rps=  16.90
  controller.AnalyticsController.maxViewersSummary n=  169 err=   0 errRate=  0.00% avg=   20.65 min=   13.53 max=  199.82 p50=   14.42 p95=   51.28 p99=  148.53 rps=  16.90
  s2s.crud.fetchAllTickets                      n=  169 err=   0 errRate=  0.00% avg=   20.42 min=   13.41 max=  199.36 p50=   14.24 p95=   51.04 p99=  148.18 rps=  16.90
window 30s
  calc.additional.maxViewersSummary             n= 2032 err=   0 errRate=  0.00% avg=   26.38 min=   13.27 max=  209.48 p50=   14.43 p95=  101.24 p99=  124.38 rps=  67.73
  controller.AnalyticsController.maxViewersSummary n= 2032 err=   0 errRate=  0.00% avg=   26.60 min=   13.35 max=  209.57 p50=   14.58 p95=  101.53 p99=  124.71 rps=  67.73
  s2s.crud.fetchAllTickets                      n= 2032 err=   0 errRate=  0.00% avg=   26.32 min=   13.24 max=  209.45 p50=   14.37 p95=  101.20 p99=  124.32 rps=  67.73
  s2s.crud.fetchFilms                           n=    1 err=   0 errRate=  0.00% avg=   31.77 min=   31.77 max=   31.77 p50=   31.77 p95=   31.77 p99=   31.77 rps=   0.03
window 1m
  calc.additional.maxViewersSummary             n= 6503 err=   0 errRate=  0.00% avg=   33.04 min=   13.27 max=  214.10 p50=   14.89 p95=  104.53 p99=  124.61 rps= 108.38
  controller.AnalyticsController.maxViewersSummary n= 6503 err=   0 errRate=  0.00% avg=   33.23 min=   13.35 max=  214.25 p50=   15.05 p95=  104.79 p99=  124.78 rps= 108.38
  s2s.crud.fetchAllTickets                      n= 6503 err=   0 errRate=  0.00% avg=   32.96 min=   13.24 max=  214.07 p50=   14.84 p95=  104.48 p99=  124.54 rps= 108.38
  s2s.crud.fetchFilms                           n=    2 err=   0 errRate=  0.00% avg=   33.00 min=   31.77 max=   34.23 p50=   33.00 p95=   34.10 p99=   34.20 rps=   0.03

2026-05-05T23:02:45.680Z  INFO 1 --- [lab8-additional-service] [   scheduling-1] r.h.l.a.o.ObservabilityService           : [lab8-additional-service] observability refresh
window 10s
  calc.additional.maxViewersSummary             n=  173 err=   0 errRate=  0.00% avg=   16.35 min=   13.44 max=   83.61 p50=   14.25 p95=   20.14 p99=   65.37 rps=  17.30
  controller.AnalyticsController.maxViewersSummary n=  173 err=   0 errRate=  0.00% avg=   16.51 min=   13.53 max=   83.98 p50=   14.41 p95=   20.24 p99=   65.56 rps=  17.30
  s2s.crud.fetchAllTickets                      n=  173 err=   0 errRate=  0.00% avg=   16.29 min=   13.41 max=   83.56 p50=   14.21 p95=   20.10 p99=   65.32 rps=  17.30
window 30s
  calc.additional.maxViewersSummary             n= 1845 err=   0 errRate=  0.00% avg=   27.47 min=   13.37 max=  209.48 p50=   14.43 p95=  103.06 p99=  125.53 rps=  61.50
  controller.AnalyticsController.maxViewersSummary n= 1845 err=   0 errRate=  0.00% avg=   27.70 min=   13.49 max=  209.57 p50=   14.59 p95=  103.36 p99=  125.69 rps=  61.50
  s2s.crud.fetchAllTickets                      n= 1845 err=   0 errRate=  0.00% avg=   27.41 min=   13.34 max=  209.45 p50=   14.38 p95=  103.03 p99=  125.49 rps=  61.50
  s2s.crud.fetchFilms                           n=    1 err=   0 errRate=  0.00% avg=   31.77 min=   31.77 max=   31.77 p50=   31.77 p95=   31.77 p99=   31.77 rps=   0.03
window 1m
  calc.additional.maxViewersSummary             n= 6400 err=   0 errRate=  0.00% avg=   32.29 min=   13.27 max=  214.10 p50=   14.82 p95=  104.11 p99=  123.41 rps= 106.67
  controller.AnalyticsController.maxViewersSummary n= 6400 err=   0 errRate=  0.00% avg=   32.48 min=   13.35 max=  214.25 p50=   15.00 p95=  104.31 p99=  123.77 rps= 106.67
  s2s.crud.fetchAllTickets                      n= 6400 err=   0 errRate=  0.00% avg=   32.21 min=   13.24 max=  214.07 p50=   14.78 p95=  104.08 p99=  123.37 rps= 106.67
  s2s.crud.fetchFilms                           n=    2 err=   0 errRate=  0.00% avg=   33.00 min=   31.77 max=   34.23 p50=   33.00 p95=   34.10 p99=   34.20 rps=   0.03

2026-05-05T23:02:46.683Z  INFO 1 --- [lab8-additional-service] [   scheduling-1] r.h.l.a.o.ObservabilityService           : [lab8-additional-service] observability refresh
window 10s
  calc.additional.maxViewersSummary             n=  167 err=   0 errRate=  0.00% avg=   16.02 min=   13.44 max=   83.61 p50=   14.20 p95=   19.36 p99=   65.50 rps=  16.70
  controller.AnalyticsController.maxViewersSummary n=  167 err=   0 errRate=  0.00% avg=   16.19 min=   13.53 max=   83.98 p50=   14.37 p95=   19.47 p99=   65.69 rps=  16.70
  s2s.crud.fetchAllTickets                      n=  167 err=   0 errRate=  0.00% avg=   15.96 min=   13.41 max=   83.56 p50=   14.15 p95=   19.32 p99=   65.45 rps=  16.70
window 30s
  calc.additional.maxViewersSummary             n= 1730 err=   0 errRate=  0.00% avg=   26.50 min=   13.37 max=  209.48 p50=   14.40 p95=  101.11 p99=  125.76 rps=  57.67
  controller.AnalyticsController.maxViewersSummary n= 1730 err=   0 errRate=  0.00% avg=   26.73 min=   13.49 max=  209.57 p50=   14.56 p95=  101.36 p99=  125.90 rps=  57.67
  s2s.crud.fetchAllTickets                      n= 1730 err=   0 errRate=  0.00% avg=   26.44 min=   13.34 max=  209.45 p50=   14.36 p95=  101.07 p99=  125.72 rps=  57.67
  s2s.crud.fetchFilms                           n=    1 err=   0 errRate=  0.00% avg=   31.77 min=   31.77 max=   31.77 p50=   31.77 p95=   31.77 p99=   31.77 rps=   0.03
window 1m
  calc.additional.maxViewersSummary             n= 6324 err=   0 errRate=  0.00% avg=   31.52 min=   13.27 max=  214.10 p50=   14.78 p95=  103.56 p99=  122.53 rps= 105.40
  controller.AnalyticsController.maxViewersSummary n= 6324 err=   0 errRate=  0.00% avg=   31.71 min=   13.35 max=  214.25 p50=   14.95 p95=  103.95 p99=  122.61 rps= 105.40
  s2s.crud.fetchAllTickets                      n= 6324 err=   0 errRate=  0.00% avg=   31.44 min=   13.24 max=  214.07 p50=   14.73 p95=  103.46 p99=  122.50 rps= 105.40
  s2s.crud.fetchFilms                           n=    2 err=   0 errRate=  0.00% avg=   33.00 min=   31.77 max=   34.23 p50=   33.00 p95=   34.10 p99=   34.20 rps=   0.03

2026-05-05T23:02:47.688Z  INFO 1 --- [lab8-additional-service] [   scheduling-1] r.h.l.a.o.ObservabilityService           : [lab8-additional-service] observability refresh
window 10s
  calc.additional.maxViewersSummary             n=  166 err=   0 errRate=  0.00% avg=   15.65 min=   13.44 max=   66.99 p50=   14.19 p95=   19.42 p99=   57.84 rps=  16.60
  controller.AnalyticsController.maxViewersSummary n=  166 err=   0 errRate=  0.00% avg=   15.82 min=   13.53 max=   67.15 p50=   14.37 p95=   19.53 p99=   58.08 rps=  16.60
  s2s.crud.fetchAllTickets                      n=  166 err=   0 errRate=  0.00% avg=   15.59 min=   13.41 max=   66.94 p50=   14.15 p95=   19.38 p99=   57.78 rps=  16.60
window 30s
  calc.additional.maxViewersSummary             n= 1648 err=   0 errRate=  0.00% avg=   23.24 min=   13.37 max=  209.48 p50=   14.33 p95=   98.53 p99=  122.73 rps=  54.93
  controller.AnalyticsController.maxViewersSummary n= 1648 err=   0 errRate=  0.00% avg=   23.47 min=   13.49 max=  209.57 p50=   14.47 p95=   98.94 p99=  122.97 rps=  54.93
  s2s.crud.fetchAllTickets                      n= 1648 err=   0 errRate=  0.00% avg=   23.18 min=   13.34 max=  209.45 p50=   14.28 p95=   98.50 p99=  122.69 rps=  54.93
  s2s.crud.fetchFilms                           n=    1 err=   0 errRate=  0.00% avg=   31.77 min=   31.77 max=   31.77 p50=   31.77 p95=   31.77 p99=   31.77 rps=   0.03
window 1m
  calc.additional.maxViewersSummary             n= 6209 err=   0 errRate=  0.00% avg=   30.95 min=   13.27 max=  214.10 p50=   14.73 p95=  103.34 p99=  123.34 rps= 103.48
  controller.AnalyticsController.maxViewersSummary n= 6209 err=   0 errRate=  0.00% avg=   31.14 min=   13.35 max=  214.25 p50=   14.88 p95=  103.54 p99=  123.68 rps= 103.48
  s2s.crud.fetchAllTickets                      n= 6209 err=   0 errRate=  0.00% avg=   30.87 min=   13.24 max=  214.07 p50=   14.68 p95=  103.30 p99=  123.31 rps= 103.48
  s2s.crud.fetchFilms                           n=    2 err=   0 errRate=  0.00% avg=   33.00 min=   31.77 max=   34.23 p50=   33.00 p95=   34.10 p99=   34.20 rps=   0.03

2026-05-05T23:02:48.691Z  INFO 1 --- [lab8-additional-service] [   scheduling-1] r.h.l.a.o.ObservabilityService           : [lab8-additional-service] observability refresh
window 10s
  calc.additional.maxViewersSummary             n=  178 err=   0 errRate=  0.00% avg=   15.54 min=   13.44 max=   66.99 p50=   14.19 p95=   18.06 p99=   56.56 rps=  17.80
  controller.AnalyticsController.maxViewersSummary n=  178 err=   0 errRate=  0.00% avg=   15.72 min=   13.53 max=   67.15 p50=   14.39 p95=   18.30 p99=   56.81 rps=  17.80
  s2s.crud.fetchAllTickets                      n=  178 err=   0 errRate=  0.00% avg=   15.49 min=   13.41 max=   66.94 p50=   14.15 p95=   18.02 p99=   56.51 rps=  17.80
window 30s
  calc.additional.maxViewersSummary             n= 1541 err=   0 errRate=  0.00% avg=   21.05 min=   13.37 max=  209.48 p50=   14.25 p95=   72.92 p99=  119.65 rps=  51.37
  controller.AnalyticsController.maxViewersSummary n= 1541 err=   0 errRate=  0.00% avg=   21.28 min=   13.49 max=  209.57 p50=   14.41 p95=   73.06 p99=  119.94 rps=  51.37
  s2s.crud.fetchAllTickets                      n= 1541 err=   0 errRate=  0.00% avg=   20.98 min=   13.34 max=  209.45 p50=   14.21 p95=   72.89 p99=  119.61 rps=  51.37
  s2s.crud.fetchFilms                           n=    1 err=   0 errRate=  0.00% avg=   31.77 min=   31.77 max=   31.77 p50=   31.77 p95=   31.77 p99=   31.77 rps=   0.03
window 1m
  calc.additional.maxViewersSummary             n= 6144 err=   0 errRate=  0.00% avg=   30.10 min=   13.27 max=  214.10 p50=   14.69 p95=  102.59 p99=  121.78 rps= 102.40
  controller.AnalyticsController.maxViewersSummary n= 6144 err=   0 errRate=  0.00% avg=   30.29 min=   13.35 max=  214.25 p50=   14.85 p95=  102.92 p99=  121.92 rps= 102.40
  s2s.crud.fetchAllTickets                      n= 6144 err=   0 errRate=  0.00% avg=   30.02 min=   13.24 max=  214.07 p50=   14.65 p95=  102.56 p99=  121.75 rps= 102.40
  s2s.crud.fetchFilms                           n=    2 err=   0 errRate=  0.00% avg=   33.00 min=   31.77 max=   34.23 p50=   33.00 p95=   34.10 p99=   34.20 rps=   0.03

2026-05-05T23:02:48.742Z  INFO 1 --- [lab8-additional-service] [   scheduling-1] r.h.l.a.service.FilmCacheService         : film-cache stats: size=300 ttlMs=30000 lastRefreshAtMs=1778022146081 hits=22774 misses=7 refreshes=7
2026-05-05T23:02:49.696Z  INFO 1 --- [lab8-additional-service] [   scheduling-1] r.h.l.a.o.ObservabilityService           : [lab8-additional-service] observability refresh
window 10s
  calc.additional.maxViewersSummary             n=  178 err=   0 errRate=  0.00% avg=   15.51 min=   13.48 max=   66.99 p50=   14.16 p95=   18.06 p99=   56.56 rps=  17.80
  controller.AnalyticsController.maxViewersSummary n=  178 err=   0 errRate=  0.00% avg=   15.68 min=   13.69 max=   67.15 p50=   14.33 p95=   18.30 p99=   56.81 rps=  17.80
  s2s.crud.fetchAllTickets                      n=  178 err=   0 errRate=  0.00% avg=   15.45 min=   13.44 max=   66.94 p50=   14.10 p95=   18.02 p99=   56.51 rps=  17.80
window 30s
  calc.additional.maxViewersSummary             n= 1360 err=   0 errRate=  0.00% avg=   21.91 min=   13.37 max=  209.48 p50=   14.28 p95=   89.39 p99=  121.93 rps=  45.33
  controller.AnalyticsController.maxViewersSummary n= 1360 err=   0 errRate=  0.00% avg=   22.16 min=   13.49 max=  209.57 p50=   14.42 p95=   89.66 p99=  122.13 rps=  45.33
  s2s.crud.fetchAllTickets                      n= 1360 err=   0 errRate=  0.00% avg=   21.84 min=   13.34 max=  209.45 p50=   14.23 p95=   89.35 p99=  121.79 rps=  45.33
  s2s.crud.fetchFilms                           n=    1 err=   0 errRate=  0.00% avg=   31.77 min=   31.77 max=   31.77 p50=   31.77 p95=   31.77 p99=   31.77 rps=   0.03
window 1m
  calc.additional.maxViewersSummary             n= 6009 err=   0 errRate=  0.00% avg=   29.88 min=   13.27 max=  214.10 p50=   14.66 p95=  102.68 p99=  122.18 rps= 100.15
  controller.AnalyticsController.maxViewersSummary n= 6009 err=   0 errRate=  0.00% avg=   30.06 min=   13.35 max=  214.25 p50=   14.82 p95=  102.96 p99=  122.27 rps= 100.15
  s2s.crud.fetchAllTickets                      n= 6009 err=   0 errRate=  0.00% avg=   29.79 min=   13.24 max=  214.07 p50=   14.62 p95=  102.64 p99=  122.16 rps= 100.15
  s2s.crud.fetchFilms                           n=    2 err=   0 errRate=  0.00% avg=   33.00 min=   31.77 max=   34.23 p50=   33.00 p95=   34.10 p99=   34.20 rps=   0.03

2026-05-05T23:02:50.703Z  INFO 1 --- [lab8-additional-service] [   scheduling-1] r.h.l.a.o.ObservabilityService           : [lab8-additional-service] observability refresh
window 10s
  calc.additional.maxViewersSummary             n=  183 err=   0 errRate=  0.00% avg=   14.99 min=   13.48 max=   64.74 p50=   14.14 p95=   17.32 p99=   26.86 rps=  18.30
  controller.AnalyticsController.maxViewersSummary n=  183 err=   0 errRate=  0.00% avg=   15.15 min=   13.69 max=   64.94 p50=   14.32 p95=   17.46 p99=   27.04 rps=  18.30
  s2s.crud.fetchAllTickets                      n=  183 err=   0 errRate=  0.00% avg=   14.93 min=   13.44 max=   64.68 p50=   14.10 p95=   17.26 p99=   26.81 rps=  18.30
window 30s
  calc.additional.maxViewersSummary             n= 1205 err=   0 errRate=  0.00% avg=   21.07 min=   13.37 max=  209.48 p50=   14.24 p95=   93.61 p99=  123.81 rps=  40.17
  controller.AnalyticsController.maxViewersSummary n= 1205 err=   0 errRate=  0.00% avg=   21.21 min=   13.49 max=  209.57 p50=   14.40 p95=   93.90 p99=  124.50 rps=  40.17
  s2s.crud.fetchAllTickets                      n= 1205 err=   0 errRate=  0.00% avg=   21.00 min=   13.34 max=  209.45 p50=   14.20 p95=   93.58 p99=  123.77 rps=  40.17
  s2s.crud.fetchFilms                           n=    1 err=   0 errRate=  0.00% avg=   31.77 min=   31.77 max=   31.77 p50=   31.77 p95=   31.77 p99=   31.77 rps=   0.03
window 1m
  calc.additional.maxViewersSummary             n= 5925 err=   0 errRate=  0.00% avg=   29.19 min=   13.27 max=  214.10 p50=   14.64 p95=  101.96 p99=  120.84 rps=  98.75
  controller.AnalyticsController.maxViewersSummary n= 5925 err=   0 errRate=  0.00% avg=   29.37 min=   13.35 max=  214.25 p50=   14.79 p95=  102.15 p99=  120.93 rps=  98.75
  s2s.crud.fetchAllTickets                      n= 5925 err=   0 errRate=  0.00% avg=   29.11 min=   13.24 max=  214.07 p50=   14.59 p95=  101.86 p99=  120.66 rps=  98.75
  s2s.crud.fetchFilms                           n=    2 err=   0 errRate=  0.00% avg=   33.00 min=   31.77 max=   34.23 p50=   33.00 p95=   34.10 p99=   34.20 rps=   0.03

2026-05-05T23:02:51.708Z  INFO 1 --- [lab8-additional-service] [   scheduling-1] r.h.l.a.o.ObservabilityService           : [lab8-additional-service] observability refresh
window 10s
  calc.additional.maxViewersSummary             n=  184 err=   0 errRate=  0.00% avg=   16.12 min=   13.48 max=  225.39 p50=   14.15 p95=   17.46 p99=   35.20 rps=  18.40
  controller.AnalyticsController.maxViewersSummary n=  184 err=   0 errRate=  0.00% avg=   16.28 min=   13.60 max=  225.52 p50=   14.33 p95=   17.62 p99=   35.46 rps=  18.40
  s2s.crud.fetchAllTickets                      n=  184 err=   0 errRate=  0.00% avg=   16.06 min=   13.44 max=  225.35 p50=   14.10 p95=   17.43 p99=   35.16 rps=  18.40
window 30s
  calc.additional.maxViewersSummary             n= 1017 err=   0 errRate=  0.00% avg=   22.49 min=   13.44 max=  225.39 p50=   14.31 p95=  100.44 p99=  127.99 rps=  33.90
  controller.AnalyticsController.maxViewersSummary n= 1018 err=   0 errRate=  0.00% avg=   22.63 min=   13.53 max=  225.52 p50=   14.44 p95=  100.54 p99=  128.07 rps=  33.93
  s2s.crud.fetchAllTickets                      n= 1017 err=   0 errRate=  0.00% avg=   22.41 min=   13.41 max=  225.35 p50=   14.25 p95=  100.40 p99=  127.96 rps=  33.90
  s2s.crud.fetchFilms                           n=    1 err=   0 errRate=  0.00% avg=   31.77 min=   31.77 max=   31.77 p50=   31.77 p95=   31.77 p99=   31.77 rps=   0.03
window 1m
  calc.additional.maxViewersSummary             n= 5800 err=   0 errRate=  0.00% avg=   29.15 min=   13.27 max=  225.39 p50=   14.63 p95=  102.03 p99=  121.34 rps=  96.67
  controller.AnalyticsController.maxViewersSummary n= 5800 err=   0 errRate=  0.00% avg=   29.33 min=   13.35 max=  225.52 p50=   14.79 p95=  102.21 p99=  121.46 rps=  96.67
  s2s.crud.fetchAllTickets                      n= 5800 err=   0 errRate=  0.00% avg=   29.06 min=   13.24 max=  225.35 p50=   14.59 p95=  101.97 p99=  121.30 rps=  96.67
  s2s.crud.fetchFilms                           n=    2 err=   0 errRate=  0.00% avg=   33.00 min=   31.77 max=   34.23 p50=   33.00 p95=   34.10 p99=   34.20 rps=   0.03

2026-05-05T23:02:52.713Z  INFO 1 --- [lab8-additional-service] [   scheduling-1] r.h.l.a.o.ObservabilityService           : [lab8-additional-service] observability refresh
window 10s
  calc.additional.maxViewersSummary             n=  179 err=   0 errRate=  0.00% avg=   16.25 min=   13.51 max=  225.39 p50=   14.16 p95=   18.66 p99=   36.98 rps=  17.90
  controller.AnalyticsController.maxViewersSummary n=  179 err=   0 errRate=  0.00% avg=   16.40 min=   13.60 max=  225.52 p50=   14.34 p95=   18.78 p99=   37.24 rps=  17.90
  s2s.crud.fetchAllTickets                      n=  179 err=   0 errRate=  0.00% avg=   16.20 min=   13.47 max=  225.35 p50=   14.10 p95=   18.62 p99=   36.94 rps=  17.90
window 30s
  calc.additional.maxViewersSummary             n=  872 err=   0 errRate=  0.00% avg=   22.78 min=   13.44 max=  225.39 p50=   14.33 p95=  102.26 p99=  128.78 rps=  29.07
  controller.AnalyticsController.maxViewersSummary n=  872 err=   0 errRate=  0.00% avg=   22.93 min=   13.53 max=  225.52 p50=   14.48 p95=  102.43 p99=  129.24 rps=  29.07
  s2s.crud.fetchAllTickets                      n=  872 err=   0 errRate=  0.00% avg=   22.70 min=   13.41 max=  225.35 p50=   14.28 p95=  102.23 p99=  128.75 rps=  29.07
  s2s.crud.fetchFilms                           n=    1 err=   0 errRate=  0.00% avg=   31.77 min=   31.77 max=   31.77 p50=   31.77 p95=   31.77 p99=   31.77 rps=   0.03
window 1m
  calc.additional.maxViewersSummary             n= 5647 err=   0 errRate=  0.00% avg=   29.20 min=   13.27 max=  225.39 p50=   14.63 p95=  102.25 p99=  121.44 rps=  94.12
  controller.AnalyticsController.maxViewersSummary n= 5647 err=   0 errRate=  0.00% avg=   29.38 min=   13.35 max=  225.52 p50=   14.77 p95=  102.49 p99=  121.59 rps=  94.12
  s2s.crud.fetchAllTickets                      n= 5647 err=   0 errRate=  0.00% avg=   29.11 min=   13.24 max=  225.35 p50=   14.58 p95=  102.16 p99=  121.40 rps=  94.12
  s2s.crud.fetchFilms                           n=    2 err=   0 errRate=  0.00% avg=   33.00 min=   31.77 max=   34.23 p50=   33.00 p95=   34.10 p99=   34.20 rps=   0.03

2026-05-05T23:02:53.716Z  INFO 1 --- [lab8-additional-service] [   scheduling-1] r.h.l.a.o.ObservabilityService           : [lab8-additional-service] observability refresh
window 10s
  calc.additional.maxViewersSummary             n=  185 err=   0 errRate=  0.00% avg=   16.18 min=   13.51 max=  225.39 p50=   14.16 p95=   18.38 p99=   34.84 rps=  18.50
  controller.AnalyticsController.maxViewersSummary n=  185 err=   0 errRate=  0.00% avg=   16.34 min=   13.60 max=  225.52 p50=   14.31 p95=   18.49 p99=   35.11 rps=  18.50
  s2s.crud.fetchAllTickets                      n=  185 err=   0 errRate=  0.00% avg=   16.14 min=   13.47 max=  225.35 p50=   14.10 p95=   18.34 p99=   34.81 rps=  18.50
window 30s
  calc.additional.maxViewersSummary             n=  767 err=   0 errRate=  0.00% avg=   18.68 min=   13.44 max=  225.39 p50=   14.23 p95=   34.67 p99=  113.67 rps=  25.57
  controller.AnalyticsController.maxViewersSummary n=  767 err=   0 errRate=  0.00% avg=   18.83 min=   13.53 max=  225.52 p50=   14.40 p95=   34.76 p99=  113.98 rps=  25.57
  s2s.crud.fetchAllTickets                      n=  767 err=   0 errRate=  0.00% avg=   18.59 min=   13.41 max=  225.35 p50=   14.18 p95=   30.17 p99=  113.62 rps=  25.57
  s2s.crud.fetchFilms                           n=    1 err=   0 errRate=  0.00% avg=   31.77 min=   31.77 max=   31.77 p50=   31.77 p95=   31.77 p99=   31.77 rps=   0.03
window 1m
  calc.additional.maxViewersSummary             n= 5504 err=   0 errRate=  0.00% avg=   29.17 min=   13.27 max=  225.39 p50=   14.61 p95=  102.18 p99=  121.43 rps=  91.73
  controller.AnalyticsController.maxViewersSummary n= 5504 err=   0 errRate=  0.00% avg=   29.35 min=   13.35 max=  225.52 p50=   14.76 p95=  102.39 p99=  121.54 rps=  91.73
  s2s.crud.fetchAllTickets                      n= 5504 err=   0 errRate=  0.00% avg=   29.08 min=   13.24 max=  225.35 p50=   14.56 p95=  102.01 p99=  121.38 rps=  91.73
  s2s.crud.fetchFilms                           n=    2 err=   0 errRate=  0.00% avg=   33.00 min=   31.77 max=   34.23 p50=   33.00 p95=   34.10 p99=   34.20 rps=   0.03

2026-05-05T23:02:54.720Z  INFO 1 --- [lab8-additional-service] [   scheduling-1] r.h.l.a.o.ObservabilityService           : [lab8-additional-service] observability refresh
window 10s
  calc.additional.maxViewersSummary             n=  185 err=   0 errRate=  0.00% avg=   15.78 min=   13.51 max=  225.39 p50=   14.14 p95=   17.32 p99=   21.82 rps=  18.50
  controller.AnalyticsController.maxViewersSummary n=  185 err=   0 errRate=  0.00% avg=   15.93 min=   13.60 max=  225.52 p50=   14.28 p95=   17.45 p99=   21.98 rps=  18.50
  s2s.crud.fetchAllTickets                      n=  185 err=   0 errRate=  0.00% avg=   15.72 min=   13.47 max=  225.35 p50=   14.10 p95=   17.26 p99=   21.77 rps=  18.50
window 30s
  calc.additional.maxViewersSummary             n=  588 err=   0 errRate=  0.00% avg=   19.90 min=   13.44 max=  225.39 p50=   14.26 p95=   46.38 p99=  119.56 rps=  19.60
  controller.AnalyticsController.maxViewersSummary n=  588 err=   0 errRate=  0.00% avg=   20.06 min=   13.53 max=  225.52 p50=   14.43 p95=   46.53 p99=  119.73 rps=  19.60
  s2s.crud.fetchAllTickets                      n=  588 err=   0 errRate=  0.00% avg=   19.79 min=   13.41 max=  225.35 p50=   14.21 p95=   45.75 p99=  119.51 rps=  19.60
  s2s.crud.fetchFilms                           n=    1 err=   0 errRate=  0.00% avg=   31.77 min=   31.77 max=   31.77 p50=   31.77 p95=   31.77 p99=   31.77 rps=   0.03
window 1m
  calc.additional.maxViewersSummary             n= 5392 err=   0 errRate=  0.00% avg=   28.82 min=   13.27 max=  225.39 p50=   14.58 p95=  102.03 p99=  120.32 rps=  89.87
  controller.AnalyticsController.maxViewersSummary n= 5392 err=   0 errRate=  0.00% avg=   29.00 min=   13.35 max=  225.52 p50=   14.73 p95=  102.32 p99=  120.46 rps=  89.87
  s2s.crud.fetchAllTickets                      n= 5392 err=   0 errRate=  0.00% avg=   28.73 min=   13.24 max=  225.35 p50=   14.54 p95=  101.98 p99=  120.28 rps=  89.87
  s2s.crud.fetchFilms                           n=    2 err=   0 errRate=  0.00% avg=   33.00 min=   31.77 max=   34.23 p50=   33.00 p95=   34.10 p99=   34.20 rps=   0.03

2026-05-05T23:02:55.724Z  INFO 1 --- [lab8-additional-service] [   scheduling-1] r.h.l.a.o.ObservabilityService           : [lab8-additional-service] observability refresh
window 10s
  calc.additional.maxViewersSummary             n=  190 err=   0 errRate=  0.00% avg=   15.78 min=   13.50 max=  225.39 p50=   14.16 p95=   17.32 p99=   21.76 rps=  19.00
  controller.AnalyticsController.maxViewersSummary n=  190 err=   0 errRate=  0.00% avg=   15.93 min=   13.59 max=  225.52 p50=   14.31 p95=   17.44 p99=   21.98 rps=  19.00
  s2s.crud.fetchAllTickets                      n=  190 err=   0 errRate=  0.00% avg=   15.72 min=   13.47 max=  225.35 p50=   14.10 p95=   17.24 p99=   21.63 rps=  19.00
window 30s
  calc.additional.maxViewersSummary             n=  516 err=   0 errRate=  0.00% avg=   20.50 min=   13.44 max=  225.39 p50=   14.26 p95=   54.55 p99=  119.70 rps=  17.20
  controller.AnalyticsController.maxViewersSummary n=  516 err=   0 errRate=  0.00% avg=   20.66 min=   13.53 max=  225.52 p50=   14.42 p95=   54.79 p99=  120.05 rps=  17.20
  s2s.crud.fetchAllTickets                      n=  516 err=   0 errRate=  0.00% avg=   20.38 min=   13.41 max=  225.35 p50=   14.20 p95=   54.50 p99=  119.66 rps=  17.20
  s2s.crud.fetchFilms                           n=    1 err=   0 errRate=  0.00% avg=   31.77 min=   31.77 max=   31.77 p50=   31.77 p95=   31.77 p99=   31.77 rps=   0.03
window 1m
  calc.additional.maxViewersSummary             n= 5263 err=   0 errRate=  0.00% avg=   28.64 min=   13.27 max=  225.39 p50=   14.58 p95=  102.04 p99=  120.43 rps=  87.72
  controller.AnalyticsController.maxViewersSummary n= 5263 err=   0 errRate=  0.00% avg=   28.82 min=   13.35 max=  225.52 p50=   14.72 p95=  102.34 p99=  120.55 rps=  87.72
  s2s.crud.fetchAllTickets                      n= 5263 err=   0 errRate=  0.00% avg=   28.55 min=   13.24 max=  225.35 p50=   14.52 p95=  102.00 p99=  120.37 rps=  87.72
  s2s.crud.fetchFilms                           n=    2 err=   0 errRate=  0.00% avg=   33.00 min=   31.77 max=   34.23 p50=   33.00 p95=   34.10 p99=   34.20 rps=   0.03

2026-05-05T23:02:56.727Z  INFO 1 --- [lab8-additional-service] [   scheduling-1] r.h.l.a.o.ObservabilityService           : [lab8-additional-service] observability refresh
window 10s
  calc.additional.maxViewersSummary             n=  199 err=   0 errRate=  0.00% avg=   15.83 min=   13.50 max=  225.39 p50=   14.16 p95=   17.32 p99=   21.71 rps=  19.90
  controller.AnalyticsController.maxViewersSummary n=  199 err=   0 errRate=  0.00% avg=   15.97 min=   13.59 max=  225.52 p50=   14.29 p95=   17.42 p99=   21.93 rps=  19.90
  s2s.crud.fetchAllTickets                      n=  199 err=   0 errRate=  0.00% avg=   15.62 min=   13.47 max=  225.35 p50=   14.10 p95=   17.20 p99=   20.91 rps=  19.90
  s2s.crud.fetchFilms                           n=    1 err=   0 errRate=  0.00% avg=   28.68 min=   28.68 max=   28.68 p50=   28.68 p95=   28.68 p99=   28.68 rps=   0.10
window 30s
  calc.additional.maxViewersSummary             n=  530 err=   0 errRate=  0.00% avg=   20.34 min=   13.44 max=  225.39 p50=   14.26 p95=   50.84 p99=  119.67 rps=  17.67
  controller.AnalyticsController.maxViewersSummary n=  530 err=   0 errRate=  0.00% avg=   20.49 min=   13.53 max=  225.52 p50=   14.42 p95=   51.02 p99=  119.99 rps=  17.67
  s2s.crud.fetchAllTickets                      n=  530 err=   0 errRate=  0.00% avg=   20.22 min=   13.41 max=  225.35 p50=   14.19 p95=   50.66 p99=  119.63 rps=  17.67
  s2s.crud.fetchFilms                           n=    1 err=   0 errRate=  0.00% avg=   28.68 min=   28.68 max=   28.68 p50=   28.68 p95=   28.68 p99=   28.68 rps=   0.03
window 1m
  calc.additional.maxViewersSummary             n= 5145 err=   0 errRate=  0.00% avg=   28.38 min=   13.27 max=  225.39 p50=   14.53 p95=  102.02 p99=  120.79 rps=  85.75
  controller.AnalyticsController.maxViewersSummary n= 5145 err=   0 errRate=  0.00% avg=   28.57 min=   13.35 max=  225.52 p50=   14.69 p95=  102.28 p99=  120.88 rps=  85.75
  s2s.crud.fetchAllTickets                      n= 5145 err=   0 errRate=  0.00% avg=   28.33 min=   13.24 max=  225.35 p50=   14.49 p95=  101.97 p99=  120.64 rps=  85.75
  s2s.crud.fetchFilms                           n=    2 err=   0 errRate=  0.00% avg=   30.22 min=   28.68 max=   31.77 p50=   30.22 p95=   31.61 p99=   31.74 rps=   0.03

2026-05-05T23:02:57.730Z  INFO 1 --- [lab8-additional-service] [   scheduling-1] r.h.l.a.o.ObservabilityService           : [lab8-additional-service] observability refresh
window 10s
  calc.additional.maxViewersSummary             n=  200 err=   0 errRate=  0.00% avg=   15.99 min=   13.50 max=  225.39 p50=   14.13 p95=   17.74 p99=   38.31 rps=  20.00
  controller.AnalyticsController.maxViewersSummary n=  200 err=   0 errRate=  0.00% avg=   16.12 min=   13.59 max=  225.52 p50=   14.27 p95=   17.82 p99=   38.46 rps=  20.00
  s2s.crud.fetchAllTickets                      n=  200 err=   0 errRate=  0.00% avg=   15.79 min=   13.47 max=  225.35 p50=   14.07 p95=   17.68 p99=   25.77 rps=  20.00
  s2s.crud.fetchFilms                           n=    1 err=   0 errRate=  0.00% avg=   28.68 min=   28.68 max=   28.68 p50=   28.68 p95=   28.68 p99=   28.68 rps=   0.10
window 30s
  calc.additional.maxViewersSummary             n=  532 err=   0 errRate=  0.00% avg=   18.46 min=   13.44 max=  225.39 p50=   14.23 p95=   36.56 p99=  116.43 rps=  17.73
  controller.AnalyticsController.maxViewersSummary n=  532 err=   0 errRate=  0.00% avg=   18.61 min=   13.53 max=  225.52 p50=   14.40 p95=   36.66 p99=  116.77 rps=  17.73
  s2s.crud.fetchAllTickets                      n=  532 err=   0 errRate=  0.00% avg=   18.35 min=   13.41 max=  225.35 p50=   14.18 p95=   32.37 p99=  116.38 rps=  17.73
  s2s.crud.fetchFilms                           n=    1 err=   0 errRate=  0.00% avg=   28.68 min=   28.68 max=   28.68 p50=   28.68 p95=   28.68 p99=   28.68 rps=   0.03
window 1m
  calc.additional.maxViewersSummary             n= 4989 err=   0 errRate=  0.00% avg=   28.48 min=   13.27 max=  225.39 p50=   14.53 p95=  102.51 p99=  121.43 rps=  83.15
  controller.AnalyticsController.maxViewersSummary n= 4989 err=   0 errRate=  0.00% avg=   28.67 min=   13.35 max=  225.52 p50=   14.68 p95=  102.71 p99=  121.56 rps=  83.15
  s2s.crud.fetchAllTickets                      n= 4989 err=   0 errRate=  0.00% avg=   28.43 min=   13.24 max=  225.35 p50=   14.48 p95=  102.39 p99=  121.39 rps=  83.15
  s2s.crud.fetchFilms                           n=    2 err=   0 errRate=  0.00% avg=   30.22 min=   28.68 max=   31.77 p50=   30.22 p95=   31.61 p99=   31.74 rps=   0.03

2026-05-05T23:02:58.733Z  INFO 1 --- [lab8-additional-service] [   scheduling-1] r.h.l.a.o.ObservabilityService           : [lab8-additional-service] observability refresh
window 10s
  calc.additional.maxViewersSummary             n=  187 err=   0 errRate=  0.00% avg=   16.11 min=   13.50 max=  225.39 p50=   14.12 p95=   18.15 p99=   39.43 rps=  18.70
  controller.AnalyticsController.maxViewersSummary n=  187 err=   0 errRate=  0.00% avg=   16.24 min=   13.59 max=  225.52 p50=   14.27 p95=   18.24 p99=   39.57 rps=  18.70
  s2s.crud.fetchAllTickets                      n=  187 err=   0 errRate=  0.00% avg=   15.90 min=   13.47 max=  225.35 p50=   14.07 p95=   17.73 p99=   27.39 rps=  18.70
  s2s.crud.fetchFilms                           n=    1 err=   0 errRate=  0.00% avg=   28.68 min=   28.68 max=   28.68 p50=   28.68 p95=   28.68 p99=   28.68 rps=   0.10
window 30s
  calc.additional.maxViewersSummary             n=  529 err=   0 errRate=  0.00% avg=   17.78 min=   13.44 max=  225.39 p50=   14.21 p95=   26.18 p99=  101.12 rps=  17.63
  controller.AnalyticsController.maxViewersSummary n=  529 err=   0 errRate=  0.00% avg=   17.93 min=   13.53 max=  225.52 p50=   14.37 p95=   26.33 p99=  101.61 rps=  17.63
  s2s.crud.fetchAllTickets                      n=  529 err=   0 errRate=  0.00% avg=   17.66 min=   13.41 max=  225.35 p50=   14.15 p95=   25.78 p99=  101.07 rps=  17.63
  s2s.crud.fetchFilms                           n=    1 err=   0 errRate=  0.00% avg=   28.68 min=   28.68 max=   28.68 p50=   28.68 p95=   28.68 p99=   28.68 rps=   0.03
window 1m
  calc.additional.maxViewersSummary             n= 4849 err=   0 errRate=  0.00% avg=   28.50 min=   13.27 max=  225.39 p50=   14.51 p95=  102.51 p99=  121.44 rps=  80.82
  controller.AnalyticsController.maxViewersSummary n= 4849 err=   0 errRate=  0.00% avg=   28.68 min=   13.35 max=  225.52 p50=   14.65 p95=  102.71 p99=  121.63 rps=  80.82
  s2s.crud.fetchAllTickets                      n= 4849 err=   0 errRate=  0.00% avg=   28.44 min=   13.24 max=  225.35 p50=   14.46 p95=  102.39 p99=  121.40 rps=  80.82
  s2s.crud.fetchFilms                           n=    2 err=   0 errRate=  0.00% avg=   30.22 min=   28.68 max=   31.77 p50=   30.22 p95=   31.61 p99=   31.74 rps=   0.03

2026-05-05T23:02:58.742Z  INFO 1 --- [lab8-additional-service] [   scheduling-1] r.h.l.a.service.FilmCacheService         : film-cache stats: size=300 ttlMs=30000 lastRefreshAtMs=1778022176121 hits=22959 misses=8 refreshes=8
2026-05-05T23:02:59.735Z  INFO 1 --- [lab8-additional-service] [   scheduling-1] r.h.l.a.o.ObservabilityService           : [lab8-additional-service] observability refresh
window 10s
  calc.additional.maxViewersSummary             n=  184 err=   0 errRate=  0.00% avg=   16.73 min=   13.50 max=  225.39 p50=   14.18 p95=   21.16 p99=   54.21 rps=  18.40
  controller.AnalyticsController.maxViewersSummary n=  184 err=   0 errRate=  0.00% avg=   16.86 min=   13.59 max=  225.52 p50=   14.33 p95=   21.36 p99=   54.32 rps=  18.40
  s2s.crud.fetchAllTickets                      n=  184 err=   0 errRate=  0.00% avg=   16.51 min=   13.47 max=  225.35 p50=   14.12 p95=   20.80 p99=   46.99 rps=  18.40
  s2s.crud.fetchFilms                           n=    1 err=   0 errRate=  0.00% avg=   28.68 min=   28.68 max=   28.68 p50=   28.68 p95=   28.68 p99=   28.68 rps=   0.10
window 30s
  calc.additional.maxViewersSummary             n=  525 err=   0 errRate=  0.00% avg=   17.85 min=   13.44 max=  225.39 p50=   14.21 p95=   25.06 p99=  101.13 rps=  17.50
  controller.AnalyticsController.maxViewersSummary n=  525 err=   0 errRate=  0.00% avg=   18.00 min=   13.53 max=  225.52 p50=   14.39 p95=   25.23 p99=  101.64 rps=  17.50
  s2s.crud.fetchAllTickets                      n=  525 err=   0 errRate=  0.00% avg=   17.73 min=   13.41 max=  225.35 p50=   14.16 p95=   22.49 p99=  101.09 rps=  17.50
  s2s.crud.fetchFilms                           n=    1 err=   0 errRate=  0.00% avg=   28.68 min=   28.68 max=   28.68 p50=   28.68 p95=   28.68 p99=   28.68 rps=   0.03
window 1m
  calc.additional.maxViewersSummary             n= 4768 err=   0 errRate=  0.00% avg=   27.38 min=   13.27 max=  225.39 p50=   14.48 p95=  101.08 p99=  119.24 rps=  79.47
  controller.AnalyticsController.maxViewersSummary n= 4768 err=   0 errRate=  0.00% avg=   27.56 min=   13.35 max=  225.52 p50=   14.63 p95=  101.33 p99=  119.46 rps=  79.47
  s2s.crud.fetchAllTickets                      n= 4768 err=   0 errRate=  0.00% avg=   27.32 min=   13.24 max=  225.35 p50=   14.43 p95=  100.95 p99=  119.20 rps=  79.47
  s2s.crud.fetchFilms                           n=    2 err=   0 errRate=  0.00% avg=   30.22 min=   28.68 max=   31.77 p50=   30.22 p95=   31.61 p99=   31.74 rps=   0.03

2026-05-05T23:03:00.738Z  INFO 1 --- [lab8-additional-service] [   scheduling-1] r.h.l.a.o.ObservabilityService           : [lab8-additional-service] observability refresh
window 10s
  calc.additional.maxViewersSummary             n=  180 err=   0 errRate=  0.00% avg=   16.71 min=   13.46 max=  225.39 p50=   14.15 p95=   21.20 p99=   55.95 rps=  18.00
  controller.AnalyticsController.maxViewersSummary n=  180 err=   0 errRate=  0.00% avg=   16.84 min=   13.55 max=  225.52 p50=   14.29 p95=   21.40 p99=   56.06 rps=  18.00
  s2s.crud.fetchAllTickets                      n=  180 err=   0 errRate=  0.00% avg=   16.49 min=   13.44 max=  225.35 p50=   14.08 p95=   20.91 p99=   49.07 rps=  18.00
  s2s.crud.fetchFilms                           n=    1 err=   0 errRate=  0.00% avg=   28.68 min=   28.68 max=   28.68 p50=   28.68 p95=   28.68 p99=   28.68 rps=   0.10
window 30s
  calc.additional.maxViewersSummary             n=  532 err=   0 errRate=  0.00% avg=   17.79 min=   13.44 max=  225.39 p50=   14.20 p95=   23.99 p99=  101.11 rps=  17.73
  controller.AnalyticsController.maxViewersSummary n=  532 err=   0 errRate=  0.00% avg=   17.94 min=   13.53 max=  225.52 p50=   14.37 p95=   24.19 p99=  101.59 rps=  17.73
  s2s.crud.fetchAllTickets                      n=  532 err=   0 errRate=  0.00% avg=   17.68 min=   13.41 max=  225.35 p50=   14.15 p95=   22.38 p99=  101.06 rps=  17.73
  s2s.crud.fetchFilms                           n=    1 err=   0 errRate=  0.00% avg=   28.68 min=   28.68 max=   28.68 p50=   28.68 p95=   28.68 p99=   28.68 rps=   0.03
window 1m
  calc.additional.maxViewersSummary             n= 4643 err=   0 errRate=  0.00% avg=   26.44 min=   13.27 max=  225.39 p50=   14.44 p95=  100.53 p99=  115.41 rps=  77.38
  controller.AnalyticsController.maxViewersSummary n= 4643 err=   0 errRate=  0.00% avg=   26.63 min=   13.35 max=  225.52 p50=   14.59 p95=  100.72 p99=  115.55 rps=  77.38
  s2s.crud.fetchAllTickets                      n= 4643 err=   0 errRate=  0.00% avg=   26.39 min=   13.24 max=  225.35 p50=   14.39 p95=  100.50 p99=  115.38 rps=  77.38
  s2s.crud.fetchFilms                           n=    2 err=   0 errRate=  0.00% avg=   30.22 min=   28.68 max=   31.77 p50=   30.22 p95=   31.61 p99=   31.74 rps=   0.03

2026-05-05T23:03:01.743Z  INFO 1 --- [lab8-additional-service] [   scheduling-1] r.h.l.a.o.ObservabilityService           : [lab8-additional-service] observability refresh
window 10s
  calc.additional.maxViewersSummary             n=  182 err=   0 errRate=  0.00% avg=   15.52 min=   13.46 max=   90.26 p50=   14.13 p95=   20.91 p99=   39.86 rps=  18.20
  controller.AnalyticsController.maxViewersSummary n=  182 err=   0 errRate=  0.00% avg=   15.65 min=   13.55 max=   90.45 p50=   14.29 p95=   21.08 p99=   39.99 rps=  18.20
  s2s.crud.fetchAllTickets                      n=  182 err=   0 errRate=  0.00% avg=   15.30 min=   13.44 max=   90.15 p50=   14.08 p95=   20.18 p99=   28.57 rps=  18.20
  s2s.crud.fetchFilms                           n=    1 err=   0 errRate=  0.00% avg=   28.68 min=   28.68 max=   28.68 p50=   28.68 p95=   28.68 p99=   28.68 rps=   0.10
window 30s
  calc.additional.maxViewersSummary             n=  534 err=   0 errRate=  0.00% avg=   17.61 min=   13.44 max=  225.39 p50=   14.19 p95=   21.69 p99=  101.10 rps=  17.80
  controller.AnalyticsController.maxViewersSummary n=  534 err=   0 errRate=  0.00% avg=   17.76 min=   13.53 max=  225.52 p50=   14.36 p95=   21.83 p99=  101.58 rps=  17.80
  s2s.crud.fetchAllTickets                      n=  534 err=   0 errRate=  0.00% avg=   17.50 min=   13.41 max=  225.35 p50=   14.14 p95=   21.31 p99=  101.05 rps=  17.80
  s2s.crud.fetchFilms                           n=    1 err=   0 errRate=  0.00% avg=   28.68 min=   28.68 max=   28.68 p50=   28.68 p95=   28.68 p99=   28.68 rps=   0.03
window 1m
  calc.additional.maxViewersSummary             n= 4520 err=   0 errRate=  0.00% avg=   25.73 min=   13.27 max=  225.39 p50=   14.42 p95=  100.27 p99=  114.81 rps=  75.33
  controller.AnalyticsController.maxViewersSummary n= 4520 err=   0 errRate=  0.00% avg=   25.91 min=   13.35 max=  225.52 p50=   14.57 p95=  100.51 p99=  114.91 rps=  75.33
  s2s.crud.fetchAllTickets                      n= 4520 err=   0 errRate=  0.00% avg=   25.67 min=   13.24 max=  225.35 p50=   14.37 p95=  100.23 p99=  114.78 rps=  75.33
  s2s.crud.fetchFilms                           n=    2 err=   0 errRate=  0.00% avg=   30.22 min=   28.68 max=   31.77 p50=   30.22 p95=   31.61 p99=   31.74 rps=   0.03

2026-05-05T23:03:02.747Z  INFO 1 --- [lab8-additional-service] [   scheduling-1] r.h.l.a.o.ObservabilityService           : [lab8-additional-service] observability refresh
window 10s
  calc.additional.maxViewersSummary             n=  177 err=   0 errRate=  0.00% avg=   15.42 min=   13.46 max=   90.26 p50=   14.12 p95=   18.95 p99=   40.29 rps=  17.70
  controller.AnalyticsController.maxViewersSummary n=  177 err=   0 errRate=  0.00% avg=   15.55 min=   13.55 max=   90.45 p50=   14.28 p95=   19.06 p99=   40.42 rps=  17.70
  s2s.crud.fetchAllTickets                      n=  177 err=   0 errRate=  0.00% avg=   15.20 min=   13.44 max=   90.15 p50=   14.07 p95=   18.11 p99=   29.16 rps=  17.70
  s2s.crud.fetchFilms                           n=    1 err=   0 errRate=  0.00% avg=   28.68 min=   28.68 max=   28.68 p50=   28.68 p95=   28.68 p99=   28.68 rps=   0.10
window 30s
  calc.additional.maxViewersSummary             n=  520 err=   0 errRate=  0.00% avg=   17.68 min=   13.44 max=  225.39 p50=   14.19 p95=   22.30 p99=  101.15 rps=  17.33
  controller.AnalyticsController.maxViewersSummary n=  520 err=   0 errRate=  0.00% avg=   17.83 min=   13.53 max=  225.52 p50=   14.34 p95=   22.45 p99=  101.67 rps=  17.33
  s2s.crud.fetchAllTickets                      n=  520 err=   0 errRate=  0.00% avg=   17.57 min=   13.41 max=  225.35 p50=   14.14 p95=   21.39 p99=  101.11 rps=  17.33
  s2s.crud.fetchFilms                           n=    1 err=   0 errRate=  0.00% avg=   28.68 min=   28.68 max=   28.68 p50=   28.68 p95=   28.68 p99=   28.68 rps=   0.03
window 1m
  calc.additional.maxViewersSummary             n= 4333 err=   0 errRate=  0.00% avg=   25.99 min=   13.27 max=  225.39 p50=   14.42 p95=  100.41 p99=  116.00 rps=  72.22
  controller.AnalyticsController.maxViewersSummary n= 4333 err=   0 errRate=  0.00% avg=   26.18 min=   13.35 max=  225.52 p50=   14.57 p95=  100.61 p99=  116.13 rps=  72.22
  s2s.crud.fetchAllTickets                      n= 4333 err=   0 errRate=  0.00% avg=   25.93 min=   13.24 max=  225.35 p50=   14.38 p95=  100.38 p99=  115.96 rps=  72.22
  s2s.crud.fetchFilms                           n=    2 err=   0 errRate=  0.00% avg=   30.22 min=   28.68 max=   31.77 p50=   30.22 p95=   31.61 p99=   31.74 rps=   0.03

2026-05-05T23:03:03.750Z  INFO 1 --- [lab8-additional-service] [   scheduling-1] r.h.l.a.o.ObservabilityService           : [lab8-additional-service] observability refresh
window 10s
  calc.additional.maxViewersSummary             n=  179 err=   0 errRate=  0.00% avg=   15.45 min=   13.46 max=   90.26 p50=   14.18 p95=   18.67 p99=   40.11 rps=  17.90
  controller.AnalyticsController.maxViewersSummary n=  179 err=   0 errRate=  0.00% avg=   15.58 min=   13.55 max=   90.45 p50=   14.32 p95=   18.77 p99=   40.25 rps=  17.90
  s2s.crud.fetchAllTickets                      n=  179 err=   0 errRate=  0.00% avg=   15.23 min=   13.44 max=   90.15 p50=   14.13 p95=   18.08 p99=   28.92 rps=  17.90
  s2s.crud.fetchFilms                           n=    1 err=   0 errRate=  0.00% avg=   28.68 min=   28.68 max=   28.68 p50=   28.68 p95=   28.68 p99=   28.68 rps=   0.10
window 30s
  calc.additional.maxViewersSummary             n=  526 err=   0 errRate=  0.00% avg=   17.64 min=   13.44 max=  225.39 p50=   14.19 p95=   22.06 p99=  101.13 rps=  17.53
  controller.AnalyticsController.maxViewersSummary n=  526 err=   0 errRate=  0.00% avg=   17.79 min=   13.53 max=  225.52 p50=   14.35 p95=   22.18 p99=  101.63 rps=  17.53
  s2s.crud.fetchAllTickets                      n=  526 err=   0 errRate=  0.00% avg=   17.53 min=   13.41 max=  225.35 p50=   14.14 p95=   21.31 p99=  101.08 rps=  17.53
  s2s.crud.fetchFilms                           n=    1 err=   0 errRate=  0.00% avg=   28.68 min=   28.68 max=   28.68 p50=   28.68 p95=   28.68 p99=   28.68 rps=   0.03
window 1m
  calc.additional.maxViewersSummary             n= 4176 err=   0 errRate=  0.00% avg=   26.32 min=   13.27 max=  225.39 p50=   14.42 p95=  100.60 p99=  116.94 rps=  69.60
  controller.AnalyticsController.maxViewersSummary n= 4176 err=   0 errRate=  0.00% avg=   26.51 min=   13.35 max=  225.52 p50=   14.58 p95=  100.87 p99=  117.05 rps=  69.60
  s2s.crud.fetchAllTickets                      n= 4176 err=   0 errRate=  0.00% avg=   26.27 min=   13.24 max=  225.35 p50=   14.38 p95=  100.57 p99=  116.89 rps=  69.60
  s2s.crud.fetchFilms                           n=    2 err=   0 errRate=  0.00% avg=   30.22 min=   28.68 max=   31.77 p50=   30.22 p95=   31.61 p99=   31.74 rps=   0.03

2026-05-05T23:03:04.753Z  INFO 1 --- [lab8-additional-service] [   scheduling-1] r.h.l.a.o.ObservabilityService           : [lab8-additional-service] observability refresh
window 10s
  calc.additional.maxViewersSummary             n=  178 err=   0 errRate=  0.00% avg=   15.72 min=   13.46 max=   90.26 p50=   14.18 p95=   21.29 p99=   42.59 rps=  17.80
  controller.AnalyticsController.maxViewersSummary n=  178 err=   0 errRate=  0.00% avg=   15.85 min=   13.55 max=   90.45 p50=   14.33 p95=   21.42 p99=   42.80 rps=  17.80
  s2s.crud.fetchAllTickets                      n=  178 err=   0 errRate=  0.00% avg=   15.52 min=   13.43 max=   90.15 p50=   14.13 p95=   21.08 p99=   38.87 rps=  17.80
  s2s.crud.fetchFilms                           n=    1 err=   0 errRate=  0.00% avg=   28.68 min=   28.68 max=   28.68 p50=   28.68 p95=   28.68 p99=   28.68 rps=   0.10
window 30s
  calc.additional.maxViewersSummary             n=  532 err=   0 errRate=  0.00% avg=   17.25 min=   13.44 max=  225.39 p50=   14.19 p95=   21.23 p99=   97.55 rps=  17.73
  controller.AnalyticsController.maxViewersSummary n=  532 err=   0 errRate=  0.00% avg=   17.40 min=   13.53 max=  225.52 p50=   14.34 p95=   21.41 p99=   97.82 rps=  17.73
  s2s.crud.fetchAllTickets                      n=  532 err=   0 errRate=  0.00% avg=   17.15 min=   13.41 max=  225.35 p50=   14.14 p95=   20.97 p99=   97.50 rps=  17.73
  s2s.crud.fetchFilms                           n=    1 err=   0 errRate=  0.00% avg=   28.68 min=   28.68 max=   28.68 p50=   28.68 p95=   28.68 p99=   28.68 rps=   0.03
window 1m
  calc.additional.maxViewersSummary             n= 4096 err=   0 errRate=  0.00% avg=   25.11 min=   13.27 max=  225.39 p50=   14.39 p95=   99.97 p99=  116.73 rps=  68.27
  controller.AnalyticsController.maxViewersSummary n= 4096 err=   0 errRate=  0.00% avg=   25.29 min=   13.35 max=  225.52 p50=   14.54 p95=  100.13 p99=  116.84 rps=  68.27
  s2s.crud.fetchAllTickets                      n= 4096 err=   0 errRate=  0.00% avg=   25.05 min=   13.24 max=  225.35 p50=   14.35 p95=   99.92 p99=  116.68 rps=  68.27
  s2s.crud.fetchFilms                           n=    2 err=   0 errRate=  0.00% avg=   30.22 min=   28.68 max=   31.77 p50=   30.22 p95=   31.61 p99=   31.74 rps=   0.03

2026-05-05T23:03:05.757Z  INFO 1 --- [lab8-additional-service] [   scheduling-1] r.h.l.a.o.ObservabilityService           : [lab8-additional-service] observability refresh
window 10s
  calc.additional.maxViewersSummary             n=  178 err=   0 errRate=  0.00% avg=   15.63 min=   13.44 max=   90.26 p50=   14.13 p95=   21.29 p99=   42.59 rps=  17.80
  controller.AnalyticsController.maxViewersSummary n=  178 err=   0 errRate=  0.00% avg=   15.76 min=   13.52 max=   90.45 p50=   14.28 p95=   21.41 p99=   42.80 rps=  17.80
  s2s.crud.fetchAllTickets                      n=  178 err=   0 errRate=  0.00% avg=   15.43 min=   13.41 max=   90.15 p50=   14.08 p95=   18.79 p99=   38.87 rps=  17.80
  s2s.crud.fetchFilms                           n=    1 err=   0 errRate=  0.00% avg=   28.68 min=   28.68 max=   28.68 p50=   28.68 p95=   28.68 p99=   28.68 rps=   0.10
window 30s
  calc.additional.maxViewersSummary             n=  544 err=   0 errRate=  0.00% avg=   15.91 min=   13.44 max=  225.39 p50=   14.18 p95=   18.52 p99=   50.98 rps=  18.13
  controller.AnalyticsController.maxViewersSummary n=  544 err=   0 errRate=  0.00% avg=   16.05 min=   13.52 max=  225.52 p50=   14.33 p95=   18.64 p99=   51.17 rps=  18.13
  s2s.crud.fetchAllTickets                      n=  544 err=   0 errRate=  0.00% avg=   15.80 min=   13.41 max=  225.35 p50=   14.13 p95=   18.31 p99=   50.81 rps=  18.13
  s2s.crud.fetchFilms                           n=    1 err=   0 errRate=  0.00% avg=   28.68 min=   28.68 max=   28.68 p50=   28.68 p95=   28.68 p99=   28.68 rps=   0.03
window 1m
  calc.additional.maxViewersSummary             n= 3947 err=   0 errRate=  0.00% avg=   24.85 min=   13.27 max=  225.39 p50=   14.37 p95=  100.12 p99=  118.22 rps=  65.78
  controller.AnalyticsController.maxViewersSummary n= 3947 err=   0 errRate=  0.00% avg=   25.03 min=   13.35 max=  225.52 p50=   14.52 p95=  100.21 p99=  118.33 rps=  65.78
  s2s.crud.fetchAllTickets                      n= 3947 err=   0 errRate=  0.00% avg=   24.79 min=   13.24 max=  225.35 p50=   14.33 p95=  100.09 p99=  118.18 rps=  65.78
  s2s.crud.fetchFilms                           n=    2 err=   0 errRate=  0.00% avg=   30.22 min=   28.68 max=   31.77 p50=   30.22 p95=   31.61 p99=   31.74 rps=   0.03

2026-05-05T23:03:06.759Z  INFO 1 --- [lab8-additional-service] [   scheduling-1] r.h.l.a.o.ObservabilityService           : [lab8-additional-service] observability refresh
window 10s
  calc.additional.maxViewersSummary             n=  178 err=   0 errRate=  0.00% avg=   15.43 min=   13.44 max=   90.26 p50=   14.12 p95=   18.82 p99=   38.93 rps=  17.80
  controller.AnalyticsController.maxViewersSummary n=  178 err=   0 errRate=  0.00% avg=   15.56 min=   13.52 max=   90.45 p50=   14.28 p95=   18.92 p99=   39.11 rps=  17.80
  s2s.crud.fetchAllTickets                      n=  178 err=   0 errRate=  0.00% avg=   15.39 min=   13.41 max=   90.15 p50=   14.09 p95=   18.79 p99=   38.87 rps=  17.80
window 30s
  calc.additional.maxViewersSummary             n=  543 err=   0 errRate=  0.00% avg=   15.78 min=   13.44 max=  225.39 p50=   14.17 p95=   18.31 p99=   51.06 rps=  18.10
  controller.AnalyticsController.maxViewersSummary n=  543 err=   0 errRate=  0.00% avg=   15.93 min=   13.52 max=  225.52 p50=   14.31 p95=   18.41 p99=   51.25 rps=  18.10
  s2s.crud.fetchAllTickets                      n=  543 err=   0 errRate=  0.00% avg=   15.68 min=   13.41 max=  225.35 p50=   14.12 p95=   17.97 p99=   48.70 rps=  18.10
  s2s.crud.fetchFilms                           n=    1 err=   0 errRate=  0.00% avg=   28.68 min=   28.68 max=   28.68 p50=   28.68 p95=   28.68 p99=   28.68 rps=   0.03
window 1m
  calc.additional.maxViewersSummary             n= 3764 err=   0 errRate=  0.00% avg=   25.34 min=   13.27 max=  225.39 p50=   14.38 p95=  100.47 p99=  118.86 rps=  62.73
  controller.AnalyticsController.maxViewersSummary n= 3764 err=   0 errRate=  0.00% avg=   25.52 min=   13.35 max=  225.52 p50=   14.53 p95=  100.60 p99=  119.09 rps=  62.73
  s2s.crud.fetchAllTickets                      n= 3764 err=   0 errRate=  0.00% avg=   25.27 min=   13.24 max=  225.35 p50=   14.33 p95=  100.43 p99=  118.79 rps=  62.73
  s2s.crud.fetchFilms                           n=    2 err=   0 errRate=  0.00% avg=   30.22 min=   28.68 max=   31.77 p50=   30.22 p95=   31.61 p99=   31.74 rps=   0.03

2026-05-05T23:03:07.762Z  INFO 1 --- [lab8-additional-service] [   scheduling-1] r.h.l.a.o.ObservabilityService           : [lab8-additional-service] observability refresh
window 10s
  calc.additional.maxViewersSummary             n=  186 err=   0 errRate=  0.00% avg=   15.21 min=   13.41 max=   90.26 p50=   14.16 p95=   17.42 p99=   38.38 rps=  18.60
  controller.AnalyticsController.maxViewersSummary n=  186 err=   0 errRate=  0.00% avg=   15.33 min=   13.50 max=   90.45 p50=   14.29 p95=   17.57 p99=   38.54 rps=  18.60
  s2s.crud.fetchAllTickets                      n=  186 err=   0 errRate=  0.00% avg=   15.16 min=   13.38 max=   90.15 p50=   14.12 p95=   17.38 p99=   38.34 rps=  18.60
window 30s
  calc.additional.maxViewersSummary             n=  554 err=   0 errRate=  0.00% avg=   15.62 min=   13.41 max=  225.39 p50=   14.17 p95=   17.99 p99=   43.91 rps=  18.47
  controller.AnalyticsController.maxViewersSummary n=  554 err=   0 errRate=  0.00% avg=   15.76 min=   13.50 max=  225.52 p50=   14.30 p95=   18.18 p99=   44.09 rps=  18.47
  s2s.crud.fetchAllTickets                      n=  554 err=   0 errRate=  0.00% avg=   15.52 min=   13.38 max=  225.35 p50=   14.11 p95=   17.91 p99=   39.62 rps=  18.47
  s2s.crud.fetchFilms                           n=    1 err=   0 errRate=  0.00% avg=   28.68 min=   28.68 max=   28.68 p50=   28.68 p95=   28.68 p99=   28.68 rps=   0.03
window 1m
  calc.additional.maxViewersSummary             n= 3640 err=   0 errRate=  0.00% avg=   25.00 min=   13.27 max=  225.39 p50=   14.37 p95=  100.52 p99=  119.36 rps=  60.67
  controller.AnalyticsController.maxViewersSummary n= 3640 err=   0 errRate=  0.00% avg=   25.18 min=   13.35 max=  225.52 p50=   14.52 p95=  100.61 p99=  119.55 rps=  60.67
  s2s.crud.fetchAllTickets                      n= 3640 err=   0 errRate=  0.00% avg=   24.94 min=   13.24 max=  225.35 p50=   14.32 p95=  100.47 p99=  119.32 rps=  60.67
  s2s.crud.fetchFilms                           n=    2 err=   0 errRate=  0.00% avg=   30.22 min=   28.68 max=   31.77 p50=   30.22 p95=   31.61 p99=   31.74 rps=   0.03

2026-05-05T23:03:08.742Z  INFO 1 --- [lab8-additional-service] [   scheduling-1] r.h.l.a.service.FilmCacheService         : film-cache stats: size=300 ttlMs=30000 lastRefreshAtMs=1778022176121 hits=23145 misses=8 refreshes=8
2026-05-05T23:03:08.764Z  INFO 1 --- [lab8-additional-service] [   scheduling-1] r.h.l.a.o.ObservabilityService           : [lab8-additional-service] observability refresh
window 10s
  calc.additional.maxViewersSummary             n=  185 err=   0 errRate=  0.00% avg=   15.19 min=   13.41 max=   90.26 p50=   14.15 p95=   17.23 p99=   38.42 rps=  18.50
  controller.AnalyticsController.maxViewersSummary n=  185 err=   0 errRate=  0.00% avg=   15.31 min=   13.48 max=   90.45 p50=   14.28 p95=   17.35 p99=   38.57 rps=  18.50
  s2s.crud.fetchAllTickets                      n=  185 err=   0 errRate=  0.00% avg=   15.15 min=   13.38 max=   90.15 p50=   14.11 p95=   17.18 p99=   38.37 rps=  18.50
window 30s
  calc.additional.maxViewersSummary             n=  553 err=   0 errRate=  0.00% avg=   15.61 min=   13.41 max=  225.39 p50=   14.17 p95=   17.96 p99=   43.96 rps=  18.43
  controller.AnalyticsController.maxViewersSummary n=  553 err=   0 errRate=  0.00% avg=   15.75 min=   13.48 max=  225.52 p50=   14.31 p95=   18.13 p99=   44.14 rps=  18.43
  s2s.crud.fetchAllTickets                      n=  553 err=   0 errRate=  0.00% avg=   15.51 min=   13.38 max=  225.35 p50=   14.11 p95=   17.82 p99=   39.65 rps=  18.43
  s2s.crud.fetchFilms                           n=    1 err=   0 errRate=  0.00% avg=   28.68 min=   28.68 max=   28.68 p50=   28.68 p95=   28.68 p99=   28.68 rps=   0.03
window 1m
  calc.additional.maxViewersSummary             n= 3546 err=   0 errRate=  0.00% avg=   23.61 min=   13.27 max=  225.39 p50=   14.34 p95=   99.05 p99=  119.34 rps=  59.10
  controller.AnalyticsController.maxViewersSummary n= 3546 err=   0 errRate=  0.00% avg=   23.79 min=   13.35 max=  225.52 p50=   14.49 p95=   99.44 p99=  119.53 rps=  59.10
  s2s.crud.fetchAllTickets                      n= 3546 err=   0 errRate=  0.00% avg=   23.55 min=   13.24 max=  225.35 p50=   14.30 p95=   98.98 p99=  119.29 rps=  59.10
  s2s.crud.fetchFilms                           n=    2 err=   0 errRate=  0.00% avg=   30.22 min=   28.68 max=   31.77 p50=   30.22 p95=   31.61 p99=   31.74 rps=   0.03

2026-05-05T23:03:09.767Z  INFO 1 --- [lab8-additional-service] [   scheduling-1] r.h.l.a.o.ObservabilityService           : [lab8-additional-service] observability refresh
window 10s
  calc.additional.maxViewersSummary             n=  185 err=   0 errRate=  0.00% avg=   14.60 min=   13.41 max=   41.32 p50=   14.12 p95=   16.11 p99=   21.51 rps=  18.50
  controller.AnalyticsController.maxViewersSummary n=  185 err=   0 errRate=  0.00% avg=   14.73 min=   13.48 max=   41.58 p50=   14.24 p95=   16.47 p99=   21.60 rps=  18.50
  s2s.crud.fetchAllTickets                      n=  185 err=   0 errRate=  0.00% avg=   14.56 min=   13.38 max=   41.28 p50=   14.09 p95=   16.07 p99=   21.47 rps=  18.50
window 30s
  calc.additional.maxViewersSummary             n=  548 err=   0 errRate=  0.00% avg=   15.61 min=   13.41 max=  225.39 p50=   14.16 p95=   17.97 p99=   44.24 rps=  18.27
  controller.AnalyticsController.maxViewersSummary n=  548 err=   0 errRate=  0.00% avg=   15.76 min=   13.48 max=  225.52 p50=   14.30 p95=   18.13 p99=   44.41 rps=  18.27
  s2s.crud.fetchAllTickets                      n=  548 err=   0 errRate=  0.00% avg=   15.51 min=   13.38 max=  225.35 p50=   14.10 p95=   17.85 p99=   39.81 rps=  18.27
  s2s.crud.fetchFilms                           n=    1 err=   0 errRate=  0.00% avg=   28.68 min=   28.68 max=   28.68 p50=   28.68 p95=   28.68 p99=   28.68 rps=   0.03
window 1m
  calc.additional.maxViewersSummary             n= 3344 err=   0 errRate=  0.00% avg=   24.16 min=   13.27 max=  225.39 p50=   14.35 p95=   99.59 p99=  120.05 rps=  55.73
  controller.AnalyticsController.maxViewersSummary n= 3344 err=   0 errRate=  0.00% avg=   24.35 min=   13.35 max=  225.52 p50=   14.50 p95=   99.84 p99=  120.30 rps=  55.73
  s2s.crud.fetchAllTickets                      n= 3344 err=   0 errRate=  0.00% avg=   24.10 min=   13.24 max=  225.35 p50=   14.31 p95=   99.42 p99=  120.01 rps=  55.73
  s2s.crud.fetchFilms                           n=    2 err=   0 errRate=  0.00% avg=   30.22 min=   28.68 max=   31.77 p50=   30.22 p95=   31.61 p99=   31.74 rps=   0.03

2026-05-05T23:03:10.769Z  INFO 1 --- [lab8-additional-service] [   scheduling-1] r.h.l.a.o.ObservabilityService           : [lab8-additional-service] observability refresh
window 10s
  calc.additional.maxViewersSummary             n=  198 err=   0 errRate=  0.00% avg=   14.62 min=   13.41 max=   41.32 p50=   14.12 p95=   16.24 p99=   19.45 rps=  19.80
  controller.AnalyticsController.maxViewersSummary n=  198 err=   0 errRate=  0.00% avg=   14.74 min=   13.48 max=   41.58 p50=   14.25 p95=   16.51 p99=   19.54 rps=  19.80
  s2s.crud.fetchAllTickets                      n=  198 err=   0 errRate=  0.00% avg=   14.58 min=   13.38 max=   41.28 p50=   14.09 p95=   16.20 p99=   19.42 rps=  19.80
window 30s
  calc.additional.maxViewersSummary             n=  562 err=   0 errRate=  0.00% avg=   15.41 min=   13.41 max=  225.39 p50=   14.14 p95=   17.49 p99=   38.00 rps=  18.73
  controller.AnalyticsController.maxViewersSummary n=  562 err=   0 errRate=  0.00% avg=   15.55 min=   13.48 max=  225.52 p50=   14.29 p95=   17.64 p99=   38.15 rps=  18.73
  s2s.crud.fetchAllTickets                      n=  562 err=   0 errRate=  0.00% avg=   15.31 min=   13.38 max=  225.35 p50=   14.09 p95=   17.45 p99=   32.51 rps=  18.73
  s2s.crud.fetchFilms                           n=    1 err=   0 errRate=  0.00% avg=   28.68 min=   28.68 max=   28.68 p50=   28.68 p95=   28.68 p99=   28.68 rps=   0.03
window 1m
  calc.additional.maxViewersSummary             n= 3213 err=   0 errRate=  0.00% avg=   24.08 min=   13.27 max=  225.39 p50=   14.34 p95=   99.60 p99=  120.82 rps=  53.55
  controller.AnalyticsController.maxViewersSummary n= 3213 err=   0 errRate=  0.00% avg=   24.27 min=   13.35 max=  225.52 p50=   14.49 p95=  100.07 p99=  120.93 rps=  53.55
  s2s.crud.fetchAllTickets                      n= 3213 err=   0 errRate=  0.00% avg=   24.02 min=   13.24 max=  225.35 p50=   14.30 p95=   99.56 p99=  120.64 rps=  53.55
  s2s.crud.fetchFilms                           n=    2 err=   0 errRate=  0.00% avg=   30.22 min=   28.68 max=   31.77 p50=   30.22 p95=   31.61 p99=   31.74 rps=   0.03

2026-05-05T23:03:11.771Z  INFO 1 --- [lab8-additional-service] [   scheduling-1] r.h.l.a.o.ObservabilityService           : [lab8-additional-service] observability refresh
window 10s
  calc.additional.maxViewersSummary             n=  209 err=   0 errRate=  0.00% avg=   14.58 min=   13.41 max=   41.32 p50=   14.12 p95=   16.08 p99=   18.81 rps=  20.90
  controller.AnalyticsController.maxViewersSummary n=  209 err=   0 errRate=  0.00% avg=   14.70 min=   13.48 max=   41.58 p50=   14.22 p95=   16.45 p99=   18.90 rps=  20.90
  s2s.crud.fetchAllTickets                      n=  209 err=   0 errRate=  0.00% avg=   14.54 min=   13.38 max=   41.28 p50=   14.09 p95=   16.05 p99=   18.78 rps=  20.90
window 30s
  calc.additional.maxViewersSummary             n=  576 err=   0 errRate=  0.00% avg=   15.37 min=   13.41 max=  225.39 p50=   14.13 p95=   17.48 p99=   37.95 rps=  19.20
  controller.AnalyticsController.maxViewersSummary n=  576 err=   0 errRate=  0.00% avg=   15.51 min=   13.48 max=  225.52 p50=   14.28 p95=   17.62 p99=   38.10 rps=  19.20
  s2s.crud.fetchAllTickets                      n=  576 err=   0 errRate=  0.00% avg=   15.27 min=   13.38 max=  225.35 p50=   14.09 p95=   17.45 p99=   31.29 rps=  19.20
  s2s.crud.fetchFilms                           n=    1 err=   0 errRate=  0.00% avg=   28.68 min=   28.68 max=   28.68 p50=   28.68 p95=   28.68 p99=   28.68 rps=   0.03
window 1m
  calc.additional.maxViewersSummary             n= 3020 err=   0 errRate=  0.00% avg=   24.71 min=   13.27 max=  225.39 p50=   14.38 p95=  100.43 p99=  121.86 rps=  50.33
  controller.AnalyticsController.maxViewersSummary n= 3020 err=   0 errRate=  0.00% avg=   24.91 min=   13.35 max=  225.52 p50=   14.54 p95=  100.60 p99=  121.97 rps=  50.33
  s2s.crud.fetchAllTickets                      n= 3020 err=   0 errRate=  0.00% avg=   24.65 min=   13.24 max=  225.35 p50=   14.33 p95=  100.40 p99=  121.83 rps=  50.33
  s2s.crud.fetchFilms                           n=    2 err=   0 errRate=  0.00% avg=   30.22 min=   28.68 max=   31.77 p50=   30.22 p95=   31.61 p99=   31.74 rps=   0.03

2026-05-05T23:03:12.773Z  INFO 1 --- [lab8-additional-service] [   scheduling-1] r.h.l.a.o.ObservabilityService           : [lab8-additional-service] observability refresh
window 10s
  calc.additional.maxViewersSummary             n=  219 err=   0 errRate=  0.00% avg=   14.65 min=   13.41 max=   41.32 p50=   14.08 p95=   16.25 p99=   21.73 rps=  21.90
  controller.AnalyticsController.maxViewersSummary n=  219 err=   0 errRate=  0.00% avg=   14.77 min=   13.48 max=   41.58 p50=   14.22 p95=   16.60 p99=   21.92 rps=  21.90
  s2s.crud.fetchAllTickets                      n=  219 err=   0 errRate=  0.00% avg=   14.61 min=   13.38 max=   41.28 p50=   14.05 p95=   16.21 p99=   21.70 rps=  21.90
window 30s
  calc.additional.maxViewersSummary             n=  575 err=   0 errRate=  0.00% avg=   15.38 min=   13.41 max=  225.39 p50=   14.12 p95=   17.55 p99=   37.96 rps=  19.17
  controller.AnalyticsController.maxViewersSummary n=  575 err=   0 errRate=  0.00% avg=   15.52 min=   13.48 max=  225.52 p50=   14.27 p95=   17.69 p99=   38.10 rps=  19.17
  s2s.crud.fetchAllTickets                      n=  575 err=   0 errRate=  0.00% avg=   15.29 min=   13.38 max=  225.35 p50=   14.09 p95=   17.52 p99=   31.38 rps=  19.17
  s2s.crud.fetchFilms                           n=    1 err=   0 errRate=  0.00% avg=   28.68 min=   28.68 max=   28.68 p50=   28.68 p95=   28.68 p99=   28.68 rps=   0.03
window 1m
  calc.additional.maxViewersSummary             n= 2864 err=   0 errRate=  0.00% avg=   25.17 min=   13.27 max=  225.39 p50=   14.37 p95=  100.83 p99=  122.65 rps=  47.73
  controller.AnalyticsController.maxViewersSummary n= 2864 err=   0 errRate=  0.00% avg=   25.37 min=   13.35 max=  225.52 p50=   14.52 p95=  101.10 p99=  122.84 rps=  47.73
  s2s.crud.fetchAllTickets                      n= 2864 err=   0 errRate=  0.00% avg=   25.10 min=   13.24 max=  225.35 p50=   14.32 p95=  100.80 p99=  122.62 rps=  47.73
  s2s.crud.fetchFilms                           n=    2 err=   0 errRate=  0.00% avg=   30.22 min=   28.68 max=   31.77 p50=   30.22 p95=   31.61 p99=   31.74 rps=   0.03

2026-05-05T23:03:13.775Z  INFO 1 --- [lab8-additional-service] [   scheduling-1] r.h.l.a.o.ObservabilityService           : [lab8-additional-service] observability refresh
window 10s
  calc.additional.maxViewersSummary             n=  212 err=   0 errRate=  0.00% avg=   14.66 min=   13.41 max=   41.32 p50=   14.12 p95=   16.35 p99=   21.81 rps=  21.20
  controller.AnalyticsController.maxViewersSummary n=  212 err=   0 errRate=  0.00% avg=   14.79 min=   13.48 max=   41.58 p50=   14.24 p95=   16.60 p99=   21.99 rps=  21.20
  s2s.crud.fetchAllTickets                      n=  212 err=   0 errRate=  0.00% avg=   14.62 min=   13.38 max=   41.28 p50=   14.08 p95=   16.31 p99=   21.77 rps=  21.20
window 30s
  calc.additional.maxViewersSummary             n=  576 err=   0 errRate=  0.00% avg=   15.40 min=   13.41 max=  225.39 p50=   14.14 p95=   17.54 p99=   37.95 rps=  19.20
  controller.AnalyticsController.maxViewersSummary n=  576 err=   0 errRate=  0.00% avg=   15.53 min=   13.48 max=  225.52 p50=   14.29 p95=   17.68 p99=   38.10 rps=  19.20
  s2s.crud.fetchAllTickets                      n=  576 err=   0 errRate=  0.00% avg=   15.30 min=   13.38 max=  225.35 p50=   14.10 p95=   17.51 p99=   31.29 rps=  19.20
  s2s.crud.fetchFilms                           n=    1 err=   0 errRate=  0.00% avg=   28.68 min=   28.68 max=   28.68 p50=   28.68 p95=   28.68 p99=   28.68 rps=   0.03
window 1m
  calc.additional.maxViewersSummary             n= 2730 err=   0 errRate=  0.00% avg=   24.49 min=   13.27 max=  225.39 p50=   14.35 p95=   99.77 p99=  122.13 rps=  45.50
  controller.AnalyticsController.maxViewersSummary n= 2730 err=   0 errRate=  0.00% avg=   24.68 min=   13.35 max=  225.52 p50=   14.51 p95=  100.10 p99=  122.23 rps=  45.50
  s2s.crud.fetchAllTickets                      n= 2730 err=   0 errRate=  0.00% avg=   24.42 min=   13.24 max=  225.35 p50=   14.31 p95=   99.74 p99=  122.10 rps=  45.50
  s2s.crud.fetchFilms                           n=    2 err=   0 errRate=  0.00% avg=   30.22 min=   28.68 max=   31.77 p50=   30.22 p95=   31.61 p99=   31.74 rps=   0.03

2026-05-05T23:03:14.777Z  INFO 1 --- [lab8-additional-service] [   scheduling-1] r.h.l.a.o.ObservabilityService           : [lab8-additional-service] observability refresh
window 10s
  calc.additional.maxViewersSummary             n=  216 err=   0 errRate=  0.00% avg=   14.78 min=   13.41 max=   70.04 p50=   14.13 p95=   16.29 p99=   21.77 rps=  21.60
  controller.AnalyticsController.maxViewersSummary n=  216 err=   0 errRate=  0.00% avg=   14.91 min=   13.48 max=   70.24 p50=   14.26 p95=   16.60 p99=   21.95 rps=  21.60
  s2s.crud.fetchAllTickets                      n=  216 err=   0 errRate=  0.00% avg=   14.74 min=   13.38 max=   69.99 p50=   14.09 p95=   16.25 p99=   21.73 rps=  21.60
window 30s
  calc.additional.maxViewersSummary             n=  579 err=   0 errRate=  0.00% avg=   15.40 min=   13.41 max=  225.39 p50=   14.15 p95=   17.51 p99=   37.94 rps=  19.30
  controller.AnalyticsController.maxViewersSummary n=  579 err=   0 errRate=  0.00% avg=   15.53 min=   13.48 max=  225.52 p50=   14.29 p95=   17.66 p99=   38.08 rps=  19.30
  s2s.crud.fetchAllTickets                      n=  579 err=   0 errRate=  0.00% avg=   15.30 min=   13.38 max=  225.35 p50=   14.10 p95=   17.47 p99=   33.11 rps=  19.30
  s2s.crud.fetchFilms                           n=    1 err=   0 errRate=  0.00% avg=   28.68 min=   28.68 max=   28.68 p50=   28.68 p95=   28.68 p99=   28.68 rps=   0.03
window 1m
  calc.additional.maxViewersSummary             n= 2597 err=   0 errRate=  0.00% avg=   23.94 min=   13.27 max=  225.39 p50=   14.33 p95=   99.05 p99=  120.31 rps=  43.28
  controller.AnalyticsController.maxViewersSummary n= 2597 err=   0 errRate=  0.00% avg=   24.14 min=   13.35 max=  225.52 p50=   14.48 p95=   99.49 p99=  120.46 rps=  43.28
  s2s.crud.fetchAllTickets                      n= 2597 err=   0 errRate=  0.00% avg=   23.87 min=   13.24 max=  225.35 p50=   14.30 p95=   98.98 p99=  120.27 rps=  43.28
  s2s.crud.fetchFilms                           n=    2 err=   0 errRate=  0.00% avg=   30.22 min=   28.68 max=   31.77 p50=   30.22 p95=   31.61 p99=   31.74 rps=   0.03

2026-05-05T23:03:15.780Z  INFO 1 --- [lab8-additional-service] [   scheduling-1] r.h.l.a.o.ObservabilityService           : [lab8-additional-service] observability refresh
window 10s
  calc.additional.maxViewersSummary             n=  217 err=   0 errRate=  0.00% avg=   14.79 min=   13.41 max=   70.04 p50=   14.13 p95=   16.15 p99=   21.76 rps=  21.70
  controller.AnalyticsController.maxViewersSummary n=  217 err=   0 errRate=  0.00% avg=   14.91 min=   13.48 max=   70.24 p50=   14.26 p95=   16.50 p99=   21.94 rps=  21.70
  s2s.crud.fetchAllTickets                      n=  217 err=   0 errRate=  0.00% avg=   14.75 min=   13.38 max=   69.99 p50=   14.09 p95=   16.11 p99=   21.72 rps=  21.70
window 30s
  calc.additional.maxViewersSummary             n=  586 err=   0 errRate=  0.00% avg=   15.37 min=   13.41 max=  225.39 p50=   14.14 p95=   17.46 p99=   37.92 rps=  19.53
  controller.AnalyticsController.maxViewersSummary n=  586 err=   0 errRate=  0.00% avg=   15.50 min=   13.48 max=  225.52 p50=   14.27 p95=   17.59 p99=   38.06 rps=  19.53
  s2s.crud.fetchAllTickets                      n=  586 err=   0 errRate=  0.00% avg=   15.27 min=   13.38 max=  225.35 p50=   14.10 p95=   17.41 p99=   32.69 rps=  19.53
  s2s.crud.fetchFilms                           n=    1 err=   0 errRate=  0.00% avg=   28.68 min=   28.68 max=   28.68 p50=   28.68 p95=   28.68 p99=   28.68 rps=   0.03
window 1m
  calc.additional.maxViewersSummary             n= 2414 err=   0 errRate=  0.00% avg=   24.63 min=   13.37 max=  225.39 p50=   14.33 p95=   99.60 p99=  121.83 rps=  40.23
  controller.AnalyticsController.maxViewersSummary n= 2414 err=   0 errRate=  0.00% avg=   24.83 min=   13.48 max=  225.52 p50=   14.47 p95=  100.07 p99=  121.94 rps=  40.23
  s2s.crud.fetchAllTickets                      n= 2414 err=   0 errRate=  0.00% avg=   24.55 min=   13.34 max=  225.35 p50=   14.29 p95=   99.56 p99=  121.77 rps=  40.23
  s2s.crud.fetchFilms                           n=    2 err=   0 errRate=  0.00% avg=   30.22 min=   28.68 max=   31.77 p50=   30.22 p95=   31.61 p99=   31.74 rps=   0.03

2026-05-05T23:03:16.782Z  INFO 1 --- [lab8-additional-service] [   scheduling-1] r.h.l.a.o.ObservabilityService           : [lab8-additional-service] observability refresh
window 10s
  calc.additional.maxViewersSummary             n=  211 err=   0 errRate=  0.00% avg=   14.83 min=   13.41 max=   70.04 p50=   14.13 p95=   16.22 p99=   21.82 rps=  21.10
  controller.AnalyticsController.maxViewersSummary n=  211 err=   0 errRate=  0.00% avg=   14.96 min=   13.48 max=   70.24 p50=   14.27 p95=   16.54 p99=   22.00 rps=  21.10
  s2s.crud.fetchAllTickets                      n=  211 err=   0 errRate=  0.00% avg=   14.79 min=   13.38 max=   69.99 p50=   14.10 p95=   16.17 p99=   21.78 rps=  21.10
window 30s
  calc.additional.maxViewersSummary             n=  586 err=   0 errRate=  0.00% avg=   15.35 min=   13.41 max=  225.39 p50=   14.14 p95=   17.42 p99=   37.92 rps=  19.53
  controller.AnalyticsController.maxViewersSummary n=  586 err=   0 errRate=  0.00% avg=   15.49 min=   13.48 max=  225.52 p50=   14.28 p95=   17.57 p99=   38.06 rps=  19.53
  s2s.crud.fetchAllTickets                      n=  586 err=   0 errRate=  0.00% avg=   15.26 min=   13.38 max=  225.35 p50=   14.10 p95=   17.38 p99=   32.69 rps=  19.53
  s2s.crud.fetchFilms                           n=    1 err=   0 errRate=  0.00% avg=   28.68 min=   28.68 max=   28.68 p50=   28.68 p95=   28.68 p99=   28.68 rps=   0.03
window 1m
  calc.additional.maxViewersSummary             n= 2305 err=   0 errRate=  0.00% avg=   23.47 min=   13.37 max=  225.39 p50=   14.31 p95=   98.69 p99=  121.92 rps=  38.42
  controller.AnalyticsController.maxViewersSummary n= 2305 err=   0 errRate=  0.00% avg=   23.68 min=   13.48 max=  225.52 p50=   14.44 p95=   98.91 p99=  122.03 rps=  38.42
  s2s.crud.fetchAllTickets                      n= 2305 err=   0 errRate=  0.00% avg=   23.40 min=   13.34 max=  225.35 p50=   14.25 p95=   98.66 p99=  121.88 rps=  38.42
  s2s.crud.fetchFilms                           n=    2 err=   0 errRate=  0.00% avg=   30.22 min=   28.68 max=   31.77 p50=   30.22 p95=   31.61 p99=   31.74 rps=   0.03

2026-05-05T23:03:17.784Z  INFO 1 --- [lab8-additional-service] [   scheduling-1] r.h.l.a.o.ObservabilityService           : [lab8-additional-service] observability refresh
window 10s
  calc.additional.maxViewersSummary             n=  200 err=   0 errRate=  0.00% avg=   14.84 min=   13.41 max=   70.04 p50=   14.13 p95=   16.21 p99=   22.02 rps=  20.00
  controller.AnalyticsController.maxViewersSummary n=  200 err=   0 errRate=  0.00% avg=   14.97 min=   13.48 max=   70.24 p50=   14.27 p95=   16.36 p99=   22.21 rps=  20.00
  s2s.crud.fetchAllTickets                      n=  200 err=   0 errRate=  0.00% avg=   14.80 min=   13.38 max=   69.99 p50=   14.10 p95=   16.17 p99=   21.98 rps=  20.00
window 30s
  calc.additional.maxViewersSummary             n=  584 err=   0 errRate=  0.00% avg=   15.35 min=   13.41 max=  225.39 p50=   14.14 p95=   17.43 p99=   37.93 rps=  19.47
  controller.AnalyticsController.maxViewersSummary n=  584 err=   0 errRate=  0.00% avg=   15.48 min=   13.48 max=  225.52 p50=   14.27 p95=   17.58 p99=   38.07 rps=  19.47
  s2s.crud.fetchAllTickets                      n=  584 err=   0 errRate=  0.00% avg=   15.26 min=   13.38 max=  225.35 p50=   14.09 p95=   17.39 p99=   32.81 rps=  19.47
  s2s.crud.fetchFilms                           n=    1 err=   0 errRate=  0.00% avg=   28.68 min=   28.68 max=   28.68 p50=   28.68 p95=   28.68 p99=   28.68 rps=   0.03
window 1m
  calc.additional.maxViewersSummary             n= 2230 err=   0 errRate=  0.00% avg=   21.01 min=   13.37 max=  225.39 p50=   14.25 p95=   86.05 p99=  119.41 rps=  37.17
  controller.AnalyticsController.maxViewersSummary n= 2230 err=   0 errRate=  0.00% avg=   21.21 min=   13.48 max=  225.52 p50=   14.40 p95=   86.84 p99=  119.58 rps=  37.17
  s2s.crud.fetchAllTickets                      n= 2230 err=   0 errRate=  0.00% avg=   20.93 min=   13.34 max=  225.35 p50=   14.20 p95=   86.00 p99=  119.36 rps=  37.17
  s2s.crud.fetchFilms                           n=    2 err=   0 errRate=  0.00% avg=   30.22 min=   28.68 max=   31.77 p50=   30.22 p95=   31.61 p99=   31.74 rps=   0.03

2026-05-05T23:03:18.742Z  INFO 1 --- [lab8-additional-service] [   scheduling-1] r.h.l.a.service.FilmCacheService         : film-cache stats: size=300 ttlMs=30000 lastRefreshAtMs=1778022176121 hits=23345 misses=8 refreshes=8
2026-05-05T23:03:18.786Z  INFO 1 --- [lab8-additional-service] [   scheduling-1] r.h.l.a.o.ObservabilityService           : [lab8-additional-service] observability refresh
window 10s
  calc.additional.maxViewersSummary             n=  200 err=   0 errRate=  0.00% avg=   14.83 min=   13.48 max=   70.04 p50=   14.13 p95=   16.21 p99=   22.02 rps=  20.00
  controller.AnalyticsController.maxViewersSummary n=  200 err=   0 errRate=  0.00% avg=   14.96 min=   13.57 max=   70.24 p50=   14.25 p95=   16.36 p99=   22.21 rps=  20.00
  s2s.crud.fetchAllTickets                      n=  200 err=   0 errRate=  0.00% avg=   14.79 min=   13.44 max=   69.99 p50=   14.08 p95=   16.17 p99=   21.98 rps=  20.00
window 30s
  calc.additional.maxViewersSummary             n=  572 err=   0 errRate=  0.00% avg=   15.36 min=   13.41 max=  225.39 p50=   14.13 p95=   17.45 p99=   37.97 rps=  19.07
  controller.AnalyticsController.maxViewersSummary n=  572 err=   0 errRate=  0.00% avg=   15.49 min=   13.48 max=  225.52 p50=   14.27 p95=   17.59 p99=   38.11 rps=  19.07
  s2s.crud.fetchAllTickets                      n=  572 err=   0 errRate=  0.00% avg=   15.27 min=   13.38 max=  225.35 p50=   14.09 p95=   17.41 p99=   33.53 rps=  19.07
  s2s.crud.fetchFilms                           n=    1 err=   0 errRate=  0.00% avg=   28.68 min=   28.68 max=   28.68 p50=   28.68 p95=   28.68 p99=   28.68 rps=   0.03
window 1m
  calc.additional.maxViewersSummary             n= 2102 err=   0 errRate=  0.00% avg=   19.53 min=   13.37 max=  225.39 p50=   14.21 p95=   46.81 p99=  113.40 rps=  35.03
  controller.AnalyticsController.maxViewersSummary n= 2102 err=   0 errRate=  0.00% avg=   19.74 min=   13.48 max=  225.52 p50=   14.36 p95=   55.69 p99=  113.49 rps=  35.03
  s2s.crud.fetchAllTickets                      n= 2102 err=   0 errRate=  0.00% avg=   19.46 min=   13.34 max=  225.35 p50=   14.16 p95=   46.02 p99=  113.25 rps=  35.03
  s2s.crud.fetchFilms                           n=    2 err=   0 errRate=  0.00% avg=   30.22 min=   28.68 max=   31.77 p50=   30.22 p95=   31.61 p99=   31.74 rps=   0.03

2026-05-05T23:03:19.788Z  INFO 1 --- [lab8-additional-service] [   scheduling-1] r.h.l.a.o.ObservabilityService           : [lab8-additional-service] observability refresh
window 10s
  calc.additional.maxViewersSummary             n=  208 err=   0 errRate=  0.00% avg=   14.84 min=   13.48 max=   70.04 p50=   14.12 p95=   16.84 p99=   21.85 rps=  20.80
  controller.AnalyticsController.maxViewersSummary n=  208 err=   0 errRate=  0.00% avg=   14.98 min=   13.57 max=   70.24 p50=   14.24 p95=   17.46 p99=   22.04 rps=  20.80
  s2s.crud.fetchAllTickets                      n=  208 err=   0 errRate=  0.00% avg=   14.80 min=   13.44 max=   69.99 p50=   14.07 p95=   16.79 p99=   21.81 rps=  20.80
window 30s
  calc.additional.maxViewersSummary             n=  576 err=   0 errRate=  0.00% avg=   15.37 min=   13.41 max=  225.39 p50=   14.13 p95=   17.54 p99=   37.95 rps=  19.20
  controller.AnalyticsController.maxViewersSummary n=  576 err=   0 errRate=  0.00% avg=   15.50 min=   13.48 max=  225.52 p50=   14.27 p95=   17.66 p99=   38.10 rps=  19.20
  s2s.crud.fetchAllTickets                      n=  576 err=   0 errRate=  0.00% avg=   15.27 min=   13.38 max=  225.35 p50=   14.09 p95=   17.50 p99=   33.29 rps=  19.20
  s2s.crud.fetchFilms                           n=    1 err=   0 errRate=  0.00% avg=   28.68 min=   28.68 max=   28.68 p50=   28.68 p95=   28.68 p99=   28.68 rps=   0.03
window 1m
  calc.additional.maxViewersSummary             n= 1916 err=   0 errRate=  0.00% avg=   20.03 min=   13.37 max=  225.39 p50=   14.22 p95=   59.78 p99=  113.72 rps=  31.93
  controller.AnalyticsController.maxViewersSummary n= 1916 err=   0 errRate=  0.00% avg=   20.24 min=   13.48 max=  225.52 p50=   14.37 p95=   63.09 p99=  113.81 rps=  31.93
  s2s.crud.fetchAllTickets                      n= 1916 err=   0 errRate=  0.00% avg=   19.94 min=   13.34 max=  225.35 p50=   14.17 p95=   59.75 p99=  113.66 rps=  31.93
  s2s.crud.fetchFilms                           n=    2 err=   0 errRate=  0.00% avg=   30.22 min=   28.68 max=   31.77 p50=   30.22 p95=   31.61 p99=   31.74 rps=   0.03

2026-05-05T23:03:20.789Z  INFO 1 --- [lab8-additional-service] [   scheduling-1] r.h.l.a.o.ObservabilityService           : [lab8-additional-service] observability refresh
window 10s
  calc.additional.maxViewersSummary             n=  200 err=   0 errRate=  0.00% avg=   14.84 min=   13.48 max=   70.04 p50=   14.11 p95=   16.25 p99=   22.02 rps=  20.00
  controller.AnalyticsController.maxViewersSummary n=  200 err=   0 errRate=  0.00% avg=   14.98 min=   13.57 max=   70.24 p50=   14.23 p95=   17.09 p99=   22.21 rps=  20.00
  s2s.crud.fetchAllTickets                      n=  200 err=   0 errRate=  0.00% avg=   14.80 min=   13.44 max=   69.99 p50=   14.05 p95=   16.20 p99=   21.98 rps=  20.00
window 30s
  calc.additional.maxViewersSummary             n=  577 err=   0 errRate=  0.00% avg=   15.35 min=   13.41 max=  225.39 p50=   14.12 p95=   17.53 p99=   37.95 rps=  19.23
  controller.AnalyticsController.maxViewersSummary n=  577 err=   0 errRate=  0.00% avg=   15.48 min=   13.48 max=  225.52 p50=   14.26 p95=   17.65 p99=   38.09 rps=  19.23
  s2s.crud.fetchAllTickets                      n=  577 err=   0 errRate=  0.00% avg=   15.26 min=   13.38 max=  225.35 p50=   14.07 p95=   17.49 p99=   33.23 rps=  19.23
  s2s.crud.fetchFilms                           n=    1 err=   0 errRate=  0.00% avg=   28.68 min=   28.68 max=   28.68 p50=   28.68 p95=   28.68 p99=   28.68 rps=   0.03
window 1m
  calc.additional.maxViewersSummary             n= 1766 err=   0 errRate=  0.00% avg=   19.25 min=   13.37 max=  225.39 p50=   14.19 p95=   38.88 p99=  119.00 rps=  29.43
  controller.AnalyticsController.maxViewersSummary n= 1766 err=   0 errRate=  0.00% avg=   19.40 min=   13.48 max=  225.52 p50=   14.34 p95=   38.99 p99=  119.19 rps=  29.43
  s2s.crud.fetchAllTickets                      n= 1766 err=   0 errRate=  0.00% avg=   19.17 min=   13.34 max=  225.35 p50=   14.15 p95=   37.88 p99=  118.94 rps=  29.43
  s2s.crud.fetchFilms                           n=    2 err=   0 errRate=  0.00% avg=   30.22 min=   28.68 max=   31.77 p50=   30.22 p95=   31.61 p99=   31.74 rps=   0.03

2026-05-05T23:03:21.791Z  INFO 1 --- [lab8-additional-service] [   scheduling-1] r.h.l.a.o.ObservabilityService           : [lab8-additional-service] observability refresh
window 10s
  calc.additional.maxViewersSummary             n=  191 err=   0 errRate=  0.00% avg=   14.88 min=   13.48 max=   70.04 p50=   14.12 p95=   16.56 p99=   22.91 rps=  19.10
  controller.AnalyticsController.maxViewersSummary n=  191 err=   0 errRate=  0.00% avg=   15.02 min=   13.57 max=   70.24 p50=   14.25 p95=   17.31 p99=   23.10 rps=  19.10
  s2s.crud.fetchAllTickets                      n=  191 err=   0 errRate=  0.00% avg=   14.83 min=   13.44 max=   69.99 p50=   14.07 p95=   16.51 p99=   22.87 rps=  19.10
window 30s
  calc.additional.maxViewersSummary             n=  582 err=   0 errRate=  0.00% avg=   14.96 min=   13.41 max=   90.26 p50=   14.12 p95=   17.36 p99=   32.96 rps=  19.40
  controller.AnalyticsController.maxViewersSummary n=  582 err=   0 errRate=  0.00% avg=   15.09 min=   13.48 max=   90.45 p50=   14.25 p95=   17.56 p99=   33.12 rps=  19.40
  s2s.crud.fetchAllTickets                      n=  582 err=   0 errRate=  0.00% avg=   14.86 min=   13.38 max=   90.15 p50=   14.07 p95=   17.31 p99=   27.36 rps=  19.40
  s2s.crud.fetchFilms                           n=    1 err=   0 errRate=  0.00% avg=   28.68 min=   28.68 max=   28.68 p50=   28.68 p95=   28.68 p99=   28.68 rps=   0.03
window 1m
  calc.additional.maxViewersSummary             n= 1582 err=   0 errRate=  0.00% avg=   19.81 min=   13.41 max=  225.39 p50=   14.22 p95=   45.18 p99=  119.95 rps=  26.37
  controller.AnalyticsController.maxViewersSummary n= 1582 err=   0 errRate=  0.00% avg=   19.96 min=   13.48 max=  225.52 p50=   14.37 p95=   45.41 p99=  120.28 rps=  26.37
  s2s.crud.fetchAllTickets                      n= 1582 err=   0 errRate=  0.00% avg=   19.73 min=   13.38 max=  225.35 p50=   14.17 p95=   43.52 p99=  119.88 rps=  26.37
  s2s.crud.fetchFilms                           n=    2 err=   0 errRate=  0.00% avg=   30.22 min=   28.68 max=   31.77 p50=   30.22 p95=   31.61 p99=   31.74 rps=   0.03

2026-05-05T23:03:22.793Z  INFO 1 --- [lab8-additional-service] [   scheduling-1] r.h.l.a.o.ObservabilityService           : [lab8-additional-service] observability refresh
window 10s
  calc.additional.maxViewersSummary             n=  192 err=   0 errRate=  0.00% avg=   14.74 min=   13.43 max=   70.04 p50=   14.08 p95=   16.01 p99=   21.01 rps=  19.20
  controller.AnalyticsController.maxViewersSummary n=  192 err=   0 errRate=  0.00% avg=   14.88 min=   13.52 max=   70.24 p50=   14.21 p95=   16.34 p99=   21.23 rps=  19.20
  s2s.crud.fetchAllTickets                      n=  192 err=   0 errRate=  0.00% avg=   14.70 min=   13.40 max=   69.99 p50=   14.03 p95=   15.97 p99=   20.97 rps=  19.20
window 30s
  calc.additional.maxViewersSummary             n=  586 err=   0 errRate=  0.00% avg=   14.91 min=   13.41 max=   90.26 p50=   14.11 p95=   16.97 p99=   32.72 rps=  19.53
  controller.AnalyticsController.maxViewersSummary n=  586 err=   0 errRate=  0.00% avg=   15.05 min=   13.48 max=   90.45 p50=   14.23 p95=   17.20 p99=   32.88 rps=  19.53
  s2s.crud.fetchAllTickets                      n=  586 err=   0 errRate=  0.00% avg=   14.82 min=   13.38 max=   90.15 p50=   14.06 p95=   16.93 p99=   27.14 rps=  19.53
  s2s.crud.fetchFilms                           n=    1 err=   0 errRate=  0.00% avg=   28.68 min=   28.68 max=   28.68 p50=   28.68 p95=   28.68 p99=   28.68 rps=   0.03
window 1m
  calc.additional.maxViewersSummary             n= 1455 err=   0 errRate=  0.00% avg=   19.45 min=   13.41 max=  225.39 p50=   14.21 p95=   40.79 p99=  120.27 rps=  24.25
  controller.AnalyticsController.maxViewersSummary n= 1455 err=   0 errRate=  0.00% avg=   19.59 min=   13.48 max=  225.52 p50=   14.36 p95=   40.87 p99=  120.52 rps=  24.25
  s2s.crud.fetchAllTickets                      n= 1455 err=   0 errRate=  0.00% avg=   19.36 min=   13.38 max=  225.35 p50=   14.15 p95=   39.20 p99=  120.15 rps=  24.25
  s2s.crud.fetchFilms                           n=    2 err=   0 errRate=  0.00% avg=   30.22 min=   28.68 max=   31.77 p50=   30.22 p95=   31.61 p99=   31.74 rps=   0.03

2026-05-05T23:03:23.794Z  INFO 1 --- [lab8-additional-service] [   scheduling-1] r.h.l.a.o.ObservabilityService           : [lab8-additional-service] observability refresh
window 10s
  calc.additional.maxViewersSummary             n=  200 err=   0 errRate=  0.00% avg=   14.76 min=   13.43 max=   70.04 p50=   14.08 p95=   16.34 p99=   20.84 rps=  20.00
  controller.AnalyticsController.maxViewersSummary n=  200 err=   0 errRate=  0.00% avg=   14.89 min=   13.52 max=   70.24 p50=   14.20 p95=   16.75 p99=   21.27 rps=  20.00
  s2s.crud.fetchAllTickets                      n=  200 err=   0 errRate=  0.00% avg=   14.71 min=   13.40 max=   69.99 p50=   14.04 p95=   16.30 p99=   20.70 rps=  20.00
window 30s
  calc.additional.maxViewersSummary             n=  592 err=   0 errRate=  0.00% avg=   14.93 min=   13.41 max=   90.26 p50=   14.12 p95=   17.16 p99=   32.36 rps=  19.73
  controller.AnalyticsController.maxViewersSummary n=  592 err=   0 errRate=  0.00% avg=   15.06 min=   13.48 max=   90.45 p50=   14.24 p95=   17.38 p99=   32.52 rps=  19.73
  s2s.crud.fetchAllTickets                      n=  592 err=   0 errRate=  0.00% avg=   14.84 min=   13.38 max=   90.15 p50=   14.07 p95=   17.12 p99=   26.81 rps=  19.73
  s2s.crud.fetchFilms                           n=    1 err=   0 errRate=  0.00% avg=   28.68 min=   28.68 max=   28.68 p50=   28.68 p95=   28.68 p99=   28.68 rps=   0.03
window 1m
  calc.additional.maxViewersSummary             n= 1342 err=   0 errRate=  0.00% avg=   17.08 min=   13.41 max=  225.39 p50=   14.18 p95=   20.89 p99=  105.20 rps=  22.37
  controller.AnalyticsController.maxViewersSummary n= 1342 err=   0 errRate=  0.00% avg=   17.22 min=   13.48 max=  225.52 p50=   14.32 p95=   21.11 p99=  105.37 rps=  22.37
  s2s.crud.fetchAllTickets                      n= 1342 err=   0 errRate=  0.00% avg=   16.99 min=   13.38 max=  225.35 p50=   14.13 p95=   20.57 p99=  105.16 rps=  22.37
  s2s.crud.fetchFilms                           n=    2 err=   0 errRate=  0.00% avg=   30.22 min=   28.68 max=   31.77 p50=   30.22 p95=   31.61 p99=   31.74 rps=   0.03

2026-05-05T23:03:24.796Z  INFO 1 --- [lab8-additional-service] [   scheduling-1] r.h.l.a.o.ObservabilityService           : [lab8-additional-service] observability refresh
window 10s
  calc.additional.maxViewersSummary             n=  200 err=   0 errRate=  0.00% avg=   14.35 min=   13.43 max=   20.73 p50=   14.08 p95=   16.11 p99=   19.86 rps=  20.00
  controller.AnalyticsController.maxViewersSummary n=  200 err=   0 errRate=  0.00% avg=   14.49 min=   13.52 max=   21.16 p50=   14.20 p95=   16.35 p99=   20.02 rps=  20.00
  s2s.crud.fetchAllTickets                      n=  200 err=   0 errRate=  0.00% avg=   14.31 min=   13.40 max=   20.59 p50=   14.04 p95=   16.07 p99=   19.72 rps=  20.00
window 30s
  calc.additional.maxViewersSummary             n=  594 err=   0 errRate=  0.00% avg=   14.91 min=   13.41 max=   90.26 p50=   14.12 p95=   17.03 p99=   32.24 rps=  19.80
  controller.AnalyticsController.maxViewersSummary n=  594 err=   0 errRate=  0.00% avg=   15.04 min=   13.48 max=   90.45 p50=   14.25 p95=   17.33 p99=   32.40 rps=  19.80
  s2s.crud.fetchAllTickets                      n=  594 err=   0 errRate=  0.00% avg=   14.82 min=   13.38 max=   90.15 p50=   14.08 p95=   16.99 p99=   26.70 rps=  19.80
  s2s.crud.fetchFilms                           n=    1 err=   0 errRate=  0.00% avg=   28.68 min=   28.68 max=   28.68 p50=   28.68 p95=   28.68 p99=   28.68 rps=   0.03
window 1m
  calc.additional.maxViewersSummary             n= 1172 err=   0 errRate=  0.00% avg=   17.43 min=   13.41 max=  225.39 p50=   14.19 p95=   21.39 p99=  107.42 rps=  19.53
  controller.AnalyticsController.maxViewersSummary n= 1172 err=   0 errRate=  0.00% avg=   17.57 min=   13.48 max=  225.52 p50=   14.33 p95=   21.57 p99=  107.86 rps=  19.53
  s2s.crud.fetchAllTickets                      n= 1172 err=   0 errRate=  0.00% avg=   17.33 min=   13.38 max=  225.35 p50=   14.14 p95=   21.25 p99=  107.36 rps=  19.53
  s2s.crud.fetchFilms                           n=    2 err=   0 errRate=  0.00% avg=   30.22 min=   28.68 max=   31.77 p50=   30.22 p95=   31.61 p99=   31.74 rps=   0.03

2026-05-05T23:03:25.797Z  INFO 1 --- [lab8-additional-service] [   scheduling-1] r.h.l.a.o.ObservabilityService           : [lab8-additional-service] observability refresh
window 10s
  calc.additional.maxViewersSummary             n=  195 err=   0 errRate=  0.00% avg=   14.38 min=   13.43 max=   20.73 p50=   14.09 p95=   16.25 p99=   19.97 rps=  19.50
  controller.AnalyticsController.maxViewersSummary n=  195 err=   0 errRate=  0.00% avg=   14.52 min=   13.52 max=   21.16 p50=   14.20 p95=   16.53 p99=   20.19 rps=  19.50
  s2s.crud.fetchAllTickets                      n=  195 err=   0 errRate=  0.00% avg=   14.33 min=   13.40 max=   20.59 p50=   14.05 p95=   16.20 p99=   19.83 rps=  19.50
window 30s
  calc.additional.maxViewersSummary             n=  590 err=   0 errRate=  0.00% avg=   14.91 min=   13.41 max=   90.26 p50=   14.11 p95=   17.01 p99=   32.48 rps=  19.67
  controller.AnalyticsController.maxViewersSummary n=  590 err=   0 errRate=  0.00% avg=   15.04 min=   13.48 max=   90.45 p50=   14.23 p95=   17.35 p99=   32.64 rps=  19.67
  s2s.crud.fetchAllTickets                      n=  590 err=   0 errRate=  0.00% avg=   14.82 min=   13.38 max=   90.15 p50=   14.07 p95=   16.97 p99=   26.92 rps=  19.67
  s2s.crud.fetchFilms                           n=    1 err=   0 errRate=  0.00% avg=   28.68 min=   28.68 max=   28.68 p50=   28.68 p95=   28.68 p99=   28.68 rps=   0.03
window 1m
  calc.additional.maxViewersSummary             n= 1106 err=   0 errRate=  0.00% avg=   17.51 min=   13.41 max=  225.39 p50=   14.17 p95=   21.40 p99=  108.22 rps=  18.43
  controller.AnalyticsController.maxViewersSummary n= 1106 err=   0 errRate=  0.00% avg=   17.66 min=   13.48 max=  225.52 p50=   14.31 p95=   21.61 p99=  108.38 rps=  18.43
  s2s.crud.fetchAllTickets                      n= 1106 err=   0 errRate=  0.00% avg=   17.41 min=   13.38 max=  225.35 p50=   14.12 p95=   21.27 p99=  108.15 rps=  18.43
  s2s.crud.fetchFilms                           n=    2 err=   0 errRate=  0.00% avg=   30.22 min=   28.68 max=   31.77 p50=   30.22 p95=   31.61 p99=   31.74 rps=   0.03

2026-05-05T23:03:26.798Z  INFO 1 --- [lab8-additional-service] [   scheduling-1] r.h.l.a.o.ObservabilityService           : [lab8-additional-service] observability refresh
window 10s
  calc.additional.maxViewersSummary             n=  193 err=   0 errRate=  0.00% avg=   15.54 min=   13.43 max=   55.08 p50=   14.10 p95=   19.89 p99=   50.94 rps=  19.30
  controller.AnalyticsController.maxViewersSummary n=  193 err=   0 errRate=  0.00% avg=   15.68 min=   13.52 max=   55.22 p50=   14.21 p95=   20.08 p99=   51.02 rps=  19.30
  s2s.crud.fetchAllTickets                      n=  193 err=   0 errRate=  0.00% avg=   15.31 min=   13.40 max=   55.02 p50=   14.06 p95=   18.36 p99=   50.91 rps=  19.30
  s2s.crud.fetchFilms                           n=    1 err=   0 errRate=  0.00% avg=   34.89 min=   34.89 max=   34.89 p50=   34.89 p95=   34.89 p99=   34.89 rps=   0.10
window 30s
  calc.additional.maxViewersSummary             n=  582 err=   0 errRate=  0.00% avg=   15.25 min=   13.41 max=   90.26 p50=   14.12 p95=   17.93 p99=   48.86 rps=  19.40
  controller.AnalyticsController.maxViewersSummary n=  582 err=   0 errRate=  0.00% avg=   15.38 min=   13.48 max=   90.45 p50=   14.25 p95=   18.01 p99=   48.96 rps=  19.40
  s2s.crud.fetchAllTickets                      n=  582 err=   0 errRate=  0.00% avg=   15.15 min=   13.38 max=   90.15 p50=   14.09 p95=   17.45 p99=   45.77 rps=  19.40
  s2s.crud.fetchFilms                           n=    1 err=   0 errRate=  0.00% avg=   34.89 min=   34.89 max=   34.89 p50=   34.89 p95=   34.89 p99=   34.89 rps=   0.03
window 1m
  calc.additional.maxViewersSummary             n= 1110 err=   0 errRate=  0.00% avg=   17.68 min=   13.41 max=  225.39 p50=   14.18 p95=   24.29 p99=  108.17 rps=  18.50
  controller.AnalyticsController.maxViewersSummary n= 1110 err=   0 errRate=  0.00% avg=   17.82 min=   13.48 max=  225.52 p50=   14.32 p95=   24.49 p99=  108.35 rps=  18.50
  s2s.crud.fetchAllTickets                      n= 1110 err=   0 errRate=  0.00% avg=   17.57 min=   13.38 max=  225.35 p50=   14.13 p95=   22.39 p99=  108.10 rps=  18.50
  s2s.crud.fetchFilms                           n=    2 err=   0 errRate=  0.00% avg=   31.78 min=   28.68 max=   34.89 p50=   31.78 p95=   34.58 p99=   34.83 rps=   0.03

2026-05-05T23:03:27.800Z  INFO 1 --- [lab8-additional-service] [   scheduling-1] r.h.l.a.o.ObservabilityService           : [lab8-additional-service] observability refresh
window 10s
  calc.additional.maxViewersSummary             n=  204 err=   0 errRate=  0.00% avg=   15.49 min=   13.36 max=   55.08 p50=   14.10 p95=   19.61 p99=   50.65 rps=  20.40
  controller.AnalyticsController.maxViewersSummary n=  204 err=   0 errRate=  0.00% avg=   15.62 min=   13.45 max=   55.22 p50=   14.22 p95=   19.76 p99=   50.73 rps=  20.40
  s2s.crud.fetchAllTickets                      n=  204 err=   0 errRate=  0.00% avg=   15.27 min=   13.33 max=   55.02 p50=   14.06 p95=   18.08 p99=   50.57 rps=  20.40
  s2s.crud.fetchFilms                           n=    1 err=   0 errRate=  0.00% avg=   34.89 min=   34.89 max=   34.89 p50=   34.89 p95=   34.89 p99=   34.89 rps=   0.10
window 30s
  calc.additional.maxViewersSummary             n=  588 err=   0 errRate=  0.00% avg=   15.18 min=   13.36 max=   90.26 p50=   14.13 p95=   17.55 p99=   48.77 rps=  19.60
  controller.AnalyticsController.maxViewersSummary n=  588 err=   0 errRate=  0.00% avg=   15.31 min=   13.45 max=   90.45 p50=   14.25 p95=   17.67 p99=   48.87 rps=  19.60
  s2s.crud.fetchAllTickets                      n=  588 err=   0 errRate=  0.00% avg=   15.08 min=   13.33 max=   90.15 p50=   14.09 p95=   17.41 p99=   45.56 rps=  19.60
  s2s.crud.fetchFilms                           n=    1 err=   0 errRate=  0.00% avg=   34.89 min=   34.89 max=   34.89 p50=   34.89 p95=   34.89 p99=   34.89 rps=   0.03
window 1m
  calc.additional.maxViewersSummary             n= 1121 err=   0 errRate=  0.00% avg=   16.56 min=   13.36 max=  225.39 p50=   14.17 p95=   20.73 p99=   69.43 rps=  18.68
  controller.AnalyticsController.maxViewersSummary n= 1121 err=   0 errRate=  0.00% avg=   16.70 min=   13.45 max=  225.52 p50=   14.31 p95=   21.02 p99=   69.62 rps=  18.68
  s2s.crud.fetchAllTickets                      n= 1121 err=   0 errRate=  0.00% avg=   16.45 min=   13.33 max=  225.35 p50=   14.12 p95=   20.25 p99=   69.38 rps=  18.68
  s2s.crud.fetchFilms                           n=    2 err=   0 errRate=  0.00% avg=   31.78 min=   28.68 max=   34.89 p50=   31.78 p95=   34.58 p99=   34.83 rps=   0.03

2026-05-05T23:03:28.742Z  INFO 1 --- [lab8-additional-service] [   scheduling-1] r.h.l.a.service.FilmCacheService         : film-cache stats: size=300 ttlMs=30000 lastRefreshAtMs=1778022206125 hits=23552 misses=9 refreshes=9
2026-05-05T23:03:28.801Z  INFO 1 --- [lab8-additional-service] [   scheduling-1] r.h.l.a.o.ObservabilityService           : [lab8-additional-service] observability refresh
window 10s
  calc.additional.maxViewersSummary             n=  207 err=   0 errRate=  0.00% avg=   15.53 min=   13.36 max=   55.08 p50=   14.14 p95=   19.35 p99=   50.63 rps=  20.70
  controller.AnalyticsController.maxViewersSummary n=  207 err=   0 errRate=  0.00% avg=   15.67 min=   13.45 max=   55.22 p50=   14.24 p95=   19.49 p99=   50.71 rps=  20.70
  s2s.crud.fetchAllTickets                      n=  207 err=   0 errRate=  0.00% avg=   15.31 min=   13.33 max=   55.02 p50=   14.10 p95=   18.01 p99=   50.51 rps=  20.70
  s2s.crud.fetchFilms                           n=    1 err=   0 errRate=  0.00% avg=   34.89 min=   34.89 max=   34.89 p50=   34.89 p95=   34.89 p99=   34.89 rps=   0.10
window 30s
  calc.additional.maxViewersSummary             n=  592 err=   0 errRate=  0.00% avg=   15.19 min=   13.36 max=   90.26 p50=   14.13 p95=   17.68 p99=   48.71 rps=  19.73
  controller.AnalyticsController.maxViewersSummary n=  592 err=   0 errRate=  0.00% avg=   15.32 min=   13.45 max=   90.45 p50=   14.25 p95=   17.76 p99=   48.80 rps=  19.73
  s2s.crud.fetchAllTickets                      n=  592 err=   0 errRate=  0.00% avg=   15.08 min=   13.33 max=   90.15 p50=   14.09 p95=   17.51 p99=   45.43 rps=  19.73
  s2s.crud.fetchFilms                           n=    1 err=   0 errRate=  0.00% avg=   34.89 min=   34.89 max=   34.89 p50=   34.89 p95=   34.89 p99=   34.89 rps=   0.03
window 1m
  calc.additional.maxViewersSummary             n= 1123 err=   0 errRate=  0.00% avg=   16.41 min=   13.36 max=  225.39 p50=   14.17 p95=   20.21 p99=   66.49 rps=  18.72
  controller.AnalyticsController.maxViewersSummary n= 1123 err=   0 errRate=  0.00% avg=   16.55 min=   13.45 max=  225.52 p50=   14.30 p95=   20.31 p99=   66.66 rps=  18.72
  s2s.crud.fetchAllTickets                      n= 1123 err=   0 errRate=  0.00% avg=   16.30 min=   13.33 max=  225.35 p50=   14.12 p95=   19.90 p99=   66.44 rps=  18.72
  s2s.crud.fetchFilms                           n=    2 err=   0 errRate=  0.00% avg=   31.78 min=   28.68 max=   34.89 p50=   31.78 p95=   34.58 p99=   34.83 rps=   0.03

2026-05-05T23:03:29.803Z  INFO 1 --- [lab8-additional-service] [   scheduling-1] r.h.l.a.o.ObservabilityService           : [lab8-additional-service] observability refresh
window 10s
  calc.additional.maxViewersSummary             n=  201 err=   0 errRate=  0.00% avg=   15.68 min=   13.36 max=   55.08 p50=   14.17 p95=   18.17 p99=   50.66 rps=  20.10
  controller.AnalyticsController.maxViewersSummary n=  201 err=   0 errRate=  0.00% avg=   15.81 min=   13.45 max=   55.22 p50=   14.26 p95=   18.26 p99=   50.74 rps=  20.10
  s2s.crud.fetchAllTickets                      n=  201 err=   0 errRate=  0.00% avg=   15.44 min=   13.33 max=   55.02 p50=   14.11 p95=   17.71 p99=   50.63 rps=  20.10
  s2s.crud.fetchFilms                           n=    1 err=   0 errRate=  0.00% avg=   34.89 min=   34.89 max=   34.89 p50=   34.89 p95=   34.89 p99=   34.89 rps=   0.10
window 30s
  calc.additional.maxViewersSummary             n=  593 err=   0 errRate=  0.00% avg=   15.05 min=   13.36 max=   70.04 p50=   14.13 p95=   17.28 p99=   45.46 rps=  19.77
  controller.AnalyticsController.maxViewersSummary n=  593 err=   0 errRate=  0.00% avg=   15.18 min=   13.45 max=   70.24 p50=   14.25 p95=   17.57 p99=   45.60 rps=  19.77
  s2s.crud.fetchAllTickets                      n=  593 err=   0 errRate=  0.00% avg=   14.94 min=   13.33 max=   69.99 p50=   14.09 p95=   17.09 p99=   41.59 rps=  19.77
  s2s.crud.fetchFilms                           n=    1 err=   0 errRate=  0.00% avg=   34.89 min=   34.89 max=   34.89 p50=   34.89 p95=   34.89 p99=   34.89 rps=   0.03
window 1m
  calc.additional.maxViewersSummary             n= 1119 err=   0 errRate=  0.00% avg=   16.36 min=   13.36 max=  225.39 p50=   14.17 p95=   19.95 p99=   66.58 rps=  18.65
  controller.AnalyticsController.maxViewersSummary n= 1119 err=   0 errRate=  0.00% avg=   16.50 min=   13.45 max=  225.52 p50=   14.30 p95=   20.14 p99=   66.75 rps=  18.65
  s2s.crud.fetchAllTickets                      n= 1119 err=   0 errRate=  0.00% avg=   16.25 min=   13.33 max=  225.35 p50=   14.12 p95=   19.73 p99=   66.53 rps=  18.65
  s2s.crud.fetchFilms                           n=    2 err=   0 errRate=  0.00% avg=   31.78 min=   28.68 max=   34.89 p50=   31.78 p95=   34.58 p99=   34.83 rps=   0.03

2026-05-05T23:03:30.804Z  INFO 1 --- [lab8-additional-service] [   scheduling-1] r.h.l.a.o.ObservabilityService           : [lab8-additional-service] observability refresh
window 10s
  calc.additional.maxViewersSummary             n=  197 err=   0 errRate=  0.00% avg=   15.73 min=   13.36 max=   55.08 p50=   14.18 p95=   18.64 p99=   50.80 rps=  19.70
  controller.AnalyticsController.maxViewersSummary n=  197 err=   0 errRate=  0.00% avg=   15.86 min=   13.45 max=   55.22 p50=   14.30 p95=   18.73 p99=   50.88 rps=  19.70
  s2s.crud.fetchAllTickets                      n=  197 err=   0 errRate=  0.00% avg=   15.49 min=   13.33 max=   55.02 p50=   14.14 p95=   17.79 p99=   50.77 rps=  19.70
  s2s.crud.fetchFilms                           n=    1 err=   0 errRate=  0.00% avg=   34.89 min=   34.89 max=   34.89 p50=   34.89 p95=   34.89 p99=   34.89 rps=   0.10
window 30s
  calc.additional.maxViewersSummary             n=  595 err=   0 errRate=  0.00% avg=   15.06 min=   13.36 max=   70.04 p50=   14.14 p95=   17.26 p99=   45.39 rps=  19.83
  controller.AnalyticsController.maxViewersSummary n=  595 err=   0 errRate=  0.00% avg=   15.19 min=   13.45 max=   70.24 p50=   14.26 p95=   17.57 p99=   45.53 rps=  19.83
  s2s.crud.fetchAllTickets                      n=  595 err=   0 errRate=  0.00% avg=   14.96 min=   13.33 max=   69.99 p50=   14.10 p95=   17.08 p99=   41.51 rps=  19.83
  s2s.crud.fetchFilms                           n=    1 err=   0 errRate=  0.00% avg=   34.89 min=   34.89 max=   34.89 p50=   34.89 p95=   34.89 p99=   34.89 rps=   0.03
window 1m
  calc.additional.maxViewersSummary             n= 1128 err=   0 errRate=  0.00% avg=   16.35 min=   13.36 max=  225.39 p50=   14.17 p95=   19.93 p99=   66.38 rps=  18.80
  controller.AnalyticsController.maxViewersSummary n= 1128 err=   0 errRate=  0.00% avg=   16.49 min=   13.45 max=  225.52 p50=   14.31 p95=   20.10 p99=   66.55 rps=  18.80
  s2s.crud.fetchAllTickets                      n= 1128 err=   0 errRate=  0.00% avg=   16.24 min=   13.33 max=  225.35 p50=   14.13 p95=   19.70 p99=   66.33 rps=  18.80
  s2s.crud.fetchFilms                           n=    2 err=   0 errRate=  0.00% avg=   31.78 min=   28.68 max=   34.89 p50=   31.78 p95=   34.58 p99=   34.83 rps=   0.03

2026-05-05T23:03:31.806Z  INFO 1 --- [lab8-additional-service] [   scheduling-1] r.h.l.a.o.ObservabilityService           : [lab8-additional-service] observability refresh
window 10s
  calc.additional.maxViewersSummary             n=  194 err=   0 errRate=  0.00% avg=   15.74 min=   13.36 max=   55.08 p50=   14.17 p95=   18.99 p99=   50.91 rps=  19.40
  controller.AnalyticsController.maxViewersSummary n=  194 err=   0 errRate=  0.00% avg=   15.87 min=   13.45 max=   55.22 p50=   14.29 p95=   19.08 p99=   50.99 rps=  19.40
  s2s.crud.fetchAllTickets                      n=  194 err=   0 errRate=  0.00% avg=   15.50 min=   13.33 max=   55.02 p50=   14.14 p95=   17.86 p99=   50.87 rps=  19.40
  s2s.crud.fetchFilms                           n=    1 err=   0 errRate=  0.00% avg=   34.89 min=   34.89 max=   34.89 p50=   34.89 p95=   34.89 p99=   34.89 rps=   0.10
window 30s
  calc.additional.maxViewersSummary             n=  593 err=   0 errRate=  0.00% avg=   15.06 min=   13.36 max=   70.04 p50=   14.14 p95=   17.13 p99=   45.46 rps=  19.77
  controller.AnalyticsController.maxViewersSummary n=  593 err=   0 errRate=  0.00% avg=   15.19 min=   13.45 max=   70.24 p50=   14.26 p95=   17.47 p99=   45.60 rps=  19.77
  s2s.crud.fetchAllTickets                      n=  593 err=   0 errRate=  0.00% avg=   14.95 min=   13.33 max=   69.99 p50=   14.10 p95=   16.94 p99=   41.59 rps=  19.77
  s2s.crud.fetchFilms                           n=    1 err=   0 errRate=  0.00% avg=   34.89 min=   34.89 max=   34.89 p50=   34.89 p95=   34.89 p99=   34.89 rps=   0.03
window 1m
  calc.additional.maxViewersSummary             n= 1125 err=   0 errRate=  0.00% avg=   16.27 min=   13.36 max=  225.39 p50=   14.17 p95=   19.61 p99=   66.45 rps=  18.75
  controller.AnalyticsController.maxViewersSummary n= 1125 err=   0 errRate=  0.00% avg=   16.41 min=   13.45 max=  225.52 p50=   14.30 p95=   19.71 p99=   66.62 rps=  18.75
  s2s.crud.fetchAllTickets                      n= 1125 err=   0 errRate=  0.00% avg=   16.16 min=   13.33 max=  225.35 p50=   14.12 p95=   18.78 p99=   66.40 rps=  18.75
  s2s.crud.fetchFilms                           n=    2 err=   0 errRate=  0.00% avg=   31.78 min=   28.68 max=   34.89 p50=   31.78 p95=   34.58 p99=   34.83 rps=   0.03

2026-05-05T23:03:32.807Z  INFO 1 --- [lab8-additional-service] [   scheduling-1] r.h.l.a.o.ObservabilityService           : [lab8-additional-service] observability refresh
window 10s
  calc.additional.maxViewersSummary             n=  188 err=   0 errRate=  0.00% avg=   15.87 min=   13.36 max=   55.08 p50=   14.21 p95=   20.00 p99=   51.11 rps=  18.80
  controller.AnalyticsController.maxViewersSummary n=  188 err=   0 errRate=  0.00% avg=   16.00 min=   13.45 max=   55.22 p50=   14.32 p95=   20.12 p99=   51.19 rps=  18.80
  s2s.crud.fetchAllTickets                      n=  188 err=   0 errRate=  0.00% avg=   15.62 min=   13.33 max=   55.02 p50=   14.17 p95=   18.71 p99=   51.08 rps=  18.80
  s2s.crud.fetchFilms                           n=    1 err=   0 errRate=  0.00% avg=   34.89 min=   34.89 max=   34.89 p50=   34.89 p95=   34.89 p99=   34.89 rps=   0.10
window 30s
  calc.additional.maxViewersSummary             n=  597 err=   0 errRate=  0.00% avg=   15.06 min=   13.36 max=   70.04 p50=   14.14 p95=   17.23 p99=   45.32 rps=  19.90
  controller.AnalyticsController.maxViewersSummary n=  597 err=   0 errRate=  0.00% avg=   15.19 min=   13.45 max=   70.24 p50=   14.26 p95=   17.57 p99=   45.46 rps=  19.90
  s2s.crud.fetchAllTickets                      n=  597 err=   0 errRate=  0.00% avg=   14.95 min=   13.33 max=   69.99 p50=   14.10 p95=   17.08 p99=   41.43 rps=  19.90
  s2s.crud.fetchFilms                           n=    1 err=   0 errRate=  0.00% avg=   34.89 min=   34.89 max=   34.89 p50=   34.89 p95=   34.89 p99=   34.89 rps=   0.03
window 1m
  calc.additional.maxViewersSummary             n= 1118 err=   0 errRate=  0.00% avg=   16.28 min=   13.36 max=  225.39 p50=   14.17 p95=   19.30 p99=   66.61 rps=  18.63
  controller.AnalyticsController.maxViewersSummary n= 1118 err=   0 errRate=  0.00% avg=   16.42 min=   13.45 max=  225.52 p50=   14.30 p95=   19.38 p99=   66.77 rps=  18.63
  s2s.crud.fetchAllTickets                      n= 1118 err=   0 errRate=  0.00% avg=   16.17 min=   13.33 max=  225.35 p50=   14.12 p95=   18.87 p99=   66.56 rps=  18.63
  s2s.crud.fetchFilms                           n=    2 err=   0 errRate=  0.00% avg=   31.78 min=   28.68 max=   34.89 p50=   31.78 p95=   34.58 p99=   34.83 rps=   0.03

2026-05-05T23:03:33.808Z  INFO 1 --- [lab8-additional-service] [   scheduling-1] r.h.l.a.o.ObservabilityService           : [lab8-additional-service] observability refresh
window 10s
  calc.additional.maxViewersSummary             n=  189 err=   0 errRate=  0.00% avg=   15.81 min=   13.36 max=   55.08 p50=   14.19 p95=   18.81 p99=   51.08 rps=  18.90
  controller.AnalyticsController.maxViewersSummary n=  189 err=   0 errRate=  0.00% avg=   15.93 min=   13.45 max=   55.22 p50=   14.30 p95=   18.94 p99=   51.16 rps=  18.90
  s2s.crud.fetchAllTickets                      n=  189 err=   0 errRate=  0.00% avg=   15.56 min=   13.33 max=   55.02 p50=   14.15 p95=   18.35 p99=   51.04 rps=  18.90
  s2s.crud.fetchFilms                           n=    1 err=   0 errRate=  0.00% avg=   34.89 min=   34.89 max=   34.89 p50=   34.89 p95=   34.89 p99=   34.89 rps=   0.10
window 30s
  calc.additional.maxViewersSummary             n=  601 err=   0 errRate=  0.00% avg=   15.05 min=   13.36 max=   70.04 p50=   14.13 p95=   17.59 p99=   45.19 rps=  20.03
  controller.AnalyticsController.maxViewersSummary n=  601 err=   0 errRate=  0.00% avg=   15.18 min=   13.45 max=   70.24 p50=   14.25 p95=   17.71 p99=   45.33 rps=  20.03
  s2s.crud.fetchAllTickets                      n=  601 err=   0 errRate=  0.00% avg=   14.95 min=   13.33 max=   69.99 p50=   14.09 p95=   17.40 p99=   41.28 rps=  20.03
  s2s.crud.fetchFilms                           n=    1 err=   0 errRate=  0.00% avg=   34.89 min=   34.89 max=   34.89 p50=   34.89 p95=   34.89 p99=   34.89 rps=   0.03
window 1m
  calc.additional.maxViewersSummary             n= 1128 err=   0 errRate=  0.00% avg=   16.26 min=   13.36 max=  225.39 p50=   14.17 p95=   19.00 p99=   66.38 rps=  18.80
  controller.AnalyticsController.maxViewersSummary n= 1128 err=   0 errRate=  0.00% avg=   16.40 min=   13.45 max=  225.52 p50=   14.30 p95=   19.12 p99=   66.55 rps=  18.80
  s2s.crud.fetchAllTickets                      n= 1128 err=   0 errRate=  0.00% avg=   16.15 min=   13.33 max=  225.35 p50=   14.12 p95=   18.48 p99=   66.33 rps=  18.80
  s2s.crud.fetchFilms                           n=    2 err=   0 errRate=  0.00% avg=   31.78 min=   28.68 max=   34.89 p50=   31.78 p95=   34.58 p99=   34.83 rps=   0.03

2026-05-05T23:03:34.809Z  INFO 1 --- [lab8-additional-service] [   scheduling-1] r.h.l.a.o.ObservabilityService           : [lab8-additional-service] observability refresh
window 10s
  calc.additional.maxViewersSummary             n=  187 err=   0 errRate=  0.00% avg=   15.85 min=   13.33 max=   55.08 p50=   14.18 p95=   18.87 p99=   51.15 rps=  18.70
  controller.AnalyticsController.maxViewersSummary n=  187 err=   0 errRate=  0.00% avg=   15.98 min=   13.41 max=   55.22 p50=   14.30 p95=   19.01 p99=   51.23 rps=  18.70
  s2s.crud.fetchAllTickets                      n=  187 err=   0 errRate=  0.00% avg=   15.60 min=   13.30 max=   55.02 p50=   14.13 p95=   18.36 p99=   51.11 rps=  18.70
  s2s.crud.fetchFilms                           n=    1 err=   0 errRate=  0.00% avg=   34.89 min=   34.89 max=   34.89 p50=   34.89 p95=   34.89 p99=   34.89 rps=   0.10
window 30s
  calc.additional.maxViewersSummary             n=  602 err=   0 errRate=  0.00% avg=   14.97 min=   13.33 max=   70.04 p50=   14.13 p95=   17.43 p99=   45.09 rps=  20.07
  controller.AnalyticsController.maxViewersSummary n=  602 err=   0 errRate=  0.00% avg=   15.10 min=   13.41 max=   70.24 p50=   14.25 p95=   17.59 p99=   45.24 rps=  20.07
  s2s.crud.fetchAllTickets                      n=  602 err=   0 errRate=  0.00% avg=   14.86 min=   13.30 max=   69.99 p50=   14.08 p95=   17.12 p99=   35.90 rps=  20.07
  s2s.crud.fetchFilms                           n=    1 err=   0 errRate=  0.00% avg=   34.89 min=   34.89 max=   34.89 p50=   34.89 p95=   34.89 p99=   34.89 rps=   0.03
window 1m
  calc.additional.maxViewersSummary             n= 1134 err=   0 errRate=  0.00% avg=   15.89 min=   13.33 max=  225.39 p50=   14.16 p95=   18.34 p99=   52.96 rps=  18.90
  controller.AnalyticsController.maxViewersSummary n= 1134 err=   0 errRate=  0.00% avg=   16.03 min=   13.41 max=  225.52 p50=   14.29 p95=   18.46 p99=   53.05 rps=  18.90
  s2s.crud.fetchAllTickets                      n= 1134 err=   0 errRate=  0.00% avg=   15.79 min=   13.30 max=  225.35 p50=   14.11 p95=   18.08 p99=   52.93 rps=  18.90
  s2s.crud.fetchFilms                           n=    2 err=   0 errRate=  0.00% avg=   31.78 min=   28.68 max=   34.89 p50=   31.78 p95=   34.58 p99=   34.83 rps=   0.03

2026-05-05T23:03:35.813Z  INFO 1 --- [lab8-additional-service] [   scheduling-1] r.h.l.a.o.ObservabilityService           : [lab8-additional-service] observability refresh
window 10s
  calc.additional.maxViewersSummary             n=  186 err=   0 errRate=  0.00% avg=   15.84 min=   13.33 max=   55.08 p50=   14.18 p95=   18.40 p99=   51.18 rps=  18.60
  controller.AnalyticsController.maxViewersSummary n=  186 err=   0 errRate=  0.00% avg=   15.97 min=   13.41 max=   55.22 p50=   14.30 p95=   18.55 p99=   51.26 rps=  18.60
  s2s.crud.fetchAllTickets                      n=  186 err=   0 errRate=  0.00% avg=   15.59 min=   13.30 max=   55.02 p50=   14.13 p95=   18.28 p99=   51.15 rps=  18.60
  s2s.crud.fetchFilms                           n=    1 err=   0 errRate=  0.00% avg=   34.89 min=   34.89 max=   34.89 p50=   34.89 p95=   34.89 p99=   34.89 rps=   0.10
window 30s
  calc.additional.maxViewersSummary             n=  597 err=   0 errRate=  0.00% avg=   14.98 min=   13.33 max=   70.04 p50=   14.13 p95=   17.47 p99=   45.32 rps=  19.90
  controller.AnalyticsController.maxViewersSummary n=  597 err=   0 errRate=  0.00% avg=   15.11 min=   13.41 max=   70.24 p50=   14.26 p95=   17.61 p99=   45.46 rps=  19.90
  s2s.crud.fetchAllTickets                      n=  597 err=   0 errRate=  0.00% avg=   14.87 min=   13.30 max=   69.99 p50=   14.08 p95=   17.18 p99=   36.31 rps=  19.90
  s2s.crud.fetchFilms                           n=    1 err=   0 errRate=  0.00% avg=   34.89 min=   34.89 max=   34.89 p50=   34.89 p95=   34.89 p99=   34.89 rps=   0.03
window 1m
  calc.additional.maxViewersSummary             n= 1141 err=   0 errRate=  0.00% avg=   15.37 min=   13.33 max=  225.39 p50=   14.15 p95=   17.75 p99=   47.87 rps=  19.02
  controller.AnalyticsController.maxViewersSummary n= 1141 err=   0 errRate=  0.00% avg=   15.51 min=   13.41 max=  225.52 p50=   14.29 p95=   17.92 p99=   47.96 rps=  19.02
  s2s.crud.fetchAllTickets                      n= 1141 err=   0 errRate=  0.00% avg=   15.26 min=   13.30 max=  225.35 p50=   14.10 p95=   17.69 p99=   43.58 rps=  19.02
  s2s.crud.fetchFilms                           n=    2 err=   0 errRate=  0.00% avg=   31.78 min=   28.68 max=   34.89 p50=   31.78 p95=   34.58 p99=   34.83 rps=   0.03

2026-05-05T23:03:36.814Z  INFO 1 --- [lab8-additional-service] [   scheduling-1] r.h.l.a.o.ObservabilityService           : [lab8-additional-service] observability refresh
window 10s
  calc.additional.maxViewersSummary             n=  181 err=   0 errRate=  0.00% avg=   14.63 min=   13.33 max=   36.09 p50=   14.17 p95=   17.74 p99=   18.55 rps=  18.10
  controller.AnalyticsController.maxViewersSummary n=  181 err=   0 errRate=  0.00% avg=   14.77 min=   13.41 max=   36.30 p50=   14.29 p95=   17.82 p99=   19.35 rps=  18.10
  s2s.crud.fetchAllTickets                      n=  181 err=   0 errRate=  0.00% avg=   14.57 min=   13.30 max=   35.95 p50=   14.09 p95=   17.69 p99=   18.51 rps=  18.10
window 30s
  calc.additional.maxViewersSummary             n=  584 err=   0 errRate=  0.00% avg=   15.01 min=   13.33 max=   70.04 p50=   14.13 p95=   17.62 p99=   45.76 rps=  19.47
  controller.AnalyticsController.maxViewersSummary n=  584 err=   0 errRate=  0.00% avg=   15.14 min=   13.41 max=   70.24 p50=   14.26 p95=   17.72 p99=   45.90 rps=  19.47
  s2s.crud.fetchAllTickets                      n=  584 err=   0 errRate=  0.00% avg=   14.90 min=   13.30 max=   69.99 p50=   14.08 p95=   17.44 p99=   37.51 rps=  19.47
  s2s.crud.fetchFilms                           n=    1 err=   0 errRate=  0.00% avg=   34.89 min=   34.89 max=   34.89 p50=   34.89 p95=   34.89 p99=   34.89 rps=   0.03
window 1m
  calc.additional.maxViewersSummary             n= 1128 err=   0 errRate=  0.00% avg=   15.38 min=   13.33 max=  225.39 p50=   14.15 p95=   17.91 p99=   48.10 rps=  18.80
  controller.AnalyticsController.maxViewersSummary n= 1128 err=   0 errRate=  0.00% avg=   15.52 min=   13.41 max=  225.52 p50=   14.28 p95=   18.06 p99=   48.19 rps=  18.80
  s2s.crud.fetchAllTickets                      n= 1128 err=   0 errRate=  0.00% avg=   15.27 min=   13.30 max=  225.35 p50=   14.10 p95=   17.73 p99=   44.08 rps=  18.80
  s2s.crud.fetchFilms                           n=    2 err=   0 errRate=  0.00% avg=   31.78 min=   28.68 max=   34.89 p50=   31.78 p95=   34.58 p99=   34.83 rps=   0.03

2026-05-05T23:03:37.815Z  INFO 1 --- [lab8-additional-service] [   scheduling-1] r.h.l.a.o.ObservabilityService           : [lab8-additional-service] observability refresh
window 10s
  calc.additional.maxViewersSummary             n=  173 err=   0 errRate=  0.00% avg=   14.62 min=   13.33 max=   36.09 p50=   14.14 p95=   17.18 p99=   18.60 rps=  17.30
  controller.AnalyticsController.maxViewersSummary n=  173 err=   0 errRate=  0.00% avg=   14.76 min=   13.41 max=   36.30 p50=   14.26 p95=   17.33 p99=   19.41 rps=  17.30
  s2s.crud.fetchAllTickets                      n=  173 err=   0 errRate=  0.00% avg=   14.55 min=   13.30 max=   35.95 p50=   14.08 p95=   17.14 p99=   18.56 rps=  17.30
window 30s
  calc.additional.maxViewersSummary             n=  577 err=   0 errRate=  0.00% avg=   15.00 min=   13.33 max=   70.04 p50=   14.13 p95=   17.65 p99=   46.00 rps=  19.23
  controller.AnalyticsController.maxViewersSummary n=  577 err=   0 errRate=  0.00% avg=   15.14 min=   13.41 max=   70.24 p50=   14.25 p95=   17.74 p99=   46.13 rps=  19.23
  s2s.crud.fetchAllTickets                      n=  577 err=   0 errRate=  0.00% avg=   14.89 min=   13.30 max=   69.99 p50=   14.08 p95=   17.47 p99=   38.15 rps=  19.23
  s2s.crud.fetchFilms                           n=    1 err=   0 errRate=  0.00% avg=   34.89 min=   34.89 max=   34.89 p50=   34.89 p95=   34.89 p99=   34.89 rps=   0.03
window 1m
  calc.additional.maxViewersSummary             n= 1130 err=   0 errRate=  0.00% avg=   15.31 min=   13.33 max=  225.39 p50=   14.14 p95=   17.79 p99=   46.35 rps=  18.83
  controller.AnalyticsController.maxViewersSummary n= 1130 err=   0 errRate=  0.00% avg=   15.45 min=   13.41 max=  225.52 p50=   14.27 p95=   17.90 p99=   46.46 rps=  18.83
  s2s.crud.fetchAllTickets                      n= 1130 err=   0 errRate=  0.00% avg=   15.20 min=   13.30 max=  225.35 p50=   14.09 p95=   17.70 p99=   40.37 rps=  18.83
  s2s.crud.fetchFilms                           n=    2 err=   0 errRate=  0.00% avg=   31.78 min=   28.68 max=   34.89 p50=   31.78 p95=   34.58 p99=   34.83 rps=   0.03

2026-05-05T23:03:38.742Z  INFO 1 --- [lab8-additional-service] [   scheduling-1] r.h.l.a.service.FilmCacheService         : film-cache stats: size=300 ttlMs=30000 lastRefreshAtMs=1778022206125 hits=23722 misses=9 refreshes=9
2026-05-05T23:03:38.816Z  INFO 1 --- [lab8-additional-service] [   scheduling-1] r.h.l.a.o.ObservabilityService           : [lab8-additional-service] observability refresh
window 10s
  calc.additional.maxViewersSummary             n=  170 err=   0 errRate=  0.00% avg=   14.59 min=   13.33 max=   36.09 p50=   14.13 p95=   16.79 p99=   18.62 rps=  17.00
  controller.AnalyticsController.maxViewersSummary n=  170 err=   0 errRate=  0.00% avg=   14.75 min=   13.41 max=   36.30 p50=   14.26 p95=   16.94 p99=   19.43 rps=  17.00
  s2s.crud.fetchAllTickets                      n=  170 err=   0 errRate=  0.00% avg=   14.53 min=   13.30 max=   35.95 p50=   14.08 p95=   16.74 p99=   18.58 rps=  17.00
window 30s
  calc.additional.maxViewersSummary             n=  579 err=   0 errRate=  0.00% avg=   15.01 min=   13.33 max=   70.04 p50=   14.13 p95=   17.74 p99=   45.93 rps=  19.30
  controller.AnalyticsController.maxViewersSummary n=  579 err=   0 errRate=  0.00% avg=   15.15 min=   13.41 max=   70.24 p50=   14.26 p95=   17.83 p99=   46.06 rps=  19.30
  s2s.crud.fetchAllTickets                      n=  579 err=   0 errRate=  0.00% avg=   14.90 min=   13.30 max=   69.99 p50=   14.08 p95=   17.59 p99=   37.96 rps=  19.30
  s2s.crud.fetchFilms                           n=    1 err=   0 errRate=  0.00% avg=   34.89 min=   34.89 max=   34.89 p50=   34.89 p95=   34.89 p99=   34.89 rps=   0.03
window 1m
  calc.additional.maxViewersSummary             n= 1131 err=   0 errRate=  0.00% avg=   15.30 min=   13.33 max=  225.39 p50=   14.14 p95=   17.79 p99=   46.33 rps=  18.85
  controller.AnalyticsController.maxViewersSummary n= 1131 err=   0 errRate=  0.00% avg=   15.44 min=   13.41 max=  225.52 p50=   14.27 p95=   17.90 p99=   46.44 rps=  18.85
  s2s.crud.fetchAllTickets                      n= 1131 err=   0 errRate=  0.00% avg=   15.20 min=   13.30 max=  225.35 p50=   14.09 p95=   17.70 p99=   40.34 rps=  18.85
  s2s.crud.fetchFilms                           n=    2 err=   0 errRate=  0.00% avg=   31.78 min=   28.68 max=   34.89 p50=   31.78 p95=   34.58 p99=   34.83 rps=   0.03

2026-05-05T23:03:39.817Z  INFO 1 --- [lab8-additional-service] [   scheduling-1] r.h.l.a.o.ObservabilityService           : [lab8-additional-service] observability refresh
window 10s
  calc.additional.maxViewersSummary             n=  178 err=   0 errRate=  0.00% avg=   14.48 min=   13.33 max=   22.73 p50=   14.13 p95=   17.03 p99=   19.36 rps=  17.80
  controller.AnalyticsController.maxViewersSummary n=  178 err=   0 errRate=  0.00% avg=   14.64 min=   13.41 max=   22.84 p50=   14.26 p95=   17.20 p99=   20.53 rps=  17.80
  s2s.crud.fetchAllTickets                      n=  178 err=   0 errRate=  0.00% avg=   14.44 min=   13.30 max=   22.69 p50=   14.08 p95=   16.98 p99=   19.32 rps=  17.80
window 30s
  calc.additional.maxViewersSummary             n=  587 err=   0 errRate=  0.00% avg=   15.02 min=   13.33 max=   70.04 p50=   14.13 p95=   17.80 p99=   45.66 rps=  19.57
  controller.AnalyticsController.maxViewersSummary n=  587 err=   0 errRate=  0.00% avg=   15.16 min=   13.41 max=   70.24 p50=   14.26 p95=   17.91 p99=   45.80 rps=  19.57
  s2s.crud.fetchAllTickets                      n=  587 err=   0 errRate=  0.00% avg=   14.91 min=   13.30 max=   69.99 p50=   14.08 p95=   17.70 p99=   37.23 rps=  19.57
  s2s.crud.fetchFilms                           n=    1 err=   0 errRate=  0.00% avg=   34.89 min=   34.89 max=   34.89 p50=   34.89 p95=   34.89 p99=   34.89 rps=   0.03
window 1m
  calc.additional.maxViewersSummary             n= 1135 err=   0 errRate=  0.00% avg=   15.31 min=   13.33 max=  225.39 p50=   14.14 p95=   17.93 p99=   46.27 rps=  18.92
  controller.AnalyticsController.maxViewersSummary n= 1135 err=   0 errRate=  0.00% avg=   15.45 min=   13.41 max=  225.52 p50=   14.27 p95=   18.03 p99=   46.38 rps=  18.92
  s2s.crud.fetchAllTickets                      n= 1135 err=   0 errRate=  0.00% avg=   15.20 min=   13.30 max=  225.35 p50=   14.09 p95=   17.74 p99=   40.22 rps=  18.92
  s2s.crud.fetchFilms                           n=    2 err=   0 errRate=  0.00% avg=   31.78 min=   28.68 max=   34.89 p50=   31.78 p95=   34.58 p99=   34.83 rps=   0.03

2026-05-05T23:03:40.819Z  INFO 1 --- [lab8-additional-service] [   scheduling-1] r.h.l.a.o.ObservabilityService           : [lab8-additional-service] observability refresh
window 10s
  calc.additional.maxViewersSummary             n=  178 err=   0 errRate=  0.00% avg=   14.48 min=   13.33 max=   22.73 p50=   14.11 p95=   17.22 p99=   19.36 rps=  17.80
  controller.AnalyticsController.maxViewersSummary n=  178 err=   0 errRate=  0.00% avg=   14.63 min=   13.41 max=   22.84 p50=   14.26 p95=   17.35 p99=   20.53 rps=  17.80
  s2s.crud.fetchAllTickets                      n=  178 err=   0 errRate=  0.00% avg=   14.43 min=   13.30 max=   22.69 p50=   14.06 p95=   17.17 p99=   19.32 rps=  17.80
window 30s
  calc.additional.maxViewersSummary             n=  575 err=   0 errRate=  0.00% avg=   15.03 min=   13.33 max=   70.04 p50=   14.14 p95=   17.77 p99=   46.06 rps=  19.17
  controller.AnalyticsController.maxViewersSummary n=  575 err=   0 errRate=  0.00% avg=   15.17 min=   13.41 max=   70.24 p50=   14.26 p95=   17.89 p99=   46.20 rps=  19.17
  s2s.crud.fetchAllTickets                      n=  575 err=   0 errRate=  0.00% avg=   14.92 min=   13.30 max=   69.99 p50=   14.09 p95=   17.69 p99=   38.33 rps=  19.17
  s2s.crud.fetchFilms                           n=    1 err=   0 errRate=  0.00% avg=   34.89 min=   34.89 max=   34.89 p50=   34.89 p95=   34.89 p99=   34.89 rps=   0.03
window 1m
  calc.additional.maxViewersSummary             n= 1137 err=   0 errRate=  0.00% avg=   15.22 min=   13.33 max=  225.39 p50=   14.14 p95=   17.74 p99=   40.21 rps=  18.95
  controller.AnalyticsController.maxViewersSummary n= 1137 err=   0 errRate=  0.00% avg=   15.36 min=   13.41 max=  225.52 p50=   14.27 p95=   17.83 p99=   40.42 rps=  18.95
  s2s.crud.fetchAllTickets                      n= 1137 err=   0 errRate=  0.00% avg=   15.11 min=   13.30 max=  225.35 p50=   14.09 p95=   17.67 p99=   37.14 rps=  18.95
  s2s.crud.fetchFilms                           n=    2 err=   0 errRate=  0.00% avg=   31.78 min=   28.68 max=   34.89 p50=   31.78 p95=   34.58 p99=   34.83 rps=   0.03

2026-05-05T23:03:41.820Z  INFO 1 --- [lab8-additional-service] [   scheduling-1] r.h.l.a.o.ObservabilityService           : [lab8-additional-service] observability refresh
window 10s
  calc.additional.maxViewersSummary             n=  181 err=   0 errRate=  0.00% avg=   14.47 min=   13.33 max=   22.73 p50=   14.12 p95=   17.11 p99=   19.32 rps=  18.10
  controller.AnalyticsController.maxViewersSummary n=  181 err=   0 errRate=  0.00% avg=   14.63 min=   13.41 max=   22.84 p50=   14.26 p95=   17.25 p99=   20.46 rps=  18.10
  s2s.crud.fetchAllTickets                      n=  181 err=   0 errRate=  0.00% avg=   14.42 min=   13.30 max=   22.69 p50=   14.06 p95=   17.08 p99=   19.28 rps=  18.10
window 30s
  calc.additional.maxViewersSummary             n=  567 err=   0 errRate=  0.00% avg=   15.04 min=   13.33 max=   70.04 p50=   14.14 p95=   17.80 p99=   46.34 rps=  18.90
  controller.AnalyticsController.maxViewersSummary n=  567 err=   0 errRate=  0.00% avg=   15.18 min=   13.41 max=   70.24 p50=   14.26 p95=   17.91 p99=   46.46 rps=  18.90
  s2s.crud.fetchAllTickets                      n=  567 err=   0 errRate=  0.00% avg=   14.93 min=   13.30 max=   69.99 p50=   14.09 p95=   17.70 p99=   39.06 rps=  18.90
  s2s.crud.fetchFilms                           n=    1 err=   0 errRate=  0.00% avg=   34.89 min=   34.89 max=   34.89 p50=   34.89 p95=   34.89 p99=   34.89 rps=   0.03
window 1m
  calc.additional.maxViewersSummary             n= 1143 err=   0 errRate=  0.00% avg=   15.21 min=   13.33 max=  225.39 p50=   14.13 p95=   17.74 p99=   40.02 rps=  19.05
  controller.AnalyticsController.maxViewersSummary n= 1143 err=   0 errRate=  0.00% avg=   15.35 min=   13.41 max=  225.52 p50=   14.27 p95=   17.82 p99=   40.23 rps=  19.05
  s2s.crud.fetchAllTickets                      n= 1143 err=   0 errRate=  0.00% avg=   15.10 min=   13.30 max=  225.35 p50=   14.09 p95=   17.66 p99=   37.03 rps=  19.05
  s2s.crud.fetchFilms                           n=    2 err=   0 errRate=  0.00% avg=   31.78 min=   28.68 max=   34.89 p50=   31.78 p95=   34.58 p99=   34.83 rps=   0.03

2026-05-05T23:03:42.821Z  INFO 1 --- [lab8-additional-service] [   scheduling-1] r.h.l.a.o.ObservabilityService           : [lab8-additional-service] observability refresh
window 10s
  calc.additional.maxViewersSummary             n=  183 err=   0 errRate=  0.00% avg=   14.47 min=   13.33 max=   22.73 p50=   14.12 p95=   17.09 p99=   18.77 rps=  18.30
  controller.AnalyticsController.maxViewersSummary n=  183 err=   0 errRate=  0.00% avg=   14.63 min=   13.41 max=   22.84 p50=   14.26 p95=   17.24 p99=   20.40 rps=  18.30
  s2s.crud.fetchAllTickets                      n=  183 err=   0 errRate=  0.00% avg=   14.41 min=   13.30 max=   22.69 p50=   14.06 p95=   17.05 p99=   18.72 rps=  18.30
window 30s
  calc.additional.maxViewersSummary             n=  562 err=   0 errRate=  0.00% avg=   15.03 min=   13.33 max=   70.04 p50=   14.14 p95=   17.62 p99=   46.50 rps=  18.73
  controller.AnalyticsController.maxViewersSummary n=  562 err=   0 errRate=  0.00% avg=   15.17 min=   13.41 max=   70.24 p50=   14.26 p95=   17.74 p99=   46.63 rps=  18.73
  s2s.crud.fetchAllTickets                      n=  562 err=   0 errRate=  0.00% avg=   14.91 min=   13.30 max=   69.99 p50=   14.09 p95=   17.47 p99=   39.52 rps=  18.73
  s2s.crud.fetchFilms                           n=    1 err=   0 errRate=  0.00% avg=   34.89 min=   34.89 max=   34.89 p50=   34.89 p95=   34.89 p99=   34.89 rps=   0.03
window 1m
  calc.additional.maxViewersSummary             n= 1137 err=   0 errRate=  0.00% avg=   15.21 min=   13.33 max=  225.39 p50=   14.14 p95=   17.64 p99=   40.21 rps=  18.95
  controller.AnalyticsController.maxViewersSummary n= 1137 err=   0 errRate=  0.00% avg=   15.35 min=   13.41 max=  225.52 p50=   14.27 p95=   17.75 p99=   40.42 rps=  18.95
  s2s.crud.fetchAllTickets                      n= 1137 err=   0 errRate=  0.00% avg=   15.10 min=   13.30 max=  225.35 p50=   14.09 p95=   17.49 p99=   37.14 rps=  18.95
  s2s.crud.fetchFilms                           n=    2 err=   0 errRate=  0.00% avg=   31.78 min=   28.68 max=   34.89 p50=   31.78 p95=   34.58 p99=   34.83 rps=   0.03

2026-05-05T23:03:43.823Z  INFO 1 --- [lab8-additional-service] [   scheduling-1] r.h.l.a.o.ObservabilityService           : [lab8-additional-service] observability refresh
window 10s
  calc.additional.maxViewersSummary             n=  180 err=   0 errRate=  0.00% avg=   14.46 min=   13.33 max=   22.73 p50=   14.13 p95=   16.78 p99=   18.69 rps=  18.00
  controller.AnalyticsController.maxViewersSummary n=  180 err=   0 errRate=  0.00% avg=   14.62 min=   13.41 max=   22.84 p50=   14.29 p95=   17.08 p99=   20.48 rps=  18.00
  s2s.crud.fetchAllTickets                      n=  180 err=   0 errRate=  0.00% avg=   14.40 min=   13.30 max=   22.69 p50=   14.08 p95=   16.67 p99=   18.64 rps=  18.00
window 30s
  calc.additional.maxViewersSummary             n=  569 err=   0 errRate=  0.00% avg=   15.01 min=   13.33 max=   70.04 p50=   14.14 p95=   17.61 p99=   46.27 rps=  18.97
  controller.AnalyticsController.maxViewersSummary n=  569 err=   0 errRate=  0.00% avg=   15.15 min=   13.41 max=   70.24 p50=   14.26 p95=   17.73 p99=   46.40 rps=  18.97
  s2s.crud.fetchAllTickets                      n=  569 err=   0 errRate=  0.00% avg=   14.90 min=   13.30 max=   69.99 p50=   14.09 p95=   17.46 p99=   38.88 rps=  18.97
  s2s.crud.fetchFilms                           n=    1 err=   0 errRate=  0.00% avg=   34.89 min=   34.89 max=   34.89 p50=   34.89 p95=   34.89 p99=   34.89 rps=   0.03
window 1m
  calc.additional.maxViewersSummary             n= 1145 err=   0 errRate=  0.00% avg=   15.20 min=   13.33 max=  225.39 p50=   14.14 p95=   17.62 p99=   39.96 rps=  19.08
  controller.AnalyticsController.maxViewersSummary n= 1145 err=   0 errRate=  0.00% avg=   15.34 min=   13.41 max=  225.52 p50=   14.27 p95=   17.74 p99=   40.17 rps=  19.08
  s2s.crud.fetchAllTickets                      n= 1145 err=   0 errRate=  0.00% avg=   15.10 min=   13.30 max=  225.35 p50=   14.09 p95=   17.47 p99=   36.99 rps=  19.08
  s2s.crud.fetchFilms                           n=    2 err=   0 errRate=  0.00% avg=   31.78 min=   28.68 max=   34.89 p50=   31.78 p95=   34.58 p99=   34.83 rps=   0.03

2026-05-05T23:03:44.824Z  INFO 1 --- [lab8-additional-service] [   scheduling-1] r.h.l.a.o.ObservabilityService           : [lab8-additional-service] observability refresh
window 10s
  calc.additional.maxViewersSummary             n=  173 err=   0 errRate=  0.00% avg=   14.44 min=   13.41 max=   22.73 p50=   14.14 p95=   16.73 p99=   18.68 rps=  17.30
  controller.AnalyticsController.maxViewersSummary n=  173 err=   0 errRate=  0.00% avg=   14.60 min=   13.51 max=   22.84 p50=   14.30 p95=   16.95 p99=   20.66 rps=  17.30
  s2s.crud.fetchAllTickets                      n=  173 err=   0 errRate=  0.00% avg=   14.39 min=   13.38 max=   22.69 p50=   14.09 p95=   16.65 p99=   18.59 rps=  17.30
window 30s
  calc.additional.maxViewersSummary             n=  560 err=   0 errRate=  0.00% avg=   14.88 min=   13.33 max=   55.08 p50=   14.13 p95=   17.13 p99=   39.82 rps=  18.67
  controller.AnalyticsController.maxViewersSummary n=  560 err=   0 errRate=  0.00% avg=   15.02 min=   13.41 max=   55.22 p50=   14.26 p95=   17.57 p99=   40.00 rps=  18.67
  s2s.crud.fetchAllTickets                      n=  560 err=   0 errRate=  0.00% avg=   14.76 min=   13.30 max=   55.02 p50=   14.08 p95=   17.07 p99=   28.13 rps=  18.67
  s2s.crud.fetchFilms                           n=    1 err=   0 errRate=  0.00% avg=   34.89 min=   34.89 max=   34.89 p50=   34.89 p95=   34.89 p99=   34.89 rps=   0.03
window 1m
  calc.additional.maxViewersSummary             n= 1138 err=   0 errRate=  0.00% avg=   15.14 min=   13.33 max=  225.39 p50=   14.14 p95=   17.48 p99=   38.09 rps=  18.97
  controller.AnalyticsController.maxViewersSummary n= 1138 err=   0 errRate=  0.00% avg=   15.28 min=   13.41 max=  225.52 p50=   14.27 p95=   17.61 p99=   38.23 rps=  18.97
  s2s.crud.fetchAllTickets                      n= 1138 err=   0 errRate=  0.00% avg=   15.03 min=   13.30 max=  225.35 p50=   14.09 p95=   17.42 p99=   34.40 rps=  18.97
  s2s.crud.fetchFilms                           n=    2 err=   0 errRate=  0.00% avg=   31.78 min=   28.68 max=   34.89 p50=   31.78 p95=   34.58 p99=   34.83 rps=   0.03

2026-05-05T23:03:45.825Z  INFO 1 --- [lab8-additional-service] [   scheduling-1] r.h.l.a.o.ObservabilityService           : [lab8-additional-service] observability refresh
window 10s
  calc.additional.maxViewersSummary             n=  171 err=   0 errRate=  0.00% avg=   14.46 min=   13.41 max=   22.73 p50=   14.14 p95=   16.70 p99=   18.73 rps=  17.10
  controller.AnalyticsController.maxViewersSummary n=  171 err=   0 errRate=  0.00% avg=   14.61 min=   13.51 max=   22.84 p50=   14.30 p95=   16.85 p99=   20.71 rps=  17.10
  s2s.crud.fetchAllTickets                      n=  171 err=   0 errRate=  0.00% avg=   14.40 min=   13.38 max=   22.69 p50=   14.10 p95=   16.59 p99=   18.64 rps=  17.10
window 30s
  calc.additional.maxViewersSummary             n=  551 err=   0 errRate=  0.00% avg=   14.89 min=   13.33 max=   55.08 p50=   14.14 p95=   17.31 p99=   40.64 rps=  18.37
  controller.AnalyticsController.maxViewersSummary n=  551 err=   0 errRate=  0.00% avg=   15.04 min=   13.41 max=   55.22 p50=   14.26 p95=   17.64 p99=   40.82 rps=  18.37
  s2s.crud.fetchAllTickets                      n=  551 err=   0 errRate=  0.00% avg=   14.78 min=   13.30 max=   55.02 p50=   14.08 p95=   17.07 p99=   29.32 rps=  18.37
  s2s.crud.fetchFilms                           n=    1 err=   0 errRate=  0.00% avg=   34.89 min=   34.89 max=   34.89 p50=   34.89 p95=   34.89 p99=   34.89 rps=   0.03
window 1m
  calc.additional.maxViewersSummary             n= 1136 err=   0 errRate=  0.00% avg=   15.14 min=   13.33 max=  225.39 p50=   14.14 p95=   17.47 p99=   38.10 rps=  18.93
  controller.AnalyticsController.maxViewersSummary n= 1136 err=   0 errRate=  0.00% avg=   15.28 min=   13.41 max=  225.52 p50=   14.27 p95=   17.60 p99=   38.24 rps=  18.93
  s2s.crud.fetchAllTickets                      n= 1136 err=   0 errRate=  0.00% avg=   15.03 min=   13.30 max=  225.35 p50=   14.09 p95=   17.41 p99=   34.49 rps=  18.93
  s2s.crud.fetchFilms                           n=    2 err=   0 errRate=  0.00% avg=   31.78 min=   28.68 max=   34.89 p50=   31.78 p95=   34.58 p99=   34.83 rps=   0.03

2026-05-05T23:03:46.826Z  INFO 1 --- [lab8-additional-service] [   scheduling-1] r.h.l.a.o.ObservabilityService           : [lab8-additional-service] observability refresh
window 10s
  calc.additional.maxViewersSummary             n=  185 err=   0 errRate=  0.00% avg=   14.44 min=   13.41 max=   22.73 p50=   14.17 p95=   16.48 p99=   18.31 rps=  18.50
  controller.AnalyticsController.maxViewersSummary n=  185 err=   0 errRate=  0.00% avg=   14.59 min=   13.51 max=   22.84 p50=   14.33 p95=   16.58 p99=   18.75 rps=  18.50
  s2s.crud.fetchAllTickets                      n=  185 err=   0 errRate=  0.00% avg=   14.39 min=   13.38 max=   22.69 p50=   14.14 p95=   16.06 p99=   18.27 rps=  18.50
window 30s
  calc.additional.maxViewersSummary             n=  560 err=   0 errRate=  0.00% avg=   14.89 min=   13.33 max=   55.08 p50=   14.14 p95=   17.13 p99=   39.82 rps=  18.67
  controller.AnalyticsController.maxViewersSummary n=  560 err=   0 errRate=  0.00% avg=   15.03 min=   13.41 max=   55.22 p50=   14.27 p95=   17.57 p99=   40.00 rps=  18.67
  s2s.crud.fetchAllTickets                      n=  560 err=   0 errRate=  0.00% avg=   14.77 min=   13.30 max=   55.02 p50=   14.09 p95=   17.07 p99=   28.13 rps=  18.67
  s2s.crud.fetchFilms                           n=    1 err=   0 errRate=  0.00% avg=   34.89 min=   34.89 max=   34.89 p50=   34.89 p95=   34.89 p99=   34.89 rps=   0.03
window 1m
  calc.additional.maxViewersSummary             n= 1146 err=   0 errRate=  0.00% avg=   15.13 min=   13.33 max=  225.39 p50=   14.14 p95=   17.42 p99=   38.06 rps=  19.10
  controller.AnalyticsController.maxViewersSummary n= 1146 err=   0 errRate=  0.00% avg=   15.26 min=   13.41 max=  225.52 p50=   14.27 p95=   17.58 p99=   38.21 rps=  19.10
  s2s.crud.fetchAllTickets                      n= 1146 err=   0 errRate=  0.00% avg=   15.02 min=   13.30 max=  225.35 p50=   14.10 p95=   17.30 p99=   34.07 rps=  19.10
  s2s.crud.fetchFilms                           n=    2 err=   0 errRate=  0.00% avg=   31.78 min=   28.68 max=   34.89 p50=   31.78 p95=   34.58 p99=   34.83 rps=   0.03

2026-05-05T23:03:47.827Z  INFO 1 --- [lab8-additional-service] [   scheduling-1] r.h.l.a.o.ObservabilityService           : [lab8-additional-service] observability refresh
window 10s
  calc.additional.maxViewersSummary             n=  186 err=   0 errRate=  0.00% avg=   14.45 min=   13.41 max=   22.73 p50=   14.17 p95=   16.53 p99=   18.29 rps=  18.60
  controller.AnalyticsController.maxViewersSummary n=  186 err=   0 errRate=  0.00% avg=   14.59 min=   13.51 max=   22.84 p50=   14.34 p95=   16.66 p99=   18.70 rps=  18.60
  s2s.crud.fetchAllTickets                      n=  186 err=   0 errRate=  0.00% avg=   14.39 min=   13.38 max=   22.69 p50=   14.14 p95=   16.30 p99=   18.25 rps=  18.60
window 30s
  calc.additional.maxViewersSummary             n=  563 err=   0 errRate=  0.00% avg=   14.88 min=   13.33 max=   55.08 p50=   14.14 p95=   17.11 p99=   39.55 rps=  18.77
  controller.AnalyticsController.maxViewersSummary n=  563 err=   0 errRate=  0.00% avg=   15.02 min=   13.41 max=   55.22 p50=   14.26 p95=   17.55 p99=   39.73 rps=  18.77
  s2s.crud.fetchAllTickets                      n=  563 err=   0 errRate=  0.00% avg=   14.76 min=   13.30 max=   55.02 p50=   14.09 p95=   17.04 p99=   27.73 rps=  18.77
  s2s.crud.fetchFilms                           n=    1 err=   0 errRate=  0.00% avg=   34.89 min=   34.89 max=   34.89 p50=   34.89 p95=   34.89 p99=   34.89 rps=   0.03
window 1m
  calc.additional.maxViewersSummary             n= 1146 err=   0 errRate=  0.00% avg=   15.12 min=   13.33 max=  225.39 p50=   14.14 p95=   17.42 p99=   38.06 rps=  19.10
  controller.AnalyticsController.maxViewersSummary n= 1146 err=   0 errRate=  0.00% avg=   15.25 min=   13.41 max=  225.52 p50=   14.27 p95=   17.58 p99=   38.21 rps=  19.10
  s2s.crud.fetchAllTickets                      n= 1146 err=   0 errRate=  0.00% avg=   15.01 min=   13.30 max=  225.35 p50=   14.09 p95=   17.29 p99=   34.07 rps=  19.10
  s2s.crud.fetchFilms                           n=    2 err=   0 errRate=  0.00% avg=   31.78 min=   28.68 max=   34.89 p50=   31.78 p95=   34.58 p99=   34.83 rps=   0.03

2026-05-05T23:03:48.742Z  INFO 1 --- [lab8-additional-service] [   scheduling-1] r.h.l.a.service.FilmCacheService         : film-cache stats: size=300 ttlMs=30000 lastRefreshAtMs=1778022206125 hits=23909 misses=9 refreshes=9
2026-05-05T23:03:48.829Z  INFO 1 --- [lab8-additional-service] [   scheduling-1] r.h.l.a.o.ObservabilityService           : [lab8-additional-service] observability refresh
window 10s
  calc.additional.maxViewersSummary             n=  187 err=   0 errRate=  0.00% avg=   14.42 min=   13.40 max=   22.73 p50=   14.17 p95=   16.33 p99=   18.20 rps=  18.70
  controller.AnalyticsController.maxViewersSummary n=  187 err=   0 errRate=  0.00% avg=   14.56 min=   13.49 max=   22.84 p50=   14.31 p95=   16.50 p99=   18.58 rps=  18.70
  s2s.crud.fetchAllTickets                      n=  187 err=   0 errRate=  0.00% avg=   14.37 min=   13.37 max=   22.69 p50=   14.14 p95=   16.05 p99=   18.17 rps=  18.70
window 30s
  calc.additional.maxViewersSummary             n=  563 err=   0 errRate=  0.00% avg=   14.88 min=   13.33 max=   55.08 p50=   14.14 p95=   17.11 p99=   39.55 rps=  18.77
  controller.AnalyticsController.maxViewersSummary n=  563 err=   0 errRate=  0.00% avg=   15.02 min=   13.41 max=   55.22 p50=   14.26 p95=   17.55 p99=   39.73 rps=  18.77
  s2s.crud.fetchAllTickets                      n=  563 err=   0 errRate=  0.00% avg=   14.76 min=   13.30 max=   55.02 p50=   14.09 p95=   17.04 p99=   27.73 rps=  18.77
  s2s.crud.fetchFilms                           n=    1 err=   0 errRate=  0.00% avg=   34.89 min=   34.89 max=   34.89 p50=   34.89 p95=   34.89 p99=   34.89 rps=   0.03
window 1m
  calc.additional.maxViewersSummary             n= 1137 err=   0 errRate=  0.00% avg=   15.12 min=   13.33 max=  225.39 p50=   14.14 p95=   17.45 p99=   38.09 rps=  18.95
  controller.AnalyticsController.maxViewersSummary n= 1137 err=   0 errRate=  0.00% avg=   15.26 min=   13.41 max=  225.52 p50=   14.26 p95=   17.59 p99=   38.24 rps=  18.95
  s2s.crud.fetchAllTickets                      n= 1137 err=   0 errRate=  0.00% avg=   15.02 min=   13.30 max=  225.35 p50=   14.09 p95=   17.33 p99=   34.45 rps=  18.95
  s2s.crud.fetchFilms                           n=    2 err=   0 errRate=  0.00% avg=   31.78 min=   28.68 max=   34.89 p50=   31.78 p95=   34.58 p99=   34.83 rps=   0.03

2026-05-05T23:03:49.830Z  INFO 1 --- [lab8-additional-service] [   scheduling-1] r.h.l.a.o.ObservabilityService           : [lab8-additional-service] observability refresh
window 10s
  calc.additional.maxViewersSummary             n=  183 err=   0 errRate=  0.00% avg=   14.39 min=   13.40 max=   17.85 p50=   14.17 p95=   16.10 p99=   17.18 rps=  18.30
  controller.AnalyticsController.maxViewersSummary n=  183 err=   0 errRate=  0.00% avg=   14.52 min=   13.49 max=   17.94 p50=   14.30 p95=   16.20 p99=   17.34 rps=  18.30
  s2s.crud.fetchAllTickets                      n=  183 err=   0 errRate=  0.00% avg=   14.33 min=   13.37 max=   17.82 p50=   14.11 p95=   16.01 p99=   17.15 rps=  18.30
window 30s
  calc.additional.maxViewersSummary             n=  562 err=   0 errRate=  0.00% avg=   14.88 min=   13.33 max=   55.08 p50=   14.15 p95=   16.90 p99=   39.64 rps=  18.73
  controller.AnalyticsController.maxViewersSummary n=  562 err=   0 errRate=  0.00% avg=   15.02 min=   13.41 max=   55.22 p50=   14.27 p95=   17.14 p99=   39.82 rps=  18.73
  s2s.crud.fetchAllTickets                      n=  562 err=   0 errRate=  0.00% avg=   14.76 min=   13.30 max=   55.02 p50=   14.10 p95=   16.83 p99=   27.86 rps=  18.73
  s2s.crud.fetchFilms                           n=    1 err=   0 errRate=  0.00% avg=   34.89 min=   34.89 max=   34.89 p50=   34.89 p95=   34.89 p99=   34.89 rps=   0.03
window 1m
  calc.additional.maxViewersSummary             n= 1138 err=   0 errRate=  0.00% avg=   15.13 min=   13.33 max=  225.39 p50=   14.14 p95=   17.45 p99=   38.09 rps=  18.97
  controller.AnalyticsController.maxViewersSummary n= 1138 err=   0 errRate=  0.00% avg=   15.26 min=   13.41 max=  225.52 p50=   14.27 p95=   17.59 p99=   38.23 rps=  18.97
  s2s.crud.fetchAllTickets                      n= 1138 err=   0 errRate=  0.00% avg=   15.02 min=   13.30 max=  225.35 p50=   14.09 p95=   17.33 p99=   34.40 rps=  18.97
  s2s.crud.fetchFilms                           n=    2 err=   0 errRate=  0.00% avg=   31.78 min=   28.68 max=   34.89 p50=   31.78 p95=   34.58 p99=   34.83 rps=   0.03

2026-05-05T23:03:50.831Z  INFO 1 --- [lab8-additional-service] [   scheduling-1] r.h.l.a.o.ObservabilityService           : [lab8-additional-service] observability refresh
window 10s
  calc.additional.maxViewersSummary             n=  178 err=   0 errRate=  0.00% avg=   14.39 min=   13.40 max=   18.67 p50=   14.14 p95=   16.07 p99=   17.59 rps=  17.80
  controller.AnalyticsController.maxViewersSummary n=  178 err=   0 errRate=  0.00% avg=   14.52 min=   13.49 max=   18.83 p50=   14.28 p95=   16.17 p99=   17.79 rps=  17.80
  s2s.crud.fetchAllTickets                      n=  178 err=   0 errRate=  0.00% avg=   14.32 min=   13.37 max=   18.62 p50=   14.08 p95=   15.97 p99=   17.55 rps=  17.80
window 30s
  calc.additional.maxViewersSummary             n=  553 err=   0 errRate=  0.00% avg=   14.89 min=   13.33 max=   55.08 p50=   14.15 p95=   17.11 p99=   40.46 rps=  18.43
  controller.AnalyticsController.maxViewersSummary n=  553 err=   0 errRate=  0.00% avg=   15.03 min=   13.41 max=   55.22 p50=   14.27 p95=   17.31 p99=   40.64 rps=  18.43
  s2s.crud.fetchAllTickets                      n=  553 err=   0 errRate=  0.00% avg=   14.77 min=   13.30 max=   55.02 p50=   14.10 p95=   16.93 p99=   29.05 rps=  18.43
  s2s.crud.fetchFilms                           n=    1 err=   0 errRate=  0.00% avg=   34.89 min=   34.89 max=   34.89 p50=   34.89 p95=   34.89 p99=   34.89 rps=   0.03
window 1m
  calc.additional.maxViewersSummary             n= 1129 err=   0 errRate=  0.00% avg=   15.13 min=   13.33 max=  225.39 p50=   14.14 p95=   17.47 p99=   38.12 rps=  18.82
  controller.AnalyticsController.maxViewersSummary n= 1129 err=   0 errRate=  0.00% avg=   15.26 min=   13.41 max=  225.52 p50=   14.27 p95=   17.60 p99=   38.27 rps=  18.82
  s2s.crud.fetchAllTickets                      n= 1129 err=   0 errRate=  0.00% avg=   15.02 min=   13.30 max=  225.35 p50=   14.09 p95=   17.41 p99=   34.78 rps=  18.82
  s2s.crud.fetchFilms                           n=    2 err=   0 errRate=  0.00% avg=   31.78 min=   28.68 max=   34.89 p50=   31.78 p95=   34.58 p99=   34.83 rps=   0.03

2026-05-05T23:03:51.832Z  INFO 1 --- [lab8-additional-service] [   scheduling-1] r.h.l.a.o.ObservabilityService           : [lab8-additional-service] observability refresh
window 10s
  calc.additional.maxViewersSummary             n=  182 err=   0 errRate=  0.00% avg=   14.37 min=   13.40 max=   18.67 p50=   14.10 p95=   16.06 p99=   17.57 rps=  18.20
  controller.AnalyticsController.maxViewersSummary n=  182 err=   0 errRate=  0.00% avg=   14.50 min=   13.49 max=   18.83 p50=   14.23 p95=   16.16 p99=   17.78 rps=  18.20
  s2s.crud.fetchAllTickets                      n=  182 err=   0 errRate=  0.00% avg=   14.31 min=   13.37 max=   18.62 p50=   14.04 p95=   15.95 p99=   17.54 rps=  18.20
window 30s
  calc.additional.maxViewersSummary             n=  555 err=   0 errRate=  0.00% avg=   14.89 min=   13.33 max=   55.08 p50=   14.14 p95=   17.11 p99=   40.27 rps=  18.50
  controller.AnalyticsController.maxViewersSummary n=  555 err=   0 errRate=  0.00% avg=   15.02 min=   13.41 max=   55.22 p50=   14.26 p95=   17.30 p99=   40.46 rps=  18.50
  s2s.crud.fetchAllTickets                      n=  555 err=   0 errRate=  0.00% avg=   14.77 min=   13.30 max=   55.02 p50=   14.09 p95=   16.91 p99=   28.79 rps=  18.50
  s2s.crud.fetchFilms                           n=    1 err=   0 errRate=  0.00% avg=   34.89 min=   34.89 max=   34.89 p50=   34.89 p95=   34.89 p99=   34.89 rps=   0.03
window 1m
  calc.additional.maxViewersSummary             n= 1139 err=   0 errRate=  0.00% avg=   14.91 min=   13.33 max=   90.26 p50=   14.13 p95=   17.18 p99=   37.19 rps=  18.98
  controller.AnalyticsController.maxViewersSummary n= 1139 err=   0 errRate=  0.00% avg=   15.05 min=   13.41 max=   90.45 p50=   14.26 p95=   17.42 p99=   37.36 rps=  18.98
  s2s.crud.fetchAllTickets                      n= 1139 err=   0 errRate=  0.00% avg=   14.81 min=   13.30 max=   90.15 p50=   14.08 p95=   17.11 p99=   29.71 rps=  18.98
  s2s.crud.fetchFilms                           n=    2 err=   0 errRate=  0.00% avg=   31.78 min=   28.68 max=   34.89 p50=   31.78 p95=   34.58 p99=   34.83 rps=   0.03

2026-05-05T23:03:52.833Z  INFO 1 --- [lab8-additional-service] [   scheduling-1] r.h.l.a.o.ObservabilityService           : [lab8-additional-service] observability refresh
window 10s
  calc.additional.maxViewersSummary             n=  189 err=   0 errRate=  0.00% avg=   14.30 min=   13.40 max=   18.67 p50=   14.05 p95=   15.68 p99=   16.72 rps=  18.90
  controller.AnalyticsController.maxViewersSummary n=  189 err=   0 errRate=  0.00% avg=   14.44 min=   13.49 max=   18.83 p50=   14.19 p95=   15.85 p99=   16.83 rps=  18.90
  s2s.crud.fetchAllTickets                      n=  189 err=   0 errRate=  0.00% avg=   14.25 min=   13.37 max=   18.62 p50=   14.01 p95=   15.64 p99=   16.68 rps=  18.90
window 30s
  calc.additional.maxViewersSummary             n=  559 err=   0 errRate=  0.00% avg=   14.88 min=   13.33 max=   55.08 p50=   14.14 p95=   16.91 p99=   39.91 rps=  18.63
  controller.AnalyticsController.maxViewersSummary n=  559 err=   0 errRate=  0.00% avg=   15.02 min=   13.41 max=   55.22 p50=   14.26 p95=   17.15 p99=   40.09 rps=  18.63
  s2s.crud.fetchAllTickets                      n=  559 err=   0 errRate=  0.00% avg=   14.76 min=   13.30 max=   55.02 p50=   14.09 p95=   16.68 p99=   28.26 rps=  18.63
  s2s.crud.fetchFilms                           n=    1 err=   0 errRate=  0.00% avg=   34.89 min=   34.89 max=   34.89 p50=   34.89 p95=   34.89 p99=   34.89 rps=   0.03
window 1m
  calc.additional.maxViewersSummary             n= 1146 err=   0 errRate=  0.00% avg=   14.90 min=   13.33 max=   90.26 p50=   14.12 p95=   17.08 p99=   37.07 rps=  19.10
  controller.AnalyticsController.maxViewersSummary n= 1146 err=   0 errRate=  0.00% avg=   15.03 min=   13.41 max=   90.45 p50=   14.26 p95=   17.24 p99=   37.24 rps=  19.10
  s2s.crud.fetchAllTickets                      n= 1146 err=   0 errRate=  0.00% avg=   14.79 min=   13.30 max=   90.15 p50=   14.08 p95=   16.93 p99=   29.32 rps=  19.10
  s2s.crud.fetchFilms                           n=    2 err=   0 errRate=  0.00% avg=   31.78 min=   28.68 max=   34.89 p50=   31.78 p95=   34.58 p99=   34.83 rps=   0.03

2026-05-05T23:03:53.835Z  INFO 1 --- [lab8-additional-service] [   scheduling-1] r.h.l.a.o.ObservabilityService           : [lab8-additional-service] observability refresh
window 10s
  calc.additional.maxViewersSummary             n=  187 err=   0 errRate=  0.00% avg=   14.28 min=   13.40 max=   18.67 p50=   14.04 p95=   15.56 p99=   16.75 rps=  18.70
  controller.AnalyticsController.maxViewersSummary n=  187 err=   0 errRate=  0.00% avg=   14.41 min=   13.49 max=   18.83 p50=   14.18 p95=   15.68 p99=   16.85 rps=  18.70
  s2s.crud.fetchAllTickets                      n=  187 err=   0 errRate=  0.00% avg=   14.23 min=   13.37 max=   18.62 p50=   13.99 p95=   15.52 p99=   16.71 rps=  18.70
window 30s
  calc.additional.maxViewersSummary             n=  557 err=   0 errRate=  0.00% avg=   14.86 min=   13.33 max=   55.08 p50=   14.14 p95=   16.80 p99=   40.09 rps=  18.57
  controller.AnalyticsController.maxViewersSummary n=  557 err=   0 errRate=  0.00% avg=   15.00 min=   13.41 max=   55.22 p50=   14.26 p95=   17.09 p99=   40.27 rps=  18.57
  s2s.crud.fetchAllTickets                      n=  557 err=   0 errRate=  0.00% avg=   14.74 min=   13.30 max=   55.02 p50=   14.08 p95=   16.64 p99=   28.52 rps=  18.57
  s2s.crud.fetchFilms                           n=    1 err=   0 errRate=  0.00% avg=   34.89 min=   34.89 max=   34.89 p50=   34.89 p95=   34.89 p99=   34.89 rps=   0.03
window 1m
  calc.additional.maxViewersSummary             n= 1148 err=   0 errRate=  0.00% avg=   14.90 min=   13.33 max=   90.26 p50=   14.13 p95=   17.07 p99=   37.03 rps=  19.13
  controller.AnalyticsController.maxViewersSummary n= 1148 err=   0 errRate=  0.00% avg=   15.03 min=   13.41 max=   90.45 p50=   14.25 p95=   17.24 p99=   37.20 rps=  19.13
  s2s.crud.fetchAllTickets                      n= 1148 err=   0 errRate=  0.00% avg=   14.79 min=   13.30 max=   90.15 p50=   14.08 p95=   16.92 p99=   29.21 rps=  19.13
  s2s.crud.fetchFilms                           n=    2 err=   0 errRate=  0.00% avg=   31.78 min=   28.68 max=   34.89 p50=   31.78 p95=   34.58 p99=   34.83 rps=   0.03

2026-05-05T23:03:54.836Z  INFO 1 --- [lab8-additional-service] [   scheduling-1] r.h.l.a.o.ObservabilityService           : [lab8-additional-service] observability refresh
window 10s
  calc.additional.maxViewersSummary             n=  196 err=   0 errRate=  0.00% avg=   14.38 min=   13.40 max=   26.47 p50=   14.10 p95=   15.71 p99=   18.73 rps=  19.60
  controller.AnalyticsController.maxViewersSummary n=  196 err=   0 errRate=  0.00% avg=   14.52 min=   13.49 max=   26.64 p50=   14.23 p95=   15.89 p99=   18.90 rps=  19.60
  s2s.crud.fetchAllTickets                      n=  196 err=   0 errRate=  0.00% avg=   14.33 min=   13.37 max=   26.41 p50=   14.04 p95=   15.67 p99=   18.68 rps=  19.60
window 30s
  calc.additional.maxViewersSummary             n=  556 err=   0 errRate=  0.00% avg=   14.89 min=   13.33 max=   55.08 p50=   14.14 p95=   16.94 p99=   40.18 rps=  18.53
  controller.AnalyticsController.maxViewersSummary n=  556 err=   0 errRate=  0.00% avg=   15.03 min=   13.41 max=   55.22 p50=   14.27 p95=   17.17 p99=   40.37 rps=  18.53
  s2s.crud.fetchAllTickets                      n=  556 err=   0 errRate=  0.00% avg=   14.77 min=   13.30 max=   55.02 p50=   14.09 p95=   16.70 p99=   30.70 rps=  18.53
  s2s.crud.fetchFilms                           n=    1 err=   0 errRate=  0.00% avg=   34.89 min=   34.89 max=   34.89 p50=   34.89 p95=   34.89 p99=   34.89 rps=   0.03
window 1m
  calc.additional.maxViewersSummary             n= 1150 err=   0 errRate=  0.00% avg=   14.90 min=   13.33 max=   90.26 p50=   14.13 p95=   17.06 p99=   37.00 rps=  19.17
  controller.AnalyticsController.maxViewersSummary n= 1150 err=   0 errRate=  0.00% avg=   15.04 min=   13.41 max=   90.45 p50=   14.26 p95=   17.27 p99=   37.17 rps=  19.17
  s2s.crud.fetchAllTickets                      n= 1150 err=   0 errRate=  0.00% avg=   14.80 min=   13.30 max=   90.15 p50=   14.09 p95=   16.91 p99=   29.15 rps=  19.17
  s2s.crud.fetchFilms                           n=    2 err=   0 errRate=  0.00% avg=   31.78 min=   28.68 max=   34.89 p50=   31.78 p95=   34.58 p99=   34.83 rps=   0.03

2026-05-05T23:03:55.837Z  INFO 1 --- [lab8-additional-service] [   scheduling-1] r.h.l.a.o.ObservabilityService           : [lab8-additional-service] observability refresh
window 10s
  calc.additional.maxViewersSummary             n=  196 err=   0 errRate=  0.00% avg=   14.35 min=   13.40 max=   26.47 p50=   14.07 p95=   15.59 p99=   18.73 rps=  19.60
  controller.AnalyticsController.maxViewersSummary n=  196 err=   0 errRate=  0.00% avg=   14.48 min=   13.49 max=   26.64 p50=   14.22 p95=   15.74 p99=   18.90 rps=  19.60
  controller.ObservabilityController.getStats   n=    1 err=   0 errRate=  0.00% avg=   21.74 min=   21.74 max=   21.74 p50=   21.74 p95=   21.74 p99=   21.74 rps=   0.10
  s2s.crud.fetchAllTickets                      n=  196 err=   0 errRate=  0.00% avg=   14.30 min=   13.37 max=   26.41 p50=   14.02 p95=   15.55 p99=   18.68 rps=  19.60
window 30s
  calc.additional.maxViewersSummary             n=  553 err=   0 errRate=  0.00% avg=   14.88 min=   13.33 max=   55.08 p50=   14.14 p95=   16.82 p99=   40.46 rps=  18.43
  controller.AnalyticsController.maxViewersSummary n=  553 err=   0 errRate=  0.00% avg=   15.02 min=   13.41 max=   55.22 p50=   14.26 p95=   17.10 p99=   40.64 rps=  18.43
  controller.ObservabilityController.getStats   n=    1 err=   0 errRate=  0.00% avg=   21.74 min=   21.74 max=   21.74 p50=   21.74 p95=   21.74 p99=   21.74 rps=   0.03
  s2s.crud.fetchAllTickets                      n=  553 err=   0 errRate=  0.00% avg=   14.76 min=   13.30 max=   55.02 p50=   14.09 p95=   16.65 p99=   30.99 rps=  18.43
  s2s.crud.fetchFilms                           n=    1 err=   0 errRate=  0.00% avg=   34.89 min=   34.89 max=   34.89 p50=   34.89 p95=   34.89 p99=   34.89 rps=   0.03
window 1m
  calc.additional.maxViewersSummary             n= 1141 err=   0 errRate=  0.00% avg=   14.90 min=   13.33 max=   90.26 p50=   14.13 p95=   16.90 p99=   37.15 rps=  19.02
  controller.AnalyticsController.maxViewersSummary n= 1141 err=   0 errRate=  0.00% avg=   15.03 min=   13.41 max=   90.45 p50=   14.25 p95=   17.25 p99=   37.32 rps=  19.02
  controller.ObservabilityController.getStats   n=    1 err=   0 errRate=  0.00% avg=   21.74 min=   21.74 max=   21.74 p50=   21.74 p95=   21.74 p99=   21.74 rps=   0.02
  s2s.crud.fetchAllTickets                      n= 1141 err=   0 errRate=  0.00% avg=   14.79 min=   13.30 max=   90.15 p50=   14.08 p95=   16.84 p99=   29.63 rps=  19.02
  s2s.crud.fetchFilms                           n=    2 err=   0 errRate=  0.00% avg=   31.78 min=   28.68 max=   34.89 p50=   31.78 p95=   34.58 p99=   34.83 rps=   0.03

